seed,protocol,detector,calibration_policy,quantifier,contamination_mode,true_prevalence,prevalence_absolute_error,prevalence_error,false_positive_share,prevalence_decision_error,decision_regret
2026,P1,c2st_lr,oracle_target,acc,replace,0.05,0.032555399698340835,0.013020015082956233,0.8154744525547446,0.2,0.0
2026,P1,c2st_lr,oracle_target,acc,replace,0.1,0.04041321266968321,0.00486286576168927,0.6767263427109974,0.44,0.0007979282335344128
2026,P1,c2st_lr,oracle_target,cc,replace,0.05,0.008719999999999927,0.008499999999999928,0.8154744525547446,0.0,0.0
2026,P1,c2st_lr,oracle_target,cc,replace,0.1,0.035590000000000004,-0.035590000000000004,0.6767263427109974,1.0,0.00021004600500687298
2026,P1,c2st_lr,oracle_target,dys,replace,0.05,0.03516397672242412,0.00766218926237109,0.8154744525547446,0.17,0.0
2026,P1,c2st_lr,oracle_target,dys,replace,0.1,0.035935735190422514,0.008406195434734736,0.6767263427109974,0.38,0.0
2026,P1,c2st_lr,oracle_target,emq,replace,0.05,0.02613695856968512,0.0036811305772839757,0.8154744525547446,0.1,0.0
2026,P1,c2st_lr,oracle_target,emq,replace,0.1,0.02927146940856305,-0.003865971875213428,0.6767263427109974,0.55,0.00021004600500687298
2026,P1,c2st_lr,oracle_target,hdy,replace,0.05,0.027180295269016025,-0.0018333780368852382,0.8154744525547446,0.08,0.0
2026,P1,c2st_lr,oracle_target,hdy,replace,0.1,0.029997946172747553,-0.00603126891506125,0.6767263427109974,0.55,0.00021004600500687298
2026,P1,c2st_lr,oracle_target,kdey,replace,0.05,0.02863952865498885,-0.013113478131048472,0.8154744525547446,0.05,0.0
2026,P1,c2st_lr,oracle_target,kdey,replace,0.1,0.03320228527876134,-0.019007852716411183,0.6767263427109974,0.65,0.00021004600500687298
2026,P1,c2st_lr,oracle_target,median_sweep,replace,0.05,0.033886420745601956,-0.005400248747397708,0.8154744525547446,0.11,0.0
2026,P1,c2st_lr,oracle_target,median_sweep,replace,0.1,0.03327867365947776,-0.005908065519921369,0.6767263427109974,0.52,0.00020780431872072003
2026,P1,c2st_lr,oracle_target,pacc,replace,0.05,0.030029392869322078,-0.006563054358012368,0.8154744525547446,0.07,0.0
2026,P1,c2st_lr,oracle_target,pacc,replace,0.1,0.03132949647459975,-0.009134017852178353,0.6767263427109974,0.56,0.00020780431872072003
2026,P1,c2st_lr,oracle_target,pcc,replace,0.05,0.3936561309053257,0.3936561309053257,0.8154744525547446,1.0,0.0010192947542859401
2026,P1,c2st_lr,oracle_target,pcc,replace,0.1,0.3498092030068813,0.3498092030068813,0.6767263427109974,0.0,0.00076508752944312
2026,P1,c2st_lr,source_only,acc,replace,0.05,0.032555399698340835,0.013020015082956233,0.8154744525547446,0.2,0.0
2026,P1,c2st_lr,source_only,acc,replace,0.1,0.04041321266968321,0.00486286576168927,0.6767263427109974,0.44,0.0007979282335344128
2026,P1,c2st_lr,source_only,cc,replace,0.05,0.008719999999999927,0.008499999999999928,0.8154744525547446,0.0,0.0
2026,P1,c2st_lr,source_only,cc,replace,0.1,0.035590000000000004,-0.035590000000000004,0.6767263427109974,1.0,0.00021004600500687298
2026,P1,c2st_lr,source_only,dys,replace,0.05,0.03516397672242412,0.00766218926237109,0.8154744525547446,0.17,0.0
2026,P1,c2st_lr,source_only,dys,replace,0.1,0.035935735190422514,0.008406195434734736,0.6767263427109974,0.38,0.0
2026,P1,c2st_lr,source_only,emq,replace,0.05,0.02613695856968512,0.0036811305772839757,0.8154744525547446,0.1,0.0
2026,P1,c2st_lr,source_only,emq,replace,0.1,0.02927146940856305,-0.003865971875213428,0.6767263427109974,0.55,0.00021004600500687298
2026,P1,c2st_lr,source_only,hdy,replace,0.05,0.027180295269016025,-0.0018333780368852382,0.8154744525547446,0.08,0.0
2026,P1,c2st_lr,source_only,hdy,replace,0.1,0.029997946172747553,-0.00603126891506125,0.6767263427109974,0.55,0.00021004600500687298
2026,P1,c2st_lr,source_only,kdey,replace,0.05,0.02863952865498885,-0.013113478131048472,0.8154744525547446,0.05,0.0
2026,P1,c2st_lr,source_only,kdey,replace,0.1,0.03320228527876134,-0.019007852716411183,0.6767263427109974,0.65,0.00021004600500687298
2026,P1,c2st_lr,source_only,median_sweep,replace,0.05,0.033886420745601956,-0.005400248747397708,0.8154744525547446,0.11,0.0
2026,P1,c2st_lr,source_only,median_sweep,replace,0.1,0.03327867365947776,-0.005908065519921369,0.6767263427109974,0.52,0.00020780431872072003
2026,P1,c2st_lr,source_only,pacc,replace,0.05,0.030029392869322078,-0.006563054358012368,0.8154744525547446,0.07,0.0
2026,P1,c2st_lr,source_only,pacc,replace,0.1,0.03132949647459975,-0.009134017852178353,0.6767263427109974,0.56,0.00020780431872072003
2026,P1,c2st_lr,source_only,pcc,replace,0.05,0.3936561309053257,0.3936561309053257,0.8154744525547446,1.0,0.0010192947542859401
2026,P1,c2st_lr,source_only,pcc,replace,0.1,0.3498092030068813,0.3498092030068813,0.6767263427109974,0.0,0.00076508752944312
2026,P1,c2st_lr,target_real_anchor,acc,replace,0.05,0.03475083221476504,0.011987879194630824,0.8424056189640035,0.2,0.0
2026,P1,c2st_lr,target_real_anchor,acc,replace,0.1,0.0426100939597315,-0.0021506308724832724,0.7168769716088328,0.51,0.00115525302753742
2026,P1,c2st_lr,target_real_anchor,cc,replace,0.05,0.02283999999999994,0.02283999999999994,0.8424056189640035,0.0,0.0
2026,P1,c2st_lr,target_real_anchor,cc,replace,0.1,0.02129,-0.021230000000000002,0.7168769716088328,0.99,0.00017821405974431385
2026,P1,c2st_lr,target_real_anchor,dys,replace,0.05,0.03516397672242412,0.00766218926237109,0.8424056189640035,0.17,0.0
2026,P1,c2st_lr,target_real_anchor,dys,replace,0.1,0.035935735190422514,0.008406195434734736,0.7168769716088328,0.38,2.690023543302e-05
2026,P1,c2st_lr,target_real_anchor,emq,replace,0.05,0.02613695856968512,0.0036811305772839757,0.8424056189640035,0.1,0.0
2026,P1,c2st_lr,target_real_anchor,emq,replace,0.1,0.02927146940856305,-0.003865971875213428,0.7168769716088328,0.55,0.00017821405974431385
2026,P1,c2st_lr,target_real_anchor,hdy,replace,0.05,0.027180295269016025,-0.0018333780368852382,0.8424056189640035,0.08,0.0
2026,P1,c2st_lr,target_real_anchor,hdy,replace,0.1,0.029997946172747553,-0.00603126891506125,0.7168769716088328,0.55,0.00017821405974431385
2026,P1,c2st_lr,target_real_anchor,kdey,replace,0.05,0.02863952865498885,-0.013113478131048472,0.8424056189640035,0.05,0.0
2026,P1,c2st_lr,target_real_anchor,kdey,replace,0.1,0.03320228527876134,-0.019007852716411183,0.7168769716088328,0.65,0.00017821405974431385
2026,P1,c2st_lr,target_real_anchor,median_sweep,replace,0.05,0.033886420745601956,-0.005400248747397708,0.8424056189640035,0.11,0.0
2026,P1,c2st_lr,target_real_anchor,median_sweep,replace,0.1,0.03327867365947776,-0.005908065519921369,0.7168769716088328,0.52,0.00020511429517733386
2026,P1,c2st_lr,target_real_anchor,pacc,replace,0.05,0.030029392869322078,-0.006563054358012368,0.8424056189640035,0.07,0.0
2026,P1,c2st_lr,target_real_anchor,pacc,replace,0.1,0.03132949647459975,-0.009134017852178353,0.7168769716088328,0.56,0.00020511429517733386
2026,P1,c2st_lr,target_real_anchor,pcc,replace,0.05,0.3936561309053257,0.3936561309053257,0.8424056189640035,1.0,0.00071308040760582
2026,P1,c2st_lr,target_real_anchor,pcc,replace,0.1,0.3498092030068813,0.3498092030068813,0.7168769716088328,0.0,0.0011370953686199799
2026,P1,c2st_xgb,oracle_target,acc,replace,0.05,0.007392574867058446,-0.00136665267282395,0.5351107773188134,0.0,0.00015904764199822
2026,P1,c2st_xgb,oracle_target,acc,replace,0.1,0.007191819199552153,-0.0028780044780296454,0.35284892838473586,0.56,0.00120692389643182
2026,P1,c2st_xgb,oracle_target,cc,replace,0.05,0.03634999999999994,0.03634999999999994,0.5351107773188134,0.01,0.00015904764199822
2026,P1,c2st_xgb,oracle_target,cc,replace,0.1,0.022769999999999926,0.022769999999999926,0.35284892838473586,0.0,0.0006013323462440801
2026,P1,c2st_xgb,oracle_target,dys,replace,0.05,0.004534455872854345,0.000977809365253059,0.5351107773188134,0.0,0.00015904764199822
2026,P1,c2st_xgb,oracle_target,dys,replace,0.1,0.005398359090465682,6.522688087365179e-05,0.35284892838473586,0.5,0.00084702116319976
2026,P1,c2st_xgb,oracle_target,emq,replace,0.05,0.005378663249810415,-0.003744090144650408,0.5351107773188134,0.0,0.00015904764199822
2026,P1,c2st_xgb,oracle_target,emq,replace,0.1,0.005163060393976957,-0.0020033256685682214,0.35284892838473586,0.56,0.00103599531711732
2026,P1,c2st_xgb,oracle_target,hdy,replace,0.05,0.004696197293899303,0.0017083793227650728,0.5351107773188134,0.0,0.00015904764199822
2026,P1,c2st_xgb,oracle_target,hdy,replace,0.1,0.005171275147063931,0.0013780821162304605,0.35284892838473586,0.41,0.00084702116319976
2026,P1,c2st_xgb,oracle_target,kdey,replace,0.05,0.0056307978594422855,0.0037218982833296904,0.5351107773188134,0.0,0.00015904764199822
2026,P1,c2st_xgb,oracle_target,kdey,replace,0.1,0.006027997706722016,0.0042735016991300966,0.35284892838473586,0.21,0.0006013323462440801
2026,P1,c2st_xgb,oracle_target,median_sweep,replace,0.05,0.007834195232057141,0.004679008561685638,0.5351107773188134,0.0,0.00015904764199822
2026,P1,c2st_xgb,oracle_target,median_sweep,replace,0.1,0.006667152120006502,0.003949694137795174,0.35284892838473586,0.29,0.00079030650016164
2026,P1,c2st_xgb,oracle_target,pacc,replace,0.05,0.009803422520055106,0.007106390207216087,0.5351107773188134,0.0,0.00015904764199822
2026,P1,c2st_xgb,oracle_target,pacc,replace,0.1,0.008372971549713362,0.00625566997200897,0.35284892838473586,0.2,0.0006013323462440801
2026,P1,c2st_xgb,oracle_target,pcc,replace,0.05,0.16474642897496536,0.16474642897496536,0.5351107773188134,1.0,0.0014824271409925
2026,P1,c2st_xgb,oracle_target,pcc,replace,0.1,0.14641064819245939,0.14641064819245939,0.35284892838473586,0.0,0.0006013323462440801
2026,P1,c2st_xgb,source_only,acc,replace,0.05,0.007392574867058446,-0.00136665267282395,0.5351107773188134,0.0,0.00015904764199822
2026,P1,c2st_xgb,source_only,acc,replace,0.1,0.007191819199552153,-0.0028780044780296454,0.35284892838473586,0.56,0.00120692389643182
2026,P1,c2st_xgb,source_only,cc,replace,0.05,0.03634999999999994,0.03634999999999994,0.5351107773188134,0.01,0.00015904764199822
2026,P1,c2st_xgb,source_only,cc,replace,0.1,0.022769999999999926,0.022769999999999926,0.35284892838473586,0.0,0.0006013323462440801
2026,P1,c2st_xgb,source_only,dys,replace,0.05,0.004534455872854345,0.000977809365253059,0.5351107773188134,0.0,0.00015904764199822
2026,P1,c2st_xgb,source_only,dys,replace,0.1,0.005398359090465682,6.522688087365179e-05,0.35284892838473586,0.5,0.00084702116319976
2026,P1,c2st_xgb,source_only,emq,replace,0.05,0.005378663249810415,-0.003744090144650408,0.5351107773188134,0.0,0.00015904764199822
2026,P1,c2st_xgb,source_only,emq,replace,0.1,0.005163060393976957,-0.0020033256685682214,0.35284892838473586,0.56,0.00103599531711732
2026,P1,c2st_xgb,source_only,hdy,replace,0.05,0.004696197293899303,0.0017083793227650728,0.5351107773188134,0.0,0.00015904764199822
2026,P1,c2st_xgb,source_only,hdy,replace,0.1,0.005171275147063931,0.0013780821162304605,0.35284892838473586,0.41,0.00084702116319976
2026,P1,c2st_xgb,source_only,kdey,replace,0.05,0.0056307978594422855,0.0037218982833296904,0.5351107773188134,0.0,0.00015904764199822
2026,P1,c2st_xgb,source_only,kdey,replace,0.1,0.006027997706722016,0.0042735016991300966,0.35284892838473586,0.21,0.0006013323462440801
2026,P1,c2st_xgb,source_only,median_sweep,replace,0.05,0.007834195232057141,0.004679008561685638,0.5351107773188134,0.0,0.00015904764199822
2026,P1,c2st_xgb,source_only,median_sweep,replace,0.1,0.006667152120006502,0.003949694137795174,0.35284892838473586,0.29,0.00079030650016164
2026,P1,c2st_xgb,source_only,pacc,replace,0.05,0.009803422520055106,0.007106390207216087,0.5351107773188134,0.0,0.00015904764199822
2026,P1,c2st_xgb,source_only,pacc,replace,0.1,0.008372971549713362,0.00625566997200897,0.35284892838473586,0.2,0.0006013323462440801
2026,P1,c2st_xgb,source_only,pcc,replace,0.05,0.16474642897496536,0.16474642897496536,0.5351107773188134,1.0,0.0014824271409925
2026,P1,c2st_xgb,source_only,pcc,replace,0.1,0.14641064819245939,0.14641064819245939,0.35284892838473586,0.0,0.0006013323462440801
2026,P1,c2st_xgb,target_real_anchor,acc,replace,0.05,0.008467919444444402,0.002645075,0.6021438558334629,0.0,3.721199234912e-05
2026,P1,c2st_xgb,target_real_anchor,acc,replace,0.1,0.008457619444444384,0.0016157472222222094,0.4175574255173982,0.4,0.0006683587661982232
2026,P1,c2st_xgb,target_real_anchor,cc,replace,0.05,0.05710999999999996,0.05710999999999996,0.6021438558334629,0.84,0.0016882139420558201
2026,P1,c2st_xgb,target_real_anchor,cc,replace,0.1,0.04416999999999994,0.04416999999999994,0.4175574255173982,0.0,0.0005572832107223833
2026,P1,c2st_xgb,target_real_anchor,dys,replace,0.05,0.004534455872854345,0.000977809365253059,0.6021438558334629,0.0,3.721199234912e-05
2026,P1,c2st_xgb,target_real_anchor,dys,replace,0.1,0.005398359090465682,6.522688087365179e-05,0.4175574255173982,0.5,0.0007740542745874633
2026,P1,c2st_xgb,target_real_anchor,emq,replace,0.05,0.005378663249810415,-0.003744090144650408,0.6021438558334629,0.0,3.721199234912e-05
2026,P1,c2st_xgb,target_real_anchor,emq,replace,0.1,0.005163060393976957,-0.0020033256685682214,0.4175574255173982,0.56,0.0008851298300633033
2026,P1,c2st_xgb,target_real_anchor,hdy,replace,0.05,0.004696197293899303,0.0017083793227650728,0.6021438558334629,0.0,3.721199234912e-05
2026,P1,c2st_xgb,target_real_anchor,hdy,replace,0.1,0.005171275147063931,0.0013780821162304605,0.4175574255173982,0.41,0.0007740542745874633
2026,P1,c2st_xgb,target_real_anchor,kdey,replace,0.05,0.0056307978594422855,0.0037218982833296904,0.6021438558334629,0.0,3.721199234912e-05
2026,P1,c2st_xgb,target_real_anchor,kdey,replace,0.1,0.006027997706722016,0.0042735016991300966,0.4175574255173982,0.21,0.0005572832107223833
2026,P1,c2st_xgb,target_real_anchor,median_sweep,replace,0.05,0.007834195232057141,0.004679008561685638,0.6021438558334629,0.0,3.721199234912e-05
2026,P1,c2st_xgb,target_real_anchor,median_sweep,replace,0.1,0.006667152120006502,0.003949694137795174,0.4175574255173982,0.29,0.0006683587661982232
2026,P1,c2st_xgb,target_real_anchor,pacc,replace,0.05,0.009803422520055106,0.007106390207216087,0.6021438558334629,0.0,3.721199234912e-05
2026,P1,c2st_xgb,target_real_anchor,pacc,replace,0.1,0.008372971549713362,0.00625566997200897,0.4175574255173982,0.2,0.0005572832107223833
2026,P1,c2st_xgb,target_real_anchor,pcc,replace,0.05,0.16474642897496536,0.16474642897496536,0.6021438558334629,1.0,0.001898035778434
2026,P1,c2st_xgb,target_real_anchor,pcc,replace,0.1,0.14641064819245939,0.14641064819245939,0.4175574255173982,0.0,0.0005572832107223833
2026,P1,char3gram,oracle_target,acc,replace,0.05,0.01365745392491463,0.011595331058020453,0.6075168287210172,0.0,0.0
2026,P1,char3gram,oracle_target,acc,replace,0.1,0.014010324232081874,0.011324651877133092,0.4230346344145135,0.21,0.0006619699602828601
2026,P1,char3gram,oracle_target,cc,replace,0.05,0.037759999999999946,0.037759999999999946,0.6075168287210172,0.1,0.0
2026,P1,char3gram,oracle_target,cc,replace,0.1,0.01840999999999992,0.01838999999999992,0.4230346344145135,0.01,0.00051054405165738
2026,P1,char3gram,oracle_target,dys,replace,0.05,0.009760874116643777,0.006215320501606431,0.6075168287210172,0.01,0.0
2026,P1,char3gram,oracle_target,dys,replace,0.1,0.009332741295257973,0.004854968476733428,0.4230346344145135,0.29,0.00101839807977144
2026,P1,char3gram,oracle_target,emq,replace,0.05,0.011816929179273067,-0.009779171635660026,0.6075168287210172,0.0,0.0
2026,P1,char3gram,oracle_target,emq,replace,0.1,0.009813475464775574,-0.005853346105074204,0.4230346344145135,0.71,0.00101839807977144
2026,P1,char3gram,oracle_target,hdy,replace,0.05,0.008242177473136592,0.0061850501894809284,0.6075168287210172,0.0,0.0
2026,P1,char3gram,oracle_target,hdy,replace,0.1,0.009394807120931251,0.005874986563425737,0.4230346344145135,0.28,0.0006619699602828601
2026,P1,char3gram,oracle_target,kdey,replace,0.05,0.008249106630429258,0.0033299513645860656,0.6075168287210172,0.0,0.0
2026,P1,char3gram,oracle_target,kdey,replace,0.1,0.00886891148269953,0.004729229445437803,0.4230346344145135,0.33,0.00101839807977144
2026,P1,char3gram,oracle_target,median_sweep,replace,0.05,0.011932009786906072,0.007513672152500088,0.6075168287210172,0.0,0.0
2026,P1,char3gram,oracle_target,median_sweep,replace,0.1,0.01070126916076589,0.005850967240783181,0.4230346344145135,0.29,0.0006619699602828601
2026,P1,char3gram,oracle_target,pacc,replace,0.05,0.012479336267594614,0.006593680358424807,0.6075168287210172,0.0,0.0
2026,P1,char3gram,oracle_target,pacc,replace,0.1,0.010844208671550393,0.005406999426659209,0.4230346344145135,0.32,0.0006619699602828601
2026,P1,char3gram,oracle_target,pcc,replace,0.05,0.22577309546561067,0.22577309546561067,0.6075168287210172,1.0,0.0016045990435845001
2026,P1,char3gram,oracle_target,pcc,replace,0.1,0.20045227719849365,0.20045227719849365,0.4230346344145135,0.0,0.00051054405165738
2026,P1,char3gram,source_only,acc,replace,0.05,0.01365745392491463,0.011595331058020453,0.6075168287210172,0.0,0.0
2026,P1,char3gram,source_only,acc,replace,0.1,0.014010324232081874,0.011324651877133092,0.4230346344145135,0.21,0.0006619699602828601
2026,P1,char3gram,source_only,cc,replace,0.05,0.037759999999999946,0.037759999999999946,0.6075168287210172,0.1,0.0
2026,P1,char3gram,source_only,cc,replace,0.1,0.01840999999999992,0.01838999999999992,0.4230346344145135,0.01,0.00051054405165738
2026,P1,char3gram,source_only,dys,replace,0.05,0.009760874116643777,0.006215320501606431,0.6075168287210172,0.01,0.0
2026,P1,char3gram,source_only,dys,replace,0.1,0.009332741295257973,0.004854968476733428,0.4230346344145135,0.29,0.00101839807977144
2026,P1,char3gram,source_only,emq,replace,0.05,0.011816929179273067,-0.009779171635660026,0.6075168287210172,0.0,0.0
2026,P1,char3gram,source_only,emq,replace,0.1,0.009813475464775574,-0.005853346105074204,0.4230346344145135,0.71,0.00101839807977144
2026,P1,char3gram,source_only,hdy,replace,0.05,0.008242177473136592,0.0061850501894809284,0.6075168287210172,0.0,0.0
2026,P1,char3gram,source_only,hdy,replace,0.1,0.009394807120931251,0.005874986563425737,0.4230346344145135,0.28,0.0006619699602828601
2026,P1,char3gram,source_only,kdey,replace,0.05,0.008249106630429258,0.0033299513645860656,0.6075168287210172,0.0,0.0
2026,P1,char3gram,source_only,kdey,replace,0.1,0.00886891148269953,0.004729229445437803,0.4230346344145135,0.33,0.00101839807977144
2026,P1,char3gram,source_only,median_sweep,replace,0.05,0.011932009786906072,0.007513672152500088,0.6075168287210172,0.0,0.0
2026,P1,char3gram,source_only,median_sweep,replace,0.1,0.01070126916076589,0.005850967240783181,0.4230346344145135,0.29,0.0006619699602828601
2026,P1,char3gram,source_only,pacc,replace,0.05,0.012479336267594614,0.006593680358424807,0.6075168287210172,0.0,0.0
2026,P1,char3gram,source_only,pacc,replace,0.1,0.010844208671550393,0.005406999426659209,0.4230346344145135,0.32,0.0006619699602828601
2026,P1,char3gram,source_only,pcc,replace,0.05,0.22577309546561067,0.22577309546561067,0.6075168287210172,1.0,0.0016045990435845001
2026,P1,char3gram,source_only,pcc,replace,0.1,0.20045227719849365,0.20045227719849365,0.4230346344145135,0.0,0.00051054405165738
2026,P1,char3gram,target_real_anchor,acc,replace,0.05,0.014039483870967696,0.01203833616298809,0.6106390838566679,0.0,0.0
2026,P1,char3gram,target_real_anchor,acc,replace,0.1,0.014070668930390448,0.011627436332767381,0.4262384322264562,0.18,0.00070164780754668
2026,P1,char3gram,target_real_anchor,cc,replace,0.05,0.03969999999999995,0.03969999999999995,0.6106390838566679,0.11,0.0
2026,P1,char3gram,target_real_anchor,cc,replace,0.1,0.02039999999999993,0.02039999999999993,0.4262384322264562,0.0,0.00059348644424276
2026,P1,char3gram,target_real_anchor,dys,replace,0.05,0.009760874116643777,0.006215320501606431,0.6106390838566679,0.01,0.0
2026,P1,char3gram,target_real_anchor,dys,replace,0.1,0.009332741295257973,0.004854968476733428,0.4262384322264562,0.29,0.00106670641923676
2026,P1,char3gram,target_real_anchor,emq,replace,0.05,0.011816929179273067,-0.009779171635660026,0.6106390838566679,0.0,0.0
2026,P1,char3gram,target_real_anchor,emq,replace,0.1,0.009813475464775574,-0.005853346105074204,0.4262384322264562,0.71,0.00106670641923676
2026,P1,char3gram,target_real_anchor,hdy,replace,0.05,0.008242177473136592,0.0061850501894809284,0.6106390838566679,0.0,0.0
2026,P1,char3gram,target_real_anchor,hdy,replace,0.1,0.009394807120931251,0.005874986563425737,0.4262384322264562,0.28,0.00070164780754668
2026,P1,char3gram,target_real_anchor,kdey,replace,0.05,0.008249106630429258,0.0033299513645860656,0.6106390838566679,0.0,0.0
2026,P1,char3gram,target_real_anchor,kdey,replace,0.1,0.00886891148269953,0.004729229445437803,0.4262384322264562,0.33,0.00106670641923676
2026,P1,char3gram,target_real_anchor,median_sweep,replace,0.05,0.011932009786906072,0.007513672152500088,0.6106390838566679,0.0,0.0
2026,P1,char3gram,target_real_anchor,median_sweep,replace,0.1,0.01070126916076589,0.005850967240783181,0.4262384322264562,0.29,0.00070164780754668
2026,P1,char3gram,target_real_anchor,pacc,replace,0.05,0.012479336267594614,0.006593680358424807,0.6106390838566679,0.0,0.0
2026,P1,char3gram,target_real_anchor,pacc,replace,0.1,0.010844208671550393,0.005406999426659209,0.4262384322264562,0.32,0.00070164780754668
2026,P1,char3gram,target_real_anchor,pcc,replace,0.05,0.22577309546561067,0.22577309546561067,0.6106390838566679,1.0,0.00147256372133368
2026,P1,char3gram,target_real_anchor,pcc,replace,0.1,0.20045227719849365,0.20045227719849365,0.4262384322264562,0.0,0.00059348644424276
2026,P1,column_positional_ablation,oracle_target,acc,replace,0.05,0.008913603971962565,0.004431366822429876,0.5528545119705341,0.0,0.0
2026,P1,column_positional_ablation,oracle_target,acc,replace,0.1,0.008502809579439202,0.0033906775700934234,0.3693506493506494,0.35,0.0
2026,P1,column_positional_ablation,oracle_target,cc,replace,0.05,0.038999999999999944,0.038999999999999944,0.5528545119705341,0.09,0.0006274479914771
2026,P1,column_positional_ablation,oracle_target,cc,replace,0.1,0.024239999999999932,0.024239999999999932,0.3693506493506494,0.0,0.00011780061433402
2026,P1,column_positional_ablation,oracle_target,dys,replace,0.05,0.004887297433864446,0.0007550920821973239,0.5528545119705341,0.0,0.0
2026,P1,column_positional_ablation,oracle_target,dys,replace,0.1,0.0061864888689885334,0.00031483280840265284,0.3693506493506494,0.49,0.0
2026,P1,column_positional_ablation,oracle_target,emq,replace,0.05,0.008427774865872546,-0.007101814570348685,0.5528545119705341,0.0,0.0
2026,P1,column_positional_ablation,oracle_target,emq,replace,0.1,0.00654143936386887,-0.003110508735550847,0.3693506493506494,0.64,0.00021385687169316
2026,P1,column_positional_ablation,oracle_target,hdy,replace,0.05,0.005134950607125453,0.001393011746590464,0.5528545119705341,0.0,0.0
2026,P1,column_positional_ablation,oracle_target,hdy,replace,0.1,0.006004425540193573,0.001451692939796931,0.3693506493506494,0.41,0.0
2026,P1,column_positional_ablation,oracle_target,kdey,replace,0.05,0.007575632845173294,-0.005612858162434584,0.5528545119705341,0.0,0.0
2026,P1,column_positional_ablation,oracle_target,kdey,replace,0.1,0.006839802214867492,-0.004507009064443093,0.3693506493506494,0.68,0.00021385687169316
2026,P1,column_positional_ablation,oracle_target,median_sweep,replace,0.05,0.00796455623375581,0.004872995568426007,0.5528545119705341,0.0,0.0
2026,P1,column_positional_ablation,oracle_target,median_sweep,replace,0.1,0.00754770772686994,0.003938617195085849,0.3693506493506494,0.37,0.0
2026,P1,column_positional_ablation,oracle_target,pacc,replace,0.05,0.009401058944894397,0.006515434328581697,0.5528545119705341,0.0,0.0
2026,P1,column_positional_ablation,oracle_target,pacc,replace,0.1,0.008756663663059916,0.006055830407322625,0.3693506493506494,0.25,0.0
2026,P1,column_positional_ablation,oracle_target,pcc,replace,0.05,0.19230261889052894,0.19230261889052894,0.5528545119705341,1.0,0.0016304905201888597
2026,P1,column_positional_ablation,oracle_target,pcc,replace,0.1,0.17108607318566324,0.17108607318566324,0.3693506493506494,0.0,0.00011780061433402
2026,P1,column_positional_ablation,source_only,acc,replace,0.05,0.008913603971962565,0.004431366822429876,0.5528545119705341,0.0,0.0
2026,P1,column_positional_ablation,source_only,acc,replace,0.1,0.008502809579439202,0.0033906775700934234,0.3693506493506494,0.35,0.0
2026,P1,column_positional_ablation,source_only,cc,replace,0.05,0.038999999999999944,0.038999999999999944,0.5528545119705341,0.09,0.0006274479914771
2026,P1,column_positional_ablation,source_only,cc,replace,0.1,0.024239999999999932,0.024239999999999932,0.3693506493506494,0.0,0.00011780061433402
2026,P1,column_positional_ablation,source_only,dys,replace,0.05,0.004887297433864446,0.0007550920821973239,0.5528545119705341,0.0,0.0
2026,P1,column_positional_ablation,source_only,dys,replace,0.1,0.0061864888689885334,0.00031483280840265284,0.3693506493506494,0.49,0.0
2026,P1,column_positional_ablation,source_only,emq,replace,0.05,0.008427774865872546,-0.007101814570348685,0.5528545119705341,0.0,0.0
2026,P1,column_positional_ablation,source_only,emq,replace,0.1,0.00654143936386887,-0.003110508735550847,0.3693506493506494,0.64,0.00021385687169316
2026,P1,column_positional_ablation,source_only,hdy,replace,0.05,0.005134950607125453,0.001393011746590464,0.5528545119705341,0.0,0.0
2026,P1,column_positional_ablation,source_only,hdy,replace,0.1,0.006004425540193573,0.001451692939796931,0.3693506493506494,0.41,0.0
2026,P1,column_positional_ablation,source_only,kdey,replace,0.05,0.007575632845173294,-0.005612858162434584,0.5528545119705341,0.0,0.0
2026,P1,column_positional_ablation,source_only,kdey,replace,0.1,0.006839802214867492,-0.004507009064443093,0.3693506493506494,0.68,0.00021385687169316
2026,P1,column_positional_ablation,source_only,median_sweep,replace,0.05,0.00796455623375581,0.004872995568426007,0.5528545119705341,0.0,0.0
2026,P1,column_positional_ablation,source_only,median_sweep,replace,0.1,0.00754770772686994,0.003938617195085849,0.3693506493506494,0.37,0.0
2026,P1,column_positional_ablation,source_only,pacc,replace,0.05,0.009401058944894397,0.006515434328581697,0.5528545119705341,0.0,0.0
2026,P1,column_positional_ablation,source_only,pacc,replace,0.1,0.008756663663059916,0.006055830407322625,0.3693506493506494,0.25,0.0
2026,P1,column_positional_ablation,source_only,pcc,replace,0.05,0.19230261889052894,0.19230261889052894,0.5528545119705341,1.0,0.0016304905201888597
2026,P1,column_positional_ablation,source_only,pcc,replace,0.1,0.17108607318566324,0.17108607318566324,0.3693506493506494,0.0,0.00011780061433402
2026,P1,column_positional_ablation,target_real_anchor,acc,replace,0.05,0.008952866316403914,0.004775989492119065,0.5514882603068959,0.0,0.0
2026,P1,column_positional_ablation,target_real_anchor,acc,replace,0.1,0.008690180969060076,0.003762259194395775,0.3680646001562906,0.36,0.0
2026,P1,column_positional_ablation,target_real_anchor,cc,replace,0.05,0.03821999999999994,0.03821999999999994,0.5514882603068959,0.08,0.0006274479914771
2026,P1,column_positional_ablation,target_real_anchor,cc,replace,0.1,0.02349999999999993,0.02349999999999993,0.3680646001562906,0.0,9.47112455873e-05
2026,P1,column_positional_ablation,target_real_anchor,dys,replace,0.05,0.004887297433864446,0.0007550920821973239,0.5514882603068959,0.0,0.0
2026,P1,column_positional_ablation,target_real_anchor,dys,replace,0.1,0.0061864888689885334,0.00031483280840265284,0.3680646001562906,0.49,0.0
2026,P1,column_positional_ablation,target_real_anchor,emq,replace,0.05,0.008427774865872546,-0.007101814570348685,0.5514882603068959,0.0,0.0
2026,P1,column_positional_ablation,target_real_anchor,emq,replace,0.1,0.00654143936386887,-0.003110508735550847,0.3680646001562906,0.64,0.00021396895600743997
2026,P1,column_positional_ablation,target_real_anchor,hdy,replace,0.05,0.005134950607125453,0.001393011746590464,0.5514882603068959,0.0,0.0
2026,P1,column_positional_ablation,target_real_anchor,hdy,replace,0.1,0.006004425540193573,0.001451692939796931,0.3680646001562906,0.41,0.0
2026,P1,column_positional_ablation,target_real_anchor,kdey,replace,0.05,0.007575632845173294,-0.005612858162434584,0.5514882603068959,0.0,0.0
2026,P1,column_positional_ablation,target_real_anchor,kdey,replace,0.1,0.006839802214867492,-0.004507009064443093,0.3680646001562906,0.68,0.00021396895600743997
2026,P1,column_positional_ablation,target_real_anchor,median_sweep,replace,0.05,0.00796455623375581,0.004872995568426007,0.5514882603068959,0.0,0.0
2026,P1,column_positional_ablation,target_real_anchor,median_sweep,replace,0.1,0.00754770772686994,0.003938617195085849,0.3680646001562906,0.37,0.0
2026,P1,column_positional_ablation,target_real_anchor,pacc,replace,0.05,0.009401058944894397,0.006515434328581697,0.5514882603068959,0.0,0.0
2026,P1,column_positional_ablation,target_real_anchor,pacc,replace,0.1,0.008756663663059916,0.006055830407322625,0.3680646001562906,0.25,0.0
2026,P1,column_positional_ablation,target_real_anchor,pcc,replace,0.05,0.19230261889052894,0.19230261889052894,0.5514882603068959,1.0,0.0016162558122721799
2026,P1,column_positional_ablation,target_real_anchor,pcc,replace,0.1,0.17108607318566324,0.17108607318566324,0.3680646001562906,0.0,9.47112455873e-05
2026,P1,datum_transformer,oracle_target,acc,replace,0.05,0.01687069397427212,0.016070903859173955,0.6046424560089854,0.0,0.0
2026,P1,datum_transformer,oracle_target,acc,replace,0.1,0.015102139471902445,0.012819620853080518,0.4200988467874794,0.14,0.0014912818018225063
2026,P1,datum_transformer,oracle_target,cc,replace,0.05,0.040849999999999956,0.040849999999999956,0.6046424560089854,0.11,0.0
2026,P1,datum_transformer,oracle_target,cc,replace,0.1,0.019899999999999928,0.019879999999999926,0.4200988467874794,0.01,0.0014912818018225063
2026,P1,datum_transformer,oracle_target,dys,replace,0.05,0.007111919870074416,0.00435389656179585,0.6046424560089854,0.0,0.0
2026,P1,datum_transformer,oracle_target,dys,replace,0.1,0.008811875119850881,0.0032146551046075915,0.4200988467874794,0.37,0.0009764785462215663
2026,P1,datum_transformer,oracle_target,emq,replace,0.05,0.005893544334075137,0.000833564460887027,0.6046424560089854,0.0,0.0
2026,P1,datum_transformer,oracle_target,emq,replace,0.1,0.008345255327143012,0.0006364425964191344,0.4200988467874794,0.45,0.0009764785462215663
2026,P1,datum_transformer,oracle_target,hdy,replace,0.05,0.006401602006793633,0.003125067283970695,0.6046424560089854,0.0,0.0
2026,P1,datum_transformer,oracle_target,hdy,replace,0.1,0.008349324432947655,0.0018460165036136768,0.4200988467874794,0.39,0.0009764785462215663
2026,P1,datum_transformer,oracle_target,kdey,replace,0.05,0.048756366056703054,-0.048756366056703054,0.6046424560089854,0.0,0.0
2026,P1,datum_transformer,oracle_target,kdey,replace,0.1,0.0910194769035696,-0.0910194769035696,0.4200988467874794,1.0,0.0
2026,P1,datum_transformer,oracle_target,median_sweep,replace,0.05,0.00674657807081078,0.0034428530820522813,0.6046424560089854,0.0,0.0
2026,P1,datum_transformer,oracle_target,median_sweep,replace,0.1,0.008644421861268813,0.002488052581147449,0.4200988467874794,0.39,0.0009764785462215663
2026,P1,datum_transformer,oracle_target,pacc,replace,0.05,0.006754722851326167,0.0035896355386501834,0.6046424560089854,0.0,0.0
2026,P1,datum_transformer,oracle_target,pacc,replace,0.1,0.008676007502550596,0.002638200110576492,0.4200988467874794,0.39,0.0009764785462215663
2026,P1,datum_transformer,oracle_target,pcc,replace,0.05,0.26167368424454773,0.26167368424454773,0.6046424560089854,1.0,0.00243267795766684
2026,P1,datum_transformer,oracle_target,pcc,replace,0.1,0.23236734828212582,0.23236734828212582,0.4200988467874794,0.0,0.0014912818018225063
2026,P1,datum_transformer,source_only,acc,replace,0.05,0.01687069397427212,0.016070903859173955,0.6046424560089854,0.0,0.0
2026,P1,datum_transformer,source_only,acc,replace,0.1,0.015102139471902445,0.012819620853080518,0.4200988467874794,0.14,0.0014912818018225063
2026,P1,datum_transformer,source_only,cc,replace,0.05,0.040849999999999956,0.040849999999999956,0.6046424560089854,0.11,0.0
2026,P1,datum_transformer,source_only,cc,replace,0.1,0.019899999999999928,0.019879999999999926,0.4200988467874794,0.01,0.0014912818018225063
2026,P1,datum_transformer,source_only,dys,replace,0.05,0.007111919870074416,0.00435389656179585,0.6046424560089854,0.0,0.0
2026,P1,datum_transformer,source_only,dys,replace,0.1,0.008811875119850881,0.0032146551046075915,0.4200988467874794,0.37,0.0009764785462215663
2026,P1,datum_transformer,source_only,emq,replace,0.05,0.005893544334075137,0.000833564460887027,0.6046424560089854,0.0,0.0
2026,P1,datum_transformer,source_only,emq,replace,0.1,0.008345255327143012,0.0006364425964191344,0.4200988467874794,0.45,0.0009764785462215663
2026,P1,datum_transformer,source_only,hdy,replace,0.05,0.006401602006793633,0.003125067283970695,0.6046424560089854,0.0,0.0
2026,P1,datum_transformer,source_only,hdy,replace,0.1,0.008349324432947655,0.0018460165036136768,0.4200988467874794,0.39,0.0009764785462215663
2026,P1,datum_transformer,source_only,kdey,replace,0.05,0.048756366056703054,-0.048756366056703054,0.6046424560089854,0.0,0.0
2026,P1,datum_transformer,source_only,kdey,replace,0.1,0.0910194769035696,-0.0910194769035696,0.4200988467874794,1.0,0.0
2026,P1,datum_transformer,source_only,median_sweep,replace,0.05,0.00674657807081078,0.0034428530820522813,0.6046424560089854,0.0,0.0
2026,P1,datum_transformer,source_only,median_sweep,replace,0.1,0.008644421861268813,0.002488052581147449,0.4200988467874794,0.39,0.0009764785462215663
2026,P1,datum_transformer,source_only,pacc,replace,0.05,0.006754722851326167,0.0035896355386501834,0.6046424560089854,0.0,0.0
2026,P1,datum_transformer,source_only,pacc,replace,0.1,0.008676007502550596,0.002638200110576492,0.4200988467874794,0.39,0.0009764785462215663
2026,P1,datum_transformer,source_only,pcc,replace,0.05,0.26167368424454773,0.26167368424454773,0.6046424560089854,1.0,0.00243267795766684
2026,P1,datum_transformer,source_only,pcc,replace,0.1,0.23236734828212582,0.23236734828212582,0.4200988467874794,0.0,0.0014912818018225063
2026,P1,datum_transformer,target_real_anchor,acc,replace,0.05,0.016745309854385305,0.015948296647477083,0.6032312605673492,0.0,0.0
2026,P1,datum_transformer,target_real_anchor,acc,replace,0.1,0.014986654249915276,0.012583972231628795,0.4186622625928984,0.14,0.0014830996468782759
2026,P1,datum_transformer,target_real_anchor,cc,replace,0.05,0.04075999999999995,0.04075999999999995,0.6032312605673492,0.11,0.0
2026,P1,datum_transformer,target_real_anchor,cc,replace,0.1,0.019729999999999928,0.01970999999999993,0.4186622625928984,0.01,0.0014830996468782759
2026,P1,datum_transformer,target_real_anchor,dys,replace,0.05,0.007111919870074416,0.00435389656179585,0.6032312605673492,0.0,0.0
2026,P1,datum_transformer,target_real_anchor,dys,replace,0.1,0.008811875119850881,0.0032146551046075915,0.4186622625928984,0.37,0.0009682963912773356
2026,P1,datum_transformer,target_real_anchor,emq,replace,0.05,0.005893544334075137,0.000833564460887027,0.6032312605673492,0.0,0.0
2026,P1,datum_transformer,target_real_anchor,emq,replace,0.1,0.008345255327143012,0.0006364425964191344,0.4186622625928984,0.45,0.0009682963912773356
2026,P1,datum_transformer,target_real_anchor,hdy,replace,0.05,0.006401602006793633,0.003125067283970695,0.6032312605673492,0.0,0.0
2026,P1,datum_transformer,target_real_anchor,hdy,replace,0.1,0.008349324432947655,0.0018460165036136768,0.4186622625928984,0.39,0.0009682963912773356
2026,P1,datum_transformer,target_real_anchor,kdey,replace,0.05,0.048756366056703054,-0.048756366056703054,0.6032312605673492,0.0,0.0
2026,P1,datum_transformer,target_real_anchor,kdey,replace,0.1,0.0910194769035696,-0.0910194769035696,0.4186622625928984,1.0,0.0
2026,P1,datum_transformer,target_real_anchor,median_sweep,replace,0.05,0.00674657807081078,0.0034428530820522813,0.6032312605673492,0.0,0.0
2026,P1,datum_transformer,target_real_anchor,median_sweep,replace,0.1,0.008644421861268813,0.002488052581147449,0.4186622625928984,0.39,0.0009682963912773356
2026,P1,datum_transformer,target_real_anchor,pacc,replace,0.05,0.006754722851326167,0.0035896355386501834,0.6032312605673492,0.0,0.0
2026,P1,datum_transformer,target_real_anchor,pacc,replace,0.1,0.008676007502550596,0.002638200110576492,0.4186622625928984,0.39,0.0009682963912773356
2026,P1,datum_transformer,target_real_anchor,pcc,replace,0.05,0.26167368424454773,0.26167368424454773,0.6032312605673492,1.0,0.00243267795766684
2026,P1,datum_transformer,target_real_anchor,pcc,replace,0.1,0.23236734828212582,0.23236734828212582,0.4186622625928984,0.0,0.0014830996468782759
2026,P1,flat_transformer,oracle_target,acc,replace,0.05,0.008418654211526235,0.002433473717542729,0.5795053003533569,0.0,0.00033064872719858
2026,P1,flat_transformer,oracle_target,acc,replace,0.1,0.008559911336288735,0.0032420899303356255,0.394969226652395,0.41,9.04520416438e-05
2026,P1,flat_transformer,oracle_target,cc,replace,0.05,0.03462999999999995,0.03462999999999995,0.5795053003533569,0.0,0.00033064872719858
2026,P1,flat_transformer,oracle_target,cc,replace,0.1,0.01835999999999992,0.01835999999999992,0.394969226652395,0.0,0.00024333504635522
2026,P1,flat_transformer,oracle_target,dys,replace,0.05,0.010179830610665692,0.008417197383682967,0.5795053003533569,0.0,0.00033064872719858
2026,P1,flat_transformer,oracle_target,dys,replace,0.1,0.009961973946905017,0.007541343728587009,0.394969226652395,0.24,0.00024333504635522
2026,P1,flat_transformer,oracle_target,emq,replace,0.05,0.008730088336490874,0.004641702490633305,0.5795053003533569,0.0,0.00033064872719858
2026,P1,flat_transformer,oracle_target,emq,replace,0.1,0.009343171317151226,0.007255004409059182,0.394969226652395,0.23,9.04520416438e-05
2026,P1,flat_transformer,oracle_target,hdy,replace,0.05,0.0102564635801047,0.008782875677466521,0.5795053003533569,0.0,0.00033064872719858
2026,P1,flat_transformer,oracle_target,hdy,replace,0.1,0.009702555773235717,0.008189008074022938,0.394969226652395,0.18,0.00024333504635522
2026,P1,flat_transformer,oracle_target,kdey,replace,0.05,0.01526241021411753,-0.014744396899418229,0.5795053003533569,0.0,0.00033064872719858
2026,P1,flat_transformer,oracle_target,kdey,replace,0.1,0.014077465795961528,-0.01263391228374503,0.394969226652395,0.9,0.00062285253459062
2026,P1,flat_transformer,oracle_target,median_sweep,replace,0.05,0.009963268332310496,0.007077378304293003,0.5795053003533569,0.0,0.00033064872719858
2026,P1,flat_transformer,oracle_target,median_sweep,replace,0.1,0.00995537207097098,0.007695724945569122,0.394969226652395,0.21,9.04520416438e-05
2026,P1,flat_transformer,oracle_target,pacc,replace,0.05,0.011007677765795056,0.00799409872693369,0.5795053003533569,0.0,0.00033064872719858
2026,P1,flat_transformer,oracle_target,pacc,replace,0.1,0.010645847530032249,0.008345177280157807,0.394969226652395,0.23,0.0006219558600761801
2026,P1,flat_transformer,oracle_target,pcc,replace,0.05,0.2175641976303414,0.2175641976303414,0.5795053003533569,1.0,0.00097692688347886
2026,P1,flat_transformer,oracle_target,pcc,replace,0.1,0.19403765873222692,0.19403765873222692,0.394969226652395,0.0,0.00024333504635522
2026,P1,flat_transformer,source_only,acc,replace,0.05,0.008418654211526235,0.002433473717542729,0.5795053003533569,0.0,0.00033064872719858
2026,P1,flat_transformer,source_only,acc,replace,0.1,0.008559911336288735,0.0032420899303356255,0.394969226652395,0.41,9.04520416438e-05
2026,P1,flat_transformer,source_only,cc,replace,0.05,0.03462999999999995,0.03462999999999995,0.5795053003533569,0.0,0.00033064872719858
2026,P1,flat_transformer,source_only,cc,replace,0.1,0.01835999999999992,0.01835999999999992,0.394969226652395,0.0,0.00024333504635522
2026,P1,flat_transformer,source_only,dys,replace,0.05,0.010179830610665692,0.008417197383682967,0.5795053003533569,0.0,0.00033064872719858
2026,P1,flat_transformer,source_only,dys,replace,0.1,0.009961973946905017,0.007541343728587009,0.394969226652395,0.24,0.00024333504635522
2026,P1,flat_transformer,source_only,emq,replace,0.05,0.008730088336490874,0.004641702490633305,0.5795053003533569,0.0,0.00033064872719858
2026,P1,flat_transformer,source_only,emq,replace,0.1,0.009343171317151226,0.007255004409059182,0.394969226652395,0.23,9.04520416438e-05
2026,P1,flat_transformer,source_only,hdy,replace,0.05,0.0102564635801047,0.008782875677466521,0.5795053003533569,0.0,0.00033064872719858
2026,P1,flat_transformer,source_only,hdy,replace,0.1,0.009702555773235717,0.008189008074022938,0.394969226652395,0.18,0.00024333504635522
2026,P1,flat_transformer,source_only,kdey,replace,0.05,0.01526241021411753,-0.014744396899418229,0.5795053003533569,0.0,0.00033064872719858
2026,P1,flat_transformer,source_only,kdey,replace,0.1,0.014077465795961528,-0.01263391228374503,0.394969226652395,0.9,0.00062285253459062
2026,P1,flat_transformer,source_only,median_sweep,replace,0.05,0.009963268332310496,0.007077378304293003,0.5795053003533569,0.0,0.00033064872719858
2026,P1,flat_transformer,source_only,median_sweep,replace,0.1,0.00995537207097098,0.007695724945569122,0.394969226652395,0.21,9.04520416438e-05
2026,P1,flat_transformer,source_only,pacc,replace,0.05,0.011007677765795056,0.00799409872693369,0.5795053003533569,0.0,0.00033064872719858
2026,P1,flat_transformer,source_only,pacc,replace,0.1,0.010645847530032249,0.008345177280157807,0.394969226652395,0.23,0.0006219558600761801
2026,P1,flat_transformer,source_only,pcc,replace,0.05,0.2175641976303414,0.2175641976303414,0.5795053003533569,1.0,0.00097692688347886
2026,P1,flat_transformer,source_only,pcc,replace,0.1,0.19403765873222692,0.19403765873222692,0.394969226652395,0.0,0.00024333504635522
2026,P1,flat_transformer,target_real_anchor,acc,replace,0.05,0.00945114394661578,0.005997759771210654,0.5594861660079051,0.0,0.00036629153914744005
2026,P1,flat_transformer,target_real_anchor,acc,replace,0.1,0.009719771210676775,0.00653049253257065,0.3756302521008403,0.25,7.218229841214e-05
2026,P1,flat_transformer,target_real_anchor,cc,replace,0.05,0.030349999999999943,0.030349999999999943,0.5594861660079051,0.0,0.00036629153914744005
2026,P1,flat_transformer,target_real_anchor,cc,replace,0.1,0.01385999999999993,0.01377999999999993,0.3756302521008403,0.03,0.00035015139788748
2026,P1,flat_transformer,target_real_anchor,dys,replace,0.05,0.010179830610665692,0.008417197383682967,0.5594861660079051,0.0,0.00036629153914744005
2026,P1,flat_transformer,target_real_anchor,dys,replace,0.1,0.009961973946905017,0.007541343728587009,0.3756302521008403,0.24,0.00035015139788748
2026,P1,flat_transformer,target_real_anchor,emq,replace,0.05,0.008730088336490874,0.004641702490633305,0.5594861660079051,0.0,0.00036629153914744005
2026,P1,flat_transformer,target_real_anchor,emq,replace,0.1,0.009343171317151226,0.007255004409059182,0.3756302521008403,0.23,7.218229841214e-05
2026,P1,flat_transformer,target_real_anchor,hdy,replace,0.05,0.0102564635801047,0.008782875677466521,0.5594861660079051,0.0,0.00036629153914744005
2026,P1,flat_transformer,target_real_anchor,hdy,replace,0.1,0.009702555773235717,0.008189008074022938,0.3756302521008403,0.18,0.00035015139788748
2026,P1,flat_transformer,target_real_anchor,kdey,replace,0.05,0.01526241021411753,-0.014744396899418229,0.5594861660079051,0.0,0.00036629153914744005
2026,P1,flat_transformer,target_real_anchor,kdey,replace,0.1,0.014077465795961528,-0.01263391228374503,0.3756302521008403,0.9,0.00067104878974156
2026,P1,flat_transformer,target_real_anchor,median_sweep,replace,0.05,0.009963268332310496,0.007077378304293003,0.5594861660079051,0.0,0.00036629153914744005
2026,P1,flat_transformer,target_real_anchor,median_sweep,replace,0.1,0.00995537207097098,0.007695724945569122,0.3756302521008403,0.21,7.218229841214e-05
2026,P1,flat_transformer,target_real_anchor,pacc,replace,0.05,0.011007677765795056,0.00799409872693369,0.5594861660079051,0.0,0.00036629153914744005
2026,P1,flat_transformer,target_real_anchor,pacc,replace,0.1,0.010645847530032249,0.008345177280157807,0.3756302521008403,0.23,0.0006479594209948
2026,P1,flat_transformer,target_real_anchor,pcc,replace,0.05,0.2175641976303414,0.2175641976303414,0.5594861660079051,1.0,0.0009999041679113001
2026,P1,flat_transformer,target_real_anchor,pcc,replace,0.1,0.19403765873222692,0.19403765873222692,0.3756302521008403,0.0,0.00035015139788748
2026,P2,c2st_lr,oracle_target,acc,replace,0.05,0.13355475113122167,0.11615122171945697,0.9190217391304348,0.64,0.00044127594541716
2026,P2,c2st_lr,oracle_target,acc,replace,0.1,0.16704303167420811,0.1431873755656108,0.8431578947368421,0.2,0.00085957460640186
2026,P2,c2st_lr,oracle_target,cc,replace,0.05,0.00796999999999993,0.00714999999999993,0.9190217391304348,0.0,0.00026070811507239997
2026,P2,c2st_lr,oracle_target,cc,replace,0.1,0.03909,-0.03909,0.8431578947368421,1.0,1.5915972631219687e-05
2026,P2,c2st_lr,oracle_target,dys,replace,0.05,0.05169986869152737,0.011295995767483078,0.9190217391304348,0.26,0.00021038225794964
2026,P2,c2st_lr,oracle_target,dys,replace,0.1,0.061683114084870844,-0.0018577437632723815,0.8431578947368421,0.54,0.0003815350058927997
2026,P2,c2st_lr,oracle_target,emq,replace,0.05,0.04980676416321246,0.02914603302229248,0.9190217391304348,0.33,0.0006516582033668
2026,P2,c2st_lr,oracle_target,emq,replace,0.1,0.0560051245380464,0.02026096918634083,0.8431578947368421,0.4,0.00072395258609332
2026,P2,c2st_lr,oracle_target,hdy,replace,0.05,0.05218722591999095,0.026648721406866437,0.9190217391304348,0.33,0.00021038225794964
2026,P2,c2st_lr,oracle_target,hdy,replace,0.1,0.05934663309796842,0.021653320478659484,0.8431578947368421,0.37,0.00061534288553218
2026,P2,c2st_lr,oracle_target,kdey,replace,0.05,0.05136636694780094,0.02246490011848228,0.9190217391304348,0.33,0.00021038225794964
2026,P2,c2st_lr,oracle_target,kdey,replace,0.1,0.05654694857142368,0.01681639946970086,0.8431578947368421,0.38,0.00047972086522364
2026,P2,c2st_lr,oracle_target,pacc,replace,0.05,0.05160614676255866,0.02266484066596517,0.9190217391304348,0.33,0.00021038225794964
2026,P2,c2st_lr,oracle_target,pacc,replace,0.1,0.056765575005356006,0.017152530757003234,0.8431578947368421,0.39,0.00047972086522364
2026,P2,c2st_lr,oracle_target,pcc,replace,0.05,0.4276452630230294,0.4276452630230294,0.9190217391304348,1.0,0.0005301588066607
2026,P2,c2st_lr,oracle_target,pcc,replace,0.1,0.3802797057581106,0.3802797057581106,0.8431578947368421,0.0,0.00085957460640186
2026,P2,c2st_lr,source_only,acc,replace,0.05,0.03936819004524886,-0.033840588235294115,0.9911284599006387,0.02,0.0
2026,P2,c2st_lr,source_only,acc,replace,0.1,0.09014194570135746,-0.089929185520362,0.9814540059347181,0.98,0.00010804927898959999
2026,P2,c2st_lr,source_only,cc,replace,0.05,0.004359999999999961,-2.0000000000038928e-05,0.9911284599006387,0.0,0.0
2026,P2,c2st_lr,source_only,cc,replace,0.1,0.05315,-0.05315,0.9814540059347181,1.0,0.00010804927898959999
2026,P2,c2st_lr,source_only,dys,replace,0.05,0.04294406953588659,-0.03998039643154873,0.9911284599006387,0.02,0.0
2026,P2,c2st_lr,source_only,dys,replace,0.1,0.09598336815402941,-0.09598336815402941,0.9814540059347181,1.0,0.00010804927898959999
2026,P2,c2st_lr,source_only,emq,replace,0.05,0.04328839989196716,-0.04228728383926082,0.9911284599006387,0.0,0.0
2026,P2,c2st_lr,source_only,emq,replace,0.1,0.09801231609329024,-0.09801231609329024,0.9814540059347181,1.0,0.00010804927898959999
2026,P2,c2st_lr,source_only,hdy,replace,0.05,0.04420314609171391,-0.04355908514970171,0.9911284599006387,0.0,0.0
2026,P2,c2st_lr,source_only,hdy,replace,0.1,0.09847804122910223,-0.09847804122910223,0.9814540059347181,1.0,0.00010804927898959999
2026,P2,c2st_lr,source_only,kdey,replace,0.05,0.04749053698310547,-0.047032129564233936,0.9911284599006387,0.0,0.0
2026,P2,c2st_lr,source_only,kdey,replace,0.1,0.09970733377350582,-0.09970733377350582,0.9814540059347181,1.0,0.00010804927898959999
2026,P2,c2st_lr,source_only,median_sweep,replace,0.05,0.0447362934960547,-0.043606237203422535,0.9911284599006387,0.0,0.0
2026,P2,c2st_lr,source_only,median_sweep,replace,0.1,0.09859121347894625,-0.09859121347894625,0.9814540059347181,1.0,0.00010804927898959999
2026,P2,c2st_lr,source_only,pacc,replace,0.05,0.04621850254836026,-0.04554637735605579,0.9911284599006387,0.0,0.0
2026,P2,c2st_lr,source_only,pacc,replace,0.1,0.09945917956700023,-0.09945917956700023,0.9814540059347181,1.0,0.00010804927898959999
2026,P2,c2st_lr,source_only,pcc,replace,0.05,0.3845156001928445,0.3845156001928445,0.9911284599006387,1.0,0.00087403348294714
2026,P2,c2st_lr,source_only,pcc,replace,0.1,0.33113326342333205,0.33113326342333205,0.9814540059347181,0.0,0.00070893328797656
2026,P2,c2st_lr,target_real_anchor,acc,replace,0.05,0.04044808053691273,-0.03565602684563758,0.9896854048478596,0.0,0.0
2026,P2,c2st_lr,target_real_anchor,acc,replace,0.1,0.09201021476510068,-0.09190122147651007,0.9784714747039829,0.99,0.00016095307534138
2026,P2,c2st_lr,target_real_anchor,cc,replace,0.05,0.012889999999999931,0.01272999999999993,0.9896854048478596,0.0,0.0
2026,P2,c2st_lr,target_real_anchor,cc,replace,0.1,0.041589999999999995,-0.041589999999999995,0.9784714747039829,1.0,0.00016095307534138
2026,P2,c2st_lr,target_real_anchor,dys,replace,0.05,0.04294406953588659,-0.03998039643154873,0.9896854048478596,0.02,0.0
2026,P2,c2st_lr,target_real_anchor,dys,replace,0.1,0.09598336815402941,-0.09598336815402941,0.9784714747039829,1.0,0.00016095307534138
2026,P2,c2st_lr,target_real_anchor,emq,replace,0.05,0.04328839989196716,-0.04228728383926082,0.9896854048478596,0.0,0.0
2026,P2,c2st_lr,target_real_anchor,emq,replace,0.1,0.09801231609329024,-0.09801231609329024,0.9784714747039829,1.0,0.00016095307534138
2026,P2,c2st_lr,target_real_anchor,hdy,replace,0.05,0.04420314609171391,-0.04355908514970171,0.9896854048478596,0.0,0.0
2026,P2,c2st_lr,target_real_anchor,hdy,replace,0.1,0.09847804122910223,-0.09847804122910223,0.9784714747039829,1.0,0.00016095307534138
2026,P2,c2st_lr,target_real_anchor,kdey,replace,0.05,0.04749053698310547,-0.047032129564233936,0.9896854048478596,0.0,0.0
2026,P2,c2st_lr,target_real_anchor,kdey,replace,0.1,0.09970733377350582,-0.09970733377350582,0.9784714747039829,1.0,0.00016095307534138
2026,P2,c2st_lr,target_real_anchor,median_sweep,replace,0.05,0.0447362934960547,-0.043606237203422535,0.9896854048478596,0.0,0.0
2026,P2,c2st_lr,target_real_anchor,median_sweep,replace,0.1,0.09859121347894625,-0.09859121347894625,0.9784714747039829,1.0,0.00016095307534138
2026,P2,c2st_lr,target_real_anchor,pacc,replace,0.05,0.04621850254836026,-0.04554637735605579,0.9896854048478596,0.0,0.0
2026,P2,c2st_lr,target_real_anchor,pacc,replace,0.1,0.09945917956700023,-0.09945917956700023,0.9784714747039829,1.0,0.00016095307534138
2026,P2,c2st_lr,target_real_anchor,pcc,replace,0.05,0.3845156001928445,0.3845156001928445,0.9896854048478596,1.0,0.0009097883792104
2026,P2,c2st_lr,target_real_anchor,pcc,replace,0.1,0.33113326342333205,0.33113326342333205,0.9784714747039829,0.0,0.0007879527295612135
2026,P2,c2st_xgb,oracle_target,acc,replace,0.05,0.010784762741651974,-0.000988339191564151,0.6299734748010609,0.0,8.484782592856557e-05
2026,P2,c2st_xgb,oracle_target,acc,replace,0.1,0.01302113796133563,-0.001892587873462235,0.4464285714285714,0.5,0.000599090659958
2026,P2,c2st_xgb,oracle_target,cc,replace,0.05,0.022219999999999927,0.022219999999999927,0.6299734748010609,0.0,8.484782592856557e-05
2026,P2,c2st_xgb,oracle_target,cc,replace,0.1,0.007049999999999976,-0.004290000000000024,0.4464285714285714,0.71,0.0003184315369393
2026,P2,c2st_xgb,oracle_target,dys,replace,0.05,0.005760556968842763,-0.000543728131261317,0.6299734748010609,0.0,8.484782592856557e-05
2026,P2,c2st_xgb,oracle_target,dys,replace,0.1,0.00844814701957724,0.00017064373708317393,0.4464285714285714,0.54,0.00015445218511171997
2026,P2,c2st_xgb,oracle_target,emq,replace,0.05,0.04797135626766926,-0.04797135626766926,0.6299734748010609,0.0,8.484782592856557e-05
2026,P2,c2st_xgb,oracle_target,emq,replace,0.1,0.03566241223099672,-0.03564311081198386,0.4464285714285714,0.99,0.00015445218511171997
2026,P2,c2st_xgb,oracle_target,hdy,replace,0.05,0.005743714475078578,-0.00031064358958479894,0.6299734748010609,0.0,8.484782592856557e-05
2026,P2,c2st_xgb,oracle_target,hdy,replace,0.1,0.008126756480840021,0.0002577552927148393,0.4464285714285714,0.49,6.400014346794e-05
2026,P2,c2st_xgb,oracle_target,kdey,replace,0.05,0.005781811277007679,0.0011971963259959915,0.6299734748010609,0.0,8.484782592856557e-05
2026,P2,c2st_xgb,oracle_target,kdey,replace,0.1,0.008485203031531375,0.0005481056339666969,0.4464285714285714,0.48,0.00022797949529552
2026,P2,c2st_xgb,oracle_target,median_sweep,replace,0.05,0.009204003816632299,0.004549863796025776,0.6299734748010609,0.0,8.484782592856557e-05
2026,P2,c2st_xgb,oracle_target,median_sweep,replace,0.1,0.011255878482524422,0.004400184418551242,0.4464285714285714,0.36,0.00022797949529552
2026,P2,c2st_xgb,oracle_target,pacc,replace,0.05,0.015485858040643537,0.010804599954598941,0.6299734748010609,0.01,8.484782592856557e-05
2026,P2,c2st_xgb,oracle_target,pacc,replace,0.1,0.017828753631569,0.011640917290307425,0.4464285714285714,0.29,0.00022797949529552
2026,P2,c2st_xgb,oracle_target,pcc,replace,0.05,0.3293775689778926,0.3293775689778926,0.6299734748010609,1.0,0.00067631675251394
2026,P2,c2st_xgb,oracle_target,pcc,replace,0.1,0.29333947127952964,0.29333947127952964,0.4464285714285714,0.0,0.00062980176207744
2026,P2,c2st_xgb,source_only,acc,replace,0.05,0.020082325776658232,-0.019899381472152217,0.6296950950066283,0.0,9.022787301518558e-05
2026,P2,c2st_xgb,source_only,acc,replace,0.1,0.038718597816960486,-0.038718597816960486,0.4461335095836087,1.0,0.00015445218511171997
2026,P2,c2st_xgb,source_only,cc,replace,0.05,0.022429999999999933,0.022429999999999933,0.6296950950066283,0.0,9.022787301518558e-05
2026,P2,c2st_xgb,source_only,cc,replace,0.1,0.007009999999999976,-0.004150000000000024,0.4461335095836087,0.71,0.00045371730430500006
2026,P2,c2st_xgb,source_only,dys,replace,0.05,0.013212016120670782,-0.013024097337588636,0.6296950950066283,0.0,9.022787301518558e-05
2026,P2,c2st_xgb,source_only,dys,replace,0.1,0.026841304148378153,-0.026841304148378153,0.4461335095836087,1.0,0.00015445218511171997
2026,P2,c2st_xgb,source_only,emq,replace,0.05,0.018985821827292523,-0.018955590394793026,0.6296950950066283,0.0,9.022787301518558e-05
2026,P2,c2st_xgb,source_only,emq,replace,0.1,0.03199214973091507,-0.03199214973091507,0.4461335095836087,1.0,0.00015445218511171997
2026,P2,c2st_xgb,source_only,hdy,replace,0.05,0.013603493014684298,-0.013387726676220901,0.6296950950066283,0.0,9.022787301518558e-05
2026,P2,c2st_xgb,source_only,hdy,replace,0.1,0.028646756684118816,-0.028646756684118816,0.4461335095836087,1.0,0.00015445218511171997
2026,P2,c2st_xgb,source_only,kdey,replace,0.05,0.012631016430288885,-0.012320124781442909,0.6296950950066283,0.0,9.022787301518558e-05
2026,P2,c2st_xgb,source_only,kdey,replace,0.1,0.026666603632056435,-0.026666603632056435,0.4461335095836087,1.0,0.00015445218511171997
2026,P2,c2st_xgb,source_only,median_sweep,replace,0.05,0.01419843701031416,-0.01358630160741019,0.6296950950066283,0.0,9.022787301518558e-05
2026,P2,c2st_xgb,source_only,median_sweep,replace,0.1,0.031750195425733735,-0.031750195425733735,0.4461335095836087,1.0,0.00015445218511171997
2026,P2,c2st_xgb,source_only,pacc,replace,0.05,0.013029423414038097,-0.012112481240619002,0.6296950950066283,0.0,9.022787301518558e-05
2026,P2,c2st_xgb,source_only,pacc,replace,0.1,0.031141024285293518,-0.031141024285293518,0.4461335095836087,1.0,0.00015445218511171997
2026,P2,c2st_xgb,source_only,pcc,replace,0.05,0.15236475092089524,0.15236475092089524,0.6296950950066283,1.0,0.00070949370954812
2026,P2,c2st_xgb,source_only,pcc,replace,0.1,0.12231798334285031,0.12231798334285031,0.4461335095836087,0.0,0.0007650875294431401
2026,P2,c2st_xgb,target_real_anchor,acc,replace,0.05,0.017035036111111058,-0.016541491666666616,0.6947481627531816,0.0,0.0
2026,P2,c2st_xgb,target_real_anchor,acc,replace,0.1,0.035554922222222174,-0.035554922222222174,0.5187906188188754,1.0,0.00011398974764776
2026,P2,c2st_xgb,target_real_anchor,cc,replace,0.05,0.04258999999999995,0.04258999999999995,0.6947481627531816,0.18,0.0
2026,P2,c2st_xgb,target_real_anchor,cc,replace,0.1,0.016119999999999926,0.016039999999999926,0.5187906188188754,0.02,0.00100102501105426
2026,P2,c2st_xgb,target_real_anchor,dys,replace,0.05,0.013212016120670782,-0.013024097337588636,0.6947481627531816,0.0,0.0
2026,P2,c2st_xgb,target_real_anchor,dys,replace,0.1,0.026841304148378153,-0.026841304148378153,0.5187906188188754,1.0,0.00011398974764776
2026,P2,c2st_xgb,target_real_anchor,emq,replace,0.05,0.018985821827292523,-0.018955590394793026,0.6947481627531816,0.0,0.0
2026,P2,c2st_xgb,target_real_anchor,emq,replace,0.1,0.03199214973091507,-0.03199214973091507,0.5187906188188754,1.0,0.00011398974764776
2026,P2,c2st_xgb,target_real_anchor,hdy,replace,0.05,0.013603493014684298,-0.013387726676220901,0.6947481627531816,0.0,0.0
2026,P2,c2st_xgb,target_real_anchor,hdy,replace,0.1,0.028646756684118816,-0.028646756684118816,0.5187906188188754,1.0,0.00011398974764776
2026,P2,c2st_xgb,target_real_anchor,kdey,replace,0.05,0.012631016430288885,-0.012320124781442909,0.6947481627531816,0.0,0.0
2026,P2,c2st_xgb,target_real_anchor,kdey,replace,0.1,0.026666603632056435,-0.026666603632056435,0.5187906188188754,1.0,0.00011398974764776
2026,P2,c2st_xgb,target_real_anchor,median_sweep,replace,0.05,0.01419843701031416,-0.01358630160741019,0.6947481627531816,0.0,0.0
2026,P2,c2st_xgb,target_real_anchor,median_sweep,replace,0.1,0.031750195425733735,-0.031750195425733735,0.5187906188188754,1.0,0.00011398974764776
2026,P2,c2st_xgb,target_real_anchor,pacc,replace,0.05,0.013029423414038097,-0.012112481240619002,0.6947481627531816,0.0,0.0
2026,P2,c2st_xgb,target_real_anchor,pacc,replace,0.1,0.031141024285293518,-0.031141024285293518,0.5187906188188754,1.0,0.00011398974764776
2026,P2,c2st_xgb,target_real_anchor,pcc,replace,0.05,0.15236475092089524,0.15236475092089524,0.6947481627531816,1.0,0.0011622022550243799
2026,P2,c2st_xgb,target_real_anchor,pcc,replace,0.1,0.12231798334285031,0.12231798334285031,0.5187906188188754,0.0,0.00100102501105426
2026,P2,char3gram,oracle_target,acc,replace,0.05,0.022032250839865562,0.018181937290033555,0.7095435684647302,0.07,0.0
2026,P2,char3gram,oracle_target,acc,replace,0.1,0.021406517357222793,0.017403303471444528,0.5364238410596026,0.25,0.00047008161419342
2026,P2,char3gram,oracle_target,cc,replace,0.05,0.025419999999999936,0.025419999999999936,0.7095435684647302,0.0,0.0
2026,P2,char3gram,oracle_target,cc,replace,0.1,0.008139999999999988,-0.006100000000000012,0.5364238410596026,0.79,0.00013775162228032
2026,P2,char3gram,oracle_target,dys,replace,0.05,0.019000496831387933,0.013004217785546255,0.7095435684647302,0.06,0.0
2026,P2,char3gram,oracle_target,dys,replace,0.1,0.01909311378270073,0.010763526867877135,0.5364238410596026,0.34,0.00047008161419342
2026,P2,char3gram,oracle_target,emq,replace,0.05,0.0428364440412525,-0.042715363315150606,0.7095435684647302,0.0,0.0
2026,P2,char3gram,oracle_target,emq,replace,0.1,0.04106898888643833,-0.03781389508341181,0.5364238410596026,0.88,0.00013775162228032
2026,P2,char3gram,oracle_target,hdy,replace,0.05,0.01534650431919366,0.01167724332237035,0.7095435684647302,0.02,0.00022831574823846003
2026,P2,char3gram,oracle_target,hdy,replace,0.1,0.01715566095685833,0.00985498836809582,0.5364238410596026,0.31,0.00047008161419342
2026,P2,char3gram,oracle_target,kdey,replace,0.05,0.012232165220963664,0.0010722722885122761,0.7095435684647302,0.0,0.0
2026,P2,char3gram,oracle_target,kdey,replace,0.1,0.015504990126758114,0.0010025596814541731,0.5364238410596026,0.47,0.00047008161419342
2026,P2,char3gram,oracle_target,median_sweep,replace,0.05,0.019841855206815594,0.012867563334241695,0.7095435684647302,0.08,0.00022831574823846003
2026,P2,char3gram,oracle_target,median_sweep,replace,0.1,0.02195641289672209,0.009793505843046321,0.5364238410596026,0.35,0.00047008161419342
2026,P2,char3gram,oracle_target,pacc,replace,0.05,0.02305361385129204,0.010397273577707367,0.7095435684647302,0.06,0.0
2026,P2,char3gram,oracle_target,pacc,replace,0.1,0.025209065798730057,0.00916440594291457,0.5364238410596026,0.38,0.0003806383313784
2026,P2,char3gram,oracle_target,pcc,replace,0.05,0.3696326472350984,0.3696326472350984,0.7095435684647302,1.0,0.0014614673742176
2026,P2,char3gram,oracle_target,pcc,replace,0.1,0.3285695863638731,0.3285695863638731,0.5364238410596026,0.0,0.00047568582990863996
2026,P2,char3gram,source_only,acc,replace,0.05,0.012312576791808822,-0.008520447098976085,0.7095435684647302,0.0,0.0
2026,P2,char3gram,source_only,acc,replace,0.1,0.028866501706484592,-0.028484781569965825,0.5364238410596026,0.97,0.00013775162228032
2026,P2,char3gram,source_only,cc,replace,0.05,0.025369999999999938,0.025369999999999938,0.7095435684647302,0.0,0.0
2026,P2,char3gram,source_only,cc,replace,0.1,0.008169999999999988,-0.006130000000000012,0.5364238410596026,0.79,0.00013775162228032
2026,P2,char3gram,source_only,dys,replace,0.05,0.01931869184716194,-0.01733017801960677,0.7095435684647302,0.0,0.0
2026,P2,char3gram,source_only,dys,replace,0.1,0.040748905571208444,-0.040514913204928754,0.5364238410596026,0.98,0.00013775162228032
2026,P2,char3gram,source_only,emq,replace,0.05,0.03852681223206938,-0.03852681223206938,0.7095435684647302,0.0,0.0
2026,P2,char3gram,source_only,emq,replace,0.1,0.058362902410059064,-0.058362902410059064,0.5364238410596026,1.0,0.00013775162228032
2026,P2,char3gram,source_only,hdy,replace,0.05,0.019294729947120944,-0.019171910304056575,0.7095435684647302,0.0,0.0
2026,P2,char3gram,source_only,hdy,replace,0.1,0.04208098563748873,-0.04208098563748873,0.5364238410596026,1.0,0.00013775162228032
2026,P2,char3gram,source_only,kdey,replace,0.05,0.022447967619868822,-0.022306594555727033,0.7095435684647302,0.0,0.0
2026,P2,char3gram,source_only,kdey,replace,0.1,0.04243235025531928,-0.04243235025531928,0.5364238410596026,1.0,0.00013775162228032
2026,P2,char3gram,source_only,median_sweep,replace,0.05,0.015946135322307618,-0.013819624781247883,0.7095435684647302,0.0,0.0
2026,P2,char3gram,source_only,median_sweep,replace,0.1,0.03675522761936605,-0.03656347605236867,0.5364238410596026,0.99,0.00013775162228032
2026,P2,char3gram,source_only,pacc,replace,0.05,0.016713659777261775,-0.014766445537260777,0.7095435684647302,0.0,0.0
2026,P2,char3gram,source_only,pacc,replace,0.1,0.03745567858776211,-0.03726598054983502,0.5364238410596026,0.99,0.00013775162228032
2026,P2,char3gram,source_only,pcc,replace,0.05,0.21494954891819748,0.21494954891819748,0.7095435684647302,1.0,0.0014614673742176
2026,P2,char3gram,source_only,pcc,replace,0.1,0.17887754620240134,0.17887754620240134,0.5364238410596026,0.0,0.00047568582990863996
2026,P2,char3gram,target_real_anchor,acc,replace,0.05,0.01181352461799656,-0.00797498471986415,0.711120671112067,0.0,0.0
2026,P2,char3gram,target_real_anchor,acc,replace,0.1,0.028638112054329323,-0.028173066213921853,0.5383293227913372,0.97,0.00013719120070878
2026,P2,char3gram,target_real_anchor,cc,replace,0.05,0.027309999999999942,0.027309999999999942,0.711120671112067,0.0,0.0
2026,P2,char3gram,target_real_anchor,cc,replace,0.1,0.007259999999999984,-0.004240000000000016,0.5383293227913372,0.72,0.00013719120070878
2026,P2,char3gram,target_real_anchor,dys,replace,0.05,0.01931869184716194,-0.01733017801960677,0.711120671112067,0.0,0.0
2026,P2,char3gram,target_real_anchor,dys,replace,0.1,0.040748905571208444,-0.040514913204928754,0.5383293227913372,0.98,0.00013719120070878
2026,P2,char3gram,target_real_anchor,emq,replace,0.05,0.03852681223206938,-0.03852681223206938,0.711120671112067,0.0,0.0
2026,P2,char3gram,target_real_anchor,emq,replace,0.1,0.058362902410059064,-0.058362902410059064,0.5383293227913372,1.0,0.00013719120070878
2026,P2,char3gram,target_real_anchor,hdy,replace,0.05,0.019294729947120944,-0.019171910304056575,0.711120671112067,0.0,0.0
2026,P2,char3gram,target_real_anchor,hdy,replace,0.1,0.04208098563748873,-0.04208098563748873,0.5383293227913372,1.0,0.00013719120070878
2026,P2,char3gram,target_real_anchor,kdey,replace,0.05,0.022447967619868822,-0.022306594555727033,0.711120671112067,0.0,0.0
2026,P2,char3gram,target_real_anchor,kdey,replace,0.1,0.04243235025531928,-0.04243235025531928,0.5383293227913372,1.0,0.00013719120070878
2026,P2,char3gram,target_real_anchor,median_sweep,replace,0.05,0.015946135322307618,-0.013819624781247883,0.711120671112067,0.0,0.0
2026,P2,char3gram,target_real_anchor,median_sweep,replace,0.1,0.03675522761936605,-0.03656347605236867,0.5383293227913372,0.99,0.00013719120070878
2026,P2,char3gram,target_real_anchor,pacc,replace,0.05,0.016713659777261775,-0.014766445537260777,0.711120671112067,0.0,0.0
2026,P2,char3gram,target_real_anchor,pacc,replace,0.1,0.03745567858776211,-0.03726598054983502,0.5383293227913372,0.99,0.00013719120070878
2026,P2,char3gram,target_real_anchor,pcc,replace,0.05,0.21494954891819748,0.21494954891819748,0.711120671112067,1.0,0.00144106802901418
2026,P2,char3gram,target_real_anchor,pcc,replace,0.1,0.17887754620240134,0.17887754620240134,0.5383293227913372,0.0,0.00055268775383588
2026,P2,column_positional_ablation,oracle_target,acc,replace,0.05,0.012613173477898214,0.007803899082568805,0.6424377404332859,0.01,3.340112566278e-05
2026,P2,column_positional_ablation,oracle_target,acc,replace,0.1,0.01494319432860711,0.007972593828190117,0.4597736310798408,0.33,0.00031887987419658003
2026,P2,column_positional_ablation,oracle_target,cc,replace,0.05,0.028749999999999942,0.028749999999999942,0.6424377404332859,0.01,3.340112566278e-05
2026,P2,column_positional_ablation,oracle_target,cc,replace,0.1,0.00753999999999994,0.00403999999999994,0.4597736310798408,0.33,0.00031887987419658003
2026,P2,column_positional_ablation,oracle_target,dys,replace,0.05,0.007495028147704208,0.002245878736005172,0.6424377404332859,0.0,3.340112566278e-05
2026,P2,column_positional_ablation,oracle_target,dys,replace,0.1,0.008816983407184209,0.00026169858128348796,0.4597736310798408,0.52,0.00034959097631604
2026,P2,column_positional_ablation,oracle_target,emq,replace,0.05,0.03428659591503089,-0.03400395314685858,0.6424377404332859,0.0,3.340112566278e-05
2026,P2,column_positional_ablation,oracle_target,emq,replace,0.1,0.020729291209512266,-0.01970273079577507,0.4597736310798408,0.88,0.00028895336227726
2026,P2,column_positional_ablation,oracle_target,hdy,replace,0.05,0.007781464464899758,0.0035933298006176097,0.6424377404332859,0.0,3.340112566278e-05
2026,P2,column_positional_ablation,oracle_target,hdy,replace,0.1,0.00938733813104673,0.0028329173245530957,0.4597736310798408,0.37,0.00022136652075156003
2026,P2,column_positional_ablation,oracle_target,kdey,replace,0.05,0.008319082976125958,-0.0044584567556606005,0.6424377404332859,0.0,3.340112566278e-05
2026,P2,column_positional_ablation,oracle_target,kdey,replace,0.1,0.010046562312223313,-0.003588648878362375,0.4597736310798408,0.62,0.00012822445556448
2026,P2,column_positional_ablation,oracle_target,median_sweep,replace,0.05,0.011810630392080988,0.006390955372893606,0.6424377404332859,0.01,3.340112566278e-05
2026,P2,column_positional_ablation,oracle_target,median_sweep,replace,0.1,0.013360024732187701,0.0062498340512311115,0.4597736310798408,0.33,0.00031887987419658003
2026,P2,column_positional_ablation,oracle_target,pacc,replace,0.05,0.01336166646107479,0.007691388686829047,0.6424377404332859,0.01,3.340112566278e-05
2026,P2,column_positional_ablation,oracle_target,pacc,replace,0.1,0.014395858752237622,0.007797218633503785,0.4597736310798408,0.34,0.00031887987419658003
2026,P2,column_positional_ablation,oracle_target,pcc,replace,0.05,0.3155456219651706,0.3155456219651706,0.6424377404332859,1.0,0.00159989150238376
2026,P2,column_positional_ablation,oracle_target,pcc,replace,0.1,0.2807769120484371,0.2807769120484371,0.4597736310798408,0.0,0.00030195514273654
2026,P2,column_positional_ablation,source_only,acc,replace,0.05,0.011856735691688188,-0.010134095484613132,0.6424377404332859,0.0,3.340112566278e-05
2026,P2,column_positional_ablation,source_only,acc,replace,0.1,0.02554211676732811,-0.025534000575208472,0.4597736310798408,0.99,0.00028895336227726
2026,P2,column_positional_ablation,source_only,cc,replace,0.05,0.028749999999999942,0.028749999999999942,0.6424377404332859,0.01,3.340112566278e-05
2026,P2,column_positional_ablation,source_only,cc,replace,0.1,0.00753999999999994,0.00403999999999994,0.4597736310798408,0.33,0.00031887987419658003
2026,P2,column_positional_ablation,source_only,dys,replace,0.05,0.011915773594621726,-0.011529494106200295,0.6424377404332859,0.0,3.340112566278e-05
2026,P2,column_positional_ablation,source_only,dys,replace,0.1,0.0254700076776454,-0.0254700076776454,0.4597736310798408,1.0,0.00028895336227726
2026,P2,column_positional_ablation,source_only,emq,replace,0.05,0.02588306214096925,-0.025842818895766763,0.6424377404332859,0.0,3.340112566278e-05
2026,P2,column_positional_ablation,source_only,emq,replace,0.1,0.035135355318003374,-0.035135355318003374,0.4597736310798408,1.0,0.00028895336227726
2026,P2,column_positional_ablation,source_only,hdy,replace,0.05,0.011228224296027519,-0.010866213894726716,0.6424377404332859,0.0,3.340112566278e-05
2026,P2,column_positional_ablation,source_only,hdy,replace,0.1,0.024806095372518263,-0.024806095372518263,0.4597736310798408,1.0,0.00028895336227726
2026,P2,column_positional_ablation,source_only,kdey,replace,0.05,0.013682012135839876,-0.01325674849797242,0.6424377404332859,0.0,3.340112566278e-05
2026,P2,column_positional_ablation,source_only,kdey,replace,0.1,0.026011379750275898,-0.026011379750275898,0.4597736310798408,1.0,0.00028895336227726
2026,P2,column_positional_ablation,source_only,median_sweep,replace,0.05,0.013324954690065373,-0.012267044248060813,0.6424377404332859,0.0,3.340112566278e-05
2026,P2,column_positional_ablation,source_only,median_sweep,replace,0.1,0.028112129089320006,-0.028112129089320006,0.4597736310798408,1.0,0.00028895336227726
2026,P2,column_positional_ablation,source_only,pacc,replace,0.05,0.012746374455165067,-0.011550399733600815,0.6424377404332859,0.0,3.340112566278e-05
2026,P2,column_positional_ablation,source_only,pacc,replace,0.1,0.027681725458463435,-0.027681725458463435,0.4597736310798408,1.0,0.00028895336227726
2026,P2,column_positional_ablation,source_only,pcc,replace,0.05,0.1742561614823755,0.1742561614823755,0.6424377404332859,1.0,0.00159989150238376
2026,P2,column_positional_ablation,source_only,pcc,replace,0.1,0.14448752057956202,0.14448752057956202,0.4597736310798408,0.0,0.00030195514273654
2026,P2,column_positional_ablation,target_real_anchor,acc,replace,0.05,0.013479179856115058,-0.01223292374100716,0.6651609260304913,0.0,5.828384343820048e-06
2026,P2,column_positional_ablation,target_real_anchor,acc,replace,0.1,0.02739388776978412,-0.02739388776978412,0.48479582971329277,1.0,0.0006124286933603
2026,P2,column_positional_ablation,target_real_anchor,cc,replace,0.05,0.03686999999999995,0.03686999999999995,0.6651609260304913,0.05,0.0
2026,P2,column_positional_ablation,target_real_anchor,cc,replace,0.1,0.012899999999999927,0.012319999999999926,0.48479582971329277,0.06,0.0001759723734582
2026,P2,column_positional_ablation,target_real_anchor,dys,replace,0.05,0.011915773594621726,-0.011529494106200295,0.6651609260304913,0.0,5.828384343820048e-06
2026,P2,column_positional_ablation,target_real_anchor,dys,replace,0.1,0.0254700076776454,-0.0254700076776454,0.48479582971329277,1.0,0.0006124286933603
2026,P2,column_positional_ablation,target_real_anchor,emq,replace,0.05,0.02588306214096925,-0.025842818895766763,0.6651609260304913,0.0,5.828384343820048e-06
2026,P2,column_positional_ablation,target_real_anchor,emq,replace,0.1,0.035135355318003374,-0.035135355318003374,0.48479582971329277,1.0,0.0006124286933603
2026,P2,column_positional_ablation,target_real_anchor,hdy,replace,0.05,0.011228224296027519,-0.010866213894726716,0.6651609260304913,0.0,5.828384343820048e-06
2026,P2,column_positional_ablation,target_real_anchor,hdy,replace,0.1,0.024806095372518263,-0.024806095372518263,0.48479582971329277,1.0,0.0006124286933603
2026,P2,column_positional_ablation,target_real_anchor,kdey,replace,0.05,0.013682012135839876,-0.01325674849797242,0.6651609260304913,0.0,5.828384343820048e-06
2026,P2,column_positional_ablation,target_real_anchor,kdey,replace,0.1,0.026011379750275898,-0.026011379750275898,0.48479582971329277,1.0,0.0006124286933603
2026,P2,column_positional_ablation,target_real_anchor,median_sweep,replace,0.05,0.013324954690065373,-0.012267044248060813,0.6651609260304913,0.0,5.828384343820048e-06
2026,P2,column_positional_ablation,target_real_anchor,median_sweep,replace,0.1,0.028112129089320006,-0.028112129089320006,0.48479582971329277,1.0,0.0006124286933603
2026,P2,column_positional_ablation,target_real_anchor,pacc,replace,0.05,0.012746374455165067,-0.011550399733600815,0.6651609260304913,0.0,5.828384343820048e-06
2026,P2,column_positional_ablation,target_real_anchor,pacc,replace,0.1,0.027681725458463435,-0.027681725458463435,0.48479582971329277,1.0,0.0006124286933603
2026,P2,column_positional_ablation,target_real_anchor,pcc,replace,0.05,0.1742561614823755,0.1742561614823755,0.6651609260304913,1.0,0.00144745683492952
2026,P2,column_positional_ablation,target_real_anchor,pcc,replace,0.1,0.14448752057956202,0.14448752057956202,0.48479582971329277,0.0,0.0001759723734582
2026,P2,datum_transformer,oracle_target,acc,replace,0.05,0.015760294505494453,0.011585024175824146,0.6032465982334686,0.01,0.0002690023543309663
2026,P2,datum_transformer,oracle_target,acc,replace,0.1,0.015436857142857101,0.009259573626373606,0.4186778593913957,0.31,0.0004712024573365
2026,P2,datum_transformer,oracle_target,cc,replace,0.05,0.025489999999999947,0.025489999999999947,0.6032465982334686,0.01,0.0002690023543309663
2026,P2,datum_transformer,oracle_target,cc,replace,0.1,0.0064499999999999705,-0.0017100000000000299,0.4186778593913957,0.59,0.0004712024573365
2026,P2,datum_transformer,oracle_target,dys,replace,0.05,0.011106311283062886,0.008920732856975649,0.6032465982334686,0.0,0.0002690023543309663
2026,P2,datum_transformer,oracle_target,dys,replace,0.1,0.011587440319726599,0.007849040792773819,0.4186778593913957,0.25,0.00021811607563672
2026,P2,datum_transformer,oracle_target,emq,replace,0.05,0.008832992942928088,0.00044604740742930804,0.6032465982334686,0.0,0.0002690023543309663
2026,P2,datum_transformer,oracle_target,emq,replace,0.1,0.010368349886372173,0.000638561962468099,0.4186778593913957,0.49,0.0004712024573365
2026,P2,datum_transformer,oracle_target,hdy,replace,0.05,0.010908437946172894,0.008843498017939752,0.6032465982334686,0.0,0.0002690023543309663
2026,P2,datum_transformer,oracle_target,hdy,replace,0.1,0.011294711236841013,0.007446837808106188,0.4186778593913957,0.25,0.00021811607563672
2026,P2,datum_transformer,oracle_target,kdey,replace,0.05,0.04818669181254071,-0.04818669181254071,0.6032465982334686,0.0,0.0002690023543309663
2026,P2,datum_transformer,oracle_target,kdey,replace,0.1,0.09137907425444819,-0.09137907425444819,0.4186778593913957,1.0,0.00028985003679166
2026,P2,datum_transformer,oracle_target,median_sweep,replace,0.05,0.009628198993573674,0.005085036777124197,0.6032465982334686,0.0,0.0002690023543309663
2026,P2,datum_transformer,oracle_target,median_sweep,replace,0.1,0.010558496508456632,0.003145231070834918,0.4186778593913957,0.41,0.0004712024573365
2026,P2,datum_transformer,oracle_target,pacc,replace,0.05,0.01020608037035255,0.0062632759357133735,0.6032465982334686,0.0,0.0002690023543309663
2026,P2,datum_transformer,oracle_target,pacc,replace,0.1,0.010819653943823337,0.004205096621296075,0.4186778593913957,0.39,0.0004712024573365
2026,P2,datum_transformer,oracle_target,pcc,replace,0.05,0.317580700773027,0.317580700773027,0.6032465982334686,1.0,0.00043107627281547997
2026,P2,datum_transformer,oracle_target,pcc,replace,0.1,0.2818889819049854,0.2818889819049854,0.4186778593913957,0.0,0.00049675768099798
2026,P2,datum_transformer,source_only,acc,replace,0.05,0.010250352064996564,-0.0027843060257278242,0.6188073394495412,0.0,0.00020914933049238
2026,P2,datum_transformer,source_only,acc,replace,0.1,0.017644546377792784,-0.016277471225456985,0.4346938775510204,0.87,0.00025958727192948005
2026,P2,datum_transformer,source_only,cc,replace,0.05,0.027879999999999946,0.027879999999999946,0.6188073394495412,0.01,0.00020914933049238
2026,P2,datum_transformer,source_only,cc,replace,0.1,0.006289999999999961,0.0005499999999999611,0.4346938775510204,0.43,0.00043712882578796
2026,P2,datum_transformer,source_only,dys,replace,0.05,0.009098598248580279,-0.00530837725637132,0.6188073394495412,0.0,0.00020914933049238
2026,P2,datum_transformer,source_only,dys,replace,0.1,0.01932454060295699,-0.018861549538921683,0.4346938775510204,0.93,0.00025958727192948005
2026,P2,datum_transformer,source_only,emq,replace,0.05,0.01092169793006599,-0.009516999106970661,0.6188073394495412,0.0,0.00020914933049238
2026,P2,datum_transformer,source_only,emq,replace,0.1,0.021041623386369217,-0.02069979765470981,0.4346938775510204,0.96,0.00025958727192948005
2026,P2,datum_transformer,source_only,hdy,replace,0.05,0.008298166243528386,-0.005976960781249566,0.6188073394495412,0.0,0.00020914933049238
2026,P2,datum_transformer,source_only,hdy,replace,0.1,0.019220902096110545,-0.01873999156906101,0.4346938775510204,0.95,0.00025958727192948005
2026,P2,datum_transformer,source_only,kdey,replace,0.05,0.047212462935532266,-0.047212462935532266,0.6188073394495412,0.0,0.00020914933049238
2026,P2,datum_transformer,source_only,kdey,replace,0.1,0.0839710440732257,-0.0839710440732257,0.4346938775510204,1.0,0.00025958727192948005
2026,P2,datum_transformer,source_only,median_sweep,replace,0.05,0.009607603602320292,-0.007434157902163499,0.6188073394495412,0.0,0.00020914933049238
2026,P2,datum_transformer,source_only,median_sweep,replace,0.1,0.020567793389584497,-0.020217651397080573,0.4346938775510204,0.96,0.00025958727192948005
2026,P2,datum_transformer,source_only,pacc,replace,0.05,0.008988967094426576,-0.006493370446071883,0.6188073394495412,0.0,0.00020914933049238
2026,P2,datum_transformer,source_only,pacc,replace,0.1,0.019752554922495346,-0.019349657688388283,0.4346938775510204,0.96,0.00025958727192948005
2026,P2,datum_transformer,source_only,pcc,replace,0.05,0.25070833779396934,0.25070833779396934,0.6188073394495412,1.0,0.00056176658329464
2026,P2,datum_transformer,source_only,pcc,replace,0.1,0.21692304115389288,0.21692304115389288,0.4346938775510204,0.0,0.00043062793555824
2026,P2,datum_transformer,target_real_anchor,acc,replace,0.05,0.009799530246704914,-0.002700888813788426,0.6068133427963094,0.0,0.00022697073646677418
2026,P2,datum_transformer,target_real_anchor,acc,replace,0.1,0.017436056100033754,-0.01604674890165594,0.4223149113660062,0.87,0.00026250146410138
2026,P2,datum_transformer,target_real_anchor,cc,replace,0.05,0.026509999999999943,0.026509999999999943,0.6068133427963094,0.01,0.00022697073646677418
2026,P2,datum_transformer,target_real_anchor,cc,replace,0.1,0.006309999999999967,-0.0006900000000000329,0.4223149113660062,0.54,0.00044385388464621996
2026,P2,datum_transformer,target_real_anchor,dys,replace,0.05,0.009098598248580279,-0.00530837725637132,0.6068133427963094,0.0,0.00022697073646677418
2026,P2,datum_transformer,target_real_anchor,dys,replace,0.1,0.01932454060295699,-0.018861549538921683,0.4223149113660062,0.93,0.00026250146410138
2026,P2,datum_transformer,target_real_anchor,emq,replace,0.05,0.01092169793006599,-0.009516999106970661,0.6068133427963094,0.0,0.00022697073646677418
2026,P2,datum_transformer,target_real_anchor,emq,replace,0.1,0.021041623386369217,-0.02069979765470981,0.4223149113660062,0.96,0.00026250146410138
2026,P2,datum_transformer,target_real_anchor,hdy,replace,0.05,0.008298166243528386,-0.005976960781249566,0.6068133427963094,0.0,0.00022697073646677418
2026,P2,datum_transformer,target_real_anchor,hdy,replace,0.1,0.019220902096110545,-0.01873999156906101,0.4223149113660062,0.95,0.00026250146410138
2026,P2,datum_transformer,target_real_anchor,kdey,replace,0.05,0.047212462935532266,-0.047212462935532266,0.6068133427963094,0.0,0.00022697073646677418
2026,P2,datum_transformer,target_real_anchor,kdey,replace,0.1,0.0839710440732257,-0.0839710440732257,0.4223149113660062,1.0,0.00026250146410138
2026,P2,datum_transformer,target_real_anchor,median_sweep,replace,0.05,0.009607603602320292,-0.007434157902163499,0.6068133427963094,0.0,0.00022697073646677418
2026,P2,datum_transformer,target_real_anchor,median_sweep,replace,0.1,0.020567793389584497,-0.020217651397080573,0.4223149113660062,0.96,0.00026250146410138
2026,P2,datum_transformer,target_real_anchor,pacc,replace,0.05,0.008988967094426576,-0.006493370446071883,0.6068133427963094,0.0,0.00022697073646677418
2026,P2,datum_transformer,target_real_anchor,pacc,replace,0.1,0.019752554922495346,-0.019349657688388283,0.4223149113660062,0.96,0.00026250146410138
2026,P2,datum_transformer,target_real_anchor,pcc,replace,0.05,0.25070833779396934,0.25070833779396934,0.6068133427963094,1.0,0.00045741608667702
2026,P2,datum_transformer,target_real_anchor,pcc,replace,0.1,0.21692304115389288,0.21692304115389288,0.4223149113660062,0.0,0.00048532508093888
2026,P2,flat_transformer,oracle_target,acc,replace,0.05,0.013189793911006975,0.007148875878220122,0.6924576106022218,0.0,0.0
2026,P2,flat_transformer,oracle_target,acc,replace,0.1,0.015643531615925015,0.008640337236533948,0.516099356025759,0.36,0.0004109010962406
2026,P2,flat_transformer,oracle_target,cc,replace,0.05,0.025049999999999937,0.025049999999999937,0.6924576106022218,0.0,0.0
2026,P2,flat_transformer,oracle_target,cc,replace,0.1,0.006699999999999963,-0.001840000000000037,0.516099356025759,0.55,0.0004109010962406
2026,P2,flat_transformer,oracle_target,dys,replace,0.05,0.008790742424412894,0.0037310079269024443,0.6924576106022218,0.0,0.0
2026,P2,flat_transformer,oracle_target,dys,replace,0.1,0.010599969746168758,0.0044760925235597885,0.516099356025759,0.41,0.00022562572469514002
2026,P2,flat_transformer,oracle_target,emq,replace,0.05,0.04643139970369057,-0.04643139970369057,0.6924576106022218,0.0,0.0
2026,P2,flat_transformer,oracle_target,emq,replace,0.1,0.03640687945469516,-0.03562876383486729,0.516099356025759,0.97,0.00026799359550226003
2026,P2,flat_transformer,oracle_target,hdy,replace,0.05,0.008711396691822342,0.003810082034797831,0.6924576106022218,0.0,0.0
2026,P2,flat_transformer,oracle_target,hdy,replace,0.1,0.01030852613500154,0.00452176082995457,0.516099356025759,0.37,0.00022562572469514002
2026,P2,flat_transformer,oracle_target,kdey,replace,0.05,0.021243326357947883,-0.02115270740947577,0.6924576106022218,0.0,0.0
2026,P2,flat_transformer,oracle_target,kdey,replace,0.1,0.018272899800654874,-0.017626180170371045,0.516099356025759,0.93,0.00026799359550226003
2026,P2,flat_transformer,oracle_target,median_sweep,replace,0.05,0.01455951115198962,0.008328668499161761,0.6924576106022218,0.0,0.0
2026,P2,flat_transformer,oracle_target,median_sweep,replace,0.1,0.01734490213214902,0.008575001304460806,0.516099356025759,0.38,0.00035340184300232
2026,P2,flat_transformer,oracle_target,pacc,replace,0.05,0.020025738145158078,0.01380392599670135,0.6924576106022218,0.02,0.0
2026,P2,flat_transformer,oracle_target,pacc,replace,0.1,0.022734062238926076,0.01442027509872811,0.516099356025759,0.26,0.00025633682681454
2026,P2,flat_transformer,oracle_target,pcc,replace,0.05,0.35871844213687404,0.35871844213687404,0.6924576106022218,1.0,0.00072305591157892
2026,P2,flat_transformer,oracle_target,pcc,replace,0.1,0.3193049714243195,0.3193049714243195,0.516099356025759,0.0,0.00018527537154546
2026,P2,flat_transformer,source_only,acc,replace,0.05,0.012628875702685784,-0.011642885696439693,0.6933229813664596,0.0,0.0
2026,P2,flat_transformer,source_only,acc,replace,0.1,0.027469362898188607,-0.02744359150530916,0.5171149144254278,0.99,0.00021329645012159999
2026,P2,flat_transformer,source_only,cc,replace,0.05,0.025639999999999937,0.025639999999999937,0.6933229813664596,0.0,0.0
2026,P2,flat_transformer,source_only,cc,replace,0.1,0.006659999999999961,-0.0013400000000000389,0.5171149144254278,0.54,0.00034185715862896
2026,P2,flat_transformer,source_only,dys,replace,0.05,0.009592574686364402,-0.00890669958378075,0.6933229813664596,0.0,0.0
2026,P2,flat_transformer,source_only,dys,replace,0.1,0.01977568397898837,-0.019673598551135277,0.5171149144254278,0.99,0.00021329645012159999
2026,P2,flat_transformer,source_only,emq,replace,0.05,0.031884901700209786,-0.031884901700209786,0.6933229813664596,0.0,0.0
2026,P2,flat_transformer,source_only,emq,replace,0.1,0.04085302446731509,-0.04085302446731509,0.5171149144254278,1.0,0.00021329645012159999
2026,P2,flat_transformer,source_only,hdy,replace,0.05,0.009632374405732537,-0.009206671014754727,0.6933229813664596,0.0,0.0
2026,P2,flat_transformer,source_only,hdy,replace,0.1,0.021242430634322698,-0.021242430634322698,0.5171149144254278,1.0,0.00021329645012159999
2026,P2,flat_transformer,source_only,kdey,replace,0.05,0.018995764261842553,-0.01898926351580722,0.6933229813664596,0.0,0.0
2026,P2,flat_transformer,source_only,kdey,replace,0.1,0.030288935407710584,-0.030288935407710584,0.5171149144254278,1.0,0.00021329645012159999
2026,P2,flat_transformer,source_only,median_sweep,replace,0.05,0.013664295519400658,-0.012489300405575663,0.6933229813664596,0.0,0.0
2026,P2,flat_transformer,source_only,median_sweep,replace,0.1,0.03158897282105533,-0.031528986563047506,0.5171149144254278,0.99,0.00021329645012159999
2026,P2,flat_transformer,source_only,pacc,replace,0.05,0.013738450539620932,-0.012118033663293568,0.6933229813664596,0.0,0.0
2026,P2,flat_transformer,source_only,pacc,replace,0.1,0.03174581060068199,-0.03170419439200462,0.5171149144254278,0.99,0.00021329645012159999
2026,P2,flat_transformer,source_only,pcc,replace,0.05,0.2062162554900756,0.2062162554900756,0.6933229813664596,1.0,0.0007268667782653001
2026,P2,flat_transformer,source_only,pcc,replace,0.1,0.17225952174149506,0.17225952174149506,0.5171149144254278,0.0,0.00017092857931448
2026,P2,flat_transformer,target_real_anchor,acc,replace,0.05,0.012852774133083365,-0.011882895970009332,0.6913145539906104,0.0,0.0
2026,P2,flat_transformer,target_real_anchor,acc,replace,0.1,0.027548347391440124,-0.027539169009684422,0.514760147601476,0.99,0.00026799359550226003
2026,P2,flat_transformer,target_real_anchor,cc,replace,0.05,0.025049999999999937,0.025049999999999937,0.6913145539906104,0.0,0.0
2026,P2,flat_transformer,target_real_anchor,cc,replace,0.1,0.006699999999999963,-0.001840000000000037,0.514760147601476,0.55,0.0004109010962406
2026,P2,flat_transformer,target_real_anchor,dys,replace,0.05,0.009592574686364402,-0.00890669958378075,0.6913145539906104,0.0,0.0
2026,P2,flat_transformer,target_real_anchor,dys,replace,0.1,0.01977568397898837,-0.019673598551135277,0.514760147601476,0.99,0.00026799359550226003
2026,P2,flat_transformer,target_real_anchor,emq,replace,0.05,0.031884901700209786,-0.031884901700209786,0.6913145539906104,0.0,0.0
2026,P2,flat_transformer,target_real_anchor,emq,replace,0.1,0.04085302446731509,-0.04085302446731509,0.514760147601476,1.0,0.00026799359550226003
2026,P2,flat_transformer,target_real_anchor,hdy,replace,0.05,0.009632374405732537,-0.009206671014754727,0.6913145539906104,0.0,0.0
2026,P2,flat_transformer,target_real_anchor,hdy,replace,0.1,0.021242430634322698,-0.021242430634322698,0.514760147601476,1.0,0.00026799359550226003
2026,P2,flat_transformer,target_real_anchor,kdey,replace,0.05,0.018995764261842553,-0.01898926351580722,0.6913145539906104,0.0,0.0
2026,P2,flat_transformer,target_real_anchor,kdey,replace,0.1,0.030288935407710584,-0.030288935407710584,0.514760147601476,1.0,0.00026799359550226003
2026,P2,flat_transformer,target_real_anchor,median_sweep,replace,0.05,0.013664295519400658,-0.012489300405575663,0.6913145539906104,0.0,0.0
2026,P2,flat_transformer,target_real_anchor,median_sweep,replace,0.1,0.03158897282105533,-0.031528986563047506,0.514760147601476,0.99,0.00026799359550226003
2026,P2,flat_transformer,target_real_anchor,pacc,replace,0.05,0.013738450539620932,-0.012118033663293568,0.6913145539906104,0.0,0.0
2026,P2,flat_transformer,target_real_anchor,pacc,replace,0.1,0.03174581060068199,-0.03170419439200462,0.514760147601476,0.99,0.00026799359550226003
2026,P2,flat_transformer,target_real_anchor,pcc,replace,0.05,0.2062162554900756,0.2062162554900756,0.6913145539906104,1.0,0.00072305591157892
2026,P2,flat_transformer,target_real_anchor,pcc,replace,0.1,0.17225952174149506,0.17225952174149506,0.514760147601476,0.0,0.00018527537154546
2026,P3,char3gram,oracle_target,acc,replace,0.05,0.064553164556962,-0.017504556962025325,0.926171320397539,0.13,0.0032513250652253397
2026,P3,char3gram,oracle_target,acc,replace,0.1,0.09875594936708859,-0.04702227848101269,0.8559556786703602,0.76,0.0012137522707393999
2026,P3,char3gram,oracle_target,cc,replace,0.05,0.005639999999999985,-0.003900000000000015,0.926171320397539,0.0,0.00373634752965974
2026,P3,char3gram,oracle_target,cc,replace,0.1,0.0524,-0.0524,0.8559556786703602,1.0,0.00303303505348852
2026,P3,char3gram,oracle_target,dys,replace,0.05,0.07001373258018838,0.04781967109625114,0.926171320397539,0.43,0.0012128551884994
2026,P3,char3gram,oracle_target,dys,replace,0.1,0.07336617579985359,0.0318896305452143,0.8559556786703602,0.36,0.00114976040428504
2026,P3,char3gram,oracle_target,emq,replace,0.05,0.04305489856757222,-0.03902188084165187,0.926171320397539,0.02,0.00373634752965974
2026,P3,char3gram,oracle_target,emq,replace,0.1,0.07993435345295336,-0.07138018769078303,0.8559556786703602,0.89,0.0012137522707393999
2026,P3,char3gram,oracle_target,hdy,replace,0.05,0.06822334857159859,0.04950758614534732,0.926171320397539,0.49,0.0012128551884994
2026,P3,char3gram,oracle_target,hdy,replace,0.1,0.0694071196242483,0.04109458266156216,0.8559556786703602,0.28,0.00114976040428504
2026,P3,char3gram,oracle_target,kdey,replace,0.05,0.14942876964656904,0.14831819682717662,0.926171320397539,0.93,0.0
2026,P3,char3gram,oracle_target,kdey,replace,0.1,0.1440272019496609,0.1440272019496609,0.8559556786703602,0.0,0.0005872898397960401
2026,P3,char3gram,oracle_target,pacc,replace,0.05,0.06280932048991934,0.03832207338553729,0.926171320397539,0.43,0.0012128551884994
2026,P3,char3gram,oracle_target,pacc,replace,0.1,0.06307452871191675,0.03188142866210045,0.8559556786703602,0.31,0.00114976040428504
2026,P3,char3gram,oracle_target,pcc,replace,0.05,0.43633496010071204,0.43633496010071204,0.926171320397539,1.0,0.0
2026,P3,char3gram,oracle_target,pcc,replace,0.1,0.38790991757575854,0.38790991757575854,0.8559556786703602,0.0,0.0005872898397960401
2026,P3,char3gram,source_only,acc,replace,0.05,0.95,0.95,0.95,1.0,
2026,P3,char3gram,source_only,acc,replace,0.1,0.9,0.9,0.9,0.0,
2026,P3,char3gram,source_only,cc,replace,0.05,0.9496899999999999,0.9496899999999999,0.95,1.0,
2026,P3,char3gram,source_only,cc,replace,0.1,0.8996999999999999,0.8996999999999999,0.9,0.0,
2026,P3,char3gram,source_only,dys,replace,0.05,0.9499940391390134,0.9499940391390134,0.95,1.0,
2026,P3,char3gram,source_only,dys,replace,0.1,0.8999940391390134,0.8999940391390134,0.9,0.0,
2026,P3,char3gram,source_only,emq,replace,0.05,0.9499999999477481,0.9499999999477481,0.95,1.0,
2026,P3,char3gram,source_only,emq,replace,0.1,0.8999999999505579,0.8999999999505579,0.9,0.0,
2026,P3,char3gram,source_only,hdy,replace,0.05,0.9499940391390134,0.9499940391390134,0.95,1.0,
2026,P3,char3gram,source_only,hdy,replace,0.1,0.8999940391390134,0.8999940391390134,0.9,0.0,
2026,P3,char3gram,source_only,kdey,replace,0.05,0.9499940391390134,0.9499940391390134,0.95,1.0,
2026,P3,char3gram,source_only,kdey,replace,0.1,0.8999940391390134,0.8999940391390134,0.9,0.0,
2026,P3,char3gram,source_only,median_sweep,replace,0.05,0.95,0.95,0.95,1.0,
2026,P3,char3gram,source_only,median_sweep,replace,0.1,0.9,0.9,0.9,0.0,
2026,P3,char3gram,source_only,pacc,replace,0.05,0.95,0.95,0.95,1.0,
2026,P3,char3gram,source_only,pacc,replace,0.1,0.9,0.9,0.9,0.0,
2026,P3,char3gram,source_only,pcc,replace,0.05,0.9173596038090708,0.9173596038090708,0.95,1.0,
2026,P3,char3gram,source_only,pcc,replace,0.1,0.8676030982980752,0.8676030982980752,0.9,0.0,
2026,P3,char3gram,target_real_anchor,acc,replace,0.05,0.95,0.95,0.9272727272727272,1.0,0.0
2026,P3,char3gram,target_real_anchor,acc,replace,0.1,0.9,0.9,0.8579439252336448,0.0,0.0005872898397960401
2026,P3,char3gram,target_real_anchor,cc,replace,0.05,0.006649999999999986,-0.005490000000000014,0.9272727272727272,0.0,0.0037396368312064597
2026,P3,char3gram,target_real_anchor,cc,replace,0.1,0.05406,-0.05406,0.8579439252336448,1.0,0.0026921438022830396
2026,P3,char3gram,target_real_anchor,dys,replace,0.05,0.9499940391390134,0.9499940391390134,0.9272727272727272,1.0,0.0
2026,P3,char3gram,target_real_anchor,dys,replace,0.1,0.8999940391390134,0.8999940391390134,0.8579439252336448,0.0,0.0005872898397960401
2026,P3,char3gram,target_real_anchor,emq,replace,0.05,0.9499999999477481,0.9499999999477481,0.9272727272727272,1.0,0.0
2026,P3,char3gram,target_real_anchor,emq,replace,0.1,0.8999999999505579,0.8999999999505579,0.8579439252336448,0.0,0.0005872898397960401
2026,P3,char3gram,target_real_anchor,hdy,replace,0.05,0.9499940391390134,0.9499940391390134,0.9272727272727272,1.0,0.0
2026,P3,char3gram,target_real_anchor,hdy,replace,0.1,0.8999940391390134,0.8999940391390134,0.8579439252336448,0.0,0.0005872898397960401
2026,P3,char3gram,target_real_anchor,kdey,replace,0.05,0.9499940391390134,0.9499940391390134,0.9272727272727272,1.0,0.0
2026,P3,char3gram,target_real_anchor,kdey,replace,0.1,0.8999940391390134,0.8999940391390134,0.8579439252336448,0.0,0.0005872898397960401
2026,P3,char3gram,target_real_anchor,median_sweep,replace,0.05,0.95,0.95,0.9272727272727272,1.0,0.0
2026,P3,char3gram,target_real_anchor,median_sweep,replace,0.1,0.9,0.9,0.8579439252336448,0.0,0.0005872898397960401
2026,P3,char3gram,target_real_anchor,pacc,replace,0.05,0.95,0.95,0.9272727272727272,1.0,0.0
2026,P3,char3gram,target_real_anchor,pacc,replace,0.1,0.9,0.9,0.8579439252336448,0.0,0.0005872898397960401
2026,P3,char3gram,target_real_anchor,pcc,replace,0.05,0.9173596038090708,0.9173596038090708,0.9272727272727272,1.0,0.0
2026,P3,char3gram,target_real_anchor,pcc,replace,0.1,0.8676030982980752,0.8676030982980752,0.8579439252336448,0.0,0.0005872898397960401
2026,P3,column_positional_ablation,oracle_target,cc,replace,0.05,0.05,-0.05,0.0,0.0,0.0
2026,P3,column_positional_ablation,oracle_target,cc,replace,0.1,0.1,-0.1,0.0,1.0,0.0
2026,P3,column_positional_ablation,oracle_target,dys,replace,0.05,0.9499940391390134,0.9499940391390134,0.0,1.0,0.0
2026,P3,column_positional_ablation,oracle_target,dys,replace,0.1,0.8999940391390134,0.8999940391390134,0.0,0.0,0.0
2026,P3,column_positional_ablation,oracle_target,emq,replace,0.05,0.45,0.45,0.0,1.0,0.0
2026,P3,column_positional_ablation,oracle_target,emq,replace,0.1,0.4,0.4,0.0,0.0,0.0
2026,P3,column_positional_ablation,oracle_target,hdy,replace,0.05,0.9499940391390134,0.9499940391390134,0.0,1.0,0.0
2026,P3,column_positional_ablation,oracle_target,hdy,replace,0.1,0.8999940391390134,0.8999940391390134,0.0,0.0,0.0
2026,P3,column_positional_ablation,oracle_target,pcc,replace,0.05,0.45,0.45,0.0,1.0,0.0
2026,P3,column_positional_ablation,oracle_target,pcc,replace,0.1,0.4,0.4,0.0,0.0,0.0
2026,P3,column_positional_ablation,source_only,acc,replace,0.05,0.95,0.95,0.95,1.0,
2026,P3,column_positional_ablation,source_only,acc,replace,0.1,0.9,0.9,0.9,0.0,
2026,P3,column_positional_ablation,source_only,cc,replace,0.05,0.95,0.95,0.95,1.0,
2026,P3,column_positional_ablation,source_only,cc,replace,0.1,0.9,0.9,0.9,0.0,
2026,P3,column_positional_ablation,source_only,dys,replace,0.05,0.9499940391390134,0.9499940391390134,0.95,1.0,
2026,P3,column_positional_ablation,source_only,dys,replace,0.1,0.8999940391390134,0.8999940391390134,0.9,0.0,
2026,P3,column_positional_ablation,source_only,emq,replace,0.05,0.949999999961173,0.949999999961173,0.95,1.0,
2026,P3,column_positional_ablation,source_only,emq,replace,0.1,0.8999999999611843,0.8999999999611843,0.9,0.0,
2026,P3,column_positional_ablation,source_only,hdy,replace,0.05,0.9499940391390134,0.9499940391390134,0.95,1.0,
2026,P3,column_positional_ablation,source_only,hdy,replace,0.1,0.8999940391390134,0.8999940391390134,0.9,0.0,
2026,P3,column_positional_ablation,source_only,kdey,replace,0.05,0.9499940391390134,0.9499940391390134,0.95,1.0,
2026,P3,column_positional_ablation,source_only,kdey,replace,0.1,0.8999940391390134,0.8999940391390134,0.9,0.0,
2026,P3,column_positional_ablation,source_only,median_sweep,replace,0.05,0.95,0.95,0.95,1.0,
2026,P3,column_positional_ablation,source_only,median_sweep,replace,0.1,0.9,0.9,0.9,0.0,
2026,P3,column_positional_ablation,source_only,pacc,replace,0.05,0.95,0.95,0.95,1.0,
2026,P3,column_positional_ablation,source_only,pacc,replace,0.1,0.9,0.9,0.9,0.0,
2026,P3,column_positional_ablation,source_only,pcc,replace,0.05,0.9184632919267973,0.9184632919267973,0.95,1.0,
2026,P3,column_positional_ablation,source_only,pcc,replace,0.1,0.868464551164753,0.868464551164753,0.9,0.0,
2026,P3,column_positional_ablation,target_real_anchor,acc,replace,0.05,0.08939652830188675,0.08939652830188675,0.8926174496644296,0.99,0.0022163911876620797
2026,P3,column_positional_ablation,target_real_anchor,acc,replace,0.1,0.04614026415094335,0.04614026415094335,0.7974683544303798,0.0,0.0013064507688742
2026,P3,column_positional_ablation,target_real_anchor,cc,replace,0.05,0.014339999999999999,-0.014240000000000001,0.8926174496644296,0.0,0.0
2026,P3,column_positional_ablation,target_real_anchor,cc,replace,0.1,0.06251000000000001,-0.06251000000000001,0.7974683544303798,1.0,0.00068955721515772
2026,P3,column_positional_ablation,target_real_anchor,dys,replace,0.05,0.9499940391390134,0.9499940391390134,0.8926174496644296,1.0,0.0022163911876620797
2026,P3,column_positional_ablation,target_real_anchor,dys,replace,0.1,0.8999940391390134,0.8999940391390134,0.7974683544303798,0.0,0.0013064507688742
2026,P3,column_positional_ablation,target_real_anchor,emq,replace,0.05,0.949999999961173,0.949999999961173,0.8926174496644296,1.0,0.0022163911876620797
2026,P3,column_positional_ablation,target_real_anchor,emq,replace,0.1,0.8999999999611843,0.8999999999611843,0.7974683544303798,0.0,0.0013064507688742
2026,P3,column_positional_ablation,target_real_anchor,hdy,replace,0.05,0.9499940391390134,0.9499940391390134,0.8926174496644296,1.0,0.0022163911876620797
2026,P3,column_positional_ablation,target_real_anchor,hdy,replace,0.1,0.8999940391390134,0.8999940391390134,0.7974683544303798,0.0,0.0013064507688742
2026,P3,column_positional_ablation,target_real_anchor,kdey,replace,0.05,0.9499940391390134,0.9499940391390134,0.8926174496644296,1.0,0.0022163911876620797
2026,P3,column_positional_ablation,target_real_anchor,kdey,replace,0.1,0.8999940391390134,0.8999940391390134,0.7974683544303798,0.0,0.0013064507688742
2026,P3,column_positional_ablation,target_real_anchor,median_sweep,replace,0.05,0.95,0.95,0.8926174496644296,1.0,0.0022163911876620797
2026,P3,column_positional_ablation,target_real_anchor,median_sweep,replace,0.1,0.9,0.9,0.7974683544303798,0.0,0.0013064507688742
2026,P3,column_positional_ablation,target_real_anchor,pacc,replace,0.05,0.95,0.95,0.8926174496644296,1.0,0.0022163911876620797
2026,P3,column_positional_ablation,target_real_anchor,pacc,replace,0.1,0.9,0.9,0.7974683544303798,0.0,0.0013064507688742
2026,P3,column_positional_ablation,target_real_anchor,pcc,replace,0.05,0.9184632919267973,0.9184632919267973,0.8926174496644296,1.0,0.0022163911876620797
2026,P3,column_positional_ablation,target_real_anchor,pcc,replace,0.1,0.868464551164753,0.868464551164753,0.7974683544303798,0.0,0.0013064507688742
2026,P3,datum_ta,oracle_target,acc,replace,0.05,0.04394724637681157,-0.010778550724637655,0.883720930232558,0.13,0.00086867463574722
2026,P3,datum_ta,oracle_target,acc,replace,0.1,0.05787797101449273,-0.013107391304347791,0.782608695652174,0.63,0.0017636636838681999
2026,P3,datum_ta,oracle_target,cc,replace,0.05,0.005079999999999954,0.001839999999999955,0.883720930232558,0.0,0.00080468276929284
2026,P3,datum_ta,oracle_target,cc,replace,0.1,0.042519999999999995,-0.042519999999999995,0.782608695652174,1.0,0.0013776192932487001
2026,P3,datum_ta,oracle_target,dys,replace,0.05,0.0386668483777428,-0.011846163981736607,0.883720930232558,0.12,0.00086867463574722
2026,P3,datum_ta,oracle_target,dys,replace,0.1,0.051978669240613756,-0.016046513045996146,0.782608695652174,0.59,0.00110998975831108
2026,P3,datum_ta,oracle_target,emq,replace,0.05,0.040988486824257396,-0.02914472247708342,0.883720930232558,0.06,0.00086867463574722
2026,P3,datum_ta,oracle_target,emq,replace,0.1,0.05797461899978096,-0.03735237268482236,0.782608695652174,0.73,0.00110998975831108
2026,P3,datum_ta,oracle_target,hdy,replace,0.05,0.03847010797231764,-0.012374198809554588,0.883720930232558,0.11,0.00086867463574722
2026,P3,datum_ta,oracle_target,hdy,replace,0.1,0.04169885600300829,-0.012552483481255096,0.782608695652174,0.62,0.0018754999364566601
2026,P3,datum_ta,oracle_target,kdey,replace,0.05,0.04310660834971418,-0.0028231639970243364,0.883720930232558,0.18,0.00024998691755068
2026,P3,datum_ta,oracle_target,kdey,replace,0.1,0.05160015927071898,0.012891154855399371,0.782608695652174,0.43,0.00110998975831108
2026,P3,datum_ta,oracle_target,pacc,replace,0.05,0.04011434547768977,-0.005016210894707009,0.883720930232558,0.12,0.00086867463574722
2026,P3,datum_ta,oracle_target,pacc,replace,0.1,0.05487070118635765,-0.0038173287836908453,0.782608695652174,0.52,0.00110998975831108
2026,P3,datum_ta,oracle_target,pcc,replace,0.05,0.4301199765539344,0.4301199765539344,0.883720930232558,1.0,0.0003223515515785
2026,P3,datum_ta,oracle_target,pcc,replace,0.1,0.382667895566665,0.382667895566665,0.782608695652174,0.0,0.00136864847084856
2026,P3,datum_ta,source_only,acc,replace,0.05,0.05,-0.05,0.8743131868131868,0.0,0.00079062848086594
2026,P3,datum_ta,source_only,acc,replace,0.1,0.1,-0.1,0.7671755725190841,1.0,0.00169399029656044
2026,P3,datum_ta,source_only,cc,replace,0.05,0.01815,-0.01815,0.8743131868131868,0.0,0.00079062848086594
2026,P3,datum_ta,source_only,cc,replace,0.1,0.06508,-0.06508,0.7671755725190841,1.0,0.00169399029656044
2026,P3,datum_ta,source_only,dys,replace,0.05,0.057238667949385674,0.021246447503162492,0.8743131868131868,0.31,0.0
2026,P3,datum_ta,source_only,dys,replace,0.1,0.06634521518709131,0.0008176321414765158,0.7671755725190841,0.48,0.00208900550958006
2026,P3,datum_ta,source_only,emq,replace,0.05,0.04999998310167151,-0.04999998310167151,0.8743131868131868,0.0,0.00079062848086594
2026,P3,datum_ta,source_only,emq,replace,0.1,0.09999998190797596,-0.09999998190797596,0.7671755725190841,1.0,0.00169399029656044
2026,P3,datum_ta,source_only,hdy,replace,0.05,0.04744885077508492,-0.04744885077508492,0.8743131868131868,0.0,0.00079062848086594
2026,P3,datum_ta,source_only,hdy,replace,0.1,0.09742558981359299,-0.09742558981359299,0.7671755725190841,1.0,0.00169399029656044
2026,P3,datum_ta,source_only,kdey,replace,0.05,0.2800631747908643,0.2800631747908643,0.8743131868131868,1.0,0.00059596163478282
2026,P3,datum_ta,source_only,kdey,replace,0.1,0.22490683011336565,0.22490683011336565,0.7671755725190841,0.0,0.0007290288337182401
2026,P3,datum_ta,source_only,median_sweep,replace,0.05,0.05,-0.05,0.8743131868131868,0.0,0.00079062848086594
2026,P3,datum_ta,source_only,median_sweep,replace,0.1,0.1,-0.1,0.7671755725190841,1.0,0.00169399029656044
2026,P3,datum_ta,source_only,pacc,replace,0.05,0.12745615759076012,0.12745615759076012,0.8743131868131868,1.0,0.00059596163478282
2026,P3,datum_ta,source_only,pacc,replace,0.1,0.08582937496920516,0.08582937496920516,0.7671755725190841,0.0,0.0007290288337182401
2026,P3,datum_ta,source_only,pcc,replace,0.05,0.32723446668388334,0.32723446668388334,0.8743131868131868,1.0,0.00059596163478282
2026,P3,datum_ta,source_only,pcc,replace,0.1,0.2804218115423697,0.2804218115423697,0.7671755725190841,0.0,0.0007290288337182401
2026,P3,datum_ta,target_real_anchor,acc,replace,0.05,0.04977539076068079,-0.04977539076068079,0.8841321544904607,0.0,0.00018240672213622
2026,P3,datum_ta,target_real_anchor,acc,replace,0.1,0.09952035428968392,-0.09952035428968392,0.783289817232376,1.0,0.00147360709293026
2026,P3,datum_ta,target_real_anchor,cc,replace,0.05,0.008039999999999988,-0.006460000000000013,0.8841321544904607,0.0,0.00018240672213622
2026,P3,datum_ta,target_real_anchor,cc,replace,0.1,0.05165,-0.05165,0.783289817232376,1.0,0.00147360709293026
2026,P3,datum_ta,target_real_anchor,dys,replace,0.05,0.057238667949385674,0.021246447503162492,0.8841321544904607,0.31,6.369283904100001e-05
2026,P3,datum_ta,target_real_anchor,dys,replace,0.1,0.06634521518709131,0.0008176321414765158,0.783289817232376,0.48,0.0020292000269124403
2026,P3,datum_ta,target_real_anchor,emq,replace,0.05,0.04999998310167151,-0.04999998310167151,0.8841321544904607,0.0,0.00018240672213622
2026,P3,datum_ta,target_real_anchor,emq,replace,0.1,0.09999998190797596,-0.09999998190797596,0.783289817232376,1.0,0.00147360709293026
2026,P3,datum_ta,target_real_anchor,hdy,replace,0.05,0.04744885077508492,-0.04744885077508492,0.8841321544904607,0.0,0.00018240672213622
2026,P3,datum_ta,target_real_anchor,hdy,replace,0.1,0.09742558981359299,-0.09742558981359299,0.783289817232376,1.0,0.00147360709293026
2026,P3,datum_ta,target_real_anchor,kdey,replace,0.05,0.2800631747908643,0.2800631747908643,0.8841321544904607,1.0,0.00049548842390118
2026,P3,datum_ta,target_real_anchor,kdey,replace,0.1,0.22490683011336565,0.22490683011336565,0.783289817232376,0.0,0.0010911510312707601
2026,P3,datum_ta,target_real_anchor,median_sweep,replace,0.05,0.05,-0.05,0.8841321544904607,0.0,0.00018240672213622
2026,P3,datum_ta,target_real_anchor,median_sweep,replace,0.1,0.1,-0.1,0.783289817232376,1.0,0.00147360709293026
2026,P3,datum_ta,target_real_anchor,pacc,replace,0.05,0.12745615759076012,0.12745615759076012,0.8841321544904607,1.0,0.00049548842390118
2026,P3,datum_ta,target_real_anchor,pacc,replace,0.1,0.08582937496920516,0.08582937496920516,0.783289817232376,0.0,0.0010911510312707601
2026,P3,datum_ta,target_real_anchor,pcc,replace,0.05,0.32723446668388334,0.32723446668388334,0.8841321544904607,1.0,0.00049548842390118
2026,P3,datum_ta,target_real_anchor,pcc,replace,0.1,0.2804218115423697,0.2804218115423697,0.783289817232376,0.0,0.0010911510312707601
2026,P3,datum_transformer,oracle_target,acc,replace,0.05,0.05116163636363637,-0.03696418181818182,0.9942350332594236,0.04,0.00014712148736234
2026,P3,datum_transformer,oracle_target,acc,replace,0.1,0.09101163636363635,-0.0730010909090909,0.9879069767441861,0.9,0.00034836693653888
2026,P3,datum_transformer,oracle_target,cc,replace,0.05,0.005929999999999939,0.004349999999999939,0.9942350332594236,0.0,0.00014712148736234
2026,P3,datum_transformer,oracle_target,cc,replace,0.1,0.048209999999999996,-0.048209999999999996,0.9879069767441861,1.0,0.00020333864106989997
2026,P3,datum_transformer,oracle_target,dys,replace,0.05,0.040680841502686846,-0.017985447554562245,0.9942350332594236,0.09,0.00014712148736234
2026,P3,datum_transformer,oracle_target,dys,replace,0.1,0.060286819230861086,-0.03677507562290769,0.9879069767441861,0.77,0.0007397938205984999
2026,P3,datum_transformer,oracle_target,emq,replace,0.05,0.07282223778775766,0.07167061580394582,0.9942350332594236,0.6,0.00057233846912914
2026,P3,datum_transformer,oracle_target,emq,replace,0.1,0.06668674231528603,0.05405608815376017,0.9879069767441861,0.24,0.00189912310211034
2026,P3,datum_transformer,oracle_target,hdy,replace,0.05,0.041517734404658065,-0.009055054306164073,0.9942350332594236,0.14,0.00014712148736234
2026,P3,datum_transformer,oracle_target,hdy,replace,0.1,0.056807185450972006,-0.026137922907550567,0.9879069767441861,0.69,0.00131213228972764
2026,P3,datum_transformer,oracle_target,kdey,replace,0.05,0.750338835570039,0.750338835570039,0.9942350332594236,1.0,0.00124604723137988
2026,P3,datum_transformer,oracle_target,kdey,replace,0.1,0.7104042559497598,0.7104042559497598,0.9879069767441861,0.0,0.00189912310211034
2026,P3,datum_transformer,oracle_target,pacc,replace,0.05,0.05669020650960135,0.010978645126079054,0.9942350332594236,0.26,0.00014712148736234
2026,P3,datum_transformer,oracle_target,pacc,replace,0.1,0.07506562440731882,0.005790533086665051,0.9879069767441861,0.52,0.0015301232740511
2026,P3,datum_transformer,oracle_target,pcc,replace,0.05,0.44888189643006193,0.44888189643006193,0.9942350332594236,1.0,0.00124604723137988
2026,P3,datum_transformer,oracle_target,pcc,replace,0.1,0.3990329141742883,0.3990329141742883,0.9879069767441861,0.0,0.00189912310211034
2026,P3,datum_transformer,source_only,acc,replace,0.05,0.95,0.95,0.95,1.0,
2026,P3,datum_transformer,source_only,acc,replace,0.1,0.9,0.9,0.9,0.0,
2026,P3,datum_transformer,source_only,cc,replace,0.05,0.95,0.95,0.95,1.0,
2026,P3,datum_transformer,source_only,cc,replace,0.1,0.9,0.9,0.9,0.0,
2026,P3,datum_transformer,source_only,dys,replace,0.05,0.9499940391390134,0.9499940391390134,0.95,1.0,
2026,P3,datum_transformer,source_only,dys,replace,0.1,0.8999940391390134,0.8999940391390134,0.9,0.0,
2026,P3,datum_transformer,source_only,emq,replace,0.05,0.9499999999523834,0.9499999999523834,0.95,1.0,
2026,P3,datum_transformer,source_only,emq,replace,0.1,0.8999999999528014,0.8999999999528014,0.9,0.0,
2026,P3,datum_transformer,source_only,hdy,replace,0.05,0.9499940391390134,0.9499940391390134,0.95,1.0,
2026,P3,datum_transformer,source_only,hdy,replace,0.1,0.8999940391390134,0.8999940391390134,0.9,0.0,
2026,P3,datum_transformer,source_only,kdey,replace,0.05,0.9499940391390134,0.9499940391390134,0.95,1.0,
2026,P3,datum_transformer,source_only,kdey,replace,0.1,0.8999940391390134,0.8999940391390134,0.9,0.0,
2026,P3,datum_transformer,source_only,median_sweep,replace,0.05,0.95,0.95,0.95,1.0,
2026,P3,datum_transformer,source_only,median_sweep,replace,0.1,0.9,0.9,0.9,0.0,
2026,P3,datum_transformer,source_only,pacc,replace,0.05,0.95,0.95,0.95,1.0,
2026,P3,datum_transformer,source_only,pacc,replace,0.1,0.9,0.9,0.9,0.0,
2026,P3,datum_transformer,source_only,pcc,replace,0.05,0.9175673788201815,0.9175673788201815,0.95,1.0,
2026,P3,datum_transformer,source_only,pcc,replace,0.1,0.8676063639758995,0.8676063639758995,0.9,0.0,
2026,P3,datum_transformer,target_real_anchor,acc,replace,0.05,0.13477744396757269,0.13477744396757269,0.9912508101101749,1.0,0.00165511673282648
2026,P3,datum_transformer,target_real_anchor,acc,replace,0.1,0.07462970910824981,0.07462970910824981,0.9817073170731709,0.0,0.0020567105489395403
2026,P3,datum_transformer,target_real_anchor,cc,replace,0.05,0.02501999999999994,0.02501999999999994,0.9912508101101749,0.0,0.0002182900117368
2026,P3,datum_transformer,target_real_anchor,cc,replace,0.1,0.0291,-0.0291,0.9817073170731709,1.0,0.0002484917804839739
2026,P3,datum_transformer,target_real_anchor,dys,replace,0.05,0.9499940391390134,0.9499940391390134,0.9912508101101749,1.0,0.00165511673282648
2026,P3,datum_transformer,target_real_anchor,dys,replace,0.1,0.8999940391390134,0.8999940391390134,0.9817073170731709,0.0,0.0020567105489395403
2026,P3,datum_transformer,target_real_anchor,emq,replace,0.05,0.9499999999523834,0.9499999999523834,0.9912508101101749,1.0,0.00165511673282648
2026,P3,datum_transformer,target_real_anchor,emq,replace,0.1,0.8999999999528014,0.8999999999528014,0.9817073170731709,0.0,0.0020567105489395403
2026,P3,datum_transformer,target_real_anchor,hdy,replace,0.05,0.9499940391390134,0.9499940391390134,0.9912508101101749,1.0,0.00165511673282648
2026,P3,datum_transformer,target_real_anchor,hdy,replace,0.1,0.8999940391390134,0.8999940391390134,0.9817073170731709,0.0,0.0020567105489395403
2026,P3,datum_transformer,target_real_anchor,kdey,replace,0.05,0.9499940391390134,0.9499940391390134,0.9912508101101749,1.0,0.00165511673282648
2026,P3,datum_transformer,target_real_anchor,kdey,replace,0.1,0.8999940391390134,0.8999940391390134,0.9817073170731709,0.0,0.0020567105489395403
2026,P3,datum_transformer,target_real_anchor,median_sweep,replace,0.05,0.95,0.95,0.9912508101101749,1.0,0.00165511673282648
2026,P3,datum_transformer,target_real_anchor,median_sweep,replace,0.1,0.9,0.9,0.9817073170731709,0.0,0.0020567105489395403
2026,P3,datum_transformer,target_real_anchor,pacc,replace,0.05,0.95,0.95,0.9912508101101749,1.0,0.00165511673282648
2026,P3,datum_transformer,target_real_anchor,pacc,replace,0.1,0.9,0.9,0.9817073170731709,0.0,0.0020567105489395403
2026,P3,datum_transformer,target_real_anchor,pcc,replace,0.05,0.9175673788201815,0.9175673788201815,0.9912508101101749,1.0,0.00165511673282648
2026,P3,datum_transformer,target_real_anchor,pcc,replace,0.1,0.8676063639758995,0.8676063639758995,0.9817073170731709,0.0,0.0020567105489395403
2026,P3,flat_transformer,oracle_target,cc,replace,0.05,0.05,-0.05,0.0,0.0,0.0
2026,P3,flat_transformer,oracle_target,cc,replace,0.1,0.1,-0.1,0.0,1.0,0.0
2026,P3,flat_transformer,oracle_target,dys,replace,0.05,0.9499940391390134,0.9499940391390134,0.0,1.0,0.0
2026,P3,flat_transformer,oracle_target,dys,replace,0.1,0.8999940391390134,0.8999940391390134,0.0,0.0,0.0
2026,P3,flat_transformer,oracle_target,emq,replace,0.05,0.45,0.45,0.0,1.0,0.0
2026,P3,flat_transformer,oracle_target,emq,replace,0.1,0.4,0.4,0.0,0.0,0.0
2026,P3,flat_transformer,oracle_target,hdy,replace,0.05,0.9499940391390134,0.9499940391390134,0.0,1.0,0.0
2026,P3,flat_transformer,oracle_target,hdy,replace,0.1,0.8999940391390134,0.8999940391390134,0.0,0.0,0.0
2026,P3,flat_transformer,oracle_target,pcc,replace,0.05,0.45,0.45,0.0,1.0,0.0
2026,P3,flat_transformer,oracle_target,pcc,replace,0.1,0.4,0.4,0.0,0.0,0.0
2026,P3,flat_transformer,source_only,acc,replace,0.05,0.95,0.95,0.949975604119052,1.0,
2026,P3,flat_transformer,source_only,acc,replace,0.1,0.9,0.9,0.8999537774125623,0.0,
2026,P3,flat_transformer,source_only,cc,replace,0.05,0.95,0.95,0.949975604119052,1.0,
2026,P3,flat_transformer,source_only,cc,replace,0.1,0.9,0.9,0.8999537774125623,0.0,
2026,P3,flat_transformer,source_only,dys,replace,0.05,0.9499940391390134,0.9499940391390134,0.949975604119052,1.0,
2026,P3,flat_transformer,source_only,dys,replace,0.1,0.8999940391390134,0.8999940391390134,0.8999537774125623,0.0,
2026,P3,flat_transformer,source_only,emq,replace,0.05,0.949999999648097,0.949999999648097,0.949975604119052,1.0,
2026,P3,flat_transformer,source_only,emq,replace,0.1,0.8999999996481179,0.8999999996481179,0.8999537774125623,0.0,
2026,P3,flat_transformer,source_only,hdy,replace,0.05,0.9499940391390134,0.9499940391390134,0.949975604119052,1.0,
2026,P3,flat_transformer,source_only,hdy,replace,0.1,0.8999940391390134,0.8999940391390134,0.8999537774125623,0.0,
2026,P3,flat_transformer,source_only,kdey,replace,0.05,0.9499940391390134,0.9499940391390134,0.949975604119052,1.0,
2026,P3,flat_transformer,source_only,kdey,replace,0.1,0.8999940391390134,0.8999940391390134,0.8999537774125623,0.0,
2026,P3,flat_transformer,source_only,median_sweep,replace,0.05,0.95,0.95,0.949975604119052,1.0,
2026,P3,flat_transformer,source_only,median_sweep,replace,0.1,0.9,0.9,0.8999537774125623,0.0,
2026,P3,flat_transformer,source_only,pacc,replace,0.05,0.95,0.95,0.949975604119052,1.0,
2026,P3,flat_transformer,source_only,pacc,replace,0.1,0.9,0.9,0.8999537774125623,0.0,
2026,P3,flat_transformer,source_only,pcc,replace,0.05,0.8882520721865345,0.8882520721865345,0.949975604119052,1.0,
2026,P3,flat_transformer,source_only,pcc,replace,0.1,0.8382525015941127,0.8382525015941127,0.8999537774125623,0.0,
2026,P3,flat_transformer,target_real_anchor,acc,replace,0.05,0.1176780223619846,0.1176780223619846,0.6953955135773318,1.0,0.00125741027308684
2026,P3,flat_transformer,target_real_anchor,acc,replace,0.1,0.10727274633123689,0.10727274633123689,0.5195530726256984,0.0,0.0005424357277952791
2026,P3,flat_transformer,target_real_anchor,cc,replace,0.05,0.0053699999999999755,-0.003350000000000024,0.6953955135773318,0.0,0.0002359326291238
2026,P3,flat_transformer,target_real_anchor,cc,replace,0.1,0.04238,-0.04238,0.5195530726256984,1.0,0.00052030769920834
2026,P3,flat_transformer,target_real_anchor,dys,replace,0.05,0.9499940391390134,0.9499940391390134,0.6953955135773318,1.0,0.00125741027308684
2026,P3,flat_transformer,target_real_anchor,dys,replace,0.1,0.8999940391390134,0.8999940391390134,0.5195530726256984,0.0,0.0005424357277952791
2026,P3,flat_transformer,target_real_anchor,emq,replace,0.05,0.949999999648097,0.949999999648097,0.6953955135773318,1.0,0.00125741027308684
2026,P3,flat_transformer,target_real_anchor,emq,replace,0.1,0.8999999996481179,0.8999999996481179,0.5195530726256984,0.0,0.0005424357277952791
2026,P3,flat_transformer,target_real_anchor,hdy,replace,0.05,0.9499940391390134,0.9499940391390134,0.6953955135773318,1.0,0.00125741027308684
2026,P3,flat_transformer,target_real_anchor,hdy,replace,0.1,0.8999940391390134,0.8999940391390134,0.5195530726256984,0.0,0.0005424357277952791
2026,P3,flat_transformer,target_real_anchor,kdey,replace,0.05,0.9499940391390134,0.9499940391390134,0.6953955135773318,1.0,0.00125741027308684
2026,P3,flat_transformer,target_real_anchor,kdey,replace,0.1,0.8999940391390134,0.8999940391390134,0.5195530726256984,0.0,0.0005424357277952791
2026,P3,flat_transformer,target_real_anchor,median_sweep,replace,0.05,0.95,0.95,0.6953955135773318,1.0,0.00125741027308684
2026,P3,flat_transformer,target_real_anchor,median_sweep,replace,0.1,0.9,0.9,0.5195530726256984,0.0,0.0005424357277952791
2026,P3,flat_transformer,target_real_anchor,pacc,replace,0.05,0.95,0.95,0.6953955135773318,1.0,0.00125741027308684
2026,P3,flat_transformer,target_real_anchor,pacc,replace,0.1,0.9,0.9,0.5195530726256984,0.0,0.0005424357277952791
2026,P3,flat_transformer,target_real_anchor,pcc,replace,0.05,0.8882520721865345,0.8882520721865345,0.6953955135773318,1.0,0.00125741027308684
2026,P3,flat_transformer,target_real_anchor,pcc,replace,0.1,0.8382525015941127,0.8382525015941127,0.5195530726256984,0.0,0.0005424357277952791
2026,P4,char3gram,oracle_target,acc,replace,0.05,0.0448027751196172,-0.02615224880382775,0.8872923215087561,0.06,0.00254741453422738
2026,P4,char3gram,oracle_target,acc,replace,0.1,0.07130899521531096,-0.03854956937799042,0.7885425442291492,0.76,3.558426218722e-05
2026,P4,char3gram,oracle_target,cc,replace,0.05,0.004719999999999968,-0.001340000000000032,0.8872923215087561,0.0,0.0032124515014913396
2026,P4,char3gram,oracle_target,cc,replace,0.1,0.047,-0.047,0.7885425442291492,1.0,0.0029789110916743
2026,P4,char3gram,oracle_target,dys,replace,0.05,0.062142264412684674,0.045419739445037216,0.8872923215087561,0.44,0.0008582086762804
2026,P4,char3gram,oracle_target,dys,replace,0.1,0.0579144335222591,0.034246250286692786,0.7885425442291492,0.3,0.0
2026,P4,char3gram,oracle_target,emq,replace,0.05,0.04829401821865478,-0.04829401821865478,0.8872923215087561,0.0,0.0032124515014913396
2026,P4,char3gram,oracle_target,emq,replace,0.1,0.09123374769635893,-0.09123374769635893,0.7885425442291492,1.0,0.0029789110916743
2026,P4,char3gram,oracle_target,hdy,replace,0.05,0.05622278371063693,0.04271218567764552,0.8872923215087561,0.47,0.0008582086762804
2026,P4,char3gram,oracle_target,hdy,replace,0.1,0.05375217827662651,0.0355013519215666,0.7885425442291492,0.28,0.0
2026,P4,char3gram,oracle_target,kdey,replace,0.05,0.07803404681593618,0.07211938766542922,0.8872923215087561,0.68,0.0008582086762804
2026,P4,char3gram,oracle_target,kdey,replace,0.1,0.07297730487268071,0.06967898591605055,0.7885425442291492,0.09,0.0007538481090254
2026,P4,char3gram,oracle_target,pacc,replace,0.05,0.04974738142189359,0.027397307745475167,0.8872923215087561,0.36,0.00159232097602548
2026,P4,char3gram,oracle_target,pacc,replace,0.1,0.04945369962949281,0.01988584767150344,0.7885425442291492,0.34,0.0
2026,P4,char3gram,oracle_target,pcc,replace,0.05,0.4284203560682589,0.4284203560682589,0.8872923215087561,1.0,2.003483669362e-05
2026,P4,char3gram,oracle_target,pcc,replace,0.1,0.3806916709244119,0.3806916709244119,0.7885425442291492,0.0,0.00102805624705646
2026,P4,char3gram,source_only,acc,replace,0.05,0.95,0.95,0.95,1.0,
2026,P4,char3gram,source_only,acc,replace,0.1,0.9,0.9,0.9,0.0,
2026,P4,char3gram,source_only,cc,replace,0.05,0.9496899999999999,0.9496899999999999,0.95,1.0,
2026,P4,char3gram,source_only,cc,replace,0.1,0.8996999999999999,0.8996999999999999,0.9,0.0,
2026,P4,char3gram,source_only,dys,replace,0.05,0.9499940391390134,0.9499940391390134,0.95,1.0,
2026,P4,char3gram,source_only,dys,replace,0.1,0.8999940391390134,0.8999940391390134,0.9,0.0,
2026,P4,char3gram,source_only,emq,replace,0.05,0.9499999999481759,0.9499999999481759,0.95,1.0,
2026,P4,char3gram,source_only,emq,replace,0.1,0.8999999999512525,0.8999999999512525,0.9,0.0,
2026,P4,char3gram,source_only,hdy,replace,0.05,0.9499940391390134,0.9499940391390134,0.95,1.0,
2026,P4,char3gram,source_only,hdy,replace,0.1,0.8999940391390134,0.8999940391390134,0.9,0.0,
2026,P4,char3gram,source_only,kdey,replace,0.05,0.9499940391390134,0.9499940391390134,0.95,1.0,
2026,P4,char3gram,source_only,kdey,replace,0.1,0.8999940391390134,0.8999940391390134,0.9,0.0,
2026,P4,char3gram,source_only,median_sweep,replace,0.05,0.95,0.95,0.95,1.0,
2026,P4,char3gram,source_only,median_sweep,replace,0.1,0.9,0.9,0.9,0.0,
2026,P4,char3gram,source_only,pacc,replace,0.05,0.95,0.95,0.95,1.0,
2026,P4,char3gram,source_only,pacc,replace,0.1,0.9,0.9,0.9,0.0,
2026,P4,char3gram,source_only,pcc,replace,0.05,0.9173960906465715,0.9173960906465715,0.95,1.0,
2026,P4,char3gram,source_only,pcc,replace,0.1,0.8676671848608488,0.8676671848608488,0.9,0.0,
2026,P4,char3gram,target_real_anchor,acc,replace,0.05,0.95,0.95,0.8881759853345553,1.0,3.947161856062e-05
2026,P4,char3gram,target_real_anchor,acc,replace,0.1,0.9,0.9,0.7900172117039587,0.0,0.00070899399702466
2026,P4,char3gram,target_real_anchor,cc,replace,0.05,0.0051799999999999746,-0.003080000000000025,0.8881759853345553,0.0,0.0030743008365291596
2026,P4,char3gram,target_real_anchor,cc,replace,0.1,0.048819999999999995,-0.048819999999999995,0.7900172117039587,1.0,0.0026114064006817804
2026,P4,char3gram,target_real_anchor,dys,replace,0.05,0.9499940391390134,0.9499940391390134,0.8881759853345553,1.0,3.947161856062e-05
2026,P4,char3gram,target_real_anchor,dys,replace,0.1,0.8999940391390134,0.8999940391390134,0.7900172117039587,0.0,0.00070899399702466
2026,P4,char3gram,target_real_anchor,emq,replace,0.05,0.9499999999481759,0.9499999999481759,0.8881759853345553,1.0,3.947161856062e-05
2026,P4,char3gram,target_real_anchor,emq,replace,0.1,0.8999999999512525,0.8999999999512525,0.7900172117039587,0.0,0.00070899399702466
2026,P4,char3gram,target_real_anchor,hdy,replace,0.05,0.9499940391390134,0.9499940391390134,0.8881759853345553,1.0,3.947161856062e-05
2026,P4,char3gram,target_real_anchor,hdy,replace,0.1,0.8999940391390134,0.8999940391390134,0.7900172117039587,0.0,0.00070899399702466
2026,P4,char3gram,target_real_anchor,kdey,replace,0.05,0.9499940391390134,0.9499940391390134,0.8881759853345553,1.0,3.947161856062e-05
2026,P4,char3gram,target_real_anchor,kdey,replace,0.1,0.8999940391390134,0.8999940391390134,0.7900172117039587,0.0,0.00070899399702466
2026,P4,char3gram,target_real_anchor,median_sweep,replace,0.05,0.95,0.95,0.8881759853345553,1.0,3.947161856062e-05
2026,P4,char3gram,target_real_anchor,median_sweep,replace,0.1,0.9,0.9,0.7900172117039587,0.0,0.00070899399702466
2026,P4,char3gram,target_real_anchor,pacc,replace,0.05,0.95,0.95,0.8881759853345553,1.0,3.947161856062e-05
2026,P4,char3gram,target_real_anchor,pacc,replace,0.1,0.9,0.9,0.7900172117039587,0.0,0.00070899399702466
2026,P4,char3gram,target_real_anchor,pcc,replace,0.05,0.9173960906465715,0.9173960906465715,0.8881759853345553,1.0,3.947161856062e-05
2026,P4,char3gram,target_real_anchor,pcc,replace,0.1,0.8676671848608488,0.8676671848608488,0.7900172117039587,0.0,0.00070899399702466
2026,P4,column_positional_ablation,oracle_target,acc,replace,0.05,0.03514224852071002,-0.011012307692307663,0.8335854765506806,0.08,0.0
2026,P4,column_positional_ablation,oracle_target,acc,replace,0.1,0.04496059171597627,-0.009626627218934888,0.7035040431266846,0.6,0.0033072431915195403
2026,P4,column_positional_ablation,oracle_target,cc,replace,0.05,0.00525999999999994,0.0031799999999999403,0.8335854765506806,0.0,0.0
2026,P4,column_positional_ablation,oracle_target,cc,replace,0.1,0.040229999999999995,-0.040229999999999995,0.7035040431266846,1.0,0.00015190592597572001
2026,P4,column_positional_ablation,oracle_target,dys,replace,0.05,0.03991991531375025,-0.006709997708108507,0.8335854765506806,0.13,0.0
2026,P4,column_positional_ablation,oracle_target,dys,replace,0.1,0.04454028661224003,-0.017528915606028272,0.7035040431266846,0.65,0.00166618074711992
2026,P4,column_positional_ablation,oracle_target,emq,replace,0.05,0.038998359062488296,-0.028309883537106416,0.8335854765506806,0.04,0.0
2026,P4,column_positional_ablation,oracle_target,emq,replace,0.1,0.060049528402714485,-0.04894722454974411,0.7035040431266846,0.85,0.00166618074711992
2026,P4,column_positional_ablation,oracle_target,hdy,replace,0.05,0.03767906307602754,-0.011776518521487337,0.8335854765506806,0.08,0.0
2026,P4,column_positional_ablation,oracle_target,hdy,replace,0.1,0.04569373540032542,-0.02397042326434434,0.7035040431266846,0.7,0.00166618074711992
2026,P4,column_positional_ablation,oracle_target,kdey,replace,0.05,0.654704447229761,0.654704447229761,0.8335854765506806,1.0,0.0025103351349734402
2026,P4,column_positional_ablation,oracle_target,kdey,replace,0.1,0.6257411623376967,0.6257411623376967,0.7035040431266846,0.0,0.004037767162304561
2026,P4,column_positional_ablation,oracle_target,pacc,replace,0.05,0.04181291389617217,-0.00864284430440638,0.8335854765506806,0.14,0.0
2026,P4,column_positional_ablation,oracle_target,pacc,replace,0.1,0.04872022673285525,-0.019928557323433467,0.7035040431266846,0.66,0.00166618074711992
2026,P4,column_positional_ablation,oracle_target,pcc,replace,0.05,0.4195407872362305,0.4195407872362305,0.8335854765506806,1.0,0.0025103351349734402
2026,P4,column_positional_ablation,oracle_target,pcc,replace,0.1,0.37291449771663226,0.37291449771663226,0.7035040431266846,0.0,0.004037767162304561
2026,P4,column_positional_ablation,source_only,acc,replace,0.05,0.95,0.95,0.9473015014202624,1.0,0.11066600880635728
2026,P4,column_positional_ablation,source_only,acc,replace,0.1,0.9,0.9,0.894901537631508,0.0,0.11533891019459201
2026,P4,column_positional_ablation,source_only,cc,replace,0.05,0.8914300000000001,0.8914300000000001,0.9473015014202624,1.0,0.11066600880635728
2026,P4,column_positional_ablation,source_only,cc,replace,0.1,0.8451099999999999,0.8451099999999999,0.894901537631508,0.0,0.11533891019459201
2026,P4,column_positional_ablation,source_only,dys,replace,0.05,0.9499940391390134,0.9499940391390134,0.9473015014202624,1.0,0.11066600880635728
2026,P4,column_positional_ablation,source_only,dys,replace,0.1,0.8999940391390134,0.8999940391390134,0.894901537631508,0.0,0.11533891019459201
2026,P4,column_positional_ablation,source_only,emq,replace,0.05,0.9499999982936079,0.9499999982936079,0.9473015014202624,1.0,0.11066600880635728
2026,P4,column_positional_ablation,source_only,emq,replace,0.1,0.8999999984882636,0.8999999984882636,0.894901537631508,0.0,0.11533891019459201
2026,P4,column_positional_ablation,source_only,hdy,replace,0.05,0.9499940391390134,0.9499940391390134,0.9473015014202624,1.0,0.11066600880635728
2026,P4,column_positional_ablation,source_only,hdy,replace,0.1,0.8999940391390134,0.8999940391390134,0.894901537631508,0.0,0.11533891019459201
2026,P4,column_positional_ablation,source_only,kdey,replace,0.05,0.9499940391390134,0.9499940391390134,0.9473015014202624,1.0,0.11066600880635728
2026,P4,column_positional_ablation,source_only,kdey,replace,0.1,0.8999940391390134,0.8999940391390134,0.894901537631508,0.0,0.11533891019459201
2026,P4,column_positional_ablation,source_only,median_sweep,replace,0.05,0.95,0.95,0.9473015014202624,1.0,0.11066600880635728
2026,P4,column_positional_ablation,source_only,median_sweep,replace,0.1,0.9,0.9,0.894901537631508,0.0,0.11533891019459201
2026,P4,column_positional_ablation,source_only,pacc,replace,0.05,0.95,0.95,0.9473015014202624,1.0,0.11066600880635728
2026,P4,column_positional_ablation,source_only,pacc,replace,0.1,0.9,0.9,0.894901537631508,0.0,0.11533891019459201
2026,P4,column_positional_ablation,source_only,pcc,replace,0.05,0.8292258922450501,0.8292258922450501,0.9473015014202624,1.0,0.11066600880635728
2026,P4,column_positional_ablation,source_only,pcc,replace,0.1,0.7830289106036102,0.7830289106036102,0.894901537631508,0.0,0.11533891019459201
2026,P4,column_positional_ablation,target_real_anchor,acc,replace,0.05,0.014913990729034933,0.01367374631268433,0.8058727569331158,0.0,0.00096735368214876
2026,P4,column_positional_ablation,target_real_anchor,acc,replace,0.1,0.026073767383059363,-0.025900484618626162,0.6628895184135978,0.98,0.00256027271300092
2026,P4,column_positional_ablation,target_real_anchor,cc,replace,0.05,0.01668,-0.01668,0.8058727569331158,0.0,0.00096735368214876
2026,P4,column_positional_ablation,target_real_anchor,cc,replace,0.1,0.06189,-0.06189,0.6628895184135978,1.0,0.00033790097707206
2026,P4,column_positional_ablation,target_real_anchor,dys,replace,0.05,0.9499940391390134,0.9499940391390134,0.8058727569331158,1.0,0.0005612744548356399
2026,P4,column_positional_ablation,target_real_anchor,dys,replace,0.1,0.8999940391390134,0.8999940391390134,0.6628895184135978,0.0,0.0028739524695926
2026,P4,column_positional_ablation,target_real_anchor,emq,replace,0.05,0.9499999982936079,0.9499999982936079,0.8058727569331158,1.0,0.0005612744548356399
2026,P4,column_positional_ablation,target_real_anchor,emq,replace,0.1,0.8999999984882636,0.8999999984882636,0.6628895184135978,0.0,0.0028739524695926
2026,P4,column_positional_ablation,target_real_anchor,hdy,replace,0.05,0.9499940391390134,0.9499940391390134,0.8058727569331158,1.0,0.0005612744548356399
2026,P4,column_positional_ablation,target_real_anchor,hdy,replace,0.1,0.8999940391390134,0.8999940391390134,0.6628895184135978,0.0,0.0028739524695926
2026,P4,column_positional_ablation,target_real_anchor,kdey,replace,0.05,0.9499940391390134,0.9499940391390134,0.8058727569331158,1.0,0.0005612744548356399
2026,P4,column_positional_ablation,target_real_anchor,kdey,replace,0.1,0.8999940391390134,0.8999940391390134,0.6628895184135978,0.0,0.0028739524695926
2026,P4,column_positional_ablation,target_real_anchor,median_sweep,replace,0.05,0.95,0.95,0.8058727569331158,1.0,0.0005612744548356399
2026,P4,column_positional_ablation,target_real_anchor,median_sweep,replace,0.1,0.9,0.9,0.6628895184135978,0.0,0.0028739524695926
2026,P4,column_positional_ablation,target_real_anchor,pacc,replace,0.05,0.95,0.95,0.8058727569331158,1.0,0.0005612744548356399
2026,P4,column_positional_ablation,target_real_anchor,pacc,replace,0.1,0.9,0.9,0.6628895184135978,0.0,0.0028739524695926
2026,P4,column_positional_ablation,target_real_anchor,pcc,replace,0.05,0.8292258922450501,0.8292258922450501,0.8058727569331158,1.0,0.0005612744548356399
2026,P4,column_positional_ablation,target_real_anchor,pcc,replace,0.1,0.7830289106036102,0.7830289106036102,0.6628895184135978,0.0,0.0028739524695926
2026,P4,datum_ta,oracle_target,cc,replace,0.05,0.05,-0.05,0.0,0.0,0.0
2026,P4,datum_ta,oracle_target,cc,replace,0.1,0.1,-0.1,0.0,1.0,0.0
2026,P4,datum_ta,oracle_target,dys,replace,0.05,0.9499940391390134,0.9499940391390134,0.0,1.0,0.0
2026,P4,datum_ta,oracle_target,dys,replace,0.1,0.8999940391390134,0.8999940391390134,0.0,0.0,0.0
2026,P4,datum_ta,oracle_target,emq,replace,0.05,0.45,0.45,0.0,1.0,0.0
2026,P4,datum_ta,oracle_target,emq,replace,0.1,0.4,0.4,0.0,0.0,0.0
2026,P4,datum_ta,oracle_target,hdy,replace,0.05,0.9499940391390134,0.9499940391390134,0.0,1.0,0.0
2026,P4,datum_ta,oracle_target,hdy,replace,0.1,0.8999940391390134,0.8999940391390134,0.0,0.0,0.0
2026,P4,datum_ta,oracle_target,pcc,replace,0.05,0.45,0.45,0.0,1.0,0.0
2026,P4,datum_ta,oracle_target,pcc,replace,0.1,0.4,0.4,0.0,0.0,0.0
2026,P4,datum_ta,source_only,acc,replace,0.05,0.95,0.95,0.95,1.0,
2026,P4,datum_ta,source_only,acc,replace,0.1,0.9,0.9,0.9,0.0,
2026,P4,datum_ta,source_only,cc,replace,0.05,0.95,0.95,0.95,1.0,
2026,P4,datum_ta,source_only,cc,replace,0.1,0.9,0.9,0.9,0.0,
2026,P4,datum_ta,source_only,dys,replace,0.05,0.9499940391390134,0.9499940391390134,0.95,1.0,
2026,P4,datum_ta,source_only,dys,replace,0.1,0.8999940391390134,0.8999940391390134,0.9,0.0,
2026,P4,datum_ta,source_only,emq,replace,0.05,0.9499999999394138,0.9499999999394138,0.95,1.0,
2026,P4,datum_ta,source_only,emq,replace,0.1,0.899999999939404,0.899999999939404,0.9,0.0,
2026,P4,datum_ta,source_only,hdy,replace,0.05,0.9499940391390134,0.9499940391390134,0.95,1.0,
2026,P4,datum_ta,source_only,hdy,replace,0.1,0.8999940391390134,0.8999940391390134,0.9,0.0,
2026,P4,datum_ta,source_only,kdey,replace,0.05,0.9499940391390134,0.9499940391390134,0.95,1.0,
2026,P4,datum_ta,source_only,kdey,replace,0.1,0.8999940391390134,0.8999940391390134,0.9,0.0,
2026,P4,datum_ta,source_only,median_sweep,replace,0.05,0.95,0.95,0.95,1.0,
2026,P4,datum_ta,source_only,median_sweep,replace,0.1,0.9,0.9,0.9,0.0,
2026,P4,datum_ta,source_only,pacc,replace,0.05,0.95,0.95,0.95,1.0,
2026,P4,datum_ta,source_only,pacc,replace,0.1,0.9,0.9,0.9,0.0,
2026,P4,datum_ta,source_only,pcc,replace,0.05,0.9305670127706969,0.9305670127706969,0.95,1.0,
2026,P4,datum_ta,source_only,pcc,replace,0.1,0.8805664982408217,0.8805664982408217,0.9,0.0,
2026,P4,datum_ta,target_real_anchor,acc,replace,0.05,0.6370736654804271,0.6370736654804271,0.9965940054495913,1.0,0.00471566230834208
2026,P4,datum_ta,target_real_anchor,acc,replace,0.1,0.5626272241992883,0.5626272241992883,0.9928366762177652,0.0,0.00433709360305604
2026,P4,datum_ta,target_real_anchor,cc,replace,0.05,0.01262,-0.01262,0.9965940054495913,0.0,0.0
2026,P4,datum_ta,target_real_anchor,cc,replace,0.1,0.06395,-0.06395,0.9928366762177652,1.0,0.00021649584725680002
2026,P4,datum_ta,target_real_anchor,dys,replace,0.05,0.9499940391390134,0.9499940391390134,0.9965940054495913,1.0,0.00471566230834208
2026,P4,datum_ta,target_real_anchor,dys,replace,0.1,0.8999940391390134,0.8999940391390134,0.9928366762177652,0.0,0.00433709360305604
2026,P4,datum_ta,target_real_anchor,emq,replace,0.05,0.9499999999394138,0.9499999999394138,0.9965940054495913,1.0,0.00471566230834208
2026,P4,datum_ta,target_real_anchor,emq,replace,0.1,0.899999999939404,0.899999999939404,0.9928366762177652,0.0,0.00433709360305604
2026,P4,datum_ta,target_real_anchor,hdy,replace,0.05,0.9499940391390134,0.9499940391390134,0.9965940054495913,1.0,0.00471566230834208
2026,P4,datum_ta,target_real_anchor,hdy,replace,0.1,0.8999940391390134,0.8999940391390134,0.9928366762177652,0.0,0.00433709360305604
2026,P4,datum_ta,target_real_anchor,kdey,replace,0.05,0.9499940391390134,0.9499940391390134,0.9965940054495913,1.0,0.00471566230834208
2026,P4,datum_ta,target_real_anchor,kdey,replace,0.1,0.8999940391390134,0.8999940391390134,0.9928366762177652,0.0,0.00433709360305604
2026,P4,datum_ta,target_real_anchor,median_sweep,replace,0.05,0.95,0.95,0.9965940054495913,1.0,0.00471566230834208
2026,P4,datum_ta,target_real_anchor,median_sweep,replace,0.1,0.9,0.9,0.9928366762177652,0.0,0.00433709360305604
2026,P4,datum_ta,target_real_anchor,pacc,replace,0.05,0.95,0.95,0.9965940054495913,1.0,0.00471566230834208
2026,P4,datum_ta,target_real_anchor,pacc,replace,0.1,0.9,0.9,0.9928366762177652,0.0,0.00433709360305604
2026,P4,datum_ta,target_real_anchor,pcc,replace,0.05,0.9305670127706969,0.9305670127706969,0.9965940054495913,1.0,0.00471566230834208
2026,P4,datum_ta,target_real_anchor,pcc,replace,0.1,0.8805664982408217,0.8805664982408217,0.9928366762177652,0.0,0.00433709360305604
2026,P4,datum_transformer,oracle_target,acc,replace,0.05,0.12378789473684206,0.11094394736842102,0.8975678203928905,0.62,0.0
2026,P4,datum_transformer,oracle_target,acc,replace,0.1,0.12037802631578944,0.08535144736842103,0.8058510638297872,0.29,0.00180522849432218
2026,P4,datum_transformer,oracle_target,cc,replace,0.05,0.008529999999999923,0.008149999999999923,0.8975678203928905,0.0,0.0013815066496221
2026,P4,datum_transformer,oracle_target,cc,replace,0.1,0.040650000000000006,-0.040650000000000006,0.8058510638297872,1.0,0.0018575582916563796
2026,P4,datum_transformer,oracle_target,dys,replace,0.05,0.046378505782078555,-0.03400114774646153,0.8975678203928905,0.05,0.0013815066496221
2026,P4,datum_transformer,oracle_target,dys,replace,0.1,0.07936754619173021,-0.060451503611210905,0.8058510638297872,0.85,0.0018575582916563796
2026,P4,datum_transformer,oracle_target,emq,replace,0.05,0.039616365194356414,-0.03834519217127199,0.8975678203928905,0.0,0.0013815066496221
2026,P4,datum_transformer,oracle_target,emq,replace,0.1,0.07978122338935663,-0.07767977311445484,0.8058510638297872,0.98,0.0018575582916563796
2026,P4,datum_transformer,oracle_target,hdy,replace,0.05,0.048337657098884435,-0.02499120709736255,0.8975678203928905,0.09,0.0013815066496221
2026,P4,datum_transformer,oracle_target,hdy,replace,0.1,0.07069615260253176,-0.039283517638032645,0.8058510638297872,0.73,0.0018575582916563796
2026,P4,datum_transformer,oracle_target,kdey,replace,0.05,0.7734695653131669,0.7734695653131669,0.8975678203928905,1.0,0.00070749885995798
2026,P4,datum_transformer,oracle_target,kdey,replace,0.1,0.7399789815622028,0.7399789815622028,0.8058510638297872,0.0,0.00057831901739586
2026,P4,datum_transformer,oracle_target,pacc,replace,0.05,0.04926757963164069,-0.010733623385809998,0.8975678203928905,0.14,0.0013815066496221
2026,P4,datum_transformer,oracle_target,pacc,replace,0.1,0.07278975431927794,-0.02205821695451472,0.8058510638297872,0.63,0.0018575582916563796
2026,P4,datum_transformer,oracle_target,pcc,replace,0.05,0.4468804577806149,0.4468804577806149,0.8975678203928905,1.0,0.00070749885995798
2026,P4,datum_transformer,oracle_target,pcc,replace,0.1,0.3972149317785366,0.3972149317785366,0.8058510638297872,0.0,0.00057831901739586
2026,P4,datum_transformer,source_only,acc,replace,0.05,0.95,0.95,0.95,1.0,
2026,P4,datum_transformer,source_only,acc,replace,0.1,0.9,0.9,0.9,0.0,
2026,P4,datum_transformer,source_only,cc,replace,0.05,0.94988,0.94988,0.95,1.0,
2026,P4,datum_transformer,source_only,cc,replace,0.1,0.89974,0.89974,0.9,0.0,
2026,P4,datum_transformer,source_only,dys,replace,0.05,0.9499940391390134,0.9499940391390134,0.95,1.0,
2026,P4,datum_transformer,source_only,dys,replace,0.1,0.8999940391390134,0.8999940391390134,0.9,0.0,
2026,P4,datum_transformer,source_only,emq,replace,0.05,0.9499999999258297,0.9499999999258297,0.95,1.0,
2026,P4,datum_transformer,source_only,emq,replace,0.1,0.899999999924012,0.899999999924012,0.9,0.0,
2026,P4,datum_transformer,source_only,hdy,replace,0.05,0.9499940391390134,0.9499940391390134,0.95,1.0,
2026,P4,datum_transformer,source_only,hdy,replace,0.1,0.8999940391390134,0.8999940391390134,0.9,0.0,
2026,P4,datum_transformer,source_only,kdey,replace,0.05,0.9499940391390134,0.9499940391390134,0.95,1.0,
2026,P4,datum_transformer,source_only,kdey,replace,0.1,0.8999940391390134,0.8999940391390134,0.9,0.0,
2026,P4,datum_transformer,source_only,median_sweep,replace,0.05,0.95,0.95,0.95,1.0,
2026,P4,datum_transformer,source_only,median_sweep,replace,0.1,0.9,0.9,0.9,0.0,
2026,P4,datum_transformer,source_only,pacc,replace,0.05,0.95,0.95,0.95,1.0,
2026,P4,datum_transformer,source_only,pacc,replace,0.1,0.9,0.9,0.9,0.0,
2026,P4,datum_transformer,source_only,pcc,replace,0.05,0.9156223867767007,0.9156223867767007,0.95,1.0,
2026,P4,datum_transformer,source_only,pcc,replace,0.1,0.8656124387476176,0.8656124387476176,0.9,0.0,
2026,P4,datum_transformer,target_real_anchor,acc,replace,0.05,0.03393179245283014,0.03393179245283014,0.8942542787286064,0.06,0.0008507329909469002
2026,P4,datum_transformer,target_real_anchor,acc,replace,0.1,0.014328283018867873,-0.013183603773584872,0.8002309468822171,0.89,0.00038574536320612
2026,P4,datum_transformer,target_real_anchor,cc,replace,0.05,0.007469999999999994,-0.0065500000000000055,0.8942542787286064,0.0,0.00112882848535132
2026,P4,datum_transformer,target_real_anchor,cc,replace,0.1,0.055069999999999994,-0.055069999999999994,0.8002309468822171,1.0,0.00038574536320612
2026,P4,datum_transformer,target_real_anchor,dys,replace,0.05,0.9499940391390134,0.9499940391390134,0.8942542787286064,1.0,0.00025297719168402
2026,P4,datum_transformer,target_real_anchor,dys,replace,0.1,0.8999940391390134,0.8999940391390134,0.8002309468822171,0.0,0.00135429515500828
2026,P4,datum_transformer,target_real_anchor,emq,replace,0.05,0.9499999999258297,0.9499999999258297,0.8942542787286064,1.0,0.00025297719168402
2026,P4,datum_transformer,target_real_anchor,emq,replace,0.1,0.899999999924012,0.899999999924012,0.8002309468822171,0.0,0.00135429515500828
2026,P4,datum_transformer,target_real_anchor,hdy,replace,0.05,0.9499940391390134,0.9499940391390134,0.8942542787286064,1.0,0.00025297719168402
2026,P4,datum_transformer,target_real_anchor,hdy,replace,0.1,0.8999940391390134,0.8999940391390134,0.8002309468822171,0.0,0.00135429515500828
2026,P4,datum_transformer,target_real_anchor,kdey,replace,0.05,0.9499940391390134,0.9499940391390134,0.8942542787286064,1.0,0.00025297719168402
2026,P4,datum_transformer,target_real_anchor,kdey,replace,0.1,0.8999940391390134,0.8999940391390134,0.8002309468822171,0.0,0.00135429515500828
2026,P4,datum_transformer,target_real_anchor,median_sweep,replace,0.05,0.95,0.95,0.8942542787286064,1.0,0.00025297719168402
2026,P4,datum_transformer,target_real_anchor,median_sweep,replace,0.1,0.9,0.9,0.8002309468822171,0.0,0.00135429515500828
2026,P4,datum_transformer,target_real_anchor,pacc,replace,0.05,0.95,0.95,0.8942542787286064,1.0,0.00025297719168402
2026,P4,datum_transformer,target_real_anchor,pacc,replace,0.1,0.9,0.9,0.8002309468822171,0.0,0.00135429515500828
2026,P4,datum_transformer,target_real_anchor,pcc,replace,0.05,0.9156223867767007,0.9156223867767007,0.8942542787286064,1.0,0.00025297719168402
2026,P4,datum_transformer,target_real_anchor,pcc,replace,0.1,0.8656124387476176,0.8656124387476176,0.8002309468822171,0.0,0.00135429515500828
2026,P4,flat_transformer,oracle_target,cc,replace,0.05,0.05,-0.05,0.0,0.0,0.0
2026,P4,flat_transformer,oracle_target,cc,replace,0.1,0.1,-0.1,0.0,1.0,0.0
2026,P4,flat_transformer,oracle_target,dys,replace,0.05,0.9499940391390134,0.9499940391390134,0.0,1.0,0.0
2026,P4,flat_transformer,oracle_target,dys,replace,0.1,0.8999940391390134,0.8999940391390134,0.0,0.0,0.0
2026,P4,flat_transformer,oracle_target,emq,replace,0.05,0.45,0.45,0.0,1.0,0.0
2026,P4,flat_transformer,oracle_target,emq,replace,0.1,0.4,0.4,0.0,0.0,0.0
2026,P4,flat_transformer,oracle_target,hdy,replace,0.05,0.9499940391390134,0.9499940391390134,0.0,1.0,0.0
2026,P4,flat_transformer,oracle_target,hdy,replace,0.1,0.8999940391390134,0.8999940391390134,0.0,0.0,0.0
2026,P4,flat_transformer,oracle_target,pcc,replace,0.05,0.45,0.45,0.0,1.0,0.0
2026,P4,flat_transformer,oracle_target,pcc,replace,0.1,0.4,0.4,0.0,0.0,0.0
2026,P4,flat_transformer,source_only,acc,replace,0.05,0.95,0.95,0.949975604119052,1.0,
2026,P4,flat_transformer,source_only,acc,replace,0.1,0.9,0.9,0.8999537774125623,0.0,
2026,P4,flat_transformer,source_only,cc,replace,0.05,0.95,0.95,0.949975604119052,1.0,
2026,P4,flat_transformer,source_only,cc,replace,0.1,0.9,0.9,0.8999537774125623,0.0,
2026,P4,flat_transformer,source_only,dys,replace,0.05,0.9499940391390134,0.9499940391390134,0.949975604119052,1.0,
2026,P4,flat_transformer,source_only,dys,replace,0.1,0.8999940391390134,0.8999940391390134,0.8999537774125623,0.0,
2026,P4,flat_transformer,source_only,emq,replace,0.05,0.9499999999546621,0.9499999999546621,0.949975604119052,1.0,
2026,P4,flat_transformer,source_only,emq,replace,0.1,0.8999999999546641,0.8999999999546641,0.8999537774125623,0.0,
2026,P4,flat_transformer,source_only,hdy,replace,0.05,0.9499940391390134,0.9499940391390134,0.949975604119052,1.0,
2026,P4,flat_transformer,source_only,hdy,replace,0.1,0.8999940391390134,0.8999940391390134,0.8999537774125623,0.0,
2026,P4,flat_transformer,source_only,kdey,replace,0.05,0.9499940391390134,0.9499940391390134,0.949975604119052,1.0,
2026,P4,flat_transformer,source_only,kdey,replace,0.1,0.8999940391390134,0.8999940391390134,0.8999537774125623,0.0,
2026,P4,flat_transformer,source_only,median_sweep,replace,0.05,0.95,0.95,0.949975604119052,1.0,
2026,P4,flat_transformer,source_only,median_sweep,replace,0.1,0.9,0.9,0.8999537774125623,0.0,
2026,P4,flat_transformer,source_only,pacc,replace,0.05,0.95,0.95,0.949975604119052,1.0,
2026,P4,flat_transformer,source_only,pacc,replace,0.1,0.9,0.9,0.8999537774125623,0.0,
2026,P4,flat_transformer,source_only,pcc,replace,0.05,0.9015292546341257,0.9015292546341257,0.949975604119052,1.0,
2026,P4,flat_transformer,source_only,pcc,replace,0.1,0.851529487526297,0.851529487526297,0.8999537774125623,0.0,
2026,P4,flat_transformer,target_real_anchor,acc,replace,0.05,0.30407304761904763,0.30407304761904763,0.7864651773981604,1.0,0.0006417128290235635
2026,P4,flat_transformer,target_real_anchor,acc,replace,0.1,0.32244780952380947,0.32244780952380947,0.6356502242152465,0.0,0.0009577848049219607
2026,P4,flat_transformer,target_real_anchor,cc,replace,0.05,0.014129999999999998,-0.01401,0.7864651773981604,0.0,0.00054333281003534
2026,P4,flat_transformer,target_real_anchor,cc,replace,0.1,0.05706000000000001,-0.05706000000000001,0.6356502242152465,1.0,0.00048023802582102
2026,P4,flat_transformer,target_real_anchor,dys,replace,0.05,0.9499940391390134,0.9499940391390134,0.7864651773981604,1.0,0.0006417128290235635
2026,P4,flat_transformer,target_real_anchor,dys,replace,0.1,0.8999940391390134,0.8999940391390134,0.6356502242152465,0.0,0.0009577848049219607
2026,P4,flat_transformer,target_real_anchor,emq,replace,0.05,0.9499999999546621,0.9499999999546621,0.7864651773981604,1.0,0.0006417128290235635
2026,P4,flat_transformer,target_real_anchor,emq,replace,0.1,0.8999999999546641,0.8999999999546641,0.6356502242152465,0.0,0.0009577848049219607
2026,P4,flat_transformer,target_real_anchor,hdy,replace,0.05,0.9499940391390134,0.9499940391390134,0.7864651773981604,1.0,0.0006417128290235635
2026,P4,flat_transformer,target_real_anchor,hdy,replace,0.1,0.8999940391390134,0.8999940391390134,0.6356502242152465,0.0,0.0009577848049219607
2026,P4,flat_transformer,target_real_anchor,kdey,replace,0.05,0.9499940391390134,0.9499940391390134,0.7864651773981604,1.0,0.0006417128290235635
2026,P4,flat_transformer,target_real_anchor,kdey,replace,0.1,0.8999940391390134,0.8999940391390134,0.6356502242152465,0.0,0.0009577848049219607
2026,P4,flat_transformer,target_real_anchor,median_sweep,replace,0.05,0.95,0.95,0.7864651773981604,1.0,0.0006417128290235635
2026,P4,flat_transformer,target_real_anchor,median_sweep,replace,0.1,0.9,0.9,0.6356502242152465,0.0,0.0009577848049219607
2026,P4,flat_transformer,target_real_anchor,pacc,replace,0.05,0.95,0.95,0.7864651773981604,1.0,0.0006417128290235635
2026,P4,flat_transformer,target_real_anchor,pacc,replace,0.1,0.9,0.9,0.6356502242152465,0.0,0.0009577848049219607
2026,P4,flat_transformer,target_real_anchor,pcc,replace,0.05,0.9015292546341257,0.9015292546341257,0.7864651773981604,1.0,0.0006417128290235635
2026,P4,flat_transformer,target_real_anchor,pcc,replace,0.1,0.851529487526297,0.851529487526297,0.6356502242152465,0.0,0.0009577848049219607
2027,P1,c2st_lr,oracle_target,acc,replace,0.05,0.036644084720121005,-0.02766414523449319,0.8236672524897481,0.02,0.0004437752769474071
2027,P1,c2st_lr,oracle_target,acc,replace,0.1,0.04717633888048409,-0.030343207261724653,0.6887280248190278,0.79,0.00102657376472652
2027,P1,c2st_lr,oracle_target,cc,replace,0.05,0.0051899999999999525,0.000809999999999952,0.8236672524897481,0.0,0.0004437752769474071
2027,P1,c2st_lr,oracle_target,cc,replace,0.1,0.040889999999999996,-0.040889999999999996,0.6887280248190278,1.0,0.00102657376472652
2027,P1,c2st_lr,oracle_target,dys,replace,0.05,0.031034581607633574,-0.01341724662857069,0.8236672524897481,0.06,0.0004715799191137071
2027,P1,c2st_lr,oracle_target,dys,replace,0.1,0.038756162003031135,-0.018383999097062273,0.6887280248190278,0.68,0.00120340249692278
2027,P1,c2st_lr,oracle_target,emq,replace,0.05,0.026033462744687704,-0.01068051256701802,0.8236672524897481,0.05,0.0004437752769474071
2027,P1,c2st_lr,oracle_target,emq,replace,0.1,0.027383154676863888,-0.00956202724065996,0.6887280248190278,0.59,0.00108910673465786
2027,P1,c2st_lr,oracle_target,hdy,replace,0.05,0.02672712181403458,-0.010805165125893563,0.8236672524897481,0.05,0.0004437752769474071
2027,P1,c2st_lr,oracle_target,hdy,replace,0.1,0.028013728086443677,-0.007837918862029608,0.6887280248190278,0.55,0.00108910673465786
2027,P1,c2st_lr,oracle_target,kdey,replace,0.05,0.030958988093953223,-0.02291952213284335,0.8236672524897481,0.02,0.0004437752769474071
2027,P1,c2st_lr,oracle_target,kdey,replace,0.1,0.0328633539078015,-0.021992462936423648,0.6887280248190278,0.73,0.00108910673465786
2027,P1,c2st_lr,oracle_target,median_sweep,replace,0.05,0.032973320740541545,-0.022594739168741104,0.8236672524897481,0.02,0.0004437752769474071
2027,P1,c2st_lr,oracle_target,median_sweep,replace,0.1,0.03571155927649977,-0.02457255474068863,0.6887280248190278,0.72,0.00108910673465786
2027,P1,c2st_lr,oracle_target,pacc,replace,0.05,0.028497088427391543,-0.01275214107362167,0.8236672524897481,0.06,0.0004437752769474071
2027,P1,c2st_lr,oracle_target,pacc,replace,0.1,0.029021107079056696,-0.013487394506244404,0.6887280248190278,0.66,0.00108910673465786
2027,P1,c2st_lr,oracle_target,pcc,replace,0.05,0.3904975531835265,0.3904975531835265,0.8236672524897481,1.0,0.00023650430807097998
2027,P1,c2st_lr,oracle_target,pcc,replace,0.1,0.3471667434501541,0.3471667434501541,0.6887280248190278,0.0,0.00023936170212759999
2027,P1,c2st_lr,source_only,acc,replace,0.05,0.036644084720121005,-0.02766414523449319,0.8236672524897481,0.02,0.0004437752769474071
2027,P1,c2st_lr,source_only,acc,replace,0.1,0.04717633888048409,-0.030343207261724653,0.6887280248190278,0.79,0.00102657376472652
2027,P1,c2st_lr,source_only,cc,replace,0.05,0.0051899999999999525,0.000809999999999952,0.8236672524897481,0.0,0.0004437752769474071
2027,P1,c2st_lr,source_only,cc,replace,0.1,0.040889999999999996,-0.040889999999999996,0.6887280248190278,1.0,0.00102657376472652
2027,P1,c2st_lr,source_only,dys,replace,0.05,0.031034581607633574,-0.01341724662857069,0.8236672524897481,0.06,0.0004715799191137071
2027,P1,c2st_lr,source_only,dys,replace,0.1,0.038756162003031135,-0.018383999097062273,0.6887280248190278,0.68,0.00120340249692278
2027,P1,c2st_lr,source_only,emq,replace,0.05,0.026033462744687704,-0.01068051256701802,0.8236672524897481,0.05,0.0004437752769474071
2027,P1,c2st_lr,source_only,emq,replace,0.1,0.027383154676863888,-0.00956202724065996,0.6887280248190278,0.59,0.00108910673465786
2027,P1,c2st_lr,source_only,hdy,replace,0.05,0.02672712181403458,-0.010805165125893563,0.8236672524897481,0.05,0.0004437752769474071
2027,P1,c2st_lr,source_only,hdy,replace,0.1,0.028013728086443677,-0.007837918862029608,0.6887280248190278,0.55,0.00108910673465786
2027,P1,c2st_lr,source_only,kdey,replace,0.05,0.030958988093953223,-0.02291952213284335,0.8236672524897481,0.02,0.0004437752769474071
2027,P1,c2st_lr,source_only,kdey,replace,0.1,0.0328633539078015,-0.021992462936423648,0.6887280248190278,0.73,0.00108910673465786
2027,P1,c2st_lr,source_only,median_sweep,replace,0.05,0.032973320740541545,-0.022594739168741104,0.8236672524897481,0.02,0.0004437752769474071
2027,P1,c2st_lr,source_only,median_sweep,replace,0.1,0.03571155927649977,-0.02457255474068863,0.6887280248190278,0.72,0.00108910673465786
2027,P1,c2st_lr,source_only,pacc,replace,0.05,0.028497088427391543,-0.01275214107362167,0.8236672524897481,0.06,0.0004437752769474071
2027,P1,c2st_lr,source_only,pacc,replace,0.1,0.029021107079056696,-0.013487394506244404,0.6887280248190278,0.66,0.00108910673465786
2027,P1,c2st_lr,source_only,pcc,replace,0.05,0.3904975531835265,0.3904975531835265,0.8236672524897481,1.0,0.00023650430807097998
2027,P1,c2st_lr,source_only,pcc,replace,0.1,0.3471667434501541,0.3471667434501541,0.6887280248190278,0.0,0.00023936170212759999
2027,P1,c2st_lr,target_real_anchor,acc,replace,0.05,0.03378950617283947,-0.017265709876543186,0.8175865294667913,0.05,0.00047421751362744714
2027,P1,c2st_lr,target_real_anchor,acc,replace,0.1,0.04221297839506168,-0.014926805555555527,0.6798029556650246,0.65,0.0010693247758044
2027,P1,c2st_lr,target_real_anchor,cc,replace,0.05,0.005039999999999954,-6.000000000004599e-05,0.8175865294667913,0.0,0.0004422366801476271
2027,P1,c2st_lr,target_real_anchor,cc,replace,0.1,0.041929999999999995,-0.041929999999999995,0.6798029556650246,1.0,0.0010328380516968
2027,P1,c2st_lr,target_real_anchor,dys,replace,0.05,0.031034581607633574,-0.01341724662857069,0.8175865294667913,0.06,0.00047421751362744714
2027,P1,c2st_lr,target_real_anchor,dys,replace,0.1,0.038756162003031135,-0.018383999097062273,0.6798029556650246,0.68,0.00120098470195178
2027,P1,c2st_lr,target_real_anchor,emq,replace,0.05,0.026033462744687704,-0.01068051256701802,0.8175865294667913,0.05,0.0004422366801476271
2027,P1,c2st_lr,target_real_anchor,emq,replace,0.1,0.027383154676863888,-0.00956202724065996,0.6798029556650246,0.59,0.0010693247758044
2027,P1,c2st_lr,target_real_anchor,hdy,replace,0.05,0.02672712181403458,-0.010805165125893563,0.8175865294667913,0.05,0.0004422366801476271
2027,P1,c2st_lr,target_real_anchor,hdy,replace,0.1,0.028013728086443677,-0.007837918862029608,0.6798029556650246,0.55,0.0010693247758044
2027,P1,c2st_lr,target_real_anchor,kdey,replace,0.05,0.030958988093953223,-0.02291952213284335,0.8175865294667913,0.02,0.0004422366801476271
2027,P1,c2st_lr,target_real_anchor,kdey,replace,0.1,0.0328633539078015,-0.021992462936423648,0.6798029556650246,0.73,0.0010693247758044
2027,P1,c2st_lr,target_real_anchor,median_sweep,replace,0.05,0.032973320740541545,-0.022594739168741104,0.8175865294667913,0.02,0.0004422366801476271
2027,P1,c2st_lr,target_real_anchor,median_sweep,replace,0.1,0.03571155927649977,-0.02457255474068863,0.6798029556650246,0.72,0.0010693247758044
2027,P1,c2st_lr,target_real_anchor,pacc,replace,0.05,0.028497088427391543,-0.01275214107362167,0.8175865294667913,0.06,0.0004422366801476271
2027,P1,c2st_lr,target_real_anchor,pacc,replace,0.1,0.029021107079056696,-0.013487394506244404,0.6798029556650246,0.66,0.0010693247758044
2027,P1,c2st_lr,target_real_anchor,pcc,replace,0.05,0.3904975531835265,0.3904975531835265,0.8175865294667913,1.0,0.0002406804993845
2027,P1,c2st_lr,target_real_anchor,pcc,replace,0.1,0.3471667434501541,0.3471667434501541,0.6798029556650246,0.0,0.00020463337436258
2027,P1,c2st_xgb,oracle_target,acc,replace,0.05,0.011205840608279305,-0.010670442128977711,0.529068673565381,0.0,0.00012297784420602
2027,P1,c2st_xgb,oracle_target,acc,replace,0.1,0.011880366094057954,-0.010247045902562616,0.3473272490221643,0.85,0.0004719096184279888
2027,P1,c2st_xgb,oracle_target,cc,replace,0.05,0.02917999999999994,0.02917999999999994,0.529068673565381,0.0,0.00012297784420602
2027,P1,c2st_xgb,oracle_target,cc,replace,0.1,0.01681999999999992,0.01681999999999992,0.3473272490221643,0.0,0.0015675004395990602
2027,P1,c2st_xgb,oracle_target,dys,replace,0.05,0.004277994717641556,-0.0018874122005620097,0.529068673565381,0.0,0.00012297784420602
2027,P1,c2st_xgb,oracle_target,dys,replace,0.1,0.005970636548383387,-0.003131135243131003,0.3473272490221643,0.69,0.0012076885880077288
2027,P1,c2st_xgb,oracle_target,emq,replace,0.05,0.010322752024880078,-0.010321724883409919,0.529068673565381,0.0,0.00012297784420602
2027,P1,c2st_xgb,oracle_target,emq,replace,0.1,0.010150014072070586,-0.009872689437822968,0.3473272490221643,0.94,0.0004719096184279888
2027,P1,c2st_xgb,oracle_target,hdy,replace,0.05,0.004440386620970413,-0.0028834637945697687,0.529068673565381,0.0,0.00012297784420602
2027,P1,c2st_xgb,oracle_target,hdy,replace,0.1,0.006181122040483678,-0.004597135803531841,0.3473272490221643,0.78,0.0004719096184279888
2027,P1,c2st_xgb,oracle_target,kdey,replace,0.05,0.004329759251180688,-0.001514352443144098,0.529068673565381,0.0,0.00012297784420602
2027,P1,c2st_xgb,oracle_target,kdey,replace,0.1,0.005236294115836133,-0.0023394333874254126,0.3473272490221643,0.64,0.0012076885880077288
2027,P1,c2st_xgb,oracle_target,median_sweep,replace,0.05,0.00917536327843555,-0.008727533418316167,0.529068673565381,0.0,0.00012297784420602
2027,P1,c2st_xgb,oracle_target,median_sweep,replace,0.1,0.010150338403302176,-0.009428358867808288,0.3473272490221643,0.89,0.0004719096184279888
2027,P1,c2st_xgb,oracle_target,pacc,replace,0.05,0.010284386972121546,-0.009743309771107257,0.529068673565381,0.0,0.00012297784420602
2027,P1,c2st_xgb,oracle_target,pacc,replace,0.1,0.010524349132436349,-0.009919430471633163,0.3473272490221643,0.93,0.0004719096184279888
2027,P1,c2st_xgb,oracle_target,pcc,replace,0.05,0.15810167734412983,0.15810167734412983,0.529068673565381,1.0,0.00082062159310704
2027,P1,c2st_xgb,oracle_target,pcc,replace,0.1,0.1397429255708015,0.1397429255708015,0.3473272490221643,0.0,0.0015675004395990602
2027,P1,c2st_xgb,source_only,acc,replace,0.05,0.011205840608279305,-0.010670442128977711,0.529068673565381,0.0,0.00012297784420602
2027,P1,c2st_xgb,source_only,acc,replace,0.1,0.011880366094057954,-0.010247045902562616,0.3473272490221643,0.85,0.0004719096184279888
2027,P1,c2st_xgb,source_only,cc,replace,0.05,0.02917999999999994,0.02917999999999994,0.529068673565381,0.0,0.00012297784420602
2027,P1,c2st_xgb,source_only,cc,replace,0.1,0.01681999999999992,0.01681999999999992,0.3473272490221643,0.0,0.0015675004395990602
2027,P1,c2st_xgb,source_only,dys,replace,0.05,0.004277994717641556,-0.0018874122005620097,0.529068673565381,0.0,0.00012297784420602
2027,P1,c2st_xgb,source_only,dys,replace,0.1,0.005970636548383387,-0.003131135243131003,0.3473272490221643,0.69,0.0012076885880077288
2027,P1,c2st_xgb,source_only,emq,replace,0.05,0.010322752024880078,-0.010321724883409919,0.529068673565381,0.0,0.00012297784420602
2027,P1,c2st_xgb,source_only,emq,replace,0.1,0.010150014072070586,-0.009872689437822968,0.3473272490221643,0.94,0.0004719096184279888
2027,P1,c2st_xgb,source_only,hdy,replace,0.05,0.004440386620970413,-0.0028834637945697687,0.529068673565381,0.0,0.00012297784420602
2027,P1,c2st_xgb,source_only,hdy,replace,0.1,0.006181122040483678,-0.004597135803531841,0.3473272490221643,0.78,0.0004719096184279888
2027,P1,c2st_xgb,source_only,kdey,replace,0.05,0.004329759251180688,-0.001514352443144098,0.529068673565381,0.0,0.00012297784420602
2027,P1,c2st_xgb,source_only,kdey,replace,0.1,0.005236294115836133,-0.0023394333874254126,0.3473272490221643,0.64,0.0012076885880077288
2027,P1,c2st_xgb,source_only,median_sweep,replace,0.05,0.00917536327843555,-0.008727533418316167,0.529068673565381,0.0,0.00012297784420602
2027,P1,c2st_xgb,source_only,median_sweep,replace,0.1,0.010150338403302176,-0.009428358867808288,0.3473272490221643,0.89,0.0004719096184279888
2027,P1,c2st_xgb,source_only,pacc,replace,0.05,0.010284386972121546,-0.009743309771107257,0.529068673565381,0.0,0.00012297784420602
2027,P1,c2st_xgb,source_only,pacc,replace,0.1,0.010524349132436349,-0.009919430471633163,0.3473272490221643,0.93,0.0004719096184279888
2027,P1,c2st_xgb,source_only,pcc,replace,0.05,0.15810167734412983,0.15810167734412983,0.529068673565381,1.0,0.00082062159310704
2027,P1,c2st_xgb,source_only,pcc,replace,0.1,0.1397429255708015,0.1397429255708015,0.3473272490221643,0.0,0.0015675004395990602
2027,P1,c2st_xgb,target_real_anchor,acc,replace,0.05,0.008387307259425951,-0.006916631963984209,0.4950132302055769,0.0,0.00017133374362578
2027,P1,c2st_xgb,target_real_anchor,acc,replace,0.1,0.008989386606640358,-0.006201176139561036,0.3170933113129645,0.78,0.0004671839282574527
2027,P1,c2st_xgb,target_real_anchor,cc,replace,0.05,0.02296999999999994,0.02296999999999994,0.4950132302055769,0.0,0.00017133374362578
2027,P1,c2st_xgb,target_real_anchor,cc,replace,0.1,0.011239999999999922,0.01085999999999992,0.3170933113129645,0.05,0.00204688324248278
2027,P1,c2st_xgb,target_real_anchor,dys,replace,0.05,0.004277994717641556,-0.0018874122005620097,0.4950132302055769,0.0,0.00017133374362578
2027,P1,c2st_xgb,target_real_anchor,dys,replace,0.1,0.005970636548383387,-0.003131135243131003,0.3170933113129645,0.69,0.0011801037453842127
2027,P1,c2st_xgb,target_real_anchor,emq,replace,0.05,0.010322752024880078,-0.010321724883409919,0.4950132302055769,0.0,0.00017133374362578
2027,P1,c2st_xgb,target_real_anchor,emq,replace,0.1,0.010150014072070586,-0.009872689437822968,0.3170933113129645,0.94,0.0004671839282574527
2027,P1,c2st_xgb,target_real_anchor,hdy,replace,0.05,0.004440386620970413,-0.0028834637945697687,0.4950132302055769,0.0,0.00017133374362578
2027,P1,c2st_xgb,target_real_anchor,hdy,replace,0.1,0.006181122040483678,-0.004597135803531841,0.3170933113129645,0.78,0.0004671839282574527
2027,P1,c2st_xgb,target_real_anchor,kdey,replace,0.05,0.004329759251180688,-0.001514352443144098,0.4950132302055769,0.0,0.00017133374362578
2027,P1,c2st_xgb,target_real_anchor,kdey,replace,0.1,0.005236294115836133,-0.0023394333874254126,0.3170933113129645,0.64,0.0011801037453842127
2027,P1,c2st_xgb,target_real_anchor,median_sweep,replace,0.05,0.00917536327843555,-0.008727533418316167,0.4950132302055769,0.0,0.00017133374362578
2027,P1,c2st_xgb,target_real_anchor,median_sweep,replace,0.1,0.010150338403302176,-0.009428358867808288,0.3170933113129645,0.89,0.0004671839282574527
2027,P1,c2st_xgb,target_real_anchor,pacc,replace,0.05,0.010284386972121546,-0.009743309771107257,0.4950132302055769,0.0,0.00017133374362578
2027,P1,c2st_xgb,target_real_anchor,pacc,replace,0.1,0.010524349132436349,-0.009919430471633163,0.3170933113129645,0.93,0.0004671839282574527
2027,P1,c2st_xgb,target_real_anchor,pcc,replace,0.05,0.15810167734412983,0.15810167734412983,0.4950132302055769,1.0,0.0008317214700193198
2027,P1,c2st_xgb,target_real_anchor,pcc,replace,0.1,0.1397429255708015,0.1397429255708015,0.3170933113129645,0.0,0.00159101899068044
2027,P1,char3gram,oracle_target,acc,replace,0.05,0.00991304716661006,-0.004595130641330158,0.5721015977058582,0.0,0.00058609548092134
2027,P1,char3gram,oracle_target,acc,replace,0.1,0.010899813369528284,-0.0057499253478113434,0.3877491207502931,0.67,0.0005622472305257599
2027,P1,char3gram,oracle_target,cc,replace,0.05,0.027949999999999937,0.027949999999999937,0.5721015977058582,0.0,0.00058609548092134
2027,P1,char3gram,oracle_target,cc,replace,0.1,0.00914999999999993,0.008209999999999931,0.3877491207502931,0.13,0.00148078951995772
2027,P1,char3gram,oracle_target,dys,replace,0.05,0.008852955407367113,0.00030845337535351805,0.5721015977058582,0.0,0.00058609548092134
2027,P1,char3gram,oracle_target,dys,replace,0.1,0.009872214749262663,-0.001780685270886138,0.3877491207502931,0.52,0.00015616757517139998
2027,P1,char3gram,oracle_target,emq,replace,0.05,0.020528521588658363,-0.020467771830250968,0.5721015977058582,0.0,0.00058609548092134
2027,P1,char3gram,oracle_target,emq,replace,0.1,0.017857551758748286,-0.017407479319772788,0.3877491207502931,0.93,4.26411113065e-05
2027,P1,char3gram,oracle_target,hdy,replace,0.05,0.007345433518268845,0.00010260948905041597,0.5721015977058582,0.0,0.00058609548092134
2027,P1,char3gram,oracle_target,hdy,replace,0.1,0.008771307724788733,-0.002145564811730653,0.3877491207502931,0.57,0.00015616757517139998
2027,P1,char3gram,oracle_target,kdey,replace,0.05,0.008336199124826566,-0.0036116293711173668,0.5721015977058582,0.0,0.00058609548092134
2027,P1,char3gram,oracle_target,kdey,replace,0.1,0.009108653529628736,-0.0037732060423258263,0.3877491207502931,0.63,4.26411113065e-05
2027,P1,char3gram,oracle_target,median_sweep,replace,0.05,0.01220382329184768,-0.007855996477277204,0.5721015977058582,0.0,0.00058609548092134
2027,P1,char3gram,oracle_target,median_sweep,replace,0.1,0.012038946535866003,-0.008213367667521483,0.3877491207502931,0.76,4.26411113065e-05
2027,P1,char3gram,oracle_target,pacc,replace,0.05,0.011662537467382574,-0.006080263559614678,0.5721015977058582,0.0,0.00058609548092134
2027,P1,char3gram,oracle_target,pacc,replace,0.1,0.011155395277915522,-0.006123147480187604,0.3877491207502931,0.67,0.00046476613328644
2027,P1,char3gram,oracle_target,pcc,replace,0.05,0.2197566629674487,0.2197566629674487,0.5721015977058582,1.0,0.00091865218920338
2027,P1,char3gram,oracle_target,pcc,replace,0.1,0.19497285056841224,0.19497285056841224,0.3877491207502931,0.0,0.00143814840865122
2027,P1,char3gram,source_only,acc,replace,0.05,0.00991304716661006,-0.004595130641330158,0.5721015977058582,0.0,0.00058609548092134
2027,P1,char3gram,source_only,acc,replace,0.1,0.010899813369528284,-0.0057499253478113434,0.3877491207502931,0.67,0.0005622472305257599
2027,P1,char3gram,source_only,cc,replace,0.05,0.027949999999999937,0.027949999999999937,0.5721015977058582,0.0,0.00058609548092134
2027,P1,char3gram,source_only,cc,replace,0.1,0.00914999999999993,0.008209999999999931,0.3877491207502931,0.13,0.00148078951995772
2027,P1,char3gram,source_only,dys,replace,0.05,0.008852955407367113,0.00030845337535351805,0.5721015977058582,0.0,0.00058609548092134
2027,P1,char3gram,source_only,dys,replace,0.1,0.009872214749262663,-0.001780685270886138,0.3877491207502931,0.52,0.00015616757517139998
2027,P1,char3gram,source_only,emq,replace,0.05,0.020528521588658363,-0.020467771830250968,0.5721015977058582,0.0,0.00058609548092134
2027,P1,char3gram,source_only,emq,replace,0.1,0.017857551758748286,-0.017407479319772788,0.3877491207502931,0.93,4.26411113065e-05
2027,P1,char3gram,source_only,hdy,replace,0.05,0.007345433518268845,0.00010260948905041597,0.5721015977058582,0.0,0.00058609548092134
2027,P1,char3gram,source_only,hdy,replace,0.1,0.008771307724788733,-0.002145564811730653,0.3877491207502931,0.57,0.00015616757517139998
2027,P1,char3gram,source_only,kdey,replace,0.05,0.008336199124826566,-0.0036116293711173668,0.5721015977058582,0.0,0.00058609548092134
2027,P1,char3gram,source_only,kdey,replace,0.1,0.009108653529628736,-0.0037732060423258263,0.3877491207502931,0.63,4.26411113065e-05
2027,P1,char3gram,source_only,median_sweep,replace,0.05,0.01220382329184768,-0.007855996477277204,0.5721015977058582,0.0,0.00058609548092134
2027,P1,char3gram,source_only,median_sweep,replace,0.1,0.012038946535866003,-0.008213367667521483,0.3877491207502931,0.76,4.26411113065e-05
2027,P1,char3gram,source_only,pacc,replace,0.05,0.011662537467382574,-0.006080263559614678,0.5721015977058582,0.0,0.00058609548092134
2027,P1,char3gram,source_only,pacc,replace,0.1,0.011155395277915522,-0.006123147480187604,0.3877491207502931,0.67,0.00046476613328644
2027,P1,char3gram,source_only,pcc,replace,0.05,0.2197566629674487,0.2197566629674487,0.5721015977058582,1.0,0.00091865218920338
2027,P1,char3gram,source_only,pcc,replace,0.1,0.19497285056841224,0.19497285056841224,0.3877491207502931,0.0,0.00143814840865122
2027,P1,char3gram,target_real_anchor,acc,replace,0.05,0.008921217422349102,-0.0016787897179578557,0.5110608345902464,0.0,0.0006021408475469601
2027,P1,char3gram,target_real_anchor,acc,replace,0.1,0.009987918600499784,-0.003089796501249531,0.33115543328748276,0.61,0.00023397661332866002
2027,P1,char3gram,target_real_anchor,cc,replace,0.05,0.01510999999999994,0.01502999999999994,0.5110608345902464,0.0,0.0006021408475469601
2027,P1,char3gram,target_real_anchor,cc,replace,0.1,0.007879999999999984,-0.006360000000000015,0.33115543328748276,0.8,0.00023397661332866002
2027,P1,char3gram,target_real_anchor,dys,replace,0.05,0.008852955407367113,0.00030845337535351805,0.5110608345902464,0.0,0.0006021408475469601
2027,P1,char3gram,target_real_anchor,dys,replace,0.1,0.009872214749262663,-0.001780685270886138,0.33115543328748276,0.52,0.00033981009319498
2027,P1,char3gram,target_real_anchor,emq,replace,0.05,0.020528521588658363,-0.020467771830250968,0.5110608345902464,0.0,0.0006021408475469601
2027,P1,char3gram,target_real_anchor,emq,replace,0.1,0.017857551758748286,-0.017407479319772788,0.33115543328748276,0.93,0.00023397661332866002
2027,P1,char3gram,target_real_anchor,hdy,replace,0.05,0.007345433518268845,0.00010260948905041597,0.5110608345902464,0.0,0.0006021408475469601
2027,P1,char3gram,target_real_anchor,hdy,replace,0.1,0.008771307724788733,-0.002145564811730653,0.33115543328748276,0.57,0.00033981009319498
2027,P1,char3gram,target_real_anchor,kdey,replace,0.05,0.008336199124826566,-0.0036116293711173668,0.5110608345902464,0.0,0.0006021408475469601
2027,P1,char3gram,target_real_anchor,kdey,replace,0.1,0.009108653529628736,-0.0037732060423258263,0.33115543328748276,0.63,0.00023397661332866002
2027,P1,char3gram,target_real_anchor,median_sweep,replace,0.05,0.01220382329184768,-0.007855996477277204,0.5110608345902464,0.0,0.0006021408475469601
2027,P1,char3gram,target_real_anchor,median_sweep,replace,0.1,0.012038946535866003,-0.008213367667521483,0.33115543328748276,0.76,0.00023397661332866002
2027,P1,char3gram,target_real_anchor,pacc,replace,0.05,0.011662537467382574,-0.006080263559614678,0.5110608345902464,0.0,0.0006021408475469601
2027,P1,char3gram,target_real_anchor,pacc,replace,0.1,0.011155395277915522,-0.006123147480187604,0.33115543328748276,0.67,0.00036717513627572
2027,P1,char3gram,target_real_anchor,pcc,replace,0.05,0.2197566629674487,0.2197566629674487,0.5110608345902464,1.0,0.00021320555653242
2027,P1,char3gram,target_real_anchor,pcc,replace,0.1,0.19497285056841224,0.19497285056841224,0.33115543328748276,0.0,0.0008953534376647801
2027,P1,column_positional_ablation,oracle_target,acc,replace,0.05,0.01510209024745264,-0.014853432314410433,0.5322642967542502,0.0,0.00015803587128532002
2027,P1,column_positional_ablation,oracle_target,acc,replace,0.1,0.015180075691411889,-0.014943016011644793,0.3502415458937198,0.96,0.00037288992438898
2027,P1,column_positional_ablation,oracle_target,cc,replace,0.05,0.02477999999999993,0.02477999999999993,0.5322642967542502,0.0,0.00015803587128532002
2027,P1,column_positional_ablation,oracle_target,cc,replace,0.1,0.011159999999999922,0.01081999999999992,0.3502415458937198,0.07,0.0012752769474238999
2027,P1,column_positional_ablation,oracle_target,dys,replace,0.05,0.00579564848906679,-0.00272685720321158,0.5322642967542502,0.0,0.00015803587128532002
2027,P1,column_positional_ablation,oracle_target,dys,replace,0.1,0.006774302483553686,-0.00293961110101286,0.3502415458937198,0.55,0.0010689950764902801
2027,P1,column_positional_ablation,oracle_target,emq,replace,0.05,0.022693689628915107,-0.022693689628915107,0.5322642967542502,0.0,0.00015803587128532002
2027,P1,column_positional_ablation,oracle_target,emq,replace,0.1,0.018704367194467268,-0.018704367194467268,0.3502415458937198,1.0,0.00037288992438898
2027,P1,column_positional_ablation,oracle_target,hdy,replace,0.05,0.005756336057512226,-0.0037246523537027448,0.5322642967542502,0.0,0.00015803587128532002
2027,P1,column_positional_ablation,oracle_target,hdy,replace,0.1,0.00703940547324208,-0.005369309372520134,0.3502415458937198,0.78,0.00037288992438898
2027,P1,column_positional_ablation,oracle_target,kdey,replace,0.05,0.015257815857433955,-0.015246625072904791,0.5322642967542502,0.0,0.00015803587128532002
2027,P1,column_positional_ablation,oracle_target,kdey,replace,0.1,0.013656614655839774,-0.013594796854875404,0.3502415458937198,0.98,0.00037288992438898
2027,P1,column_positional_ablation,oracle_target,median_sweep,replace,0.05,0.0143591813223837,-0.014131014503743782,0.5322642967542502,0.0,0.00015803587128532002
2027,P1,column_positional_ablation,oracle_target,median_sweep,replace,0.1,0.015148430679244035,-0.014996555454750014,0.3502415458937198,0.96,0.00037288992438898
2027,P1,column_positional_ablation,oracle_target,pacc,replace,0.05,0.013854851046855387,-0.013398909246959629,0.5322642967542502,0.0,0.00015803587128532002
2027,P1,column_positional_ablation,oracle_target,pacc,replace,0.1,0.014841487668787836,-0.014583099425539283,0.3502415458937198,0.92,0.00037288992438898
2027,P1,column_positional_ablation,oracle_target,pcc,replace,0.05,0.17130447803961626,0.17130447803961626,0.5322642967542502,1.0,0.0007728151925443766
2027,P1,column_positional_ablation,oracle_target,pcc,replace,0.1,0.15065695449019878,0.15065695449019878,0.3502415458937198,0.0,0.0012752769474238999
2027,P1,column_positional_ablation,source_only,acc,replace,0.05,0.01510209024745264,-0.014853432314410433,0.5322642967542502,0.0,0.00015803587128532002
2027,P1,column_positional_ablation,source_only,acc,replace,0.1,0.015180075691411889,-0.014943016011644793,0.3502415458937198,0.96,0.00037288992438898
2027,P1,column_positional_ablation,source_only,cc,replace,0.05,0.02477999999999993,0.02477999999999993,0.5322642967542502,0.0,0.00015803587128532002
2027,P1,column_positional_ablation,source_only,cc,replace,0.1,0.011159999999999922,0.01081999999999992,0.3502415458937198,0.07,0.0012752769474238999
2027,P1,column_positional_ablation,source_only,dys,replace,0.05,0.00579564848906679,-0.00272685720321158,0.5322642967542502,0.0,0.00015803587128532002
2027,P1,column_positional_ablation,source_only,dys,replace,0.1,0.006774302483553686,-0.00293961110101286,0.3502415458937198,0.55,0.0010689950764902801
2027,P1,column_positional_ablation,source_only,emq,replace,0.05,0.022693689628915107,-0.022693689628915107,0.5322642967542502,0.0,0.00015803587128532002
2027,P1,column_positional_ablation,source_only,emq,replace,0.1,0.018704367194467268,-0.018704367194467268,0.3502415458937198,1.0,0.00037288992438898
2027,P1,column_positional_ablation,source_only,hdy,replace,0.05,0.005756336057512226,-0.0037246523537027448,0.5322642967542502,0.0,0.00015803587128532002
2027,P1,column_positional_ablation,source_only,hdy,replace,0.1,0.00703940547324208,-0.005369309372520134,0.3502415458937198,0.78,0.00037288992438898
2027,P1,column_positional_ablation,source_only,kdey,replace,0.05,0.015257815857433955,-0.015246625072904791,0.5322642967542502,0.0,0.00015803587128532002
2027,P1,column_positional_ablation,source_only,kdey,replace,0.1,0.013656614655839774,-0.013594796854875404,0.3502415458937198,0.98,0.00037288992438898
2027,P1,column_positional_ablation,source_only,median_sweep,replace,0.05,0.0143591813223837,-0.014131014503743782,0.5322642967542502,0.0,0.00015803587128532002
2027,P1,column_positional_ablation,source_only,median_sweep,replace,0.1,0.015148430679244035,-0.014996555454750014,0.3502415458937198,0.96,0.00037288992438898
2027,P1,column_positional_ablation,source_only,pacc,replace,0.05,0.013854851046855387,-0.013398909246959629,0.5322642967542502,0.0,0.00015803587128532002
2027,P1,column_positional_ablation,source_only,pacc,replace,0.1,0.014841487668787836,-0.014583099425539283,0.3502415458937198,0.92,0.00037288992438898
2027,P1,column_positional_ablation,source_only,pcc,replace,0.05,0.17130447803961626,0.17130447803961626,0.5322642967542502,1.0,0.0007728151925443766
2027,P1,column_positional_ablation,source_only,pcc,replace,0.1,0.15065695449019878,0.15065695449019878,0.3502415458937198,0.0,0.0012752769474238999
2027,P1,column_positional_ablation,target_real_anchor,acc,replace,0.05,0.01515806666666662,-0.014891701449275326,0.5594254937163375,0.0,0.00017496043608224
2027,P1,column_positional_ablation,target_real_anchor,acc,replace,0.1,0.01550935072463765,-0.015074191304347798,0.3755725190839695,0.92,0.0003766265166168
2027,P1,column_positional_ablation,target_real_anchor,cc,replace,0.05,0.031589999999999945,0.031589999999999945,0.5594254937163375,0.0,0.00017496043608224
2027,P1,column_positional_ablation,target_real_anchor,cc,replace,0.1,0.017719999999999923,0.017719999999999923,0.3755725190839695,0.0,0.00137253824512038
2027,P1,column_positional_ablation,target_real_anchor,dys,replace,0.05,0.00579564848906679,-0.00272685720321158,0.5594254937163375,0.0,0.00017496043608224
2027,P1,column_positional_ablation,target_real_anchor,dys,replace,0.1,0.006774302483553686,-0.00293961110101286,0.3755725190839695,0.55,0.00108185334974498
2027,P1,column_positional_ablation,target_real_anchor,emq,replace,0.05,0.022693689628915107,-0.022693689628915107,0.5594254937163375,0.0,0.00017496043608224
2027,P1,column_positional_ablation,target_real_anchor,emq,replace,0.1,0.018704367194467268,-0.018704367194467268,0.3755725190839695,1.0,0.0003766265166168
2027,P1,column_positional_ablation,target_real_anchor,hdy,replace,0.05,0.005756336057512226,-0.0037246523537027448,0.5594254937163375,0.0,0.00017496043608224
2027,P1,column_positional_ablation,target_real_anchor,hdy,replace,0.1,0.00703940547324208,-0.005369309372520134,0.3755725190839695,0.78,0.0003766265166168
2027,P1,column_positional_ablation,target_real_anchor,kdey,replace,0.05,0.015257815857433955,-0.015246625072904791,0.5594254937163375,0.0,0.00017496043608224
2027,P1,column_positional_ablation,target_real_anchor,kdey,replace,0.1,0.013656614655839774,-0.013594796854875404,0.3755725190839695,0.98,0.0003766265166168
2027,P1,column_positional_ablation,target_real_anchor,median_sweep,replace,0.05,0.0143591813223837,-0.014131014503743782,0.5594254937163375,0.0,0.00017496043608224
2027,P1,column_positional_ablation,target_real_anchor,median_sweep,replace,0.1,0.015148430679244035,-0.014996555454750014,0.3755725190839695,0.96,0.0003766265166168
2027,P1,column_positional_ablation,target_real_anchor,pacc,replace,0.05,0.013854851046855387,-0.013398909246959629,0.5594254937163375,0.0,0.00017496043608224
2027,P1,column_positional_ablation,target_real_anchor,pacc,replace,0.1,0.014841487668787836,-0.014583099425539283,0.3755725190839695,0.92,0.0003766265166168
2027,P1,column_positional_ablation,target_real_anchor,pcc,replace,0.05,0.17130447803961626,0.17130447803961626,0.5594254937163375,1.0,0.0008101811148232399
2027,P1,column_positional_ablation,target_real_anchor,pcc,replace,0.1,0.15065695449019878,0.15065695449019878,0.3755725190839695,0.0,0.00137253824512038
2027,P1,datum_transformer,oracle_target,acc,replace,0.05,0.01572438616714693,-0.01511167723342936,0.5681737273050907,0.0,0.00032772111834
2027,P1,datum_transformer,oracle_target,acc,replace,0.1,0.014301461095100823,-0.013771720461095064,0.38395124428643984,0.95,0.0004670740284860131
2027,P1,datum_transformer,oracle_target,cc,replace,0.05,0.024639999999999936,0.024639999999999936,0.5681737273050907,0.01,0.00032772111834
2027,P1,datum_transformer,oracle_target,cc,replace,0.1,0.012309999999999932,0.012089999999999932,0.38395124428643984,0.04,0.00054378406892908
2027,P1,datum_transformer,oracle_target,dys,replace,0.05,0.005098592643615673,-0.002641694521810053,0.5681737273050907,0.0,0.00032772111834
2027,P1,datum_transformer,oracle_target,dys,replace,0.1,0.006791328311653673,-0.003157951813952529,0.38395124428643984,0.63,0.000853042025672553
2027,P1,datum_transformer,oracle_target,emq,replace,0.05,0.023854717190903752,-0.023854717190903752,0.5681737273050907,0.0,0.00032772111834
2027,P1,datum_transformer,oracle_target,emq,replace,0.1,0.018819635084127175,-0.018819635084127175,0.38395124428643984,1.0,0.0004670740284860131
2027,P1,datum_transformer,oracle_target,hdy,replace,0.05,0.005065245856531989,-0.003607644711433301,0.5681737273050907,0.0,0.00032772111834
2027,P1,datum_transformer,oracle_target,hdy,replace,0.1,0.006946888054263022,-0.004900696913944804,0.38395124428643984,0.74,0.000853042025672553
2027,P1,datum_transformer,oracle_target,kdey,replace,0.05,0.012828668548532698,-0.012553636729592652,0.5681737273050907,0.0,0.00032772111834
2027,P1,datum_transformer,oracle_target,kdey,replace,0.1,0.010259321249398124,-0.00975120461807384,0.38395124428643984,0.92,0.0004670740284860131
2027,P1,datum_transformer,oracle_target,median_sweep,replace,0.05,0.01753273251771651,-0.01720440506443793,0.5681737273050907,0.0,0.00032772111834
2027,P1,datum_transformer,oracle_target,median_sweep,replace,0.1,0.017214135683190312,-0.016912025080868108,0.38395124428643984,0.96,0.0004670740284860131
2027,P1,datum_transformer,oracle_target,pacc,replace,0.05,0.016916495589816182,-0.01657632097362663,0.5681737273050907,0.0,0.00032772111834
2027,P1,datum_transformer,oracle_target,pacc,replace,0.1,0.01709320884409093,-0.01687608582580727,0.38395124428643984,0.97,0.0004670740284860131
2027,P1,datum_transformer,oracle_target,pcc,replace,0.05,0.1703956387800482,0.1703956387800482,0.5681737273050907,1.0,0.00034530508176537996
2027,P1,datum_transformer,oracle_target,pcc,replace,0.1,0.15017381504776528,0.15017381504776528,0.38395124428643984,0.0,0.00054378406892908
2027,P1,datum_transformer,source_only,acc,replace,0.05,0.01572438616714693,-0.01511167723342936,0.5681737273050907,0.0,0.00032772111834
2027,P1,datum_transformer,source_only,acc,replace,0.1,0.014301461095100823,-0.013771720461095064,0.38395124428643984,0.95,0.0004670740284860131
2027,P1,datum_transformer,source_only,cc,replace,0.05,0.024639999999999936,0.024639999999999936,0.5681737273050907,0.01,0.00032772111834
2027,P1,datum_transformer,source_only,cc,replace,0.1,0.012309999999999932,0.012089999999999932,0.38395124428643984,0.04,0.00054378406892908
2027,P1,datum_transformer,source_only,dys,replace,0.05,0.005098592643615673,-0.002641694521810053,0.5681737273050907,0.0,0.00032772111834
2027,P1,datum_transformer,source_only,dys,replace,0.1,0.006791328311653673,-0.003157951813952529,0.38395124428643984,0.63,0.000853042025672553
2027,P1,datum_transformer,source_only,emq,replace,0.05,0.023854717190903752,-0.023854717190903752,0.5681737273050907,0.0,0.00032772111834
2027,P1,datum_transformer,source_only,emq,replace,0.1,0.018819635084127175,-0.018819635084127175,0.38395124428643984,1.0,0.0004670740284860131
2027,P1,datum_transformer,source_only,hdy,replace,0.05,0.005065245856531989,-0.003607644711433301,0.5681737273050907,0.0,0.00032772111834
2027,P1,datum_transformer,source_only,hdy,replace,0.1,0.006946888054263022,-0.004900696913944804,0.38395124428643984,0.74,0.000853042025672553
2027,P1,datum_transformer,source_only,kdey,replace,0.05,0.012828668548532698,-0.012553636729592652,0.5681737273050907,0.0,0.00032772111834
2027,P1,datum_transformer,source_only,kdey,replace,0.1,0.010259321249398124,-0.00975120461807384,0.38395124428643984,0.92,0.0004670740284860131
2027,P1,datum_transformer,source_only,median_sweep,replace,0.05,0.01753273251771651,-0.01720440506443793,0.5681737273050907,0.0,0.00032772111834
2027,P1,datum_transformer,source_only,median_sweep,replace,0.1,0.017214135683190312,-0.016912025080868108,0.38395124428643984,0.96,0.0004670740284860131
2027,P1,datum_transformer,source_only,pacc,replace,0.05,0.016916495589816182,-0.01657632097362663,0.5681737273050907,0.0,0.00032772111834
2027,P1,datum_transformer,source_only,pacc,replace,0.1,0.01709320884409093,-0.01687608582580727,0.38395124428643984,0.97,0.0004670740284860131
2027,P1,datum_transformer,source_only,pcc,replace,0.05,0.1703956387800482,0.1703956387800482,0.5681737273050907,1.0,0.00034530508176537996
2027,P1,datum_transformer,source_only,pcc,replace,0.1,0.15017381504776528,0.15017381504776528,0.38395124428643984,0.0,0.00054378406892908
2027,P1,datum_transformer,target_real_anchor,acc,replace,0.05,0.016843365024488566,-0.016505877268798565,0.5915866180854588,0.0,0.00031640144188499047
2027,P1,datum_transformer,target_real_anchor,acc,replace,0.1,0.01660710746182652,-0.016194880437914106,0.4069264069264068,0.94,0.00072138209952516
2027,P1,datum_transformer,target_real_anchor,cc,replace,0.05,0.03329999999999995,0.03329999999999995,0.5915866180854588,0.01,0.00031640144188499047
2027,P1,datum_transformer,target_real_anchor,cc,replace,0.1,0.020009999999999924,0.020009999999999924,0.4069264069264068,0.0,0.00086853789344118
2027,P1,datum_transformer,target_real_anchor,dys,replace,0.05,0.005098592643615673,-0.002641694521810053,0.5915866180854588,0.0,0.00031640144188499047
2027,P1,datum_transformer,target_real_anchor,dys,replace,0.1,0.006791328311653673,-0.003157951813952529,0.4069264069264068,0.63,0.00124516441005796
2027,P1,datum_transformer,target_real_anchor,emq,replace,0.05,0.023854717190903752,-0.023854717190903752,0.5915866180854588,0.0,0.00031640144188499047
2027,P1,datum_transformer,target_real_anchor,emq,replace,0.1,0.018819635084127175,-0.018819635084127175,0.4069264069264068,1.0,0.00072138209952516
2027,P1,datum_transformer,target_real_anchor,hdy,replace,0.05,0.005065245856531989,-0.003607644711433301,0.5915866180854588,0.0,0.00031640144188499047
2027,P1,datum_transformer,target_real_anchor,hdy,replace,0.1,0.006946888054263022,-0.004900696913944804,0.4069264069264068,0.74,0.00124516441005796
2027,P1,datum_transformer,target_real_anchor,kdey,replace,0.05,0.012828668548532698,-0.012553636729592652,0.5915866180854588,0.0,0.00031640144188499047
2027,P1,datum_transformer,target_real_anchor,kdey,replace,0.1,0.010259321249398124,-0.00975120461807384,0.4069264069264068,0.92,0.00072138209952516
2027,P1,datum_transformer,target_real_anchor,median_sweep,replace,0.05,0.01753273251771651,-0.01720440506443793,0.5915866180854588,0.0,0.00031640144188499047
2027,P1,datum_transformer,target_real_anchor,median_sweep,replace,0.1,0.017214135683190312,-0.016912025080868108,0.4069264069264068,0.96,0.00072138209952516
2027,P1,datum_transformer,target_real_anchor,pacc,replace,0.05,0.016916495589816182,-0.01657632097362663,0.5915866180854588,0.0,0.00031640144188499047
2027,P1,datum_transformer,target_real_anchor,pacc,replace,0.1,0.01709320884409093,-0.01687608582580727,0.4069264069264068,0.97,0.00072138209952516
2027,P1,datum_transformer,target_real_anchor,pcc,replace,0.05,0.1703956387800482,0.1703956387800482,0.5915866180854588,1.0,0.00047179971865652005
2027,P1,datum_transformer,target_real_anchor,pcc,replace,0.1,0.15017381504776528,0.15017381504776528,0.4069264069264068,0.0,0.00086853789344118
2027,P1,flat_transformer,oracle_target,acc,replace,0.05,0.01071755982367755,-0.006221394836272062,0.5542766421909109,0.0,0.00068104888341824
2027,P1,flat_transformer,oracle_target,acc,replace,0.1,0.011420834382871512,-0.009310425062972298,0.3706920706080134,0.82,0.00063917707051166
2027,P1,flat_transformer,oracle_target,cc,replace,0.05,0.02904999999999994,0.02904999999999994,0.5542766421909109,0.01,0.00068104888341824
2027,P1,flat_transformer,oracle_target,cc,replace,0.1,0.010729999999999924,0.010369999999999926,0.3706920706080134,0.06,0.0009563478107964599
2027,P1,flat_transformer,oracle_target,dys,replace,0.05,0.00903803896034329,-0.004763376869714226,0.5542766421909109,0.0,0.00068104888341824
2027,P1,flat_transformer,oracle_target,dys,replace,0.1,0.009842957304208583,-0.006904478487861307,0.3706920706080134,0.73,0.00063917707051166
2027,P1,flat_transformer,oracle_target,emq,replace,0.05,0.025314872739744372,-0.025080562664792146,0.5542766421909109,0.0,0.00068104888341824
2027,P1,flat_transformer,oracle_target,emq,replace,0.1,0.021261043258486052,-0.021187181931456092,0.3706920706080134,0.99,0.00063917707051166
2027,P1,flat_transformer,oracle_target,hdy,replace,0.05,0.009101333076797778,-0.005121344714108891,0.5542766421909109,0.0,0.00068104888341824
2027,P1,flat_transformer,oracle_target,hdy,replace,0.1,0.009856618751208036,-0.007731126077165102,0.3706920706080134,0.78,0.00063917707051166
2027,P1,flat_transformer,oracle_target,kdey,replace,0.05,0.016180098893368775,-0.015110678258045969,0.5542766421909109,0.0,0.00068104888341824
2027,P1,flat_transformer,oracle_target,kdey,replace,0.1,0.015638350620647043,-0.015106345704893234,0.3706920706080134,0.94,0.00063917707051166
2027,P1,flat_transformer,oracle_target,median_sweep,replace,0.05,0.013056430935868652,-0.010461586965505126,0.5542766421909109,0.0,0.00068104888341824
2027,P1,flat_transformer,oracle_target,median_sweep,replace,0.1,0.014702195597560521,-0.01302796245635354,0.3706920706080134,0.84,0.00063917707051166
2027,P1,flat_transformer,oracle_target,pacc,replace,0.05,0.013196695773540273,-0.009460410133698003,0.5542766421909109,0.0,0.00068104888341824
2027,P1,flat_transformer,oracle_target,pacc,replace,0.1,0.013908597582001636,-0.01210511579464375,0.3706920706080134,0.85,0.00063917707051166
2027,P1,flat_transformer,oracle_target,pcc,replace,0.05,0.21218653044559863,0.21218653044559863,0.5542766421909109,1.0,0.00045960084403022007
2027,P1,flat_transformer,oracle_target,pcc,replace,0.1,0.1866958195067505,0.1866958195067505,0.3706920706080134,0.0,0.00101668278529972
2027,P1,flat_transformer,source_only,acc,replace,0.05,0.01071755982367755,-0.006221394836272062,0.5542766421909109,0.0,0.00068104888341824
2027,P1,flat_transformer,source_only,acc,replace,0.1,0.011420834382871512,-0.009310425062972298,0.3706920706080134,0.82,0.00063917707051166
2027,P1,flat_transformer,source_only,cc,replace,0.05,0.02904999999999994,0.02904999999999994,0.5542766421909109,0.01,0.00068104888341824
2027,P1,flat_transformer,source_only,cc,replace,0.1,0.010729999999999924,0.010369999999999926,0.3706920706080134,0.06,0.0009563478107964599
2027,P1,flat_transformer,source_only,dys,replace,0.05,0.00903803896034329,-0.004763376869714226,0.5542766421909109,0.0,0.00068104888341824
2027,P1,flat_transformer,source_only,dys,replace,0.1,0.009842957304208583,-0.006904478487861307,0.3706920706080134,0.73,0.00063917707051166
2027,P1,flat_transformer,source_only,emq,replace,0.05,0.025314872739744372,-0.025080562664792146,0.5542766421909109,0.0,0.00068104888341824
2027,P1,flat_transformer,source_only,emq,replace,0.1,0.021261043258486052,-0.021187181931456092,0.3706920706080134,0.99,0.00063917707051166
2027,P1,flat_transformer,source_only,hdy,replace,0.05,0.009101333076797778,-0.005121344714108891,0.5542766421909109,0.0,0.00068104888341824
2027,P1,flat_transformer,source_only,hdy,replace,0.1,0.009856618751208036,-0.007731126077165102,0.3706920706080134,0.78,0.00063917707051166
2027,P1,flat_transformer,source_only,kdey,replace,0.05,0.016180098893368775,-0.015110678258045969,0.5542766421909109,0.0,0.00068104888341824
2027,P1,flat_transformer,source_only,kdey,replace,0.1,0.015638350620647043,-0.015106345704893234,0.3706920706080134,0.94,0.00063917707051166
2027,P1,flat_transformer,source_only,median_sweep,replace,0.05,0.013056430935868652,-0.010461586965505126,0.5542766421909109,0.0,0.00068104888341824
2027,P1,flat_transformer,source_only,median_sweep,replace,0.1,0.014702195597560521,-0.01302796245635354,0.3706920706080134,0.84,0.00063917707051166
2027,P1,flat_transformer,source_only,pacc,replace,0.05,0.013196695773540273,-0.009460410133698003,0.5542766421909109,0.0,0.00068104888341824
2027,P1,flat_transformer,source_only,pacc,replace,0.1,0.013908597582001636,-0.01210511579464375,0.3706920706080134,0.85,0.00063917707051166
2027,P1,flat_transformer,source_only,pcc,replace,0.05,0.21218653044559863,0.21218653044559863,0.5542766421909109,1.0,0.00045960084403022007
2027,P1,flat_transformer,source_only,pcc,replace,0.1,0.1866958195067505,0.1866958195067505,0.3706920706080134,0.0,0.00101668278529972
2027,P1,flat_transformer,target_real_anchor,acc,replace,0.05,0.009099910543130935,-0.003416645367412125,0.4981600735970561,0.0,0.00012001055037806
2027,P1,flat_transformer,target_real_anchor,acc,replace,0.1,0.009830070287539888,-0.005968230031948888,0.3198254364089776,0.67,0.0009692060840513401
2027,P1,flat_transformer,target_real_anchor,cc,replace,0.05,0.01869999999999994,0.01869999999999994,0.4981600735970561,0.0,0.00012001055037806
2027,P1,flat_transformer,target_real_anchor,cc,replace,0.1,0.005939999999999957,-8.000000000004389e-05,0.3198254364089776,0.46,0.0009692060840513401
2027,P1,flat_transformer,target_real_anchor,dys,replace,0.05,0.00903803896034329,-0.004763376869714226,0.4981600735970561,0.0,0.00012001055037806
2027,P1,flat_transformer,target_real_anchor,dys,replace,0.1,0.009842957304208583,-0.006904478487861307,0.3198254364089776,0.73,0.0005626868296113999
2027,P1,flat_transformer,target_real_anchor,emq,replace,0.05,0.025314872739744372,-0.025080562664792146,0.4981600735970561,0.0,0.00012001055037806
2027,P1,flat_transformer,target_real_anchor,emq,replace,0.1,0.021261043258486052,-0.021187181931456092,0.3198254364089776,0.99,0.0005626868296113999
2027,P1,flat_transformer,target_real_anchor,hdy,replace,0.05,0.009101333076797778,-0.005121344714108891,0.4981600735970561,0.0,0.00012001055037806
2027,P1,flat_transformer,target_real_anchor,hdy,replace,0.1,0.009856618751208036,-0.007731126077165102,0.3198254364089776,0.78,0.0005626868296113999
2027,P1,flat_transformer,target_real_anchor,kdey,replace,0.05,0.016180098893368775,-0.015110678258045969,0.4981600735970561,0.0,0.00012001055037806
2027,P1,flat_transformer,target_real_anchor,kdey,replace,0.1,0.015638350620647043,-0.015106345704893234,0.3198254364089776,0.94,0.0005626868296113999
2027,P1,flat_transformer,target_real_anchor,median_sweep,replace,0.05,0.013056430935868652,-0.010461586965505126,0.4981600735970561,0.0,0.00012001055037806
2027,P1,flat_transformer,target_real_anchor,median_sweep,replace,0.1,0.014702195597560521,-0.01302796245635354,0.3198254364089776,0.84,0.0005626868296113999
2027,P1,flat_transformer,target_real_anchor,pacc,replace,0.05,0.013196695773540273,-0.009460410133698003,0.4981600735970561,0.0,0.00012001055037806
2027,P1,flat_transformer,target_real_anchor,pacc,replace,0.1,0.013908597582001636,-0.01210511579464375,0.3198254364089776,0.85,0.0005626868296113999
2027,P1,flat_transformer,target_real_anchor,pcc,replace,0.05,0.21218653044559863,0.21218653044559863,0.4981600735970561,1.0,0.00058554598206432
2027,P1,flat_transformer,target_real_anchor,pcc,replace,0.1,0.1866958195067505,0.1866958195067505,0.3198254364089776,0.0,0.00127901353965182
2027,P2,c2st_lr,oracle_target,acc,replace,0.05,0.055571688311688315,-0.021271688311688325,0.9156626506024097,0.09,0.00121757956743444
2027,P2,c2st_lr,oracle_target,acc,replace,0.1,0.09688474025974025,-0.03059616883116885,0.8372093023255814,0.71,0.00017056444522592172
2027,P2,c2st_lr,oracle_target,cc,replace,0.05,0.0057499999999999765,-0.003990000000000024,0.9156626506024097,0.0,0.00124120801828722
2027,P2,c2st_lr,oracle_target,cc,replace,0.1,0.05146,-0.05146,0.8372093023255814,1.0,1.725426411112174e-05
2027,P2,c2st_lr,oracle_target,dys,replace,0.05,0.062364294389607805,0.03492493269301346,0.9156626506024097,0.42,0.0008734833831545201
2027,P2,c2st_lr,oracle_target,dys,replace,0.1,0.06881056540944021,0.03155733468895367,0.8372093023255814,0.35,0.0002007868823632705
2027,P2,c2st_lr,oracle_target,emq,replace,0.05,0.042158062220580626,0.02430343810158643,0.9156626506024097,0.24,0.0008734833831545201
2027,P2,c2st_lr,oracle_target,emq,replace,0.1,0.05010213910228845,0.028426706458157,0.8372093023255814,0.29,0.00029398188851761123
2027,P2,c2st_lr,oracle_target,hdy,replace,0.05,0.05389925945375977,0.04260275373654568,0.9156626506024097,0.41,0.00058873307543518
2027,P2,c2st_lr,oracle_target,hdy,replace,0.1,0.05984225283925324,0.04451029504116622,0.8372093023255814,0.21,0.00029299279057495045
2027,P2,c2st_lr,oracle_target,kdey,replace,0.05,0.059310636586925536,0.04556818545706574,0.9156626506024097,0.48,0.0008734833831545201
2027,P2,c2st_lr,oracle_target,kdey,replace,0.1,0.06486380658322942,0.05125691037354272,0.8372093023255814,0.19,0.00028486020749072
2027,P2,c2st_lr,oracle_target,pacc,replace,0.05,0.04574705379159598,0.0266294208847074,0.9156626506024097,0.28,0.00058873307543518
2027,P2,c2st_lr,oracle_target,pacc,replace,0.1,0.05120267866206862,0.02856728565613165,0.8372093023255814,0.32,0.00013155002637592
2027,P2,c2st_lr,oracle_target,pcc,replace,0.05,0.4230327745673907,0.4230327745673907,0.9156626506024097,1.0,1.2858273254767739e-05
2027,P2,c2st_lr,oracle_target,pcc,replace,0.1,0.37650484545002416,0.37650484545002416,0.8372093023255814,0.0,0.00034596448039384
2027,P2,c2st_lr,source_only,acc,replace,0.05,0.048131346444780634,-0.048131346444780634,0.9957507082152975,0.0,0.00037882451204500003
2027,P2,c2st_lr,source_only,acc,replace,0.1,0.09809795763993949,-0.09809795763993949,0.9910714285714286,1.0,0.00047696500791282007
2027,P2,c2st_lr,source_only,cc,replace,0.05,0.00832999999999999,-0.00785000000000001,0.9957507082152975,0.0,0.00037882451204500003
2027,P2,c2st_lr,source_only,cc,replace,0.1,0.059770000000000004,-0.059770000000000004,0.9910714285714286,1.0,0.00047696500791282007
2027,P2,c2st_lr,source_only,dys,replace,0.05,0.047479631780453536,-0.047209684825461694,0.9957507082152975,0.0,0.00037882451204500003
2027,P2,c2st_lr,source_only,dys,replace,0.1,0.0989600530463632,-0.0989600530463632,0.9910714285714286,1.0,0.00047696500791282007
2027,P2,c2st_lr,source_only,emq,replace,0.05,0.047226028392758905,-0.04702276253841779,0.9957507082152975,0.0,0.00037882451204500003
2027,P2,c2st_lr,source_only,emq,replace,0.1,0.09901269080007018,-0.09901269080007018,0.9910714285714286,1.0,0.00047696500791282007
2027,P2,c2st_lr,source_only,hdy,replace,0.05,0.04818460030901316,-0.04787016760991223,0.9957507082152975,0.0,0.00037882451204500003
2027,P2,c2st_lr,source_only,hdy,replace,0.1,0.09921509749107152,-0.09921509749107152,0.9910714285714286,1.0,0.00047696500791282007
2027,P2,c2st_lr,source_only,kdey,replace,0.05,0.04895922614523711,-0.04891233032536947,0.9957507082152975,0.0,0.00037882451204500003
2027,P2,c2st_lr,source_only,kdey,replace,0.1,0.09985869092229249,-0.09985869092229249,0.9910714285714286,1.0,0.00047696500791282007
2027,P2,c2st_lr,source_only,median_sweep,replace,0.05,0.04916033560819005,-0.04916033560819005,0.9957507082152975,0.0,0.00037882451204500003
2027,P2,c2st_lr,source_only,median_sweep,replace,0.1,0.09982513139695713,-0.09982513139695713,0.9910714285714286,1.0,0.00047696500791282007
2027,P2,c2st_lr,source_only,pacc,replace,0.05,0.048137901814851655,-0.04806995770473514,0.9957507082152975,0.0,0.00037882451204500003
2027,P2,c2st_lr,source_only,pacc,replace,0.1,0.09967522680380865,-0.09967522680380865,0.9910714285714286,1.0,0.00047696500791282007
2027,P2,c2st_lr,source_only,pcc,replace,0.05,0.38050832849569993,0.38050832849569993,0.9957507082152975,1.0,0.0006252197995427801
2027,P2,c2st_lr,source_only,pcc,replace,0.1,0.32660692278131376,0.32660692278131376,0.9910714285714286,0.0,0.00027332073149282
2027,P2,c2st_lr,target_real_anchor,acc,replace,0.05,0.045994475308641966,-0.04584151234567901,0.9962006079027356,0.0,0.00037376912256020003
2027,P2,c2st_lr,target_real_anchor,acc,replace,0.1,0.09647753086419752,-0.09647753086419752,0.9920127795527156,1.0,0.00047531651134166003
2027,P2,c2st_lr,target_real_anchor,cc,replace,0.05,0.008799999999999992,-0.008460000000000007,0.9962006079027356,0.0,0.00037376912256020003
2027,P2,c2st_lr,target_real_anchor,cc,replace,0.1,0.06037,-0.06037,0.9920127795527156,1.0,0.00047531651134166003
2027,P2,c2st_lr,target_real_anchor,dys,replace,0.05,0.047479631780453536,-0.047209684825461694,0.9962006079027356,0.0,0.00037376912256020003
2027,P2,c2st_lr,target_real_anchor,dys,replace,0.1,0.0989600530463632,-0.0989600530463632,0.9920127795527156,1.0,0.00047531651134166003
2027,P2,c2st_lr,target_real_anchor,emq,replace,0.05,0.047226028392758905,-0.04702276253841779,0.9962006079027356,0.0,0.00037376912256020003
2027,P2,c2st_lr,target_real_anchor,emq,replace,0.1,0.09901269080007018,-0.09901269080007018,0.9920127795527156,1.0,0.00047531651134166003
2027,P2,c2st_lr,target_real_anchor,hdy,replace,0.05,0.04818460030901316,-0.04787016760991223,0.9962006079027356,0.0,0.00037376912256020003
2027,P2,c2st_lr,target_real_anchor,hdy,replace,0.1,0.09921509749107152,-0.09921509749107152,0.9920127795527156,1.0,0.00047531651134166003
2027,P2,c2st_lr,target_real_anchor,kdey,replace,0.05,0.04895922614523711,-0.04891233032536947,0.9962006079027356,0.0,0.00037376912256020003
2027,P2,c2st_lr,target_real_anchor,kdey,replace,0.1,0.09985869092229249,-0.09985869092229249,0.9920127795527156,1.0,0.00047531651134166003
2027,P2,c2st_lr,target_real_anchor,median_sweep,replace,0.05,0.04916033560819005,-0.04916033560819005,0.9962006079027356,0.0,0.00037376912256020003
2027,P2,c2st_lr,target_real_anchor,median_sweep,replace,0.1,0.09982513139695713,-0.09982513139695713,0.9920127795527156,1.0,0.00047531651134166003
2027,P2,c2st_lr,target_real_anchor,pacc,replace,0.05,0.048137901814851655,-0.04806995770473514,0.9962006079027356,0.0,0.00037376912256020003
2027,P2,c2st_lr,target_real_anchor,pacc,replace,0.1,0.09967522680380865,-0.09967522680380865,0.9920127795527156,1.0,0.00047531651134166003
2027,P2,c2st_lr,target_real_anchor,pcc,replace,0.05,0.38050832849569993,0.38050832849569993,0.9962006079027356,1.0,0.0006292860910848601
2027,P2,c2st_lr,target_real_anchor,pcc,replace,0.1,0.32660692278131376,0.32660692278131376,0.9920127795527156,0.0,0.00027551872692102
2027,P2,c2st_xgb,oracle_target,acc,replace,0.05,0.01840726320384108,-0.016659685726756846,0.6300694600044813,0.0,0.0
2027,P2,c2st_xgb,oracle_target,acc,replace,0.1,0.018204391095591417,-0.01611674378000871,0.4465303385853169,0.85,0.0
2027,P2,c2st_xgb,oracle_target,cc,replace,0.05,0.01588999999999995,0.01586999999999995,0.6300694600044813,0.0,0.0
2027,P2,c2st_xgb,oracle_target,cc,replace,0.1,0.010379999999999995,-0.009780000000000006,0.4465303385853169,0.92,0.0
2027,P2,c2st_xgb,oracle_target,dys,replace,0.05,0.005891007536479135,-0.00030625622578778704,0.6300694600044813,0.0,0.0
2027,P2,c2st_xgb,oracle_target,dys,replace,0.1,0.008192149661832241,-0.001779657591162453,0.4465303385853169,0.54,0.00041443203798128
2027,P2,c2st_xgb,oracle_target,emq,replace,0.05,0.04936206528815472,-0.04936206528815472,0.6300694600044813,0.0,0.0
2027,P2,c2st_xgb,oracle_target,emq,replace,0.1,0.04826886168868603,-0.04826886168868603,0.4465303385853169,1.0,0.0
2027,P2,c2st_xgb,oracle_target,hdy,replace,0.05,0.005952924881926652,5.2915257348618575e-05,0.6300694600044813,0.0,0.0
2027,P2,c2st_xgb,oracle_target,hdy,replace,0.1,0.008126257272722889,-0.000986670508208159,0.4465303385853169,0.56,0.00041443203798128
2027,P2,c2st_xgb,oracle_target,kdey,replace,0.05,0.005967364640205568,6.449502113301808e-05,0.6300694600044813,0.0,0.0
2027,P2,c2st_xgb,oracle_target,kdey,replace,0.1,0.008197808110356563,-0.0025147520218997983,0.4465303385853169,0.58,0.00023419641287142001
2027,P2,c2st_xgb,oracle_target,median_sweep,replace,0.05,0.012374160834644354,-0.010119985099457805,0.6300694600044813,0.0,0.0
2027,P2,c2st_xgb,oracle_target,median_sweep,replace,0.1,0.013573187840022684,-0.011076551140388977,0.4465303385853169,0.78,0.0
2027,P2,c2st_xgb,oracle_target,pacc,replace,0.05,0.01619518108461617,-0.013577113815079873,0.6300694600044813,0.0,0.0
2027,P2,c2st_xgb,oracle_target,pacc,replace,0.1,0.0164347656636446,-0.014667611421231628,0.4465303385853169,0.88,0.0
2027,P2,c2st_xgb,oracle_target,pcc,replace,0.05,0.3214990577456546,0.3214990577456546,0.6300694600044813,1.0,0.0007649024090029294
2027,P2,c2st_xgb,oracle_target,pcc,replace,0.1,0.2850565739064828,0.2850565739064828,0.4465303385853169,0.0,0.0017655398276769801
2027,P2,c2st_xgb,source_only,acc,replace,0.05,0.028275477330329434,-0.028275477330329434,0.6300694600044813,0.0,0.0
2027,P2,c2st_xgb,source_only,acc,replace,0.1,0.04569346099690223,-0.04569346099690223,0.4465303385853169,1.0,0.0
2027,P2,c2st_xgb,source_only,cc,replace,0.05,0.01604999999999995,0.01602999999999995,0.6300694600044813,0.0,0.0
2027,P2,c2st_xgb,source_only,cc,replace,0.1,0.010259999999999997,-0.009640000000000004,0.4465303385853169,0.9,0.0
2027,P2,c2st_xgb,source_only,dys,replace,0.05,0.014606667761348575,-0.01459436255120985,0.6300694600044813,0.0,0.0
2027,P2,c2st_xgb,source_only,dys,replace,0.1,0.029816272755515863,-0.029816272755515863,0.4465303385853169,1.0,0.0
2027,P2,c2st_xgb,source_only,emq,replace,0.05,0.023393790532068675,-0.023393790532068675,0.6300694600044813,0.0,0.0
2027,P2,c2st_xgb,source_only,emq,replace,0.1,0.038419516852038746,-0.038419516852038746,0.4465303385853169,1.0,0.0
2027,P2,c2st_xgb,source_only,hdy,replace,0.05,0.016176333520631164,-0.016176333520631164,0.6300694600044813,0.0,0.0
2027,P2,c2st_xgb,source_only,hdy,replace,0.1,0.03321760687384551,-0.03321760687384551,0.4465303385853169,1.0,0.0
2027,P2,c2st_xgb,source_only,kdey,replace,0.05,0.015577261374043229,-0.015537150275296037,0.6300694600044813,0.0,0.0
2027,P2,c2st_xgb,source_only,kdey,replace,0.1,0.031622204985919396,-0.031622204985919396,0.4465303385853169,1.0,0.0
2027,P2,c2st_xgb,source_only,median_sweep,replace,0.05,0.02701949196288934,-0.02701949196288934,0.6300694600044813,0.0,0.0
2027,P2,c2st_xgb,source_only,median_sweep,replace,0.1,0.04651662692406705,-0.04651662692406705,0.4465303385853169,1.0,0.0
2027,P2,c2st_xgb,source_only,pacc,replace,0.05,0.02827235384428646,-0.02827235384428646,0.6300694600044813,0.0,0.0
2027,P2,c2st_xgb,source_only,pacc,replace,0.1,0.04735084192474757,-0.04735084192474757,0.4465303385853169,1.0,0.0
2027,P2,c2st_xgb,source_only,pcc,replace,0.05,0.14631980239945253,0.14631980239945253,0.6300694600044813,1.0,0.0007624846140319495
2027,P2,c2st_xgb,source_only,pcc,replace,0.1,0.11597166171268647,0.11597166171268647,0.4465303385853169,0.0,0.0017655398276769801
2027,P2,c2st_xgb,target_real_anchor,acc,replace,0.05,0.02416611142374785,-0.024116252110298216,0.5969563082965145,0.0,3.703622296464e-05
2027,P2,c2st_xgb,target_real_anchor,acc,replace,0.1,0.040587031513787244,-0.040587031513787244,0.4123120973514674,1.0,0.0
2027,P2,c2st_xgb,target_real_anchor,cc,replace,0.05,0.010399999999999927,0.010119999999999928,0.5969563082965145,0.0,3.703622296464e-05
2027,P2,c2st_xgb,target_real_anchor,cc,replace,0.1,0.01491,-0.014830000000000001,0.4123120973514674,0.96,0.0
2027,P2,c2st_xgb,target_real_anchor,dys,replace,0.05,0.014606667761348575,-0.01459436255120985,0.5969563082965145,0.0,3.703622296464e-05
2027,P2,c2st_xgb,target_real_anchor,dys,replace,0.1,0.029816272755515863,-0.029816272755515863,0.4123120973514674,1.0,0.0
2027,P2,c2st_xgb,target_real_anchor,emq,replace,0.05,0.023393790532068675,-0.023393790532068675,0.5969563082965145,0.0,3.703622296464e-05
2027,P2,c2st_xgb,target_real_anchor,emq,replace,0.1,0.038419516852038746,-0.038419516852038746,0.4123120973514674,1.0,0.0
2027,P2,c2st_xgb,target_real_anchor,hdy,replace,0.05,0.016176333520631164,-0.016176333520631164,0.5969563082965145,0.0,3.703622296464e-05
2027,P2,c2st_xgb,target_real_anchor,hdy,replace,0.1,0.03321760687384551,-0.03321760687384551,0.4123120973514674,1.0,0.0
2027,P2,c2st_xgb,target_real_anchor,kdey,replace,0.05,0.015577261374043229,-0.015537150275296037,0.5969563082965145,0.0,3.703622296464e-05
2027,P2,c2st_xgb,target_real_anchor,kdey,replace,0.1,0.031622204985919396,-0.031622204985919396,0.4123120973514674,1.0,0.0
2027,P2,c2st_xgb,target_real_anchor,median_sweep,replace,0.05,0.02701949196288934,-0.02701949196288934,0.5969563082965145,0.0,3.703622296464e-05
2027,P2,c2st_xgb,target_real_anchor,median_sweep,replace,0.1,0.04651662692406705,-0.04651662692406705,0.4123120973514674,1.0,0.0
2027,P2,c2st_xgb,target_real_anchor,pacc,replace,0.05,0.02827235384428646,-0.02827235384428646,0.5969563082965145,0.0,3.703622296464e-05
2027,P2,c2st_xgb,target_real_anchor,pacc,replace,0.1,0.04735084192474757,-0.04735084192474757,0.4123120973514674,1.0,0.0
2027,P2,c2st_xgb,target_real_anchor,pcc,replace,0.05,0.14631980239945253,0.14631980239945253,0.5969563082965145,1.0,0.0007394056620362601
2027,P2,c2st_xgb,target_real_anchor,pcc,replace,0.1,0.11597166171268647,0.11597166171268647,0.4123120973514674,0.0,0.0016720151222084998
2027,P2,char3gram,oracle_target,acc,replace,0.05,0.015991531322505727,-0.005488561484918771,0.6813857038302025,0.0,0.00046817302620008
2027,P2,char3gram,oracle_target,acc,replace,0.1,0.016755875870069558,-0.008367917633410661,0.503233168505135,0.68,3.033233690874e-05
2027,P2,char3gram,oracle_target,cc,replace,0.05,0.01616999999999994,0.01574999999999994,0.6813857038302025,0.0,0.00046817302620008
2027,P2,char3gram,oracle_target,cc,replace,0.1,0.01707,-0.01697,0.503233168505135,0.99,3.033233690874e-05
2027,P2,char3gram,oracle_target,dys,replace,0.05,0.016148521799927165,-0.0007845880669122002,0.6813857038302025,0.0,0.00046817302620008
2027,P2,char3gram,oracle_target,dys,replace,0.1,0.021199377519827856,-0.009560676204039525,0.503233168505135,0.64,3.033233690874e-05
2027,P2,char3gram,oracle_target,emq,replace,0.05,0.04841538682074993,-0.04841538682074993,0.6813857038302025,0.0,0.00046817302620008
2027,P2,char3gram,oracle_target,emq,replace,0.1,0.06001630774428527,-0.06001630774428527,0.503233168505135,1.0,3.033233690874e-05
2027,P2,char3gram,oracle_target,hdy,replace,0.05,0.013083069806176439,-0.001865293922399508,0.6813857038302025,0.0,0.00046817302620008
2027,P2,char3gram,oracle_target,hdy,replace,0.1,0.01427485383387479,-0.005390581312108741,0.503233168505135,0.62,3.033233690874e-05
2027,P2,char3gram,oracle_target,kdey,replace,0.05,0.014727587667936083,-0.009534213489544656,0.6813857038302025,0.0,0.00046817302620008
2027,P2,char3gram,oracle_target,kdey,replace,0.1,0.01734743787834277,-0.012781885587618703,0.503233168505135,0.75,3.033233690874e-05
2027,P2,char3gram,oracle_target,median_sweep,replace,0.05,0.01977926167716311,-0.011362139726787962,0.6813857038302025,0.0,0.00046817302620008
2027,P2,char3gram,oracle_target,median_sweep,replace,0.1,0.01981899621551699,-0.012388221845598634,0.503233168505135,0.73,3.033233690874e-05
2027,P2,char3gram,oracle_target,pacc,replace,0.05,0.021179044964346545,-0.004172309697321871,0.6813857038302025,0.01,0.00046817302620008
2027,P2,char3gram,oracle_target,pacc,replace,0.1,0.018920520736775935,-0.004984638611058176,0.503233168505135,0.59,0.0007212721997538
2027,P2,char3gram,oracle_target,pcc,replace,0.05,0.3702108956785034,0.3702108956785034,0.6813857038302025,1.0,0.0008121593107086799
2027,P2,char3gram,oracle_target,pcc,replace,0.1,0.3289158774542985,0.3289158774542985,0.503233168505135,0.0,0.0013296773342711
2027,P2,char3gram,source_only,acc,replace,0.05,0.024015721072276848,-0.023944591109602942,0.6813857038302025,0.0,0.00046817302620008
2027,P2,char3gram,source_only,acc,replace,0.1,0.04633050899219542,-0.04633050899219542,0.503233168505135,1.0,3.033233690874e-05
2027,P2,char3gram,source_only,cc,replace,0.05,0.01617999999999994,0.01575999999999994,0.6813857038302025,0.0,0.00046817302620008
2027,P2,char3gram,source_only,cc,replace,0.1,0.01703,-0.01693,0.503233168505135,0.99,3.033233690874e-05
2027,P2,char3gram,source_only,dys,replace,0.05,0.023282092985534752,-0.02316731190358144,0.6813857038302025,0.0,0.00046817302620008
2027,P2,char3gram,source_only,dys,replace,0.1,0.04843394971709367,-0.04843394971709367,0.503233168505135,1.0,3.033233690874e-05
2027,P2,char3gram,source_only,emq,replace,0.05,0.046712826150173845,-0.046712826150173845,0.6813857038302025,0.0,0.00046817302620008
2027,P2,char3gram,source_only,emq,replace,0.1,0.07304070335153096,-0.07304070335153096,0.503233168505135,1.0,3.033233690874e-05
2027,P2,char3gram,source_only,hdy,replace,0.05,0.024718633001899776,-0.024718633001899776,0.6813857038302025,0.0,0.00046817302620008
2027,P2,char3gram,source_only,hdy,replace,0.1,0.051228822682973796,-0.051228822682973796,0.503233168505135,1.0,3.033233690874e-05
2027,P2,char3gram,source_only,kdey,replace,0.05,0.029657757573046076,-0.029657757573046076,0.6813857038302025,0.0,0.00046817302620008
2027,P2,char3gram,source_only,kdey,replace,0.1,0.052623603744304866,-0.052623603744304866,0.503233168505135,1.0,3.033233690874e-05
2027,P2,char3gram,source_only,median_sweep,replace,0.05,0.028831675381544252,-0.028823240415210873,0.6813857038302025,0.0,0.00046817302620008
2027,P2,char3gram,source_only,median_sweep,replace,0.1,0.051637969569392476,-0.051637969569392476,0.503233168505135,1.0,3.033233690874e-05
2027,P2,char3gram,source_only,pacc,replace,0.05,0.02713623686504839,-0.027052760164479918,0.6813857038302025,0.0,0.00046817302620008
2027,P2,char3gram,source_only,pacc,replace,0.1,0.04996365741826761,-0.04996365741826761,0.503233168505135,1.0,3.033233690874e-05
2027,P2,char3gram,source_only,pcc,replace,0.05,0.20901345658155995,0.20901345658155995,0.6813857038302025,1.0,0.0008121593107086799
2027,P2,char3gram,source_only,pcc,replace,0.1,0.17284406072067746,0.17284406072067746,0.503233168505135,0.0,0.0013296773342711
2027,P2,char3gram,target_real_anchor,acc,replace,0.05,0.022453173866476207,-0.022419835772938185,0.6299969011465758,0.0,0.0005135616317917801
2027,P2,char3gram,target_real_anchor,acc,replace,0.1,0.045344048554087774,-0.045344048554087774,0.44645340751043106,1.0,0.00015638737471426002
2027,P2,char3gram,target_real_anchor,cc,replace,0.05,0.005859999999999937,0.002739999999999937,0.6299969011465758,0.0,0.0005135616317917801
2027,P2,char3gram,target_real_anchor,cc,replace,0.1,0.03124,-0.03124,0.44645340751043106,1.0,0.00015638737471426002
2027,P2,char3gram,target_real_anchor,dys,replace,0.05,0.023282092985534752,-0.02316731190358144,0.6299969011465758,0.0,0.0005135616317917801
2027,P2,char3gram,target_real_anchor,dys,replace,0.1,0.04843394971709367,-0.04843394971709367,0.44645340751043106,1.0,0.00015638737471426002
2027,P2,char3gram,target_real_anchor,emq,replace,0.05,0.046712826150173845,-0.046712826150173845,0.6299969011465758,0.0,0.0005135616317917801
2027,P2,char3gram,target_real_anchor,emq,replace,0.1,0.07304070335153096,-0.07304070335153096,0.44645340751043106,1.0,0.00015638737471426002
2027,P2,char3gram,target_real_anchor,hdy,replace,0.05,0.024718633001899776,-0.024718633001899776,0.6299969011465758,0.0,0.0005135616317917801
2027,P2,char3gram,target_real_anchor,hdy,replace,0.1,0.051228822682973796,-0.051228822682973796,0.44645340751043106,1.0,0.00015638737471426002
2027,P2,char3gram,target_real_anchor,kdey,replace,0.05,0.029657757573046076,-0.029657757573046076,0.6299969011465758,0.0,0.0005135616317917801
2027,P2,char3gram,target_real_anchor,kdey,replace,0.1,0.052623603744304866,-0.052623603744304866,0.44645340751043106,1.0,0.00015638737471426002
2027,P2,char3gram,target_real_anchor,median_sweep,replace,0.05,0.028831675381544252,-0.028823240415210873,0.6299969011465758,0.0,0.0005135616317917801
2027,P2,char3gram,target_real_anchor,median_sweep,replace,0.1,0.051637969569392476,-0.051637969569392476,0.44645340751043106,1.0,0.00015638737471426002
2027,P2,char3gram,target_real_anchor,pacc,replace,0.05,0.02713623686504839,-0.027052760164479918,0.6299969011465758,0.0,0.0005135616317917801
2027,P2,char3gram,target_real_anchor,pacc,replace,0.1,0.04996365741826761,-0.04996365741826761,0.44645340751043106,1.0,0.00015638737471426002
2027,P2,char3gram,target_real_anchor,pcc,replace,0.05,0.20901345658155995,0.20901345658155995,0.6299969011465758,1.0,0.0005832380868647399
2027,P2,char3gram,target_real_anchor,pcc,replace,0.1,0.17284406072067746,0.17284406072067746,0.44645340751043106,0.0,0.00097404167399324
2027,P2,column_positional_ablation,oracle_target,acc,replace,0.05,0.022026279560810765,-0.020881431587837795,0.6134567622488146,0.0,0.00010066819061016
2027,P2,column_positional_ablation,oracle_target,acc,replace,0.1,0.021497571790540494,-0.02077244510135131,0.4291430476825608,0.95,5.5389484789900004e-05
2027,P2,column_positional_ablation,oracle_target,cc,replace,0.05,0.014119999999999931,0.01409999999999993,0.6134567622488146,0.0,0.00010066819061016
2027,P2,column_positional_ablation,oracle_target,cc,replace,0.1,0.011249999999999996,-0.010950000000000005,0.4291430476825608,0.95,5.5389484789900004e-05
2027,P2,column_positional_ablation,oracle_target,dys,replace,0.05,0.012814426428179378,-0.010499242884793149,0.6134567622488146,0.0,0.00010066819061016
2027,P2,column_positional_ablation,oracle_target,dys,replace,0.1,0.011827406860662484,-0.010463404806427,0.4291430476825608,0.84,5.5389484789900004e-05
2027,P2,column_positional_ablation,oracle_target,emq,replace,0.05,0.04670576541006924,-0.04670576541006924,0.6134567622488146,0.0,0.00010066819061016
2027,P2,column_positional_ablation,oracle_target,emq,replace,0.1,0.04312749915059607,-0.04312749915059607,0.4291430476825608,1.0,5.5389484789900004e-05
2027,P2,column_positional_ablation,oracle_target,hdy,replace,0.05,0.012950058728204936,-0.010725555879711926,0.6134567622488146,0.0,0.00010066819061016
2027,P2,column_positional_ablation,oracle_target,hdy,replace,0.1,0.01200292722800512,-0.010798302267386074,0.4291430476825608,0.86,5.5389484789900004e-05
2027,P2,column_positional_ablation,oracle_target,kdey,replace,0.05,0.03253016313277705,-0.03253016313277705,0.6134567622488146,0.0,0.00010066819061016
2027,P2,column_positional_ablation,oracle_target,kdey,replace,0.1,0.030646010817647572,-0.030646010817647572,0.4291430476825608,1.0,5.5389484789900004e-05
2027,P2,column_positional_ablation,oracle_target,median_sweep,replace,0.05,0.02011443186638248,-0.01898775947217414,0.6134567622488146,0.0,0.00010066819061016
2027,P2,column_positional_ablation,oracle_target,median_sweep,replace,0.1,0.019381742041252176,-0.01861216973435626,0.4291430476825608,0.94,5.5389484789900004e-05
2027,P2,column_positional_ablation,oracle_target,pacc,replace,0.05,0.020612909018112045,-0.019363866612768163,0.6134567622488146,0.0,0.00010066819061016
2027,P2,column_positional_ablation,oracle_target,pacc,replace,0.1,0.020049403839063836,-0.01871703166191142,0.4291430476825608,0.92,5.5389484789900004e-05
2027,P2,column_positional_ablation,oracle_target,pcc,replace,0.05,0.3127185145301705,0.3127185145301705,0.6134567622488146,1.0,0.00055444434675578
2027,P2,column_positional_ablation,oracle_target,pcc,replace,0.1,0.2775497112957439,0.2775497112957439,0.4291430476825608,0.0,0.00130824687884646
2027,P2,column_positional_ablation,source_only,acc,replace,0.05,0.029786172304134103,-0.029647768141081197,0.6151079136690647,0.0,0.00010198698786708
2027,P2,column_positional_ablation,source_only,acc,replace,0.1,0.04554149465163339,-0.04554149465163339,0.4308510638297872,1.0,5.5389484789900004e-05
2027,P2,column_positional_ablation,source_only,cc,replace,0.05,0.014409999999999933,0.014409999999999933,0.6151079136690647,0.0,0.00010198698786708
2027,P2,column_positional_ablation,source_only,cc,replace,0.1,0.011129999999999996,-0.010790000000000004,0.4308510638297872,0.95,5.5389484789900004e-05
2027,P2,column_positional_ablation,source_only,dys,replace,0.05,0.02007660593876385,-0.02007660593876385,0.6151079136690647,0.0,0.00010198698786708
2027,P2,column_positional_ablation,source_only,dys,replace,0.1,0.03442085262465891,-0.03442085262465891,0.4308510638297872,1.0,5.5389484789900004e-05
2027,P2,column_positional_ablation,source_only,emq,replace,0.05,0.03422577063699383,-0.03422577063699383,0.6151079136690647,0.0,0.00010198698786708
2027,P2,column_positional_ablation,source_only,emq,replace,0.1,0.045921970206809395,-0.045921970206809395,0.4308510638297872,1.0,5.5389484789900004e-05
2027,P2,column_positional_ablation,source_only,hdy,replace,0.05,0.021213297931658923,-0.021213297931658923,0.6151079136690647,0.0,0.00010198698786708
2027,P2,column_positional_ablation,source_only,hdy,replace,0.1,0.036037297017298006,-0.036037297017298006,0.4308510638297872,1.0,5.5389484789900004e-05
2027,P2,column_positional_ablation,source_only,kdey,replace,0.05,0.03379229173784663,-0.03379229173784663,0.6151079136690647,0.0,0.00010198698786708
2027,P2,column_positional_ablation,source_only,kdey,replace,0.1,0.0468859878524277,-0.0468859878524277,0.4308510638297872,1.0,5.5389484789900004e-05
2027,P2,column_positional_ablation,source_only,median_sweep,replace,0.05,0.029975244976205594,-0.029975244976205594,0.6151079136690647,0.0,0.00010198698786708
2027,P2,column_positional_ablation,source_only,median_sweep,replace,0.1,0.04637926289673433,-0.04637926289673433,0.4308510638297872,1.0,5.5389484789900004e-05
2027,P2,column_positional_ablation,source_only,pacc,replace,0.05,0.0303590237362684,-0.0303590237362684,0.6151079136690647,0.0,0.00010198698786708
2027,P2,column_positional_ablation,source_only,pacc,replace,0.1,0.04681921164086677,-0.04681921164086677,0.4308510638297872,1.0,5.5389484789900004e-05
2027,P2,column_positional_ablation,source_only,pcc,replace,0.05,0.1621151256201226,0.1621151256201226,0.6151079136690647,1.0,0.00056224723052574
2027,P2,column_positional_ablation,source_only,pcc,replace,0.1,0.13221397518798245,0.13221397518798245,0.4308510638297872,0.0,0.0013123131703885401
2027,P2,column_positional_ablation,target_real_anchor,acc,replace,0.05,0.028625140213934617,-0.028569413125180642,0.6043649872300905,0.0,0.00013572621768944
2027,P2,column_positional_ablation,target_real_anchor,acc,replace,0.1,0.043775513154090735,-0.043775513154090735,0.4198161389172624,1.0,7.011605415864e-05
2027,P2,column_positional_ablation,target_real_anchor,cc,replace,0.05,0.011319999999999933,0.011199999999999932,0.6043649872300905,0.0,0.00013572621768944
2027,P2,column_positional_ablation,target_real_anchor,cc,replace,0.1,0.013500000000000002,-0.013500000000000002,0.4198161389172624,0.97,7.011605415864e-05
2027,P2,column_positional_ablation,target_real_anchor,dys,replace,0.05,0.02007660593876385,-0.02007660593876385,0.6043649872300905,0.0,0.00013572621768944
2027,P2,column_positional_ablation,target_real_anchor,dys,replace,0.1,0.03442085262465891,-0.03442085262465891,0.4198161389172624,1.0,7.011605415864e-05
2027,P2,column_positional_ablation,target_real_anchor,emq,replace,0.05,0.03422577063699383,-0.03422577063699383,0.6043649872300905,0.0,0.00013572621768944
2027,P2,column_positional_ablation,target_real_anchor,emq,replace,0.1,0.045921970206809395,-0.045921970206809395,0.4198161389172624,1.0,7.011605415864e-05
2027,P2,column_positional_ablation,target_real_anchor,hdy,replace,0.05,0.021213297931658923,-0.021213297931658923,0.6043649872300905,0.0,0.00013572621768944
2027,P2,column_positional_ablation,target_real_anchor,hdy,replace,0.1,0.036037297017298006,-0.036037297017298006,0.4198161389172624,1.0,7.011605415864e-05
2027,P2,column_positional_ablation,target_real_anchor,kdey,replace,0.05,0.03379229173784663,-0.03379229173784663,0.6043649872300905,0.0,0.00013572621768944
2027,P2,column_positional_ablation,target_real_anchor,kdey,replace,0.1,0.0468859878524277,-0.0468859878524277,0.4198161389172624,1.0,7.011605415864e-05
2027,P2,column_positional_ablation,target_real_anchor,median_sweep,replace,0.05,0.029975244976205594,-0.029975244976205594,0.6043649872300905,0.0,0.00013572621768944
2027,P2,column_positional_ablation,target_real_anchor,median_sweep,replace,0.1,0.04637926289673433,-0.04637926289673433,0.4198161389172624,1.0,7.011605415864e-05
2027,P2,column_positional_ablation,target_real_anchor,pacc,replace,0.05,0.0303590237362684,-0.0303590237362684,0.6043649872300905,0.0,0.00013572621768944
2027,P2,column_positional_ablation,target_real_anchor,pacc,replace,0.1,0.04681921164086677,-0.04681921164086677,0.4198161389172624,1.0,7.011605415864e-05
2027,P2,column_positional_ablation,target_real_anchor,pcc,replace,0.05,0.1621151256201226,0.1621151256201226,0.6043649872300905,1.0,0.00052312291190436
2027,P2,column_positional_ablation,target_real_anchor,pcc,replace,0.1,0.13221397518798245,0.13221397518798245,0.4198161389172624,0.0,0.00128494812730784
2027,P2,datum_transformer,oracle_target,acc,replace,0.05,0.01331544298431534,-0.010033671047053817,0.6376656690893544,0.0,0.00037959381044484
2027,P2,datum_transformer,oracle_target,acc,replace,0.1,0.014098791860957987,-0.01107226367104703,0.45463320463320467,0.77,0.00011638385792158001
2027,P2,datum_transformer,oracle_target,cc,replace,0.05,0.01900999999999994,0.01900999999999994,0.6376656690893544,0.0,0.00037959381044484
2027,P2,datum_transformer,oracle_target,cc,replace,0.1,0.007749999999999988,-0.006710000000000011,0.45463320463320467,0.82,0.0
2027,P2,datum_transformer,oracle_target,dys,replace,0.05,0.011543920981477787,-0.009050159518783359,0.6376656690893544,0.0,0.00037959381044484
2027,P2,datum_transformer,oracle_target,dys,replace,0.1,0.012038995983218425,-0.010402734642379207,0.45463320463320467,0.85,0.0
2027,P2,datum_transformer,oracle_target,emq,replace,0.05,0.04599318932876126,-0.04599318932876126,0.6376656690893544,0.0,0.00037959381044484
2027,P2,datum_transformer,oracle_target,emq,replace,0.1,0.04139197329981403,-0.04139197329981403,0.45463320463320467,1.0,0.0
2027,P2,datum_transformer,oracle_target,hdy,replace,0.05,0.0110884671162734,-0.008331512028325341,0.6376656690893544,0.0,0.00037959381044484
2027,P2,datum_transformer,oracle_target,hdy,replace,0.1,0.011247528152942846,-0.009026539528962136,0.45463320463320467,0.81,0.0
2027,P2,datum_transformer,oracle_target,kdey,replace,0.05,0.03073969837598125,-0.03073969837598125,0.6376656690893544,0.0,0.00037959381044484
2027,P2,datum_transformer,oracle_target,kdey,replace,0.1,0.030499718288888183,-0.030499718288888183,0.45463320463320467,1.0,0.0
2027,P2,datum_transformer,oracle_target,median_sweep,replace,0.05,0.016239746282684164,-0.014252915090714165,0.6376656690893544,0.0,0.00037959381044484
2027,P2,datum_transformer,oracle_target,median_sweep,replace,0.1,0.016999303985069766,-0.015712778759186304,0.45463320463320467,0.83,0.0
2027,P2,datum_transformer,oracle_target,pacc,replace,0.05,0.01799102200130707,-0.015213640478005618,0.6376656690893544,0.0,0.00037959381044484
2027,P2,datum_transformer,oracle_target,pacc,replace,0.1,0.018071916047349125,-0.016255722528809937,0.45463320463320467,0.85,0.0
2027,P2,datum_transformer,oracle_target,pcc,replace,0.05,0.31438394389206276,0.31438394389206276,0.6376656690893544,1.0,0.00081106031299454
2027,P2,datum_transformer,oracle_target,pcc,replace,0.1,0.2786783781604038,0.2786783781604038,0.45463320463320467,0.0,0.0015661816423421199
2027,P2,datum_transformer,source_only,acc,replace,0.05,0.02295489250435789,-0.02295489250435789,0.6391313604428358,0.0,0.00037607701775978
2027,P2,datum_transformer,source_only,acc,replace,0.1,0.03944029343404993,-0.03944029343404993,0.4562078922040423,1.0,0.0
2027,P2,datum_transformer,source_only,cc,replace,0.05,0.01917999999999994,0.01917999999999994,0.6391313604428358,0.0,0.00037607701775978
2027,P2,datum_transformer,source_only,cc,replace,0.1,0.007669999999999988,-0.006570000000000012,0.4562078922040423,0.82,0.0
2027,P2,datum_transformer,source_only,dys,replace,0.05,0.01752578360173592,-0.01744200891465619,0.6391313604428358,0.0,0.00037607701775978
2027,P2,datum_transformer,source_only,dys,replace,0.1,0.03196958364602542,-0.03196958364602542,0.4562078922040423,1.0,0.0
2027,P2,datum_transformer,source_only,emq,replace,0.05,0.035323840306979506,-0.035323840306979506,0.6391313604428358,0.0,0.00037607701775978
2027,P2,datum_transformer,source_only,emq,replace,0.1,0.047267697086654875,-0.047267697086654875,0.4562078922040423,1.0,0.0
2027,P2,datum_transformer,source_only,hdy,replace,0.05,0.018175069315325764,-0.01816623601550401,0.6391313604428358,0.0,0.00037607701775978
2027,P2,datum_transformer,source_only,hdy,replace,0.1,0.033622472580112375,-0.033622472580112375,0.4562078922040423,1.0,0.0
2027,P2,datum_transformer,source_only,kdey,replace,0.05,0.028749941273583435,-0.028749941273583435,0.6391313604428358,0.0,0.00037607701775978
2027,P2,datum_transformer,source_only,kdey,replace,0.1,0.043296124131205926,-0.043296124131205926,0.4562078922040423,1.0,0.0
2027,P2,datum_transformer,source_only,median_sweep,replace,0.05,0.02517021320580951,-0.02517021320580951,0.6391313604428358,0.0,0.00037607701775978
2027,P2,datum_transformer,source_only,median_sweep,replace,0.1,0.04277279410731141,-0.04277279410731141,0.4562078922040423,1.0,0.0
2027,P2,datum_transformer,source_only,pacc,replace,0.05,0.027562952470397608,-0.027562952470397608,0.6391313604428358,0.0,0.00037607701775978
2027,P2,datum_transformer,source_only,pacc,replace,0.1,0.045143690646407816,-0.045143690646407816,0.4562078922040423,1.0,0.0
2027,P2,datum_transformer,source_only,pcc,replace,0.05,0.16650095436459916,0.16650095436459916,0.6391313604428358,1.0,0.0008650211007561199
2027,P2,datum_transformer,source_only,pcc,replace,0.1,0.13576802038246927,0.13576802038246927,0.4562078922040423,0.0,0.0015661816423421199
2027,P2,datum_transformer,target_real_anchor,acc,replace,0.05,0.024695264227642236,-0.024676350174215992,0.6945874001774622,0.0,0.00048861438368208
2027,P2,datum_transformer,target_real_anchor,acc,replace,0.1,0.04321164053426244,-0.04321164053426244,0.5186013986013985,1.0,0.0
2027,P2,datum_transformer,target_real_anchor,cc,replace,0.05,0.032449999999999944,0.032449999999999944,0.6945874001774622,0.03,0.00048861438368208
2027,P2,datum_transformer,target_real_anchor,cc,replace,0.1,0.007769999999999941,0.005229999999999941,0.5186013986013985,0.27,0.00039761737295580427
2027,P2,datum_transformer,target_real_anchor,dys,replace,0.05,0.01752578360173592,-0.01744200891465619,0.6945874001774622,0.0,0.00048861438368208
2027,P2,datum_transformer,target_real_anchor,dys,replace,0.1,0.03196958364602542,-0.03196958364602542,0.5186013986013985,1.0,0.0
2027,P2,datum_transformer,target_real_anchor,emq,replace,0.05,0.035323840306979506,-0.035323840306979506,0.6945874001774622,0.0,0.00048861438368208
2027,P2,datum_transformer,target_real_anchor,emq,replace,0.1,0.047267697086654875,-0.047267697086654875,0.5186013986013985,1.0,0.0
2027,P2,datum_transformer,target_real_anchor,hdy,replace,0.05,0.018175069315325764,-0.01816623601550401,0.6945874001774622,0.0,0.00048861438368208
2027,P2,datum_transformer,target_real_anchor,hdy,replace,0.1,0.033622472580112375,-0.033622472580112375,0.5186013986013985,1.0,0.0
2027,P2,datum_transformer,target_real_anchor,kdey,replace,0.05,0.028749941273583435,-0.028749941273583435,0.6945874001774622,0.0,0.00048861438368208
2027,P2,datum_transformer,target_real_anchor,kdey,replace,0.1,0.043296124131205926,-0.043296124131205926,0.5186013986013985,1.0,0.0
2027,P2,datum_transformer,target_real_anchor,median_sweep,replace,0.05,0.02517021320580951,-0.02517021320580951,0.6945874001774622,0.0,0.00048861438368208
2027,P2,datum_transformer,target_real_anchor,median_sweep,replace,0.1,0.04277279410731141,-0.04277279410731141,0.5186013986013985,1.0,0.0
2027,P2,datum_transformer,target_real_anchor,pacc,replace,0.05,0.027562952470397608,-0.027562952470397608,0.6945874001774622,0.0,0.00048861438368208
2027,P2,datum_transformer,target_real_anchor,pacc,replace,0.1,0.045143690646407816,-0.045143690646407816,0.5186013986013985,1.0,0.0
2027,P2,datum_transformer,target_real_anchor,pcc,replace,0.05,0.16650095436459916,0.16650095436459916,0.6945874001774622,1.0,0.0008589766133286601
2027,P2,datum_transformer,target_real_anchor,pcc,replace,0.1,0.13576802038246927,0.13576802038246927,0.5186013986013985,0.0,0.0017255363108844043
2027,P2,flat_transformer,oracle_target,acc,replace,0.05,0.01971682870370365,-0.016948828703703664,0.6150234741784038,0.0,0.0009586557059961
2027,P2,flat_transformer,oracle_target,acc,replace,0.1,0.019957865740740707,-0.019043421296296267,0.4307636097917428,0.93,0.00042553191489358
2027,P2,flat_transformer,oracle_target,cc,replace,0.05,0.013849999999999939,0.013749999999999938,0.6150234741784038,0.0,0.0009586557059961
2027,P2,flat_transformer,oracle_target,cc,replace,0.1,0.014549999999999999,-0.01447,0.4307636097917428,0.99,0.00042553191489358
2027,P2,flat_transformer,oracle_target,dys,replace,0.05,0.014630911104261029,-0.011327971691443497,0.6150234741784038,0.0,0.0009586557059961
2027,P2,flat_transformer,oracle_target,dys,replace,0.1,0.014462692819322604,-0.01301514230541146,0.4307636097917428,0.86,0.00042553191489358
2027,P2,flat_transformer,oracle_target,emq,replace,0.05,0.0491457908505022,-0.0491457908505022,0.6150234741784038,0.0,0.0009586557059961
2027,P2,flat_transformer,oracle_target,emq,replace,0.1,0.06636397083566369,-0.06636397083566369,0.4307636097917428,1.0,0.00042553191489358
2027,P2,flat_transformer,oracle_target,hdy,replace,0.05,0.014676638293644382,-0.01143397040619347,0.6150234741784038,0.0,0.0009586557059961
2027,P2,flat_transformer,oracle_target,hdy,replace,0.1,0.01453664366608801,-0.012996640716266206,0.4307636097917428,0.85,0.00023133901881484
2027,P2,flat_transformer,oracle_target,kdey,replace,0.05,0.043749446190038926,-0.043749446190038926,0.6150234741784038,0.0,0.0009586557059961
2027,P2,flat_transformer,oracle_target,kdey,replace,0.1,0.048608199405817516,-0.048608199405817516,0.4307636097917428,1.0,0.00042553191489358
2027,P2,flat_transformer,oracle_target,median_sweep,replace,0.05,0.022278134451854913,-0.01932272800246877,0.6150234741784038,0.0,0.0009586557059961
2027,P2,flat_transformer,oracle_target,median_sweep,replace,0.1,0.022575677965955852,-0.02144938827854196,0.4307636097917428,0.91,0.00042553191489358
2027,P2,flat_transformer,oracle_target,pacc,replace,0.05,0.02471454802749603,-0.020989996233928988,0.6150234741784038,0.0,0.0009586557059961
2027,P2,flat_transformer,oracle_target,pacc,replace,0.1,0.02467504403188106,-0.023340297901341303,0.4307636097917428,0.94,0.00042553191489358
2027,P2,flat_transformer,oracle_target,pcc,replace,0.05,0.34762629603179634,0.34762629603179634,0.6150234741784038,1.0,0.00086018551081416
2027,P2,flat_transformer,oracle_target,pcc,replace,0.1,0.3080651329276462,0.3080651329276462,0.4307636097917428,0.0,0.0013292377351855002
2027,P2,flat_transformer,source_only,acc,replace,0.05,0.026960746995777808,-0.0267615524520948,0.616822429906542,0.0,0.000944368735713
2027,P2,flat_transformer,source_only,acc,replace,0.1,0.04334653458915229,-0.04334653458915229,0.4326292789512018,1.0,0.00043366449797786
2027,P2,flat_transformer,source_only,cc,replace,0.05,0.014269999999999936,0.014209999999999936,0.616822429906542,0.0,0.000944368735713
2027,P2,flat_transformer,source_only,cc,replace,0.1,0.01422,-0.014140000000000002,0.4326292789512018,0.99,0.00043366449797786
2027,P2,flat_transformer,source_only,dys,replace,0.05,0.008462784570544205,-0.007054104774123743,0.616822429906542,0.0,0.000944368735713
2027,P2,flat_transformer,source_only,dys,replace,0.1,0.02169373259770586,-0.02169373259770586,0.4326292789512018,1.0,0.00043366449797786
2027,P2,flat_transformer,source_only,emq,replace,0.05,0.03828899914519716,-0.03828899914519716,0.616822429906542,0.0,0.000944368735713
2027,P2,flat_transformer,source_only,emq,replace,0.1,0.051275140972441714,-0.051275140972441714,0.4326292789512018,1.0,0.00043366449797786
2027,P2,flat_transformer,source_only,hdy,replace,0.05,0.010068189361873148,-0.009331163117478789,0.616822429906542,0.0,0.000944368735713
2027,P2,flat_transformer,source_only,hdy,replace,0.1,0.025365614980690124,-0.025365614980690124,0.4326292789512018,1.0,0.00043366449797786
2027,P2,flat_transformer,source_only,kdey,replace,0.05,0.03624165488741871,-0.03624165488741871,0.616822429906542,0.0,0.000944368735713
2027,P2,flat_transformer,source_only,kdey,replace,0.1,0.05095317619533042,-0.05095317619533042,0.4326292789512018,1.0,0.00043366449797786
2027,P2,flat_transformer,source_only,median_sweep,replace,0.05,0.032053234024561485,-0.03180785730607956,0.616822429906542,0.0,0.000944368735713
2027,P2,flat_transformer,source_only,median_sweep,replace,0.1,0.051020408080746676,-0.051020408080746676,0.4326292789512018,1.0,0.00043366449797786
2027,P2,flat_transformer,source_only,pacc,replace,0.05,0.03261862845141914,-0.03229549071128475,0.616822429906542,0.0,0.000944368735713
2027,P2,flat_transformer,source_only,pacc,replace,0.1,0.05211820572065319,-0.05211820572065319,0.4326292789512018,1.0,0.00043366449797786
2027,P2,flat_transformer,source_only,pcc,replace,0.05,0.20600151253456975,0.20600151253456975,0.616822429906542,1.0,0.0008785387726393999
2027,P2,flat_transformer,source_only,pcc,replace,0.1,0.17142201359633855,0.17142201359633855,0.4326292789512018,0.0,0.00132912783541412
2027,P2,flat_transformer,target_real_anchor,acc,replace,0.05,0.029334057031756275,-0.029079449125080967,0.6645340157816164,0.0,0.00075665992614734
2027,P2,flat_transformer,target_real_anchor,acc,replace,0.1,0.04650195074530132,-0.04650195074530132,0.4840931452935389,1.0,0.00036827413398978
2027,P2,flat_transformer,target_real_anchor,cc,replace,0.05,0.025859999999999935,0.025859999999999935,0.6645340157816164,0.01,0.00075665992614734
2027,P2,flat_transformer,target_real_anchor,cc,replace,0.1,0.005919999999999976,-0.0028600000000000253,0.4840931452935389,0.63,0.0002760682257781
2027,P2,flat_transformer,target_real_anchor,dys,replace,0.05,0.008462784570544205,-0.007054104774123743,0.6645340157816164,0.0,0.00075665992614734
2027,P2,flat_transformer,target_real_anchor,dys,replace,0.1,0.02169373259770586,-0.02169373259770586,0.4840931452935389,1.0,0.00036827413398978
2027,P2,flat_transformer,target_real_anchor,emq,replace,0.05,0.03828899914519716,-0.03828899914519716,0.6645340157816164,0.0,0.00075665992614734
2027,P2,flat_transformer,target_real_anchor,emq,replace,0.1,0.051275140972441714,-0.051275140972441714,0.4840931452935389,1.0,0.00036827413398978
2027,P2,flat_transformer,target_real_anchor,hdy,replace,0.05,0.010068189361873148,-0.009331163117478789,0.6645340157816164,0.0,0.00075665992614734
2027,P2,flat_transformer,target_real_anchor,hdy,replace,0.1,0.025365614980690124,-0.025365614980690124,0.4840931452935389,1.0,0.00036827413398978
2027,P2,flat_transformer,target_real_anchor,kdey,replace,0.05,0.03624165488741871,-0.03624165488741871,0.6645340157816164,0.0,0.00075665992614734
2027,P2,flat_transformer,target_real_anchor,kdey,replace,0.1,0.05095317619533042,-0.05095317619533042,0.4840931452935389,1.0,0.00036827413398978
2027,P2,flat_transformer,target_real_anchor,median_sweep,replace,0.05,0.032053234024561485,-0.03180785730607956,0.6645340157816164,0.0,0.00075665992614734
2027,P2,flat_transformer,target_real_anchor,median_sweep,replace,0.1,0.051020408080746676,-0.051020408080746676,0.4840931452935389,1.0,0.00036827413398978
2027,P2,flat_transformer,target_real_anchor,pacc,replace,0.05,0.03261862845141914,-0.03229549071128475,0.6645340157816164,0.0,0.00075665992614734
2027,P2,flat_transformer,target_real_anchor,pacc,replace,0.1,0.05211820572065319,-0.05211820572065319,0.4840931452935389,1.0,0.00036827413398978
2027,P2,flat_transformer,target_real_anchor,pcc,replace,0.05,0.20600151253456975,0.20600151253456975,0.6645340157816164,1.0,0.0009516221206260601
2027,P2,flat_transformer,target_real_anchor,pcc,replace,0.1,0.17142201359633855,0.17142201359633855,0.4840931452935389,0.0,0.00123439423245996
2027,P3,char3gram,oracle_target,acc,replace,0.05,0.09041063829787233,0.043882978723404235,0.8808757244043786,0.35,0.0013466566056143999
2027,P3,char3gram,oracle_target,acc,replace,0.1,0.11285553191489361,0.020390425531914887,0.7779111644657862,0.58,0.00024116037469798
2027,P3,char3gram,oracle_target,cc,replace,0.05,0.004939999999999947,0.001059999999999947,0.8808757244043786,0.0,0.00107683747589538
2027,P3,char3gram,oracle_target,cc,replace,0.1,0.047939999999999997,-0.047939999999999997,0.7779111644657862,1.0,0.00146677947240446
2027,P3,char3gram,oracle_target,dys,replace,0.05,0.05020785311303948,0.021989002156086998,0.8808757244043786,0.3,0.0008003109779800199
2027,P3,char3gram,oracle_target,dys,replace,0.1,0.06135226474278173,0.0028766639979859576,0.7779111644657862,0.55,0.00170550080412192
2027,P3,char3gram,oracle_target,emq,replace,0.05,0.04453197300871864,-0.043516703935815484,0.8808757244043786,0.0,0.00107683747589538
2027,P3,char3gram,oracle_target,emq,replace,0.1,0.0838312618690284,-0.07771377073400722,0.7779111644657862,0.93,0.00146677947240446
2027,P3,char3gram,oracle_target,hdy,replace,0.05,0.056633406874367964,0.04536712494495574,0.8808757244043786,0.46,0.0006189071563045599
2027,P3,char3gram,oracle_target,hdy,replace,0.1,0.05810867084629154,0.025540563031066773,0.7779111644657862,0.4,0.00047225969710131997
2027,P3,char3gram,oracle_target,kdey,replace,0.05,0.14496182397689497,0.14496182397689497,0.8808757244043786,0.97,0.0009399461886142599
2027,P3,char3gram,oracle_target,kdey,replace,0.1,0.12691708525600623,0.12498736379143212,0.7779111644657862,0.02,0.0016231831035297202
2027,P3,char3gram,oracle_target,pacc,replace,0.05,0.06611459854119045,0.05817830017493002,0.8808757244043786,0.57,0.0011652527839389399
2027,P3,char3gram,oracle_target,pacc,replace,0.1,0.06545864788016995,0.04003171522377871,0.7779111644657862,0.29,0.00047225969710131997
2027,P3,char3gram,oracle_target,pcc,replace,0.05,0.4340649622231885,0.4340649622231885,0.8808757244043786,1.0,0.0009399461886142599
2027,P3,char3gram,oracle_target,pcc,replace,0.1,0.38532544723828704,0.38532544723828704,0.7779111644657862,0.0,0.0016231831035297202
2027,P3,char3gram,source_only,acc,replace,0.05,0.95,0.95,0.949975604119052,1.0,
2027,P3,char3gram,source_only,acc,replace,0.1,0.9,0.9,0.8999537774125623,0.0,
2027,P3,char3gram,source_only,cc,replace,0.05,0.94978,0.94978,0.949975604119052,1.0,
2027,P3,char3gram,source_only,cc,replace,0.1,0.8997200000000001,0.8997200000000001,0.8999537774125623,0.0,
2027,P3,char3gram,source_only,dys,replace,0.05,0.9499940391390134,0.9499940391390134,0.949975604119052,1.0,
2027,P3,char3gram,source_only,dys,replace,0.1,0.8999940391390134,0.8999940391390134,0.8999537774125623,0.0,
2027,P3,char3gram,source_only,emq,replace,0.05,0.9499999999166847,0.9499999999166847,0.949975604119052,1.0,
2027,P3,char3gram,source_only,emq,replace,0.1,0.8999999999202513,0.8999999999202513,0.8999537774125623,0.0,
2027,P3,char3gram,source_only,hdy,replace,0.05,0.9499940391390134,0.9499940391390134,0.949975604119052,1.0,
2027,P3,char3gram,source_only,hdy,replace,0.1,0.8999940391390134,0.8999940391390134,0.8999537774125623,0.0,
2027,P3,char3gram,source_only,kdey,replace,0.05,0.9499940391390134,0.9499940391390134,0.949975604119052,1.0,
2027,P3,char3gram,source_only,kdey,replace,0.1,0.8999940391390134,0.8999940391390134,0.8999537774125623,0.0,
2027,P3,char3gram,source_only,median_sweep,replace,0.05,0.95,0.95,0.949975604119052,1.0,
2027,P3,char3gram,source_only,median_sweep,replace,0.1,0.9,0.9,0.8999537774125623,0.0,
2027,P3,char3gram,source_only,pacc,replace,0.05,0.95,0.95,0.949975604119052,1.0,
2027,P3,char3gram,source_only,pacc,replace,0.1,0.9,0.9,0.8999537774125623,0.0,
2027,P3,char3gram,source_only,pcc,replace,0.05,0.9151528930432217,0.9151528930432217,0.949975604119052,1.0,
2027,P3,char3gram,source_only,pcc,replace,0.1,0.8653570165579394,0.8653570165579394,0.8999537774125623,0.0,
2027,P3,char3gram,target_real_anchor,acc,replace,0.05,0.95,0.95,0.8823970037453184,1.0,0.0010972644608572
2027,P3,char3gram,target_real_anchor,acc,replace,0.1,0.9,0.9,0.7804195804195806,0.0,0.0014067180390093998
2027,P3,char3gram,target_real_anchor,cc,replace,0.05,0.008249999999999992,-0.007830000000000009,0.8823970037453184,0.0,0.00143324263142246
2027,P3,char3gram,target_real_anchor,cc,replace,0.1,0.05666,-0.05666,0.7804195804195806,1.0,0.0015658655934877
2027,P3,char3gram,target_real_anchor,dys,replace,0.05,0.9499940391390134,0.9499940391390134,0.8823970037453184,1.0,0.0010972644608572
2027,P3,char3gram,target_real_anchor,dys,replace,0.1,0.8999940391390134,0.8999940391390134,0.7804195804195806,0.0,0.0014067180390093998
2027,P3,char3gram,target_real_anchor,emq,replace,0.05,0.9499999999166847,0.9499999999166847,0.8823970037453184,1.0,0.0010972644608572
2027,P3,char3gram,target_real_anchor,emq,replace,0.1,0.8999999999202513,0.8999999999202513,0.7804195804195806,0.0,0.0014067180390093998
2027,P3,char3gram,target_real_anchor,hdy,replace,0.05,0.9499940391390134,0.9499940391390134,0.8823970037453184,1.0,0.0010972644608572
2027,P3,char3gram,target_real_anchor,hdy,replace,0.1,0.8999940391390134,0.8999940391390134,0.7804195804195806,0.0,0.0014067180390093998
2027,P3,char3gram,target_real_anchor,kdey,replace,0.05,0.9499940391390134,0.9499940391390134,0.8823970037453184,1.0,0.0010972644608572
2027,P3,char3gram,target_real_anchor,kdey,replace,0.1,0.8999940391390134,0.8999940391390134,0.7804195804195806,0.0,0.0014067180390093998
2027,P3,char3gram,target_real_anchor,median_sweep,replace,0.05,0.95,0.95,0.8823970037453184,1.0,0.0010972644608572
2027,P3,char3gram,target_real_anchor,median_sweep,replace,0.1,0.9,0.9,0.7804195804195806,0.0,0.0014067180390093998
2027,P3,char3gram,target_real_anchor,pacc,replace,0.05,0.95,0.95,0.8823970037453184,1.0,0.0010972644608572
2027,P3,char3gram,target_real_anchor,pacc,replace,0.1,0.9,0.9,0.7804195804195806,0.0,0.0014067180390093998
2027,P3,char3gram,target_real_anchor,pcc,replace,0.05,0.9151528930432217,0.9151528930432217,0.8823970037453184,1.0,0.0010972644608572
2027,P3,char3gram,target_real_anchor,pcc,replace,0.1,0.8653570165579394,0.8653570165579394,0.7804195804195806,0.0,0.0014067180390093998
2027,P3,column_positional_ablation,oracle_target,cc,replace,0.05,0.05,-0.05,0.0,0.0,0.0
2027,P3,column_positional_ablation,oracle_target,cc,replace,0.1,0.1,-0.1,0.0,1.0,0.0
2027,P3,column_positional_ablation,oracle_target,dys,replace,0.05,0.9499940391390134,0.9499940391390134,0.0,1.0,0.0
2027,P3,column_positional_ablation,oracle_target,dys,replace,0.1,0.8999940391390134,0.8999940391390134,0.0,0.0,0.0
2027,P3,column_positional_ablation,oracle_target,emq,replace,0.05,0.45,0.45,0.0,1.0,0.0
2027,P3,column_positional_ablation,oracle_target,emq,replace,0.1,0.4,0.4,0.0,0.0,0.0
2027,P3,column_positional_ablation,oracle_target,hdy,replace,0.05,0.9499940391390134,0.9499940391390134,0.0,1.0,0.0
2027,P3,column_positional_ablation,oracle_target,hdy,replace,0.1,0.8999940391390134,0.8999940391390134,0.0,0.0,0.0
2027,P3,column_positional_ablation,oracle_target,pcc,replace,0.05,0.45,0.45,0.0,1.0,0.0
2027,P3,column_positional_ablation,oracle_target,pcc,replace,0.1,0.4,0.4,0.0,0.0,0.0
2027,P3,column_positional_ablation,source_only,acc,replace,0.05,0.95,0.95,0.95,1.0,
2027,P3,column_positional_ablation,source_only,acc,replace,0.1,0.9,0.9,0.9,0.0,
2027,P3,column_positional_ablation,source_only,cc,replace,0.05,0.95,0.95,0.95,1.0,
2027,P3,column_positional_ablation,source_only,cc,replace,0.1,0.9,0.9,0.9,0.0,
2027,P3,column_positional_ablation,source_only,dys,replace,0.05,0.9499940391390134,0.9499940391390134,0.95,1.0,
2027,P3,column_positional_ablation,source_only,dys,replace,0.1,0.8999940391390134,0.8999940391390134,0.9,0.0,
2027,P3,column_positional_ablation,source_only,emq,replace,0.05,0.9499999997552311,0.9499999997552311,0.95,1.0,
2027,P3,column_positional_ablation,source_only,emq,replace,0.1,0.8999999997552435,0.8999999997552435,0.9,0.0,
2027,P3,column_positional_ablation,source_only,hdy,replace,0.05,0.9499940391390134,0.9499940391390134,0.95,1.0,
2027,P3,column_positional_ablation,source_only,hdy,replace,0.1,0.8999940391390134,0.8999940391390134,0.9,0.0,
2027,P3,column_positional_ablation,source_only,kdey,replace,0.05,0.9499940391390134,0.9499940391390134,0.95,1.0,
2027,P3,column_positional_ablation,source_only,kdey,replace,0.1,0.8999940391390134,0.8999940391390134,0.9,0.0,
2027,P3,column_positional_ablation,source_only,median_sweep,replace,0.05,0.95,0.95,0.95,1.0,
2027,P3,column_positional_ablation,source_only,median_sweep,replace,0.1,0.9,0.9,0.9,0.0,
2027,P3,column_positional_ablation,source_only,pacc,replace,0.05,0.95,0.95,0.95,1.0,
2027,P3,column_positional_ablation,source_only,pacc,replace,0.1,0.9,0.9,0.9,0.0,
2027,P3,column_positional_ablation,source_only,pcc,replace,0.05,0.9093606412776987,0.9093606412776987,0.95,1.0,
2027,P3,column_positional_ablation,source_only,pcc,replace,0.1,0.8593609186178996,0.8593609186178996,0.9,0.0,
2027,P3,column_positional_ablation,target_real_anchor,acc,replace,0.05,0.03721478196600142,0.03721478196600142,0.9434931506849316,0.11,0.00059055328165604
2027,P3,column_positional_ablation,target_real_anchor,acc,replace,0.1,0.014027679231337726,-0.011449113082039894,0.8877551020408164,0.84,0.00099878810051902
2027,P3,column_positional_ablation,target_real_anchor,cc,replace,0.05,0.005439999999999978,-0.0039200000000000216,0.9434931506849316,0.0,0.00059055328165604
2027,P3,column_positional_ablation,target_real_anchor,cc,replace,0.1,0.05322,-0.05322,0.8877551020408164,1.0,0.00099878810051902
2027,P3,column_positional_ablation,target_real_anchor,dys,replace,0.05,0.9499940391390134,0.9499940391390134,0.9434931506849316,1.0,0.00011067157524064
2027,P3,column_positional_ablation,target_real_anchor,dys,replace,0.1,0.8999940391390134,0.8999940391390134,0.8877551020408164,0.0,0.00068018811118986
2027,P3,column_positional_ablation,target_real_anchor,emq,replace,0.05,0.9499999997552311,0.9499999997552311,0.9434931506849316,1.0,0.00011067157524064
2027,P3,column_positional_ablation,target_real_anchor,emq,replace,0.1,0.8999999997552435,0.8999999997552435,0.8877551020408164,0.0,0.00068018811118986
2027,P3,column_positional_ablation,target_real_anchor,hdy,replace,0.05,0.9499940391390134,0.9499940391390134,0.9434931506849316,1.0,0.00011067157524064
2027,P3,column_positional_ablation,target_real_anchor,hdy,replace,0.1,0.8999940391390134,0.8999940391390134,0.8877551020408164,0.0,0.00068018811118986
2027,P3,column_positional_ablation,target_real_anchor,kdey,replace,0.05,0.9499940391390134,0.9499940391390134,0.9434931506849316,1.0,0.00011067157524064
2027,P3,column_positional_ablation,target_real_anchor,kdey,replace,0.1,0.8999940391390134,0.8999940391390134,0.8877551020408164,0.0,0.00068018811118986
2027,P3,column_positional_ablation,target_real_anchor,median_sweep,replace,0.05,0.95,0.95,0.9434931506849316,1.0,0.00011067157524064
2027,P3,column_positional_ablation,target_real_anchor,median_sweep,replace,0.1,0.9,0.9,0.8877551020408164,0.0,0.00068018811118986
2027,P3,column_positional_ablation,target_real_anchor,pacc,replace,0.05,0.95,0.95,0.9434931506849316,1.0,0.00011067157524064
2027,P3,column_positional_ablation,target_real_anchor,pacc,replace,0.1,0.9,0.9,0.8877551020408164,0.0,0.00068018811118986
2027,P3,column_positional_ablation,target_real_anchor,pcc,replace,0.05,0.9093606412776987,0.9093606412776987,0.9434931506849316,1.0,0.00011067157524064
2027,P3,column_positional_ablation,target_real_anchor,pcc,replace,0.1,0.8593609186178996,0.8593609186178996,0.8877551020408164,0.0,0.00068018811118986
2027,P3,datum_ta,oracle_target,acc,replace,0.05,0.20750213017751473,0.20388343195266267,0.907035175879397,0.91,0.0035741126075656
2027,P3,datum_ta,oracle_target,acc,replace,0.1,0.2211465088757396,0.21907242603550292,0.8221153846153846,0.04,0.00014695233957574
2027,P3,datum_ta,oracle_target,cc,replace,0.05,0.014659999999999942,0.014639999999999941,0.907035175879397,0.0,0.00038719807315602003
2027,P3,datum_ta,oracle_target,cc,replace,0.1,0.03158,-0.03158,0.8221153846153846,1.0,0.0031295970243675406
2027,P3,datum_ta,oracle_target,dys,replace,0.05,0.9499940391390134,0.9499940391390134,0.907035175879397,1.0,0.0032439271640789997
2027,P3,datum_ta,oracle_target,dys,replace,0.1,0.8999940391390134,0.8999940391390134,0.8221153846153846,0.0,0.0
2027,P3,datum_ta,oracle_target,emq,replace,0.05,0.4993222103778965,0.4993222103778965,0.907035175879397,1.0,0.0032439271640789997
2027,P3,datum_ta,oracle_target,emq,replace,0.1,0.4493232417916457,0.4493232417916457,0.8221153846153846,0.0,0.0
2027,P3,datum_ta,oracle_target,hdy,replace,0.05,0.9499940391390134,0.9499940391390134,0.907035175879397,1.0,0.0032439271640789997
2027,P3,datum_ta,oracle_target,hdy,replace,0.1,0.8999940391390134,0.8999940391390134,0.8221153846153846,0.0,0.0
2027,P3,datum_ta,oracle_target,kdey,replace,0.05,0.10373850921644955,0.09899014315606781,0.907035175879397,0.78,0.00173720836286862
2027,P3,datum_ta,oracle_target,kdey,replace,0.1,0.0989602289291354,0.09097318994325791,0.8221153846153846,0.08,0.0
2027,P3,datum_ta,oracle_target,pacc,replace,0.05,0.11033730541742112,0.09946340400341903,0.907035175879397,0.66,0.00363112523723502
2027,P3,datum_ta,oracle_target,pacc,replace,0.1,0.11473017269230773,0.09957524644544695,0.8221153846153846,0.15,0.00045091807102185996
2027,P3,datum_ta,oracle_target,pcc,replace,0.05,0.4500989662610879,0.4500989662610879,0.907035175879397,1.0,0.0032439271640789997
2027,P3,datum_ta,oracle_target,pcc,replace,0.1,0.4000989683441853,0.4000989683441853,0.8221153846153846,0.0,0.0
2027,P3,datum_ta,source_only,acc,replace,0.05,0.95,0.95,0.95,1.0,
2027,P3,datum_ta,source_only,acc,replace,0.1,0.9,0.9,0.9,0.0,
2027,P3,datum_ta,source_only,cc,replace,0.05,0.95,0.95,0.95,1.0,
2027,P3,datum_ta,source_only,cc,replace,0.1,0.9,0.9,0.9,0.0,
2027,P3,datum_ta,source_only,dys,replace,0.05,0.9499940391390134,0.9499940391390134,0.95,1.0,
2027,P3,datum_ta,source_only,dys,replace,0.1,0.8999940391390134,0.8999940391390134,0.9,0.0,
2027,P3,datum_ta,source_only,emq,replace,0.05,0.9499999999919869,0.9499999999919869,0.95,1.0,
2027,P3,datum_ta,source_only,emq,replace,0.1,0.899999999991994,0.899999999991994,0.9,0.0,
2027,P3,datum_ta,source_only,hdy,replace,0.05,0.9499940391390134,0.9499940391390134,0.95,1.0,
2027,P3,datum_ta,source_only,hdy,replace,0.1,0.8999940391390134,0.8999940391390134,0.9,0.0,
2027,P3,datum_ta,source_only,kdey,replace,0.05,0.9499940391390134,0.9499940391390134,0.95,1.0,
2027,P3,datum_ta,source_only,kdey,replace,0.1,0.8999940391390134,0.8999940391390134,0.9,0.0,
2027,P3,datum_ta,source_only,median_sweep,replace,0.05,0.95,0.95,0.95,1.0,
2027,P3,datum_ta,source_only,median_sweep,replace,0.1,0.9,0.9,0.9,0.0,
2027,P3,datum_ta,source_only,pacc,replace,0.05,0.95,0.95,0.95,1.0,
2027,P3,datum_ta,source_only,pacc,replace,0.1,0.9,0.9,0.9,0.0,
2027,P3,datum_ta,source_only,pcc,replace,0.05,0.9360513699993135,0.9360513699993135,0.95,1.0,
2027,P3,datum_ta,source_only,pcc,replace,0.1,0.8860533879237136,0.8860533879237136,0.9,0.0,
2027,P3,datum_ta,target_real_anchor,acc,replace,0.05,0.95,0.95,0.9013859275053303,1.0,0.001492999184445001
2027,P3,datum_ta,target_real_anchor,acc,replace,0.1,0.9,0.9,0.8123732251521298,0.0,0.0
2027,P3,datum_ta,target_real_anchor,cc,replace,0.05,0.0048999999999999435,0.001619999999999943,0.9013859275053303,0.0,0.0
2027,P3,datum_ta,target_real_anchor,cc,replace,0.1,0.044969999999999996,-0.044969999999999996,0.8123732251521298,1.0,0.00361588121860684
2027,P3,datum_ta,target_real_anchor,dys,replace,0.05,0.9499940391390134,0.9499940391390134,0.9013859275053303,1.0,0.001492999184445001
2027,P3,datum_ta,target_real_anchor,dys,replace,0.1,0.8999940391390134,0.8999940391390134,0.8123732251521298,0.0,0.0
2027,P3,datum_ta,target_real_anchor,emq,replace,0.05,0.9499999999919869,0.9499999999919869,0.9013859275053303,1.0,0.001492999184445001
2027,P3,datum_ta,target_real_anchor,emq,replace,0.1,0.899999999991994,0.899999999991994,0.8123732251521298,0.0,0.0
2027,P3,datum_ta,target_real_anchor,hdy,replace,0.05,0.9499940391390134,0.9499940391390134,0.9013859275053303,1.0,0.001492999184445001
2027,P3,datum_ta,target_real_anchor,hdy,replace,0.1,0.8999940391390134,0.8999940391390134,0.8123732251521298,0.0,0.0
2027,P3,datum_ta,target_real_anchor,kdey,replace,0.05,0.9499940391390134,0.9499940391390134,0.9013859275053303,1.0,0.001492999184445001
2027,P3,datum_ta,target_real_anchor,kdey,replace,0.1,0.8999940391390134,0.8999940391390134,0.8123732251521298,0.0,0.0
2027,P3,datum_ta,target_real_anchor,median_sweep,replace,0.05,0.95,0.95,0.9013859275053303,1.0,0.001492999184445001
2027,P3,datum_ta,target_real_anchor,median_sweep,replace,0.1,0.9,0.9,0.8123732251521298,0.0,0.0
2027,P3,datum_ta,target_real_anchor,pacc,replace,0.05,0.95,0.95,0.9013859275053303,1.0,0.001492999184445001
2027,P3,datum_ta,target_real_anchor,pacc,replace,0.1,0.9,0.9,0.8123732251521298,0.0,0.0
2027,P3,datum_ta,target_real_anchor,pcc,replace,0.05,0.9360513699993135,0.9360513699993135,0.9013859275053303,1.0,0.001492999184445001
2027,P3,datum_ta,target_real_anchor,pcc,replace,0.1,0.8860533879237136,0.8860533879237136,0.8123732251521298,0.0,0.0
2027,P3,datum_transformer,oracle_target,cc,replace,0.05,0.05,-0.05,0.0,0.0,0.0
2027,P3,datum_transformer,oracle_target,cc,replace,0.1,0.1,-0.1,0.0,1.0,0.0
2027,P3,datum_transformer,oracle_target,dys,replace,0.05,0.9499940391390134,0.9499940391390134,0.0,1.0,0.0
2027,P3,datum_transformer,oracle_target,dys,replace,0.1,0.8999940391390134,0.8999940391390134,0.0,0.0,0.0
2027,P3,datum_transformer,oracle_target,emq,replace,0.05,0.45,0.45,0.0,1.0,0.0
2027,P3,datum_transformer,oracle_target,emq,replace,0.1,0.4,0.4,0.0,0.0,0.0
2027,P3,datum_transformer,oracle_target,hdy,replace,0.05,0.9499940391390134,0.9499940391390134,0.0,1.0,0.0
2027,P3,datum_transformer,oracle_target,hdy,replace,0.1,0.8999940391390134,0.8999940391390134,0.0,0.0,0.0
2027,P3,datum_transformer,oracle_target,pcc,replace,0.05,0.45,0.45,0.0,1.0,0.0
2027,P3,datum_transformer,oracle_target,pcc,replace,0.1,0.4,0.4,0.0,0.0,0.0
2027,P3,datum_transformer,source_only,acc,replace,0.05,0.95,0.95,0.95,1.0,
2027,P3,datum_transformer,source_only,acc,replace,0.1,0.9,0.9,0.9,0.0,
2027,P3,datum_transformer,source_only,cc,replace,0.05,0.94973,0.94973,0.95,1.0,
2027,P3,datum_transformer,source_only,cc,replace,0.1,0.89975,0.89975,0.9,0.0,
2027,P3,datum_transformer,source_only,dys,replace,0.05,0.9499940391390134,0.9499940391390134,0.95,1.0,
2027,P3,datum_transformer,source_only,dys,replace,0.1,0.8999940391390134,0.8999940391390134,0.9,0.0,
2027,P3,datum_transformer,source_only,emq,replace,0.05,0.9499999998755783,0.9499999998755783,0.95,1.0,
2027,P3,datum_transformer,source_only,emq,replace,0.1,0.8999999998760414,0.8999999998760414,0.9,0.0,
2027,P3,datum_transformer,source_only,hdy,replace,0.05,0.9499940391390134,0.9499940391390134,0.95,1.0,
2027,P3,datum_transformer,source_only,hdy,replace,0.1,0.8999940391390134,0.8999940391390134,0.9,0.0,
2027,P3,datum_transformer,source_only,kdey,replace,0.05,0.9499940391390134,0.9499940391390134,0.95,1.0,
2027,P3,datum_transformer,source_only,kdey,replace,0.1,0.8999940391390134,0.8999940391390134,0.9,0.0,
2027,P3,datum_transformer,source_only,median_sweep,replace,0.05,0.95,0.95,0.95,1.0,
2027,P3,datum_transformer,source_only,median_sweep,replace,0.1,0.9,0.9,0.9,0.0,
2027,P3,datum_transformer,source_only,pacc,replace,0.05,0.95,0.95,0.95,1.0,
2027,P3,datum_transformer,source_only,pacc,replace,0.1,0.9,0.9,0.9,0.0,
2027,P3,datum_transformer,source_only,pcc,replace,0.05,0.9282448303457168,0.9282448303457168,0.95,1.0,
2027,P3,datum_transformer,source_only,pcc,replace,0.1,0.8782511260823849,0.8782511260823849,0.9,0.0,
2027,P3,datum_transformer,target_real_anchor,acc,replace,0.05,0.026334871668311895,0.0262838845014807,0.9944488501189532,0.04,0.0
2027,P3,datum_transformer,target_real_anchor,acc,replace,0.1,0.02705002467917073,-0.02697929417571564,0.9883527454242927,0.99,0.0006317121319522
2027,P3,datum_transformer,target_real_anchor,cc,replace,0.05,0.01969,-0.01969,0.9944488501189532,0.0,0.0
2027,P3,datum_transformer,target_real_anchor,cc,replace,0.1,0.07097,-0.07097,0.9883527454242927,1.0,0.0006317121319522
2027,P3,datum_transformer,target_real_anchor,dys,replace,0.05,0.9499940391390134,0.9499940391390134,0.9944488501189532,1.0,0.0016875128621407199
2027,P3,datum_transformer,target_real_anchor,dys,replace,0.1,0.8999940391390134,0.8999940391390134,0.9883527454242927,0.0,0.00213233332571128
2027,P3,datum_transformer,target_real_anchor,emq,replace,0.05,0.9499999998755783,0.9499999998755783,0.9944488501189532,1.0,0.0016875128621407199
2027,P3,datum_transformer,target_real_anchor,emq,replace,0.1,0.8999999998760414,0.8999999998760414,0.9883527454242927,0.0,0.00213233332571128
2027,P3,datum_transformer,target_real_anchor,hdy,replace,0.05,0.9499940391390134,0.9499940391390134,0.9944488501189532,1.0,0.0016875128621407199
2027,P3,datum_transformer,target_real_anchor,hdy,replace,0.1,0.8999940391390134,0.8999940391390134,0.9883527454242927,0.0,0.00213233332571128
2027,P3,datum_transformer,target_real_anchor,kdey,replace,0.05,0.9499940391390134,0.9499940391390134,0.9944488501189532,1.0,0.0016875128621407199
2027,P3,datum_transformer,target_real_anchor,kdey,replace,0.1,0.8999940391390134,0.8999940391390134,0.9883527454242927,0.0,0.00213233332571128
2027,P3,datum_transformer,target_real_anchor,median_sweep,replace,0.05,0.95,0.95,0.9944488501189532,1.0,0.0016875128621407199
2027,P3,datum_transformer,target_real_anchor,median_sweep,replace,0.1,0.9,0.9,0.9883527454242927,0.0,0.00213233332571128
2027,P3,datum_transformer,target_real_anchor,pacc,replace,0.05,0.95,0.95,0.9944488501189532,1.0,0.0016875128621407199
2027,P3,datum_transformer,target_real_anchor,pacc,replace,0.1,0.9,0.9,0.9883527454242927,0.0,0.00213233332571128
2027,P3,datum_transformer,target_real_anchor,pcc,replace,0.05,0.9282448303457168,0.9282448303457168,0.9944488501189532,1.0,0.0016875128621407199
2027,P3,datum_transformer,target_real_anchor,pcc,replace,0.1,0.8782511260823849,0.8782511260823849,0.9883527454242927,0.0,0.00213233332571128
2027,P3,flat_transformer,oracle_target,acc,replace,0.05,0.029309915397631094,0.005004602368866336,0.7848388561053109,0.11,0.0010161662817552
2027,P3,flat_transformer,oracle_target,acc,replace,0.1,0.02933912013536374,0.0034637901861252203,0.6334106728538283,0.42,0.00042591788047164
2027,P3,flat_transformer,oracle_target,cc,replace,0.05,0.010809999999999926,0.010709999999999926,0.7848388561053109,0.0,0.0010161662817552
2027,P3,flat_transformer,oracle_target,cc,replace,0.1,0.029449999999999997,-0.029449999999999997,0.6334106728538283,1.0,0.0008594577702574
2027,P3,flat_transformer,oracle_target,dys,replace,0.05,0.040665406816230903,0.036268839108926476,0.7848388561053109,0.32,0.0008661651384538
2027,P3,flat_transformer,oracle_target,dys,replace,0.1,0.04214797239834397,0.03277368667262866,0.6334106728538283,0.19,0.0014981821507786
2027,P3,flat_transformer,oracle_target,emq,replace,0.05,0.042194297185884314,-0.03878661267390894,0.7848388561053109,0.01,0.0010161662817552
2027,P3,flat_transformer,oracle_target,emq,replace,0.1,0.059255731926923697,-0.04993289047473315,0.6334106728538283,0.85,0.00086006753100254
2027,P3,flat_transformer,oracle_target,hdy,replace,0.05,0.0414626969193203,0.0379612807566636,0.7848388561053109,0.36,0.0008661651384538
2027,P3,flat_transformer,oracle_target,hdy,replace,0.1,0.04301347491600203,0.034740929504827475,0.6334106728538283,0.19,0.0014981821507786
2027,P3,flat_transformer,oracle_target,kdey,replace,0.05,0.5535222222278908,0.5535222222278908,0.7848388561053109,1.0,0.00040244209178422007
2027,P3,flat_transformer,oracle_target,kdey,replace,0.1,0.5274629633569874,0.5274629633569874,0.6334106728538283,0.0,0.0007652497351351799
2027,P3,flat_transformer,oracle_target,median_sweep,replace,0.05,0.03139401621764073,0.008110344466480634,0.7848388561053109,0.13,0.0010161662817552
2027,P3,flat_transformer,oracle_target,median_sweep,replace,0.1,0.03764679517001984,0.00689865659739612,0.6334106728538283,0.47,0.0014981821507786
2027,P3,flat_transformer,oracle_target,pacc,replace,0.05,0.038894472791814495,0.02416787448482281,0.7848388561053109,0.29,0.0009125069550835
2027,P3,flat_transformer,oracle_target,pacc,replace,0.1,0.04469078130734452,0.023445384024067137,0.6334106728538283,0.33,0.0014981821507786
2027,P3,flat_transformer,oracle_target,pcc,replace,0.05,0.39619450303342674,0.39619450303342674,0.7848388561053109,1.0,0.00040244209178422007
2027,P3,flat_transformer,oracle_target,pcc,replace,0.1,0.3524988490003087,0.3524988490003087,0.6334106728538283,0.0,0.0007652497351351799
2027,P3,flat_transformer,source_only,acc,replace,0.05,0.95,0.95,0.941062215477997,1.0,0.031914267639235036
2027,P3,flat_transformer,source_only,acc,replace,0.1,0.9,0.9,0.8832230907997595,0.0,0.05859892224788295
2027,P3,flat_transformer,source_only,cc,replace,0.05,0.80092,0.80092,0.941062215477997,1.0,0.031914267639235036
2027,P3,flat_transformer,source_only,cc,replace,0.1,0.75917,0.75917,0.8832230907997595,0.0,0.05859892224788295
2027,P3,flat_transformer,source_only,dys,replace,0.05,0.9499940391390134,0.9499940391390134,0.941062215477997,1.0,0.031914267639235036
2027,P3,flat_transformer,source_only,dys,replace,0.1,0.8999940391390134,0.8999940391390134,0.8832230907997595,0.0,0.05859892224788295
2027,P3,flat_transformer,source_only,emq,replace,0.05,0.949735794910136,0.949735794910136,0.941062215477997,1.0,0.031914267639235036
2027,P3,flat_transformer,source_only,emq,replace,0.1,0.8999828841639207,0.8999828841639207,0.8832230907997595,0.0,0.05859892224788295
2027,P3,flat_transformer,source_only,hdy,replace,0.05,0.9465697671576854,0.9465697671576854,0.941062215477997,1.0,0.031914267639235036
2027,P3,flat_transformer,source_only,hdy,replace,0.1,0.8984127768330045,0.8984127768330045,0.8832230907997595,0.0,0.05859892224788295
2027,P3,flat_transformer,source_only,kdey,replace,0.05,0.9417515775014961,0.9417515775014961,0.941062215477997,1.0,0.031914267639235036
2027,P3,flat_transformer,source_only,kdey,replace,0.1,0.8953156028448257,0.8953156028448257,0.8832230907997595,0.0,0.05859892224788295
2027,P3,flat_transformer,source_only,median_sweep,replace,0.05,0.95,0.95,0.941062215477997,1.0,0.031914267639235036
2027,P3,flat_transformer,source_only,median_sweep,replace,0.1,0.9,0.9,0.8832230907997595,0.0,0.05859892224788295
2027,P3,flat_transformer,source_only,pacc,replace,0.05,0.95,0.95,0.941062215477997,1.0,0.031914267639235036
2027,P3,flat_transformer,source_only,pacc,replace,0.1,0.9,0.9,0.8832230907997595,0.0,0.05859892224788295
2027,P3,flat_transformer,source_only,pcc,replace,0.05,0.7961341056894444,0.7961341056894444,0.941062215477997,1.0,0.031914267639235036
2027,P3,flat_transformer,source_only,pcc,replace,0.1,0.7525464108598848,0.7525464108598848,0.8832230907997595,0.0,0.05859892224788295
2027,P3,flat_transformer,target_real_anchor,acc,replace,0.05,0.06913492915414335,0.06913492915414335,0.7795353435491844,0.88,0.0005481749098697199
2027,P3,flat_transformer,target_real_anchor,acc,replace,0.1,0.03929121940747097,0.03918284671532842,0.6261525565800503,0.02,0.00079970121723486
2027,P3,flat_transformer,target_real_anchor,cc,replace,0.05,0.007149999999999941,0.005849999999999941,0.7795353435491844,0.0,0.0008917750897491401
2027,P3,flat_transformer,target_real_anchor,cc,replace,0.1,0.03511,-0.03511,0.6261525565800503,1.0,0.0005515285939679401
2027,P3,flat_transformer,target_real_anchor,dys,replace,0.05,0.9499940391390134,0.9499940391390134,0.7795353435491844,1.0,0.00028170946424895996
2027,P3,flat_transformer,target_real_anchor,dys,replace,0.1,0.8999940391390134,0.8999940391390134,0.6261525565800503,0.0,0.00079970121723486
2027,P3,flat_transformer,target_real_anchor,emq,replace,0.05,0.949735794910136,0.949735794910136,0.7795353435491844,1.0,0.00028170946424895996
2027,P3,flat_transformer,target_real_anchor,emq,replace,0.1,0.8999828841639207,0.8999828841639207,0.6261525565800503,0.0,0.00079970121723486
2027,P3,flat_transformer,target_real_anchor,hdy,replace,0.05,0.9465697671576854,0.9465697671576854,0.7795353435491844,1.0,0.00028170946424895996
2027,P3,flat_transformer,target_real_anchor,hdy,replace,0.1,0.8984127768330045,0.8984127768330045,0.6261525565800503,0.0,0.00079970121723486
2027,P3,flat_transformer,target_real_anchor,kdey,replace,0.05,0.9417515775014961,0.9417515775014961,0.7795353435491844,1.0,0.00028170946424895996
2027,P3,flat_transformer,target_real_anchor,kdey,replace,0.1,0.8953156028448257,0.8953156028448257,0.6261525565800503,0.0,0.00079970121723486
2027,P3,flat_transformer,target_real_anchor,median_sweep,replace,0.05,0.95,0.95,0.7795353435491844,1.0,0.00028170946424895996
2027,P3,flat_transformer,target_real_anchor,median_sweep,replace,0.1,0.9,0.9,0.6261525565800503,0.0,0.00079970121723486
2027,P3,flat_transformer,target_real_anchor,pacc,replace,0.05,0.95,0.95,0.7795353435491844,1.0,0.00028170946424895996
2027,P3,flat_transformer,target_real_anchor,pacc,replace,0.1,0.9,0.9,0.6261525565800503,0.0,0.00079970121723486
2027,P3,flat_transformer,target_real_anchor,pcc,replace,0.05,0.7961341056894444,0.7961341056894444,0.7795353435491844,1.0,0.00028170946424895996
2027,P3,flat_transformer,target_real_anchor,pcc,replace,0.1,0.7525464108598848,0.7525464108598848,0.6261525565800503,0.0,0.00079970121723486
2027,P4,char3gram,oracle_target,acc,replace,0.05,0.03959274647887321,-0.004167394366197194,0.8255884127942064,0.15,0.00139147402038118
2027,P4,char3gram,oracle_target,acc,replace,0.1,0.056206619718309814,-0.023766338028169014,0.6915688367129136,0.63,0.00029664860250462003
2027,P4,char3gram,oracle_target,cc,replace,0.05,0.005469999999999942,0.003389999999999942,0.8255884127942064,0.0,0.00139147402038118
2027,P4,char3gram,oracle_target,cc,replace,0.1,0.04321,-0.04321,0.6915688367129136,1.0,0.0010676910647185
2027,P4,char3gram,oracle_target,dys,replace,0.05,0.038098498010166036,0.019279769079311785,0.8255884127942064,0.23,0.00029238027728864
2027,P4,char3gram,oracle_target,dys,replace,0.1,0.04114435736577744,0.0016769209449131722,0.6915688367129136,0.5,0.00028841683244538
2027,P4,char3gram,oracle_target,emq,replace,0.05,0.04919342573445402,-0.04919342573445402,0.8255884127942064,0.0,0.00139147402038118
2027,P4,char3gram,oracle_target,emq,replace,0.1,0.0939775152118134,-0.0939775152118134,0.6915688367129136,1.0,0.0010676910647185
2027,P4,char3gram,oracle_target,hdy,replace,0.05,0.05054900988335491,0.04276518993269437,0.8255884127942064,0.45,0.0009204338447701
2027,P4,char3gram,oracle_target,hdy,replace,0.1,0.04614596000768625,0.027629901452940645,0.6915688367129136,0.3,0.00028841683244538
2027,P4,char3gram,oracle_target,kdey,replace,0.05,0.06760655983257126,0.06433503834242332,0.8255884127942064,0.64,0.00070274925875956
2027,P4,char3gram,oracle_target,kdey,replace,0.1,0.059392212477910655,0.050013158348019296,0.6915688367129136,0.19,0.00028841683244538
2027,P4,char3gram,oracle_target,pacc,replace,0.05,0.053500555090064905,0.04642665083178984,0.8255884127942064,0.47,0.00143812071738348
2027,P4,char3gram,oracle_target,pacc,replace,0.1,0.049863514337878966,0.029225217307602365,0.6915688367129136,0.28,0.00028841683244538
2027,P4,char3gram,oracle_target,pcc,replace,0.05,0.4262733737064327,0.4262733737064327,0.8255884127942064,1.0,0.00062805356748146
2027,P4,char3gram,oracle_target,pcc,replace,0.1,0.3781971966092037,0.3781971966092037,0.6915688367129136,0.0,0.00065915136548294
2027,P4,char3gram,source_only,acc,replace,0.05,0.95,0.95,0.949975604119052,1.0,
2027,P4,char3gram,source_only,acc,replace,0.1,0.9,0.9,0.8999537774125623,0.0,
2027,P4,char3gram,source_only,cc,replace,0.05,0.94978,0.94978,0.949975604119052,1.0,
2027,P4,char3gram,source_only,cc,replace,0.1,0.8997200000000001,0.8997200000000001,0.8999537774125623,0.0,
2027,P4,char3gram,source_only,dys,replace,0.05,0.9499940391390134,0.9499940391390134,0.949975604119052,1.0,
2027,P4,char3gram,source_only,dys,replace,0.1,0.8999940391390134,0.8999940391390134,0.8999537774125623,0.0,
2027,P4,char3gram,source_only,emq,replace,0.05,0.9499999999174255,0.9499999999174255,0.949975604119052,1.0,
2027,P4,char3gram,source_only,emq,replace,0.1,0.899999999921572,0.899999999921572,0.8999537774125623,0.0,
2027,P4,char3gram,source_only,hdy,replace,0.05,0.9499940391390134,0.9499940391390134,0.949975604119052,1.0,
2027,P4,char3gram,source_only,hdy,replace,0.1,0.8999940391390134,0.8999940391390134,0.8999537774125623,0.0,
2027,P4,char3gram,source_only,kdey,replace,0.05,0.9499940391390134,0.9499940391390134,0.949975604119052,1.0,
2027,P4,char3gram,source_only,kdey,replace,0.1,0.8999940391390134,0.8999940391390134,0.8999537774125623,0.0,
2027,P4,char3gram,source_only,median_sweep,replace,0.05,0.95,0.95,0.949975604119052,1.0,
2027,P4,char3gram,source_only,median_sweep,replace,0.1,0.9,0.9,0.8999537774125623,0.0,
2027,P4,char3gram,source_only,pacc,replace,0.05,0.95,0.95,0.949975604119052,1.0,
2027,P4,char3gram,source_only,pacc,replace,0.1,0.9,0.9,0.8999537774125623,0.0,
2027,P4,char3gram,source_only,pcc,replace,0.05,0.9151963347087648,0.9151963347087648,0.949975604119052,1.0,
2027,P4,char3gram,source_only,pcc,replace,0.1,0.8654362588759555,0.8654362588759555,0.8999537774125623,0.0,
2027,P4,char3gram,target_real_anchor,acc,replace,0.05,0.95,0.95,0.8307475317348378,1.0,0.0009862880052439401
2027,P4,char3gram,target_real_anchor,acc,replace,0.1,0.9,0.9,0.6992481203007519,0.0,0.00040274697215676
2027,P4,char3gram,target_real_anchor,cc,replace,0.05,0.006329999999999987,-0.0056100000000000125,0.8307475317348378,0.0,0.0013417785196533
2027,P4,char3gram,target_real_anchor,cc,replace,0.1,0.05206,-0.05206,0.6992481203007519,1.0,0.00125915593868852
2027,P4,char3gram,target_real_anchor,dys,replace,0.05,0.9499940391390134,0.9499940391390134,0.8307475317348378,1.0,0.0009862880052439401
2027,P4,char3gram,target_real_anchor,dys,replace,0.1,0.8999940391390134,0.8999940391390134,0.6992481203007519,0.0,0.00040274697215676
2027,P4,char3gram,target_real_anchor,emq,replace,0.05,0.9499999999174255,0.9499999999174255,0.8307475317348378,1.0,0.0009862880052439401
2027,P4,char3gram,target_real_anchor,emq,replace,0.1,0.899999999921572,0.899999999921572,0.6992481203007519,0.0,0.00040274697215676
2027,P4,char3gram,target_real_anchor,hdy,replace,0.05,0.9499940391390134,0.9499940391390134,0.8307475317348378,1.0,0.0009862880052439401
2027,P4,char3gram,target_real_anchor,hdy,replace,0.1,0.8999940391390134,0.8999940391390134,0.6992481203007519,0.0,0.00040274697215676
2027,P4,char3gram,target_real_anchor,kdey,replace,0.05,0.9499940391390134,0.9499940391390134,0.8307475317348378,1.0,0.0009862880052439401
2027,P4,char3gram,target_real_anchor,kdey,replace,0.1,0.8999940391390134,0.8999940391390134,0.6992481203007519,0.0,0.00040274697215676
2027,P4,char3gram,target_real_anchor,median_sweep,replace,0.05,0.95,0.95,0.8307475317348378,1.0,0.0009862880052439401
2027,P4,char3gram,target_real_anchor,median_sweep,replace,0.1,0.9,0.9,0.6992481203007519,0.0,0.00040274697215676
2027,P4,char3gram,target_real_anchor,pacc,replace,0.05,0.95,0.95,0.8307475317348378,1.0,0.0009862880052439401
2027,P4,char3gram,target_real_anchor,pacc,replace,0.1,0.9,0.9,0.6992481203007519,0.0,0.00040274697215676
2027,P4,char3gram,target_real_anchor,pcc,replace,0.05,0.9151963347087648,0.9151963347087648,0.8307475317348378,1.0,0.0009862880052439401
2027,P4,char3gram,target_real_anchor,pcc,replace,0.1,0.8654362588759555,0.8654362588759555,0.6992481203007519,0.0,0.00040274697215676
2027,P4,column_positional_ablation,oracle_target,cc,replace,0.05,0.05,-0.05,0.0,0.0,0.0
2027,P4,column_positional_ablation,oracle_target,cc,replace,0.1,0.1,-0.1,0.0,1.0,0.0
2027,P4,column_positional_ablation,oracle_target,dys,replace,0.05,0.9499940391390134,0.9499940391390134,0.0,1.0,0.0
2027,P4,column_positional_ablation,oracle_target,dys,replace,0.1,0.8999940391390134,0.8999940391390134,0.0,0.0,0.0
2027,P4,column_positional_ablation,oracle_target,emq,replace,0.05,0.45,0.45,0.0,1.0,0.0
2027,P4,column_positional_ablation,oracle_target,emq,replace,0.1,0.4,0.4,0.0,0.0,0.0
2027,P4,column_positional_ablation,oracle_target,hdy,replace,0.05,0.9499940391390134,0.9499940391390134,0.0,1.0,0.0
2027,P4,column_positional_ablation,oracle_target,hdy,replace,0.1,0.8999940391390134,0.8999940391390134,0.0,0.0,0.0
2027,P4,column_positional_ablation,oracle_target,pcc,replace,0.05,0.45,0.45,0.0,1.0,0.0
2027,P4,column_positional_ablation,oracle_target,pcc,replace,0.1,0.4,0.4,0.0,0.0,0.0
2027,P4,column_positional_ablation,source_only,acc,replace,0.05,0.95,0.95,0.95,1.0,
2027,P4,column_positional_ablation,source_only,acc,replace,0.1,0.9,0.9,0.9,0.0,
2027,P4,column_positional_ablation,source_only,cc,replace,0.05,0.95,0.95,0.95,1.0,
2027,P4,column_positional_ablation,source_only,cc,replace,0.1,0.9,0.9,0.9,0.0,
2027,P4,column_positional_ablation,source_only,dys,replace,0.05,0.9499940391390134,0.9499940391390134,0.95,1.0,
2027,P4,column_positional_ablation,source_only,dys,replace,0.1,0.8999940391390134,0.8999940391390134,0.9,0.0,
2027,P4,column_positional_ablation,source_only,emq,replace,0.05,0.9499999999288942,0.9499999999288942,0.95,1.0,
2027,P4,column_positional_ablation,source_only,emq,replace,0.1,0.8999999999294765,0.8999999999294765,0.9,0.0,
2027,P4,column_positional_ablation,source_only,hdy,replace,0.05,0.9499940391390134,0.9499940391390134,0.95,1.0,
2027,P4,column_positional_ablation,source_only,hdy,replace,0.1,0.8999940391390134,0.8999940391390134,0.9,0.0,
2027,P4,column_positional_ablation,source_only,kdey,replace,0.05,0.9499940391390134,0.9499940391390134,0.95,1.0,
2027,P4,column_positional_ablation,source_only,kdey,replace,0.1,0.8999940391390134,0.8999940391390134,0.9,0.0,
2027,P4,column_positional_ablation,source_only,median_sweep,replace,0.05,0.95,0.95,0.95,1.0,
2027,P4,column_positional_ablation,source_only,median_sweep,replace,0.1,0.9,0.9,0.9,0.0,
2027,P4,column_positional_ablation,source_only,pacc,replace,0.05,0.95,0.95,0.95,1.0,
2027,P4,column_positional_ablation,source_only,pacc,replace,0.1,0.9,0.9,0.9,0.0,
2027,P4,column_positional_ablation,source_only,pcc,replace,0.05,0.9157836603258431,0.9157836603258431,0.95,1.0,
2027,P4,column_positional_ablation,source_only,pcc,replace,0.1,0.8658083743114279,0.8658083743114279,0.9,0.0,
2027,P4,column_positional_ablation,target_real_anchor,acc,replace,0.05,0.012036156294200795,0.011089338755304063,0.9636638909916728,0.0,0.0
2027,P4,column_positional_ablation,target_real_anchor,acc,replace,0.1,0.03905677157001409,-0.03905677157001409,0.9262672811059908,1.0,2.713435315814e-05
2027,P4,column_positional_ablation,target_real_anchor,cc,replace,0.05,0.01539,-0.01539,0.9636638909916728,0.0,0.0
2027,P4,column_positional_ablation,target_real_anchor,cc,replace,0.1,0.06547,-0.06547,0.9262672811059908,1.0,2.713435315814e-05
2027,P4,column_positional_ablation,target_real_anchor,dys,replace,0.05,0.9499940391390134,0.9499940391390134,0.9636638909916728,1.0,0.0016893421443761
2027,P4,column_positional_ablation,target_real_anchor,dys,replace,0.1,0.8999940391390134,0.8999940391390134,0.9262672811059908,0.0,0.00152135305909342
2027,P4,column_positional_ablation,target_real_anchor,emq,replace,0.05,0.9499999999288942,0.9499999999288942,0.9636638909916728,1.0,0.0016893421443761
2027,P4,column_positional_ablation,target_real_anchor,emq,replace,0.1,0.8999999999294765,0.8999999999294765,0.9262672811059908,0.0,0.00152135305909342
2027,P4,column_positional_ablation,target_real_anchor,hdy,replace,0.05,0.9499940391390134,0.9499940391390134,0.9636638909916728,1.0,0.0016893421443761
2027,P4,column_positional_ablation,target_real_anchor,hdy,replace,0.1,0.8999940391390134,0.8999940391390134,0.9262672811059908,0.0,0.00152135305909342
2027,P4,column_positional_ablation,target_real_anchor,kdey,replace,0.05,0.9499940391390134,0.9499940391390134,0.9636638909916728,1.0,0.0016893421443761
2027,P4,column_positional_ablation,target_real_anchor,kdey,replace,0.1,0.8999940391390134,0.8999940391390134,0.9262672811059908,0.0,0.00152135305909342
2027,P4,column_positional_ablation,target_real_anchor,median_sweep,replace,0.05,0.95,0.95,0.9636638909916728,1.0,0.0016893421443761
2027,P4,column_positional_ablation,target_real_anchor,median_sweep,replace,0.1,0.9,0.9,0.9262672811059908,0.0,0.00152135305909342
2027,P4,column_positional_ablation,target_real_anchor,pacc,replace,0.05,0.95,0.95,0.9636638909916728,1.0,0.0016893421443761
2027,P4,column_positional_ablation,target_real_anchor,pacc,replace,0.1,0.9,0.9,0.9262672811059908,0.0,0.00152135305909342
2027,P4,column_positional_ablation,target_real_anchor,pcc,replace,0.05,0.9157836603258431,0.9157836603258431,0.9636638909916728,1.0,0.0016893421443761
2027,P4,column_positional_ablation,target_real_anchor,pcc,replace,0.1,0.8658083743114279,0.8658083743114279,0.9262672811059908,0.0,0.00152135305909342
2027,P4,datum_ta,oracle_target,acc,replace,0.05,0.05686304225352108,0.04369492957746475,0.8120547945205481,0.39,0.00126738770874778
2027,P4,datum_ta,oracle_target,acc,replace,0.1,0.051316676056338,0.024640619718309845,0.6717703349282297,0.34,0.0038844808268355202
2027,P4,datum_ta,oracle_target,cc,replace,0.05,0.011429999999999932,0.011269999999999931,0.8120547945205481,0.0,0.00099787345940136
2027,P4,datum_ta,oracle_target,cc,replace,0.1,0.03505,-0.03505,0.6717703349282297,1.0,0.00258294651636062
2027,P4,datum_ta,oracle_target,dys,replace,0.05,0.03809414335841496,0.03429707896341348,0.8120547945205481,0.29,0.00012743999573168
2027,P4,datum_ta,oracle_target,dys,replace,0.1,0.035768549374154676,0.022023615850342716,0.6717703349282297,0.29,0.00238264011158618
2027,P4,datum_ta,oracle_target,emq,replace,0.05,0.03885576240472298,0.03453478664681119,0.8120547945205481,0.31,0.00012743999573168
2027,P4,datum_ta,oracle_target,emq,replace,0.1,0.034993370268308496,0.02261658605068486,0.6717703349282297,0.28,0.0035411855273287003
2027,P4,datum_ta,oracle_target,hdy,replace,0.05,0.041923262327383665,0.03901862296837448,0.8120547945205481,0.37,0.00052439424080978
2027,P4,datum_ta,oracle_target,hdy,replace,0.1,0.037448415031030975,0.02745090392668681,0.6717703349282297,0.26,0.0035411855273287003
2027,P4,datum_ta,oracle_target,kdey,replace,0.05,0.060912261473911766,0.06045633175113393,0.8120547945205481,0.61,0.0003969542450781
2027,P4,datum_ta,oracle_target,kdey,replace,0.1,0.05223593393362771,0.049375135620738905,0.6717703349282297,0.08,0.0020393448120793597
2027,P4,datum_ta,oracle_target,median_sweep,replace,0.05,0.038677515979733006,0.032407346015503075,0.8120547945205481,0.34,0.00012743999573168
2027,P4,datum_ta,oracle_target,median_sweep,replace,0.1,0.035815177150994755,0.02225281837454508,0.6717703349282297,0.31,0.0020393448120793597
2027,P4,datum_ta,oracle_target,pacc,replace,0.05,0.039586083762217596,0.03415720056923904,0.8120547945205481,0.36,0.00012743999573168
2027,P4,datum_ta,oracle_target,pacc,replace,0.1,0.0350621202740523,0.023942880919917003,0.6717703349282297,0.26,0.0020393448120793597
2027,P4,datum_ta,oracle_target,pcc,replace,0.05,0.37965515320836035,0.37965515320836035,0.8120547945205481,1.0,0.0016960495125724999
2027,P4,datum_ta,oracle_target,pcc,replace,0.1,0.3363859616139685,0.3363859616139685,0.6717703349282297,0.0,0.00238264011158618
2027,P4,datum_ta,source_only,acc,replace,0.05,0.5614689258658008,0.5614689258658008,0.9200944898063986,1.0,0.0074253614737917195
2027,P4,datum_ta,source_only,acc,replace,0.1,0.5315084550865801,0.5315084550865801,0.8450662152743205,0.0,0.01093544920311888
2027,P4,datum_ta,source_only,cc,replace,0.05,0.43750999999999995,0.43750999999999995,0.9200944898063986,1.0,0.0074253614737917195
2027,P4,datum_ta,source_only,cc,replace,0.1,0.40185000000000004,0.40185000000000004,0.8450662152743205,0.0,0.01093544920311888
2027,P4,datum_ta,source_only,dys,replace,0.05,0.477593708307724,0.477593708307724,0.9200944898063986,1.0,0.0074253614737917195
2027,P4,datum_ta,source_only,dys,replace,0.1,0.4715592550069777,0.4715592550069777,0.8450662152743205,0.0,0.01093544920311888
2027,P4,datum_ta,source_only,emq,replace,0.05,0.6067215896410475,0.6067215896410475,0.9200944898063986,1.0,0.0074253614737917195
2027,P4,datum_ta,source_only,emq,replace,0.1,0.5796719004325046,0.5796719004325046,0.8450662152743205,0.0,0.01093544920311888
2027,P4,datum_ta,source_only,hdy,replace,0.05,0.5192777399607129,0.5192777399607129,0.9200944898063986,1.0,0.0074253614737917195
2027,P4,datum_ta,source_only,hdy,replace,0.1,0.4963436441516668,0.4963436441516668,0.8450662152743205,0.0,0.01093544920311888
2027,P4,datum_ta,source_only,kdey,replace,0.05,0.6032562943544305,0.6032562943544305,0.9200944898063986,1.0,0.0074253614737917195
2027,P4,datum_ta,source_only,kdey,replace,0.1,0.5763887963761876,0.5763887963761876,0.8450662152743205,0.0,0.01093544920311888
2027,P4,datum_ta,source_only,median_sweep,replace,0.05,0.6062744843279093,0.6062744843279093,0.9200944898063986,1.0,0.0074253614737917195
2027,P4,datum_ta,source_only,median_sweep,replace,0.1,0.5740069254844421,0.5740069254844421,0.8450662152743205,0.0,0.01093544920311888
2027,P4,datum_ta,source_only,pacc,replace,0.05,0.5693454696190695,0.5693454696190695,0.9200944898063986,1.0,0.0074253614737917195
2027,P4,datum_ta,source_only,pacc,replace,0.1,0.5373045370854218,0.5373045370854218,0.8450662152743205,0.0,0.01093544920311888
2027,P4,datum_ta,source_only,pcc,replace,0.05,0.5213470766578283,0.5213470766578283,0.9200944898063986,1.0,0.0074253614737917195
2027,P4,datum_ta,source_only,pcc,replace,0.1,0.4820870975015914,0.4820870975015914,0.8450662152743205,0.0,0.01093544920311888
2027,P4,datum_ta,target_real_anchor,acc,replace,0.05,0.03725703953712628,0.03725703953712628,0.8185941043083901,0.15,0.0018728801286595203
2027,P4,datum_ta,target_real_anchor,acc,replace,0.1,0.010684088717454162,-0.007480006428801014,0.6812749003984063,0.73,0.0026445323516185
2027,P4,datum_ta,target_real_anchor,cc,replace,0.05,0.007889999999999935,0.007009999999999936,0.8185941043083901,0.0,0.0014323279903047802
2027,P4,datum_ta,target_real_anchor,cc,replace,0.1,0.03982,-0.03982,0.6812749003984063,1.0,0.00291221731872952
2027,P4,datum_ta,target_real_anchor,dys,replace,0.05,0.477593708307724,0.477593708307724,0.8185941043083901,1.0,0.0017551963048499
2027,P4,datum_ta,target_real_anchor,dys,replace,0.1,0.4715592550069777,0.4715592550069777,0.6812749003984063,0.0,0.0019591612740951
2027,P4,datum_ta,target_real_anchor,emq,replace,0.05,0.6067215896410475,0.6067215896410475,0.8185941043083901,1.0,0.0017551963048499
2027,P4,datum_ta,target_real_anchor,emq,replace,0.1,0.5796719004325046,0.5796719004325046,0.6812749003984063,0.0,0.0019591612740951
2027,P4,datum_ta,target_real_anchor,hdy,replace,0.05,0.5192777399607129,0.5192777399607129,0.8185941043083901,1.0,0.0017551963048499
2027,P4,datum_ta,target_real_anchor,hdy,replace,0.1,0.4963436441516668,0.4963436441516668,0.6812749003984063,0.0,0.0019591612740951
2027,P4,datum_ta,target_real_anchor,kdey,replace,0.05,0.6032562943544305,0.6032562943544305,0.8185941043083901,1.0,0.0017551963048499
2027,P4,datum_ta,target_real_anchor,kdey,replace,0.1,0.5763887963761876,0.5763887963761876,0.6812749003984063,0.0,0.0019591612740951
2027,P4,datum_ta,target_real_anchor,median_sweep,replace,0.05,0.6062744843279093,0.6062744843279093,0.8185941043083901,1.0,0.0017551963048499
2027,P4,datum_ta,target_real_anchor,median_sweep,replace,0.1,0.5740069254844421,0.5740069254844421,0.6812749003984063,0.0,0.0019591612740951
2027,P4,datum_ta,target_real_anchor,pacc,replace,0.05,0.5693454696190695,0.5693454696190695,0.8185941043083901,1.0,0.0017551963048499
2027,P4,datum_ta,target_real_anchor,pacc,replace,0.1,0.5373045370854218,0.5373045370854218,0.6812749003984063,0.0,0.0019591612740951
2027,P4,datum_ta,target_real_anchor,pcc,replace,0.05,0.5213470766578283,0.5213470766578283,0.8185941043083901,1.0,0.0017551963048499
2027,P4,datum_ta,target_real_anchor,pcc,replace,0.1,0.4820870975015914,0.4820870975015914,0.6812749003984063,0.0,0.0019591612740951
2027,P4,datum_transformer,oracle_target,cc,replace,0.05,0.05,-0.05,0.0,0.0,0.0
2027,P4,datum_transformer,oracle_target,cc,replace,0.1,0.1,-0.1,0.0,1.0,0.0
2027,P4,datum_transformer,oracle_target,dys,replace,0.05,0.9499940391390134,0.9499940391390134,0.0,1.0,0.0
2027,P4,datum_transformer,oracle_target,dys,replace,0.1,0.8999940391390134,0.8999940391390134,0.0,0.0,0.0
2027,P4,datum_transformer,oracle_target,emq,replace,0.05,0.45,0.45,0.0,1.0,0.0
2027,P4,datum_transformer,oracle_target,emq,replace,0.1,0.4,0.4,0.0,0.0,0.0
2027,P4,datum_transformer,oracle_target,hdy,replace,0.05,0.9499940391390134,0.9499940391390134,0.0,1.0,0.0
2027,P4,datum_transformer,oracle_target,hdy,replace,0.1,0.8999940391390134,0.8999940391390134,0.0,0.0,0.0
2027,P4,datum_transformer,oracle_target,pcc,replace,0.05,0.45,0.45,0.0,1.0,0.0
2027,P4,datum_transformer,oracle_target,pcc,replace,0.1,0.4,0.4,0.0,0.0,0.0
2027,P4,datum_transformer,source_only,acc,replace,0.05,0.95,0.95,0.95,1.0,
2027,P4,datum_transformer,source_only,acc,replace,0.1,0.9,0.9,0.9,0.0,
2027,P4,datum_transformer,source_only,cc,replace,0.05,0.95,0.95,0.95,1.0,
2027,P4,datum_transformer,source_only,cc,replace,0.1,0.9,0.9,0.9,0.0,
2027,P4,datum_transformer,source_only,dys,replace,0.05,0.9499940391390134,0.9499940391390134,0.95,1.0,
2027,P4,datum_transformer,source_only,dys,replace,0.1,0.8999940391390134,0.8999940391390134,0.9,0.0,
2027,P4,datum_transformer,source_only,emq,replace,0.05,0.9499999999839498,0.9499999999839498,0.95,1.0,
2027,P4,datum_transformer,source_only,emq,replace,0.1,0.8999999999839525,0.8999999999839525,0.9,0.0,
2027,P4,datum_transformer,source_only,hdy,replace,0.05,0.9499940391390134,0.9499940391390134,0.95,1.0,
2027,P4,datum_transformer,source_only,hdy,replace,0.1,0.8999940391390134,0.8999940391390134,0.9,0.0,
2027,P4,datum_transformer,source_only,kdey,replace,0.05,0.9499940391390134,0.9499940391390134,0.95,1.0,
2027,P4,datum_transformer,source_only,kdey,replace,0.1,0.8999940391390134,0.8999940391390134,0.9,0.0,
2027,P4,datum_transformer,source_only,median_sweep,replace,0.05,0.95,0.95,0.95,1.0,
2027,P4,datum_transformer,source_only,median_sweep,replace,0.1,0.9,0.9,0.9,0.0,
2027,P4,datum_transformer,source_only,pacc,replace,0.05,0.95,0.95,0.95,1.0,
2027,P4,datum_transformer,source_only,pacc,replace,0.1,0.9,0.9,0.9,0.0,
2027,P4,datum_transformer,source_only,pcc,replace,0.05,0.9220980022728726,0.9220980022728726,0.95,1.0,
2027,P4,datum_transformer,source_only,pcc,replace,0.1,0.8720986361260702,0.8720986361260702,0.9,0.0,
2027,P4,datum_transformer,target_real_anchor,acc,replace,0.05,0.1055042588866532,0.1055042588866532,0.9513721714010592,1.0,0.00160976836713696
2027,P4,datum_transformer,target_real_anchor,acc,replace,0.1,0.05591995305164314,0.05591995305164314,0.9026036644165863,0.0,0.00057561414340048
2027,P4,datum_transformer,target_real_anchor,cc,replace,0.05,0.005929999999999984,-0.005110000000000016,0.9513721714010592,0.0,0.0008097622695294598
2027,P4,datum_transformer,target_real_anchor,cc,replace,0.1,0.05499,-0.05499,0.9026036644165863,1.0,0.0016579394660020002
2027,P4,datum_transformer,target_real_anchor,dys,replace,0.05,0.9499940391390134,0.9499940391390134,0.9513721714010592,1.0,0.00160976836713696
2027,P4,datum_transformer,target_real_anchor,dys,replace,0.1,0.8999940391390134,0.8999940391390134,0.9026036644165863,0.0,0.00057561414340048
2027,P4,datum_transformer,target_real_anchor,emq,replace,0.05,0.9499999999839498,0.9499999999839498,0.9513721714010592,1.0,0.00160976836713696
2027,P4,datum_transformer,target_real_anchor,emq,replace,0.1,0.8999999999839525,0.8999999999839525,0.9026036644165863,0.0,0.00057561414340048
2027,P4,datum_transformer,target_real_anchor,hdy,replace,0.05,0.9499940391390134,0.9499940391390134,0.9513721714010592,1.0,0.00160976836713696
2027,P4,datum_transformer,target_real_anchor,hdy,replace,0.1,0.8999940391390134,0.8999940391390134,0.9026036644165863,0.0,0.00057561414340048
2027,P4,datum_transformer,target_real_anchor,kdey,replace,0.05,0.9499940391390134,0.9499940391390134,0.9513721714010592,1.0,0.00160976836713696
2027,P4,datum_transformer,target_real_anchor,kdey,replace,0.1,0.8999940391390134,0.8999940391390134,0.9026036644165863,0.0,0.00057561414340048
2027,P4,datum_transformer,target_real_anchor,median_sweep,replace,0.05,0.95,0.95,0.9513721714010592,1.0,0.00160976836713696
2027,P4,datum_transformer,target_real_anchor,median_sweep,replace,0.1,0.9,0.9,0.9026036644165863,0.0,0.00057561414340048
2027,P4,datum_transformer,target_real_anchor,pacc,replace,0.05,0.95,0.95,0.9513721714010592,1.0,0.00160976836713696
2027,P4,datum_transformer,target_real_anchor,pacc,replace,0.1,0.9,0.9,0.9026036644165863,0.0,0.00057561414340048
2027,P4,datum_transformer,target_real_anchor,pcc,replace,0.05,0.9220980022728726,0.9220980022728726,0.9513721714010592,1.0,0.00160976836713696
2027,P4,datum_transformer,target_real_anchor,pcc,replace,0.1,0.8720986361260702,0.8720986361260702,0.9026036644165863,0.0,0.00057561414340048
2027,P4,flat_transformer,oracle_target,acc,replace,0.05,0.020461577464788695,-0.0015446760563380237,0.75,0.02,0.00038780783390114003
2027,P4,flat_transformer,oracle_target,acc,replace,0.1,0.023431183098591508,-0.005984760563380265,0.5869565217391305,0.62,0.0017783672131647201
2027,P4,flat_transformer,oracle_target,cc,replace,0.05,0.011749999999999929,0.01172999999999993,0.75,0.0,0.00038780783390114003
2027,P4,flat_transformer,oracle_target,cc,replace,0.1,0.02719,-0.02719,0.5869565217391305,1.0,0.0011719601521352802
2027,P4,flat_transformer,oracle_target,dys,replace,0.05,0.03590892483819063,0.034135912847863645,0.75,0.25,0.0008137257143727801
2027,P4,flat_transformer,oracle_target,dys,replace,0.1,0.03418994155475493,0.03007557221255629,0.5869565217391305,0.15,0.00099147097157752
2027,P4,flat_transformer,oracle_target,emq,replace,0.05,0.02520536511306935,-0.012309464190132548,0.75,0.0,0.00038780783390114003
2027,P4,flat_transformer,oracle_target,emq,replace,0.1,0.029432183762063073,-0.010103526904295966,0.5869565217391305,0.61,0.00082957949374616
2027,P4,flat_transformer,oracle_target,hdy,replace,0.05,0.03480568114304877,0.03307500717662206,0.75,0.23,0.0008137257143727801
2027,P4,flat_transformer,oracle_target,hdy,replace,0.1,0.033419799812209744,0.029126717649036876,0.5869565217391305,0.14,0.00099147097157752
2027,P4,flat_transformer,oracle_target,kdey,replace,0.05,0.32233323041721923,0.32233323041721923,0.75,1.0,0.00075762772582108
2027,P4,flat_transformer,oracle_target,kdey,replace,0.1,0.3083905168893623,0.3083905168893623,0.5869565217391305,0.0,0.0007682985388608
2027,P4,flat_transformer,oracle_target,median_sweep,replace,0.05,0.02842756608285611,0.01834559865875881,0.75,0.15,0.0008137257143727801
2027,P4,flat_transformer,oracle_target,median_sweep,replace,0.1,0.03010166007569868,0.015378696897569212,0.5869565217391305,0.29,0.00082957949374616
2027,P4,flat_transformer,oracle_target,pacc,replace,0.05,0.02899873789913261,0.021158209256221805,0.75,0.17,0.0008137257143727801
2027,P4,flat_transformer,oracle_target,pacc,replace,0.1,0.030757841066736288,0.018312555139598972,0.5869565217391305,0.25,0.00082957949374616
2027,P4,flat_transformer,oracle_target,pcc,replace,0.05,0.34070829262340596,0.34070829262340596,0.75,1.0,0.00075762772582108
2027,P4,flat_transformer,oracle_target,pcc,replace,0.1,0.3027248996711528,0.3027248996711528,0.5869565217391305,0.0,0.0007682985388608
2027,P4,flat_transformer,source_only,acc,replace,0.05,0.7062218479172491,0.7062218479172491,0.9162937853107345,1.0,0.01066745935563536
2027,P4,flat_transformer,source_only,acc,replace,0.1,0.6840467151244058,0.6840467151244058,0.8383238760366651,0.0,0.0057558365536322
2027,P4,flat_transformer,source_only,cc,replace,0.05,0.5236699999999999,0.5236699999999999,0.9162937853107345,1.0,0.01066745935563536
2027,P4,flat_transformer,source_only,cc,replace,0.1,0.49294,0.49294,0.8383238760366651,0.0,0.0057558365536322
2027,P4,flat_transformer,source_only,dys,replace,0.05,0.6575269342286987,0.6575269342286987,0.9162937853107345,1.0,0.01066745935563536
2027,P4,flat_transformer,source_only,dys,replace,0.1,0.643217555468505,0.643217555468505,0.8383238760366651,0.0,0.0057558365536322
2027,P4,flat_transformer,source_only,emq,replace,0.05,0.6443651565286,0.6443651565286,0.9162937853107345,1.0,0.01066745935563536
2027,P4,flat_transformer,source_only,emq,replace,0.1,0.6167861551745992,0.6167861551745992,0.8383238760366651,0.0,0.0057558365536322
2027,P4,flat_transformer,source_only,hdy,replace,0.05,0.663949055035339,0.663949055035339,0.9162937853107345,1.0,0.01066745935563536
2027,P4,flat_transformer,source_only,hdy,replace,0.1,0.636706310466542,0.636706310466542,0.8383238760366651,0.0,0.0057558365536322
2027,P4,flat_transformer,source_only,kdey,replace,0.05,0.6396594453778445,0.6396594453778445,0.9162937853107345,1.0,0.01066745935563536
2027,P4,flat_transformer,source_only,kdey,replace,0.1,0.6125456047006597,0.6125456047006597,0.8383238760366651,0.0,0.0057558365536322
2027,P4,flat_transformer,source_only,median_sweep,replace,0.05,0.6983364277530962,0.6983364277530962,0.9162937853107345,1.0,0.01066745935563536
2027,P4,flat_transformer,source_only,median_sweep,replace,0.1,0.6751864561832222,0.6751864561832222,0.8383238760366651,0.0,0.0057558365536322
2027,P4,flat_transformer,source_only,pacc,replace,0.05,0.6696844246106967,0.6696844246106967,0.9162937853107345,1.0,0.01066745935563536
2027,P4,flat_transformer,source_only,pacc,replace,0.1,0.6463182064877919,0.6463182064877919,0.8383238760366651,0.0,0.0057558365536322
2027,P4,flat_transformer,source_only,pcc,replace,0.05,0.5740358398620072,0.5740358398620072,0.9162937853107345,1.0,0.01066745935563536
2027,P4,flat_transformer,source_only,pcc,replace,0.1,0.5390775961626535,0.5390775961626535,0.8383238760366651,0.0,0.0057558365536322
2027,P4,flat_transformer,target_real_anchor,acc,replace,0.05,0.07139712109955416,0.07139712109955416,0.7590609555189457,0.97,0.00036707596856684003
2027,P4,flat_transformer,target_real_anchor,acc,replace,0.1,0.04420984398216931,0.04420984398216931,0.5987654320987654,0.0,0.00088384820006248
2027,P4,flat_transformer,target_real_anchor,cc,replace,0.05,0.016369999999999944,0.016369999999999944,0.7590609555189457,0.0,0.00025609951295358
2027,P4,flat_transformer,target_real_anchor,cc,replace,0.1,0.02174,-0.02174,0.5987654320987654,1.0,0.00084329911051148
2027,P4,flat_transformer,target_real_anchor,dys,replace,0.05,0.6575269342286987,0.6575269342286987,0.7590609555189457,1.0,0.0010201297265985201
2027,P4,flat_transformer,target_real_anchor,dys,replace,0.1,0.643217555468505,0.643217555468505,0.5987654320987654,0.0,0.00088384820006248
2027,P4,flat_transformer,target_real_anchor,emq,replace,0.05,0.6443651565286,0.6443651565286,0.7590609555189457,1.0,0.0010201297265985201
2027,P4,flat_transformer,target_real_anchor,emq,replace,0.1,0.6167861551745992,0.6167861551745992,0.5987654320987654,0.0,0.00088384820006248
2027,P4,flat_transformer,target_real_anchor,hdy,replace,0.05,0.663949055035339,0.663949055035339,0.7590609555189457,1.0,0.0010201297265985201
2027,P4,flat_transformer,target_real_anchor,hdy,replace,0.1,0.636706310466542,0.636706310466542,0.5987654320987654,0.0,0.00088384820006248
2027,P4,flat_transformer,target_real_anchor,kdey,replace,0.05,0.6396594453778445,0.6396594453778445,0.7590609555189457,1.0,0.0010201297265985201
2027,P4,flat_transformer,target_real_anchor,kdey,replace,0.1,0.6125456047006597,0.6125456047006597,0.5987654320987654,0.0,0.00088384820006248
2027,P4,flat_transformer,target_real_anchor,median_sweep,replace,0.05,0.6983364277530962,0.6983364277530962,0.7590609555189457,1.0,0.0010201297265985201
2027,P4,flat_transformer,target_real_anchor,median_sweep,replace,0.1,0.6751864561832222,0.6751864561832222,0.5987654320987654,0.0,0.00088384820006248
2027,P4,flat_transformer,target_real_anchor,pacc,replace,0.05,0.6696844246106967,0.6696844246106967,0.7590609555189457,1.0,0.0010201297265985201
2027,P4,flat_transformer,target_real_anchor,pacc,replace,0.1,0.6463182064877919,0.6463182064877919,0.5987654320987654,0.0,0.00088384820006248
2027,P4,flat_transformer,target_real_anchor,pcc,replace,0.05,0.5740358398620072,0.5740358398620072,0.7590609555189457,1.0,0.0010201297265985201
2027,P4,flat_transformer,target_real_anchor,pcc,replace,0.1,0.5390775961626535,0.5390775961626535,0.5987654320987654,0.0,0.00088384820006248
2028,P1,c2st_lr,oracle_target,acc,replace,0.05,0.04408462616822424,0.02764263239875385,0.8450995603827256,0.28,0.00024488331332204
2028,P1,c2st_lr,oracle_target,acc,replace,0.1,0.04810970404984419,0.017884314641744514,0.7210060549604098,0.44,0.00024510412785162
2028,P1,c2st_lr,oracle_target,cc,replace,0.05,0.009789999999999927,0.009249999999999928,0.8450995603827256,0.0,0.0
2028,P1,c2st_lr,oracle_target,cc,replace,0.1,0.03511,-0.03511,0.7210060549604098,1.0,0.0004085068797527
2028,P1,c2st_lr,oracle_target,dys,replace,0.05,0.035644507669739374,0.009233772516539953,0.8450995603827256,0.19,0.00012520183828096
2028,P1,c2st_lr,oracle_target,dys,replace,0.1,0.0321246731292088,0.005831505145128499,0.7210060549604098,0.44,0.00029114395727237996
2028,P1,c2st_lr,oracle_target,emq,replace,0.05,0.030165398956297013,0.01641421623893659,0.8450995603827256,0.15,0.000166714969845
2028,P1,c2st_lr,oracle_target,emq,replace,0.1,0.033232506577671614,0.016015410876101234,0.7210060549604098,0.37,0.00013072220152085998
2028,P1,c2st_lr,oracle_target,hdy,replace,0.05,0.03224614009040607,0.01803291043999024,0.8450995603827256,0.19,0.00024488331332204
2028,P1,c2st_lr,oracle_target,hdy,replace,0.1,0.034558661776672335,0.019001514698320086,0.7210060549604098,0.35,0.00013072220152085998
2028,P1,c2st_lr,oracle_target,kdey,replace,0.05,0.02863935113710891,0.0034957371384182058,0.8450995603827256,0.1,0.000166714969845
2028,P1,c2st_lr,oracle_target,kdey,replace,0.1,0.03255573935304947,0.006205566477126323,0.7210060549604098,0.46,0.00029114395727237996
2028,P1,c2st_lr,oracle_target,median_sweep,replace,0.05,0.03450557992041368,0.009288356288321394,0.8450995603827256,0.19,0.000166714969845
2028,P1,c2st_lr,oracle_target,median_sweep,replace,0.1,0.033945222416475955,0.01155638605042058,0.7210060549604098,0.41,0.00022147697318482002
2028,P1,c2st_lr,oracle_target,pacc,replace,0.05,0.032012562187473045,0.01689703050207447,0.8450995603827256,0.18,0.000166714969845
2028,P1,c2st_lr,oracle_target,pacc,replace,0.1,0.03461265458950782,0.01808871652071097,0.7210060549604098,0.34,0.00022147697318482002
2028,P1,c2st_lr,oracle_target,pcc,replace,0.05,0.39513915984333875,0.39513915984333875,0.8450995603827256,1.0,0.00059454312093738
2028,P1,c2st_lr,oracle_target,pcc,replace,0.1,0.3516995152586595,0.3516995152586595,0.7210060549604098,0.0,6.105521743329999e-05
2028,P1,c2st_lr,source_only,acc,replace,0.05,0.04408462616822424,0.02764263239875385,0.8450995603827256,0.28,0.00024488331332204
2028,P1,c2st_lr,source_only,acc,replace,0.1,0.04810970404984419,0.017884314641744514,0.7210060549604098,0.44,0.00024510412785162
2028,P1,c2st_lr,source_only,cc,replace,0.05,0.009789999999999927,0.009249999999999928,0.8450995603827256,0.0,0.0
2028,P1,c2st_lr,source_only,cc,replace,0.1,0.03511,-0.03511,0.7210060549604098,1.0,0.0004085068797527
2028,P1,c2st_lr,source_only,dys,replace,0.05,0.035644507669739374,0.009233772516539953,0.8450995603827256,0.19,0.00012520183828096
2028,P1,c2st_lr,source_only,dys,replace,0.1,0.0321246731292088,0.005831505145128499,0.7210060549604098,0.44,0.00029114395727237996
2028,P1,c2st_lr,source_only,emq,replace,0.05,0.030165398956297013,0.01641421623893659,0.8450995603827256,0.15,0.000166714969845
2028,P1,c2st_lr,source_only,emq,replace,0.1,0.033232506577671614,0.016015410876101234,0.7210060549604098,0.37,0.00013072220152085998
2028,P1,c2st_lr,source_only,hdy,replace,0.05,0.03224614009040607,0.01803291043999024,0.8450995603827256,0.19,0.00024488331332204
2028,P1,c2st_lr,source_only,hdy,replace,0.1,0.034558661776672335,0.019001514698320086,0.7210060549604098,0.35,0.00013072220152085998
2028,P1,c2st_lr,source_only,kdey,replace,0.05,0.02863935113710891,0.0034957371384182058,0.8450995603827256,0.1,0.000166714969845
2028,P1,c2st_lr,source_only,kdey,replace,0.1,0.03255573935304947,0.006205566477126323,0.7210060549604098,0.46,0.00029114395727237996
2028,P1,c2st_lr,source_only,median_sweep,replace,0.05,0.03450557992041368,0.009288356288321394,0.8450995603827256,0.19,0.000166714969845
2028,P1,c2st_lr,source_only,median_sweep,replace,0.1,0.033945222416475955,0.01155638605042058,0.7210060549604098,0.41,0.00022147697318482002
2028,P1,c2st_lr,source_only,pacc,replace,0.05,0.032012562187473045,0.01689703050207447,0.8450995603827256,0.18,0.000166714969845
2028,P1,c2st_lr,source_only,pacc,replace,0.1,0.03461265458950782,0.01808871652071097,0.7210060549604098,0.34,0.00022147697318482002
2028,P1,c2st_lr,source_only,pcc,replace,0.05,0.39513915984333875,0.39513915984333875,0.8450995603827256,1.0,0.00059454312093738
2028,P1,c2st_lr,source_only,pcc,replace,0.1,0.3516995152586595,0.3516995152586595,0.7210060549604098,0.0,6.105521743329999e-05
2028,P1,c2st_lr,target_real_anchor,acc,replace,0.05,0.04215247720364737,0.024008495440729475,0.8485436893203883,0.27,0.00019166701168934
2028,P1,c2st_lr,target_real_anchor,acc,replace,0.1,0.0483321428571428,0.015596003039513672,0.7263157894736842,0.44,0.00031455029740948
2028,P1,c2st_lr,target_real_anchor,cc,replace,0.05,0.012539999999999933,0.012319999999999933,0.8485436893203883,0.0,0.0
2028,P1,c2st_lr,target_real_anchor,cc,replace,0.1,0.03169,-0.03169,0.7263157894736842,1.0,0.00024852675306032
2028,P1,c2st_lr,target_real_anchor,dys,replace,0.05,0.035644507669739374,0.009233772516539953,0.8485436893203883,0.19,8.97611062808e-05
2028,P1,c2st_lr,target_real_anchor,dys,replace,0.1,0.0321246731292088,0.005831505145128499,0.7263157894736842,0.44,0.00014982265833083999
2028,P1,c2st_lr,target_real_anchor,emq,replace,0.05,0.030165398956297013,0.01641421623893659,0.8485436893203883,0.15,0.00013127423784484
2028,P1,c2st_lr,target_real_anchor,emq,replace,0.1,0.033232506577671614,0.016015410876101234,0.7263157894736842,0.37,0.00022975751804458003
2028,P1,c2st_lr,target_real_anchor,hdy,replace,0.05,0.03224614009040607,0.01803291043999024,0.8485436893203883,0.19,0.00019166701168934
2028,P1,c2st_lr,target_real_anchor,hdy,replace,0.1,0.034558661776672335,0.019001514698320086,0.7263157894736842,0.35,0.00022975751804458003
2028,P1,c2st_lr,target_real_anchor,kdey,replace,0.05,0.02863935113710891,0.0034957371384182058,0.8485436893203883,0.1,0.00013127423784484
2028,P1,c2st_lr,target_real_anchor,kdey,replace,0.1,0.03255573935304947,0.006205566477126323,0.7263157894736842,0.46,0.00014982265833083999
2028,P1,c2st_lr,target_real_anchor,median_sweep,replace,0.05,0.03450557992041368,0.009288356288321394,0.8485436893203883,0.19,0.00013127423784484
2028,P1,c2st_lr,target_real_anchor,median_sweep,replace,0.1,0.033945222416475955,0.01155638605042058,0.7263157894736842,0.41,5.4099559751e-05
2028,P1,c2st_lr,target_real_anchor,pacc,replace,0.05,0.032012562187473045,0.01689703050207447,0.8485436893203883,0.18,0.00013127423784484
2028,P1,c2st_lr,target_real_anchor,pacc,replace,0.1,0.03461265458950782,0.01808871652071097,0.7263157894736842,0.34,5.4099559751e-05
2028,P1,c2st_lr,target_real_anchor,pcc,replace,0.05,0.39513915984333875,0.39513915984333875,0.8485436893203883,1.0,0.00058880194316778
2028,P1,c2st_lr,target_real_anchor,pcc,replace,0.1,0.3516995152586595,0.3516995152586595,0.7263157894736842,0.0,0.00013403441946474
2028,P1,c2st_xgb,oracle_target,acc,replace,0.05,0.008135804498269852,-0.0003739821222606764,0.5154897055993842,0.0,4.758553112791315e-05
2028,P1,c2st_xgb,oracle_target,acc,replace,0.1,0.009290582468281385,-0.003832745098039204,0.3350937417480855,0.61,0.0005554589491988
2028,P1,c2st_xgb,oracle_target,cc,replace,0.05,0.03578999999999995,0.03578999999999995,0.5154897055993842,0.01,4.758553112791315e-05
2028,P1,c2st_xgb,oracle_target,cc,replace,0.1,0.01971999999999992,0.01971999999999992,0.3350937417480855,0.0,0.00067745897680066
2028,P1,c2st_xgb,oracle_target,dys,replace,0.05,0.004439891691327631,0.001192157617107993,0.5154897055993842,0.0,4.758553112791315e-05
2028,P1,c2st_xgb,oracle_target,dys,replace,0.1,0.006147753741108163,0.000899673918603655,0.3350937417480855,0.42,0.00036202542127272
2028,P1,c2st_xgb,oracle_target,emq,replace,0.05,0.007643632415748424,-0.006974461258310218,0.5154897055993842,0.0,4.758553112791315e-05
2028,P1,c2st_xgb,oracle_target,emq,replace,0.1,0.00718904307785103,-0.005001138611111112,0.3350937417480855,0.7,6.734843152678e-05
2028,P1,c2st_xgb,oracle_target,hdy,replace,0.05,0.004276863516350508,0.001259250998405462,0.5154897055993842,0.0,4.758553112791315e-05
2028,P1,c2st_xgb,oracle_target,hdy,replace,0.1,0.0062011382246634425,0.00010397909498501114,0.3350937417480855,0.45,0.00036202542127272
2028,P1,c2st_xgb,oracle_target,kdey,replace,0.05,0.005108516545896089,0.0023546619716978546,0.5154897055993842,0.0,4.758553112791315e-05
2028,P1,c2st_xgb,oracle_target,kdey,replace,0.1,0.006759096525030504,0.001743577049604717,0.3350937417480855,0.38,0.00036202542127272
2028,P1,c2st_xgb,oracle_target,median_sweep,replace,0.05,0.007635127336839473,0.0006439420314793781,0.5154897055993842,0.0,4.758553112791315e-05
2028,P1,c2st_xgb,oracle_target,median_sweep,replace,0.1,0.008334310842144319,-0.001181488407266029,0.3350937417480855,0.5,0.00027502449661184
2028,P1,c2st_xgb,oracle_target,pacc,replace,0.05,0.00823971828419298,0.00035585489085710695,0.5154897055993842,0.0,4.758553112791315e-05
2028,P1,c2st_xgb,oracle_target,pacc,replace,0.1,0.00874857594741699,-0.0007850790446648735,0.3350937417480855,0.51,0.00027502449661184
2028,P1,c2st_xgb,oracle_target,pcc,replace,0.05,0.1717251630122962,0.1717251630122962,0.5154897055993842,1.0,0.00042562000579633995
2028,P1,c2st_xgb,oracle_target,pcc,replace,0.1,0.1519663051806742,0.1519663051806742,0.3350937417480855,0.0,0.00067745897680066
2028,P1,c2st_xgb,source_only,acc,replace,0.05,0.008135804498269852,-0.0003739821222606764,0.5154897055993842,0.0,4.758553112791315e-05
2028,P1,c2st_xgb,source_only,acc,replace,0.1,0.009290582468281385,-0.003832745098039204,0.3350937417480855,0.61,0.0005554589491988
2028,P1,c2st_xgb,source_only,cc,replace,0.05,0.03578999999999995,0.03578999999999995,0.5154897055993842,0.01,4.758553112791315e-05
2028,P1,c2st_xgb,source_only,cc,replace,0.1,0.01971999999999992,0.01971999999999992,0.3350937417480855,0.0,0.00067745897680066
2028,P1,c2st_xgb,source_only,dys,replace,0.05,0.004439891691327631,0.001192157617107993,0.5154897055993842,0.0,4.758553112791315e-05
2028,P1,c2st_xgb,source_only,dys,replace,0.1,0.006147753741108163,0.000899673918603655,0.3350937417480855,0.42,0.00036202542127272
2028,P1,c2st_xgb,source_only,emq,replace,0.05,0.007643632415748424,-0.006974461258310218,0.5154897055993842,0.0,4.758553112791315e-05
2028,P1,c2st_xgb,source_only,emq,replace,0.1,0.00718904307785103,-0.005001138611111112,0.3350937417480855,0.7,6.734843152678e-05
2028,P1,c2st_xgb,source_only,hdy,replace,0.05,0.004276863516350508,0.001259250998405462,0.5154897055993842,0.0,4.758553112791315e-05
2028,P1,c2st_xgb,source_only,hdy,replace,0.1,0.0062011382246634425,0.00010397909498501114,0.3350937417480855,0.45,0.00036202542127272
2028,P1,c2st_xgb,source_only,kdey,replace,0.05,0.005108516545896089,0.0023546619716978546,0.5154897055993842,0.0,4.758553112791315e-05
2028,P1,c2st_xgb,source_only,kdey,replace,0.1,0.006759096525030504,0.001743577049604717,0.3350937417480855,0.38,0.00036202542127272
2028,P1,c2st_xgb,source_only,median_sweep,replace,0.05,0.007635127336839473,0.0006439420314793781,0.5154897055993842,0.0,4.758553112791315e-05
2028,P1,c2st_xgb,source_only,median_sweep,replace,0.1,0.008334310842144319,-0.001181488407266029,0.3350937417480855,0.5,0.00027502449661184
2028,P1,c2st_xgb,source_only,pacc,replace,0.05,0.00823971828419298,0.00035585489085710695,0.5154897055993842,0.0,4.758553112791315e-05
2028,P1,c2st_xgb,source_only,pacc,replace,0.1,0.00874857594741699,-0.0007850790446648735,0.3350937417480855,0.51,0.00027502449661184
2028,P1,c2st_xgb,source_only,pcc,replace,0.05,0.1717251630122962,0.1717251630122962,0.5154897055993842,1.0,0.00042562000579633995
2028,P1,c2st_xgb,source_only,pcc,replace,0.1,0.1519663051806742,0.1519663051806742,0.3350937417480855,0.0,0.00067745897680066
2028,P1,c2st_xgb,target_real_anchor,acc,replace,0.05,0.00781654246100515,2.2053726169840026e-05,0.49545178896300773,0.0,2.373756193156e-05
2028,P1,c2st_xgb,target_real_anchor,acc,replace,0.1,0.008847772963604804,-0.003534676487579426,0.3174733388022969,0.57,0.00033541727045636
2028,P1,c2st_xgb,target_real_anchor,cc,replace,0.05,0.030549999999999945,0.030549999999999945,0.49545178896300773,0.0,2.373756193156e-05
2028,P1,c2st_xgb,target_real_anchor,cc,replace,0.1,0.014429999999999922,0.014349999999999924,0.3174733388022969,0.02,0.00050235305483098
2028,P1,c2st_xgb,target_real_anchor,dys,replace,0.05,0.004439891691327631,0.001192157617107993,0.49545178896300773,0.0,2.373756193156e-05
2028,P1,c2st_xgb,target_real_anchor,dys,replace,0.1,0.006147753741108163,0.000899673918603655,0.3174733388022969,0.42,0.00016980637325936
2028,P1,c2st_xgb,target_real_anchor,emq,replace,0.05,0.007643632415748424,-0.006974461258310218,0.49545178896300773,0.0,2.373756193156e-05
2028,P1,c2st_xgb,target_real_anchor,emq,replace,0.1,0.00718904307785103,-0.005001138611111112,0.3174733388022969,0.7,7.960363791936e-05
2028,P1,c2st_xgb,target_real_anchor,hdy,replace,0.05,0.004276863516350508,0.001259250998405462,0.49545178896300773,0.0,2.373756193156e-05
2028,P1,c2st_xgb,target_real_anchor,hdy,replace,0.1,0.0062011382246634425,0.00010397909498501114,0.3174733388022969,0.45,0.00016980637325936
2028,P1,c2st_xgb,target_real_anchor,kdey,replace,0.05,0.005108516545896089,0.0023546619716978546,0.49545178896300773,0.0,2.373756193156e-05
2028,P1,c2st_xgb,target_real_anchor,kdey,replace,0.1,0.006759096525030504,0.001743577049604717,0.3174733388022969,0.38,0.00016980637325936
2028,P1,c2st_xgb,target_real_anchor,median_sweep,replace,0.05,0.007635127336839473,0.0006439420314793781,0.49545178896300773,0.0,2.373756193156e-05
2028,P1,c2st_xgb,target_real_anchor,median_sweep,replace,0.1,0.008334310842144319,-0.001181488407266029,0.3174733388022969,0.5,0.00033541727045636
2028,P1,c2st_xgb,target_real_anchor,pacc,replace,0.05,0.00823971828419298,0.00035585489085710695,0.49545178896300773,0.0,2.373756193156e-05
2028,P1,c2st_xgb,target_real_anchor,pacc,replace,0.1,0.00874857594741699,-0.0007850790446648735,0.3174733388022969,0.51,0.00033541727045636
2028,P1,c2st_xgb,target_real_anchor,pcc,replace,0.05,0.1717251630122962,0.1717251630122962,0.49545178896300773,1.0,0.0003910625319145917
2028,P1,c2st_xgb,target_real_anchor,pcc,replace,0.1,0.1519663051806742,0.1519663051806742,0.3174733388022969,0.0,0.00050235305483098
2028,P1,char3gram,oracle_target,acc,replace,0.05,0.011337774617845672,0.0006286242445787331,0.5943340546921109,0.0,0.0008123766543838
2028,P1,char3gram,oracle_target,acc,replace,0.1,0.010506132243156729,0.0012763846427301941,0.4096764958488404,0.47,0.00130898853144526
2028,P1,char3gram,oracle_target,cc,replace,0.05,0.029759999999999946,0.029759999999999946,0.5943340546921109,0.0,0.0008123766543838
2028,P1,char3gram,oracle_target,cc,replace,0.1,0.010229999999999921,0.009709999999999922,0.4096764958488404,0.09,0.0009614264618611199
2028,P1,char3gram,oracle_target,dys,replace,0.05,0.010127939100648652,0.0008453324699916157,0.5943340546921109,0.0,0.0008123766543838
2028,P1,char3gram,oracle_target,dys,replace,0.1,0.010984727125722021,-0.00024073806479781398,0.4096764958488404,0.48,0.00028440911411969997
2028,P1,char3gram,oracle_target,emq,replace,0.05,0.016674103129189512,-0.01617033761442141,0.5943340546921109,0.0,0.0008123766543838
2028,P1,char3gram,oracle_target,emq,replace,0.1,0.014555170409113687,-0.011354303043065592,0.4096764958488404,0.76,0.0006806607874797401
2028,P1,char3gram,oracle_target,hdy,replace,0.05,0.007382446141926056,-0.0005974122722133498,0.5943340546921109,0.0,0.0008123766543838
2028,P1,char3gram,oracle_target,hdy,replace,0.1,0.009713025825413231,-0.00044812071806976173,0.4096764958488404,0.55,0.00130898853144526
2028,P1,char3gram,oracle_target,kdey,replace,0.05,0.009206403107630306,-0.004935919819295639,0.5943340546921109,0.0,0.0008123766543838
2028,P1,char3gram,oracle_target,kdey,replace,0.1,0.010278239625277292,-0.002393983803491417,0.4096764958488404,0.61,0.00130898853144526
2028,P1,char3gram,oracle_target,median_sweep,replace,0.05,0.010111210948294954,4.103497531969886e-05,0.5943340546921109,0.0,0.0008123766543838
2028,P1,char3gram,oracle_target,median_sweep,replace,0.1,0.0111651781198079,-3.264118476750896e-05,0.4096764958488404,0.52,0.00130898853144526
2028,P1,char3gram,oracle_target,pacc,replace,0.05,0.010916007121832293,0.0024425546327359903,0.5943340546921109,0.0,0.0008123766543838
2028,P1,char3gram,oracle_target,pacc,replace,0.1,0.012161365029551917,0.001505813746083125,0.4096764958488404,0.48,0.00101375950537534
2028,P1,char3gram,oracle_target,pcc,replace,0.05,0.2280844880392497,0.2280844880392497,0.5943340546921109,1.0,7.198553664825999e-05
2028,P1,char3gram,oracle_target,pcc,replace,0.1,0.20240156127452075,0.20240156127452075,0.4096764958488404,0.0,0.0009614264618611199
2028,P1,char3gram,source_only,acc,replace,0.05,0.011337774617845672,0.0006286242445787331,0.5943340546921109,0.0,0.0008123766543838
2028,P1,char3gram,source_only,acc,replace,0.1,0.010506132243156729,0.0012763846427301941,0.4096764958488404,0.47,0.00130898853144526
2028,P1,char3gram,source_only,cc,replace,0.05,0.029759999999999946,0.029759999999999946,0.5943340546921109,0.0,0.0008123766543838
2028,P1,char3gram,source_only,cc,replace,0.1,0.010229999999999921,0.009709999999999922,0.4096764958488404,0.09,0.0009614264618611199
2028,P1,char3gram,source_only,dys,replace,0.05,0.010127939100648652,0.0008453324699916157,0.5943340546921109,0.0,0.0008123766543838
2028,P1,char3gram,source_only,dys,replace,0.1,0.010984727125722021,-0.00024073806479781398,0.4096764958488404,0.48,0.00028440911411969997
2028,P1,char3gram,source_only,emq,replace,0.05,0.016674103129189512,-0.01617033761442141,0.5943340546921109,0.0,0.0008123766543838
2028,P1,char3gram,source_only,emq,replace,0.1,0.014555170409113687,-0.011354303043065592,0.4096764958488404,0.76,0.0006806607874797401
2028,P1,char3gram,source_only,hdy,replace,0.05,0.007382446141926056,-0.0005974122722133498,0.5943340546921109,0.0,0.0008123766543838
2028,P1,char3gram,source_only,hdy,replace,0.1,0.009713025825413231,-0.00044812071806976173,0.4096764958488404,0.55,0.00130898853144526
2028,P1,char3gram,source_only,kdey,replace,0.05,0.009206403107630306,-0.004935919819295639,0.5943340546921109,0.0,0.0008123766543838
2028,P1,char3gram,source_only,kdey,replace,0.1,0.010278239625277292,-0.002393983803491417,0.4096764958488404,0.61,0.00130898853144526
2028,P1,char3gram,source_only,median_sweep,replace,0.05,0.010111210948294954,4.103497531969886e-05,0.5943340546921109,0.0,0.0008123766543838
2028,P1,char3gram,source_only,median_sweep,replace,0.1,0.0111651781198079,-3.264118476750896e-05,0.4096764958488404,0.52,0.00130898853144526
2028,P1,char3gram,source_only,pacc,replace,0.05,0.010916007121832293,0.0024425546327359903,0.5943340546921109,0.0,0.0008123766543838
2028,P1,char3gram,source_only,pacc,replace,0.1,0.012161365029551917,0.001505813746083125,0.4096764958488404,0.48,0.00101375950537534
2028,P1,char3gram,source_only,pcc,replace,0.05,0.2280844880392497,0.2280844880392497,0.5943340546921109,1.0,7.198553664825999e-05
2028,P1,char3gram,source_only,pcc,replace,0.1,0.20240156127452075,0.20240156127452075,0.4096764958488404,0.0,0.0009614264618611199
2028,P1,char3gram,target_real_anchor,acc,replace,0.05,0.0103344330275229,-0.0029556954128440354,0.5550271739130435,0.0,0.0006739259443270999
2028,P1,char3gram,target_real_anchor,acc,replace,0.1,0.011209970642201783,-0.0014229834862385241,0.3714011516314779,0.57,0.0012012310410024602
2028,P1,char3gram,target_real_anchor,cc,replace,0.05,0.017009999999999935,0.016889999999999936,0.5550271739130435,0.0,0.0006739259443270999
2028,P1,char3gram,target_real_anchor,cc,replace,0.1,0.007189999999999977,-0.0035900000000000237,0.3714011516314779,0.69,0.0015713161926054202
2028,P1,char3gram,target_real_anchor,dys,replace,0.05,0.010127939100648652,0.0008453324699916157,0.5550271739130435,0.0,0.0006739259443270999
2028,P1,char3gram,target_real_anchor,dys,replace,0.1,0.010984727125722021,-0.00024073806479781398,0.3714011516314779,0.48,0.00024234394623165998
2028,P1,char3gram,target_real_anchor,emq,replace,0.05,0.016674103129189512,-0.01617033761442141,0.5550271739130435,0.0,0.0006739259443270999
2028,P1,char3gram,target_real_anchor,emq,replace,0.1,0.014555170409113687,-0.011354303043065592,0.3714011516314779,0.76,0.00061651416663214
2028,P1,char3gram,target_real_anchor,hdy,replace,0.05,0.007382446141926056,-0.0005974122722133498,0.5550271739130435,0.0,0.0006739259443270999
2028,P1,char3gram,target_real_anchor,hdy,replace,0.1,0.009713025825413231,-0.00044812071806976173,0.3714011516314779,0.55,0.0012012310410024602
2028,P1,char3gram,target_real_anchor,kdey,replace,0.05,0.009206403107630306,-0.004935919819295639,0.5550271739130435,0.0,0.0006739259443270999
2028,P1,char3gram,target_real_anchor,kdey,replace,0.1,0.010278239625277292,-0.002393983803491417,0.3714011516314779,0.61,0.0012012310410024602
2028,P1,char3gram,target_real_anchor,median_sweep,replace,0.05,0.010111210948294954,4.103497531969886e-05,0.5550271739130435,0.0,0.0006739259443270999
2028,P1,char3gram,target_real_anchor,median_sweep,replace,0.1,0.0111651781198079,-3.264118476750896e-05,0.3714011516314779,0.52,0.0012012310410024602
2028,P1,char3gram,target_real_anchor,pacc,replace,0.05,0.010916007121832293,0.0024425546327359903,0.5550271739130435,0.0,0.0006739259443270999
2028,P1,char3gram,target_real_anchor,pacc,replace,0.1,0.012161365029551917,0.001505813746083125,0.3714011516314779,0.48,0.00079393864116254
2028,P1,char3gram,target_real_anchor,pcc,replace,0.05,0.2280844880392497,0.2280844880392497,0.5550271739130435,1.0,0.00029986613119143996
2028,P1,char3gram,target_real_anchor,pcc,replace,0.1,0.20240156127452075,0.20240156127452075,0.3714011516314779,0.0,0.0007621413489007201
2028,P1,column_positional_ablation,oracle_target,acc,replace,0.05,0.013354397694524447,0.012785112391930791,0.5681502086230876,0.0,0.00034634758967135997
2028,P1,column_positional_ablation,oracle_target,acc,replace,0.1,0.012590481268011475,0.010341403458213215,0.3839285714285714,0.17,0.00086890517396038
2028,P1,column_positional_ablation,oracle_target,cc,replace,0.05,0.04561999999999995,0.04561999999999995,0.5681502086230876,0.3,0.00019729778219408
2028,P1,column_positional_ablation,oracle_target,cc,replace,0.1,0.030309999999999945,0.030309999999999945,0.3839285714285714,0.0,0.00044019376474968
2028,P1,column_positional_ablation,oracle_target,dys,replace,0.05,0.005834790129703523,0.0014401955601534018,0.5681502086230876,0.0,0.00034634758967135997
2028,P1,column_positional_ablation,oracle_target,dys,replace,0.1,0.007420311557463724,0.0006726998483642244,0.3839285714285714,0.39,0.00094376129949346
2028,P1,column_positional_ablation,oracle_target,emq,replace,0.05,0.005406475671882731,-0.0007768624944388989,0.5681502086230876,0.0,0.00034634758967135997
2028,P1,column_positional_ablation,oracle_target,emq,replace,0.1,0.008538908035603204,0.002196968406609757,0.3839285714285714,0.41,0.00086890517396038
2028,P1,column_positional_ablation,oracle_target,hdy,replace,0.05,0.005744666855006682,0.0026505016223444654,0.5681502086230876,0.0,0.00034634758967135997
2028,P1,column_positional_ablation,oracle_target,hdy,replace,0.1,0.007983704608321032,0.002664933151939424,0.3839285714285714,0.38,0.0012140382837189999
2028,P1,column_positional_ablation,oracle_target,kdey,replace,0.05,0.00834391985827692,-0.007536810273071936,0.5681502086230876,0.0,0.00034634758967135997
2028,P1,column_positional_ablation,oracle_target,kdey,replace,0.1,0.010018588617048877,-0.006508084851492077,0.3839285714285714,0.72,0.0007738445189693201
2028,P1,column_positional_ablation,oracle_target,median_sweep,replace,0.05,0.010376023559909625,0.009098783341414576,0.5681502086230876,0.0,0.00034634758967135997
2028,P1,column_positional_ablation,oracle_target,median_sweep,replace,0.1,0.010438581068132242,0.007525826052550314,0.3839285714285714,0.27,0.00086890517396038
2028,P1,column_positional_ablation,oracle_target,pacc,replace,0.05,0.011153151229582024,0.009923134236810412,0.5681502086230876,0.0,0.00034634758967135997
2028,P1,column_positional_ablation,oracle_target,pacc,replace,0.1,0.011119295977237311,0.008267279174529374,0.3839285714285714,0.24,0.00086890517396038
2028,P1,column_positional_ablation,oracle_target,pcc,replace,0.05,0.18706059546733272,0.18706059546733272,0.5681502086230876,1.0,0.0006485322734235736
2028,P1,column_positional_ablation,oracle_target,pcc,replace,0.1,0.16594335623914064,0.16594335623914064,0.3839285714285714,0.0,0.00044019376474968
2028,P1,column_positional_ablation,source_only,acc,replace,0.05,0.013354397694524447,0.012785112391930791,0.5681502086230876,0.0,0.00034634758967135997
2028,P1,column_positional_ablation,source_only,acc,replace,0.1,0.012590481268011475,0.010341403458213215,0.3839285714285714,0.17,0.00086890517396038
2028,P1,column_positional_ablation,source_only,cc,replace,0.05,0.04561999999999995,0.04561999999999995,0.5681502086230876,0.3,0.00019729778219408
2028,P1,column_positional_ablation,source_only,cc,replace,0.1,0.030309999999999945,0.030309999999999945,0.3839285714285714,0.0,0.00044019376474968
2028,P1,column_positional_ablation,source_only,dys,replace,0.05,0.005834790129703523,0.0014401955601534018,0.5681502086230876,0.0,0.00034634758967135997
2028,P1,column_positional_ablation,source_only,dys,replace,0.1,0.007420311557463724,0.0006726998483642244,0.3839285714285714,0.39,0.00094376129949346
2028,P1,column_positional_ablation,source_only,emq,replace,0.05,0.005406475671882731,-0.0007768624944388989,0.5681502086230876,0.0,0.00034634758967135997
2028,P1,column_positional_ablation,source_only,emq,replace,0.1,0.008538908035603204,0.002196968406609757,0.3839285714285714,0.41,0.00086890517396038
2028,P1,column_positional_ablation,source_only,hdy,replace,0.05,0.005744666855006682,0.0026505016223444654,0.5681502086230876,0.0,0.00034634758967135997
2028,P1,column_positional_ablation,source_only,hdy,replace,0.1,0.007983704608321032,0.002664933151939424,0.3839285714285714,0.38,0.0012140382837189999
2028,P1,column_positional_ablation,source_only,kdey,replace,0.05,0.00834391985827692,-0.007536810273071936,0.5681502086230876,0.0,0.00034634758967135997
2028,P1,column_positional_ablation,source_only,kdey,replace,0.1,0.010018588617048877,-0.006508084851492077,0.3839285714285714,0.72,0.0007738445189693201
2028,P1,column_positional_ablation,source_only,median_sweep,replace,0.05,0.010376023559909625,0.009098783341414576,0.5681502086230876,0.0,0.00034634758967135997
2028,P1,column_positional_ablation,source_only,median_sweep,replace,0.1,0.010438581068132242,0.007525826052550314,0.3839285714285714,0.27,0.00086890517396038
2028,P1,column_positional_ablation,source_only,pacc,replace,0.05,0.011153151229582024,0.009923134236810412,0.5681502086230876,0.0,0.00034634758967135997
2028,P1,column_positional_ablation,source_only,pacc,replace,0.1,0.011119295977237311,0.008267279174529374,0.3839285714285714,0.24,0.00086890517396038
2028,P1,column_positional_ablation,source_only,pcc,replace,0.05,0.18706059546733272,0.18706059546733272,0.5681502086230876,1.0,0.0006485322734235736
2028,P1,column_positional_ablation,source_only,pcc,replace,0.1,0.16594335623914064,0.16594335623914064,0.3839285714285714,0.0,0.00044019376474968
2028,P1,column_positional_ablation,target_real_anchor,acc,replace,0.05,0.010580196759259208,0.009573188657407377,0.5564139417894358,0.0,0.00037770325287404
2028,P1,column_positional_ablation,target_real_anchor,acc,replace,0.1,0.011045700231481435,0.007776354166666649,0.3727134146341463,0.25,0.0008493630880912
2028,P1,column_positional_ablation,target_real_anchor,cc,replace,0.05,0.04141999999999995,0.04141999999999995,0.5564139417894358,0.09,0.00013966518996951999
2028,P1,column_positional_ablation,target_real_anchor,cc,replace,0.1,0.026439999999999943,0.026439999999999943,0.3727134146341463,0.0,0.00043423177245062
2028,P1,column_positional_ablation,target_real_anchor,dys,replace,0.05,0.005834790129703523,0.0014401955601534018,0.5564139417894358,0.0,0.00037770325287404
2028,P1,column_positional_ablation,target_real_anchor,dys,replace,0.1,0.007420311557463724,0.0006726998483642244,0.3727134146341463,0.39,0.00102038394126334
2028,P1,column_positional_ablation,target_real_anchor,emq,replace,0.05,0.005406475671882731,-0.0007768624944388989,0.5564139417894358,0.0,0.00037770325287404
2028,P1,column_positional_ablation,target_real_anchor,emq,replace,0.1,0.008538908035603204,0.002196968406609757,0.3727134146341463,0.41,0.0008493630880912
2028,P1,column_positional_ablation,target_real_anchor,hdy,replace,0.05,0.005744666855006682,0.0026505016223444654,0.5564139417894358,0.0,0.00037770325287404
2028,P1,column_positional_ablation,target_real_anchor,hdy,replace,0.1,0.007983704608321032,0.002664933151939424,0.3727134146341463,0.38,0.00125400571357594
2028,P1,column_positional_ablation,target_real_anchor,kdey,replace,0.05,0.00834391985827692,-0.007536810273071936,0.5564139417894358,0.0,0.00037770325287404
2028,P1,column_positional_ablation,target_real_anchor,kdey,replace,0.1,0.010018588617048877,-0.006508084851492077,0.3727134146341463,0.72,0.00081977394112532
2028,P1,column_positional_ablation,target_real_anchor,median_sweep,replace,0.05,0.010376023559909625,0.009098783341414576,0.5564139417894358,0.0,0.00037770325287404
2028,P1,column_positional_ablation,target_real_anchor,median_sweep,replace,0.1,0.010438581068132242,0.007525826052550314,0.3727134146341463,0.27,0.0008493630880912
2028,P1,column_positional_ablation,target_real_anchor,pacc,replace,0.05,0.011153151229582024,0.009923134236810412,0.5564139417894358,0.0,0.00037770325287404
2028,P1,column_positional_ablation,target_real_anchor,pacc,replace,0.1,0.011119295977237311,0.008267279174529374,0.3727134146341463,0.24,0.0008493630880912
2028,P1,column_positional_ablation,target_real_anchor,pcc,replace,0.05,0.18706059546733272,0.18706059546733272,0.5564139417894358,1.0,0.00076931782111266
2028,P1,column_positional_ablation,target_real_anchor,pcc,replace,0.1,0.16594335623914064,0.16594335623914064,0.3727134146341463,0.0,0.00043423177245062
2028,P1,datum_transformer,oracle_target,acc,replace,0.05,0.007535581327069828,0.001827953611274216,0.5374316424665284,0.0,0.00023053036889824
2028,P1,datum_transformer,oracle_target,acc,replace,0.1,0.009032671755725141,-0.0005880798590722128,0.3549829082303444,0.58,0.00099499027035976
2028,P1,datum_transformer,oracle_target,cc,replace,0.05,0.03692999999999995,0.03692999999999995,0.5374316424665284,0.03,0.00011681088615626001
2028,P1,datum_transformer,oracle_target,cc,replace,0.1,0.02099999999999993,0.02099999999999993,0.3549829082303444,0.0,0.0007808001766515599
2028,P1,datum_transformer,oracle_target,dys,replace,0.05,0.0060462208765087256,0.003984892101151649,0.5374316424665284,0.0,0.00023053036889824
2028,P1,datum_transformer,oracle_target,dys,replace,0.1,0.006782838474857984,0.002166047093489294,0.3549829082303444,0.43,0.00100581018230998
2028,P1,datum_transformer,oracle_target,emq,replace,0.05,0.0048457170629740845,-0.0006814577593044261,0.5374316424665284,0.0,0.00023053036889824
2028,P1,datum_transformer,oracle_target,emq,replace,0.1,0.007064393138152689,-6.212997752349504e-05,0.3549829082303444,0.48,0.00100581018230998
2028,P1,datum_transformer,oracle_target,hdy,replace,0.05,0.005963807709645431,0.004279897830714231,0.5374316424665284,0.0,0.00023053036889824
2028,P1,datum_transformer,oracle_target,hdy,replace,0.1,0.006959634885678159,0.0025114896633740644,0.3549829082303444,0.41,0.00100581018230998
2028,P1,datum_transformer,oracle_target,kdey,replace,0.05,0.005431366277422494,-0.002306347877865106,0.5374316424665284,0.0,0.00023053036889824
2028,P1,datum_transformer,oracle_target,kdey,replace,0.1,0.007431902875663334,-0.00361167140488041,0.3549829082303444,0.62,0.00074425537200348
2028,P1,datum_transformer,oracle_target,median_sweep,replace,0.05,0.006894333004947581,0.004258200161718811,0.5374316424665284,0.0,0.00023053036889824
2028,P1,datum_transformer,oracle_target,median_sweep,replace,0.1,0.007661196699564871,0.001946028923499861,0.3549829082303444,0.45,0.00100581018230998
2028,P1,datum_transformer,oracle_target,pacc,replace,0.05,0.007938440762105049,0.005271669067849797,0.5374316424665284,0.0,0.00023053036889824
2028,P1,datum_transformer,oracle_target,pacc,replace,0.1,0.008409602279173416,0.0033559027032916077,0.3549829082303444,0.4,0.00100581018230998
2028,P1,datum_transformer,oracle_target,pcc,replace,0.05,0.1843060289691922,0.1843060289691922,0.5374316424665284,1.0,0.0005062173090989201
2028,P1,datum_transformer,oracle_target,pcc,replace,0.1,0.16303009068222557,0.16303009068222557,0.3549829082303444,0.0,0.0007808001766515599
2028,P1,datum_transformer,source_only,acc,replace,0.05,0.007535581327069828,0.001827953611274216,0.5374316424665284,0.0,0.00023053036889824
2028,P1,datum_transformer,source_only,acc,replace,0.1,0.009032671755725141,-0.0005880798590722128,0.3549829082303444,0.58,0.00099499027035976
2028,P1,datum_transformer,source_only,cc,replace,0.05,0.03692999999999995,0.03692999999999995,0.5374316424665284,0.03,0.00011681088615626001
2028,P1,datum_transformer,source_only,cc,replace,0.1,0.02099999999999993,0.02099999999999993,0.3549829082303444,0.0,0.0007808001766515599
2028,P1,datum_transformer,source_only,dys,replace,0.05,0.0060462208765087256,0.003984892101151649,0.5374316424665284,0.0,0.00023053036889824
2028,P1,datum_transformer,source_only,dys,replace,0.1,0.006782838474857984,0.002166047093489294,0.3549829082303444,0.43,0.00100581018230998
2028,P1,datum_transformer,source_only,emq,replace,0.05,0.0048457170629740845,-0.0006814577593044261,0.5374316424665284,0.0,0.00023053036889824
2028,P1,datum_transformer,source_only,emq,replace,0.1,0.007064393138152689,-6.212997752349504e-05,0.3549829082303444,0.48,0.00100581018230998
2028,P1,datum_transformer,source_only,hdy,replace,0.05,0.005963807709645431,0.004279897830714231,0.5374316424665284,0.0,0.00023053036889824
2028,P1,datum_transformer,source_only,hdy,replace,0.1,0.006959634885678159,0.0025114896633740644,0.3549829082303444,0.41,0.00100581018230998
2028,P1,datum_transformer,source_only,kdey,replace,0.05,0.005431366277422494,-0.002306347877865106,0.5374316424665284,0.0,0.00023053036889824
2028,P1,datum_transformer,source_only,kdey,replace,0.1,0.007431902875663334,-0.00361167140488041,0.3549829082303444,0.62,0.00074425537200348
2028,P1,datum_transformer,source_only,median_sweep,replace,0.05,0.006894333004947581,0.004258200161718811,0.5374316424665284,0.0,0.00023053036889824
2028,P1,datum_transformer,source_only,median_sweep,replace,0.1,0.007661196699564871,0.001946028923499861,0.3549829082303444,0.45,0.00100581018230998
2028,P1,datum_transformer,source_only,pacc,replace,0.05,0.007938440762105049,0.005271669067849797,0.5374316424665284,0.0,0.00023053036889824
2028,P1,datum_transformer,source_only,pacc,replace,0.1,0.008409602279173416,0.0033559027032916077,0.3549829082303444,0.4,0.00100581018230998
2028,P1,datum_transformer,source_only,pcc,replace,0.05,0.1843060289691922,0.1843060289691922,0.5374316424665284,1.0,0.0005062173090989201
2028,P1,datum_transformer,source_only,pcc,replace,0.1,0.16303009068222557,0.16303009068222557,0.3549829082303444,0.0,0.0007808001766515599
2028,P1,datum_transformer,target_real_anchor,acc,replace,0.05,0.0073713834454518365,0.001454589061128977,0.5609105459719012,0.0,0.00017013759505373998
2028,P1,datum_transformer,target_real_anchor,acc,replace,0.1,0.009156572097104371,-0.0008780169640245749,0.3769871309613928,0.55,0.0010177341669081598
2028,P1,datum_transformer,target_real_anchor,cc,replace,0.05,0.043319999999999956,0.043319999999999956,0.5609105459719012,0.21,0.00032868242730374003
2028,P1,datum_transformer,target_real_anchor,cc,replace,0.1,0.02757999999999994,0.02757999999999994,0.3769871309613928,0.0,0.00086636580687006
2028,P1,datum_transformer,target_real_anchor,dys,replace,0.05,0.0060462208765087256,0.003984892101151649,0.5609105459719012,0.0,0.00017013759505373998
2028,P1,datum_transformer,target_real_anchor,dys,replace,0.1,0.006782838474857984,0.002166047093489294,0.3769871309613928,0.43,0.00110804730951296
2028,P1,datum_transformer,target_real_anchor,emq,replace,0.05,0.0048457170629740845,-0.0006814577593044261,0.5609105459719012,0.0,0.00017013759505373998
2028,P1,datum_transformer,target_real_anchor,emq,replace,0.1,0.007064393138152689,-6.212997752349504e-05,0.3769871309613928,0.48,0.00110804730951296
2028,P1,datum_transformer,target_real_anchor,hdy,replace,0.05,0.005963807709645431,0.004279897830714231,0.5609105459719012,0.0,0.00017013759505373998
2028,P1,datum_transformer,target_real_anchor,hdy,replace,0.1,0.006959634885678159,0.0025114896633740644,0.3769871309613928,0.41,0.00110804730951296
2028,P1,datum_transformer,target_real_anchor,kdey,replace,0.05,0.005431366277422494,-0.002306347877865106,0.5609105459719012,0.0,0.00017013759505373998
2028,P1,datum_transformer,target_real_anchor,kdey,replace,0.1,0.007431902875663334,-0.00361167140488041,0.3769871309613928,0.62,0.0007768255151189
2028,P1,datum_transformer,target_real_anchor,median_sweep,replace,0.05,0.006894333004947581,0.004258200161718811,0.5609105459719012,0.0,0.00017013759505373998
2028,P1,datum_transformer,target_real_anchor,median_sweep,replace,0.1,0.007661196699564871,0.001946028923499861,0.3769871309613928,0.45,0.00110804730951296
2028,P1,datum_transformer,target_real_anchor,pacc,replace,0.05,0.007938440762105049,0.005271669067849797,0.5609105459719012,0.0,0.00017013759505373998
2028,P1,datum_transformer,target_real_anchor,pacc,replace,0.1,0.008409602279173416,0.0033559027032916077,0.3769871309613928,0.4,0.00110804730951296
2028,P1,datum_transformer,target_real_anchor,pcc,replace,0.05,0.1843060289691922,0.1843060289691922,0.5609105459719012,1.0,0.0006190535337224801
2028,P1,datum_transformer,target_real_anchor,pcc,replace,0.1,0.16303009068222557,0.16303009068222557,0.3769871309613928,0.0,0.00086636580687006
2028,P1,flat_transformer,oracle_target,acc,replace,0.05,0.00948116848725583,-0.006226623634558079,0.6126872246696035,0.0,0.00053083812914884
2028,P1,flat_transformer,oracle_target,acc,replace,0.1,0.011005746441575594,-0.005633306852035739,0.4283485045513654,0.71,0.0012149215418374
2028,P1,flat_transformer,oracle_target,cc,replace,0.05,0.02740999999999995,0.02740999999999995,0.6126872246696035,0.0,0.00053083812914884
2028,P1,flat_transformer,oracle_target,cc,replace,0.1,0.010139999999999922,0.009539999999999924,0.4283485045513654,0.06,0.0009680508977490401
2028,P1,flat_transformer,oracle_target,dys,replace,0.05,0.007408781257263725,-0.0004800053610546749,0.6126872246696035,0.0,0.00053083812914884
2028,P1,flat_transformer,oracle_target,dys,replace,0.1,0.01005922559156025,-4.2336040660670146e-05,0.4283485045513654,0.52,0.0012149215418374
2028,P1,flat_transformer,oracle_target,emq,replace,0.05,0.025090391919774815,-0.025090391919774815,0.6126872246696035,0.0,0.00053083812914884
2028,P1,flat_transformer,oracle_target,emq,replace,0.1,0.01875920061537087,-0.017930114672989196,0.4283485045513654,0.92,0.0003551801708552
2028,P1,flat_transformer,oracle_target,hdy,replace,0.05,0.007522719709529224,-0.001997425926297766,0.6126872246696035,0.0,0.00053083812914884
2028,P1,flat_transformer,oracle_target,hdy,replace,0.1,0.009614247331576294,-0.001774562397951294,0.4283485045513654,0.59,0.0012149215418374
2028,P1,flat_transformer,oracle_target,kdey,replace,0.05,0.01336086354107844,-0.012799266540488791,0.6126872246696035,0.0,0.00053083812914884
2028,P1,flat_transformer,oracle_target,kdey,replace,0.1,0.012302759968475949,-0.008855159829884343,0.4283485045513654,0.75,0.0012149215418374
2028,P1,flat_transformer,oracle_target,median_sweep,replace,0.05,0.01534349827464564,-0.0141345500710973,0.6126872246696035,0.0,0.00053083812914884
2028,P1,flat_transformer,oracle_target,median_sweep,replace,0.1,0.015349525367378113,-0.012357546954262959,0.4283485045513654,0.82,0.0003551801708552
2028,P1,flat_transformer,oracle_target,pacc,replace,0.05,0.01561762537700296,-0.014180039516287182,0.6126872246696035,0.0,0.00053083812914884
2028,P1,flat_transformer,oracle_target,pacc,replace,0.1,0.014829283722190967,-0.011823392217059789,0.4283485045513654,0.83,0.0003551801708552
2028,P1,flat_transformer,oracle_target,pcc,replace,0.05,0.2233990167406789,0.2233990167406789,0.6126872246696035,1.0,0.00047762182751622006
2028,P1,flat_transformer,oracle_target,pcc,replace,0.1,0.19901759721542966,0.19901759721542966,0.4283485045513654,0.0,0.0008597413709822
2028,P1,flat_transformer,source_only,acc,replace,0.05,0.00948116848725583,-0.006226623634558079,0.6126872246696035,0.0,0.00053083812914884
2028,P1,flat_transformer,source_only,acc,replace,0.1,0.011005746441575594,-0.005633306852035739,0.4283485045513654,0.71,0.0012149215418374
2028,P1,flat_transformer,source_only,cc,replace,0.05,0.02740999999999995,0.02740999999999995,0.6126872246696035,0.0,0.00053083812914884
2028,P1,flat_transformer,source_only,cc,replace,0.1,0.010139999999999922,0.009539999999999924,0.4283485045513654,0.06,0.0009680508977490401
2028,P1,flat_transformer,source_only,dys,replace,0.05,0.007408781257263725,-0.0004800053610546749,0.6126872246696035,0.0,0.00053083812914884
2028,P1,flat_transformer,source_only,dys,replace,0.1,0.01005922559156025,-4.2336040660670146e-05,0.4283485045513654,0.52,0.0012149215418374
2028,P1,flat_transformer,source_only,emq,replace,0.05,0.025090391919774815,-0.025090391919774815,0.6126872246696035,0.0,0.00053083812914884
2028,P1,flat_transformer,source_only,emq,replace,0.1,0.01875920061537087,-0.017930114672989196,0.4283485045513654,0.92,0.0003551801708552
2028,P1,flat_transformer,source_only,hdy,replace,0.05,0.007522719709529224,-0.001997425926297766,0.6126872246696035,0.0,0.00053083812914884
2028,P1,flat_transformer,source_only,hdy,replace,0.1,0.009614247331576294,-0.001774562397951294,0.4283485045513654,0.59,0.0012149215418374
2028,P1,flat_transformer,source_only,kdey,replace,0.05,0.01336086354107844,-0.012799266540488791,0.6126872246696035,0.0,0.00053083812914884
2028,P1,flat_transformer,source_only,kdey,replace,0.1,0.012302759968475949,-0.008855159829884343,0.4283485045513654,0.75,0.0012149215418374
2028,P1,flat_transformer,source_only,median_sweep,replace,0.05,0.01534349827464564,-0.0141345500710973,0.6126872246696035,0.0,0.00053083812914884
2028,P1,flat_transformer,source_only,median_sweep,replace,0.1,0.015349525367378113,-0.012357546954262959,0.4283485045513654,0.82,0.0003551801708552
2028,P1,flat_transformer,source_only,pacc,replace,0.05,0.01561762537700296,-0.014180039516287182,0.6126872246696035,0.0,0.00053083812914884
2028,P1,flat_transformer,source_only,pacc,replace,0.1,0.014829283722190967,-0.011823392217059789,0.4283485045513654,0.83,0.0003551801708552
2028,P1,flat_transformer,source_only,pcc,replace,0.05,0.2233990167406789,0.2233990167406789,0.6126872246696035,1.0,0.00047762182751622006
2028,P1,flat_transformer,source_only,pcc,replace,0.1,0.19901759721542966,0.19901759721542966,0.4283485045513654,0.0,0.0008597413709822
2028,P1,flat_transformer,target_real_anchor,acc,replace,0.05,0.009530016393442574,-0.004519249180327846,0.6382428940568475,0.0,0.00020855932320341914
2028,P1,flat_transformer,target_real_anchor,acc,replace,0.1,0.010192639344262242,-0.0037051311475409772,0.4552529182879377,0.6,0.00113531790391806
2028,P1,flat_transformer,target_real_anchor,cc,replace,0.05,0.03696999999999995,0.03696999999999995,0.6382428940568475,0.01,0.00020855932320341914
2028,P1,flat_transformer,target_real_anchor,cc,replace,0.1,0.019629999999999925,0.019549999999999925,0.4552529182879377,0.01,0.00088049793676424
2028,P1,flat_transformer,target_real_anchor,dys,replace,0.05,0.007408781257263725,-0.0004800053610546749,0.6382428940568475,0.0,0.00020855932320341914
2028,P1,flat_transformer,target_real_anchor,dys,replace,0.1,0.01005922559156025,-4.2336040660670146e-05,0.4552529182879377,0.52,0.0011817993623980199
2028,P1,flat_transformer,target_real_anchor,emq,replace,0.05,0.025090391919774815,-0.025090391919774815,0.6382428940568475,0.0,0.00020855932320341914
2028,P1,flat_transformer,target_real_anchor,emq,replace,0.1,0.01875920061537087,-0.017930114672989196,0.4552529182879377,0.92,0.00036103175588951997
2028,P1,flat_transformer,target_real_anchor,hdy,replace,0.05,0.007522719709529224,-0.001997425926297766,0.6382428940568475,0.0,0.00020855932320341914
2028,P1,flat_transformer,target_real_anchor,hdy,replace,0.1,0.009614247331576294,-0.001774562397951294,0.4552529182879377,0.59,0.0011817993623980199
2028,P1,flat_transformer,target_real_anchor,kdey,replace,0.05,0.01336086354107844,-0.012799266540488791,0.6382428940568475,0.0,0.00020855932320341914
2028,P1,flat_transformer,target_real_anchor,kdey,replace,0.1,0.012302759968475949,-0.008855159829884343,0.4552529182879377,0.75,0.0011817993623980199
2028,P1,flat_transformer,target_real_anchor,median_sweep,replace,0.05,0.01534349827464564,-0.0141345500710973,0.6382428940568475,0.0,0.00020855932320341914
2028,P1,flat_transformer,target_real_anchor,median_sweep,replace,0.1,0.015349525367378113,-0.012357546954262959,0.4552529182879377,0.82,0.00036103175588951997
2028,P1,flat_transformer,target_real_anchor,pacc,replace,0.05,0.01561762537700296,-0.014180039516287182,0.6382428940568475,0.0,0.00020855932320341914
2028,P1,flat_transformer,target_real_anchor,pacc,replace,0.1,0.014829283722190967,-0.011823392217059789,0.4552529182879377,0.83,0.00036103175588951997
2028,P1,flat_transformer,target_real_anchor,pcc,replace,0.05,0.2233990167406789,0.2233990167406789,0.6382428940568475,1.0,0.00037715121655002004
2028,P1,flat_transformer,target_real_anchor,pcc,replace,0.1,0.19901759721542966,0.19901759721542966,0.4552529182879377,0.0,0.00088049793676424
2028,P2,c2st_lr,oracle_target,acc,replace,0.05,0.06001178807947019,-0.03094000000000001,0.9126084056037358,0.06,0.00038432768876187995
2028,P2,c2st_lr,oracle_target,acc,replace,0.1,0.0987866225165563,-0.0754491390728477,0.8318356867779204,0.91,8.545522295361999e-05
2028,P2,c2st_lr,oracle_target,cc,replace,0.05,0.007279999999999991,-0.006120000000000009,0.9126084056037358,0.0,0.00038432768876187995
2028,P2,c2st_lr,oracle_target,cc,replace,0.1,0.054779999999999995,-0.054779999999999995,0.8318356867779204,1.0,8.545522295361999e-05
2028,P2,c2st_lr,oracle_target,dys,replace,0.05,0.04905675057088733,0.00908585978742465,0.9126084056037358,0.27,0.00047011413350995997
2028,P2,c2st_lr,oracle_target,dys,replace,0.1,0.05703161176314742,-0.0034654888812311485,0.8318356867779204,0.53,0.00072703183869494
2028,P2,c2st_lr,oracle_target,emq,replace,0.05,0.03856277511764287,-0.015335101533756548,0.9126084056037358,0.1,0.0005849376888998999
2028,P2,c2st_lr,oracle_target,emq,replace,0.1,0.0562452835980554,-0.03322879683726988,0.8318356867779204,0.74,0.00040574669813268004
2028,P2,c2st_lr,oracle_target,hdy,replace,0.05,0.040495508079591014,-0.0012584591369433173,0.9126084056037358,0.17,0.0005849376888998999
2028,P2,c2st_lr,oracle_target,hdy,replace,0.1,0.052149489351344426,-0.013061776382867214,0.8318356867779204,0.58,0.00045145530575903996
2028,P2,c2st_lr,oracle_target,kdey,replace,0.05,0.04116569235174308,0.007765691576721284,0.9126084056037358,0.2,0.0005849376888998999
2028,P2,c2st_lr,oracle_target,kdey,replace,0.1,0.05127340963609876,-0.0028187764668906913,0.8318356867779204,0.51,0.00045145530575903996
2028,P2,c2st_lr,oracle_target,pacc,replace,0.05,0.04012868365239108,-0.015429135669711264,0.9126084056037358,0.09,0.0005849376888998999
2028,P2,c2st_lr,oracle_target,pacc,replace,0.1,0.05669548194819725,-0.03157826959878771,0.8318356867779204,0.72,0.00040574669813268004
2028,P2,c2st_lr,oracle_target,pcc,replace,0.05,0.4208409235015683,0.4208409235015683,0.9126084056037358,1.0,0.0006024924440028599
2028,P2,c2st_lr,oracle_target,pcc,replace,0.1,0.37348723377426696,0.37348723377426696,0.8318356867779204,0.0,0.00068728522336768
2028,P2,c2st_lr,source_only,acc,replace,0.05,0.03632908099688471,-0.027089890965732083,0.9927095990279464,0.02,0.0003798009909052077
2028,P2,c2st_lr,source_only,acc,replace,0.1,0.08541744548286605,-0.08466947040498443,0.9847328244274807,0.98,0.00019696656039969998
2028,P2,c2st_lr,source_only,cc,replace,0.05,0.004989999999999957,0.00012999999999995703,0.9927095990279464,0.0,0.0001667149698450077
2028,P2,c2st_lr,source_only,cc,replace,0.1,0.05284,-0.05284,0.9847328244274807,1.0,0.00019696656039969998
2028,P2,c2st_lr,source_only,dys,replace,0.05,0.0419350844267983,-0.03938504068821852,0.9927095990279464,0.0,0.0001667149698450077
2028,P2,c2st_lr,source_only,dys,replace,0.1,0.09459861550559578,-0.09459861550559578,0.9847328244274807,1.0,0.00019696656039969998
2028,P2,c2st_lr,source_only,emq,replace,0.05,0.040576104749558806,-0.038584251786752254,0.9927095990279464,0.0,0.0001667149698450077
2028,P2,c2st_lr,source_only,emq,replace,0.1,0.0941309052546161,-0.0941309052546161,0.9847328244274807,1.0,0.00019696656039969998
2028,P2,c2st_lr,source_only,hdy,replace,0.05,0.040207898876133845,-0.037508691325625995,0.9927095990279464,0.0,0.0001667149698450077
2028,P2,c2st_lr,source_only,hdy,replace,0.1,0.09361107227630812,-0.09361107227630812,0.9847328244274807,1.0,0.00019696656039969998
2028,P2,c2st_lr,source_only,kdey,replace,0.05,0.04461041685258362,-0.04386516586345382,0.9927095990279464,0.0,0.0001667149698450077
2028,P2,c2st_lr,source_only,kdey,replace,0.1,0.09738883312367419,-0.09738883312367419,0.9847328244274807,1.0,0.00019696656039969998
2028,P2,c2st_lr,source_only,median_sweep,replace,0.05,0.042912617810877025,-0.04068595785393765,0.9927095990279464,0.0,0.0001667149698450077
2028,P2,c2st_lr,source_only,median_sweep,replace,0.1,0.09639382343295255,-0.09639382343295255,0.9847328244274807,1.0,0.00019696656039969998
2028,P2,c2st_lr,source_only,pacc,replace,0.05,0.04190341855478291,-0.04023784256797312,0.9927095990279464,0.0,0.0001667149698450077
2028,P2,c2st_lr,source_only,pacc,replace,0.1,0.09572576583613342,-0.09572576583613342,0.9847328244274807,1.0,0.00019696656039969998
2028,P2,c2st_lr,source_only,pcc,replace,0.05,0.3854556013437776,0.3854556013437776,0.9927095990279464,1.0,0.0005152707048124
2028,P2,c2st_lr,source_only,pcc,replace,0.1,0.3323281401048092,0.3323281401048092,0.9847328244274807,0.0,0.0008567603748327
2028,P2,c2st_lr,target_real_anchor,acc,replace,0.05,0.03742665653495438,-0.029604437689969596,0.992899744390798,0.01,0.0004177810899956954
2028,P2,c2st_lr,target_real_anchor,acc,replace,0.1,0.08682183890577505,-0.08655813069908813,0.9851279000594882,0.99,0.00019784981851806
2028,P2,c2st_lr,target_real_anchor,cc,replace,0.05,0.005639999999999947,0.002799999999999947,0.992899744390798,0.0,0.00017808691811917543
2028,P2,c2st_lr,target_real_anchor,cc,replace,0.1,0.05006,-0.05006,0.9851279000594882,1.0,0.00019784981851806
2028,P2,c2st_lr,target_real_anchor,dys,replace,0.05,0.0419350844267983,-0.03938504068821852,0.992899744390798,0.0,0.00017808691811917543
2028,P2,c2st_lr,target_real_anchor,dys,replace,0.1,0.09459861550559578,-0.09459861550559578,0.9851279000594882,1.0,0.00019784981851806
2028,P2,c2st_lr,target_real_anchor,emq,replace,0.05,0.040576104749558806,-0.038584251786752254,0.992899744390798,0.0,0.00017808691811917543
2028,P2,c2st_lr,target_real_anchor,emq,replace,0.1,0.0941309052546161,-0.0941309052546161,0.9851279000594882,1.0,0.00019784981851806
2028,P2,c2st_lr,target_real_anchor,hdy,replace,0.05,0.040207898876133845,-0.037508691325625995,0.992899744390798,0.0,0.00017808691811917543
2028,P2,c2st_lr,target_real_anchor,hdy,replace,0.1,0.09361107227630812,-0.09361107227630812,0.9851279000594882,1.0,0.00019784981851806
2028,P2,c2st_lr,target_real_anchor,kdey,replace,0.05,0.04461041685258362,-0.04386516586345382,0.992899744390798,0.0,0.00017808691811917543
2028,P2,c2st_lr,target_real_anchor,kdey,replace,0.1,0.09738883312367419,-0.09738883312367419,0.9851279000594882,1.0,0.00019784981851806
2028,P2,c2st_lr,target_real_anchor,median_sweep,replace,0.05,0.042912617810877025,-0.04068595785393765,0.992899744390798,0.0,0.00017808691811917543
2028,P2,c2st_lr,target_real_anchor,median_sweep,replace,0.1,0.09639382343295255,-0.09639382343295255,0.9851279000594882,1.0,0.00019784981851806
2028,P2,c2st_lr,target_real_anchor,pacc,replace,0.05,0.04190341855478291,-0.04023784256797312,0.992899744390798,0.0,0.00017808691811917543
2028,P2,c2st_lr,target_real_anchor,pacc,replace,0.1,0.09572576583613342,-0.09572576583613342,0.9851279000594882,1.0,0.00019784981851806
2028,P2,c2st_lr,target_real_anchor,pcc,replace,0.05,0.3854556013437776,0.3854556013437776,0.992899744390798,1.0,0.0005068797526877399
2028,P2,c2st_lr,target_real_anchor,pcc,replace,0.1,0.3323281401048092,0.3323281401048092,0.9851279000594882,0.0,0.0009243296208890601
2028,P2,c2st_xgb,oracle_target,acc,replace,0.05,0.012441694395796803,-0.0016399430823117343,0.6212894248608534,0.0,6.591313708440544e-05
2028,P2,c2st_xgb,oracle_target,acc,replace,0.1,0.014844934325744265,-0.008568682136602442,0.4372846312887663,0.69,0.0006214824935480399
2028,P2,c2st_xgb,oracle_target,cc,replace,0.05,0.022409999999999944,0.022409999999999944,0.6212894248608534,0.0,6.591313708440544e-05
2028,P2,c2st_xgb,oracle_target,cc,replace,0.1,0.008569999999999987,-0.0069100000000000125,0.4372846312887663,0.82,0.0007194137374238799
2028,P2,c2st_xgb,oracle_target,dys,replace,0.05,0.005823169220090571,-0.002224607609840449,0.6212894248608534,0.0,6.591313708440544e-05
2028,P2,c2st_xgb,oracle_target,dys,replace,0.1,0.00944545918614394,-0.003902976282269352,0.4372846312887663,0.64,0.0006214824935480399
2028,P2,c2st_xgb,oracle_target,emq,replace,0.05,0.048588351256253895,-0.048588351256253895,0.6212894248608534,0.0,6.591313708440544e-05
2028,P2,c2st_xgb,oracle_target,emq,replace,0.1,0.042881217276212816,-0.042881217276212816,0.4372846312887663,1.0,0.00050158020397738
2028,P2,c2st_xgb,oracle_target,hdy,replace,0.05,0.005767066287523202,-0.00158761688551391,0.6212894248608534,0.0,6.591313708440544e-05
2028,P2,c2st_xgb,oracle_target,hdy,replace,0.1,0.009233562696019257,-0.003007705560636665,0.4372846312887663,0.61,0.0006214824935480399
2028,P2,c2st_xgb,oracle_target,kdey,replace,0.05,0.005878154924799987,0.0017687164859255266,0.6212894248608534,0.0,6.591313708440544e-05
2028,P2,c2st_xgb,oracle_target,kdey,replace,0.1,0.008897663115618558,-0.000533850266478046,0.4372846312887663,0.51,0.0006214824935480399
2028,P2,c2st_xgb,oracle_target,median_sweep,replace,0.05,0.00951353384378244,0.000708200694617947,0.6212894248608534,0.0,6.591313708440544e-05
2028,P2,c2st_xgb,oracle_target,median_sweep,replace,0.1,0.011531876945708312,-0.002871044133162981,0.4372846312887663,0.59,0.0006214824935480399
2028,P2,c2st_xgb,oracle_target,pacc,replace,0.05,0.012684619951282642,-0.0005730153933333404,0.6212894248608534,0.0,6.591313708440544e-05
2028,P2,c2st_xgb,oracle_target,pacc,replace,0.1,0.013689071781796505,-0.0030288370716829416,0.4372846312887663,0.62,0.0007194137374238799
2028,P2,c2st_xgb,oracle_target,pcc,replace,0.05,0.3251377784157537,0.3251377784157537,0.6212894248608534,1.0,0.0005891331649623
2028,P2,c2st_xgb,oracle_target,pcc,replace,0.1,0.2883131773589451,0.2883131773589451,0.4372846312887663,0.0,0.00046945168992116004
2028,P2,c2st_xgb,source_only,acc,replace,0.05,0.018308734140715058,-0.01798640426758934,0.6212894248608534,0.0,6.160725375728001e-05
2028,P2,c2st_xgb,source_only,acc,replace,0.1,0.039661130334486684,-0.039661130334486684,0.4372846312887663,1.0,0.0004739783877778799
2028,P2,c2st_xgb,source_only,cc,replace,0.05,0.022949999999999946,0.022949999999999946,0.6212894248608534,0.0,6.160725375728001e-05
2028,P2,c2st_xgb,source_only,cc,replace,0.1,0.008359999999999985,-0.006400000000000014,0.4372846312887663,0.78,0.0006080128072426999
2028,P2,c2st_xgb,source_only,dys,replace,0.05,0.012421067301960511,-0.012366328179032594,0.6212894248608534,0.0,6.160725375728001e-05
2028,P2,c2st_xgb,source_only,dys,replace,0.1,0.026320270798350514,-0.026320270798350514,0.4372846312887663,1.0,0.0004739783877778799
2028,P2,c2st_xgb,source_only,emq,replace,0.05,0.022128912283682828,-0.022128912283682828,0.6212894248608534,0.0,6.160725375728001e-05
2028,P2,c2st_xgb,source_only,emq,replace,0.1,0.03607036208400641,-0.03607036208400641,0.4372846312887663,1.0,0.0004739783877778799
2028,P2,c2st_xgb,source_only,hdy,replace,0.05,0.012772292558525395,-0.01270445711884087,0.6212894248608534,0.0,6.160725375728001e-05
2028,P2,c2st_xgb,source_only,hdy,replace,0.1,0.029249560692290223,-0.029249560692290223,0.4372846312887663,1.0,0.0004739783877778799
2028,P2,c2st_xgb,source_only,kdey,replace,0.05,0.012988447293424854,-0.012951454750388747,0.6212894248608534,0.0,6.160725375728001e-05
2028,P2,c2st_xgb,source_only,kdey,replace,0.1,0.028819424305614863,-0.028819424305614863,0.4372846312887663,1.0,0.0004739783877778799
2028,P2,c2st_xgb,source_only,median_sweep,replace,0.05,0.01838500400780568,-0.018284707616342835,0.6212894248608534,0.0,6.160725375728001e-05
2028,P2,c2st_xgb,source_only,median_sweep,replace,0.1,0.03899757425593629,-0.03899757425593629,0.4372846312887663,1.0,0.0004739783877778799
2028,P2,c2st_xgb,source_only,pacc,replace,0.05,0.018745602135787517,-0.018537510448935698,0.6212894248608534,0.0,6.160725375728001e-05
2028,P2,c2st_xgb,source_only,pacc,replace,0.1,0.03872638966215568,-0.03872638966215568,0.4372846312887663,1.0,0.0004739783877778799
2028,P2,c2st_xgb,source_only,pcc,replace,0.05,0.16003118289147736,0.16003118289147736,0.6212894248608534,1.0,0.00062479471149202
2028,P2,c2st_xgb,source_only,pcc,replace,0.1,0.12848266824574073,0.12848266824574073,0.4372846312887663,0.0,0.00045554037455664
2028,P2,c2st_xgb,target_real_anchor,acc,replace,0.05,0.017562198151357553,-0.01723615540150198,0.600735294117647,0.0,8.390952124637253e-06
2028,P2,c2st_xgb,target_real_anchor,acc,replace,0.1,0.03873812536106293,-0.03873812536106293,0.4161290322580644,1.0,0.0004278281510923
2028,P2,c2st_xgb,target_real_anchor,cc,replace,0.05,0.01798999999999994,0.01798999999999994,0.600735294117647,0.0,8.390952124637253e-06
2028,P2,c2st_xgb,target_real_anchor,cc,replace,0.1,0.011809999999999994,-0.011270000000000007,0.4161290322580644,0.9,0.000703515091293
2028,P2,c2st_xgb,target_real_anchor,dys,replace,0.05,0.012421067301960511,-0.012366328179032594,0.600735294117647,0.0,8.390952124637253e-06
2028,P2,c2st_xgb,target_real_anchor,dys,replace,0.1,0.026320270798350514,-0.026320270798350514,0.4161290322580644,1.0,0.0004278281510923
2028,P2,c2st_xgb,target_real_anchor,emq,replace,0.05,0.022128912283682828,-0.022128912283682828,0.600735294117647,0.0,8.390952124637253e-06
2028,P2,c2st_xgb,target_real_anchor,emq,replace,0.1,0.03607036208400641,-0.03607036208400641,0.4161290322580644,1.0,0.0004278281510923
2028,P2,c2st_xgb,target_real_anchor,hdy,replace,0.05,0.012772292558525395,-0.01270445711884087,0.600735294117647,0.0,8.390952124637253e-06
2028,P2,c2st_xgb,target_real_anchor,hdy,replace,0.1,0.029249560692290223,-0.029249560692290223,0.4161290322580644,1.0,0.0004278281510923
2028,P2,c2st_xgb,target_real_anchor,kdey,replace,0.05,0.012988447293424854,-0.012951454750388747,0.600735294117647,0.0,8.390952124637253e-06
2028,P2,c2st_xgb,target_real_anchor,kdey,replace,0.1,0.028819424305614863,-0.028819424305614863,0.4161290322580644,1.0,0.0004278281510923
2028,P2,c2st_xgb,target_real_anchor,median_sweep,replace,0.05,0.01838500400780568,-0.018284707616342835,0.600735294117647,0.0,8.390952124637253e-06
2028,P2,c2st_xgb,target_real_anchor,median_sweep,replace,0.1,0.03899757425593629,-0.03899757425593629,0.4161290322580644,1.0,0.0004278281510923
2028,P2,c2st_xgb,target_real_anchor,pacc,replace,0.05,0.018745602135787517,-0.018537510448935698,0.600735294117647,0.0,8.390952124637253e-06
2028,P2,c2st_xgb,target_real_anchor,pacc,replace,0.1,0.03872638966215568,-0.03872638966215568,0.4161290322580644,1.0,0.0004278281510923
2028,P2,c2st_xgb,target_real_anchor,pcc,replace,0.05,0.16003118289147736,0.16003118289147736,0.600735294117647,1.0,0.00056373949405874
2028,P2,c2st_xgb,target_real_anchor,pcc,replace,0.1,0.12848266824574073,0.12848266824574073,0.4161290322580644,0.0,0.00052454491505544
2028,P2,char3gram,oracle_target,acc,replace,0.05,0.018698302450687335,-0.0023586013150029834,0.7119962290831958,0.01,0.0005685974137098
2028,P2,char3gram,oracle_target,acc,replace,0.1,0.021520197250448247,-0.005688326359832638,0.5393893705239351,0.58,0.00100448529513242
2028,P2,char3gram,oracle_target,cc,replace,0.05,0.016629999999999943,0.016529999999999944,0.7119962290831958,0.0,0.0005685974137098
2028,P2,char3gram,oracle_target,cc,replace,0.1,0.01715,-0.017010000000000004,0.5393893705239351,0.97,0.00048247974716737995
2028,P2,char3gram,oracle_target,dys,replace,0.05,0.0167070782556101,-0.005131579963910132,0.7119962290831958,0.0,0.0005685974137098
2028,P2,char3gram,oracle_target,dys,replace,0.1,0.021818472407606936,-0.007075417901330641,0.5393893705239351,0.6,0.00109038214714532
2028,P2,char3gram,oracle_target,emq,replace,0.05,0.046541417616023074,-0.046541417616023074,0.7119962290831958,0.0,0.0005685974137098
2028,P2,char3gram,oracle_target,emq,replace,0.1,0.05249235478570256,-0.05142848328060565,0.5393893705239351,0.96,0.00109038214714532
2028,P2,char3gram,oracle_target,hdy,replace,0.05,0.015545076121787982,-0.007276197557439641,0.7119962290831958,0.0,0.0005685974137098
2028,P2,char3gram,oracle_target,hdy,replace,0.1,0.018394555877000188,-0.007631726058802824,0.5393893705239351,0.64,0.00109038214714532
2028,P2,char3gram,oracle_target,kdey,replace,0.05,0.021313360314519487,-0.019674360739681,0.7119962290831958,0.0,0.0005685974137098
2028,P2,char3gram,oracle_target,kdey,replace,0.1,0.024001961106752626,-0.020111374225008714,0.5393893705239351,0.81,0.00109038214714532
2028,P2,char3gram,oracle_target,median_sweep,replace,0.05,0.017578454498653143,-0.002027901923367035,0.7119962290831958,0.01,0.0005685974137098
2028,P2,char3gram,oracle_target,median_sweep,replace,0.1,0.020692442978426893,-0.003299071186107783,0.5393893705239351,0.57,0.00100448529513242
2028,P2,char3gram,oracle_target,pacc,replace,0.05,0.019897239253386698,0.007041300457451851,0.7119962290831958,0.04,0.0005685974137098
2028,P2,char3gram,oracle_target,pacc,replace,0.1,0.021911854644079836,0.004168228196411915,0.5393893705239351,0.43,0.00100448529513242
2028,P2,char3gram,oracle_target,pcc,replace,0.05,0.3701671882197395,0.3701671882197395,0.7119962290831958,1.0,0.00019939552022526
2028,P2,char3gram,oracle_target,pcc,replace,0.1,0.32867513790289926,0.32867513790289926,0.5393893705239351,0.0,0.0007469051463586172
2028,P2,char3gram,source_only,acc,replace,0.05,0.022212723071453923,-0.021818012797724818,0.7119962290831958,0.0,0.0005685974137098
2028,P2,char3gram,source_only,acc,replace,0.1,0.044061393530039066,-0.044061393530039066,0.5393893705239351,1.0,0.00048247974716737995
2028,P2,char3gram,source_only,cc,replace,0.05,0.01653999999999994,0.01643999999999994,0.7119962290831958,0.0,0.0005685974137098
2028,P2,char3gram,source_only,cc,replace,0.1,0.01722,-0.0171,0.5393893705239351,0.97,0.00048247974716737995
2028,P2,char3gram,source_only,dys,replace,0.05,0.025853980242064117,-0.0254860930774429,0.7119962290831958,0.0,0.0005685974137098
2028,P2,char3gram,source_only,dys,replace,0.1,0.048268911536899536,-0.048177647143835566,0.5393893705239351,0.99,0.00048247974716737995
2028,P2,char3gram,source_only,emq,replace,0.05,0.045672415009894,-0.045672415009894,0.7119962290831958,0.0,0.0005685974137098
2028,P2,char3gram,source_only,emq,replace,0.1,0.06957769066367187,-0.06957769066367187,0.5393893705239351,1.0,0.00048247974716737995
2028,P2,char3gram,source_only,hdy,replace,0.05,0.029591522860454456,-0.029591522860454456,0.7119962290831958,0.0,0.0005685974137098
2028,P2,char3gram,source_only,hdy,replace,0.1,0.054144534432580216,-0.054144534432580216,0.5393893705239351,1.0,0.00048247974716737995
2028,P2,char3gram,source_only,kdey,replace,0.05,0.03458727719656871,-0.03458727719656871,0.7119962290831958,0.0,0.0005685974137098
2028,P2,char3gram,source_only,kdey,replace,0.1,0.055663519116358966,-0.055663519116358966,0.5393893705239351,1.0,0.00048247974716737995
2028,P2,char3gram,source_only,median_sweep,replace,0.05,0.022877269913501398,-0.02257959516956522,0.7119962290831958,0.0,0.0005685974137098
2028,P2,char3gram,source_only,median_sweep,replace,0.1,0.04427393439098647,-0.04427393439098647,0.5393893705239351,1.0,0.00048247974716737995
2028,P2,char3gram,source_only,pacc,replace,0.05,0.020508145017085085,-0.019950119837822185,0.7119962290831958,0.0,0.0005685974137098
2028,P2,char3gram,source_only,pacc,replace,0.1,0.042700241106050724,-0.042700241106050724,0.5393893705239351,1.0,0.00048247974716737995
2028,P2,char3gram,source_only,pcc,replace,0.05,0.2169512095536132,0.2169512095536132,0.7119962290831958,1.0,0.00019939552022526
2028,P2,char3gram,source_only,pcc,replace,0.1,0.18049184934938453,0.18049184934938453,0.5393893705239351,0.0,0.0007570626147200328
2028,P2,char3gram,target_real_anchor,acc,replace,0.05,0.026607045871559588,-0.026473196330275187,0.6842546063651591,0.0,0.00055954401799638
2028,P2,char3gram,target_real_anchor,acc,replace,0.1,0.04860893211009171,-0.04860893211009171,0.506544502617801,1.0,0.00079449067748656
2028,P2,char3gram,target_real_anchor,cc,replace,0.05,0.006309999999999942,0.003329999999999942,0.6842546063651591,0.0,0.00055954401799638
2028,P2,char3gram,target_real_anchor,cc,replace,0.1,0.030619999999999998,-0.030619999999999998,0.506544502617801,1.0,0.00079449067748656
2028,P2,char3gram,target_real_anchor,dys,replace,0.05,0.025853980242064117,-0.0254860930774429,0.6842546063651591,0.0,0.00055954401799638
2028,P2,char3gram,target_real_anchor,dys,replace,0.1,0.048268911536899536,-0.048177647143835566,0.506544502617801,0.99,0.00079449067748656
2028,P2,char3gram,target_real_anchor,emq,replace,0.05,0.045672415009894,-0.045672415009894,0.6842546063651591,0.0,0.00055954401799638
2028,P2,char3gram,target_real_anchor,emq,replace,0.1,0.06957769066367187,-0.06957769066367187,0.506544502617801,1.0,0.00079449067748656
2028,P2,char3gram,target_real_anchor,hdy,replace,0.05,0.029591522860454456,-0.029591522860454456,0.6842546063651591,0.0,0.00055954401799638
2028,P2,char3gram,target_real_anchor,hdy,replace,0.1,0.054144534432580216,-0.054144534432580216,0.506544502617801,1.0,0.00079449067748656
2028,P2,char3gram,target_real_anchor,kdey,replace,0.05,0.03458727719656871,-0.03458727719656871,0.6842546063651591,0.0,0.00055954401799638
2028,P2,char3gram,target_real_anchor,kdey,replace,0.1,0.055663519116358966,-0.055663519116358966,0.506544502617801,1.0,0.00079449067748656
2028,P2,char3gram,target_real_anchor,median_sweep,replace,0.05,0.022877269913501398,-0.02257959516956522,0.6842546063651591,0.0,0.00055954401799638
2028,P2,char3gram,target_real_anchor,median_sweep,replace,0.1,0.04427393439098647,-0.04427393439098647,0.506544502617801,1.0,0.00079449067748656
2028,P2,char3gram,target_real_anchor,pacc,replace,0.05,0.020508145017085085,-0.019950119837822185,0.6842546063651591,0.0,0.00055954401799638
2028,P2,char3gram,target_real_anchor,pacc,replace,0.1,0.042700241106050724,-0.042700241106050724,0.506544502617801,1.0,0.00079449067748656
2028,P2,char3gram,target_real_anchor,pcc,replace,0.05,0.2169512095536132,0.2169512095536132,0.6842546063651591,1.0,0.00034193129907953996
2028,P2,char3gram,target_real_anchor,pcc,replace,0.1,0.18049184934938453,0.18049184934938453,0.506544502617801,0.0,0.0004461557570488091
2028,P2,column_positional_ablation,oracle_target,acc,replace,0.05,0.0139755490113588,-0.009496222128733656,0.6353963083604777,0.0,0.00012851405622486
2028,P2,column_positional_ablation,oracle_target,acc,replace,0.1,0.01546955826672271,-0.010905578460243972,0.4522022838499184,0.73,0.0005725720752424799
2028,P2,column_positional_ablation,oracle_target,cc,replace,0.05,0.019639999999999946,0.019639999999999946,0.6353963083604777,0.0,0.00012851405622486
2028,P2,column_positional_ablation,oracle_target,cc,replace,0.1,0.008019999999999982,-0.006080000000000017,0.4522022838499184,0.73,0.0005725720752424799
2028,P2,column_positional_ablation,oracle_target,dys,replace,0.05,0.007457374770204788,-0.0003066113951003481,0.6353963083604777,0.0,0.00012851405622486
2028,P2,column_positional_ablation,oracle_target,dys,replace,0.1,0.010701263577643647,-0.0030336153618676243,0.4522022838499184,0.57,0.0008125974689134199
2028,P2,column_positional_ablation,oracle_target,emq,replace,0.05,0.039460954053200416,-0.039460954053200416,0.6353963083604777,0.0,0.00012851405622486
2028,P2,column_positional_ablation,oracle_target,emq,replace,0.1,0.030605166718952113,-0.030373399075815773,0.4522022838499184,0.98,0.0006230281952552
2028,P2,column_positional_ablation,oracle_target,hdy,replace,0.05,0.007527623009633773,0.00017484531048441506,0.6353963083604777,0.0,0.00012851405622486
2028,P2,column_positional_ablation,oracle_target,hdy,replace,0.1,0.010441026788998298,-0.002220934207025389,0.4522022838499184,0.54,0.00043069873997707997
2028,P2,column_positional_ablation,oracle_target,kdey,replace,0.05,0.027799637899770115,-0.027676050916014883,0.6353963083604777,0.0,0.00012851405622486
2028,P2,column_positional_ablation,oracle_target,kdey,replace,0.1,0.02547596325286826,-0.02532369013965121,0.4522022838499184,0.97,0.0006230281952552
2028,P2,column_positional_ablation,oracle_target,median_sweep,replace,0.05,0.012915390103122577,-0.0009445408926079898,0.6353963083604777,0.01,0.00012851405622486
2028,P2,column_positional_ablation,oracle_target,median_sweep,replace,0.1,0.01235570797143809,-0.0023114646400775114,0.4522022838499184,0.58,0.0006014987786196
2028,P2,column_positional_ablation,oracle_target,pacc,replace,0.05,0.014135656794327585,0.0025347141508252295,0.6353963083604777,0.01,0.00012851405622486
2028,P2,column_positional_ablation,oracle_target,pacc,replace,0.1,0.012225636261606259,0.0006895949453849755,0.4522022838499184,0.49,0.00055104265860688
2028,P2,column_positional_ablation,oracle_target,pcc,replace,0.05,0.3217002630142206,0.3217002630142206,0.6353963083604777,1.0,0.00045145530575912003
2028,P2,column_positional_ablation,oracle_target,pcc,replace,0.1,0.2855117221141848,0.2855117221141848,0.4522022838499184,0.0,0.00021109869029382
2028,P2,column_positional_ablation,source_only,acc,replace,0.05,0.020857129601915547,-0.020613813229571943,0.6397169204374866,0.0,0.00012851405622486
2028,P2,column_positional_ablation,source_only,acc,replace,0.1,0.036100290332235815,-0.036100290332235815,0.4568380213385063,1.0,0.00072118025366064
2028,P2,column_positional_ablation,source_only,cc,replace,0.05,0.02024999999999995,0.02024999999999995,0.6397169204374866,0.0,0.00012851405622486
2028,P2,column_positional_ablation,source_only,cc,replace,0.1,0.007789999999999981,-0.005510000000000019,0.4568380213385063,0.73,0.0006707241336479199
2028,P2,column_positional_ablation,source_only,dys,replace,0.05,0.012370754732858815,-0.012116001748248877,0.6397169204374866,0.0,0.00012851405622486
2028,P2,column_positional_ablation,source_only,dys,replace,0.1,0.02510820944135019,-0.02510820944135019,0.4568380213385063,1.0,0.00072118025366064
2028,P2,column_positional_ablation,source_only,emq,replace,0.05,0.0291104525658564,-0.0291104525658564,0.6397169204374866,0.0,0.00012851405622486
2028,P2,column_positional_ablation,source_only,emq,replace,0.1,0.03983304118666192,-0.03983304118666192,0.4568380213385063,1.0,0.00072118025366064
2028,P2,column_positional_ablation,source_only,hdy,replace,0.05,0.01241080979258929,-0.012166534944080558,0.6397169204374866,0.0,0.00012851405622486
2028,P2,column_positional_ablation,source_only,hdy,replace,0.1,0.02639733074779543,-0.02639733074779543,0.4568380213385063,1.0,0.00072118025366064
2028,P2,column_positional_ablation,source_only,kdey,replace,0.05,0.025121696342954452,-0.025121696342954452,0.6397169204374866,0.0,0.00012851405622486
2028,P2,column_positional_ablation,source_only,kdey,replace,0.1,0.03772348342222721,-0.03772348342222721,0.4568380213385063,1.0,0.00072118025366064
2028,P2,column_positional_ablation,source_only,median_sweep,replace,0.05,0.0184850411213453,-0.017561116243016105,0.6397169204374866,0.0,0.00012851405622486
2028,P2,column_positional_ablation,source_only,median_sweep,replace,0.1,0.034231811308354884,-0.034231811308354884,0.4568380213385063,1.0,0.00072118025366064
2028,P2,column_positional_ablation,source_only,pacc,replace,0.05,0.01666691351105081,-0.015398753869832405,0.6397169204374866,0.0,0.00012851405622486
2028,P2,column_positional_ablation,source_only,pacc,replace,0.1,0.03252495908180544,-0.03252495908180544,0.4568380213385063,1.0,0.00072118025366064
2028,P2,column_positional_ablation,source_only,pcc,replace,0.05,0.18612925074022296,0.18612925074022296,0.6397169204374866,1.0,0.00046923087539162004
2028,P2,column_positional_ablation,source_only,pcc,replace,0.1,0.1547657098460452,0.1547657098460452,0.4568380213385063,0.0,0.00022191860224400002
2028,P2,column_positional_ablation,target_real_anchor,acc,replace,0.05,0.020665815476190428,-0.020131124999999958,0.6879250137842309,0.0,9.252128790074e-05
2028,P2,column_positional_ablation,target_real_anchor,acc,replace,0.1,0.0362516577380952,-0.0362516577380952,0.5108038029386345,1.0,0.00030549690169609403
2028,P2,column_positional_ablation,target_real_anchor,cc,replace,0.05,0.032059999999999936,0.032059999999999936,0.6879250137842309,0.02,9.252128790074e-05
2028,P2,column_positional_ablation,target_real_anchor,cc,replace,0.1,0.008349999999999939,0.00598999999999994,0.5108038029386345,0.23,0.000575001035068054
2028,P2,column_positional_ablation,target_real_anchor,dys,replace,0.05,0.012370754732858815,-0.012116001748248877,0.6879250137842309,0.0,9.252128790074e-05
2028,P2,column_positional_ablation,target_real_anchor,dys,replace,0.1,0.02510820944135019,-0.02510820944135019,0.5108038029386345,1.0,0.00030549690169609403
2028,P2,column_positional_ablation,target_real_anchor,emq,replace,0.05,0.0291104525658564,-0.0291104525658564,0.6879250137842309,0.0,9.252128790074e-05
2028,P2,column_positional_ablation,target_real_anchor,emq,replace,0.1,0.03983304118666192,-0.03983304118666192,0.5108038029386345,1.0,0.00030549690169609403
2028,P2,column_positional_ablation,target_real_anchor,hdy,replace,0.05,0.01241080979258929,-0.012166534944080558,0.6879250137842309,0.0,9.252128790074e-05
2028,P2,column_positional_ablation,target_real_anchor,hdy,replace,0.1,0.02639733074779543,-0.02639733074779543,0.5108038029386345,1.0,0.00030549690169609403
2028,P2,column_positional_ablation,target_real_anchor,kdey,replace,0.05,0.025121696342954452,-0.025121696342954452,0.6879250137842309,0.0,9.252128790074e-05
2028,P2,column_positional_ablation,target_real_anchor,kdey,replace,0.1,0.03772348342222721,-0.03772348342222721,0.5108038029386345,1.0,0.00030549690169609403
2028,P2,column_positional_ablation,target_real_anchor,median_sweep,replace,0.05,0.0184850411213453,-0.017561116243016105,0.6879250137842309,0.0,9.252128790074e-05
2028,P2,column_positional_ablation,target_real_anchor,median_sweep,replace,0.1,0.034231811308354884,-0.034231811308354884,0.5108038029386345,1.0,0.00030549690169609403
2028,P2,column_positional_ablation,target_real_anchor,pacc,replace,0.05,0.01666691351105081,-0.015398753869832405,0.6879250137842309,0.0,9.252128790074e-05
2028,P2,column_positional_ablation,target_real_anchor,pacc,replace,0.1,0.03252495908180544,-0.03252495908180544,0.5108038029386345,1.0,0.00030549690169609403
2028,P2,column_positional_ablation,target_real_anchor,pcc,replace,0.05,0.18612925074022296,0.18612925074022296,0.6879250137842309,1.0,0.00057610510771612
2028,P2,column_positional_ablation,target_real_anchor,pcc,replace,0.1,0.1547657098460452,0.1547657098460452,0.5108038029386345,0.0,0.00055567976372842
2028,P2,datum_transformer,oracle_target,acc,replace,0.05,0.014736907514450821,0.009335652353426904,0.6465250567127243,0.01,0.0
2028,P2,datum_transformer,oracle_target,acc,replace,0.1,0.014201374896779473,0.007180623451692803,0.46420756486402,0.32,0.00108022467878382
2028,P2,datum_transformer,oracle_target,cc,replace,0.05,0.028349999999999945,0.028349999999999945,0.6465250567127243,0.01,0.0
2028,P2,datum_transformer,oracle_target,cc,replace,0.1,0.00688999999999994,0.0027099999999999403,0.46420756486402,0.32,0.00108022467878382
2028,P2,datum_transformer,oracle_target,dys,replace,0.05,0.0086198432215753,0.00011546768456746899,0.6465250567127243,0.0,0.00018051587794476
2028,P2,datum_transformer,oracle_target,dys,replace,0.1,0.010104051239663327,-0.0017857599706404869,0.46420756486402,0.53,0.0007706427082901999
2028,P2,datum_transformer,oracle_target,emq,replace,0.05,0.02516576070435674,-0.024498191236815993,0.6465250567127243,0.0,0.00018051587794476
2028,P2,datum_transformer,oracle_target,emq,replace,0.1,0.018091411568318977,-0.015424809872900805,0.46420756486402,0.86,0.00048292137622654
2028,P2,datum_transformer,oracle_target,hdy,replace,0.05,0.008829879810722353,0.002056512468008675,0.6465250567127243,0.0,0.00018051587794476
2028,P2,datum_transformer,oracle_target,hdy,replace,0.1,0.01015345956967755,0.001199292847657206,0.46420756486402,0.41,0.0009245504354186199
2028,P2,datum_transformer,oracle_target,kdey,replace,0.05,0.015318785337491005,-0.014209530530603769,0.6465250567127243,0.0,0.00018051587794476
2028,P2,datum_transformer,oracle_target,kdey,replace,0.1,0.014685575311367225,-0.012578551569176841,0.46420756486402,0.85,0.00048292137622654
2028,P2,datum_transformer,oracle_target,median_sweep,replace,0.05,0.01398915744881085,0.007951868503228937,0.6465250567127243,0.0,0.00018051587794476
2028,P2,datum_transformer,oracle_target,median_sweep,replace,0.1,0.012932647457574829,0.00537172181406547,0.46420756486402,0.37,0.00108022467878382
2028,P2,datum_transformer,oracle_target,pacc,replace,0.05,0.015128976731938477,0.00885405651775718,0.6465250567127243,0.01,0.00018051587794476
2028,P2,datum_transformer,oracle_target,pacc,replace,0.1,0.013091492945098315,0.006348676926186628,0.46420756486402,0.34,0.00108022467878382
2028,P2,datum_transformer,oracle_target,pcc,replace,0.05,0.311674754841604,0.311674754841604,0.6465250567127243,1.0,0.00031543355552798
2028,P2,datum_transformer,oracle_target,pcc,replace,0.1,0.2765670545290761,0.2765670545290761,0.46420756486402,0.0,0.00059730330255728
2028,P2,datum_transformer,source_only,acc,replace,0.05,0.010127380191693243,-0.0065073685739180775,0.651582792207792,0.0,0.00017985343435598
2028,P2,datum_transformer,source_only,acc,replace,0.1,0.0231833720592506,-0.02293342143479519,0.4697344039530574,0.96,0.00041358561393333993
2028,P2,datum_transformer,source_only,cc,replace,0.05,0.03108999999999994,0.03108999999999994,0.651582792207792,0.02,0.0
2028,P2,datum_transformer,source_only,cc,replace,0.1,0.008069999999999931,0.005389999999999933,0.4697344039530574,0.22,0.00028153852523489997
2028,P2,datum_transformer,source_only,dys,replace,0.05,0.013198195244047724,-0.012867262607192335,0.651582792207792,0.0,0.00017985343435598
2028,P2,datum_transformer,source_only,dys,replace,0.1,0.027284667066718858,-0.027284667066718858,0.4697344039530574,1.0,0.00041358561393333993
2028,P2,datum_transformer,source_only,emq,replace,0.05,0.019451989330969102,-0.019241998373740292,0.651582792207792,0.0,0.00017985343435598
2028,P2,datum_transformer,source_only,emq,replace,0.1,0.030639026290175134,-0.030639026290175134,0.4697344039530574,1.0,0.00041358561393333993
2028,P2,datum_transformer,source_only,hdy,replace,0.05,0.012626953492509698,-0.012170258136704058,0.651582792207792,0.0,0.00017985343435598
2028,P2,datum_transformer,source_only,hdy,replace,0.1,0.02680099419447789,-0.02680099419447789,0.4697344039530574,1.0,0.00041358561393333993
2028,P2,datum_transformer,source_only,kdey,replace,0.05,0.019054037597043834,-0.018820178785473728,0.651582792207792,0.0,0.00017985343435598
2028,P2,datum_transformer,source_only,kdey,replace,0.1,0.03203135077062919,-0.03203135077062919,0.4697344039530574,1.0,0.00041358561393333993
2028,P2,datum_transformer,source_only,median_sweep,replace,0.05,0.011614690799880615,-0.009783068048670258,0.651582792207792,0.0,0.00017985343435598
2028,P2,datum_transformer,source_only,median_sweep,replace,0.1,0.02657485176412044,-0.02643645064859766,0.4697344039530574,0.98,0.00041358561393333993
2028,P2,datum_transformer,source_only,pacc,replace,0.05,0.01164701803476906,-0.00967802306071753,0.651582792207792,0.0,0.00017985343435598
2028,P2,datum_transformer,source_only,pacc,replace,0.1,0.02707754492506777,-0.026857100999774966,0.4697344039530574,0.99,0.00041358561393333993
2028,P2,datum_transformer,source_only,pcc,replace,0.05,0.17875766691821204,0.17875766691821204,0.651582792207792,1.0,0.00034502270249384
2028,P2,datum_transformer,source_only,pcc,replace,0.1,0.14812169021683758,0.14812169021683758,0.4697344039530574,0.0,0.00028153852523489997
2028,P2,datum_transformer,target_real_anchor,acc,replace,0.05,0.010063306217315464,-0.0061756653108657545,0.651582792207792,0.0,0.00018415931768308002
2028,P2,datum_transformer,target_real_anchor,acc,replace,0.1,0.022871682161533947,-0.022605784427658294,0.4697344039530574,0.97,0.00040718199257506
2028,P2,datum_transformer,target_real_anchor,cc,replace,0.05,0.030479999999999938,0.030479999999999938,0.651582792207792,0.02,0.0
2028,P2,datum_transformer,target_real_anchor,cc,replace,0.1,0.007849999999999935,0.004769999999999935,0.4697344039530574,0.25,0.00028507155770846
2028,P2,datum_transformer,target_real_anchor,dys,replace,0.05,0.013198195244047724,-0.012867262607192335,0.651582792207792,0.0,0.00018415931768308002
2028,P2,datum_transformer,target_real_anchor,dys,replace,0.1,0.027284667066718858,-0.027284667066718858,0.4697344039530574,1.0,0.00040718199257506
2028,P2,datum_transformer,target_real_anchor,emq,replace,0.05,0.019451989330969102,-0.019241998373740292,0.651582792207792,0.0,0.00018415931768308002
2028,P2,datum_transformer,target_real_anchor,emq,replace,0.1,0.030639026290175134,-0.030639026290175134,0.4697344039530574,1.0,0.00040718199257506
2028,P2,datum_transformer,target_real_anchor,hdy,replace,0.05,0.012626953492509698,-0.012170258136704058,0.651582792207792,0.0,0.00018415931768308002
2028,P2,datum_transformer,target_real_anchor,hdy,replace,0.1,0.02680099419447789,-0.02680099419447789,0.4697344039530574,1.0,0.00040718199257506
2028,P2,datum_transformer,target_real_anchor,kdey,replace,0.05,0.019054037597043834,-0.018820178785473728,0.651582792207792,0.0,0.00018415931768308002
2028,P2,datum_transformer,target_real_anchor,kdey,replace,0.1,0.03203135077062919,-0.03203135077062919,0.4697344039530574,1.0,0.00040718199257506
2028,P2,datum_transformer,target_real_anchor,median_sweep,replace,0.05,0.011614690799880615,-0.009783068048670258,0.651582792207792,0.0,0.00018415931768308002
2028,P2,datum_transformer,target_real_anchor,median_sweep,replace,0.1,0.02657485176412044,-0.02643645064859766,0.4697344039530574,0.98,0.00040718199257506
2028,P2,datum_transformer,target_real_anchor,pacc,replace,0.05,0.01164701803476906,-0.00967802306071753,0.651582792207792,0.0,0.00018415931768308002
2028,P2,datum_transformer,target_real_anchor,pacc,replace,0.1,0.02707754492506777,-0.026857100999774966,0.4697344039530574,0.99,0.00040718199257506
2028,P2,datum_transformer,target_real_anchor,pcc,replace,0.05,0.17875766691821204,0.17875766691821204,0.651582792207792,1.0,0.00031907699526634
2028,P2,datum_transformer,target_real_anchor,pcc,replace,0.1,0.14812169021683758,0.14812169021683758,0.4697344039530574,0.0,0.00028507155770846
2028,P2,flat_transformer,oracle_target,acc,replace,0.05,0.01234629999999995,-0.006346090909090893,0.6831801837794645,0.0,0.00012277287845538
2028,P2,flat_transformer,oracle_target,acc,replace,0.1,0.014562463636363591,-0.008343636363636366,0.5053025577043044,0.66,0.0009426572268455399
2028,P2,flat_transformer,oracle_target,cc,replace,0.05,0.01979999999999994,0.01979999999999994,0.6831801837794645,0.0,0.00012277287845538
2028,P2,flat_transformer,oracle_target,cc,replace,0.1,0.00889999999999999,-0.008000000000000009,0.5053025577043044,0.83,0.00113498668212366
2028,P2,flat_transformer,oracle_target,dys,replace,0.05,0.011861756962165402,-0.006048143694634678,0.6831801837794645,0.0,0.00012277287845538
2028,P2,flat_transformer,oracle_target,dys,replace,0.1,0.014402492222262073,-0.007917415433916055,0.5053025577043044,0.7,0.0009426572268455399
2028,P2,flat_transformer,oracle_target,emq,replace,0.05,0.04999969251815281,-0.04999969251815281,0.6831801837794645,0.0,0.00012277287845538
2028,P2,flat_transformer,oracle_target,emq,replace,0.1,0.07952014330489454,-0.07952014330489454,0.5053025577043044,1.0,0.00093216853668968
2028,P2,flat_transformer,oracle_target,hdy,replace,0.05,0.011560745469784925,-0.005413746681889815,0.6831801837794645,0.0,0.00012277287845538
2028,P2,flat_transformer,oracle_target,hdy,replace,0.1,0.014127680868147075,-0.007251928088609098,0.5053025577043044,0.7,0.0009426572268455399
2028,P2,flat_transformer,oracle_target,kdey,replace,0.05,0.035560912685365514,-0.035560912685365514,0.6831801837794645,0.0,0.00012277287845538
2028,P2,flat_transformer,oracle_target,kdey,replace,0.1,0.03401625409273584,-0.033991424880903766,0.5053025577043044,0.99,0.00093216853668968
2028,P2,flat_transformer,oracle_target,median_sweep,replace,0.05,0.016791007162823387,-0.00812302351027517,0.6831801837794645,0.0,0.00012277287845538
2028,P2,flat_transformer,oracle_target,median_sweep,replace,0.1,0.01752155932609532,-0.009096863086662741,0.5053025577043044,0.67,0.00113498668212366
2028,P2,flat_transformer,oracle_target,pacc,replace,0.05,0.02228638277049059,-0.012796532984408202,0.6831801837794645,0.0,0.00012277287845538
2028,P2,flat_transformer,oracle_target,pacc,replace,0.1,0.022870297840684426,-0.012126160456320876,0.5053025577043044,0.66,0.00151158586234968
2028,P2,flat_transformer,oracle_target,pcc,replace,0.05,0.36567975601249436,0.36567975601249436,0.6831801837794645,1.0,0.00074436577926824
2028,P2,flat_transformer,oracle_target,pcc,replace,0.1,0.32508619305802905,0.32508619305802905,0.5053025577043044,0.0,0.00057941732566
2028,P2,flat_transformer,source_only,acc,replace,0.05,0.01877103257328985,-0.01873256351791526,0.6831801837794645,0.0,0.00012277287845538
2028,P2,flat_transformer,source_only,acc,replace,0.1,0.03431791530944623,-0.03431791530944623,0.5053025577043044,1.0,0.00093216853668968
2028,P2,flat_transformer,source_only,cc,replace,0.05,0.01978999999999994,0.01978999999999994,0.6831801837794645,0.0,0.00012277287845538
2028,P2,flat_transformer,source_only,cc,replace,0.1,0.00889999999999999,-0.008000000000000009,0.5053025577043044,0.83,0.00113498668212366
2028,P2,flat_transformer,source_only,dys,replace,0.05,0.012752489928860591,-0.012375812343908044,0.6831801837794645,0.0,0.00012277287845538
2028,P2,flat_transformer,source_only,dys,replace,0.1,0.02624738754015072,-0.026241370844991972,0.5053025577043044,0.99,0.00055556935646366
2028,P2,flat_transformer,source_only,emq,replace,0.05,0.04677938310873011,-0.04677938310873011,0.6831801837794645,0.0,0.00012277287845538
2028,P2,flat_transformer,source_only,emq,replace,0.1,0.06238532384345136,-0.06238532384345136,0.5053025577043044,1.0,0.00093216853668968
2028,P2,flat_transformer,source_only,hdy,replace,0.05,0.014151235775824493,-0.013936525124099083,0.6831801837794645,0.0,0.00012277287845538
2028,P2,flat_transformer,source_only,hdy,replace,0.1,0.029254389431715176,-0.029254389431715176,0.5053025577043044,1.0,0.00093216853668968
2028,P2,flat_transformer,source_only,kdey,replace,0.05,0.024105643617070377,-0.024105643617070377,0.6831801837794645,0.0,0.00012277287845538
2028,P2,flat_transformer,source_only,kdey,replace,0.1,0.03744645629529595,-0.03744645629529595,0.5053025577043044,1.0,0.00093216853668968
2028,P2,flat_transformer,source_only,median_sweep,replace,0.05,0.026371933873007736,-0.02619539607232045,0.6831801837794645,0.0,0.00012277287845538
2028,P2,flat_transformer,source_only,median_sweep,replace,0.1,0.04583107354374448,-0.04583107354374448,0.5053025577043044,1.0,0.00093216853668968
2028,P2,flat_transformer,source_only,pacc,replace,0.05,0.02701760537245125,-0.02694837461365905,0.6831801837794645,0.0,0.00012277287845538
2028,P2,flat_transformer,source_only,pacc,replace,0.1,0.04626154454294401,-0.04626154454294401,0.5053025577043044,1.0,0.00093216853668968
2028,P2,flat_transformer,source_only,pcc,replace,0.05,0.2148156915263803,0.2148156915263803,0.6831801837794645,1.0,0.00074436577926824
2028,P2,flat_transformer,source_only,pcc,replace,0.1,0.18019140469126266,0.18019140469126266,0.5053025577043044,0.0,0.00057941732566
2028,P2,flat_transformer,target_real_anchor,acc,replace,0.05,0.01800298366013067,-0.01797476797385616,0.6748101005953603,0.0,0.00012520183828094
2028,P2,flat_transformer,target_real_anchor,acc,replace,0.1,0.033727477124182975,-0.033727477124182975,0.495702005730659,1.0,0.0008057522184959601
2028,P2,flat_transformer,target_real_anchor,cc,replace,0.05,0.01852999999999994,0.01852999999999994,0.6748101005953603,0.0,0.00012520183828094
2028,P2,flat_transformer,target_real_anchor,cc,replace,0.1,0.009919999999999995,-0.009440000000000006,0.495702005730659,0.86,0.0008347893291378399
2028,P2,flat_transformer,target_real_anchor,dys,replace,0.05,0.012752489928860591,-0.012375812343908044,0.6748101005953603,0.0,0.00012520183828094
2028,P2,flat_transformer,target_real_anchor,dys,replace,0.1,0.02624738754015072,-0.026241370844991972,0.495702005730659,0.99,0.00043290688527304003
2028,P2,flat_transformer,target_real_anchor,emq,replace,0.05,0.04677938310873011,-0.04677938310873011,0.6748101005953603,0.0,0.00012520183828094
2028,P2,flat_transformer,target_real_anchor,emq,replace,0.1,0.06238532384345136,-0.06238532384345136,0.495702005730659,1.0,0.0008057522184959601
2028,P2,flat_transformer,target_real_anchor,hdy,replace,0.05,0.014151235775824493,-0.013936525124099083,0.6748101005953603,0.0,0.00012520183828094
2028,P2,flat_transformer,target_real_anchor,hdy,replace,0.1,0.029254389431715176,-0.029254389431715176,0.495702005730659,1.0,0.0008057522184959601
2028,P2,flat_transformer,target_real_anchor,kdey,replace,0.05,0.024105643617070377,-0.024105643617070377,0.6748101005953603,0.0,0.00012520183828094
2028,P2,flat_transformer,target_real_anchor,kdey,replace,0.1,0.03744645629529595,-0.03744645629529595,0.495702005730659,1.0,0.0008057522184959601
2028,P2,flat_transformer,target_real_anchor,median_sweep,replace,0.05,0.026371933873007736,-0.02619539607232045,0.6748101005953603,0.0,0.00012520183828094
2028,P2,flat_transformer,target_real_anchor,median_sweep,replace,0.1,0.04583107354374448,-0.04583107354374448,0.495702005730659,1.0,0.0008057522184959601
2028,P2,flat_transformer,target_real_anchor,pacc,replace,0.05,0.02701760537245125,-0.02694837461365905,0.6748101005953603,0.0,0.00012520183828094
2028,P2,flat_transformer,target_real_anchor,pacc,replace,0.1,0.04626154454294401,-0.04626154454294401,0.495702005730659,1.0,0.0008057522184959601
2028,P2,flat_transformer,target_real_anchor,pcc,replace,0.05,0.2148156915263803,0.2148156915263803,0.6748101005953603,1.0,0.00043964172842578004
2028,P2,flat_transformer,target_real_anchor,pcc,replace,0.1,0.18019140469126266,0.18019140469126266,0.495702005730659,0.0,0.00048722725955362
2028,P3,char3gram,oracle_target,acc,replace,0.05,0.051089230769230755,-0.040833846153846165,0.9376163873370578,0.05,0.0032277110221035597
2028,P3,char3gram,oracle_target,acc,replace,0.1,0.08843615384615383,-0.0759315384615385,0.8768382352941176,0.86,0.00153241358848832
2028,P3,char3gram,oracle_target,cc,replace,0.05,0.007939999999999992,-0.007580000000000007,0.9376163873370578,0.0,0.0030704643228007798
2028,P3,char3gram,oracle_target,cc,replace,0.1,0.05521,-0.05521,0.8768382352941176,1.0,0.00153241358848832
2028,P3,char3gram,oracle_target,dys,replace,0.05,0.042338688691659875,-0.0014504605852136707,0.9376163873370578,0.14,0.0030704643228007798
2028,P3,char3gram,oracle_target,dys,replace,0.1,0.060885446437373335,-0.0028945594843382966,0.8768382352941176,0.54,0.0005373090045986999
2028,P3,char3gram,oracle_target,emq,replace,0.05,0.04851947947195097,-0.04851947947195097,0.9376163873370578,0.0,0.0030704643228007798
2028,P3,char3gram,oracle_target,emq,replace,0.1,0.08781741541776401,-0.08661197262872802,0.8768382352941176,0.99,0.00153241358848832
2028,P3,char3gram,oracle_target,hdy,replace,0.05,0.039683257574416604,-0.01376247100068621,0.9376163873370578,0.12,0.0030704643228007798
2028,P3,char3gram,oracle_target,hdy,replace,0.1,0.05487775607636243,-0.008216320595165692,0.8768382352941176,0.54,0.0005373090045986999
2028,P3,char3gram,oracle_target,kdey,replace,0.05,0.081420778666963,0.07811101403978561,0.9376163873370578,0.73,0.0013012906097018399
2028,P3,char3gram,oracle_target,kdey,replace,0.1,0.09560144732303642,0.09082049606252904,0.8768382352941176,0.08,0.00028393413440142
2028,P3,char3gram,oracle_target,pacc,replace,0.05,0.04157525160300656,-0.027998016306776115,0.9376163873370578,0.05,0.0030704643228007798
2028,P3,char3gram,oracle_target,pacc,replace,0.1,0.05619599198693934,-0.026961941840549803,0.8768382352941176,0.66,0.0005373090045986999
2028,P3,char3gram,oracle_target,pcc,replace,0.05,0.43274621514765177,0.43274621514765177,0.9376163873370578,1.0,0.00015724669930278
2028,P3,char3gram,oracle_target,pcc,replace,0.1,0.3852222822879194,0.3852222822879194,0.8768382352941176,0.0,0.00028393413440142
2028,P3,char3gram,source_only,acc,replace,0.05,0.95,0.95,0.95,1.0,
2028,P3,char3gram,source_only,acc,replace,0.1,0.9,0.9,0.9,0.0,
2028,P3,char3gram,source_only,cc,replace,0.05,0.94938,0.94938,0.95,1.0,
2028,P3,char3gram,source_only,cc,replace,0.1,0.89951,0.89951,0.9,0.0,
2028,P3,char3gram,source_only,dys,replace,0.05,0.9499940391390134,0.9499940391390134,0.95,1.0,
2028,P3,char3gram,source_only,dys,replace,0.1,0.8999940391390134,0.8999940391390134,0.9,0.0,
2028,P3,char3gram,source_only,emq,replace,0.05,0.9499999997646068,0.9499999997646068,0.95,1.0,
2028,P3,char3gram,source_only,emq,replace,0.1,0.8999999997851762,0.8999999997851762,0.9,0.0,
2028,P3,char3gram,source_only,hdy,replace,0.05,0.9499940391390134,0.9499940391390134,0.95,1.0,
2028,P3,char3gram,source_only,hdy,replace,0.1,0.8999940391390134,0.8999940391390134,0.9,0.0,
2028,P3,char3gram,source_only,kdey,replace,0.05,0.9499940391390134,0.9499940391390134,0.95,1.0,
2028,P3,char3gram,source_only,kdey,replace,0.1,0.8999940391390134,0.8999940391390134,0.9,0.0,
2028,P3,char3gram,source_only,median_sweep,replace,0.05,0.95,0.95,0.95,1.0,
2028,P3,char3gram,source_only,median_sweep,replace,0.1,0.9,0.9,0.9,0.0,
2028,P3,char3gram,source_only,pacc,replace,0.05,0.95,0.95,0.95,1.0,
2028,P3,char3gram,source_only,pacc,replace,0.1,0.9,0.9,0.9,0.0,
2028,P3,char3gram,source_only,pcc,replace,0.05,0.9099620907683159,0.9099620907683159,0.95,1.0,
2028,P3,char3gram,source_only,pcc,replace,0.1,0.8604472347856721,0.8604472347856721,0.9,0.0,
2028,P3,char3gram,target_real_anchor,acc,replace,0.05,0.95,0.95,0.9347389558232932,1.0,0.0
2028,P3,char3gram,target_real_anchor,acc,replace,0.1,0.9,0.9,0.8715415019762845,0.0,0.0002483311081442
2028,P3,char3gram,target_real_anchor,cc,replace,0.05,0.014469999999999938,0.014449999999999939,0.9347389558232932,0.0,0.005297136923305081
2028,P3,char3gram,target_real_anchor,cc,replace,0.1,0.03198,-0.03198,0.8715415019762845,1.0,0.0026272066458982004
2028,P3,char3gram,target_real_anchor,dys,replace,0.05,0.9499940391390134,0.9499940391390134,0.9347389558232932,1.0,0.0
2028,P3,char3gram,target_real_anchor,dys,replace,0.1,0.8999940391390134,0.8999940391390134,0.8715415019762845,0.0,0.0002483311081442
2028,P3,char3gram,target_real_anchor,emq,replace,0.05,0.9499999997646068,0.9499999997646068,0.9347389558232932,1.0,0.0
2028,P3,char3gram,target_real_anchor,emq,replace,0.1,0.8999999997851762,0.8999999997851762,0.8715415019762845,0.0,0.0002483311081442
2028,P3,char3gram,target_real_anchor,hdy,replace,0.05,0.9499940391390134,0.9499940391390134,0.9347389558232932,1.0,0.0
2028,P3,char3gram,target_real_anchor,hdy,replace,0.1,0.8999940391390134,0.8999940391390134,0.8715415019762845,0.0,0.0002483311081442
2028,P3,char3gram,target_real_anchor,kdey,replace,0.05,0.9499940391390134,0.9499940391390134,0.9347389558232932,1.0,0.0
2028,P3,char3gram,target_real_anchor,kdey,replace,0.1,0.8999940391390134,0.8999940391390134,0.8715415019762845,0.0,0.0002483311081442
2028,P3,char3gram,target_real_anchor,median_sweep,replace,0.05,0.95,0.95,0.9347389558232932,1.0,0.0
2028,P3,char3gram,target_real_anchor,median_sweep,replace,0.1,0.9,0.9,0.8715415019762845,0.0,0.0002483311081442
2028,P3,char3gram,target_real_anchor,pacc,replace,0.05,0.95,0.95,0.9347389558232932,1.0,0.0
2028,P3,char3gram,target_real_anchor,pacc,replace,0.1,0.9,0.9,0.8715415019762845,0.0,0.0002483311081442
2028,P3,char3gram,target_real_anchor,pcc,replace,0.05,0.9099620907683159,0.9099620907683159,0.9347389558232932,1.0,0.0
2028,P3,char3gram,target_real_anchor,pcc,replace,0.1,0.8604472347856721,0.8604472347856721,0.8715415019762845,0.0,0.0002483311081442
2028,P3,column_positional_ablation,oracle_target,acc,replace,0.05,0.07208730769230769,0.018646923076923092,0.8954022988505748,0.26,0.00125589675122384
2028,P3,column_positional_ablation,oracle_target,acc,replace,0.1,0.11652423076923074,0.02449538461538465,0.8021739130434783,0.56,0.0022622756267616203
2028,P3,column_positional_ablation,oracle_target,cc,replace,0.05,0.004439999999999956,3.999999999995605e-05,0.8954022988505748,0.0,0.00238896306186024
2028,P3,column_positional_ablation,oracle_target,cc,replace,0.1,0.047119999999999995,-0.047119999999999995,0.8021739130434783,1.0,0.00207951342530782
2028,P3,column_positional_ablation,oracle_target,dys,replace,0.05,0.04716201395716272,-0.018051988837608467,0.8954022988505748,0.12,0.00238896306186024
2028,P3,column_positional_ablation,oracle_target,dys,replace,0.1,0.06792911523996933,-0.04367542946596645,0.8021739130434783,0.75,0.00176591010235868
2028,P3,column_positional_ablation,oracle_target,emq,replace,0.05,0.06259438941401506,0.040730897876460254,0.8954022988505748,0.32,0.00238896306186024
2028,P3,column_positional_ablation,oracle_target,emq,replace,0.1,0.06436044873095277,-0.005061590484761094,0.8021739130434783,0.7,0.00031360332294914
2028,P3,column_positional_ablation,oracle_target,hdy,replace,0.05,0.051621748416496596,0.003671173421519504,0.8954022988505748,0.2,0.00238896306186024
2028,P3,column_positional_ablation,oracle_target,hdy,replace,0.1,0.06511131600230423,-0.02103279500739191,0.8021739130434783,0.62,0.0
2028,P3,column_positional_ablation,oracle_target,kdey,replace,0.05,0.8429795019629773,0.8429795019629773,0.8954022988505748,1.0,0.00010532561934429999
2028,P3,column_positional_ablation,oracle_target,kdey,replace,0.1,0.7979529276540361,0.7979529276540361,0.8021739130434783,0.0,0.00031390001483456
2028,P3,column_positional_ablation,oracle_target,pacc,replace,0.05,0.11996519181166652,0.0860162993549058,0.8954022988505748,0.5,0.00125589675122384
2028,P3,column_positional_ablation,oracle_target,pacc,replace,0.1,0.10064374857132818,0.04675217722639804,0.8021739130434783,0.4,0.00049636552440294
2028,P3,column_positional_ablation,oracle_target,pcc,replace,0.05,0.44762983324432076,0.44762983324432076,0.8954022988505748,1.0,0.00010532561934429999
2028,P3,column_positional_ablation,oracle_target,pcc,replace,0.1,0.3977625920685238,0.3977625920685238,0.8021739130434783,0.0,0.00031390001483456
2028,P3,column_positional_ablation,source_only,acc,replace,0.05,0.95,0.95,0.9498777820661263,1.0,
2028,P3,column_positional_ablation,source_only,acc,replace,0.1,0.9,0.9,0.8997684589657834,0.0,
2028,P3,column_positional_ablation,source_only,cc,replace,0.05,0.9462899999999999,0.9462899999999999,0.9498777820661263,1.0,
2028,P3,column_positional_ablation,source_only,cc,replace,0.1,0.89644,0.89644,0.8997684589657834,0.0,
2028,P3,column_positional_ablation,source_only,dys,replace,0.05,0.9499940391390134,0.9499940391390134,0.9498777820661263,1.0,
2028,P3,column_positional_ablation,source_only,dys,replace,0.1,0.8999940391390134,0.8999940391390134,0.8997684589657834,0.0,
2028,P3,column_positional_ablation,source_only,emq,replace,0.05,0.9499999997950433,0.9499999997950433,0.9498777820661263,1.0,
2028,P3,column_positional_ablation,source_only,emq,replace,0.1,0.8999999997356116,0.8999999997356116,0.8997684589657834,0.0,
2028,P3,column_positional_ablation,source_only,hdy,replace,0.05,0.9499940391390134,0.9499940391390134,0.9498777820661263,1.0,
2028,P3,column_positional_ablation,source_only,hdy,replace,0.1,0.8999940391390134,0.8999940391390134,0.8997684589657834,0.0,
2028,P3,column_positional_ablation,source_only,kdey,replace,0.05,0.9499940391390134,0.9499940391390134,0.9498777820661263,1.0,
2028,P3,column_positional_ablation,source_only,kdey,replace,0.1,0.8999940391390134,0.8999940391390134,0.8997684589657834,0.0,
2028,P3,column_positional_ablation,source_only,median_sweep,replace,0.05,0.95,0.95,0.9498777820661263,1.0,
2028,P3,column_positional_ablation,source_only,median_sweep,replace,0.1,0.9,0.9,0.8997684589657834,0.0,
2028,P3,column_positional_ablation,source_only,pacc,replace,0.05,0.95,0.95,0.9498777820661263,1.0,
2028,P3,column_positional_ablation,source_only,pacc,replace,0.1,0.9,0.9,0.8997684589657834,0.0,
2028,P3,column_positional_ablation,source_only,pcc,replace,0.05,0.9115924565407438,0.9115924565407438,0.9498777820661263,1.0,
2028,P3,column_positional_ablation,source_only,pcc,replace,0.1,0.8617012975570587,0.8617012975570587,0.8997684589657834,0.0,
2028,P3,column_positional_ablation,target_real_anchor,acc,replace,0.05,0.07924820269595605,0.07924820269595605,0.8962264150943396,0.98,0.00010532561934429999
2028,P3,column_positional_ablation,target_real_anchor,acc,replace,0.1,0.03736238142785817,0.03719038941587615,0.8035714285714285,0.02,0.00032695445779556
2028,P3,column_positional_ablation,target_real_anchor,cc,replace,0.05,0.004509999999999954,0.0005099999999999541,0.8962264150943396,0.0,0.00234000890075652
2028,P3,column_positional_ablation,target_real_anchor,cc,replace,0.1,0.04641,-0.04641,0.8035714285714285,1.0,0.0020679424417742003
2028,P3,column_positional_ablation,target_real_anchor,dys,replace,0.05,0.9499940391390134,0.9499940391390134,0.8962264150943396,1.0,0.00010532561934429999
2028,P3,column_positional_ablation,target_real_anchor,dys,replace,0.1,0.8999940391390134,0.8999940391390134,0.8035714285714285,0.0,0.00032695445779556
2028,P3,column_positional_ablation,target_real_anchor,emq,replace,0.05,0.9499999997950433,0.9499999997950433,0.8962264150943396,1.0,0.00010532561934429999
2028,P3,column_positional_ablation,target_real_anchor,emq,replace,0.1,0.8999999997356116,0.8999999997356116,0.8035714285714285,0.0,0.00032695445779556
2028,P3,column_positional_ablation,target_real_anchor,hdy,replace,0.05,0.9499940391390134,0.9499940391390134,0.8962264150943396,1.0,0.00010532561934429999
2028,P3,column_positional_ablation,target_real_anchor,hdy,replace,0.1,0.8999940391390134,0.8999940391390134,0.8035714285714285,0.0,0.00032695445779556
2028,P3,column_positional_ablation,target_real_anchor,kdey,replace,0.05,0.9499940391390134,0.9499940391390134,0.8962264150943396,1.0,0.00010532561934429999
2028,P3,column_positional_ablation,target_real_anchor,kdey,replace,0.1,0.8999940391390134,0.8999940391390134,0.8035714285714285,0.0,0.00032695445779556
2028,P3,column_positional_ablation,target_real_anchor,median_sweep,replace,0.05,0.95,0.95,0.8962264150943396,1.0,0.00010532561934429999
2028,P3,column_positional_ablation,target_real_anchor,median_sweep,replace,0.1,0.9,0.9,0.8035714285714285,0.0,0.00032695445779556
2028,P3,column_positional_ablation,target_real_anchor,pacc,replace,0.05,0.95,0.95,0.8962264150943396,1.0,0.00010532561934429999
2028,P3,column_positional_ablation,target_real_anchor,pacc,replace,0.1,0.9,0.9,0.8035714285714285,0.0,0.00032695445779556
2028,P3,column_positional_ablation,target_real_anchor,pcc,replace,0.05,0.9115924565407438,0.9115924565407438,0.8962264150943396,1.0,0.00010532561934429999
2028,P3,column_positional_ablation,target_real_anchor,pcc,replace,0.1,0.8617012975570587,0.8617012975570587,0.8035714285714285,0.0,0.00032695445779556
2028,P3,datum_ta,oracle_target,cc,replace,0.05,0.05,-0.05,0.0,0.0,0.0
2028,P3,datum_ta,oracle_target,cc,replace,0.1,0.1,-0.1,0.0,1.0,0.0
2028,P3,datum_ta,oracle_target,dys,replace,0.05,0.9499940391390134,0.9499940391390134,0.0,1.0,0.0
2028,P3,datum_ta,oracle_target,dys,replace,0.1,0.8999940391390134,0.8999940391390134,0.0,0.0,0.0
2028,P3,datum_ta,oracle_target,emq,replace,0.05,0.45,0.45,0.0,1.0,0.0
2028,P3,datum_ta,oracle_target,emq,replace,0.1,0.4,0.4,0.0,0.0,0.0
2028,P3,datum_ta,oracle_target,hdy,replace,0.05,0.9499940391390134,0.9499940391390134,0.0,1.0,0.0
2028,P3,datum_ta,oracle_target,hdy,replace,0.1,0.8999940391390134,0.8999940391390134,0.0,0.0,0.0
2028,P3,datum_ta,oracle_target,pcc,replace,0.05,0.45,0.45,0.0,1.0,0.0
2028,P3,datum_ta,oracle_target,pcc,replace,0.1,0.4,0.4,0.0,0.0,0.0
2028,P3,datum_ta,source_only,acc,replace,0.05,0.95,0.95,0.95,1.0,
2028,P3,datum_ta,source_only,acc,replace,0.1,0.9,0.9,0.9,0.0,
2028,P3,datum_ta,source_only,cc,replace,0.05,0.95,0.95,0.95,1.0,
2028,P3,datum_ta,source_only,cc,replace,0.1,0.9,0.9,0.9,0.0,
2028,P3,datum_ta,source_only,dys,replace,0.05,0.9499940391390134,0.9499940391390134,0.95,1.0,
2028,P3,datum_ta,source_only,dys,replace,0.1,0.8999940391390134,0.8999940391390134,0.9,0.0,
2028,P3,datum_ta,source_only,emq,replace,0.05,0.9499999999885766,0.9499999999885766,0.95,1.0,
2028,P3,datum_ta,source_only,emq,replace,0.1,0.8999999999885793,0.8999999999885793,0.9,0.0,
2028,P3,datum_ta,source_only,hdy,replace,0.05,0.9499940391390134,0.9499940391390134,0.95,1.0,
2028,P3,datum_ta,source_only,hdy,replace,0.1,0.8999940391390134,0.8999940391390134,0.9,0.0,
2028,P3,datum_ta,source_only,kdey,replace,0.05,0.9499940391390134,0.9499940391390134,0.95,1.0,
2028,P3,datum_ta,source_only,kdey,replace,0.1,0.8999940391390134,0.8999940391390134,0.9,0.0,
2028,P3,datum_ta,source_only,median_sweep,replace,0.05,0.95,0.95,0.95,1.0,
2028,P3,datum_ta,source_only,median_sweep,replace,0.1,0.9,0.9,0.9,0.0,
2028,P3,datum_ta,source_only,pacc,replace,0.05,0.95,0.95,0.95,1.0,
2028,P3,datum_ta,source_only,pacc,replace,0.1,0.9,0.9,0.9,0.0,
2028,P3,datum_ta,source_only,pcc,replace,0.05,0.9233858488142037,0.9233858488142037,0.95,1.0,
2028,P3,datum_ta,source_only,pcc,replace,0.1,0.8733867205400775,0.8733867205400775,0.9,0.0,
2028,P3,datum_ta,target_real_anchor,cc,replace,0.05,0.007279999999999938,0.00573999999999994,0.925217391304348,0.0,0.00032072392820054
2028,P3,datum_ta,target_real_anchor,cc,replace,0.1,0.041159999999999995,-0.041159999999999995,0.8542372881355934,1.0,0.00015101616970776
2028,P3,datum_ta,target_real_anchor,dys,replace,0.05,0.9499940391390134,0.9499940391390134,0.925217391304348,1.0,0.00159887257083518
2028,P3,datum_ta,target_real_anchor,dys,replace,0.1,0.8999940391390134,0.8999940391390134,0.8542372881355934,0.0,0.0009402165850764
2028,P3,datum_ta,target_real_anchor,emq,replace,0.05,0.9499999999885766,0.9499999999885766,0.925217391304348,1.0,0.00159887257083518
2028,P3,datum_ta,target_real_anchor,emq,replace,0.1,0.8999999999885793,0.8999999999885793,0.8542372881355934,0.0,0.0009402165850764
2028,P3,datum_ta,target_real_anchor,hdy,replace,0.05,0.9499940391390134,0.9499940391390134,0.925217391304348,1.0,0.00159887257083518
2028,P3,datum_ta,target_real_anchor,hdy,replace,0.1,0.8999940391390134,0.8999940391390134,0.8542372881355934,0.0,0.0009402165850764
2028,P3,datum_ta,target_real_anchor,kdey,replace,0.05,0.9499940391390134,0.9499940391390134,0.925217391304348,1.0,0.00159887257083518
2028,P3,datum_ta,target_real_anchor,kdey,replace,0.1,0.8999940391390134,0.8999940391390134,0.8542372881355934,0.0,0.0009402165850764
2028,P3,datum_ta,target_real_anchor,median_sweep,replace,0.05,0.95,0.95,0.925217391304348,1.0,0.00159887257083518
2028,P3,datum_ta,target_real_anchor,median_sweep,replace,0.1,0.9,0.9,0.8542372881355934,0.0,0.0009402165850764
2028,P3,datum_ta,target_real_anchor,pacc,replace,0.05,0.95,0.95,0.925217391304348,1.0,0.00159887257083518
2028,P3,datum_ta,target_real_anchor,pacc,replace,0.1,0.9,0.9,0.8542372881355934,0.0,0.0009402165850764
2028,P3,datum_ta,target_real_anchor,pcc,replace,0.05,0.9233858488142037,0.9233858488142037,0.925217391304348,1.0,0.00159887257083518
2028,P3,datum_ta,target_real_anchor,pcc,replace,0.1,0.8733867205400775,0.8733867205400775,0.8542372881355934,0.0,0.0009402165850764
2028,P3,datum_transformer,oracle_target,cc,replace,0.05,0.05,-0.05,0.0,0.0,0.0
2028,P3,datum_transformer,oracle_target,cc,replace,0.1,0.1,-0.1,0.0,1.0,0.0
2028,P3,datum_transformer,oracle_target,dys,replace,0.05,0.9499940391390134,0.9499940391390134,0.0,1.0,0.0
2028,P3,datum_transformer,oracle_target,dys,replace,0.1,0.8999940391390134,0.8999940391390134,0.0,0.0,0.0
2028,P3,datum_transformer,oracle_target,emq,replace,0.05,0.45,0.45,0.0,1.0,0.0
2028,P3,datum_transformer,oracle_target,emq,replace,0.1,0.4,0.4,0.0,0.0,0.0
2028,P3,datum_transformer,oracle_target,hdy,replace,0.05,0.9499940391390134,0.9499940391390134,0.0,1.0,0.0
2028,P3,datum_transformer,oracle_target,hdy,replace,0.1,0.8999940391390134,0.8999940391390134,0.0,0.0,0.0
2028,P3,datum_transformer,oracle_target,pcc,replace,0.05,0.45,0.45,0.0,1.0,0.0
2028,P3,datum_transformer,oracle_target,pcc,replace,0.1,0.4,0.4,0.0,0.0,0.0
2028,P3,datum_transformer,source_only,acc,replace,0.05,0.95,0.95,0.95,1.0,
2028,P3,datum_transformer,source_only,acc,replace,0.1,0.9,0.9,0.9,0.0,
2028,P3,datum_transformer,source_only,cc,replace,0.05,0.95,0.95,0.95,1.0,
2028,P3,datum_transformer,source_only,cc,replace,0.1,0.9,0.9,0.9,0.0,
2028,P3,datum_transformer,source_only,dys,replace,0.05,0.9499940391390134,0.9499940391390134,0.95,1.0,
2028,P3,datum_transformer,source_only,dys,replace,0.1,0.8999940391390134,0.8999940391390134,0.9,0.0,
2028,P3,datum_transformer,source_only,emq,replace,0.05,0.9499999999456827,0.9499999999456827,0.95,1.0,
2028,P3,datum_transformer,source_only,emq,replace,0.1,0.8999999999456815,0.8999999999456815,0.9,0.0,
2028,P3,datum_transformer,source_only,hdy,replace,0.05,0.9499940391390134,0.9499940391390134,0.95,1.0,
2028,P3,datum_transformer,source_only,hdy,replace,0.1,0.8999940391390134,0.8999940391390134,0.9,0.0,
2028,P3,datum_transformer,source_only,kdey,replace,0.05,0.9499940391390134,0.9499940391390134,0.95,1.0,
2028,P3,datum_transformer,source_only,kdey,replace,0.1,0.8999940391390134,0.8999940391390134,0.9,0.0,
2028,P3,datum_transformer,source_only,median_sweep,replace,0.05,0.95,0.95,0.95,1.0,
2028,P3,datum_transformer,source_only,median_sweep,replace,0.1,0.9,0.9,0.9,0.0,
2028,P3,datum_transformer,source_only,pacc,replace,0.05,0.95,0.95,0.95,1.0,
2028,P3,datum_transformer,source_only,pacc,replace,0.1,0.9,0.9,0.9,0.0,
2028,P3,datum_transformer,source_only,pcc,replace,0.05,0.9169650729068383,0.9169650729068383,0.95,1.0,
2028,P3,datum_transformer,source_only,pcc,replace,0.1,0.86696496282559,0.86696496282559,0.9,0.0,
2028,P3,datum_transformer,target_real_anchor,acc,replace,0.05,0.17459859620148635,0.17459859620148635,0.973536036036036,1.0,0.0010378282153982801
2028,P3,datum_transformer,target_real_anchor,acc,replace,0.1,0.11803038810900078,0.11803038810900078,0.9457274826789841,0.0,0.00082421005785492
2028,P3,datum_transformer,target_real_anchor,cc,replace,0.05,0.005039999999999937,0.0026599999999999367,0.973536036036036,0.0,0.0011458240617119
2028,P3,datum_transformer,target_real_anchor,cc,replace,0.1,0.04888,-0.04888,0.9457274826789841,1.0,0.00022192553033674
2028,P3,datum_transformer,target_real_anchor,dys,replace,0.05,0.9499940391390134,0.9499940391390134,0.973536036036036,1.0,0.0010378282153982801
2028,P3,datum_transformer,target_real_anchor,dys,replace,0.1,0.8999940391390134,0.8999940391390134,0.9457274826789841,0.0,0.00082421005785492
2028,P3,datum_transformer,target_real_anchor,emq,replace,0.05,0.9499999999456827,0.9499999999456827,0.973536036036036,1.0,0.0010378282153982801
2028,P3,datum_transformer,target_real_anchor,emq,replace,0.1,0.8999999999456815,0.8999999999456815,0.9457274826789841,0.0,0.00082421005785492
2028,P3,datum_transformer,target_real_anchor,hdy,replace,0.05,0.9499940391390134,0.9499940391390134,0.973536036036036,1.0,0.0010378282153982801
2028,P3,datum_transformer,target_real_anchor,hdy,replace,0.1,0.8999940391390134,0.8999940391390134,0.9457274826789841,0.0,0.00082421005785492
2028,P3,datum_transformer,target_real_anchor,kdey,replace,0.05,0.9499940391390134,0.9499940391390134,0.973536036036036,1.0,0.0010378282153982801
2028,P3,datum_transformer,target_real_anchor,kdey,replace,0.1,0.8999940391390134,0.8999940391390134,0.9457274826789841,0.0,0.00082421005785492
2028,P3,datum_transformer,target_real_anchor,median_sweep,replace,0.05,0.95,0.95,0.973536036036036,1.0,0.0010378282153982801
2028,P3,datum_transformer,target_real_anchor,median_sweep,replace,0.1,0.9,0.9,0.9457274826789841,0.0,0.00082421005785492
2028,P3,datum_transformer,target_real_anchor,pacc,replace,0.05,0.95,0.95,0.973536036036036,1.0,0.0010378282153982801
2028,P3,datum_transformer,target_real_anchor,pacc,replace,0.1,0.9,0.9,0.9457274826789841,0.0,0.00082421005785492
2028,P3,datum_transformer,target_real_anchor,pcc,replace,0.05,0.9169650729068383,0.9169650729068383,0.973536036036036,1.0,0.0010378282153982801
2028,P3,datum_transformer,target_real_anchor,pcc,replace,0.1,0.86696496282559,0.86696496282559,0.9457274826789841,0.0,0.00082421005785492
2028,P3,flat_transformer,oracle_target,acc,replace,0.05,0.02301176859504128,-0.00976099173553719,0.7734674329501917,0.02,0.0003162735499183746
2028,P3,flat_transformer,oracle_target,acc,replace,0.1,0.028695867768594986,-0.015990214876033065,0.6179321486268173,0.68,0.0011683726450080999
2028,P3,flat_transformer,oracle_target,cc,replace,0.05,0.008489999999999925,0.008109999999999925,0.7734674329501917,0.0,0.0003162735499183746
2028,P3,flat_transformer,oracle_target,cc,replace,0.1,0.03264,-0.03264,0.6179321486268173,1.0,0.0012078326657765201
2028,P3,flat_transformer,oracle_target,dys,replace,0.05,0.04590248204216944,-0.045059097916528984,0.7734674329501917,0.0,0.0003162735499183746
2028,P3,flat_transformer,oracle_target,dys,replace,0.1,0.07178967700155946,-0.07098003004551544,0.6179321486268173,0.94,0.0012078326657765201
2028,P3,flat_transformer,oracle_target,emq,replace,0.05,0.0499938926498611,-0.0499938926498611,0.7734674329501917,0.0,0.0003162735499183746
2028,P3,flat_transformer,oracle_target,emq,replace,0.1,0.09995770774405345,-0.09995770774405345,0.6179321486268173,1.0,0.0012078326657765201
2028,P3,flat_transformer,oracle_target,hdy,replace,0.05,0.045143971789405234,-0.04379478974856471,0.7734674329501917,0.0,0.0003162735499183746
2028,P3,flat_transformer,oracle_target,hdy,replace,0.1,0.0684093478246539,-0.06667038096333334,0.6179321486268173,0.93,0.0012078326657765201
2028,P3,flat_transformer,oracle_target,kdey,replace,0.05,0.5509254266452102,0.5509254266452102,0.7734674329501917,1.0,0.0007399495623793999
2028,P3,flat_transformer,oracle_target,kdey,replace,0.1,0.5301646645298939,0.5301646645298939,0.6179321486268173,0.0,0.0009642486278000399
2028,P3,flat_transformer,oracle_target,pacc,replace,0.05,0.04527876392234866,-0.04235426379689153,0.7734674329501917,0.0,0.0003162735499183746
2028,P3,flat_transformer,oracle_target,pacc,replace,0.1,0.08440927163184281,-0.08290160534254673,0.6179321486268173,0.98,0.0012078326657765201
2028,P3,flat_transformer,oracle_target,pcc,replace,0.05,0.4326284709060777,0.4326284709060777,0.7734674329501917,1.0,0.0007399495623793999
2028,P3,flat_transformer,oracle_target,pcc,replace,0.1,0.3843138496314134,0.3843138496314134,0.6179321486268173,0.0,0.0009642486278000399
2028,P3,flat_transformer,source_only,acc,replace,0.05,0.95,0.95,0.9482037761977044,1.0,0.11324684764871673
2028,P3,flat_transformer,source_only,acc,replace,0.1,0.9,0.9,0.8966030514060922,0.0,0.077690847055333
2028,P3,flat_transformer,source_only,cc,replace,0.05,0.9141800000000001,0.9141800000000001,0.9482037761977044,1.0,0.11324684764871673
2028,P3,flat_transformer,source_only,cc,replace,0.1,0.8655700000000001,0.8655700000000001,0.8966030514060922,0.0,0.077690847055333
2028,P3,flat_transformer,source_only,dys,replace,0.05,0.9499940391390134,0.9499940391390134,0.9482037761977044,1.0,0.11324684764871673
2028,P3,flat_transformer,source_only,dys,replace,0.1,0.8999940391390134,0.8999940391390134,0.8966030514060922,0.0,0.077690847055333
2028,P3,flat_transformer,source_only,emq,replace,0.05,0.9499999983439076,0.9499999983439076,0.9482037761977044,1.0,0.11324684764871673
2028,P3,flat_transformer,source_only,emq,replace,0.1,0.8999999983590695,0.8999999983590695,0.8966030514060922,0.0,0.077690847055333
2028,P3,flat_transformer,source_only,hdy,replace,0.05,0.9499940391390134,0.9499940391390134,0.9482037761977044,1.0,0.11324684764871673
2028,P3,flat_transformer,source_only,hdy,replace,0.1,0.8999940391390134,0.8999940391390134,0.8966030514060922,0.0,0.077690847055333
2028,P3,flat_transformer,source_only,kdey,replace,0.05,0.9499940391390134,0.9499940391390134,0.9482037761977044,1.0,0.11324684764871673
2028,P3,flat_transformer,source_only,kdey,replace,0.1,0.8999940391390134,0.8999940391390134,0.8966030514060922,0.0,0.077690847055333
2028,P3,flat_transformer,source_only,median_sweep,replace,0.05,0.95,0.95,0.9482037761977044,1.0,0.11324684764871673
2028,P3,flat_transformer,source_only,median_sweep,replace,0.1,0.9,0.9,0.8966030514060922,0.0,0.077690847055333
2028,P3,flat_transformer,source_only,pacc,replace,0.05,0.95,0.95,0.9482037761977044,1.0,0.11324684764871673
2028,P3,flat_transformer,source_only,pacc,replace,0.1,0.9,0.9,0.8966030514060922,0.0,0.077690847055333
2028,P3,flat_transformer,source_only,pcc,replace,0.05,0.8551675184867485,0.8551675184867485,0.9482037761977044,1.0,0.11324684764871673
2028,P3,flat_transformer,source_only,pcc,replace,0.1,0.8059055404905415,0.8059055404905415,0.8966030514060922,0.0,0.077690847055333
2028,P3,flat_transformer,target_real_anchor,acc,replace,0.05,0.1329573702422145,0.1329573702422145,0.7744838538909476,1.0,0.00058359293873306
2028,P3,flat_transformer,target_real_anchor,acc,replace,0.1,0.11323249134948092,0.11323249134948092,0.6193029490616622,0.0,0.00100370864856842
2028,P3,flat_transformer,target_real_anchor,cc,replace,0.05,0.004819999999999943,0.001959999999999943,0.7744838538909476,0.0,0.00027206645898234
2028,P3,flat_transformer,target_real_anchor,cc,replace,0.1,0.03957,-0.03957,0.6193029490616622,1.0,0.0012176234979973
2028,P3,flat_transformer,target_real_anchor,dys,replace,0.05,0.9499940391390134,0.9499940391390134,0.7744838538909476,1.0,0.00058359293873306
2028,P3,flat_transformer,target_real_anchor,dys,replace,0.1,0.8999940391390134,0.8999940391390134,0.6193029490616622,0.0,0.00100370864856842
2028,P3,flat_transformer,target_real_anchor,emq,replace,0.05,0.9499999983439076,0.9499999983439076,0.7744838538909476,1.0,0.00058359293873306
2028,P3,flat_transformer,target_real_anchor,emq,replace,0.1,0.8999999983590695,0.8999999983590695,0.6193029490616622,0.0,0.00100370864856842
2028,P3,flat_transformer,target_real_anchor,hdy,replace,0.05,0.9499940391390134,0.9499940391390134,0.7744838538909476,1.0,0.00058359293873306
2028,P3,flat_transformer,target_real_anchor,hdy,replace,0.1,0.8999940391390134,0.8999940391390134,0.6193029490616622,0.0,0.00100370864856842
2028,P3,flat_transformer,target_real_anchor,kdey,replace,0.05,0.9499940391390134,0.9499940391390134,0.7744838538909476,1.0,0.00058359293873306
2028,P3,flat_transformer,target_real_anchor,kdey,replace,0.1,0.8999940391390134,0.8999940391390134,0.6193029490616622,0.0,0.00100370864856842
2028,P3,flat_transformer,target_real_anchor,median_sweep,replace,0.05,0.95,0.95,0.7744838538909476,1.0,0.00058359293873306
2028,P3,flat_transformer,target_real_anchor,median_sweep,replace,0.1,0.9,0.9,0.6193029490616622,0.0,0.00100370864856842
2028,P3,flat_transformer,target_real_anchor,pacc,replace,0.05,0.95,0.95,0.7744838538909476,1.0,0.00058359293873306
2028,P3,flat_transformer,target_real_anchor,pacc,replace,0.1,0.9,0.9,0.6193029490616622,0.0,0.00100370864856842
2028,P3,flat_transformer,target_real_anchor,pcc,replace,0.05,0.8551675184867485,0.8551675184867485,0.7744838538909476,1.0,0.00058359293873306
2028,P3,flat_transformer,target_real_anchor,pcc,replace,0.1,0.8059055404905415,0.8059055404905415,0.6193029490616622,0.0,0.00100370864856842
2028,P4,char3gram,oracle_target,acc,replace,0.05,0.04714631578947368,-0.039442315789473686,0.9011185682326622,0.03,0.00256786826880282
2028,P4,char3gram,oracle_target,acc,replace,0.1,0.08065021052631577,-0.06513421052631578,0.8119148936170213,0.86,0.00103604806408538
2028,P4,char3gram,oracle_target,cc,replace,0.05,0.006529999999999983,-0.005170000000000017,0.9011185682326622,0.0,0.00254383622607918
2028,P4,char3gram,oracle_target,cc,replace,0.1,0.05038,-0.05038,0.8119148936170213,1.0,0.00173891114078022
2028,P4,char3gram,oracle_target,dys,replace,0.05,0.03856888441141576,-0.001414218424016082,0.9011185682326622,0.15,0.00254383622607918
2028,P4,char3gram,oracle_target,dys,replace,0.1,0.0580357300782213,1.5819052456032684e-05,0.8119148936170213,0.45,0.00053434208574388
2028,P4,char3gram,oracle_target,emq,replace,0.05,0.04954337878899326,-0.04954337878899326,0.9011185682326622,0.0,0.00254383622607918
2028,P4,char3gram,oracle_target,emq,replace,0.1,0.09186353811228556,-0.09186353811228556,0.8119148936170213,1.0,0.00173891114078022
2028,P4,char3gram,oracle_target,hdy,replace,0.05,0.032897605660827466,-0.015192192135986852,0.9011185682326622,0.04,0.00254383622607918
2028,P4,char3gram,oracle_target,hdy,replace,0.1,0.05079796329846901,-0.005753038917851128,0.8119148936170213,0.51,0.00031924046877314
2028,P4,char3gram,oracle_target,kdey,replace,0.05,0.03513664360234573,0.00821919343284959,0.9011185682326622,0.15,0.00254383622607918
2028,P4,char3gram,oracle_target,kdey,replace,0.1,0.05180108574300645,0.024563783516417522,0.8119148936170213,0.36,0.00031924046877314
2028,P4,char3gram,oracle_target,pacc,replace,0.05,0.03825976070383464,-0.02608991263246024,0.9011185682326622,0.03,0.00254383622607918
2028,P4,char3gram,oracle_target,pacc,replace,0.1,0.04984971262768861,-0.02023572756907117,0.8119148936170213,0.62,0.00053434208574388
2028,P4,char3gram,oracle_target,pcc,replace,0.05,0.4282890815382029,0.4282890815382029,0.9011185682326622,1.0,2.4032042723639997e-05
2028,P4,char3gram,oracle_target,pcc,replace,0.1,0.38138872914208394,0.38138872914208394,0.8119148936170213,0.0,0.00031924046877314
2028,P4,char3gram,source_only,acc,replace,0.05,0.95,0.95,0.95,1.0,
2028,P4,char3gram,source_only,acc,replace,0.1,0.9,0.9,0.9,0.0,
2028,P4,char3gram,source_only,cc,replace,0.05,0.94938,0.94938,0.95,1.0,
2028,P4,char3gram,source_only,cc,replace,0.1,0.89951,0.89951,0.9,0.0,
2028,P4,char3gram,source_only,dys,replace,0.05,0.9499940391390134,0.9499940391390134,0.95,1.0,
2028,P4,char3gram,source_only,dys,replace,0.1,0.8999940391390134,0.8999940391390134,0.9,0.0,
2028,P4,char3gram,source_only,emq,replace,0.05,0.9499999997672641,0.9499999997672641,0.95,1.0,
2028,P4,char3gram,source_only,emq,replace,0.1,0.8999999997892835,0.8999999997892835,0.9,0.0,
2028,P4,char3gram,source_only,hdy,replace,0.05,0.9499940391390134,0.9499940391390134,0.95,1.0,
2028,P4,char3gram,source_only,hdy,replace,0.1,0.8999940391390134,0.8999940391390134,0.9,0.0,
2028,P4,char3gram,source_only,kdey,replace,0.05,0.9499940391390134,0.9499940391390134,0.95,1.0,
2028,P4,char3gram,source_only,kdey,replace,0.1,0.8999940391390134,0.8999940391390134,0.9,0.0,
2028,P4,char3gram,source_only,median_sweep,replace,0.05,0.95,0.95,0.95,1.0,
2028,P4,char3gram,source_only,median_sweep,replace,0.1,0.9,0.9,0.9,0.0,
2028,P4,char3gram,source_only,pacc,replace,0.05,0.95,0.95,0.95,1.0,
2028,P4,char3gram,source_only,pacc,replace,0.1,0.9,0.9,0.9,0.0,
2028,P4,char3gram,source_only,pcc,replace,0.05,0.9100228475370429,0.9100228475370429,0.95,1.0,
2028,P4,char3gram,source_only,pcc,replace,0.1,0.8605530850779117,0.8605530850779117,0.9,0.0,
2028,P4,char3gram,target_real_anchor,acc,replace,0.05,0.95,0.95,0.9006772009029345,1.0,0.0
2028,P4,char3gram,target_real_anchor,acc,replace,0.1,0.9,0.9,0.8111587982832618,0.0,0.0004026108885921807
2028,P4,char3gram,target_real_anchor,cc,replace,0.05,0.01695999999999994,0.01695999999999994,0.9006772009029345,0.0,0.0056199376947039794
2028,P4,char3gram,target_real_anchor,cc,replace,0.1,0.02702,-0.02702,0.8111587982832618,1.0,0.0034167037531522802
2028,P4,char3gram,target_real_anchor,dys,replace,0.05,0.9499940391390134,0.9499940391390134,0.9006772009029345,1.0,0.0
2028,P4,char3gram,target_real_anchor,dys,replace,0.1,0.8999940391390134,0.8999940391390134,0.8111587982832618,0.0,0.0004026108885921807
2028,P4,char3gram,target_real_anchor,emq,replace,0.05,0.9499999997672641,0.9499999997672641,0.9006772009029345,1.0,0.0
2028,P4,char3gram,target_real_anchor,emq,replace,0.1,0.8999999997892835,0.8999999997892835,0.8111587982832618,0.0,0.0004026108885921807
2028,P4,char3gram,target_real_anchor,hdy,replace,0.05,0.9499940391390134,0.9499940391390134,0.9006772009029345,1.0,0.0
2028,P4,char3gram,target_real_anchor,hdy,replace,0.1,0.8999940391390134,0.8999940391390134,0.8111587982832618,0.0,0.0004026108885921807
2028,P4,char3gram,target_real_anchor,kdey,replace,0.05,0.9499940391390134,0.9499940391390134,0.9006772009029345,1.0,0.0
2028,P4,char3gram,target_real_anchor,kdey,replace,0.1,0.8999940391390134,0.8999940391390134,0.8111587982832618,0.0,0.0004026108885921807
2028,P4,char3gram,target_real_anchor,median_sweep,replace,0.05,0.95,0.95,0.9006772009029345,1.0,0.0
2028,P4,char3gram,target_real_anchor,median_sweep,replace,0.1,0.9,0.9,0.8111587982832618,0.0,0.0004026108885921807
2028,P4,char3gram,target_real_anchor,pacc,replace,0.05,0.95,0.95,0.9006772009029345,1.0,0.0
2028,P4,char3gram,target_real_anchor,pacc,replace,0.1,0.9,0.9,0.8111587982832618,0.0,0.0004026108885921807
2028,P4,char3gram,target_real_anchor,pcc,replace,0.05,0.9100228475370429,0.9100228475370429,0.9006772009029345,1.0,0.0
2028,P4,char3gram,target_real_anchor,pcc,replace,0.1,0.8605530850779117,0.8605530850779117,0.8111587982832618,0.0,0.0004026108885921807
2028,P4,column_positional_ablation,oracle_target,acc,replace,0.05,0.09232953642384104,0.06585509933774833,0.9309413580246914,0.52,0.0009440735795875801
2028,P4,column_positional_ablation,oracle_target,acc,replace,0.1,0.10107867549668872,0.047250066225165546,0.8645990922844176,0.42,0.00178727191811302
2028,P4,column_positional_ablation,oracle_target,cc,replace,0.05,0.006799999999999938,0.005119999999999938,0.9309413580246914,0.0,0.00215220293724958
2028,P4,column_positional_ablation,oracle_target,cc,replace,0.1,0.04303,-0.04303,0.8645990922844176,1.0,0.0019284972556
2028,P4,column_positional_ablation,oracle_target,dys,replace,0.05,0.04519744882256032,-0.04224861213651615,0.9309413580246914,0.01,0.00215220293724958
2028,P4,column_positional_ablation,oracle_target,dys,replace,0.1,0.07336317215436378,-0.0634398196150157,0.8645990922844176,0.88,0.0006826880284823801
2028,P4,column_positional_ablation,oracle_target,emq,replace,0.05,0.04884378929727793,-0.04884378929727793,0.9309413580246914,0.0,0.00215220293724958
2028,P4,column_positional_ablation,oracle_target,emq,replace,0.1,0.09522332368307879,-0.09522332368307879,0.8645990922844176,1.0,0.0019284972556
2028,P4,column_positional_ablation,oracle_target,hdy,replace,0.05,0.04384309833458321,-0.029012589247854405,0.9309413580246914,0.06,0.00215220293724958
2028,P4,column_positional_ablation,oracle_target,hdy,replace,0.1,0.061906743833889895,-0.03855959101906924,0.8645990922844176,0.75,0.0006826880284823801
2028,P4,column_positional_ablation,oracle_target,kdey,replace,0.05,0.654220897786527,0.654220897786527,0.9309413580246914,1.0,0.0
2028,P4,column_positional_ablation,oracle_target,kdey,replace,0.1,0.6240550254185824,0.6240550254185824,0.8645990922844176,0.0,0.00178727191811302
2028,P4,column_positional_ablation,oracle_target,pacc,replace,0.05,0.04430598869749423,-0.02905328165129485,0.9309413580246914,0.07,0.00215220293724958
2028,P4,column_positional_ablation,oracle_target,pacc,replace,0.1,0.06943528623895762,-0.05778056771396857,0.8645990922844176,0.88,0.0006826880284823801
2028,P4,column_positional_ablation,oracle_target,pcc,replace,0.05,0.42850010834558305,0.42850010834558305,0.9309413580246914,1.0,0.0
2028,P4,column_positional_ablation,oracle_target,pcc,replace,0.1,0.3807385588170223,0.3807385588170223,0.8645990922844176,0.0,0.00178727191811302
2028,P4,column_positional_ablation,source_only,acc,replace,0.05,0.95,0.95,0.9469711420552087,1.0,0.20081441922563417
2028,P4,column_positional_ablation,source_only,acc,replace,0.1,0.9,0.9,0.8942793502471885,0.0,0.15473668595163922
2028,P4,column_positional_ablation,source_only,cc,replace,0.05,0.8992,0.8992,0.9469711420552087,1.0,0.20081441922563417
2028,P4,column_positional_ablation,source_only,cc,replace,0.1,0.8511,0.8511,0.8942793502471885,0.0,0.15473668595163922
2028,P4,column_positional_ablation,source_only,dys,replace,0.05,0.9499940391390134,0.9499940391390134,0.9469711420552087,1.0,0.20081441922563417
2028,P4,column_positional_ablation,source_only,dys,replace,0.1,0.8999940391390134,0.8999940391390134,0.8942793502471885,0.0,0.15473668595163922
2028,P4,column_positional_ablation,source_only,emq,replace,0.05,0.9499999981397658,0.9499999981397658,0.9469711420552087,1.0,0.20081441922563417
2028,P4,column_positional_ablation,source_only,emq,replace,0.1,0.8999999981362619,0.8999999981362619,0.8942793502471885,0.0,0.15473668595163922
2028,P4,column_positional_ablation,source_only,hdy,replace,0.05,0.9499940391390134,0.9499940391390134,0.9469711420552087,1.0,0.20081441922563417
2028,P4,column_positional_ablation,source_only,hdy,replace,0.1,0.8999940391390134,0.8999940391390134,0.8942793502471885,0.0,0.15473668595163922
2028,P4,column_positional_ablation,source_only,kdey,replace,0.05,0.9499940391390134,0.9499940391390134,0.9469711420552087,1.0,0.20081441922563417
2028,P4,column_positional_ablation,source_only,kdey,replace,0.1,0.8999940391390134,0.8999940391390134,0.8942793502471885,0.0,0.15473668595163922
2028,P4,column_positional_ablation,source_only,median_sweep,replace,0.05,0.95,0.95,0.9469711420552087,1.0,0.20081441922563417
2028,P4,column_positional_ablation,source_only,median_sweep,replace,0.1,0.9,0.9,0.8942793502471885,0.0,0.15473668595163922
2028,P4,column_positional_ablation,source_only,pacc,replace,0.05,0.95,0.95,0.9469711420552087,1.0,0.20081441922563417
2028,P4,column_positional_ablation,source_only,pacc,replace,0.1,0.9,0.9,0.8942793502471885,0.0,0.15473668595163922
2028,P4,column_positional_ablation,source_only,pcc,replace,0.05,0.8617171660722164,0.8617171660722164,0.9469711420552087,1.0,0.20081441922563417
2028,P4,column_positional_ablation,source_only,pcc,replace,0.1,0.8132227318041313,0.8132227318041313,0.8942793502471885,0.0,0.15473668595163922
2028,P4,column_positional_ablation,target_real_anchor,acc,replace,0.05,0.03854948165869214,0.03854948165869214,0.9261306532663316,0.17,0.0023207239282005
2028,P4,column_positional_ablation,target_real_anchor,acc,replace,0.1,0.013044397926634725,-0.00797011562998403,0.8558823529411765,0.74,0.00111200118676752
2028,P4,column_positional_ablation,target_real_anchor,cc,replace,0.05,0.006179999999999983,-0.005260000000000017,0.9261306532663316,0.0,0.00237531523512824
2028,P4,column_positional_ablation,target_real_anchor,cc,replace,0.1,0.05357,-0.05357,0.8558823529411765,1.0,0.00207239282005632
2028,P4,column_positional_ablation,target_real_anchor,dys,replace,0.05,0.9499940391390134,0.9499940391390134,0.9261306532663316,1.0,0.0
2028,P4,column_positional_ablation,target_real_anchor,dys,replace,0.1,0.8999940391390134,0.8999940391390134,0.8558823529411765,0.0,0.0014172971369232799
2028,P4,column_positional_ablation,target_real_anchor,emq,replace,0.05,0.9499999981397658,0.9499999981397658,0.9261306532663316,1.0,0.0
2028,P4,column_positional_ablation,target_real_anchor,emq,replace,0.1,0.8999999981362619,0.8999999981362619,0.8558823529411765,0.0,0.0014172971369232799
2028,P4,column_positional_ablation,target_real_anchor,hdy,replace,0.05,0.9499940391390134,0.9499940391390134,0.9261306532663316,1.0,0.0
2028,P4,column_positional_ablation,target_real_anchor,hdy,replace,0.1,0.8999940391390134,0.8999940391390134,0.8558823529411765,0.0,0.0014172971369232799
2028,P4,column_positional_ablation,target_real_anchor,kdey,replace,0.05,0.9499940391390134,0.9499940391390134,0.9261306532663316,1.0,0.0
2028,P4,column_positional_ablation,target_real_anchor,kdey,replace,0.1,0.8999940391390134,0.8999940391390134,0.8558823529411765,0.0,0.0014172971369232799
2028,P4,column_positional_ablation,target_real_anchor,median_sweep,replace,0.05,0.95,0.95,0.9261306532663316,1.0,0.0
2028,P4,column_positional_ablation,target_real_anchor,median_sweep,replace,0.1,0.9,0.9,0.8558823529411765,0.0,0.0014172971369232799
2028,P4,column_positional_ablation,target_real_anchor,pacc,replace,0.05,0.95,0.95,0.9261306532663316,1.0,0.0
2028,P4,column_positional_ablation,target_real_anchor,pacc,replace,0.1,0.9,0.9,0.8558823529411765,0.0,0.0014172971369232799
2028,P4,column_positional_ablation,target_real_anchor,pcc,replace,0.05,0.8617171660722164,0.8617171660722164,0.9261306532663316,1.0,0.0
2028,P4,column_positional_ablation,target_real_anchor,pcc,replace,0.1,0.8132227318041313,0.8132227318041313,0.8558823529411765,0.0,0.0014172971369232799
2028,P4,datum_ta,oracle_target,acc,replace,0.05,0.46072599999999997,0.41472599999999993,0.9585101367279585,0.54,0.0013265094199673
2028,P4,datum_ta,oracle_target,acc,replace,0.1,0.59329,0.5392899999999999,0.9162702188392008,0.27,0.00153271028037382
2028,P4,datum_ta,oracle_target,cc,replace,0.05,0.004669999999999962,-0.001190000000000038,0.9585101367279585,0.0,0.00027622014537902
2028,P4,datum_ta,oracle_target,cc,replace,0.1,0.05357,-0.05357,0.9162702188392008,1.0,0.00042308262869010006
2028,P4,datum_ta,oracle_target,dys,replace,0.05,0.41887664692267057,0.40157800204360433,0.9585101367279585,0.77,0.00148583296246842
2028,P4,datum_ta,oracle_target,dys,replace,0.1,0.35950138054206726,0.3222389536718315,0.9162702188392008,0.22,0.0013208722741433001
2028,P4,datum_ta,oracle_target,emq,replace,0.05,0.4646628082013834,0.4646628082013834,0.9585101367279585,1.0,0.00246313603322938
2028,P4,datum_ta,oracle_target,emq,replace,0.1,0.40714963574397445,0.40714963574397445,0.9162702188392008,0.0,0.0018406764574988798
2028,P4,datum_ta,oracle_target,hdy,replace,0.05,0.41887659435850816,0.4015779536508898,0.9585101367279585,0.77,0.00148583296246842
2028,P4,datum_ta,oracle_target,hdy,replace,0.1,0.3595015774242378,0.32223898777554694,0.9162702188392008,0.22,0.0013208722741433001
2028,P4,datum_ta,oracle_target,kdey,replace,0.05,0.1615249875409322,0.11952619765105514,0.9585101367279585,0.49,0.0015751372199969403
2028,P4,datum_ta,oracle_target,kdey,replace,0.1,0.19131718928241562,0.13371265004359675,0.9162702188392008,0.35,0.0017439549028334
2028,P4,datum_ta,oracle_target,pacc,replace,0.05,0.5764012126628668,0.5414136512784415,0.9585101367279585,0.64,0.0014128467586411
2028,P4,datum_ta,oracle_target,pacc,replace,0.1,0.48514189850633854,0.39476893768350907,0.9162702188392008,0.46,0.00127221480492508
2028,P4,datum_ta,oracle_target,pcc,replace,0.05,0.45002969528051845,0.45002969528051845,0.9585101367279585,1.0,0.00246313603322938
2028,P4,datum_ta,oracle_target,pcc,replace,0.1,0.4000144570578625,0.4000144570578625,0.9162702188392008,0.0,0.0018406764574988798
2028,P4,datum_ta,source_only,acc,replace,0.05,0.95,0.95,0.949867558901436,1.0,0.08423082628690096
2028,P4,datum_ta,source_only,acc,replace,0.1,0.9,0.9,0.8997490939503764,0.0,0.07820175048212434
2028,P4,datum_ta,source_only,cc,replace,0.05,0.8682099999999999,0.8682099999999999,0.949867558901436,1.0,0.08423082628690096
2028,P4,datum_ta,source_only,cc,replace,0.1,0.8203,0.8203,0.8997490939503764,0.0,0.07820175048212434
2028,P4,datum_ta,source_only,dys,replace,0.05,0.9499941024463514,0.9499941024463514,0.949867558901436,1.0,0.08423082628690096
2028,P4,datum_ta,source_only,dys,replace,0.1,0.8999941221088625,0.8999941221088625,0.8997490939503764,0.0,0.07820175048212434
2028,P4,datum_ta,source_only,emq,replace,0.05,0.9499999971454681,0.9499999971454681,0.949867558901436,1.0,0.08423082628690096
2028,P4,datum_ta,source_only,emq,replace,0.1,0.8999999973894394,0.8999999973894394,0.8997490939503764,0.0,0.07820175048212434
2028,P4,datum_ta,source_only,hdy,replace,0.05,0.9499940391390134,0.9499940391390134,0.949867558901436,1.0,0.08423082628690096
2028,P4,datum_ta,source_only,hdy,replace,0.1,0.8999940391390134,0.8999940391390134,0.8997490939503764,0.0,0.07820175048212434
2028,P4,datum_ta,source_only,kdey,replace,0.05,0.9499940391390134,0.9499940391390134,0.949867558901436,1.0,0.08423082628690096
2028,P4,datum_ta,source_only,kdey,replace,0.1,0.8999940391390134,0.8999940391390134,0.8997490939503764,0.0,0.07820175048212434
2028,P4,datum_ta,source_only,median_sweep,replace,0.05,0.95,0.95,0.949867558901436,1.0,0.08423082628690096
2028,P4,datum_ta,source_only,median_sweep,replace,0.1,0.9,0.9,0.8997490939503764,0.0,0.07820175048212434
2028,P4,datum_ta,source_only,pacc,replace,0.05,0.95,0.95,0.949867558901436,1.0,0.08423082628690096
2028,P4,datum_ta,source_only,pacc,replace,0.1,0.9,0.9,0.8997490939503764,0.0,0.07820175048212434
2028,P4,datum_ta,source_only,pcc,replace,0.05,0.8376243207634952,0.8376243207634952,0.949867558901436,1.0,0.08423082628690096
2028,P4,datum_ta,source_only,pcc,replace,0.1,0.7889449965665399,0.7889449965665399,0.8997490939503764,0.0,0.07820175048212434
2028,P4,datum_ta,target_real_anchor,acc,replace,0.05,0.7710948529411763,0.7710948529411763,0.9406910778751936,1.0,0.0
2028,P4,datum_ta,target_real_anchor,acc,replace,0.1,0.7571172794117647,0.7571172794117647,0.8825331971399387,0.0,0.00032428423082628
2028,P4,datum_ta,target_real_anchor,cc,replace,0.05,0.007109999999999992,-0.006410000000000008,0.9406910778751936,0.0,0.00464441477525582
2028,P4,datum_ta,target_real_anchor,cc,replace,0.1,0.05448,-0.05448,0.8825331971399387,1.0,0.0032861593235424596
2028,P4,datum_ta,target_real_anchor,dys,replace,0.05,0.9499941024463514,0.9499941024463514,0.9406910778751936,1.0,0.0
2028,P4,datum_ta,target_real_anchor,dys,replace,0.1,0.8999941221088625,0.8999941221088625,0.8825331971399387,0.0,0.00032428423082628
2028,P4,datum_ta,target_real_anchor,emq,replace,0.05,0.9499999971454681,0.9499999971454681,0.9406910778751936,1.0,0.0
2028,P4,datum_ta,target_real_anchor,emq,replace,0.1,0.8999999973894394,0.8999999973894394,0.8825331971399387,0.0,0.00032428423082628
2028,P4,datum_ta,target_real_anchor,hdy,replace,0.05,0.9499940391390134,0.9499940391390134,0.9406910778751936,1.0,0.0
2028,P4,datum_ta,target_real_anchor,hdy,replace,0.1,0.8999940391390134,0.8999940391390134,0.8825331971399387,0.0,0.00032428423082628
2028,P4,datum_ta,target_real_anchor,kdey,replace,0.05,0.9499940391390134,0.9499940391390134,0.9406910778751936,1.0,0.0
2028,P4,datum_ta,target_real_anchor,kdey,replace,0.1,0.8999940391390134,0.8999940391390134,0.8825331971399387,0.0,0.00032428423082628
2028,P4,datum_ta,target_real_anchor,median_sweep,replace,0.05,0.95,0.95,0.9406910778751936,1.0,0.0
2028,P4,datum_ta,target_real_anchor,median_sweep,replace,0.1,0.9,0.9,0.8825331971399387,0.0,0.00032428423082628
2028,P4,datum_ta,target_real_anchor,pacc,replace,0.05,0.95,0.95,0.9406910778751936,1.0,0.0
2028,P4,datum_ta,target_real_anchor,pacc,replace,0.1,0.9,0.9,0.8825331971399387,0.0,0.00032428423082628
2028,P4,datum_ta,target_real_anchor,pcc,replace,0.05,0.8376243207634952,0.8376243207634952,0.9406910778751936,1.0,0.0
2028,P4,datum_ta,target_real_anchor,pcc,replace,0.1,0.7889449965665399,0.7889449965665399,0.8825331971399387,0.0,0.00032428423082628
2028,P4,datum_transformer,oracle_target,cc,replace,0.05,0.05,-0.05,0.0,0.0,0.0
2028,P4,datum_transformer,oracle_target,cc,replace,0.1,0.1,-0.1,0.0,1.0,0.0
2028,P4,datum_transformer,oracle_target,dys,replace,0.05,0.9499940391390134,0.9499940391390134,0.0,1.0,0.0
2028,P4,datum_transformer,oracle_target,dys,replace,0.1,0.8999940391390134,0.8999940391390134,0.0,0.0,0.0
2028,P4,datum_transformer,oracle_target,emq,replace,0.05,0.45,0.45,0.0,1.0,0.0
2028,P4,datum_transformer,oracle_target,emq,replace,0.1,0.4,0.4,0.0,0.0,0.0
2028,P4,datum_transformer,oracle_target,hdy,replace,0.05,0.9499940391390134,0.9499940391390134,0.0,1.0,0.0
2028,P4,datum_transformer,oracle_target,hdy,replace,0.1,0.8999940391390134,0.8999940391390134,0.0,0.0,0.0
2028,P4,datum_transformer,oracle_target,pcc,replace,0.05,0.45,0.45,0.0,1.0,0.0
2028,P4,datum_transformer,oracle_target,pcc,replace,0.1,0.4,0.4,0.0,0.0,0.0
2028,P4,datum_transformer,source_only,acc,replace,0.05,0.95,0.95,0.95,1.0,
2028,P4,datum_transformer,source_only,acc,replace,0.1,0.9,0.9,0.9,0.0,
2028,P4,datum_transformer,source_only,cc,replace,0.05,0.95,0.95,0.95,1.0,
2028,P4,datum_transformer,source_only,cc,replace,0.1,0.9,0.9,0.9,0.0,
2028,P4,datum_transformer,source_only,dys,replace,0.05,0.9499940391390134,0.9499940391390134,0.95,1.0,
2028,P4,datum_transformer,source_only,dys,replace,0.1,0.8999940391390134,0.8999940391390134,0.9,0.0,
2028,P4,datum_transformer,source_only,emq,replace,0.05,0.9499999999767161,0.9499999999767161,0.95,1.0,
2028,P4,datum_transformer,source_only,emq,replace,0.1,0.8999999999767165,0.8999999999767165,0.9,0.0,
2028,P4,datum_transformer,source_only,hdy,replace,0.05,0.9499940391390134,0.9499940391390134,0.95,1.0,
2028,P4,datum_transformer,source_only,hdy,replace,0.1,0.8999940391390134,0.8999940391390134,0.9,0.0,
2028,P4,datum_transformer,source_only,kdey,replace,0.05,0.9499940391390134,0.9499940391390134,0.95,1.0,
2028,P4,datum_transformer,source_only,kdey,replace,0.1,0.8999940391390134,0.8999940391390134,0.9,0.0,
2028,P4,datum_transformer,source_only,median_sweep,replace,0.05,0.95,0.95,0.95,1.0,
2028,P4,datum_transformer,source_only,median_sweep,replace,0.1,0.9,0.9,0.9,0.0,
2028,P4,datum_transformer,source_only,pacc,replace,0.05,0.95,0.95,0.95,1.0,
2028,P4,datum_transformer,source_only,pacc,replace,0.1,0.9,0.9,0.9,0.0,
2028,P4,datum_transformer,source_only,pcc,replace,0.05,0.9052298534415063,0.9052298534415063,0.95,1.0,
2028,P4,datum_transformer,source_only,pcc,replace,0.1,0.8552299219970597,0.8552299219970597,0.9,0.0,
2028,P4,datum_transformer,target_real_anchor,acc,replace,0.05,0.33430025252525253,0.33430025252525253,0.9620253164556962,1.0,0.0006174158136774599
2028,P4,datum_transformer,target_real_anchor,acc,replace,0.1,0.28264814814814815,0.28264814814814815,0.923076923076923,0.0,0.00071532413588488
2028,P4,datum_transformer,target_real_anchor,cc,replace,0.05,0.005969999999999992,-0.005610000000000008,0.9620253164556962,0.0,0.00025901201602133387
2028,P4,datum_transformer,target_real_anchor,cc,replace,0.1,0.0558,-0.0558,0.923076923076923,1.0,8.010680907921675e-06
2028,P4,datum_transformer,target_real_anchor,dys,replace,0.05,0.9499940391390134,0.9499940391390134,0.9620253164556962,1.0,0.0006174158136774599
2028,P4,datum_transformer,target_real_anchor,dys,replace,0.1,0.8999940391390134,0.8999940391390134,0.923076923076923,0.0,0.00071532413588488
2028,P4,datum_transformer,target_real_anchor,emq,replace,0.05,0.9499999999767161,0.9499999999767161,0.9620253164556962,1.0,0.0006174158136774599
2028,P4,datum_transformer,target_real_anchor,emq,replace,0.1,0.8999999999767165,0.8999999999767165,0.923076923076923,0.0,0.00071532413588488
2028,P4,datum_transformer,target_real_anchor,hdy,replace,0.05,0.9499940391390134,0.9499940391390134,0.9620253164556962,1.0,0.0006174158136774599
2028,P4,datum_transformer,target_real_anchor,hdy,replace,0.1,0.8999940391390134,0.8999940391390134,0.923076923076923,0.0,0.00071532413588488
2028,P4,datum_transformer,target_real_anchor,kdey,replace,0.05,0.9499940391390134,0.9499940391390134,0.9620253164556962,1.0,0.0006174158136774599
2028,P4,datum_transformer,target_real_anchor,kdey,replace,0.1,0.8999940391390134,0.8999940391390134,0.923076923076923,0.0,0.00071532413588488
2028,P4,datum_transformer,target_real_anchor,median_sweep,replace,0.05,0.95,0.95,0.9620253164556962,1.0,0.0006174158136774599
2028,P4,datum_transformer,target_real_anchor,median_sweep,replace,0.1,0.9,0.9,0.923076923076923,0.0,0.00071532413588488
2028,P4,datum_transformer,target_real_anchor,pacc,replace,0.05,0.95,0.95,0.9620253164556962,1.0,0.0006174158136774599
2028,P4,datum_transformer,target_real_anchor,pacc,replace,0.1,0.9,0.9,0.923076923076923,0.0,0.00071532413588488
2028,P4,datum_transformer,target_real_anchor,pcc,replace,0.05,0.9052298534415063,0.9052298534415063,0.9620253164556962,1.0,0.0006174158136774599
2028,P4,datum_transformer,target_real_anchor,pcc,replace,0.1,0.8552299219970597,0.8552299219970597,0.923076923076923,0.0,0.00071532413588488
2028,P4,flat_transformer,oracle_target,acc,replace,0.05,0.014690870626525576,-0.007075313262815285,0.6447105788423153,0.0,0.0006002076843198
2028,P4,flat_transformer,oracle_target,acc,replace,0.1,0.015498828315703782,-0.007503547599674524,0.4622356495468278,0.67,0.00120575582257822
2028,P4,flat_transformer,oracle_target,cc,replace,0.05,0.018019999999999935,0.018019999999999935,0.6447105788423153,0.0,0.0006002076843198
2028,P4,flat_transformer,oracle_target,cc,replace,0.1,0.011529999999999995,-0.011130000000000004,0.4622356495468278,0.94,0.00134994807892
2028,P4,flat_transformer,oracle_target,dys,replace,0.05,0.022952078878019918,-0.012233465076444388,0.6447105788423153,0.01,0.0006002076843198
2028,P4,flat_transformer,oracle_target,dys,replace,0.1,0.018373533371785603,-0.005565392155262027,0.4622356495468278,0.65,0.00147426197893486
2028,P4,flat_transformer,oracle_target,emq,replace,0.05,0.04999992253857739,-0.04999992253857739,0.6447105788423153,0.0,0.0006002076843198
2028,P4,flat_transformer,oracle_target,emq,replace,0.1,0.09999990283835071,-0.09999990283835071,0.4622356495468278,1.0,0.00134994807892
2028,P4,flat_transformer,oracle_target,hdy,replace,0.05,0.022599041499535687,-0.011605691459985367,0.6447105788423153,0.01,0.0006002076843198
2028,P4,flat_transformer,oracle_target,hdy,replace,0.1,0.01815025858587662,-0.00491378288302721,0.4622356495468278,0.64,0.00147426197893486
2028,P4,flat_transformer,oracle_target,kdey,replace,0.05,0.10781146328675696,0.10781146328675696,0.6447105788423153,1.0,0.0004346536122236601
2028,P4,flat_transformer,oracle_target,kdey,replace,0.1,0.10845892139870333,0.10845892139870333,0.4622356495468278,0.0,0.0006242397270434987
2028,P4,flat_transformer,oracle_target,median_sweep,replace,0.05,0.02378964988633749,-0.018297228349397263,0.6447105788423153,0.01,0.0006002076843198
2028,P4,flat_transformer,oracle_target,median_sweep,replace,0.1,0.02053792448977417,-0.012354293743124599,0.4622356495468278,0.73,0.00147426197893486
2028,P4,flat_transformer,oracle_target,pacc,replace,0.05,0.03556215430291772,-0.032902690962441944,0.6447105788423153,0.0,0.0006002076843198
2028,P4,flat_transformer,oracle_target,pacc,replace,0.1,0.03967532388649111,-0.03775984525328442,0.4622356495468278,0.88,0.00147426197893486
2028,P4,flat_transformer,oracle_target,pcc,replace,0.05,0.39946839927204697,0.39946839927204697,0.6447105788423153,1.0,0.0004346536122236601
2028,P4,flat_transformer,oracle_target,pcc,replace,0.1,0.35507801294023783,0.35507801294023783,0.4622356495468278,0.0,0.0006242397270434987
2028,P4,flat_transformer,source_only,acc,replace,0.05,0.95,0.95,0.9485703725215828,1.0,0.19170152796321016
2028,P4,flat_transformer,source_only,acc,replace,0.1,0.9,0.9,0.8972953023672694,0.0,0.10901186767541908
2028,P4,flat_transformer,source_only,cc,replace,0.05,0.92173,0.92173,0.9485703725215828,1.0,0.19170152796321016
2028,P4,flat_transformer,source_only,cc,replace,0.1,0.8721899999999999,0.8721899999999999,0.8972953023672694,0.0,0.10901186767541908
2028,P4,flat_transformer,source_only,dys,replace,0.05,0.9499940391390134,0.9499940391390134,0.9485703725215828,1.0,0.19170152796321016
2028,P4,flat_transformer,source_only,dys,replace,0.1,0.8999940391390134,0.8999940391390134,0.8972953023672694,0.0,0.10901186767541908
2028,P4,flat_transformer,source_only,emq,replace,0.05,0.949999999439184,0.949999999439184,0.9485703725215828,1.0,0.19170152796321016
2028,P4,flat_transformer,source_only,emq,replace,0.1,0.8999999993863385,0.8999999993863385,0.8972953023672694,0.0,0.10901186767541908
2028,P4,flat_transformer,source_only,hdy,replace,0.05,0.9499940391390134,0.9499940391390134,0.9485703725215828,1.0,0.19170152796321016
2028,P4,flat_transformer,source_only,hdy,replace,0.1,0.8999940391390134,0.8999940391390134,0.8972953023672694,0.0,0.10901186767541908
2028,P4,flat_transformer,source_only,kdey,replace,0.05,0.9499940391390134,0.9499940391390134,0.9485703725215828,1.0,0.19170152796321016
2028,P4,flat_transformer,source_only,kdey,replace,0.1,0.8999940391390134,0.8999940391390134,0.8972953023672694,0.0,0.10901186767541908
2028,P4,flat_transformer,source_only,median_sweep,replace,0.05,0.95,0.95,0.9485703725215828,1.0,0.19170152796321016
2028,P4,flat_transformer,source_only,median_sweep,replace,0.1,0.9,0.9,0.8972953023672694,0.0,0.10901186767541908
2028,P4,flat_transformer,source_only,pacc,replace,0.05,0.95,0.95,0.9485703725215828,1.0,0.19170152796321016
2028,P4,flat_transformer,source_only,pacc,replace,0.1,0.9,0.9,0.8972953023672694,0.0,0.10901186767541908
2028,P4,flat_transformer,source_only,pcc,replace,0.05,0.8599498173047381,0.8599498173047381,0.9485703725215828,1.0,0.19170152796321016
2028,P4,flat_transformer,source_only,pcc,replace,0.1,0.8107961525025331,0.8107961525025331,0.8972953023672694,0.0,0.10901186767541908
2028,P4,flat_transformer,target_real_anchor,acc,replace,0.05,0.09431450440107153,0.09431450440107153,0.6528028933092225,1.0,0.00041121495327100003
2028,P4,flat_transformer,target_real_anchor,acc,replace,0.1,0.0886113471106008,0.0886113471106008,0.4710743801652893,0.0,0.0009307224447411685
2028,P4,flat_transformer,target_real_anchor,cc,replace,0.05,0.025719999999999944,0.025719999999999944,0.6528028933092225,0.0,0.00054650645304846
2028,P4,flat_transformer,target_real_anchor,cc,replace,0.1,0.00618999999999997,-0.00187000000000003,0.4710743801652893,0.6,0.0
2028,P4,flat_transformer,target_real_anchor,dys,replace,0.05,0.9499940391390134,0.9499940391390134,0.6528028933092225,1.0,0.00041121495327100003
2028,P4,flat_transformer,target_real_anchor,dys,replace,0.1,0.8999940391390134,0.8999940391390134,0.4710743801652893,0.0,0.0009307224447411685
2028,P4,flat_transformer,target_real_anchor,emq,replace,0.05,0.949999999439184,0.949999999439184,0.6528028933092225,1.0,0.00041121495327100003
2028,P4,flat_transformer,target_real_anchor,emq,replace,0.1,0.8999999993863385,0.8999999993863385,0.4710743801652893,0.0,0.0009307224447411685
2028,P4,flat_transformer,target_real_anchor,hdy,replace,0.05,0.9499940391390134,0.9499940391390134,0.6528028933092225,1.0,0.00041121495327100003
2028,P4,flat_transformer,target_real_anchor,hdy,replace,0.1,0.8999940391390134,0.8999940391390134,0.4710743801652893,0.0,0.0009307224447411685
2028,P4,flat_transformer,target_real_anchor,kdey,replace,0.05,0.9499940391390134,0.9499940391390134,0.6528028933092225,1.0,0.00041121495327100003
2028,P4,flat_transformer,target_real_anchor,kdey,replace,0.1,0.8999940391390134,0.8999940391390134,0.4710743801652893,0.0,0.0009307224447411685
2028,P4,flat_transformer,target_real_anchor,median_sweep,replace,0.05,0.95,0.95,0.6528028933092225,1.0,0.00041121495327100003
2028,P4,flat_transformer,target_real_anchor,median_sweep,replace,0.1,0.9,0.9,0.4710743801652893,0.0,0.0009307224447411685
2028,P4,flat_transformer,target_real_anchor,pacc,replace,0.05,0.95,0.95,0.6528028933092225,1.0,0.00041121495327100003
2028,P4,flat_transformer,target_real_anchor,pacc,replace,0.1,0.9,0.9,0.4710743801652893,0.0,0.0009307224447411685
2028,P4,flat_transformer,target_real_anchor,pcc,replace,0.05,0.8599498173047381,0.8599498173047381,0.6528028933092225,1.0,0.00041121495327100003
2028,P4,flat_transformer,target_real_anchor,pcc,replace,0.1,0.8107961525025331,0.8107961525025331,0.4710743801652893,0.0,0.0009307224447411685
2029,P1,c2st_lr,oracle_target,acc,replace,0.05,0.03875625192012285,-0.008392596006144398,0.8408385093167702,0.14,0.0005788768298552134
2029,P1,c2st_lr,oracle_target,acc,replace,0.1,0.0498601843317972,-0.023654439324116733,0.7144846796657381,0.71,0.00042697298088609995
2029,P1,c2st_lr,oracle_target,cc,replace,0.05,0.006449999999999948,0.0046699999999999485,0.8408385093167702,0.0,0.0005490578666151935
2029,P1,c2st_lr,oracle_target,cc,replace,0.1,0.039939999999999996,-0.039939999999999996,0.7144846796657381,1.0,0.00050951532840558
2029,P1,c2st_lr,oracle_target,dys,replace,0.05,0.03480330995338963,-0.021066811876587658,0.8408385093167702,0.07,0.0005490578666151935
2029,P1,c2st_lr,oracle_target,dys,replace,0.1,0.04710944369453454,-0.029717485890772305,0.7144846796657381,0.74,0.0004849903115379
2029,P1,c2st_lr,oracle_target,emq,replace,0.05,0.027537649945962656,-0.01063087018500986,0.8408385093167702,0.07,0.0005490578666151935
2029,P1,c2st_lr,oracle_target,emq,replace,0.1,0.03347232597409415,-0.01995871110710583,0.7144846796657381,0.75,0.00042697298088609995
2029,P1,c2st_lr,oracle_target,hdy,replace,0.05,0.03049068806138309,-0.0163793907283824,0.8408385093167702,0.04,0.0005490578666151935
2029,P1,c2st_lr,oracle_target,hdy,replace,0.1,0.037545398506626936,-0.027943248701327174,0.7144846796657381,0.77,0.00042697298088609995
2029,P1,c2st_lr,oracle_target,kdey,replace,0.05,0.03375000517003272,-0.02405373791293533,0.8408385093167702,0.03,0.0005490578666151935
2029,P1,c2st_lr,oracle_target,kdey,replace,0.1,0.04247869418478828,-0.034160590064886004,0.7144846796657381,0.84,0.00042697298088609995
2029,P1,c2st_lr,oracle_target,median_sweep,replace,0.05,0.032886293830014485,-0.015548886261447214,0.8408385093167702,0.05,0.0005490578666151935
2029,P1,c2st_lr,oracle_target,median_sweep,replace,0.1,0.03843075388941331,-0.020788012936294013,0.7144846796657381,0.76,0.00042697298088609995
2029,P1,c2st_lr,oracle_target,pacc,replace,0.05,0.0318048069104578,-0.020012506075913917,0.8408385093167702,0.03,0.0005490578666151935
2029,P1,c2st_lr,oracle_target,pacc,replace,0.1,0.03892580161356831,-0.02825340014276331,0.7144846796657381,0.76,0.00042697298088609995
2029,P1,c2st_lr,oracle_target,pcc,replace,0.05,0.392103807101163,0.392103807101163,0.8408385093167702,1.0,0.0001014492988492
2029,P1,c2st_lr,oracle_target,pcc,replace,0.1,0.3478600219028843,0.3478600219028843,0.7144846796657381,0.0,0.0004010434476339799
2029,P1,c2st_lr,source_only,acc,replace,0.05,0.03875625192012285,-0.008392596006144398,0.8408385093167702,0.14,0.0005788768298552134
2029,P1,c2st_lr,source_only,acc,replace,0.1,0.0498601843317972,-0.023654439324116733,0.7144846796657381,0.71,0.00042697298088609995
2029,P1,c2st_lr,source_only,cc,replace,0.05,0.006449999999999948,0.0046699999999999485,0.8408385093167702,0.0,0.0005490578666151935
2029,P1,c2st_lr,source_only,cc,replace,0.1,0.039939999999999996,-0.039939999999999996,0.7144846796657381,1.0,0.00050951532840558
2029,P1,c2st_lr,source_only,dys,replace,0.05,0.03480330995338963,-0.021066811876587658,0.8408385093167702,0.07,0.0005490578666151935
2029,P1,c2st_lr,source_only,dys,replace,0.1,0.04710944369453454,-0.029717485890772305,0.7144846796657381,0.74,0.0004849903115379
2029,P1,c2st_lr,source_only,emq,replace,0.05,0.027537649945962656,-0.01063087018500986,0.8408385093167702,0.07,0.0005490578666151935
2029,P1,c2st_lr,source_only,emq,replace,0.1,0.03347232597409415,-0.01995871110710583,0.7144846796657381,0.75,0.00042697298088609995
2029,P1,c2st_lr,source_only,hdy,replace,0.05,0.03049068806138309,-0.0163793907283824,0.8408385093167702,0.04,0.0005490578666151935
2029,P1,c2st_lr,source_only,hdy,replace,0.1,0.037545398506626936,-0.027943248701327174,0.7144846796657381,0.77,0.00042697298088609995
2029,P1,c2st_lr,source_only,kdey,replace,0.05,0.03375000517003272,-0.02405373791293533,0.8408385093167702,0.03,0.0005490578666151935
2029,P1,c2st_lr,source_only,kdey,replace,0.1,0.04247869418478828,-0.034160590064886004,0.7144846796657381,0.84,0.00042697298088609995
2029,P1,c2st_lr,source_only,median_sweep,replace,0.05,0.032886293830014485,-0.015548886261447214,0.8408385093167702,0.05,0.0005490578666151935
2029,P1,c2st_lr,source_only,median_sweep,replace,0.1,0.03843075388941331,-0.020788012936294013,0.7144846796657381,0.76,0.00042697298088609995
2029,P1,c2st_lr,source_only,pacc,replace,0.05,0.0318048069104578,-0.020012506075913917,0.8408385093167702,0.03,0.0005490578666151935
2029,P1,c2st_lr,source_only,pacc,replace,0.1,0.03892580161356831,-0.02825340014276331,0.7144846796657381,0.76,0.00042697298088609995
2029,P1,c2st_lr,source_only,pcc,replace,0.05,0.392103807101163,0.392103807101163,0.8408385093167702,1.0,0.0001014492988492
2029,P1,c2st_lr,source_only,pcc,replace,0.1,0.3478600219028843,0.3478600219028843,0.7144846796657381,0.0,0.0004010434476339799
2029,P1,c2st_lr,target_real_anchor,acc,replace,0.05,0.04013813479623821,-0.011400705329153603,0.839779005524862,0.14,0.0005418192052489534
2029,P1,c2st_lr,target_real_anchor,acc,replace,0.1,0.05117352664576799,-0.026497915360501563,0.7128712871287128,0.72,0.00042697298088609995
2029,P1,c2st_lr,target_real_anchor,cc,replace,0.05,0.006159999999999954,0.003939999999999953,0.839779005524862,0.0,0.0005120002420089335
2029,P1,c2st_lr,target_real_anchor,cc,replace,0.1,0.04058,-0.04058,0.7128712871287128,1.0,0.00050897512979616
2029,P1,c2st_lr,target_real_anchor,dys,replace,0.05,0.03480330995338963,-0.021066811876587658,0.839779005524862,0.07,0.0005120002420089335
2029,P1,c2st_lr,target_real_anchor,dys,replace,0.1,0.04710944369453454,-0.029717485890772305,0.7128712871287128,0.74,0.00046619139993006
2029,P1,c2st_lr,target_real_anchor,emq,replace,0.05,0.027537649945962656,-0.01063087018500986,0.839779005524862,0.07,0.0005120002420089335
2029,P1,c2st_lr,target_real_anchor,emq,replace,0.1,0.03347232597409415,-0.01995871110710583,0.7128712871287128,0.75,0.00042697298088609995
2029,P1,c2st_lr,target_real_anchor,hdy,replace,0.05,0.03049068806138309,-0.0163793907283824,0.839779005524862,0.04,0.0005120002420089335
2029,P1,c2st_lr,target_real_anchor,hdy,replace,0.1,0.037545398506626936,-0.027943248701327174,0.7128712871287128,0.77,0.00042697298088609995
2029,P1,c2st_lr,target_real_anchor,kdey,replace,0.05,0.03375000517003272,-0.02405373791293533,0.839779005524862,0.03,0.0005120002420089335
2029,P1,c2st_lr,target_real_anchor,kdey,replace,0.1,0.04247869418478828,-0.034160590064886004,0.7128712871287128,0.84,0.00042697298088609995
2029,P1,c2st_lr,target_real_anchor,median_sweep,replace,0.05,0.032886293830014485,-0.015548886261447214,0.839779005524862,0.05,0.0005120002420089335
2029,P1,c2st_lr,target_real_anchor,median_sweep,replace,0.1,0.03843075388941331,-0.020788012936294013,0.7128712871287128,0.76,0.00042697298088609995
2029,P1,c2st_lr,target_real_anchor,pacc,replace,0.05,0.0318048069104578,-0.020012506075913917,0.839779005524862,0.03,0.0005120002420089335
2029,P1,c2st_lr,target_real_anchor,pacc,replace,0.1,0.03892580161356831,-0.02825340014276331,0.7128712871287128,0.76,0.00042697298088609995
2029,P1,c2st_lr,target_real_anchor,pcc,replace,0.05,0.392103807101163,0.392103807101163,0.839779005524862,1.0,0.0001014492988492
2029,P1,c2st_lr,target_real_anchor,pcc,replace,0.1,0.3478600219028843,0.3478600219028843,0.7128712871287128,0.0,0.00047515869684648
2029,P1,c2st_xgb,oracle_target,acc,replace,0.05,0.008368333333333278,-0.0014132990867579851,0.5580277678889284,0.0,0.00073132087743382
2029,P1,c2st_xgb,oracle_target,acc,replace,0.1,0.007532968036529626,-0.001698304794520546,0.3742439516129032,0.59,0.0014762547598248799
2029,P1,c2st_xgb,oracle_target,cc,replace,0.05,0.03539999999999995,0.03539999999999995,0.5580277678889284,0.02,0.00073132087743382
2029,P1,c2st_xgb,oracle_target,cc,replace,0.1,0.022019999999999925,0.022019999999999925,0.3742439516129032,0.0,0.00022018495319988
2029,P1,c2st_xgb,oracle_target,dys,replace,0.05,0.004719476659175487,-0.0006363613749211289,0.5580277678889284,0.0,0.00073132087743382
2029,P1,c2st_xgb,oracle_target,dys,replace,0.1,0.0056074315501122496,-0.0005274681131381799,0.3742439516129032,0.52,0.0010573847580800798
2029,P1,c2st_xgb,oracle_target,emq,replace,0.05,0.007424699480441788,-0.006823775351086826,0.5580277678889284,0.0,0.00073132087743382
2029,P1,c2st_xgb,oracle_target,emq,replace,0.1,0.006125962883020032,-0.00396959197761724,0.3742439516129032,0.74,0.0014762547598248799
2029,P1,c2st_xgb,oracle_target,hdy,replace,0.05,0.004798111997621409,-0.001676354831573457,0.5580277678889284,0.0,0.00073132087743382
2029,P1,c2st_xgb,oracle_target,hdy,replace,0.1,0.0049786982598886845,-0.001336732849334085,0.3742439516129032,0.61,0.00136497384628422
2029,P1,c2st_xgb,oracle_target,kdey,replace,0.05,0.0051987025512091455,-0.00035135884154361064,0.5580277678889284,0.0,0.00073132087743382
2029,P1,c2st_xgb,oracle_target,kdey,replace,0.1,0.005431536222474035,0.001758910153531207,0.3742439516129032,0.38,0.00136497384628422
2029,P1,c2st_xgb,oracle_target,median_sweep,replace,0.05,0.007606207820673233,-0.0031406546218441587,0.5580277678889284,0.0,0.00073132087743382
2029,P1,c2st_xgb,oracle_target,median_sweep,replace,0.1,0.0065405681287774645,-0.00281857859520206,0.3742439516129032,0.61,0.0014762547598248799
2029,P1,c2st_xgb,oracle_target,pacc,replace,0.05,0.008686290003021433,-0.003796174511352259,0.5580277678889284,0.0,0.00073132087743382
2029,P1,c2st_xgb,oracle_target,pacc,replace,0.1,0.007332137521286066,-0.00338451616331453,0.3742439516129032,0.65,0.00159401805667858
2029,P1,c2st_xgb,oracle_target,pcc,replace,0.05,0.1644092743387687,0.1644092743387687,0.5580277678889284,1.0,0.00041724940591656
2029,P1,c2st_xgb,oracle_target,pcc,replace,0.1,0.14613998565198422,0.14613998565198422,0.3742439516129032,0.0,0.00022018495319988
2029,P1,c2st_xgb,source_only,acc,replace,0.05,0.008368333333333278,-0.0014132990867579851,0.5580277678889284,0.0,0.00073132087743382
2029,P1,c2st_xgb,source_only,acc,replace,0.1,0.007532968036529626,-0.001698304794520546,0.3742439516129032,0.59,0.0014762547598248799
2029,P1,c2st_xgb,source_only,cc,replace,0.05,0.03539999999999995,0.03539999999999995,0.5580277678889284,0.02,0.00073132087743382
2029,P1,c2st_xgb,source_only,cc,replace,0.1,0.022019999999999925,0.022019999999999925,0.3742439516129032,0.0,0.00022018495319988
2029,P1,c2st_xgb,source_only,dys,replace,0.05,0.004719476659175487,-0.0006363613749211289,0.5580277678889284,0.0,0.00073132087743382
2029,P1,c2st_xgb,source_only,dys,replace,0.1,0.0056074315501122496,-0.0005274681131381799,0.3742439516129032,0.52,0.0010573847580800798
2029,P1,c2st_xgb,source_only,emq,replace,0.05,0.007424699480441788,-0.006823775351086826,0.5580277678889284,0.0,0.00073132087743382
2029,P1,c2st_xgb,source_only,emq,replace,0.1,0.006125962883020032,-0.00396959197761724,0.3742439516129032,0.74,0.0014762547598248799
2029,P1,c2st_xgb,source_only,hdy,replace,0.05,0.004798111997621409,-0.001676354831573457,0.5580277678889284,0.0,0.00073132087743382
2029,P1,c2st_xgb,source_only,hdy,replace,0.1,0.0049786982598886845,-0.001336732849334085,0.3742439516129032,0.61,0.00136497384628422
2029,P1,c2st_xgb,source_only,kdey,replace,0.05,0.0051987025512091455,-0.00035135884154361064,0.5580277678889284,0.0,0.00073132087743382
2029,P1,c2st_xgb,source_only,kdey,replace,0.1,0.005431536222474035,0.001758910153531207,0.3742439516129032,0.38,0.00136497384628422
2029,P1,c2st_xgb,source_only,median_sweep,replace,0.05,0.007606207820673233,-0.0031406546218441587,0.5580277678889284,0.0,0.00073132087743382
2029,P1,c2st_xgb,source_only,median_sweep,replace,0.1,0.0065405681287774645,-0.00281857859520206,0.3742439516129032,0.61,0.0014762547598248799
2029,P1,c2st_xgb,source_only,pacc,replace,0.05,0.008686290003021433,-0.003796174511352259,0.5580277678889284,0.0,0.00073132087743382
2029,P1,c2st_xgb,source_only,pacc,replace,0.1,0.007332137521286066,-0.00338451616331453,0.3742439516129032,0.65,0.00159401805667858
2029,P1,c2st_xgb,source_only,pcc,replace,0.05,0.1644092743387687,0.1644092743387687,0.5580277678889284,1.0,0.00041724940591656
2029,P1,c2st_xgb,source_only,pcc,replace,0.1,0.14613998565198422,0.14613998565198422,0.3742439516129032,0.0,0.00022018495319988
2029,P1,c2st_xgb,target_real_anchor,acc,replace,0.05,0.009234957167332901,-0.002712872644203307,0.5868243798258583,0.0,0.0006829190820297
2029,P1,c2st_xgb,target_real_anchor,acc,replace,0.1,0.008095719588806352,-0.002602727013135335,0.4021868314713572,0.59,0.00156992519869848
2029,P1,c2st_xgb,target_real_anchor,cc,replace,0.05,0.041359999999999945,0.041359999999999945,0.5868243798258583,0.18,0.0006917783392242157
2029,P1,c2st_xgb,target_real_anchor,cc,replace,0.1,0.028249999999999945,0.028249999999999945,0.4021868314713572,0.0,0.00022450654207526
2029,P1,c2st_xgb,target_real_anchor,dys,replace,0.05,0.004719476659175487,-0.0006363613749211289,0.5868243798258583,0.0,0.0006829190820297
2029,P1,c2st_xgb,target_real_anchor,dys,replace,0.1,0.0056074315501122496,-0.0005274681131381799,0.4021868314713572,0.52,0.00119556756236992
2029,P1,c2st_xgb,target_real_anchor,emq,replace,0.05,0.007424699480441788,-0.006823775351086826,0.5868243798258583,0.0,0.0006829190820297
2029,P1,c2st_xgb,target_real_anchor,emq,replace,0.1,0.006125962883020032,-0.00396959197761724,0.4021868314713572,0.74,0.00156992519869848
2029,P1,c2st_xgb,target_real_anchor,hdy,replace,0.05,0.004798111997621409,-0.001676354831573457,0.5868243798258583,0.0,0.0006829190820297
2029,P1,c2st_xgb,target_real_anchor,hdy,replace,0.1,0.0049786982598886845,-0.001336732849334085,0.4021868314713572,0.61,0.0015009958561364
2029,P1,c2st_xgb,target_real_anchor,kdey,replace,0.05,0.0051987025512091455,-0.00035135884154361064,0.5868243798258583,0.0,0.0006829190820297
2029,P1,c2st_xgb,target_real_anchor,kdey,replace,0.1,0.005431536222474035,0.001758910153531207,0.4021868314713572,0.38,0.0015009958561364
2029,P1,c2st_xgb,target_real_anchor,median_sweep,replace,0.05,0.007606207820673233,-0.0031406546218441587,0.5868243798258583,0.0,0.0006829190820297
2029,P1,c2st_xgb,target_real_anchor,median_sweep,replace,0.1,0.0065405681287774645,-0.00281857859520206,0.4021868314713572,0.61,0.00156992519869848
2029,P1,c2st_xgb,target_real_anchor,pacc,replace,0.05,0.008686290003021433,-0.003796174511352259,0.5868243798258583,0.0,0.0006829190820297
2029,P1,c2st_xgb,target_real_anchor,pacc,replace,0.1,0.007332137521286066,-0.00338451616331453,0.4021868314713572,0.65,0.00168650005861146
2029,P1,c2st_xgb,target_real_anchor,pcc,replace,0.05,0.1644092743387687,0.1644092743387687,0.5868243798258583,1.0,0.0002921394079747356
2029,P1,c2st_xgb,target_real_anchor,pcc,replace,0.1,0.14613998565198422,0.14613998565198422,0.4021868314713572,0.0,0.00022450654207526
2029,P1,char3gram,oracle_target,acc,replace,0.05,0.010530556521739082,-0.00378895652173912,0.5936325884912003,0.0,0.0002132704109993
2029,P1,char3gram,oracle_target,acc,replace,0.1,0.010434292173913002,-0.0019004278260869659,0.4089732528041415,0.57,0.0009391893023387601
2029,P1,char3gram,oracle_target,cc,replace,0.05,0.027749999999999928,0.027749999999999928,0.5936325884912003,0.01,0.0002132704109993
2029,P1,char3gram,oracle_target,cc,replace,0.1,0.010149999999999928,0.009109999999999929,0.4089732528041415,0.14,0.00034561907030734005
2029,P1,char3gram,oracle_target,dys,replace,0.05,0.00925333164986196,-0.0012411567861349468,0.5936325884912003,0.0,0.0002132704109993
2029,P1,char3gram,oracle_target,dys,replace,0.1,0.011629584063182617,-0.0007947906590953061,0.4089732528041415,0.57,0.00103728936980956
2029,P1,char3gram,oracle_target,emq,replace,0.05,0.020391405089469718,-0.019849690963383945,0.5936325884912003,0.0,0.0002132704109993
2029,P1,char3gram,oracle_target,emq,replace,0.1,0.01659126804659114,-0.015092902338111001,0.4089732528041415,0.88,0.00084087315542422
2029,P1,char3gram,oracle_target,hdy,replace,0.05,0.008047026277264608,-0.003453134152199212,0.5936325884912003,0.0,0.0002132704109993
2029,P1,char3gram,oracle_target,hdy,replace,0.1,0.009518290637179733,-0.003546784113056188,0.4089732528041415,0.62,0.00103728936980956
2029,P1,char3gram,oracle_target,kdey,replace,0.05,0.011741544184382818,-0.009457008886629464,0.5936325884912003,0.0,0.0002132704109993
2029,P1,char3gram,oracle_target,kdey,replace,0.1,0.010803583988522887,-0.006395812692687725,0.4089732528041415,0.73,0.00084087315542422
2029,P1,char3gram,oracle_target,median_sweep,replace,0.05,0.011610887116805942,-0.007075918151549439,0.5936325884912003,0.0,0.0002132704109993
2029,P1,char3gram,oracle_target,median_sweep,replace,0.1,0.01192377584448759,-0.006122505000383238,0.4089732528041415,0.69,0.00093897322289502
2029,P1,char3gram,oracle_target,pacc,replace,0.05,0.012121646485809935,-0.007013354759558898,0.5936325884912003,0.0,0.0002132704109993
2029,P1,char3gram,oracle_target,pacc,replace,0.1,0.012586490199972994,-0.005540046201899125,0.4089732528041415,0.68,0.00093897322289502
2029,P1,char3gram,oracle_target,pcc,replace,0.05,0.2235535411661339,0.2235535411661339,0.5936325884912003,1.0,0.0005533794554905199
2029,P1,char3gram,oracle_target,pcc,replace,0.1,0.1990538175464864,0.1990538175464864,0.4089732528041415,0.0,0.00034561907030734005
2029,P1,char3gram,source_only,acc,replace,0.05,0.010530556521739082,-0.00378895652173912,0.5936325884912003,0.0,0.0002132704109993
2029,P1,char3gram,source_only,acc,replace,0.1,0.010434292173913002,-0.0019004278260869659,0.4089732528041415,0.57,0.0009391893023387601
2029,P1,char3gram,source_only,cc,replace,0.05,0.027749999999999928,0.027749999999999928,0.5936325884912003,0.01,0.0002132704109993
2029,P1,char3gram,source_only,cc,replace,0.1,0.010149999999999928,0.009109999999999929,0.4089732528041415,0.14,0.00034561907030734005
2029,P1,char3gram,source_only,dys,replace,0.05,0.00925333164986196,-0.0012411567861349468,0.5936325884912003,0.0,0.0002132704109993
2029,P1,char3gram,source_only,dys,replace,0.1,0.011629584063182617,-0.0007947906590953061,0.4089732528041415,0.57,0.00103728936980956
2029,P1,char3gram,source_only,emq,replace,0.05,0.020391405089469718,-0.019849690963383945,0.5936325884912003,0.0,0.0002132704109993
2029,P1,char3gram,source_only,emq,replace,0.1,0.01659126804659114,-0.015092902338111001,0.4089732528041415,0.88,0.00084087315542422
2029,P1,char3gram,source_only,hdy,replace,0.05,0.008047026277264608,-0.003453134152199212,0.5936325884912003,0.0,0.0002132704109993
2029,P1,char3gram,source_only,hdy,replace,0.1,0.009518290637179733,-0.003546784113056188,0.4089732528041415,0.62,0.00103728936980956
2029,P1,char3gram,source_only,kdey,replace,0.05,0.011741544184382818,-0.009457008886629464,0.5936325884912003,0.0,0.0002132704109993
2029,P1,char3gram,source_only,kdey,replace,0.1,0.010803583988522887,-0.006395812692687725,0.4089732528041415,0.73,0.00084087315542422
2029,P1,char3gram,source_only,median_sweep,replace,0.05,0.011610887116805942,-0.007075918151549439,0.5936325884912003,0.0,0.0002132704109993
2029,P1,char3gram,source_only,median_sweep,replace,0.1,0.01192377584448759,-0.006122505000383238,0.4089732528041415,0.69,0.00093897322289502
2029,P1,char3gram,source_only,pacc,replace,0.05,0.012121646485809935,-0.007013354759558898,0.5936325884912003,0.0,0.0002132704109993
2029,P1,char3gram,source_only,pacc,replace,0.1,0.012586490199972994,-0.005540046201899125,0.4089732528041415,0.68,0.00093897322289502
2029,P1,char3gram,source_only,pcc,replace,0.05,0.2235535411661339,0.2235535411661339,0.5936325884912003,1.0,0.0005533794554905199
2029,P1,char3gram,source_only,pcc,replace,0.1,0.1990538175464864,0.1990538175464864,0.4089732528041415,0.0,0.00034561907030734005
2029,P1,char3gram,target_real_anchor,acc,replace,0.05,0.010586449684490155,-0.00014797741614081797,0.6865860517435319,0.01,0.00030834536625734
2029,P1,char3gram,target_real_anchor,acc,replace,0.1,0.01179143473928921,0.0010557323148455708,0.5092470277410832,0.48,0.0011058945932060599
2029,P1,char3gram,target_real_anchor,cc,replace,0.05,0.054919999999999955,0.054919999999999955,0.6865860517435319,0.76,0.0005959471059129645
2029,P1,char3gram,target_real_anchor,cc,replace,0.1,0.03732999999999995,0.03732999999999995,0.5092470277410832,0.0,0.000186476559972
2029,P1,char3gram,target_real_anchor,dys,replace,0.05,0.00925333164986196,-0.0012411567861349468,0.6865860517435319,0.0,0.00030834536625734
2029,P1,char3gram,target_real_anchor,dys,replace,0.1,0.011629584063182617,-0.0007947906590953061,0.5092470277410832,0.57,0.00074849919321334
2029,P1,char3gram,target_real_anchor,emq,replace,0.05,0.020391405089469718,-0.019849690963383945,0.6865860517435319,0.0,0.00030834536625734
2029,P1,char3gram,target_real_anchor,emq,replace,0.1,0.01659126804659114,-0.015092902338111001,0.5092470277410832,0.88,0.0009586364522779801
2029,P1,char3gram,target_real_anchor,hdy,replace,0.05,0.008047026277264608,-0.003453134152199212,0.6865860517435319,0.0,0.00030834536625734
2029,P1,char3gram,target_real_anchor,hdy,replace,0.1,0.009518290637179733,-0.003546784113056188,0.5092470277410832,0.62,0.00074849919321334
2029,P1,char3gram,target_real_anchor,kdey,replace,0.05,0.011741544184382818,-0.009457008886629464,0.6865860517435319,0.0,0.00030834536625734
2029,P1,char3gram,target_real_anchor,kdey,replace,0.1,0.010803583988522887,-0.006395812692687725,0.5092470277410832,0.73,0.0009586364522779801
2029,P1,char3gram,target_real_anchor,median_sweep,replace,0.05,0.011610887116805942,-0.007075918151549439,0.6865860517435319,0.0,0.00030834536625734
2029,P1,char3gram,target_real_anchor,median_sweep,replace,0.1,0.01192377584448759,-0.006122505000383238,0.5092470277410832,0.69,0.0009194180332340599
2029,P1,char3gram,target_real_anchor,pacc,replace,0.05,0.012121646485809935,-0.007013354759558898,0.6865860517435319,0.0,0.00030834536625734
2029,P1,char3gram,target_real_anchor,pacc,replace,0.1,0.012586490199972994,-0.005540046201899125,0.5092470277410832,0.68,0.0009194180332340599
2029,P1,char3gram,target_real_anchor,pcc,replace,0.05,0.2235535411661339,0.2235535411661339,0.6865860517435319,1.0,0.00037695058965380444
2029,P1,char3gram,target_real_anchor,pcc,replace,0.1,0.1990538175464864,0.1990538175464864,0.5092470277410832,0.0,0.000186476559972
2029,P1,column_positional_ablation,oracle_target,acc,replace,0.05,0.008983003043625253,0.0005118498478187242,0.5865119937082187,0.0,0.00100757844629156
2029,P1,column_positional_ablation,oracle_target,acc,replace,0.1,0.009301839702401038,0.001669306729793701,0.401877133105802,0.44,0.0005607261565786601
2029,P1,column_positional_ablation,oracle_target,cc,replace,0.05,0.031219999999999946,0.031219999999999946,0.5865119937082187,0.0,0.00100757844629156
2029,P1,column_positional_ablation,oracle_target,cc,replace,0.1,0.013179999999999916,0.013019999999999915,0.401877133105802,0.03,0.00025184059171192
2029,P1,column_positional_ablation,oracle_target,dys,replace,0.05,0.00708220897255002,-0.0007890650021988061,0.5865119937082187,0.0,0.00100757844629156
2029,P1,column_positional_ablation,oracle_target,dys,replace,0.1,0.007534866068417765,0.000552005652309421,0.401877133105802,0.5,0.00155663631290668
2029,P1,column_positional_ablation,oracle_target,emq,replace,0.05,0.008582725316645518,-0.007408843963935377,0.5865119937082187,0.0,0.00100757844629156
2029,P1,column_positional_ablation,oracle_target,emq,replace,0.1,0.007371338880659741,-0.003712435757943522,0.401877133105802,0.69,0.00203536032057534
2029,P1,column_positional_ablation,oracle_target,hdy,replace,0.05,0.005793340878090798,-0.001029063361010652,0.5865119937082187,0.0,0.00100757844629156
2029,P1,column_positional_ablation,oracle_target,hdy,replace,0.1,0.006673758108729608,-2.852463873816054e-06,0.401877133105802,0.47,0.00133202173110958
2029,P1,column_positional_ablation,oracle_target,kdey,replace,0.05,0.03174712703945407,-0.03174712703945407,0.5865119937082187,0.0,0.00100757844629156
2029,P1,column_positional_ablation,oracle_target,kdey,replace,0.1,0.04332396073505279,-0.04332396073505279,0.401877133105802,1.0,0.00178351972886342
2029,P1,column_positional_ablation,oracle_target,median_sweep,replace,0.05,0.006886582415387522,-0.0007287273009238841,0.5865119937082187,0.0,0.00100757844629156
2029,P1,column_positional_ablation,oracle_target,median_sweep,replace,0.1,0.007395453518887174,0.0003289403139995938,0.401877133105802,0.5,0.00133202173110958
2029,P1,column_positional_ablation,oracle_target,pacc,replace,0.05,0.006474303545699354,-0.0006573966718429661,0.5865119937082187,0.0,0.00100757844629156
2029,P1,column_positional_ablation,oracle_target,pacc,replace,0.1,0.007038271481628247,0.00035064457833429934,0.401877133105802,0.5,0.00133202173110958
2029,P1,column_positional_ablation,oracle_target,pcc,replace,0.05,0.2458248969856821,0.2458248969856821,0.5865119937082187,1.0,0.00035156125501102
2029,P1,column_positional_ablation,oracle_target,pcc,replace,0.1,0.21893565940983303,0.21893565940983303,0.401877133105802,0.0,0.00025184059171192
2029,P1,column_positional_ablation,source_only,acc,replace,0.05,0.008983003043625253,0.0005118498478187242,0.5865119937082187,0.0,0.00100757844629156
2029,P1,column_positional_ablation,source_only,acc,replace,0.1,0.009301839702401038,0.001669306729793701,0.401877133105802,0.44,0.0005607261565786601
2029,P1,column_positional_ablation,source_only,cc,replace,0.05,0.031219999999999946,0.031219999999999946,0.5865119937082187,0.0,0.00100757844629156
2029,P1,column_positional_ablation,source_only,cc,replace,0.1,0.013179999999999916,0.013019999999999915,0.401877133105802,0.03,0.00025184059171192
2029,P1,column_positional_ablation,source_only,dys,replace,0.05,0.00708220897255002,-0.0007890650021988061,0.5865119937082187,0.0,0.00100757844629156
2029,P1,column_positional_ablation,source_only,dys,replace,0.1,0.007534866068417765,0.000552005652309421,0.401877133105802,0.5,0.00155663631290668
2029,P1,column_positional_ablation,source_only,emq,replace,0.05,0.008582725316645518,-0.007408843963935377,0.5865119937082187,0.0,0.00100757844629156
2029,P1,column_positional_ablation,source_only,emq,replace,0.1,0.007371338880659741,-0.003712435757943522,0.401877133105802,0.69,0.00203536032057534
2029,P1,column_positional_ablation,source_only,hdy,replace,0.05,0.005793340878090798,-0.001029063361010652,0.5865119937082187,0.0,0.00100757844629156
2029,P1,column_positional_ablation,source_only,hdy,replace,0.1,0.006673758108729608,-2.852463873816054e-06,0.401877133105802,0.47,0.00133202173110958
2029,P1,column_positional_ablation,source_only,kdey,replace,0.05,0.03174712703945407,-0.03174712703945407,0.5865119937082187,0.0,0.00100757844629156
2029,P1,column_positional_ablation,source_only,kdey,replace,0.1,0.04332396073505279,-0.04332396073505279,0.401877133105802,1.0,0.00178351972886342
2029,P1,column_positional_ablation,source_only,median_sweep,replace,0.05,0.006886582415387522,-0.0007287273009238841,0.5865119937082187,0.0,0.00100757844629156
2029,P1,column_positional_ablation,source_only,median_sweep,replace,0.1,0.007395453518887174,0.0003289403139995938,0.401877133105802,0.5,0.00133202173110958
2029,P1,column_positional_ablation,source_only,pacc,replace,0.05,0.006474303545699354,-0.0006573966718429661,0.5865119937082187,0.0,0.00100757844629156
2029,P1,column_positional_ablation,source_only,pacc,replace,0.1,0.007038271481628247,0.00035064457833429934,0.401877133105802,0.5,0.00133202173110958
2029,P1,column_positional_ablation,source_only,pcc,replace,0.05,0.2458248969856821,0.2458248969856821,0.5865119937082187,1.0,0.00035156125501102
2029,P1,column_positional_ablation,source_only,pcc,replace,0.1,0.21893565940983303,0.21893565940983303,0.401877133105802,0.0,0.00025184059171192
2029,P1,column_positional_ablation,target_real_anchor,acc,replace,0.05,0.009388270142180046,0.002687775897088686,0.5925997675319643,0.0,0.00105878927446462
2029,P1,column_positional_ablation,target_real_anchor,acc,replace,0.1,0.009837708192281613,0.003639529451591067,0.4079391891891892,0.39,0.00053836193414868
2029,P1,column_positional_ablation,target_real_anchor,cc,replace,0.05,0.03316999999999995,0.03316999999999995,0.5925997675319643,0.01,0.00105878927446462
2029,P1,column_positional_ablation,target_real_anchor,cc,replace,0.1,0.014849999999999924,0.014809999999999924,0.4079391891891892,0.02,0.00025313706837454
2029,P1,column_positional_ablation,target_real_anchor,dys,replace,0.05,0.00708220897255002,-0.0007890650021988061,0.5925997675319643,0.0,0.00105878927446462
2029,P1,column_positional_ablation,target_real_anchor,dys,replace,0.1,0.007534866068417765,0.000552005652309421,0.4079391891891892,0.5,0.0016316158798943402
2029,P1,column_positional_ablation,target_real_anchor,emq,replace,0.05,0.008582725316645518,-0.007408843963935377,0.5925997675319643,0.0,0.00105878927446462
2029,P1,column_positional_ablation,target_real_anchor,emq,replace,0.1,0.007371338880659741,-0.003712435757943522,0.4079391891891892,0.69,0.0021709501715399537
2029,P1,column_positional_ablation,target_real_anchor,hdy,replace,0.05,0.005793340878090798,-0.001029063361010652,0.5925997675319643,0.0,0.00105878927446462
2029,P1,column_positional_ablation,target_real_anchor,hdy,replace,0.1,0.006673758108729608,-2.852463873816054e-06,0.4079391891891892,0.47,0.0013654060051718135
2029,P1,column_positional_ablation,target_real_anchor,kdey,replace,0.05,0.03174712703945407,-0.03174712703945407,0.5925997675319643,0.0,0.00105878927446462
2029,P1,column_positional_ablation,target_real_anchor,kdey,replace,0.1,0.04332396073505279,-0.04332396073505279,0.4079391891891892,1.0,0.0019178131031654135
2029,P1,column_positional_ablation,target_real_anchor,median_sweep,replace,0.05,0.006886582415387522,-0.0007287273009238841,0.5925997675319643,0.0,0.00105878927446462
2029,P1,column_positional_ablation,target_real_anchor,median_sweep,replace,0.1,0.007395453518887174,0.0003289403139995938,0.4079391891891892,0.5,0.0013654060051718135
2029,P1,column_positional_ablation,target_real_anchor,pacc,replace,0.05,0.006474303545699354,-0.0006573966718429661,0.5925997675319643,0.0,0.00105878927446462
2029,P1,column_positional_ablation,target_real_anchor,pacc,replace,0.1,0.007038271481628247,0.00035064457833429934,0.4079391891891892,0.5,0.0013654060051718135
2029,P1,column_positional_ablation,target_real_anchor,pcc,replace,0.05,0.2458248969856821,0.2458248969856821,0.5925997675319643,1.0,0.00035944815470858
2029,P1,column_positional_ablation,target_real_anchor,pcc,replace,0.1,0.21893565940983303,0.21893565940983303,0.4079391891891892,0.0,0.00025313706837454
2029,P1,datum_transformer,oracle_target,acc,replace,0.05,0.009940046052631525,-0.005499072368421035,0.5793357933579335,0.0,0.00033751609116608
2029,P1,datum_transformer,oracle_target,acc,replace,0.1,0.00959930263157891,-0.004392618421052622,0.3948030176026823,0.62,0.0008619409011916601
2029,P1,datum_transformer,oracle_target,cc,replace,0.05,0.02825999999999995,0.02825999999999995,0.5793357933579335,0.0,0.00033751609116608
2029,P1,datum_transformer,oracle_target,cc,replace,0.1,0.011279999999999922,0.010919999999999923,0.3948030176026823,0.05,0.00108601528437944
2029,P1,datum_transformer,oracle_target,dys,replace,0.05,0.0067785490395768176,0.0005453046666562479,0.5793357933579335,0.0,0.00033751609116608
2029,P1,datum_transformer,oracle_target,dys,replace,0.1,0.006849720881275276,0.0006653016598186808,0.3948030176026823,0.41,0.00146609902596782
2029,P1,datum_transformer,oracle_target,emq,replace,0.05,0.01335683474940113,-0.013178690827866055,0.5793357933579335,0.0,0.00033751609116608
2029,P1,datum_transformer,oracle_target,emq,replace,0.1,0.009436572777730004,-0.00794225834422507,0.3948030176026823,0.81,0.0008619409011916601
2029,P1,datum_transformer,oracle_target,hdy,replace,0.05,0.0061083923328088315,0.00014004031641466999,0.5793357933579335,0.0,0.00033751609116608
2029,P1,datum_transformer,oracle_target,hdy,replace,0.1,0.006545319478885642,0.0012498950719753079,0.3948030176026823,0.41,0.00146609902596782
2029,P1,datum_transformer,oracle_target,kdey,replace,0.05,0.014891468859207198,-0.014862986584703539,0.5793357933579335,0.0,0.00033751609116608
2029,P1,datum_transformer,oracle_target,kdey,replace,0.1,0.018339210542898013,-0.018332516631593965,0.3948030176026823,0.99,0.00038008374158838003
2029,P1,datum_transformer,oracle_target,median_sweep,replace,0.05,0.007550880073262965,-0.000455315098409278,0.5793357933579335,0.0,0.00033751609116608
2029,P1,datum_transformer,oracle_target,median_sweep,replace,0.1,0.008515031431617814,0.000339093201211608,0.3948030176026823,0.47,0.0012894540806872201
2029,P1,datum_transformer,oracle_target,pacc,replace,0.05,0.008568159447196695,0.0008285558441205998,0.5793357933579335,0.0,0.00033751609116608
2029,P1,datum_transformer,oracle_target,pacc,replace,0.1,0.009747275114871688,0.001944015372297373,0.3948030176026823,0.42,0.0012894540806872201
2029,P1,datum_transformer,oracle_target,pcc,replace,0.05,0.22538454064444216,0.22538454064444216,0.5793357933579335,1.0,0.00047559085573396006
2029,P1,datum_transformer,oracle_target,pcc,replace,0.1,0.20093827285498594,0.20093827285498594,0.3948030176026823,0.0,0.00108601528437944
2029,P1,datum_transformer,source_only,acc,replace,0.05,0.009940046052631525,-0.005499072368421035,0.5793357933579335,0.0,0.00033751609116608
2029,P1,datum_transformer,source_only,acc,replace,0.1,0.00959930263157891,-0.004392618421052622,0.3948030176026823,0.62,0.0008619409011916601
2029,P1,datum_transformer,source_only,cc,replace,0.05,0.02825999999999995,0.02825999999999995,0.5793357933579335,0.0,0.00033751609116608
2029,P1,datum_transformer,source_only,cc,replace,0.1,0.011279999999999922,0.010919999999999923,0.3948030176026823,0.05,0.00108601528437944
2029,P1,datum_transformer,source_only,dys,replace,0.05,0.0067785490395768176,0.0005453046666562479,0.5793357933579335,0.0,0.00033751609116608
2029,P1,datum_transformer,source_only,dys,replace,0.1,0.006849720881275276,0.0006653016598186808,0.3948030176026823,0.41,0.00146609902596782
2029,P1,datum_transformer,source_only,emq,replace,0.05,0.01335683474940113,-0.013178690827866055,0.5793357933579335,0.0,0.00033751609116608
2029,P1,datum_transformer,source_only,emq,replace,0.1,0.009436572777730004,-0.00794225834422507,0.3948030176026823,0.81,0.0008619409011916601
2029,P1,datum_transformer,source_only,hdy,replace,0.05,0.0061083923328088315,0.00014004031641466999,0.5793357933579335,0.0,0.00033751609116608
2029,P1,datum_transformer,source_only,hdy,replace,0.1,0.006545319478885642,0.0012498950719753079,0.3948030176026823,0.41,0.00146609902596782
2029,P1,datum_transformer,source_only,kdey,replace,0.05,0.014891468859207198,-0.014862986584703539,0.5793357933579335,0.0,0.00033751609116608
2029,P1,datum_transformer,source_only,kdey,replace,0.1,0.018339210542898013,-0.018332516631593965,0.3948030176026823,0.99,0.00038008374158838003
2029,P1,datum_transformer,source_only,median_sweep,replace,0.05,0.007550880073262965,-0.000455315098409278,0.5793357933579335,0.0,0.00033751609116608
2029,P1,datum_transformer,source_only,median_sweep,replace,0.1,0.008515031431617814,0.000339093201211608,0.3948030176026823,0.47,0.0012894540806872201
2029,P1,datum_transformer,source_only,pacc,replace,0.05,0.008568159447196695,0.0008285558441205998,0.5793357933579335,0.0,0.00033751609116608
2029,P1,datum_transformer,source_only,pacc,replace,0.1,0.009747275114871688,0.001944015372297373,0.3948030176026823,0.42,0.0012894540806872201
2029,P1,datum_transformer,source_only,pcc,replace,0.05,0.22538454064444216,0.22538454064444216,0.5793357933579335,1.0,0.00047559085573396006
2029,P1,datum_transformer,source_only,pcc,replace,0.1,0.20093827285498594,0.20093827285498594,0.3948030176026823,0.0,0.00108601528437944
2029,P1,datum_transformer,target_real_anchor,acc,replace,0.05,0.01003128552971571,-0.000870658914728667,0.6795306757138817,0.0,0.00031979757677706
2029,P1,datum_transformer,target_real_anchor,acc,replace,0.1,0.011495607235142057,-0.00025839147286821774,0.501100352112676,0.53,0.0014314182752429802
2029,P1,datum_transformer,target_real_anchor,cc,replace,0.05,0.054919999999999955,0.054919999999999955,0.6795306757138817,0.73,0.00076200415844888
2029,P1,datum_transformer,target_real_anchor,cc,replace,0.1,0.03785999999999994,0.03785999999999994,0.501100352112676,0.0,0.0008982422477447599
2029,P1,datum_transformer,target_real_anchor,dys,replace,0.05,0.0067785490395768176,0.0005453046666562479,0.6795306757138817,0.0,0.00031979757677706
2029,P1,datum_transformer,target_real_anchor,dys,replace,0.1,0.006849720881275276,0.0006653016598186808,0.501100352112676,0.41,0.0013870139495486
2029,P1,datum_transformer,target_real_anchor,emq,replace,0.05,0.01335683474940113,-0.013178690827866055,0.6795306757138817,0.0,0.00031979757677706
2029,P1,datum_transformer,target_real_anchor,emq,replace,0.1,0.009436572777730004,-0.00794225834422507,0.501100352112676,0.81,0.0010367491712002
2029,P1,datum_transformer,target_real_anchor,hdy,replace,0.05,0.0061083923328088315,0.00014004031641466999,0.6795306757138817,0.0,0.00031979757677706
2029,P1,datum_transformer,target_real_anchor,hdy,replace,0.1,0.006545319478885642,0.0012498950719753079,0.501100352112676,0.41,0.0013870139495486
2029,P1,datum_transformer,target_real_anchor,kdey,replace,0.05,0.014891468859207198,-0.014862986584703539,0.6795306757138817,0.0,0.00031979757677706
2029,P1,datum_transformer,target_real_anchor,kdey,replace,0.1,0.018339210542898013,-0.018332516631593965,0.501100352112676,0.99,0.00057250248626404
2029,P1,datum_transformer,target_real_anchor,median_sweep,replace,0.05,0.007550880073262965,-0.000455315098409278,0.6795306757138817,0.0,0.00031979757677706
2029,P1,datum_transformer,target_real_anchor,median_sweep,replace,0.1,0.008515031431617814,0.000339093201211608,0.501100352112676,0.47,0.00134768749078278
2029,P1,datum_transformer,target_real_anchor,pacc,replace,0.05,0.008568159447196695,0.0008285558441205998,0.6795306757138817,0.0,0.00031979757677706
2029,P1,datum_transformer,target_real_anchor,pacc,replace,0.1,0.009747275114871688,0.001944015372297373,0.501100352112676,0.42,0.00134768749078278
2029,P1,datum_transformer,target_real_anchor,pcc,replace,0.05,0.22538454064444216,0.22538454064444216,0.6795306757138817,1.0,0.00047245770379934
2029,P1,datum_transformer,target_real_anchor,pcc,replace,0.1,0.20093827285498594,0.20093827285498594,0.501100352112676,0.0,0.0008982422477447599
2029,P1,flat_transformer,oracle_target,acc,replace,0.05,0.010792240868706768,-0.00905335307666993,0.5305194805194805,0.0,0.00046111353300154
2029,P1,flat_transformer,oracle_target,acc,replace,0.1,0.011987834814083533,-0.010011954590325733,0.3486486486486486,0.86,0.00042265139201068
2029,P1,flat_transformer,oracle_target,cc,replace,0.05,0.02597999999999994,0.02597999999999994,0.5305194805194805,0.0,0.00046111353300154
2029,P1,flat_transformer,oracle_target,cc,replace,0.1,0.0078099999999999255,0.007309999999999927,0.3486486486486486,0.11,0.00048628678820044
2029,P1,flat_transformer,oracle_target,dys,replace,0.05,0.008225013341862547,-0.0022111554980087512,0.5305194805194805,0.0,0.00046111353300154
2029,P1,flat_transformer,oracle_target,dys,replace,0.1,0.008598528389975853,-0.002789502750779051,0.3486486486486486,0.62,0.00045041760053492007
2029,P1,flat_transformer,oracle_target,emq,replace,0.05,0.027548133311282537,-0.0274799432092513,0.5305194805194805,0.0,0.00046111353300154
2029,P1,flat_transformer,oracle_target,emq,replace,0.1,0.020919498406458254,-0.020555953031730908,0.3486486486486486,0.97,0.00042265139201068
2029,P1,flat_transformer,oracle_target,hdy,replace,0.05,0.008111906834594002,-0.00350183569924651,0.5305194805194805,0.0,0.00046111353300154
2029,P1,flat_transformer,oracle_target,hdy,replace,0.1,0.008577322260019475,-0.004333010987302098,0.3486486486486486,0.63,0.00048628678820044
2029,P1,flat_transformer,oracle_target,kdey,replace,0.05,0.02495209290905608,-0.024932207925187973,0.5305194805194805,0.0,0.00046111353300154
2029,P1,flat_transformer,oracle_target,kdey,replace,0.1,0.019304186495262853,-0.01898807979114244,0.3486486486486486,0.96,0.00042265139201068
2029,P1,flat_transformer,oracle_target,median_sweep,replace,0.05,0.01283515932152315,-0.009715753349066625,0.5305194805194805,0.0,0.00046111353300154
2029,P1,flat_transformer,oracle_target,median_sweep,replace,0.1,0.01346791538413771,-0.009615812024703492,0.3486486486486486,0.74,0.00040482483789978
2029,P1,flat_transformer,oracle_target,pacc,replace,0.05,0.014283599681576662,-0.010940355603580483,0.5305194805194805,0.0,0.00046111353300154
2029,P1,flat_transformer,oracle_target,pacc,replace,0.1,0.014114570325016652,-0.010715935372114498,0.3486486486486486,0.79,0.0004585205796762
2029,P1,flat_transformer,oracle_target,pcc,replace,0.05,0.22348539637779136,0.22348539637779136,0.5305194805194805,1.0,0.00016605705253592
2029,P1,flat_transformer,oracle_target,pcc,replace,0.1,0.19817700871651692,0.19817700871651692,0.3486486486486486,0.0,0.00028770977937744
2029,P1,flat_transformer,source_only,acc,replace,0.05,0.010792240868706768,-0.00905335307666993,0.5305194805194805,0.0,0.00046111353300154
2029,P1,flat_transformer,source_only,acc,replace,0.1,0.011987834814083533,-0.010011954590325733,0.3486486486486486,0.86,0.00042265139201068
2029,P1,flat_transformer,source_only,cc,replace,0.05,0.02597999999999994,0.02597999999999994,0.5305194805194805,0.0,0.00046111353300154
2029,P1,flat_transformer,source_only,cc,replace,0.1,0.0078099999999999255,0.007309999999999927,0.3486486486486486,0.11,0.00048628678820044
2029,P1,flat_transformer,source_only,dys,replace,0.05,0.008225013341862547,-0.0022111554980087512,0.5305194805194805,0.0,0.00046111353300154
2029,P1,flat_transformer,source_only,dys,replace,0.1,0.008598528389975853,-0.002789502750779051,0.3486486486486486,0.62,0.00045041760053492007
2029,P1,flat_transformer,source_only,emq,replace,0.05,0.027548133311282537,-0.0274799432092513,0.5305194805194805,0.0,0.00046111353300154
2029,P1,flat_transformer,source_only,emq,replace,0.1,0.020919498406458254,-0.020555953031730908,0.3486486486486486,0.97,0.00042265139201068
2029,P1,flat_transformer,source_only,hdy,replace,0.05,0.008111906834594002,-0.00350183569924651,0.5305194805194805,0.0,0.00046111353300154
2029,P1,flat_transformer,source_only,hdy,replace,0.1,0.008577322260019475,-0.004333010987302098,0.3486486486486486,0.63,0.00048628678820044
2029,P1,flat_transformer,source_only,kdey,replace,0.05,0.02495209290905608,-0.024932207925187973,0.5305194805194805,0.0,0.00046111353300154
2029,P1,flat_transformer,source_only,kdey,replace,0.1,0.019304186495262853,-0.01898807979114244,0.3486486486486486,0.96,0.00042265139201068
2029,P1,flat_transformer,source_only,median_sweep,replace,0.05,0.01283515932152315,-0.009715753349066625,0.5305194805194805,0.0,0.00046111353300154
2029,P1,flat_transformer,source_only,median_sweep,replace,0.1,0.01346791538413771,-0.009615812024703492,0.3486486486486486,0.74,0.00040482483789978
2029,P1,flat_transformer,source_only,pacc,replace,0.05,0.014283599681576662,-0.010940355603580483,0.5305194805194805,0.0,0.00046111353300154
2029,P1,flat_transformer,source_only,pacc,replace,0.1,0.014114570325016652,-0.010715935372114498,0.3486486486486486,0.79,0.0004585205796762
2029,P1,flat_transformer,source_only,pcc,replace,0.05,0.22348539637779136,0.22348539637779136,0.5305194805194805,1.0,0.00016605705253592
2029,P1,flat_transformer,source_only,pcc,replace,0.1,0.19817700871651692,0.19817700871651692,0.3486486486486486,0.0,0.00028770977937744
2029,P1,flat_transformer,target_real_anchor,acc,replace,0.05,0.012754582385440307,-0.011527679558011006,0.6014146772767461,0.0,0.00016832588669546004
2029,P1,flat_transformer,target_real_anchor,acc,replace,0.1,0.013724748131296672,-0.011800711732206658,0.4168175937904269,0.83,0.00034097336226634
2029,P1,flat_transformer,target_real_anchor,cc,replace,0.05,0.042339999999999954,0.042339999999999954,0.6014146772767461,0.15,0.00016292390060126
2029,P1,flat_transformer,target_real_anchor,cc,replace,0.1,0.02452999999999994,0.02452999999999994,0.4168175937904269,0.0,0.00047224162435557997
2029,P1,flat_transformer,target_real_anchor,dys,replace,0.05,0.008225013341862547,-0.0022111554980087512,0.6014146772767461,0.0,0.00016832588669546004
2029,P1,flat_transformer,target_real_anchor,dys,replace,0.1,0.008598528389975853,-0.002789502750779051,0.4168175937904269,0.62,0.00067654473843852
2029,P1,flat_transformer,target_real_anchor,emq,replace,0.05,0.027548133311282537,-0.0274799432092513,0.6014146772767461,0.0,0.00016832588669546004
2029,P1,flat_transformer,target_real_anchor,emq,replace,0.1,0.020919498406458254,-0.020555953031730908,0.4168175937904269,0.97,0.00034097336226634
2029,P1,flat_transformer,target_real_anchor,hdy,replace,0.05,0.008111906834594002,-0.00350183569924651,0.6014146772767461,0.0,0.00016832588669546004
2029,P1,flat_transformer,target_real_anchor,hdy,replace,0.1,0.008577322260019475,-0.004333010987302098,0.4168175937904269,0.63,0.00072721536800216
2029,P1,flat_transformer,target_real_anchor,kdey,replace,0.05,0.02495209290905608,-0.024932207925187973,0.6014146772767461,0.0,0.00016832588669546004
2029,P1,flat_transformer,target_real_anchor,kdey,replace,0.1,0.019304186495262853,-0.01898807979114244,0.4168175937904269,0.96,0.00034097336226634
2029,P1,flat_transformer,target_real_anchor,median_sweep,replace,0.05,0.01283515932152315,-0.009715753349066625,0.6014146772767461,0.0,0.00016832588669546004
2029,P1,flat_transformer,target_real_anchor,median_sweep,replace,0.1,0.01346791538413771,-0.009615812024703492,0.4168175937904269,0.74,0.00044177442278422004
2029,P1,flat_transformer,target_real_anchor,pacc,replace,0.05,0.014283599681576662,-0.010940355603580483,0.6014146772767461,0.0,0.00016832588669546004
2029,P1,flat_transformer,target_real_anchor,pacc,replace,0.1,0.014114570325016652,-0.010715935372114498,0.4168175937904269,0.79,0.00039164399182997997
2029,P1,flat_transformer,target_real_anchor,pcc,replace,0.05,0.22348539637779136,0.22348539637779136,0.6014146772767461,1.0,0.00023509443481992002
2029,P1,flat_transformer,target_real_anchor,pcc,replace,0.1,0.19817700871651692,0.19817700871651692,0.4168175937904269,0.0,0.00047224162435557997
2029,P2,c2st_lr,oracle_target,acc,replace,0.05,0.11451305555555555,0.07504316666666666,0.9201498991063708,0.46,0.00069123814061484
2029,P2,c2st_lr,oracle_target,acc,replace,0.1,0.13466361111111114,0.06265594444444444,0.845164896590274,0.46,0.0005078947325773199
2029,P2,c2st_lr,oracle_target,cc,replace,0.05,0.006469999999999948,0.0027499999999999482,0.9201498991063708,0.0,0.0
2029,P2,c2st_lr,oracle_target,cc,replace,0.1,0.044669999999999994,-0.044669999999999994,0.845164896590274,1.0,0.00038753848239837996
2029,P2,c2st_lr,oracle_target,dys,replace,0.05,0.0954223821403061,0.079232938052015,0.9201498991063708,0.61,0.00062987157858456
2029,P2,c2st_lr,oracle_target,dys,replace,0.1,0.08757941136291977,0.061926330568104426,0.845164896590274,0.28,0.00063322080996292
2029,P2,c2st_lr,oracle_target,emq,replace,0.05,0.06783614121421817,0.05562340223103398,0.9201498991063708,0.51,7.984135447240001e-05
2029,P2,c2st_lr,oracle_target,emq,replace,0.1,0.06651890569670539,0.05010334408005062,0.845164896590274,0.22,0.00063322080996292
2029,P2,c2st_lr,oracle_target,hdy,replace,0.05,0.06595259134954526,0.05250054104473726,0.9201498991063708,0.53,7.984135447240001e-05
2029,P2,c2st_lr,oracle_target,hdy,replace,0.1,0.06649156229594126,0.04859279885408906,0.845164896590274,0.2,0.00063322080996292
2029,P2,c2st_lr,oracle_target,kdey,replace,0.05,0.07640090679285952,0.06628555375451543,0.9201498991063708,0.62,0.00025248883004328
2029,P2,c2st_lr,oracle_target,kdey,replace,0.1,0.0761329846113798,0.06201501895370156,0.845164896590274,0.15,0.00063322080996292
2029,P2,c2st_lr,oracle_target,pacc,replace,0.05,0.06756775863474818,0.05330958735418129,0.9201498991063708,0.5,7.984135447240001e-05
2029,P2,c2st_lr,oracle_target,pacc,replace,0.1,0.06522695637471507,0.050265707540972676,0.845164896590274,0.2,0.00063322080996292
2029,P2,c2st_lr,oracle_target,pcc,replace,0.05,0.4287976890514838,0.4287976890514838,0.9201498991063708,1.0,0.0015383775999084
2029,P2,c2st_lr,oracle_target,pcc,replace,0.1,0.3813857888921865,0.3813857888921865,0.845164896590274,0.0,0.00044987740192554
2029,P2,c2st_lr,source_only,acc,replace,0.05,0.044233563748079865,-0.043647757296466964,0.993881921076782,0.0,0.00034551103058546
2029,P2,c2st_lr,source_only,acc,replace,0.1,0.09594437788018434,-0.09594437788018434,0.9871712636305324,1.0,0.00014877069703442
2029,P2,c2st_lr,source_only,cc,replace,0.05,0.006819999999999982,-0.005160000000000017,0.993881921076782,0.0,0.00034551103058546
2029,P2,c2st_lr,source_only,cc,replace,0.1,0.05745,-0.05745,0.9871712636305324,1.0,0.00014877069703442
2029,P2,c2st_lr,source_only,dys,replace,0.05,0.04815969106625428,-0.04815969106625428,0.993881921076782,0.0,0.00034551103058546
2029,P2,c2st_lr,source_only,dys,replace,0.1,0.09860189433737052,-0.09860189433737052,0.9871712636305324,1.0,0.00014877069703442
2029,P2,c2st_lr,source_only,emq,replace,0.05,0.04644672202895008,-0.046331982784329,0.993881921076782,0.0,0.00034551103058546
2029,P2,c2st_lr,source_only,emq,replace,0.1,0.09843407610247926,-0.09843407610247926,0.9871712636305324,1.0,0.00014877069703442
2029,P2,c2st_lr,source_only,hdy,replace,0.05,0.046468651596665,-0.04611212112449497,0.993881921076782,0.0,0.00034551103058546
2029,P2,c2st_lr,source_only,hdy,replace,0.1,0.09815039718581167,-0.09815039718581167,0.9871712636305324,1.0,0.00014877069703442
2029,P2,c2st_lr,source_only,kdey,replace,0.05,0.04864547921348026,-0.04864547921348026,0.993881921076782,0.0,0.00034551103058546
2029,P2,c2st_lr,source_only,kdey,replace,0.1,0.0992711485831844,-0.0992711485831844,0.9871712636305324,1.0,0.00014877069703442
2029,P2,c2st_lr,source_only,median_sweep,replace,0.05,0.04738021131808811,-0.04716600191637871,0.993881921076782,0.0,0.00034551103058546
2029,P2,c2st_lr,source_only,median_sweep,replace,0.1,0.09880104846025864,-0.09880104846025864,0.9871712636305324,1.0,0.00014877069703442
2029,P2,c2st_lr,source_only,pacc,replace,0.05,0.04813350000529527,-0.047934223028042997,0.993881921076782,0.0,0.00034551103058546
2029,P2,c2st_lr,source_only,pacc,replace,0.1,0.09891926378444664,-0.09891926378444664,0.9871712636305324,1.0,0.00014877069703442
2029,P2,c2st_lr,source_only,pcc,replace,0.05,0.38271952364243494,0.38271952364243494,0.993881921076782,1.0,0.00023034068705702002
2029,P2,c2st_lr,source_only,pcc,replace,0.1,0.32953740332760695,0.32953740332760695,0.9871712636305324,0.0,0.00034486279225420227
2029,P2,c2st_lr,target_real_anchor,acc,replace,0.05,0.04481365203761754,-0.04415478056426332,0.9937733499377336,0.0,0.00029840571184398
2029,P2,c2st_lr,target_real_anchor,acc,replace,0.1,0.0966473197492163,-0.0966473197492163,0.9869451697127939,1.0,0.0001366702481834378
2029,P2,c2st_lr,target_real_anchor,cc,replace,0.05,0.007339999999999985,-0.005840000000000015,0.9937733499377336,0.0,0.00029840571184398
2029,P2,c2st_lr,target_real_anchor,cc,replace,0.1,0.05806,-0.05806,0.9869451697127939,1.0,0.0001366702481834378
2029,P2,c2st_lr,target_real_anchor,dys,replace,0.05,0.04815969106625428,-0.04815969106625428,0.9937733499377336,0.0,0.00029840571184398
2029,P2,c2st_lr,target_real_anchor,dys,replace,0.1,0.09860189433737052,-0.09860189433737052,0.9869451697127939,1.0,0.0001366702481834378
2029,P2,c2st_lr,target_real_anchor,emq,replace,0.05,0.04644672202895008,-0.046331982784329,0.9937733499377336,0.0,0.00029840571184398
2029,P2,c2st_lr,target_real_anchor,emq,replace,0.1,0.09843407610247926,-0.09843407610247926,0.9869451697127939,1.0,0.0001366702481834378
2029,P2,c2st_lr,target_real_anchor,hdy,replace,0.05,0.046468651596665,-0.04611212112449497,0.9937733499377336,0.0,0.00029840571184398
2029,P2,c2st_lr,target_real_anchor,hdy,replace,0.1,0.09815039718581167,-0.09815039718581167,0.9869451697127939,1.0,0.0001366702481834378
2029,P2,c2st_lr,target_real_anchor,kdey,replace,0.05,0.04864547921348026,-0.04864547921348026,0.9937733499377336,0.0,0.00029840571184398
2029,P2,c2st_lr,target_real_anchor,kdey,replace,0.1,0.0992711485831844,-0.0992711485831844,0.9869451697127939,1.0,0.0001366702481834378
2029,P2,c2st_lr,target_real_anchor,median_sweep,replace,0.05,0.04738021131808811,-0.04716600191637871,0.9937733499377336,0.0,0.00029840571184398
2029,P2,c2st_lr,target_real_anchor,median_sweep,replace,0.1,0.09880104846025864,-0.09880104846025864,0.9869451697127939,1.0,0.0001366702481834378
2029,P2,c2st_lr,target_real_anchor,pacc,replace,0.05,0.04813350000529527,-0.047934223028042997,0.9937733499377336,0.0,0.00029840571184398
2029,P2,c2st_lr,target_real_anchor,pacc,replace,0.1,0.09891926378444664,-0.09891926378444664,0.9869451697127939,1.0,0.0001366702481834378
2029,P2,c2st_lr,target_real_anchor,pcc,replace,0.05,0.38271952364243494,0.38271952364243494,0.9937733499377336,1.0,0.00023034068705702002
2029,P2,c2st_lr,target_real_anchor,pcc,replace,0.1,0.32953740332760695,0.32953740332760695,0.9869451697127939,0.0,0.0003649581805247023
2029,P2,c2st_xgb,oracle_target,acc,replace,0.05,0.012730149659863894,-0.004437324263038537,0.6516102049351735,0.0,0.0001794539780495156
2029,P2,c2st_xgb,oracle_target,acc,replace,0.1,0.01372083446712014,-0.0012797369614512492,0.4697644812221515,0.56,0.0006062108794918401
2029,P2,c2st_xgb,oracle_target,cc,replace,0.05,0.02009999999999994,0.02009999999999994,0.6516102049351735,0.0,0.0001794539780495156
2029,P2,c2st_xgb,oracle_target,cc,replace,0.1,0.007699999999999978,-0.0052600000000000225,0.4697644812221515,0.73,0.00014747422037173999
2029,P2,c2st_xgb,oracle_target,dys,replace,0.05,0.005379435309000876,0.00025834117422849,0.6516102049351735,0.0,0.0001794539780495156
2029,P2,c2st_xgb,oracle_target,dys,replace,0.1,0.009596372018184633,0.002606841309036038,0.4697644812221515,0.4,4.5592762635059995e-05
2029,P2,c2st_xgb,oracle_target,emq,replace,0.05,0.049019818439003694,-0.049019818439003694,0.6516102049351735,0.0,0.0001794539780495156
2029,P2,c2st_xgb,oracle_target,emq,replace,0.1,0.039321758885504286,-0.038936317425342405,0.4697644812221515,0.99,0.00063181629357838
2029,P2,c2st_xgb,oracle_target,hdy,replace,0.05,0.005285279233310441,-9.200540997327577e-05,0.6516102049351735,0.0,0.0001794539780495156
2029,P2,c2st_xgb,oracle_target,hdy,replace,0.1,0.009541932226650887,0.0022567811024737632,0.4697644812221515,0.43,4.5592762635059995e-05
2029,P2,c2st_xgb,oracle_target,kdey,replace,0.05,0.005757216914956116,0.0017167180989890699,0.6516102049351735,0.0,0.0001794539780495156
2029,P2,c2st_xgb,oracle_target,kdey,replace,0.1,0.00982308658472554,0.004490052346898049,0.4697644812221515,0.37,0.0005043294217551601
2029,P2,c2st_xgb,oracle_target,median_sweep,replace,0.05,0.011519565280462812,-0.005801470740345823,0.6516102049351735,0.0,0.0001794539780495156
2029,P2,c2st_xgb,oracle_target,median_sweep,replace,0.1,0.01157612641385172,-0.0019296663588885573,0.4697644812221515,0.57,0.00014747422037173999
2029,P2,c2st_xgb,oracle_target,pacc,replace,0.05,0.015596420929871055,-0.009852370538493731,0.6516102049351735,0.0,0.0001794539780495156
2029,P2,c2st_xgb,oracle_target,pacc,replace,0.1,0.014653718290444078,-0.006185262520172707,0.4697644812221515,0.68,0.00063181629357838
2029,P2,c2st_xgb,oracle_target,pcc,replace,0.05,0.32853487648445795,0.32853487648445795,0.6516102049351735,1.0,0.0001991172074325
2029,P2,c2st_xgb,oracle_target,pcc,replace,0.1,0.29271897255809143,0.29271897255809143,0.4697644812221515,0.0,0.0005414950860833
2029,P2,c2st_xgb,source_only,acc,replace,0.05,0.02116785388127849,-0.02115267694063922,0.6529889606332014,0.0,0.0001794539780495156
2029,P2,c2st_xgb,source_only,acc,replace,0.1,0.03775593036529676,-0.03775593036529676,0.4712789590606157,1.0,0.00061366562030192
2029,P2,c2st_xgb,source_only,cc,replace,0.05,0.02085999999999994,0.02085999999999994,0.6529889606332014,0.0,0.0001794539780495156
2029,P2,c2st_xgb,source_only,cc,replace,0.1,0.007299999999999977,-0.004540000000000023,0.4712789590606157,0.7,0.00012932354709528
2029,P2,c2st_xgb,source_only,dys,replace,0.05,0.015754016197631872,-0.015754016197631872,0.6529889606332014,0.0,0.0001794539780495156
2029,P2,c2st_xgb,source_only,dys,replace,0.1,0.029293415187313078,-0.029278541459497612,0.4712789590606157,0.99,0.00061366562030192
2029,P2,c2st_xgb,source_only,emq,replace,0.05,0.023088562997323706,-0.023088562997323706,0.6529889606332014,0.0,0.0001794539780495156
2029,P2,c2st_xgb,source_only,emq,replace,0.1,0.03504772753628851,-0.03504772753628851,0.4712789590606157,1.0,0.00061366562030192
2029,P2,c2st_xgb,source_only,hdy,replace,0.05,0.017091774269480282,-0.017091774269480282,0.6529889606332014,0.0,0.0001794539780495156
2029,P2,c2st_xgb,source_only,hdy,replace,0.1,0.03132215829989489,-0.03132215829989489,0.4712789590606157,1.0,0.00061366562030192
2029,P2,c2st_xgb,source_only,kdey,replace,0.05,0.016884957133491047,-0.016884957133491047,0.6529889606332014,0.0,0.0001794539780495156
2029,P2,c2st_xgb,source_only,kdey,replace,0.1,0.029493351703581524,-0.02947368479057784,0.4712789590606157,0.99,0.00061366562030192
2029,P2,c2st_xgb,source_only,median_sweep,replace,0.05,0.02325465892447059,-0.02325465892447059,0.6529889606332014,0.0,0.0001794539780495156
2029,P2,c2st_xgb,source_only,median_sweep,replace,0.1,0.03976808306165983,-0.03976808306165983,0.4712789590606157,1.0,0.00061366562030192
2029,P2,c2st_xgb,source_only,pacc,replace,0.05,0.024501849924291205,-0.024501849924291205,0.6529889606332014,0.0,0.0001794539780495156
2029,P2,c2st_xgb,source_only,pacc,replace,0.1,0.04176743153669004,-0.04176743153669004,0.4712789590606157,1.0,0.00061366562030192
2029,P2,c2st_xgb,source_only,pcc,replace,0.05,0.15137645949786027,0.15137645949786027,0.6529889606332014,1.0,0.00020441115380484
2029,P2,c2st_xgb,source_only,pcc,replace,0.1,0.12198055017648832,0.12198055017648832,0.4712789590606157,0.0,0.0005414950860833
2029,P2,c2st_xgb,target_real_anchor,acc,replace,0.05,0.023051501998857752,-0.023034037692746964,0.6810295519542422,0.0,0.00020073780326070002
2029,P2,c2st_xgb,target_real_anchor,acc,replace,0.1,0.039957809822958275,-0.039957809822958275,0.5028231797919762,1.0,0.00060037673451012
2029,P2,c2st_xgb,target_real_anchor,cc,replace,0.05,0.026399999999999944,0.026399999999999944,0.6810295519542422,0.0,0.00020073780326070002
2029,P2,c2st_xgb,target_real_anchor,cc,replace,0.1,0.00660999999999996,0.000749999999999959,0.5028231797919762,0.44,0.00042967397393324
2029,P2,c2st_xgb,target_real_anchor,dys,replace,0.05,0.015754016197631872,-0.015754016197631872,0.6810295519542422,0.0,0.00020073780326070002
2029,P2,c2st_xgb,target_real_anchor,dys,replace,0.1,0.029293415187313078,-0.029278541459497612,0.5028231797919762,0.99,0.00060037673451012
2029,P2,c2st_xgb,target_real_anchor,emq,replace,0.05,0.023088562997323706,-0.023088562997323706,0.6810295519542422,0.0,0.00020073780326070002
2029,P2,c2st_xgb,target_real_anchor,emq,replace,0.1,0.03504772753628851,-0.03504772753628851,0.5028231797919762,1.0,0.00060037673451012
2029,P2,c2st_xgb,target_real_anchor,hdy,replace,0.05,0.017091774269480282,-0.017091774269480282,0.6810295519542422,0.0,0.00020073780326070002
2029,P2,c2st_xgb,target_real_anchor,hdy,replace,0.1,0.03132215829989489,-0.03132215829989489,0.5028231797919762,1.0,0.00060037673451012
2029,P2,c2st_xgb,target_real_anchor,kdey,replace,0.05,0.016884957133491047,-0.016884957133491047,0.6810295519542422,0.0,0.00020073780326070002
2029,P2,c2st_xgb,target_real_anchor,kdey,replace,0.1,0.029493351703581524,-0.02947368479057784,0.5028231797919762,0.99,0.00060037673451012
2029,P2,c2st_xgb,target_real_anchor,median_sweep,replace,0.05,0.02325465892447059,-0.02325465892447059,0.6810295519542422,0.0,0.00020073780326070002
2029,P2,c2st_xgb,target_real_anchor,median_sweep,replace,0.1,0.03976808306165983,-0.03976808306165983,0.5028231797919762,1.0,0.00060037673451012
2029,P2,c2st_xgb,target_real_anchor,pacc,replace,0.05,0.024501849924291205,-0.024501849924291205,0.6810295519542422,0.0,0.00020073780326070002
2029,P2,c2st_xgb,target_real_anchor,pacc,replace,0.1,0.04176743153669004,-0.04176743153669004,0.5028231797919762,1.0,0.00060037673451012
2029,P2,c2st_xgb,target_real_anchor,pcc,replace,0.05,0.15137645949786027,0.15137645949786027,0.6810295519542422,1.0,0.00018453184497809334
2029,P2,c2st_xgb,target_real_anchor,pcc,replace,0.1,0.12198055017648832,0.12198055017648832,0.5028231797919762,0.0,0.00054927394605894
2029,P2,char3gram,oracle_target,acc,replace,0.05,0.016032042944785226,-0.007657785276073606,0.6963581535606589,0.0,0.00024190093729857558
2029,P2,char3gram,oracle_target,acc,replace,0.1,0.020006239263803627,0.0004184723926380289,0.5206883925302087,0.53,0.0008888427919408358
2029,P2,char3gram,oracle_target,cc,replace,0.05,0.014329999999999933,0.014329999999999933,0.6963581535606589,0.0,0.00024190093729857558
2029,P2,char3gram,oracle_target,cc,replace,0.1,0.01603,-0.015770000000000003,0.5206883925302087,0.97,0.0005060580573053757
2029,P2,char3gram,oracle_target,dys,replace,0.05,0.01799477606637735,-0.008188832114405667,0.6963581535606589,0.0,0.00024190093729857558
2029,P2,char3gram,oracle_target,dys,replace,0.1,0.02107449538245061,-0.007998710900908599,0.5206883925302087,0.67,0.0005060580573053757
2029,P2,char3gram,oracle_target,emq,replace,0.05,0.048539040206733206,-0.048539040206733206,0.6963581535606589,0.0,0.00024190093729857558
2029,P2,char3gram,oracle_target,emq,replace,0.1,0.05408368797733172,-0.05293646357644748,0.5206883925302087,0.96,0.0005060580573053757
2029,P2,char3gram,oracle_target,hdy,replace,0.05,0.014350261523936314,-0.008205801376822107,0.6963581535606589,0.0,0.00024190093729857558
2029,P2,char3gram,oracle_target,hdy,replace,0.1,0.017754229335895565,-0.0038531457494555593,0.5206883925302087,0.57,0.0005060580573053757
2029,P2,char3gram,oracle_target,kdey,replace,0.05,0.023433795411361685,-0.021611593098171924,0.6963581535606589,0.0,0.00024190093729857558
2029,P2,char3gram,oracle_target,kdey,replace,0.1,0.0219504967887809,-0.01602426821269876,0.5206883925302087,0.76,0.0005060580573053757
2029,P2,char3gram,oracle_target,median_sweep,replace,0.05,0.02175215250087614,-0.01527006291899165,0.6963581535606589,0.01,0.00024190093729857558
2029,P2,char3gram,oracle_target,median_sweep,replace,0.1,0.0233288677220835,-0.00986773453264611,0.5206883925302087,0.68,0.0005060580573053757
2029,P2,char3gram,oracle_target,pacc,replace,0.05,0.022208335227857354,-0.01532551476026538,0.6963581535606589,0.01,0.00024190093729857558
2029,P2,char3gram,oracle_target,pacc,replace,0.1,0.02522406159575072,-0.009908249923363942,0.5206883925302087,0.66,0.0007480670343258557
2029,P2,char3gram,oracle_target,pcc,replace,0.05,0.37027829394939,0.37027829394939,0.6963581535606589,1.0,0.00065234384073652
2029,P2,char3gram,oracle_target,pcc,replace,0.1,0.3298718508440917,0.3298718508440917,0.5206883925302087,0.0,0.0007719438128622
2029,P2,char3gram,source_only,acc,replace,0.05,0.02612353043478257,-0.025960713043478228,0.6961966604823747,0.0,0.00024190093729857558
2029,P2,char3gram,source_only,acc,replace,0.1,0.042967815652173884,-0.042967815652173884,0.520497803806735,1.0,0.0005060580573053757
2029,P2,char3gram,source_only,cc,replace,0.05,0.014349999999999934,0.014349999999999934,0.6961966604823747,0.0,0.00024190093729857558
2029,P2,char3gram,source_only,cc,replace,0.1,0.015969999999999998,-0.015710000000000002,0.520497803806735,0.97,0.0005060580573053757
2029,P2,char3gram,source_only,dys,replace,0.05,0.027606121698914583,-0.027606121698914583,0.6961966604823747,0.0,0.00024190093729857558
2029,P2,char3gram,source_only,dys,replace,0.1,0.04987463625033312,-0.04987463625033312,0.520497803806735,1.0,0.0005060580573053757
2029,P2,char3gram,source_only,emq,replace,0.05,0.047054243909885586,-0.047054243909885586,0.6961966604823747,0.0,0.00024190093729857558
2029,P2,char3gram,source_only,emq,replace,0.1,0.06959214370022929,-0.06959214370022929,0.520497803806735,1.0,0.0005060580573053757
2029,P2,char3gram,source_only,hdy,replace,0.05,0.029667336934174723,-0.029667336934174723,0.6961966604823747,0.0,0.00024190093729857558
2029,P2,char3gram,source_only,hdy,replace,0.1,0.05300599843592115,-0.05300599843592115,0.520497803806735,1.0,0.0005060580573053757
2029,P2,char3gram,source_only,kdey,replace,0.05,0.03750543331953848,-0.03750543331953848,0.6961966604823747,0.0,0.00024190093729857558
2029,P2,char3gram,source_only,kdey,replace,0.1,0.056165101222880015,-0.056165101222880015,0.520497803806735,1.0,0.0005060580573053757
2029,P2,char3gram,source_only,median_sweep,replace,0.05,0.030746562905895218,-0.030568662441951177,0.6961966604823747,0.0,0.00024190093729857558
2029,P2,char3gram,source_only,median_sweep,replace,0.1,0.050247379678801274,-0.050247379678801274,0.520497803806735,1.0,0.0005060580573053757
2029,P2,char3gram,source_only,pacc,replace,0.05,0.03065699326461571,-0.030519597204753213,0.6961966604823747,0.0,0.00024190093729857558
2029,P2,char3gram,source_only,pacc,replace,0.1,0.04973992958129716,-0.04973992958129716,0.520497803806735,1.0,0.0005060580573053757
2029,P2,char3gram,source_only,pcc,replace,0.05,0.21181221153936833,0.21181221153936833,0.6961966604823747,1.0,0.00065234384073652
2029,P2,char3gram,source_only,pcc,replace,0.1,0.17715685242539986,0.17715685242539986,0.520497803806735,0.0,0.0007719438128622
2029,P2,char3gram,target_real_anchor,acc,replace,0.05,0.022873995350381884,-0.022023454001992654,0.7698250039413527,0.0,0.00026988322526655997
2029,P2,char3gram,target_real_anchor,acc,replace,0.1,0.03952611424775817,-0.039483829292593774,0.6130400212032865,0.99,0.00072970028160546
2029,P2,char3gram,target_real_anchor,cc,replace,0.05,0.04101999999999995,0.04101999999999995,0.7698250039413527,0.13,0.00026988322526655997
2029,P2,char3gram,target_real_anchor,cc,replace,0.1,0.013109999999999929,0.011669999999999929,0.6130400212032865,0.13,0.00072289377912684
2029,P2,char3gram,target_real_anchor,dys,replace,0.05,0.027606121698914583,-0.027606121698914583,0.7698250039413527,0.0,0.00026988322526655997
2029,P2,char3gram,target_real_anchor,dys,replace,0.1,0.04987463625033312,-0.04987463625033312,0.6130400212032865,1.0,0.00072970028160546
2029,P2,char3gram,target_real_anchor,emq,replace,0.05,0.047054243909885586,-0.047054243909885586,0.7698250039413527,0.0,0.00026988322526655997
2029,P2,char3gram,target_real_anchor,emq,replace,0.1,0.06959214370022929,-0.06959214370022929,0.6130400212032865,1.0,0.00072970028160546
2029,P2,char3gram,target_real_anchor,hdy,replace,0.05,0.029667336934174723,-0.029667336934174723,0.7698250039413527,0.0,0.00026988322526655997
2029,P2,char3gram,target_real_anchor,hdy,replace,0.1,0.05300599843592115,-0.05300599843592115,0.6130400212032865,1.0,0.00072970028160546
2029,P2,char3gram,target_real_anchor,kdey,replace,0.05,0.03750543331953848,-0.03750543331953848,0.7698250039413527,0.0,0.00026988322526655997
2029,P2,char3gram,target_real_anchor,kdey,replace,0.1,0.056165101222880015,-0.056165101222880015,0.6130400212032865,1.0,0.00072970028160546
2029,P2,char3gram,target_real_anchor,median_sweep,replace,0.05,0.030746562905895218,-0.030568662441951177,0.7698250039413527,0.0,0.00026988322526655997
2029,P2,char3gram,target_real_anchor,median_sweep,replace,0.1,0.050247379678801274,-0.050247379678801274,0.6130400212032865,1.0,0.00072970028160546
2029,P2,char3gram,target_real_anchor,pacc,replace,0.05,0.03065699326461571,-0.030519597204753213,0.7698250039413527,0.0,0.00026988322526655997
2029,P2,char3gram,target_real_anchor,pacc,replace,0.1,0.04973992958129716,-0.04973992958129716,0.6130400212032865,1.0,0.00072970028160546
2029,P2,char3gram,target_real_anchor,pcc,replace,0.05,0.21181221153936833,0.21181221153936833,0.7698250039413527,1.0,0.00042740513977364004
2029,P2,char3gram,target_real_anchor,pcc,replace,0.1,0.17715685242539986,0.17715685242539986,0.6130400212032865,0.0,0.00072289377912684
2029,P2,column_positional_ablation,oracle_target,acc,replace,0.05,0.010816003691739686,0.000531582833410255,0.6623780867399875,0.0,3.565310822176e-05
2029,P2,column_positional_ablation,oracle_target,acc,replace,0.1,0.015084873096446669,0.003787152745731431,0.4816820643517044,0.37,0.00083039330240154
2029,P2,column_positional_ablation,oracle_target,cc,replace,0.05,0.022419999999999937,0.022419999999999937,0.6623780867399875,0.0,3.565310822176e-05
2029,P2,column_positional_ablation,oracle_target,cc,replace,0.1,0.007199999999999968,-0.0033200000000000317,0.4816820643517044,0.62,0.00083039330240154
2029,P2,column_positional_ablation,oracle_target,dys,replace,0.05,0.007304718041078228,0.00247646015739104,0.6623780867399875,0.0,3.565310822176e-05
2029,P2,column_positional_ablation,oracle_target,dys,replace,0.1,0.010923568114489794,0.005998112761151078,0.4816820643517044,0.34,0.0014355237846746
2029,P2,column_positional_ablation,oracle_target,emq,replace,0.05,0.009416131831301638,-0.005883754830064541,0.6623780867399875,0.0,3.565310822176e-05
2029,P2,column_positional_ablation,oracle_target,emq,replace,0.1,0.010819660903696024,0.0007323196836226795,0.4816820643517044,0.51,0.00145756388793898
2029,P2,column_positional_ablation,oracle_target,hdy,replace,0.05,0.0073851632373961055,0.0027281768442543107,0.6623780867399875,0.0,3.565310822176e-05
2029,P2,column_positional_ablation,oracle_target,hdy,replace,0.1,0.01108796501084772,0.006356927975352833,0.4816820643517044,0.29,0.0014355237846746
2029,P2,column_positional_ablation,oracle_target,kdey,replace,0.05,0.049977528394150046,-0.049977528394150046,0.6623780867399875,0.0,3.565310822176e-05
2029,P2,column_positional_ablation,oracle_target,kdey,replace,0.1,0.09094447234078894,-0.09094447234078894,0.4816820643517044,1.0,0.00047764361044978006
2029,P2,column_positional_ablation,oracle_target,median_sweep,replace,0.05,0.00847897535036893,0.002360983234998521,0.6623780867399875,0.0,3.565310822176e-05
2029,P2,column_positional_ablation,oracle_target,median_sweep,replace,0.1,0.012142823045840594,0.005894928186143014,0.4816820643517044,0.31,0.00145756388793898
2029,P2,column_positional_ablation,oracle_target,pacc,replace,0.05,0.008233344329879577,0.0017894898341261891,0.6623780867399875,0.0,3.565310822176e-05
2029,P2,column_positional_ablation,oracle_target,pacc,replace,0.1,0.01180805491881256,0.005393111641567582,0.4816820643517044,0.32,0.00145756388793898
2029,P2,column_positional_ablation,oracle_target,pcc,replace,0.05,0.3171783633222639,0.3171783633222639,0.6623780867399875,1.0,0.00021456688766195356
2029,P2,column_positional_ablation,oracle_target,pcc,replace,0.1,0.28306594995202566,0.28306594995202566,0.4816820643517044,0.0,0.0015466966584934002
2029,P2,column_positional_ablation,source_only,acc,replace,0.05,0.011717273056057818,-0.009554488245931261,0.6700445885691121,0.0,3.565310822176e-05
2029,P2,column_positional_ablation,source_only,acc,replace,0.1,0.018957074141048788,-0.017971598553345364,0.4902943018159047,0.9,0.00047753557072789996
2029,P2,column_positional_ablation,source_only,cc,replace,0.05,0.023119999999999936,0.023119999999999936,0.6700445885691121,0.0,3.565310822176e-05
2029,P2,column_positional_ablation,source_only,cc,replace,0.1,0.006949999999999967,-0.002710000000000034,0.4902943018159047,0.6,0.00082898878601706
2029,P2,column_positional_ablation,source_only,dys,replace,0.05,0.00985270826252316,-0.008751056215472716,0.6700445885691121,0.0,3.565310822176e-05
2029,P2,column_positional_ablation,source_only,dys,replace,0.1,0.01607041390647687,-0.015409132736201172,0.4902943018159047,0.91,0.00047753557072789996
2029,P2,column_positional_ablation,source_only,emq,replace,0.05,0.013997419661804091,-0.013555610502751964,0.6700445885691121,0.0,3.565310822176e-05
2029,P2,column_positional_ablation,source_only,emq,replace,0.1,0.018712536815902424,-0.018326063579627537,0.4902943018159047,0.97,0.00047753557072789996
2029,P2,column_positional_ablation,source_only,hdy,replace,0.05,0.010148572493201467,-0.00921578880242102,0.6700445885691121,0.0,3.565310822176e-05
2029,P2,column_positional_ablation,source_only,hdy,replace,0.1,0.01627874811712626,-0.015802566558665142,0.4902943018159047,0.95,0.00047753557072789996
2029,P2,column_positional_ablation,source_only,kdey,replace,0.05,0.04961429783676639,-0.04961429783676639,0.6700445885691121,0.0,3.565310822176e-05
2029,P2,column_positional_ablation,source_only,kdey,replace,0.1,0.08149311153979259,-0.08149311153979259,0.4902943018159047,1.0,0.00047753557072789996
2029,P2,column_positional_ablation,source_only,median_sweep,replace,0.05,0.009731756836027398,-0.0079413820727848,0.6700445885691121,0.0,3.565310822176e-05
2029,P2,column_positional_ablation,source_only,median_sweep,replace,0.1,0.0156715684589067,-0.014854951041292168,0.4902943018159047,0.92,0.00047753557072789996
2029,P2,column_positional_ablation,source_only,pacc,replace,0.05,0.010015595323447011,-0.008498808633787502,0.6700445885691121,0.0,3.565310822176e-05
2029,P2,column_positional_ablation,source_only,pacc,replace,0.1,0.016253089539292397,-0.01558038251526573,0.4902943018159047,0.93,0.00047753557072789996
2029,P2,column_positional_ablation,source_only,pcc,replace,0.05,0.2619897300326181,0.2619897300326181,0.6700445885691121,1.0,0.00020603174963312686
2029,P2,column_positional_ablation,source_only,pcc,replace,0.1,0.2295882357217983,0.2295882357217983,0.4902943018159047,0.0,0.00154075447378978
2029,P2,column_positional_ablation,target_real_anchor,acc,replace,0.05,0.012336032200357745,-0.010643967799642192,0.5905989385898408,0.0,0.00032908899285906
2029,P2,column_positional_ablation,target_real_anchor,acc,replace,0.1,0.01937487656529513,-0.01831602862254022,0.4059405940594059,0.92,0.00038959123711416
2029,P2,column_positional_ablation,target_real_anchor,cc,replace,0.05,0.00844999999999992,0.008229999999999921,0.5905989385898408,0.0,0.00032908899285906
2029,P2,column_positional_ablation,target_real_anchor,cc,replace,0.1,0.01706,-0.016900000000000002,0.4059405940594059,0.99,0.00038959123711416
2029,P2,column_positional_ablation,target_real_anchor,dys,replace,0.05,0.00985270826252316,-0.008751056215472716,0.5905989385898408,0.0,0.00032908899285906
2029,P2,column_positional_ablation,target_real_anchor,dys,replace,0.1,0.01607041390647687,-0.015409132736201172,0.4059405940594059,0.91,0.00038959123711416
2029,P2,column_positional_ablation,target_real_anchor,emq,replace,0.05,0.013997419661804091,-0.013555610502751964,0.5905989385898408,0.0,0.00032908899285906
2029,P2,column_positional_ablation,target_real_anchor,emq,replace,0.1,0.018712536815902424,-0.018326063579627537,0.4059405940594059,0.97,0.00038959123711416
2029,P2,column_positional_ablation,target_real_anchor,hdy,replace,0.05,0.010148572493201467,-0.00921578880242102,0.5905989385898408,0.0,0.00032908899285906
2029,P2,column_positional_ablation,target_real_anchor,hdy,replace,0.1,0.01627874811712626,-0.015802566558665142,0.4059405940594059,0.95,0.00038959123711416
2029,P2,column_positional_ablation,target_real_anchor,kdey,replace,0.05,0.04961429783676639,-0.04961429783676639,0.5905989385898408,0.0,0.00032908899285906
2029,P2,column_positional_ablation,target_real_anchor,kdey,replace,0.1,0.08149311153979259,-0.08149311153979259,0.4059405940594059,1.0,0.00038959123711416
2029,P2,column_positional_ablation,target_real_anchor,median_sweep,replace,0.05,0.009731756836027398,-0.0079413820727848,0.5905989385898408,0.0,0.00032908899285906
2029,P2,column_positional_ablation,target_real_anchor,median_sweep,replace,0.1,0.0156715684589067,-0.014854951041292168,0.4059405940594059,0.92,0.00038959123711416
2029,P2,column_positional_ablation,target_real_anchor,pacc,replace,0.05,0.010015595323447011,-0.008498808633787502,0.5905989385898408,0.0,0.00032908899285906
2029,P2,column_positional_ablation,target_real_anchor,pacc,replace,0.1,0.016253089539292397,-0.01558038251526573,0.4059405940594059,0.93,0.00038959123711416
2029,P2,column_positional_ablation,target_real_anchor,pcc,replace,0.05,0.2619897300326181,0.2619897300326181,0.5905989385898408,1.0,0.00023282560066037998
2029,P2,column_positional_ablation,target_real_anchor,pcc,replace,0.1,0.2295882357217983,0.2295882357217983,0.4059405940594059,0.0,0.00116520840052048
2029,P2,datum_transformer,oracle_target,acc,replace,0.05,0.012978395920259572,-0.005211200741770962,0.642653195695146,0.0,0.00018366752720302
2029,P2,datum_transformer,oracle_target,acc,replace,0.1,0.013851766342141827,-0.0017969494668521005,0.4600066379024229,0.49,0.00105932947307408
2029,P2,datum_transformer,oracle_target,cc,replace,0.05,0.01991999999999994,0.01991999999999994,0.642653195695146,0.0,0.00018366752720302
2029,P2,datum_transformer,oracle_target,cc,replace,0.1,0.007819999999999987,-0.0058600000000000145,0.4600066379024229,0.76,0.00070031347725296
2029,P2,datum_transformer,oracle_target,dys,replace,0.05,0.009073467671524777,-0.004482655517129311,0.642653195695146,0.0,0.00018366752720302
2029,P2,datum_transformer,oracle_target,dys,replace,0.1,0.0108416330879557,-0.0006446820410357449,0.4600066379024229,0.53,0.00105932947307408
2029,P2,datum_transformer,oracle_target,emq,replace,0.05,0.015621616730424354,-0.01516015302294063,0.642653195695146,0.0,0.00018366752720302
2029,P2,datum_transformer,oracle_target,emq,replace,0.1,0.011889149246692344,-0.006627897237388686,0.4600066379024229,0.72,0.00070031347725296
2029,P2,datum_transformer,oracle_target,hdy,replace,0.05,0.007070640310345452,-0.003883300372086556,0.642653195695146,0.0,0.00018366752720302
2029,P2,datum_transformer,oracle_target,hdy,replace,0.1,0.0094824881802401,-0.000969836039862479,0.4600066379024229,0.56,0.00051707810893754
2029,P2,datum_transformer,oracle_target,kdey,replace,0.05,0.0451219209846754,-0.0451219209846754,0.642653195695146,0.0,0.00018366752720302
2029,P2,datum_transformer,oracle_target,kdey,replace,0.1,0.06283468802783751,-0.06283468802783751,0.4600066379024229,1.0,0.00070031347725296
2029,P2,datum_transformer,oracle_target,median_sweep,replace,0.05,0.009049982245894319,-0.004483839325343964,0.642653195695146,0.0,0.00018366752720302
2029,P2,datum_transformer,oracle_target,median_sweep,replace,0.1,0.010823222370173042,-0.0006640745672436668,0.4600066379024229,0.53,0.00105932947307408
2029,P2,datum_transformer,oracle_target,pacc,replace,0.05,0.008742683204029962,-0.004561306054811792,0.642653195695146,0.0,0.00018366752720302
2029,P2,datum_transformer,oracle_target,pacc,replace,0.1,0.010555597904896335,-0.0008233535871701271,0.4600066379024229,0.52,0.00105932947307408
2029,P2,datum_transformer,oracle_target,pcc,replace,0.05,0.3149776402865603,0.3149776402865603,0.642653195695146,1.0,0.0005255052072445311
2029,P2,datum_transformer,oracle_target,pcc,replace,0.1,0.2809439582611947,0.2809439582611947,0.4600066379024229,0.0,0.0012970168612191802
2029,P2,datum_transformer,source_only,acc,replace,0.05,0.016457234646787312,-0.01540125310614125,0.6485201987470296,0.0,0.00017383591251154
2029,P2,datum_transformer,source_only,acc,replace,0.1,0.024650848420305245,-0.024248221512247026,0.4663824204657265,0.98,0.0006898336242301999
2029,P2,datum_transformer,source_only,cc,replace,0.05,0.020309999999999943,0.020309999999999943,0.6485201987470296,0.0,0.00017383591251154
2029,P2,datum_transformer,source_only,cc,replace,0.1,0.0075999999999999835,-0.0053200000000000166,0.4663824204657265,0.7,0.00051707810893754
2029,P2,datum_transformer,source_only,dys,replace,0.05,0.0139540461272315,-0.013659894712734091,0.6485201987470296,0.0,0.00017383591251154
2029,P2,datum_transformer,source_only,dys,replace,0.1,0.0208661876500588,-0.020691310181689473,0.4663824204657265,0.98,0.0006898336242301999
2029,P2,datum_transformer,source_only,emq,replace,0.05,0.020572300778485673,-0.020564875965907888,0.6485201987470296,0.0,0.00017383591251154
2029,P2,datum_transformer,source_only,emq,replace,0.1,0.024188420621774467,-0.024008906934622817,0.4663824204657265,0.99,0.0006898336242301999
2029,P2,datum_transformer,source_only,hdy,replace,0.05,0.013106130882082158,-0.012871856888090352,0.6485201987470296,0.0,0.00017383591251154
2029,P2,datum_transformer,source_only,hdy,replace,0.1,0.020143178489177443,-0.01985725483182266,0.4663824204657265,0.99,0.0006898336242301999
2029,P2,datum_transformer,source_only,kdey,replace,0.05,0.04050829465948274,-0.04050829465948274,0.6485201987470296,0.0,0.00017383591251154
2029,P2,datum_transformer,source_only,kdey,replace,0.1,0.05851539225273885,-0.05851539225273885,0.4663824204657265,1.0,0.0006898336242301999
2029,P2,datum_transformer,source_only,median_sweep,replace,0.05,0.013937529512068765,-0.013638995338280991,0.6485201987470296,0.0,0.00017383591251154
2029,P2,datum_transformer,source_only,median_sweep,replace,0.1,0.020823526660530303,-0.02064569016575078,0.4663824204657265,0.98,0.0006898336242301999
2029,P2,datum_transformer,source_only,pacc,replace,0.05,0.013986984513559475,-0.01372654903284732,0.6485201987470296,0.0,0.00017383591251154
2029,P2,datum_transformer,source_only,pacc,replace,0.1,0.021002569685014474,-0.020813861924042398,0.4663824204657265,0.99,0.0006898336242301999
2029,P2,datum_transformer,source_only,pcc,replace,0.05,0.25867002795620914,0.25867002795620914,0.6485201987470296,1.0,0.0005335001466639311
2029,P2,datum_transformer,source_only,pcc,replace,0.1,0.22637634713564053,0.22637634713564053,0.4663824204657265,0.0,0.00130220276786962
2029,P2,datum_transformer,target_real_anchor,acc,replace,0.05,0.0136492589978828,-0.012258313338038078,0.619807556911523,0.0,0.00036711897496226
2029,P2,datum_transformer,target_real_anchor,acc,replace,0.1,0.021350359915314004,-0.02079822159491881,0.4357366771159875,0.95,0.00069242657755548
2029,P2,datum_transformer,target_real_anchor,cc,replace,0.05,0.01641999999999993,0.01641999999999993,0.619807556911523,0.0,0.00036711897496226
2029,P2,datum_transformer,target_real_anchor,cc,replace,0.1,0.009679999999999992,-0.008880000000000006,0.4357366771159875,0.85,0.00069242657755548
2029,P2,datum_transformer,target_real_anchor,dys,replace,0.05,0.0139540461272315,-0.013659894712734091,0.619807556911523,0.0,0.00036711897496226
2029,P2,datum_transformer,target_real_anchor,dys,replace,0.1,0.0208661876500588,-0.020691310181689473,0.4357366771159875,0.98,0.00069242657755548
2029,P2,datum_transformer,target_real_anchor,emq,replace,0.05,0.020572300778485673,-0.020564875965907888,0.619807556911523,0.0,0.00036711897496226
2029,P2,datum_transformer,target_real_anchor,emq,replace,0.1,0.024188420621774467,-0.024008906934622817,0.4357366771159875,0.99,0.00069242657755548
2029,P2,datum_transformer,target_real_anchor,hdy,replace,0.05,0.013106130882082158,-0.012871856888090352,0.619807556911523,0.0,0.00036711897496226
2029,P2,datum_transformer,target_real_anchor,hdy,replace,0.1,0.020143178489177443,-0.01985725483182266,0.4357366771159875,0.99,0.00069242657755548
2029,P2,datum_transformer,target_real_anchor,kdey,replace,0.05,0.04050829465948274,-0.04050829465948274,0.619807556911523,0.0,0.00036711897496226
2029,P2,datum_transformer,target_real_anchor,kdey,replace,0.1,0.05851539225273885,-0.05851539225273885,0.4357366771159875,1.0,0.00069242657755548
2029,P2,datum_transformer,target_real_anchor,median_sweep,replace,0.05,0.013937529512068765,-0.013638995338280991,0.619807556911523,0.0,0.00036711897496226
2029,P2,datum_transformer,target_real_anchor,median_sweep,replace,0.1,0.020823526660530303,-0.02064569016575078,0.4357366771159875,0.98,0.00069242657755548
2029,P2,datum_transformer,target_real_anchor,pacc,replace,0.05,0.013986984513559475,-0.01372654903284732,0.619807556911523,0.0,0.00036711897496226
2029,P2,datum_transformer,target_real_anchor,pacc,replace,0.1,0.021002569685014474,-0.020813861924042398,0.4357366771159875,0.99,0.00069242657755548
2029,P2,datum_transformer,target_real_anchor,pcc,replace,0.05,0.25867002795620914,0.25867002795620914,0.619807556911523,1.0,0.0005508945418872801
2029,P2,datum_transformer,target_real_anchor,pcc,replace,0.1,0.22637634713564053,0.22637634713564053,0.4357366771159875,0.0,0.00127281596351714
2029,P2,flat_transformer,oracle_target,acc,replace,0.05,0.014655042979942641,-0.009432674307545354,0.6232469693368196,0.0,0.00012662255404820001
2029,P2,flat_transformer,oracle_target,acc,replace,0.1,0.017093046800382004,-0.007336714422158544,0.4393349840820657,0.68,0.0002912750901996691
2029,P2,flat_transformer,oracle_target,cc,replace,0.05,0.016709999999999937,0.01656999999999994,0.6232469693368196,0.0,0.00012662255404820001
2029,P2,flat_transformer,oracle_target,cc,replace,0.1,0.011859999999999989,-0.010440000000000012,0.4393349840820657,0.86,1.7934593832769075e-05
2029,P2,flat_transformer,oracle_target,dys,replace,0.05,0.012187878015102984,-0.007923479172843305,0.6232469693368196,0.0,0.00012662255404820001
2029,P2,flat_transformer,oracle_target,dys,replace,0.1,0.015479433559287001,-0.006206904064581329,0.4393349840820657,0.68,1.7934593832769075e-05
2029,P2,flat_transformer,oracle_target,emq,replace,0.05,0.045728316544713606,-0.045728316544713606,0.6232469693368196,0.0,0.00012662255404820001
2029,P2,flat_transformer,oracle_target,emq,replace,0.1,0.044681843487530716,-0.04292913064086295,0.4393349840820657,0.94,1.7934593832769075e-05
2029,P2,flat_transformer,oracle_target,hdy,replace,0.05,0.011863926777430192,-0.006892665273904744,0.6232469693368196,0.0,0.00012662255404820001
2029,P2,flat_transformer,oracle_target,hdy,replace,0.1,0.015053717148966812,-0.004886593842484612,0.4393349840820657,0.65,0.00031958149733326907
2029,P2,flat_transformer,oracle_target,kdey,replace,0.05,0.04997469366443376,-0.04997469366443376,0.6232469693368196,0.0,0.00012662255404820001
2029,P2,flat_transformer,oracle_target,kdey,replace,0.1,0.0736405883064955,-0.0736405883064955,0.4393349840820657,1.0,1.7934593832769075e-05
2029,P2,flat_transformer,oracle_target,median_sweep,replace,0.05,0.01750539066851811,-0.005589772716435015,0.6232469693368196,0.01,0.00012662255404820001
2029,P2,flat_transformer,oracle_target,median_sweep,replace,0.1,0.018748637542295752,-0.0016520515975233891,0.4393349840820657,0.5,0.0002912750901996691
2029,P2,flat_transformer,oracle_target,pacc,replace,0.05,0.018924706575587754,-0.008215045772305092,0.6232469693368196,0.01,0.00012662255404820001
2029,P2,flat_transformer,oracle_target,pacc,replace,0.1,0.02043386838842588,-0.004850822007609233,0.4393349840820657,0.57,0.0002912750901996691
2029,P2,flat_transformer,oracle_target,pcc,replace,0.05,0.36175433412400915,0.36175433412400915,0.6232469693368196,1.0,0.00042718906032989995
2029,P2,flat_transformer,oracle_target,pcc,replace,0.1,0.3221060317043285,0.3221060317043285,0.4393349840820657,0.0,0.00135308947687704
2029,P2,flat_transformer,source_only,acc,replace,0.05,0.022942094926350198,-0.022942094926350198,0.6264719736222326,0.0,0.00013634612901774
2029,P2,flat_transformer,source_only,acc,replace,0.1,0.03718652700490994,-0.03712556464811779,0.4427266338721012,0.99,1.0803972188400125e-05
2029,P2,flat_transformer,source_only,cc,replace,0.05,0.017259999999999942,0.017139999999999943,0.6264719736222326,0.0,0.00013634612901774
2029,P2,flat_transformer,source_only,cc,replace,0.1,0.011439999999999988,-0.009800000000000012,0.4427266338721012,0.85,1.0803972188400125e-05
2029,P2,flat_transformer,source_only,dys,replace,0.05,0.0240103403612404,-0.0240103403612404,0.6264719736222326,0.0,0.00013634612901774
2029,P2,flat_transformer,source_only,dys,replace,0.1,0.03873871460329621,-0.03868309887307367,0.4427266338721012,0.99,1.0803972188400125e-05
2029,P2,flat_transformer,source_only,emq,replace,0.05,0.03329116735103337,-0.03329116735103337,0.6264719736222326,0.0,0.00013634612901774
2029,P2,flat_transformer,source_only,emq,replace,0.1,0.044613578903304994,-0.04453537808777099,0.4427266338721012,0.99,1.0803972188400125e-05
2029,P2,flat_transformer,source_only,hdy,replace,0.05,0.02395019661337106,-0.02395019661337106,0.6264719736222326,0.0,0.00013634612901774
2029,P2,flat_transformer,source_only,hdy,replace,0.1,0.03933345881380869,-0.0392641423850244,0.4427266338721012,0.99,1.0803972188400125e-05
2029,P2,flat_transformer,source_only,kdey,replace,0.05,0.04335163951223129,-0.04335163951223129,0.6264719736222326,0.0,0.00013634612901774
2029,P2,flat_transformer,source_only,kdey,replace,0.1,0.057218349700445946,-0.057218349700445946,0.4427266338721012,1.0,1.0803972188400125e-05
2029,P2,flat_transformer,source_only,median_sweep,replace,0.05,0.02285102153322498,-0.02213595667667818,0.6264719736222326,0.0,0.00013634612901774
2029,P2,flat_transformer,source_only,median_sweep,replace,0.1,0.03906598378877659,-0.03891011576338384,0.4427266338721012,0.99,1.0803972188400125e-05
2029,P2,flat_transformer,source_only,pacc,replace,0.05,0.02487589028864313,-0.024240967556115597,0.6264719736222326,0.0,0.00013634612901774
2029,P2,flat_transformer,source_only,pacc,replace,0.1,0.042278814351806845,-0.042201304752643144,0.4427266338721012,0.99,1.0803972188400125e-05
2029,P2,flat_transformer,source_only,pcc,replace,0.05,0.21495471015276515,0.21495471015276515,0.6264719736222326,1.0,0.00041865392230108
2029,P2,flat_transformer,source_only,pcc,replace,0.1,0.18093661295281688,0.18093661295281688,0.4427266338721012,0.0,0.0013311574133346
2029,P2,flat_transformer,target_real_anchor,acc,replace,0.05,0.025443275474124033,-0.025334583735133354,0.6837758112094395,0.0,0.00010361009328686
2029,P2,flat_transformer,target_real_anchor,acc,replace,0.1,0.04041714239794275,-0.040299251044680136,0.5059907834101383,0.99,0.0
2029,P2,flat_transformer,target_real_anchor,cc,replace,0.05,0.030769999999999943,0.030769999999999943,0.6837758112094395,0.01,0.00010361009328686
2029,P2,flat_transformer,target_real_anchor,cc,replace,0.1,0.007669999999999943,0.003789999999999944,0.5059907834101383,0.33,0.000978191641939129
2029,P2,flat_transformer,target_real_anchor,dys,replace,0.05,0.0240103403612404,-0.0240103403612404,0.6837758112094395,0.0,0.00010361009328686
2029,P2,flat_transformer,target_real_anchor,dys,replace,0.1,0.03873871460329621,-0.03868309887307367,0.5059907834101383,0.99,0.0
2029,P2,flat_transformer,target_real_anchor,emq,replace,0.05,0.03329116735103337,-0.03329116735103337,0.6837758112094395,0.0,0.00010361009328686
2029,P2,flat_transformer,target_real_anchor,emq,replace,0.1,0.044613578903304994,-0.04453537808777099,0.5059907834101383,0.99,0.0
2029,P2,flat_transformer,target_real_anchor,hdy,replace,0.05,0.02395019661337106,-0.02395019661337106,0.6837758112094395,0.0,0.00010361009328686
2029,P2,flat_transformer,target_real_anchor,hdy,replace,0.1,0.03933345881380869,-0.0392641423850244,0.5059907834101383,0.99,0.0
2029,P2,flat_transformer,target_real_anchor,kdey,replace,0.05,0.04335163951223129,-0.04335163951223129,0.6837758112094395,0.0,0.00010361009328686
2029,P2,flat_transformer,target_real_anchor,kdey,replace,0.1,0.057218349700445946,-0.057218349700445946,0.5059907834101383,1.0,0.0
2029,P2,flat_transformer,target_real_anchor,median_sweep,replace,0.05,0.02285102153322498,-0.02213595667667818,0.6837758112094395,0.0,0.00010361009328686
2029,P2,flat_transformer,target_real_anchor,median_sweep,replace,0.1,0.03906598378877659,-0.03891011576338384,0.5059907834101383,0.99,0.0
2029,P2,flat_transformer,target_real_anchor,pacc,replace,0.05,0.02487589028864313,-0.024240967556115597,0.6837758112094395,0.0,0.00010361009328686
2029,P2,flat_transformer,target_real_anchor,pacc,replace,0.1,0.042278814351806845,-0.042201304752643144,0.5059907834101383,0.99,0.0
2029,P2,flat_transformer,target_real_anchor,pcc,replace,0.05,0.21495471015276515,0.21495471015276515,0.6837758112094395,1.0,0.00036366170386206004
2029,P2,flat_transformer,target_real_anchor,pcc,replace,0.1,0.18093661295281688,0.18093661295281688,0.5059907834101383,0.0,0.0010466888256136688
2029,P3,char3gram,oracle_target,acc,replace,0.05,0.07153744186046508,0.04324488372093019,0.9204152249134948,0.43,0.0016558724909282601
2029,P3,char3gram,oracle_target,acc,replace,0.1,0.07616279069767438,0.026893488372092995,0.8456375838926175,0.37,0.0030766271645766598
2029,P3,char3gram,oracle_target,cc,replace,0.05,0.006019999999999933,0.004899999999999933,0.9204152249134948,0.0,0.00401135685085658
2029,P3,char3gram,oracle_target,cc,replace,0.1,0.04311,-0.04311,0.8456375838926175,1.0,0.0033797827385052596
2029,P3,char3gram,oracle_target,dys,replace,0.05,0.03857399394003117,-0.010222837637518006,0.9204152249134948,0.1,0.00401135685085658
2029,P3,char3gram,oracle_target,dys,replace,0.1,0.049538509560087825,-0.022541640337473426,0.8456375838926175,0.64,0.0024266799871387797
2029,P3,char3gram,oracle_target,emq,replace,0.05,0.04718491964909351,-0.04701025923654185,0.9204152249134948,0.0,0.00401135685085658
2029,P3,char3gram,oracle_target,emq,replace,0.1,0.08819529661159631,-0.08536271080549648,0.8456375838926175,0.96,0.0033797827385052596
2029,P3,char3gram,oracle_target,hdy,replace,0.05,0.04567292407725903,0.023524238544184138,0.9204152249134948,0.3,0.00401135685085658
2029,P3,char3gram,oracle_target,hdy,replace,0.1,0.048220637876770646,0.01602291064204359,0.8456375838926175,0.4,0.00056841670111614
2029,P3,char3gram,oracle_target,kdey,replace,0.05,0.0953722598758246,0.09458631597360218,0.9204152249134948,0.81,0.00200582196499928
2029,P3,char3gram,oracle_target,kdey,replace,0.1,0.08860513121941638,0.08698778970313964,0.8456375838926175,0.04,0.00026526112718754
2029,P3,char3gram,oracle_target,pacc,replace,0.05,0.05794974779144723,0.048649942929393085,0.9204152249134948,0.5,0.00338638555877082
2029,P3,char3gram,oracle_target,pacc,replace,0.1,0.05465338807640521,0.04135954709261164,0.8456375838926175,0.21,0.00083367782830368
2029,P3,char3gram,oracle_target,pcc,replace,0.05,0.42782290974290615,0.42782290974290615,0.9204152249134948,1.0,0.00025550043636030003
2029,P3,char3gram,oracle_target,pcc,replace,0.1,0.38020033563384925,0.38020033563384925,0.8456375838926175,0.0,0.00026526112718754
2029,P3,char3gram,source_only,acc,replace,0.05,0.95,0.95,0.949975604119052,1.0,
2029,P3,char3gram,source_only,acc,replace,0.1,0.9,0.9,0.8999537774125623,0.0,
2029,P3,char3gram,source_only,cc,replace,0.05,0.94975,0.94975,0.949975604119052,1.0,
2029,P3,char3gram,source_only,cc,replace,0.1,0.89973,0.89973,0.8999537774125623,0.0,
2029,P3,char3gram,source_only,dys,replace,0.05,0.9499940391390134,0.9499940391390134,0.949975604119052,1.0,
2029,P3,char3gram,source_only,dys,replace,0.1,0.8999940391390134,0.8999940391390134,0.8999537774125623,0.0,
2029,P3,char3gram,source_only,emq,replace,0.05,0.9499999998587256,0.9499999998587256,0.949975604119052,1.0,
2029,P3,char3gram,source_only,emq,replace,0.1,0.8999999998664976,0.8999999998664976,0.8999537774125623,0.0,
2029,P3,char3gram,source_only,hdy,replace,0.05,0.9499940391390134,0.9499940391390134,0.949975604119052,1.0,
2029,P3,char3gram,source_only,hdy,replace,0.1,0.8999940391390134,0.8999940391390134,0.8999537774125623,0.0,
2029,P3,char3gram,source_only,kdey,replace,0.05,0.9499940391390134,0.9499940391390134,0.949975604119052,1.0,
2029,P3,char3gram,source_only,kdey,replace,0.1,0.8999940391390134,0.8999940391390134,0.8999537774125623,0.0,
2029,P3,char3gram,source_only,median_sweep,replace,0.05,0.95,0.95,0.949975604119052,1.0,
2029,P3,char3gram,source_only,median_sweep,replace,0.1,0.9,0.9,0.8999537774125623,0.0,
2029,P3,char3gram,source_only,pacc,replace,0.05,0.95,0.95,0.949975604119052,1.0,
2029,P3,char3gram,source_only,pacc,replace,0.1,0.9,0.9,0.8999537774125623,0.0,
2029,P3,char3gram,source_only,pcc,replace,0.05,0.9125548852120019,0.9125548852120019,0.949975604119052,1.0,
2029,P3,char3gram,source_only,pcc,replace,0.1,0.8628438949068756,0.8628438949068756,0.8999537774125623,0.0,
2029,P3,char3gram,target_real_anchor,acc,replace,0.05,0.95,0.95,0.91873222267371,1.0,0.0006367415369068999
2029,P3,char3gram,target_real_anchor,acc,replace,0.1,0.9,0.9,0.8426435877261998,0.0,0.00012688898075420002
2029,P3,char3gram,target_real_anchor,cc,replace,0.05,0.010519999999999929,0.01035999999999993,0.91873222267371,0.0,0.00399728997289972
2029,P3,char3gram,target_real_anchor,cc,replace,0.1,0.037520000000000005,-0.037520000000000005,0.8426435877261998,1.0,0.0035379633457350997
2029,P3,char3gram,target_real_anchor,dys,replace,0.05,0.9499940391390134,0.9499940391390134,0.91873222267371,1.0,0.0006367415369068999
2029,P3,char3gram,target_real_anchor,dys,replace,0.1,0.8999940391390134,0.8999940391390134,0.8426435877261998,0.0,0.00012688898075420002
2029,P3,char3gram,target_real_anchor,emq,replace,0.05,0.9499999998587256,0.9499999998587256,0.91873222267371,1.0,0.0006367415369068999
2029,P3,char3gram,target_real_anchor,emq,replace,0.1,0.8999999998664976,0.8999999998664976,0.8426435877261998,0.0,0.00012688898075420002
2029,P3,char3gram,target_real_anchor,hdy,replace,0.05,0.9499940391390134,0.9499940391390134,0.91873222267371,1.0,0.0006367415369068999
2029,P3,char3gram,target_real_anchor,hdy,replace,0.1,0.8999940391390134,0.8999940391390134,0.8426435877261998,0.0,0.00012688898075420002
2029,P3,char3gram,target_real_anchor,kdey,replace,0.05,0.9499940391390134,0.9499940391390134,0.91873222267371,1.0,0.0006367415369068999
2029,P3,char3gram,target_real_anchor,kdey,replace,0.1,0.8999940391390134,0.8999940391390134,0.8426435877261998,0.0,0.00012688898075420002
2029,P3,char3gram,target_real_anchor,median_sweep,replace,0.05,0.95,0.95,0.91873222267371,1.0,0.0006367415369068999
2029,P3,char3gram,target_real_anchor,median_sweep,replace,0.1,0.9,0.9,0.8426435877261998,0.0,0.00012688898075420002
2029,P3,char3gram,target_real_anchor,pacc,replace,0.05,0.95,0.95,0.91873222267371,1.0,0.0006367415369068999
2029,P3,char3gram,target_real_anchor,pacc,replace,0.1,0.9,0.9,0.8426435877261998,0.0,0.00012688898075420002
2029,P3,char3gram,target_real_anchor,pcc,replace,0.05,0.9125548852120019,0.9125548852120019,0.91873222267371,1.0,0.0006367415369068999
2029,P3,char3gram,target_real_anchor,pcc,replace,0.1,0.8628438949068756,0.8628438949068756,0.8426435877261998,0.0,0.00012688898075420002
2029,P3,column_positional_ablation,oracle_target,acc,replace,0.05,0.029849975903614413,-0.0011348915662650518,0.8555780933062881,0.05,0.0006522438105736801
2029,P3,column_positional_ablation,oracle_target,acc,replace,0.1,0.041620771084337295,-0.002248915662650595,0.7372693726937269,0.56,0.00044813054062742
2029,P3,column_positional_ablation,oracle_target,cc,replace,0.05,0.007279999999999932,0.006539999999999932,0.8555780933062881,0.0,0.0006522438105736801
2029,P3,column_positional_ablation,oracle_target,cc,replace,0.1,0.03629,-0.03629,0.7372693726937269,1.0,0.0007263102292039599
2029,P3,column_positional_ablation,oracle_target,dys,replace,0.05,0.019429375934749284,-0.006501692628525587,0.8555780933062881,0.01,0.0006522438105736801
2029,P3,column_positional_ablation,oracle_target,dys,replace,0.1,0.0227068886885496,-0.010900935252656676,0.7372693726937269,0.63,0.000570713334252
2029,P3,column_positional_ablation,oracle_target,emq,replace,0.05,0.03473130175686821,-0.03473130175686821,0.8555780933062881,0.0,0.0006522438105736801
2029,P3,column_positional_ablation,oracle_target,emq,replace,0.1,0.07620871148656194,-0.07620871148656194,0.7372693726937269,1.0,0.0007263102292039599
2029,P3,column_positional_ablation,oracle_target,hdy,replace,0.05,0.01943602347213872,-0.006426873071428673,0.8555780933062881,0.01,0.0006522438105736801
2029,P3,column_positional_ablation,oracle_target,hdy,replace,0.1,0.022717216595712516,-0.010821277489806581,0.7372693726937269,0.63,0.000570713334252
2029,P3,column_positional_ablation,oracle_target,kdey,replace,0.05,0.023747465744424476,-0.020055612960042803,0.8555780933062881,0.0,0.0006522438105736801
2029,P3,column_positional_ablation,oracle_target,kdey,replace,0.1,0.024532148806494174,-0.02014521672900362,0.7372693726937269,0.82,0.000570713334252
2029,P3,column_positional_ablation,oracle_target,median_sweep,replace,0.05,0.019413222222222196,-0.006319666666666718,0.8555780933062881,0.01,0.0006522438105736801
2029,P3,column_positional_ablation,oracle_target,median_sweep,replace,0.1,0.022689027777777752,-0.010744055555555574,0.7372693726937269,0.63,0.000570713334252
2029,P3,column_positional_ablation,oracle_target,pacc,replace,0.05,0.021516472268424455,-0.0036821420162305714,0.8555780933062881,0.03,7.291810206238e-05
2029,P3,column_positional_ablation,oracle_target,pacc,replace,0.1,0.02357877293191638,-0.006639994688814137,0.7372693726937269,0.57,0.000570713334252
2029,P3,column_positional_ablation,oracle_target,pcc,replace,0.05,0.4478640239685837,0.4478640239685837,0.8555780933062881,1.0,0.0006545404437095401
2029,P3,column_positional_ablation,oracle_target,pcc,replace,0.1,0.39808997418368525,0.39808997418368525,0.7372693726937269,0.0,0.00067434890450598
2029,P3,column_positional_ablation,source_only,acc,replace,0.05,0.95,0.95,0.95,1.0,
2029,P3,column_positional_ablation,source_only,acc,replace,0.1,0.9,0.9,0.9,0.0,
2029,P3,column_positional_ablation,source_only,cc,replace,0.05,0.95,0.95,0.95,1.0,
2029,P3,column_positional_ablation,source_only,cc,replace,0.1,0.9,0.9,0.9,0.0,
2029,P3,column_positional_ablation,source_only,dys,replace,0.05,0.9499940391390134,0.9499940391390134,0.95,1.0,
2029,P3,column_positional_ablation,source_only,dys,replace,0.1,0.8999940391390134,0.8999940391390134,0.9,0.0,
2029,P3,column_positional_ablation,source_only,emq,replace,0.05,0.9499999991306076,0.9499999991306076,0.95,1.0,
2029,P3,column_positional_ablation,source_only,emq,replace,0.1,0.8999999991393288,0.8999999991393288,0.9,0.0,
2029,P3,column_positional_ablation,source_only,hdy,replace,0.05,0.9499940391390134,0.9499940391390134,0.95,1.0,
2029,P3,column_positional_ablation,source_only,hdy,replace,0.1,0.8999940391390134,0.8999940391390134,0.9,0.0,
2029,P3,column_positional_ablation,source_only,kdey,replace,0.05,0.9499940391390134,0.9499940391390134,0.95,1.0,
2029,P3,column_positional_ablation,source_only,kdey,replace,0.1,0.8999940391390134,0.8999940391390134,0.9,0.0,
2029,P3,column_positional_ablation,source_only,median_sweep,replace,0.05,0.95,0.95,0.95,1.0,
2029,P3,column_positional_ablation,source_only,median_sweep,replace,0.1,0.9,0.9,0.9,0.0,
2029,P3,column_positional_ablation,source_only,pacc,replace,0.05,0.95,0.95,0.95,1.0,
2029,P3,column_positional_ablation,source_only,pacc,replace,0.1,0.9,0.9,0.9,0.0,
2029,P3,column_positional_ablation,source_only,pcc,replace,0.05,0.8195187781403692,0.8195187781403692,0.95,1.0,
2029,P3,column_positional_ablation,source_only,pcc,replace,0.1,0.7696227850890641,0.7696227850890641,0.9,0.0,
2029,P3,column_positional_ablation,target_real_anchor,acc,replace,0.05,0.009272136273864336,0.004946428571428549,0.8525165821303162,0.0,0.0008020991226861
2029,P3,column_positional_ablation,target_real_anchor,acc,replace,0.1,0.03265961158657007,-0.03265961158657007,0.732484076433121,1.0,0.00089310321069306
2029,P3,column_positional_ablation,target_real_anchor,cc,replace,0.05,0.008989999999999937,0.008649999999999937,0.8525165821303162,0.0,0.0008020991226861
2029,P3,column_positional_ablation,target_real_anchor,cc,replace,0.1,0.03406,-0.03406,0.732484076433121,1.0,0.00089310321069306
2029,P3,column_positional_ablation,target_real_anchor,dys,replace,0.05,0.9499940391390134,0.9499940391390134,0.8525165821303162,1.0,0.00053310596665286
2029,P3,column_positional_ablation,target_real_anchor,dys,replace,0.1,0.8999940391390134,0.8999940391390134,0.732484076433121,0.0,0.0005580818520049401
2029,P3,column_positional_ablation,target_real_anchor,emq,replace,0.05,0.9499999991306076,0.9499999991306076,0.8525165821303162,1.0,0.00053310596665286
2029,P3,column_positional_ablation,target_real_anchor,emq,replace,0.1,0.8999999991393288,0.8999999991393288,0.732484076433121,0.0,0.0005580818520049401
2029,P3,column_positional_ablation,target_real_anchor,hdy,replace,0.05,0.9499940391390134,0.9499940391390134,0.8525165821303162,1.0,0.00053310596665286
2029,P3,column_positional_ablation,target_real_anchor,hdy,replace,0.1,0.8999940391390134,0.8999940391390134,0.732484076433121,0.0,0.0005580818520049401
2029,P3,column_positional_ablation,target_real_anchor,kdey,replace,0.05,0.9499940391390134,0.9499940391390134,0.8525165821303162,1.0,0.00053310596665286
2029,P3,column_positional_ablation,target_real_anchor,kdey,replace,0.1,0.8999940391390134,0.8999940391390134,0.732484076433121,0.0,0.0005580818520049401
2029,P3,column_positional_ablation,target_real_anchor,median_sweep,replace,0.05,0.95,0.95,0.8525165821303162,1.0,0.00053310596665286
2029,P3,column_positional_ablation,target_real_anchor,median_sweep,replace,0.1,0.9,0.9,0.732484076433121,0.0,0.0005580818520049401
2029,P3,column_positional_ablation,target_real_anchor,pacc,replace,0.05,0.95,0.95,0.8525165821303162,1.0,0.00053310596665286
2029,P3,column_positional_ablation,target_real_anchor,pacc,replace,0.1,0.9,0.9,0.732484076433121,0.0,0.0005580818520049401
2029,P3,column_positional_ablation,target_real_anchor,pcc,replace,0.05,0.8195187781403692,0.8195187781403692,0.8525165821303162,1.0,0.00053310596665286
2029,P3,column_positional_ablation,target_real_anchor,pcc,replace,0.1,0.7696227850890641,0.7696227850890641,0.732484076433121,0.0,0.0005580818520049401
2029,P3,datum_ta,oracle_target,acc,replace,0.05,0.08373027027027025,0.06436010810810808,0.8941176470588236,0.5,0.0003694708557255
2029,P3,datum_ta,oracle_target,acc,replace,0.1,0.09704875675675673,0.06557243243243241,0.8,0.32,8.354003031556987e-05
2029,P3,datum_ta,oracle_target,cc,replace,0.05,0.007519999999999929,0.00689999999999993,0.8941176470588236,0.0,0.00042372881355926
2029,P3,datum_ta,oracle_target,cc,replace,0.1,0.03964,-0.03964,0.8,1.0,0.00033932754581777997
2029,P3,datum_ta,oracle_target,dys,replace,0.05,0.02435094342666181,-0.009909074111071073,0.8941176470588236,0.01,0.00042372881355926
2029,P3,datum_ta,oracle_target,dys,replace,0.1,0.03034292929540906,-0.013511891301624772,0.8,0.65,0.00026755776032334
2029,P3,datum_ta,oracle_target,emq,replace,0.05,0.04999988664541031,-0.04999988664541031,0.8941176470588236,0.0,0.00042372881355926
2029,P3,datum_ta,oracle_target,emq,replace,0.1,0.09999985164388611,-0.09999985164388611,0.8,1.0,0.00033932754581777997
2029,P3,datum_ta,oracle_target,hdy,replace,0.05,0.023071447892631932,-0.011462862845735784,0.8941176470588236,0.01,0.00042372881355926
2029,P3,datum_ta,oracle_target,hdy,replace,0.1,0.027252187792910706,-0.014323119736684584,0.8,0.72,0.00033932754581777997
2029,P3,datum_ta,oracle_target,kdey,replace,0.05,0.021875561929602404,0.003495952144992011,0.8941176470588236,0.05,0.00039703045335534
2029,P3,datum_ta,oracle_target,kdey,replace,0.1,0.023379848622937474,0.0011836093389731592,0.8,0.51,0.00026755776032334
2029,P3,datum_ta,oracle_target,median_sweep,replace,0.05,0.023155853352209103,-0.00767850963761493,0.8941176470588236,0.02,0.00042372881355926
2029,P3,datum_ta,oracle_target,median_sweep,replace,0.1,0.027157135109342093,-0.013218802765107375,0.8,0.72,0.00026755776032334
2029,P3,datum_ta,oracle_target,pacc,replace,0.05,0.029044460287126955,-0.020264010066124508,0.8941176470588236,0.01,0.00042372881355926
2029,P3,datum_ta,oracle_target,pacc,replace,0.1,0.03932369371270584,-0.030780971135343584,0.8,0.8,0.00033932754581777997
2029,P3,datum_ta,oracle_target,pcc,replace,0.05,0.40318966552112534,0.40318966552112534,0.8941176470588236,1.0,0.0001802857011621077
2029,P3,datum_ta,oracle_target,pcc,replace,0.1,0.35742346370164646,0.35742346370164646,0.8,0.0,0.0007133916678149698
2029,P3,datum_ta,source_only,acc,replace,0.05,0.05,-0.05,0.987012987012987,0.0,2.325341050017915e-05
2029,P3,datum_ta,source_only,acc,replace,0.1,0.1,-0.1,0.9729729729729728,1.0,1.4066877956864233e-05
2029,P3,datum_ta,source_only,cc,replace,0.05,0.045279999999999994,-0.045279999999999994,0.987012987012987,0.0,2.325341050017915e-05
2029,P3,datum_ta,source_only,cc,replace,0.1,0.09576000000000001,-0.09576000000000001,0.9729729729729728,1.0,1.4066877956864233e-05
2029,P3,datum_ta,source_only,dys,replace,0.05,0.0499940391390134,-0.0499940391390134,0.987012987012987,0.0,2.325341050017915e-05
2029,P3,datum_ta,source_only,dys,replace,0.1,0.09999403913901342,-0.09999403913901342,0.9729729729729728,1.0,1.4066877956864233e-05
2029,P3,datum_ta,source_only,emq,replace,0.05,0.9499999421527978,0.9499999421527978,0.987012987012987,1.0,8.038215975384954e-05
2029,P3,datum_ta,source_only,emq,replace,0.1,0.8999999440072771,0.8999999440072771,0.9729729729729728,0.0,0.00012487942676037584
2029,P3,datum_ta,source_only,hdy,replace,0.05,0.21949411245220124,0.21949411245220124,0.987012987012987,1.0,8.038215975384954e-05
2029,P3,datum_ta,source_only,hdy,replace,0.1,0.15050883505490018,0.15050883505490018,0.9729729729729728,0.0,0.00012487942676037584
2029,P3,datum_ta,source_only,kdey,replace,0.05,0.9499940391390134,0.9499940391390134,0.987012987012987,1.0,8.038215975384954e-05
2029,P3,datum_ta,source_only,kdey,replace,0.1,0.8999940391390134,0.8999940391390134,0.9729729729729728,0.0,0.00012487942676037584
2029,P3,datum_ta,source_only,median_sweep,replace,0.05,0.05,-0.05,0.987012987012987,0.0,2.325341050017915e-05
2029,P3,datum_ta,source_only,median_sweep,replace,0.1,0.1,-0.1,0.9729729729729728,1.0,1.4066877956864233e-05
2029,P3,datum_ta,source_only,pacc,replace,0.05,0.5736178607206517,0.5736178607206517,0.987012987012987,1.0,8.038215975384954e-05
2029,P3,datum_ta,source_only,pacc,replace,0.1,0.5278087704992991,0.5278087704992991,0.9729729729729728,0.0,0.00012487942676037584
2029,P3,datum_ta,source_only,pcc,replace,0.05,0.4912862572215678,0.4912862572215678,0.987012987012987,1.0,8.038215975384954e-05
2029,P3,datum_ta,source_only,pcc,replace,0.1,0.4426881574686607,0.4426881574686607,0.9729729729729728,0.0,0.00012487942676037584
2029,P3,datum_ta,target_real_anchor,acc,replace,0.05,0.05,-0.05,0.8929055580659738,0.0,0.00033703091268194645
2029,P3,datum_ta,target_real_anchor,acc,replace,0.1,0.1,-0.1,0.7979539641943735,1.0,0.00059425382389416
2029,P3,datum_ta,target_real_anchor,cc,replace,0.05,0.009509999999999923,0.009289999999999923,0.8929055580659738,0.0,0.00033703091268194645
2029,P3,datum_ta,target_real_anchor,cc,replace,0.1,0.03706,-0.03706,0.7979539641943735,1.0,0.00059425382389416
2029,P3,datum_ta,target_real_anchor,dys,replace,0.05,0.0499940391390134,-0.0499940391390134,0.8929055580659738,0.0,0.00033703091268194645
2029,P3,datum_ta,target_real_anchor,dys,replace,0.1,0.09999403913901342,-0.09999403913901342,0.7979539641943735,1.0,0.00059425382389416
2029,P3,datum_ta,target_real_anchor,emq,replace,0.05,0.9499999421527978,0.9499999421527978,0.8929055580659738,1.0,0.00023339534242800003
2029,P3,datum_ta,target_real_anchor,emq,replace,0.1,0.8999999440072771,0.8999999440072771,0.7979539641943735,0.0,0.0007817165036057601
2029,P3,datum_ta,target_real_anchor,hdy,replace,0.05,0.21949411245220124,0.21949411245220124,0.8929055580659738,1.0,0.00023339534242800003
2029,P3,datum_ta,target_real_anchor,hdy,replace,0.1,0.15050883505490018,0.15050883505490018,0.7979539641943735,0.0,0.0007817165036057601
2029,P3,datum_ta,target_real_anchor,kdey,replace,0.05,0.9499940391390134,0.9499940391390134,0.8929055580659738,1.0,0.00023339534242800003
2029,P3,datum_ta,target_real_anchor,kdey,replace,0.1,0.8999940391390134,0.8999940391390134,0.7979539641943735,0.0,0.0007817165036057601
2029,P3,datum_ta,target_real_anchor,median_sweep,replace,0.05,0.05,-0.05,0.8929055580659738,0.0,0.00033703091268194645
2029,P3,datum_ta,target_real_anchor,median_sweep,replace,0.1,0.1,-0.1,0.7979539641943735,1.0,0.00059425382389416
2029,P3,datum_ta,target_real_anchor,pacc,replace,0.05,0.5736178607206517,0.5736178607206517,0.8929055580659738,1.0,0.00023339534242800003
2029,P3,datum_ta,target_real_anchor,pacc,replace,0.1,0.5278087704992991,0.5278087704992991,0.7979539641943735,0.0,0.0007817165036057601
2029,P3,datum_ta,target_real_anchor,pcc,replace,0.05,0.4912862572215678,0.4912862572215678,0.8929055580659738,1.0,0.00023339534242800003
2029,P3,datum_ta,target_real_anchor,pcc,replace,0.1,0.4426881574686607,0.4426881574686607,0.7979539641943735,0.0,0.0007817165036057601
2029,P3,datum_transformer,oracle_target,cc,replace,0.05,0.005139999999999966,-0.0012600000000000339,0.95,0.0,0.0005434408157640799
2029,P3,datum_transformer,oracle_target,cc,replace,0.1,0.05195,-0.05195,0.8999999999999999,1.0,0.00102200174544116
2029,P3,datum_transformer,oracle_target,dys,replace,0.05,0.05845124030106783,0.00342032814266676,0.95,0.2,0.0008029603601120399
2029,P3,datum_transformer,oracle_target,dys,replace,0.1,0.08184349363359238,-0.0368594551081912,0.8999999999999999,0.74,0.00133692756419092
2029,P3,datum_transformer,oracle_target,emq,replace,0.05,0.027656679509817032,0.0033839686390014956,0.95,0.13,0.00042459005098526
2029,P3,datum_transformer,oracle_target,emq,replace,0.1,0.05571566238354626,-0.03702023434410861,0.8999999999999999,0.85,0.00124477515961598
2029,P3,datum_transformer,oracle_target,hdy,replace,0.05,0.05513574788970064,0.0014573046843889387,0.95,0.23,0.00090803132607594
2029,P3,datum_transformer,oracle_target,hdy,replace,0.1,0.08264912015880085,-0.037182657166525794,0.8999999999999999,0.72,0.00133692756419092
2029,P3,datum_transformer,oracle_target,kdey,replace,0.05,0.35910161014796205,0.35910161014796205,0.95,1.0,0.0005190390886959399
2029,P3,datum_transformer,oracle_target,kdey,replace,0.1,0.3302825490895626,0.3302825490895626,0.8999999999999999,0.0,0.00106477653759592
2029,P3,datum_transformer,oracle_target,pacc,replace,0.05,0.05433494707162549,-0.005919048689340516,0.95,0.24,0.00068410959533322
2029,P3,datum_transformer,oracle_target,pacc,replace,0.1,0.0821923008277147,-0.04293543672024411,0.8999999999999999,0.75,0.00124477515961598
2029,P3,datum_transformer,oracle_target,pcc,replace,0.05,0.44812839454321607,0.44812839454321607,0.95,1.0,0.0005190390886959399
2029,P3,datum_transformer,oracle_target,pcc,replace,0.1,0.3981852771858655,0.3981852771858655,0.8999999999999999,0.0,0.00106477653759592
2029,P3,datum_transformer,source_only,acc,replace,0.05,0.95,0.95,0.95,1.0,
2029,P3,datum_transformer,source_only,acc,replace,0.1,0.9,0.9,0.9,0.0,
2029,P3,datum_transformer,source_only,cc,replace,0.05,0.95,0.95,0.95,1.0,
2029,P3,datum_transformer,source_only,cc,replace,0.1,0.9,0.9,0.9,0.0,
2029,P3,datum_transformer,source_only,dys,replace,0.05,0.9499940391390134,0.9499940391390134,0.95,1.0,
2029,P3,datum_transformer,source_only,dys,replace,0.1,0.8999940391390134,0.8999940391390134,0.9,0.0,
2029,P3,datum_transformer,source_only,emq,replace,0.05,0.949999999975368,0.949999999975368,0.95,1.0,
2029,P3,datum_transformer,source_only,emq,replace,0.1,0.8999999999662047,0.8999999999662047,0.9,0.0,
2029,P3,datum_transformer,source_only,hdy,replace,0.05,0.9499940391390134,0.9499940391390134,0.95,1.0,
2029,P3,datum_transformer,source_only,hdy,replace,0.1,0.8999940391390134,0.8999940391390134,0.9,0.0,
2029,P3,datum_transformer,source_only,kdey,replace,0.05,0.9499940391390134,0.9499940391390134,0.95,1.0,
2029,P3,datum_transformer,source_only,kdey,replace,0.1,0.8999940391390134,0.8999940391390134,0.9,0.0,
2029,P3,datum_transformer,source_only,median_sweep,replace,0.05,0.95,0.95,0.95,1.0,
2029,P3,datum_transformer,source_only,median_sweep,replace,0.1,0.9,0.9,0.9,0.0,
2029,P3,datum_transformer,source_only,pacc,replace,0.05,0.95,0.95,0.95,1.0,
2029,P3,datum_transformer,source_only,pacc,replace,0.1,0.9,0.9,0.9,0.0,
2029,P3,datum_transformer,source_only,pcc,replace,0.05,0.9049597832639481,0.9049597832639481,0.95,1.0,
2029,P3,datum_transformer,source_only,pcc,replace,0.1,0.8549759349916057,0.8549759349916057,0.9,0.0,
2029,P3,datum_transformer,target_real_anchor,acc,replace,0.05,0.05114018083756342,0.05114018083756342,0.9420759962928638,0.57,0.00032181571815714
2029,P3,datum_transformer,target_real_anchor,acc,replace,0.1,0.008666894035532944,-0.0014488737309644483,0.8851102941176471,0.58,0.00323882687979418
2029,P3,datum_transformer,target_real_anchor,cc,replace,0.05,0.012729999999999932,0.012689999999999932,0.9420759962928638,0.0,0.0011069771714666
2029,P3,datum_transformer,target_real_anchor,cc,replace,0.1,0.03889,-0.03889,0.8851102941176471,1.0,0.00179654127049742
2029,P3,datum_transformer,target_real_anchor,dys,replace,0.05,0.9499940391390134,0.9499940391390134,0.9420759962928638,1.0,0.000207271140508
2029,P3,datum_transformer,target_real_anchor,dys,replace,0.1,0.8999940391390134,0.8999940391390134,0.8851102941176471,0.0,0.00200725736070918
2029,P3,datum_transformer,target_real_anchor,emq,replace,0.05,0.949999999975368,0.949999999975368,0.9420759962928638,1.0,0.000207271140508
2029,P3,datum_transformer,target_real_anchor,emq,replace,0.1,0.8999999999662047,0.8999999999662047,0.8851102941176471,0.0,0.00200725736070918
2029,P3,datum_transformer,target_real_anchor,hdy,replace,0.05,0.9499940391390134,0.9499940391390134,0.9420759962928638,1.0,0.000207271140508
2029,P3,datum_transformer,target_real_anchor,hdy,replace,0.1,0.8999940391390134,0.8999940391390134,0.8851102941176471,0.0,0.00200725736070918
2029,P3,datum_transformer,target_real_anchor,kdey,replace,0.05,0.9499940391390134,0.9499940391390134,0.9420759962928638,1.0,0.000207271140508
2029,P3,datum_transformer,target_real_anchor,kdey,replace,0.1,0.8999940391390134,0.8999940391390134,0.8851102941176471,0.0,0.00200725736070918
2029,P3,datum_transformer,target_real_anchor,median_sweep,replace,0.05,0.95,0.95,0.9420759962928638,1.0,0.000207271140508
2029,P3,datum_transformer,target_real_anchor,median_sweep,replace,0.1,0.9,0.9,0.8851102941176471,0.0,0.00200725736070918
2029,P3,datum_transformer,target_real_anchor,pacc,replace,0.05,0.95,0.95,0.9420759962928638,1.0,0.000207271140508
2029,P3,datum_transformer,target_real_anchor,pacc,replace,0.1,0.9,0.9,0.8851102941176471,0.0,0.00200725736070918
2029,P3,datum_transformer,target_real_anchor,pcc,replace,0.05,0.9049597832639481,0.9049597832639481,0.9420759962928638,1.0,0.000207271140508
2029,P3,datum_transformer,target_real_anchor,pcc,replace,0.1,0.8549759349916057,0.8549759349916057,0.8851102941176471,0.0,0.00200725736070918
2029,P3,flat_transformer,oracle_target,acc,replace,0.05,0.040285144230769176,0.02672735576923074,0.8611312545322698,0.27,0.00050382389417114
2029,P3,flat_transformer,oracle_target,acc,replace,0.1,0.04628110576923072,0.02744572115384612,0.746021220159151,0.3,0.0004986564696155399
2029,P3,flat_transformer,oracle_target,cc,replace,0.05,0.01095999999999993,0.01081999999999993,0.8611312545322698,0.0,0.0
2029,P3,flat_transformer,oracle_target,cc,replace,0.1,0.03189,-0.03189,0.746021220159151,1.0,0.0003186578475954
2029,P3,flat_transformer,oracle_target,dys,replace,0.05,0.05077601906723819,0.025352148229897967,0.8611312545322698,0.28,0.00076564007165496
2029,P3,flat_transformer,oracle_target,dys,replace,0.1,0.053187911110061555,0.013631170959953982,0.746021220159151,0.41,0.0004986564696155399
2029,P3,flat_transformer,oracle_target,emq,replace,0.05,0.03155556130961425,0.004929514909701792,0.8611312545322698,0.13,0.00050382389417114
2029,P3,flat_transformer,oracle_target,emq,replace,0.1,0.03896126007285583,0.0027406211347702947,0.746021220159151,0.5,0.0004986564696155399
2029,P3,flat_transformer,oracle_target,hdy,replace,0.05,0.03258887272356248,0.013121932529589219,0.8611312545322698,0.14,0.00050382389417114
2029,P3,flat_transformer,oracle_target,hdy,replace,0.1,0.035759974387497666,0.006611642357784239,0.746021220159151,0.45,0.0004986564696155399
2029,P3,flat_transformer,oracle_target,kdey,replace,0.05,0.0499940391390134,-0.0499940391390134,0.8611312545322698,0.0,0.0
2029,P3,flat_transformer,oracle_target,kdey,replace,0.1,0.09999403913901342,-0.09999403913901342,0.746021220159151,1.0,0.0003186578475954
2029,P3,flat_transformer,oracle_target,pacc,replace,0.05,0.03515847046811869,0.02125719836678187,0.8611312545322698,0.25,0.00076564007165496
2029,P3,flat_transformer,oracle_target,pacc,replace,0.1,0.041261306354586906,0.018725173623008108,0.746021220159151,0.37,0.0004986564696155399
2029,P3,flat_transformer,oracle_target,pcc,replace,0.05,0.42783427405160745,0.42783427405160745,0.8611312545322698,1.0,0.00202275963437604
2029,P3,flat_transformer,oracle_target,pcc,replace,0.1,0.3803054104822065,0.3803054104822065,0.746021220159151,0.0,0.00080554407238984
2029,P3,flat_transformer,source_only,acc,replace,0.05,0.04761987288135591,-0.04761987288135591,0.8508732646663681,0.0,0.0
2029,P3,flat_transformer,source_only,acc,replace,0.1,0.09229884180790955,-0.09229884180790955,0.7299270072992701,1.0,1.4641036240847782e-05
2029,P3,flat_transformer,source_only,cc,replace,0.05,0.004599999999999963,-0.001380000000000037,0.8508732646663681,0.0,0.0
2029,P3,flat_transformer,source_only,cc,replace,0.1,0.04577,-0.04577,0.7299270072992701,1.0,1.4641036240847782e-05
2029,P3,flat_transformer,source_only,dys,replace,0.05,0.034315610521766474,-0.034315610521766474,0.8508732646663681,0.0,0.0
2029,P3,flat_transformer,source_only,dys,replace,0.1,0.07830086386496471,-0.07830086386496471,0.7299270072992701,1.0,1.4641036240847782e-05
2029,P3,flat_transformer,source_only,emq,replace,0.05,0.04989133084028147,-0.04989133084028147,0.8508732646663681,0.0,0.0
2029,P3,flat_transformer,source_only,emq,replace,0.1,0.09923545255031381,-0.09923545255031381,0.7299270072992701,1.0,1.4641036240847782e-05
2029,P3,flat_transformer,source_only,hdy,replace,0.05,0.025097312391037466,-0.02507153093808419,0.8508732646663681,0.0,0.0
2029,P3,flat_transformer,source_only,hdy,replace,0.1,0.0672802811874042,-0.0672802811874042,0.7299270072992701,1.0,1.4641036240847782e-05
2029,P3,flat_transformer,source_only,kdey,replace,0.05,0.04990838371352236,-0.04990838371352236,0.8508732646663681,0.0,0.0
2029,P3,flat_transformer,source_only,kdey,replace,0.1,0.09937343479065783,-0.09937343479065783,0.7299270072992701,1.0,1.4641036240847782e-05
2029,P3,flat_transformer,source_only,median_sweep,replace,0.05,0.05,-0.05,0.8508732646663681,0.0,0.0
2029,P3,flat_transformer,source_only,median_sweep,replace,0.1,0.09938979196180078,-0.09938979196180078,0.7299270072992701,1.0,1.4641036240847782e-05
2029,P3,flat_transformer,source_only,pacc,replace,0.05,0.05,-0.05,0.8508732646663681,0.0,0.0
2029,P3,flat_transformer,source_only,pacc,replace,0.1,0.1,-0.1,0.7299270072992701,1.0,1.4641036240847782e-05
2029,P3,flat_transformer,source_only,pcc,replace,0.05,0.12813806979096148,0.12813806979096148,0.8508732646663681,1.0,0.00158295438886592
2029,P3,flat_transformer,source_only,pcc,replace,0.1,0.08362787432844865,0.08362787432844865,0.7299270072992701,0.0,0.00120343576317112
2029,P3,flat_transformer,target_real_anchor,acc,replace,0.05,0.05,-0.05,0.8684373069796171,0.0,7.406641863028001e-05
2029,P3,flat_transformer,target_real_anchor,acc,replace,0.1,0.1,-0.1,0.7576791808873719,1.0,9.41619585687e-05
2029,P3,flat_transformer,target_real_anchor,cc,replace,0.05,0.027039999999999943,0.027039999999999943,0.8684373069796171,0.0,7.406641863028001e-05
2029,P3,flat_transformer,target_real_anchor,cc,replace,0.1,0.01594,-0.0158,0.7576791808873719,0.98,0.0
2029,P3,flat_transformer,target_real_anchor,dys,replace,0.05,0.034315610521766474,-0.034315610521766474,0.8684373069796171,0.0,7.406641863028001e-05
2029,P3,flat_transformer,target_real_anchor,dys,replace,0.1,0.07830086386496471,-0.07830086386496471,0.7576791808873719,1.0,9.41619585687e-05
2029,P3,flat_transformer,target_real_anchor,emq,replace,0.05,0.04989133084028147,-0.04989133084028147,0.8684373069796171,0.0,7.406641863028001e-05
2029,P3,flat_transformer,target_real_anchor,emq,replace,0.1,0.09923545255031381,-0.09923545255031381,0.7576791808873719,1.0,9.41619585687e-05
2029,P3,flat_transformer,target_real_anchor,hdy,replace,0.05,0.025097312391037466,-0.02507153093808419,0.8684373069796171,0.0,7.406641863028001e-05
2029,P3,flat_transformer,target_real_anchor,hdy,replace,0.1,0.0672802811874042,-0.0672802811874042,0.7576791808873719,1.0,9.41619585687e-05
2029,P3,flat_transformer,target_real_anchor,kdey,replace,0.05,0.04990838371352236,-0.04990838371352236,0.8684373069796171,0.0,7.406641863028001e-05
2029,P3,flat_transformer,target_real_anchor,kdey,replace,0.1,0.09937343479065783,-0.09937343479065783,0.7576791808873719,1.0,9.41619585687e-05
2029,P3,flat_transformer,target_real_anchor,median_sweep,replace,0.05,0.05,-0.05,0.8684373069796171,0.0,7.406641863028001e-05
2029,P3,flat_transformer,target_real_anchor,median_sweep,replace,0.1,0.09938979196180078,-0.09938979196180078,0.7576791808873719,1.0,9.41619585687e-05
2029,P3,flat_transformer,target_real_anchor,pacc,replace,0.05,0.05,-0.05,0.8684373069796171,0.0,7.406641863028001e-05
2029,P3,flat_transformer,target_real_anchor,pacc,replace,0.1,0.1,-0.1,0.7576791808873719,1.0,9.41619585687e-05
2029,P3,flat_transformer,target_real_anchor,pcc,replace,0.05,0.12813806979096148,0.12813806979096148,0.8684373069796171,1.0,0.00084056772771114
2029,P3,flat_transformer,target_real_anchor,pcc,replace,0.1,0.08362787432844865,0.08362787432844865,0.7576791808873719,0.0,0.0014741513940563001
2029,P4,char3gram,oracle_target,acc,replace,0.05,0.043783843648208434,0.02092912052117264,0.8749999999999999,0.22,0.00219328464471082
2029,P4,char3gram,oracle_target,acc,replace,0.1,0.052304560260586275,0.01118990228013029,0.7682926829268291,0.44,0.00340676817785122
2029,P4,char3gram,oracle_target,cc,replace,0.05,0.007559999999999924,0.0072799999999999246,0.8749999999999999,0.0,0.00345327499885162
2029,P4,char3gram,oracle_target,cc,replace,0.1,0.0385,-0.0385,0.7682926829268291,1.0,0.00308064627256444
2029,P4,char3gram,oracle_target,dys,replace,0.05,0.04135151443702565,0.0015614309746671013,0.8749999999999999,0.2,0.0026394056313444
2029,P4,char3gram,oracle_target,dys,replace,0.1,0.04771792416698447,-0.013818814570037322,0.7682926829268291,0.59,0.00392552018740526
2029,P4,char3gram,oracle_target,emq,replace,0.05,0.04985889384445218,-0.04985889384445218,0.8749999999999999,0.0,0.00345327499885162
2029,P4,char3gram,oracle_target,emq,replace,0.1,0.09543236676161573,-0.09543236676161573,0.7682926829268291,1.0,0.00308064627256444
2029,P4,char3gram,oracle_target,hdy,replace,0.05,0.03414976329113322,0.014826091600729006,0.8749999999999999,0.18,0.0032540420743189997
2029,P4,char3gram,oracle_target,hdy,replace,0.1,0.037913528671357416,0.00835878468493946,0.7682926829268291,0.45,0.0025618942630104
2029,P4,char3gram,oracle_target,kdey,replace,0.05,0.05614837608851614,0.052308350226895735,0.8749999999999999,0.49,0.0018479284369114397
2029,P4,char3gram,oracle_target,kdey,replace,0.1,0.05083710887428178,0.04412033380162847,0.7682926829268291,0.19,0.00148075421432174
2029,P4,char3gram,oracle_target,median_sweep,replace,0.05,0.04031636114911074,-0.0025560875512996256,0.8749999999999999,0.14,0.00345327499885162
2029,P4,char3gram,oracle_target,median_sweep,replace,0.1,0.04598872777017781,-0.014480930232558167,0.7682926829268291,0.61,0.00392552018740526
2029,P4,char3gram,oracle_target,pacc,replace,0.05,0.04687831679070666,0.036557251364640914,0.8749999999999999,0.41,0.0032540420743189997
2029,P4,char3gram,oracle_target,pacc,replace,0.1,0.04198432496739277,0.027812763004765782,0.7682926829268291,0.3,0.00148075421432174
2029,P4,char3gram,oracle_target,pcc,replace,0.05,0.41801100384875545,0.41801100384875545,0.8749999999999999,1.0,0.0
2029,P4,char3gram,oracle_target,pcc,replace,0.1,0.3712124778135733,0.3712124778135733,0.7682926829268291,0.0,0.00084487391484082
2029,P4,char3gram,source_only,acc,replace,0.05,0.95,0.95,0.949975604119052,1.0,
2029,P4,char3gram,source_only,acc,replace,0.1,0.9,0.9,0.8999537774125623,0.0,
2029,P4,char3gram,source_only,cc,replace,0.05,0.94975,0.94975,0.949975604119052,1.0,
2029,P4,char3gram,source_only,cc,replace,0.1,0.89973,0.89973,0.8999537774125623,0.0,
2029,P4,char3gram,source_only,dys,replace,0.05,0.9499940391390134,0.9499940391390134,0.949975604119052,1.0,
2029,P4,char3gram,source_only,dys,replace,0.1,0.8999940391390134,0.8999940391390134,0.8999537774125623,0.0,
2029,P4,char3gram,source_only,emq,replace,0.05,0.9499999998599278,0.9499999998599278,0.949975604119052,1.0,
2029,P4,char3gram,source_only,emq,replace,0.1,0.8999999998685178,0.8999999998685178,0.8999537774125623,0.0,
2029,P4,char3gram,source_only,hdy,replace,0.05,0.9499940391390134,0.9499940391390134,0.949975604119052,1.0,
2029,P4,char3gram,source_only,hdy,replace,0.1,0.8999940391390134,0.8999940391390134,0.8999537774125623,0.0,
2029,P4,char3gram,source_only,kdey,replace,0.05,0.9499940391390134,0.9499940391390134,0.949975604119052,1.0,
2029,P4,char3gram,source_only,kdey,replace,0.1,0.8999940391390134,0.8999940391390134,0.8999537774125623,0.0,
2029,P4,char3gram,source_only,median_sweep,replace,0.05,0.95,0.95,0.949975604119052,1.0,
2029,P4,char3gram,source_only,median_sweep,replace,0.1,0.9,0.9,0.8999537774125623,0.0,
2029,P4,char3gram,source_only,pacc,replace,0.05,0.95,0.95,0.949975604119052,1.0,
2029,P4,char3gram,source_only,pacc,replace,0.1,0.9,0.9,0.8999537774125623,0.0,
2029,P4,char3gram,source_only,pcc,replace,0.05,0.9125990081210815,0.9125990081210815,0.949975604119052,1.0,
2029,P4,char3gram,source_only,pcc,replace,0.1,0.8629210112211182,0.8629210112211182,0.8999537774125623,0.0,
2029,P4,char3gram,target_real_anchor,acc,replace,0.05,0.95,0.95,0.873310158362302,1.0,0.0
2029,P4,char3gram,target_real_anchor,acc,replace,0.1,0.9,0.9,0.7655468191565404,0.0,0.00067463598364796
2029,P4,char3gram,target_real_anchor,cc,replace,0.05,0.01267999999999993,0.01267999999999993,0.873310158362302,0.0,0.00349432731615444
2029,P4,char3gram,target_real_anchor,cc,replace,0.1,0.03306,-0.03306,0.7655468191565404,1.0,0.00256132010472648
2029,P4,char3gram,target_real_anchor,dys,replace,0.05,0.9499940391390134,0.9499940391390134,0.873310158362302,1.0,0.0
2029,P4,char3gram,target_real_anchor,dys,replace,0.1,0.8999940391390134,0.8999940391390134,0.7655468191565404,0.0,0.00067463598364796
2029,P4,char3gram,target_real_anchor,emq,replace,0.05,0.9499999998599278,0.9499999998599278,0.873310158362302,1.0,0.0
2029,P4,char3gram,target_real_anchor,emq,replace,0.1,0.8999999998685178,0.8999999998685178,0.7655468191565404,0.0,0.00067463598364796
2029,P4,char3gram,target_real_anchor,hdy,replace,0.05,0.9499940391390134,0.9499940391390134,0.873310158362302,1.0,0.0
2029,P4,char3gram,target_real_anchor,hdy,replace,0.1,0.8999940391390134,0.8999940391390134,0.7655468191565404,0.0,0.00067463598364796
2029,P4,char3gram,target_real_anchor,kdey,replace,0.05,0.9499940391390134,0.9499940391390134,0.873310158362302,1.0,0.0
2029,P4,char3gram,target_real_anchor,kdey,replace,0.1,0.8999940391390134,0.8999940391390134,0.7655468191565404,0.0,0.00067463598364796
2029,P4,char3gram,target_real_anchor,median_sweep,replace,0.05,0.95,0.95,0.873310158362302,1.0,0.0
2029,P4,char3gram,target_real_anchor,median_sweep,replace,0.1,0.9,0.9,0.7655468191565404,0.0,0.00067463598364796
2029,P4,char3gram,target_real_anchor,pacc,replace,0.05,0.95,0.95,0.873310158362302,1.0,0.0
2029,P4,char3gram,target_real_anchor,pacc,replace,0.1,0.9,0.9,0.7655468191565404,0.0,0.00067463598364796
2029,P4,char3gram,target_real_anchor,pcc,replace,0.05,0.9125990081210815,0.9125990081210815,0.873310158362302,1.0,0.0
2029,P4,char3gram,target_real_anchor,pcc,replace,0.1,0.8629210112211182,0.8629210112211182,0.7655468191565404,0.0,0.00067463598364796
2029,P4,column_positional_ablation,oracle_target,acc,replace,0.05,0.034162155388471165,-0.026026315789473696,0.8539325842696628,0.02,0.000427460842405049
2029,P4,column_positional_ablation,oracle_target,acc,replace,0.1,0.05128375939849622,-0.043162756892230564,0.7346938775510204,0.83,0.0012829566854990599
2029,P4,column_positional_ablation,oracle_target,cc,replace,0.05,0.004489999999999948,0.002009999999999948,0.8539325842696628,0.0,0.000427460842405049
2029,P4,column_positional_ablation,oracle_target,cc,replace,0.1,0.042640000000000004,-0.042640000000000004,0.7346938775510204,1.0,0.0012829566854990599
2029,P4,column_positional_ablation,oracle_target,dys,replace,0.05,0.045048287916325355,0.03199506117329977,0.8539325842696628,0.32,0.00042171925956548
2029,P4,column_positional_ablation,oracle_target,dys,replace,0.1,0.04563353588198911,0.03134439695268986,0.7346938775510204,0.29,0.00036114556060816004
2029,P4,column_positional_ablation,oracle_target,emq,replace,0.05,0.047573845548768506,-0.047007107862101626,0.8539325842696628,0.0,0.000427460842405049
2029,P4,column_positional_ablation,oracle_target,emq,replace,0.1,0.08742979341797069,-0.08689077099221368,0.7346938775510204,0.98,0.0012829566854990599
2029,P4,column_positional_ablation,oracle_target,hdy,replace,0.05,0.049470520192716,0.0399056652467158,0.8539325842696628,0.37,0.00042171925956548
2029,P4,column_positional_ablation,oracle_target,hdy,replace,0.1,0.049144784316397044,0.039109069349674376,0.7346938775510204,0.23,0.00018746267971156
2029,P4,column_positional_ablation,oracle_target,kdey,replace,0.05,0.49689819116617484,0.49689819116617484,0.8539325842696628,1.0,0.00073434844517934
2029,P4,column_positional_ablation,oracle_target,kdey,replace,0.1,0.4761591400163252,0.4761591400163252,0.7346938775510204,0.0,0.00044927885719537995
2029,P4,column_positional_ablation,oracle_target,pacc,replace,0.05,0.08883409182423067,0.08395115585678349,0.8539325842696628,0.72,0.0005678425428321599
2029,P4,column_positional_ablation,oracle_target,pacc,replace,0.1,0.07977471241081173,0.07708439983669964,0.7346938775510204,0.08,0.00018746267971156
2029,P4,column_positional_ablation,oracle_target,pcc,replace,0.05,0.43183451671765505,0.43183451671765505,0.8539325842696628,1.0,0.00073434844517934
2029,P4,column_positional_ablation,oracle_target,pcc,replace,0.1,0.3840490917046447,0.3840490917046447,0.7346938775510204,0.0,0.00044927885719537995
2029,P4,column_positional_ablation,source_only,acc,replace,0.05,0.95,0.95,0.9488780999868784,1.0,0.16282884915713564
2029,P4,column_positional_ablation,source_only,acc,replace,0.1,0.9,0.9,0.8978768020969856,0.0,0.17247930159386327
2029,P4,column_positional_ablation,source_only,cc,replace,0.05,0.93657,0.93657,0.9488780999868784,1.0,0.16282884915713564
2029,P4,column_positional_ablation,source_only,cc,replace,0.1,0.88717,0.88717,0.8978768020969856,0.0,0.17247930159386327
2029,P4,column_positional_ablation,source_only,dys,replace,0.05,0.9499940391390134,0.9499940391390134,0.9488780999868784,1.0,0.16282884915713564
2029,P4,column_positional_ablation,source_only,dys,replace,0.1,0.8999940391390134,0.8999940391390134,0.8978768020969856,0.0,0.17247930159386327
2029,P4,column_positional_ablation,source_only,emq,replace,0.05,0.9499999998626175,0.9499999998626175,0.9488780999868784,1.0,0.16282884915713564
2029,P4,column_positional_ablation,source_only,emq,replace,0.1,0.8999999998810847,0.8999999998810847,0.8978768020969856,0.0,0.17247930159386327
2029,P4,column_positional_ablation,source_only,hdy,replace,0.05,0.9499940391390134,0.9499940391390134,0.9488780999868784,1.0,0.16282884915713564
2029,P4,column_positional_ablation,source_only,hdy,replace,0.1,0.8999940391390134,0.8999940391390134,0.8978768020969856,0.0,0.17247930159386327
2029,P4,column_positional_ablation,source_only,kdey,replace,0.05,0.9499940391390134,0.9499940391390134,0.9488780999868784,1.0,0.16282884915713564
2029,P4,column_positional_ablation,source_only,kdey,replace,0.1,0.8999940391390134,0.8999940391390134,0.8978768020969856,0.0,0.17247930159386327
2029,P4,column_positional_ablation,source_only,median_sweep,replace,0.05,0.95,0.95,0.9488780999868784,1.0,0.16282884915713564
2029,P4,column_positional_ablation,source_only,median_sweep,replace,0.1,0.9,0.9,0.8978768020969856,0.0,0.17247930159386327
2029,P4,column_positional_ablation,source_only,pacc,replace,0.05,0.95,0.95,0.9488780999868784,1.0,0.16282884915713564
2029,P4,column_positional_ablation,source_only,pacc,replace,0.1,0.9,0.9,0.8978768020969856,0.0,0.17247930159386327
2029,P4,column_positional_ablation,source_only,pcc,replace,0.05,0.9040254035351403,0.9040254035351403,0.9488780999868784,1.0,0.16282884915713564
2029,P4,column_positional_ablation,source_only,pcc,replace,0.1,0.8546591113657108,0.8546591113657108,0.8978768020969856,0.0,0.17247930159386327
2029,P4,column_positional_ablation,target_real_anchor,acc,replace,0.05,0.018806014421501097,0.018743936414290348,0.8547052740434333,0.0,0.00061004317670294
2029,P4,column_positional_ablation,target_real_anchor,acc,replace,0.1,0.022645591609308388,-0.02263926581448702,0.7359022556390977,0.99,0.0012220959073997403
2029,P4,column_positional_ablation,target_real_anchor,cc,replace,0.05,0.007989999999999995,-0.007650000000000005,0.8547052740434333,0.0,0.00061004317670294
2029,P4,column_positional_ablation,target_real_anchor,cc,replace,0.1,0.05256,-0.05256,0.7359022556390977,1.0,0.0012220959073997403
2029,P4,column_positional_ablation,target_real_anchor,dys,replace,0.05,0.9499940391390134,0.9499940391390134,0.8547052740434333,1.0,0.00033817922924988
2029,P4,column_positional_ablation,target_real_anchor,dys,replace,0.1,0.8999940391390134,0.8999940391390134,0.7359022556390977,0.0,0.00049291488677598
2029,P4,column_positional_ablation,target_real_anchor,emq,replace,0.05,0.9499999998626175,0.9499999998626175,0.8547052740434333,1.0,0.00033817922924988
2029,P4,column_positional_ablation,target_real_anchor,emq,replace,0.1,0.8999999998810847,0.8999999998810847,0.7359022556390977,0.0,0.00049291488677598
2029,P4,column_positional_ablation,target_real_anchor,hdy,replace,0.05,0.9499940391390134,0.9499940391390134,0.8547052740434333,1.0,0.00033817922924988
2029,P4,column_positional_ablation,target_real_anchor,hdy,replace,0.1,0.8999940391390134,0.8999940391390134,0.7359022556390977,0.0,0.00049291488677598
2029,P4,column_positional_ablation,target_real_anchor,kdey,replace,0.05,0.9499940391390134,0.9499940391390134,0.8547052740434333,1.0,0.00033817922924988
2029,P4,column_positional_ablation,target_real_anchor,kdey,replace,0.1,0.8999940391390134,0.8999940391390134,0.7359022556390977,0.0,0.00049291488677598
2029,P4,column_positional_ablation,target_real_anchor,median_sweep,replace,0.05,0.95,0.95,0.8547052740434333,1.0,0.00033817922924988
2029,P4,column_positional_ablation,target_real_anchor,median_sweep,replace,0.1,0.9,0.9,0.7359022556390977,0.0,0.00049291488677598
2029,P4,column_positional_ablation,target_real_anchor,pacc,replace,0.05,0.95,0.95,0.8547052740434333,1.0,0.00033817922924988
2029,P4,column_positional_ablation,target_real_anchor,pacc,replace,0.1,0.9,0.9,0.7359022556390977,0.0,0.00049291488677598
2029,P4,column_positional_ablation,target_real_anchor,pcc,replace,0.05,0.9040254035351403,0.9040254035351403,0.8547052740434333,1.0,0.00033817922924988
2029,P4,column_positional_ablation,target_real_anchor,pcc,replace,0.1,0.8546591113657108,0.8546591113657108,0.7359022556390977,0.0,0.00049291488677598
2029,P4,datum_ta,oracle_target,cc,replace,0.05,0.05,-0.05,0.0,0.0,0.0
2029,P4,datum_ta,oracle_target,cc,replace,0.1,0.1,-0.1,0.0,1.0,0.0
2029,P4,datum_ta,oracle_target,dys,replace,0.05,0.9499940391390134,0.9499940391390134,0.0,1.0,0.0
2029,P4,datum_ta,oracle_target,dys,replace,0.1,0.8999940391390134,0.8999940391390134,0.0,0.0,0.0
2029,P4,datum_ta,oracle_target,emq,replace,0.05,0.45,0.45,0.0,1.0,0.0
2029,P4,datum_ta,oracle_target,emq,replace,0.1,0.4,0.4,0.0,0.0,0.0
2029,P4,datum_ta,oracle_target,hdy,replace,0.05,0.9499940391390134,0.9499940391390134,0.0,1.0,0.0
2029,P4,datum_ta,oracle_target,hdy,replace,0.1,0.8999940391390134,0.8999940391390134,0.0,0.0,0.0
2029,P4,datum_ta,oracle_target,pcc,replace,0.05,0.45,0.45,0.0,1.0,0.0
2029,P4,datum_ta,oracle_target,pcc,replace,0.1,0.4,0.4,0.0,0.0,0.0
2029,P4,datum_ta,source_only,acc,replace,0.05,0.05,-0.05,0.0,0.0,0.0
2029,P4,datum_ta,source_only,acc,replace,0.1,0.1,-0.1,0.0,1.0,0.0
2029,P4,datum_ta,source_only,cc,replace,0.05,0.05,-0.05,0.0,0.0,0.0
2029,P4,datum_ta,source_only,cc,replace,0.1,0.1,-0.1,0.0,1.0,0.0
2029,P4,datum_ta,source_only,dys,replace,0.05,0.0499940391390134,-0.0499940391390134,0.0,0.0,0.0
2029,P4,datum_ta,source_only,dys,replace,0.1,0.09999403913901342,-0.09999403913901342,0.0,1.0,0.0
2029,P4,datum_ta,source_only,emq,replace,0.05,0.04999999552830374,-0.04999999552830374,0.0,0.0,0.0
2029,P4,datum_ta,source_only,emq,replace,0.1,0.09999999552739598,-0.09999999552739598,0.0,1.0,0.0
2029,P4,datum_ta,source_only,hdy,replace,0.05,0.0499940391390134,-0.0499940391390134,0.0,0.0,0.0
2029,P4,datum_ta,source_only,hdy,replace,0.1,0.09999403913901342,-0.09999403913901342,0.0,1.0,0.0
2029,P4,datum_ta,source_only,kdey,replace,0.05,0.0499940391390134,-0.0499940391390134,0.0,0.0,0.0
2029,P4,datum_ta,source_only,kdey,replace,0.1,0.09999403913901342,-0.09999403913901342,0.0,1.0,0.0
2029,P4,datum_ta,source_only,median_sweep,replace,0.05,0.05,-0.05,0.0,0.0,0.0
2029,P4,datum_ta,source_only,median_sweep,replace,0.1,0.1,-0.1,0.0,1.0,0.0
2029,P4,datum_ta,source_only,pacc,replace,0.05,0.05,-0.05,0.0,0.0,0.0
2029,P4,datum_ta,source_only,pacc,replace,0.1,0.1,-0.1,0.0,1.0,0.0
2029,P4,datum_ta,source_only,pcc,replace,0.05,0.23587570354403295,0.23587570354403295,0.0,1.0,0.0
2029,P4,datum_ta,source_only,pcc,replace,0.1,0.1858776766454589,0.1858776766454589,0.0,0.0,0.0
2029,P4,datum_ta,target_real_anchor,cc,replace,0.05,0.02140999999999994,0.02140999999999994,0.8394109396914444,0.0,0.00077080749621052
2029,P4,datum_ta,target_real_anchor,cc,replace,0.1,0.02059,-0.02059,0.7123115577889447,1.0,0.00068009048734552
2029,P4,datum_ta,target_real_anchor,dys,replace,0.05,0.0499940391390134,-0.0499940391390134,0.8394109396914444,0.0,0.00077080749621052
2029,P4,datum_ta,target_real_anchor,dys,replace,0.1,0.09999403913901342,-0.09999403913901342,0.7123115577889447,1.0,0.00068009048734552
2029,P4,datum_ta,target_real_anchor,emq,replace,0.05,0.04999999552830374,-0.04999999552830374,0.8394109396914444,0.0,0.00077080749621052
2029,P4,datum_ta,target_real_anchor,emq,replace,0.1,0.09999999552739598,-0.09999999552739598,0.7123115577889447,1.0,0.00068009048734552
2029,P4,datum_ta,target_real_anchor,hdy,replace,0.05,0.0499940391390134,-0.0499940391390134,0.8394109396914444,0.0,0.00077080749621052
2029,P4,datum_ta,target_real_anchor,hdy,replace,0.1,0.09999403913901342,-0.09999403913901342,0.7123115577889447,1.0,0.00068009048734552
2029,P4,datum_ta,target_real_anchor,kdey,replace,0.05,0.0499940391390134,-0.0499940391390134,0.8394109396914444,0.0,0.00077080749621052
2029,P4,datum_ta,target_real_anchor,kdey,replace,0.1,0.09999403913901342,-0.09999403913901342,0.7123115577889447,1.0,0.00068009048734552
2029,P4,datum_ta,target_real_anchor,median_sweep,replace,0.05,0.05,-0.05,0.8394109396914444,0.0,0.00077080749621052
2029,P4,datum_ta,target_real_anchor,median_sweep,replace,0.1,0.1,-0.1,0.7123115577889447,1.0,0.00068009048734552
2029,P4,datum_ta,target_real_anchor,pacc,replace,0.05,0.05,-0.05,0.8394109396914444,0.0,0.00077080749621052
2029,P4,datum_ta,target_real_anchor,pacc,replace,0.1,0.1,-0.1,0.7123115577889447,1.0,0.00068009048734552
2029,P4,datum_ta,target_real_anchor,pcc,replace,0.05,0.23587570354403295,0.23587570354403295,0.8394109396914444,1.0,2.382756878418e-05
2029,P4,datum_ta,target_real_anchor,pcc,replace,0.1,0.1858776766454589,0.1858776766454589,0.7123115577889447,0.0,0.00127118644067792
2029,P4,datum_transformer,oracle_target,acc,replace,0.05,0.04830999999999997,-0.03304749999999999,0.9914529914529914,0.05,0.00015875476551375858
2029,P4,datum_transformer,oracle_target,acc,replace,0.1,0.09517062499999998,-0.047978124999999976,0.982126058325494,0.82,0.00014382665013088
2029,P4,datum_transformer,oracle_target,cc,replace,0.05,0.00429999999999997,-0.00188000000000003,0.9914529914529914,0.0,0.00015875476551375858
2029,P4,datum_transformer,oracle_target,cc,replace,0.1,0.05487,-0.05487,0.982126058325494,1.0,0.00046191033944233996
2029,P4,datum_transformer,oracle_target,dys,replace,0.05,0.059260618195750174,-0.019302977773066703,0.9914529914529914,0.12,0.00014755867897663446
2029,P4,datum_transformer,oracle_target,dys,replace,0.1,0.08683679218154493,-0.05531140333348597,0.982126058325494,0.83,0.0006482247025859799
2029,P4,datum_transformer,oracle_target,emq,replace,0.05,0.04495905717313023,-0.0027660915399955965,0.9914529914529914,0.12,0.00014755867897663446
2029,P4,datum_transformer,oracle_target,emq,replace,0.1,0.0647999181583438,-0.03403529679106938,0.982126058325494,0.76,0.0006482247025859799
2029,P4,datum_transformer,oracle_target,hdy,replace,0.05,0.053054283377143435,-0.0169444912963059,0.9914529914529914,0.1,0.00014755867897663446
2029,P4,datum_transformer,oracle_target,hdy,replace,0.1,0.0784661187857169,-0.03991055206963047,0.982126058325494,0.73,0.0006482247025859799
2029,P4,datum_transformer,oracle_target,kdey,replace,0.05,0.04634407282696253,-0.04627006949195287,0.9914529914529914,0.0,0.00015875476551375858
2029,P4,datum_transformer,oracle_target,kdey,replace,0.1,0.07714092684866612,-0.07411580746793112,0.982126058325494,0.97,0.00046191033944233996
2029,P4,datum_transformer,oracle_target,pacc,replace,0.05,0.05830414321455764,-0.022230975046054896,0.9914529914529914,0.12,0.00014755867897663446
2029,P4,datum_transformer,oracle_target,pacc,replace,0.1,0.08446394574024371,-0.052221334398464554,0.982126058325494,0.79,0.0006482247025859799
2029,P4,datum_transformer,oracle_target,pcc,replace,0.05,0.4463172755975163,0.4463172755975163,0.9914529914529914,1.0,0.00037894446741075646
2029,P4,datum_transformer,oracle_target,pcc,replace,0.1,0.39670841290128744,0.39670841290128744,0.982126058325494,0.0,0.00034105002066972003
2029,P4,datum_transformer,source_only,acc,replace,0.05,0.95,0.95,0.95,1.0,
2029,P4,datum_transformer,source_only,acc,replace,0.1,0.9,0.9,0.9,0.0,
2029,P4,datum_transformer,source_only,cc,replace,0.05,0.95,0.95,0.95,1.0,
2029,P4,datum_transformer,source_only,cc,replace,0.1,0.9,0.9,0.9,0.0,
2029,P4,datum_transformer,source_only,dys,replace,0.05,0.9499940391390134,0.9499940391390134,0.95,1.0,
2029,P4,datum_transformer,source_only,dys,replace,0.1,0.8999940391390134,0.8999940391390134,0.9,0.0,
2029,P4,datum_transformer,source_only,emq,replace,0.05,0.9499999988809171,0.9499999988809171,0.95,1.0,
2029,P4,datum_transformer,source_only,emq,replace,0.1,0.8999999988542373,0.8999999988542373,0.9,0.0,
2029,P4,datum_transformer,source_only,hdy,replace,0.05,0.9499940391390134,0.9499940391390134,0.95,1.0,
2029,P4,datum_transformer,source_only,hdy,replace,0.1,0.8999940391390134,0.8999940391390134,0.9,0.0,
2029,P4,datum_transformer,source_only,kdey,replace,0.05,0.9499940391390134,0.9499940391390134,0.95,1.0,
2029,P4,datum_transformer,source_only,kdey,replace,0.1,0.8999940391390134,0.8999940391390134,0.9,0.0,
2029,P4,datum_transformer,source_only,median_sweep,replace,0.05,0.95,0.95,0.95,1.0,
2029,P4,datum_transformer,source_only,median_sweep,replace,0.1,0.9,0.9,0.9,0.0,
2029,P4,datum_transformer,source_only,pacc,replace,0.05,0.95,0.95,0.95,1.0,
2029,P4,datum_transformer,source_only,pacc,replace,0.1,0.9,0.9,0.9,0.0,
2029,P4,datum_transformer,source_only,pcc,replace,0.05,0.7809461627672911,0.7809461627672911,0.95,1.0,
2029,P4,datum_transformer,source_only,pcc,replace,0.1,0.7306660601961535,0.7306660601961535,0.9,0.0,
2029,P4,datum_transformer,target_real_anchor,acc,replace,0.05,0.02164120336503287,-0.021568928310168208,0.9841437632135307,0.0,0.0007679367047907549
2029,P4,datum_transformer,target_real_anchor,acc,replace,0.1,0.07508279078273587,-0.07508279078273587,0.9671052631578948,1.0,0.0021505098525561
2029,P4,datum_transformer,target_real_anchor,cc,replace,0.05,0.011369999999999998,-0.01133,0.9841437632135307,0.0,0.0007679367047907549
2029,P4,datum_transformer,target_real_anchor,cc,replace,0.1,0.06319,-0.06319,0.9671052631578948,1.0,0.0021505098525561
2029,P4,datum_transformer,target_real_anchor,dys,replace,0.05,0.9499940391390134,0.9499940391390134,0.9841437632135307,1.0,0.00049205364935004
2029,P4,datum_transformer,target_real_anchor,dys,replace,0.1,0.8999940391390134,0.8999940391390134,0.9671052631578948,0.0,0.0002836341922741
2029,P4,datum_transformer,target_real_anchor,emq,replace,0.05,0.9499999988809171,0.9499999988809171,0.9841437632135307,1.0,0.00049205364935004
2029,P4,datum_transformer,target_real_anchor,emq,replace,0.1,0.8999999988542373,0.8999999988542373,0.9671052631578948,0.0,0.0002836341922741
2029,P4,datum_transformer,target_real_anchor,hdy,replace,0.05,0.9499940391390134,0.9499940391390134,0.9841437632135307,1.0,0.00049205364935004
2029,P4,datum_transformer,target_real_anchor,hdy,replace,0.1,0.8999940391390134,0.8999940391390134,0.9671052631578948,0.0,0.0002836341922741
2029,P4,datum_transformer,target_real_anchor,kdey,replace,0.05,0.9499940391390134,0.9499940391390134,0.9841437632135307,1.0,0.00049205364935004
2029,P4,datum_transformer,target_real_anchor,kdey,replace,0.1,0.8999940391390134,0.8999940391390134,0.9671052631578948,0.0,0.0002836341922741
2029,P4,datum_transformer,target_real_anchor,median_sweep,replace,0.05,0.95,0.95,0.9841437632135307,1.0,0.00049205364935004
2029,P4,datum_transformer,target_real_anchor,median_sweep,replace,0.1,0.9,0.9,0.9671052631578948,0.0,0.0002836341922741
2029,P4,datum_transformer,target_real_anchor,pacc,replace,0.05,0.95,0.95,0.9841437632135307,1.0,0.00049205364935004
2029,P4,datum_transformer,target_real_anchor,pacc,replace,0.1,0.9,0.9,0.9671052631578948,0.0,0.0002836341922741
2029,P4,datum_transformer,target_real_anchor,pcc,replace,0.05,0.7809461627672911,0.7809461627672911,0.9841437632135307,1.0,0.00049205364935004
2029,P4,datum_transformer,target_real_anchor,pcc,replace,0.1,0.7306660601961535,0.7306660601961535,0.9671052631578948,0.0,0.0002836341922741
2029,P4,flat_transformer,oracle_target,acc,replace,0.05,0.22980749999999997,0.1578075,0.952289156626506,0.23,0.0002224863350328
2029,P4,flat_transformer,oracle_target,acc,replace,0.1,0.23287250000000004,0.08403249999999998,0.9043478260869564,0.8,0.00097750447843458
2029,P4,flat_transformer,oracle_target,cc,replace,0.05,0.004739999999999946,0.001759999999999946,0.952289156626506,0.0,0.0002224863350328
2029,P4,flat_transformer,oracle_target,cc,replace,0.1,0.04704,-0.04704,0.9043478260869564,1.0,0.00027703137200864
2029,P4,flat_transformer,oracle_target,dys,replace,0.05,0.15726842006487216,0.12929427843146846,0.952289156626506,0.6,0.00067721969592574
2029,P4,flat_transformer,oracle_target,dys,replace,0.1,0.1669914315432476,0.13261542066598034,0.9043478260869564,0.26,0.00084487391484082
2029,P4,flat_transformer,oracle_target,emq,replace,0.05,0.11545012986112134,0.1023199551049605,0.952289156626506,0.52,0.00050210141931928
2029,P4,flat_transformer,oracle_target,emq,replace,0.1,0.12097965680501878,0.09214553387713996,0.9043478260869564,0.34,0.00084487391484082
2029,P4,flat_transformer,oracle_target,hdy,replace,0.05,0.16442382049394097,0.13962528893854614,0.952289156626506,0.62,0.00067721969592574
2029,P4,flat_transformer,oracle_target,hdy,replace,0.1,0.17861313869865683,0.15238303562329225,0.9043478260869564,0.22,0.00084487391484082
2029,P4,flat_transformer,oracle_target,kdey,replace,0.05,0.9459333842479208,0.9459333842479208,0.952289156626506,1.0,0.00167941298057048
2029,P4,flat_transformer,oracle_target,kdey,replace,0.1,0.8959474570947324,0.8959474570947324,0.9043478260869564,0.0,0.00150171099168614
2029,P4,flat_transformer,oracle_target,pacc,replace,0.05,0.11293068913846924,0.061107336316015025,0.952289156626506,0.4,0.0002224863350328
2029,P4,flat_transformer,oracle_target,pacc,replace,0.1,0.13428852647723372,0.0518984176131326,0.9043478260869564,0.51,0.00084487391484082
2029,P4,flat_transformer,oracle_target,pcc,replace,0.05,0.4472376991052262,0.4472376991052262,0.952289156626506,1.0,0.00167941298057048
2029,P4,flat_transformer,oracle_target,pcc,replace,0.1,0.39775829547531477,0.39775829547531477,0.9043478260869564,0.0,0.00150171099168614
2029,P4,flat_transformer,source_only,acc,replace,0.05,0.95,0.95,0.9485857082092728,1.0,0.12097658582518027
2029,P4,flat_transformer,source_only,acc,replace,0.1,0.9,0.9,0.8973242726693565,0.0,0.0698886994166551
2029,P4,flat_transformer,source_only,cc,replace,0.05,0.9216300000000001,0.9216300000000001,0.9485857082092728,1.0,0.12097658582518027
2029,P4,flat_transformer,source_only,cc,replace,0.1,0.87323,0.87323,0.8973242726693565,0.0,0.0698886994166551
2029,P4,flat_transformer,source_only,dys,replace,0.05,0.9499940391390134,0.9499940391390134,0.9485857082092728,1.0,0.12097658582518027
2029,P4,flat_transformer,source_only,dys,replace,0.1,0.8999940391390134,0.8999940391390134,0.8973242726693565,0.0,0.0698886994166551
2029,P4,flat_transformer,source_only,emq,replace,0.05,0.9499999981127174,0.9499999981127174,0.9485857082092728,1.0,0.12097658582518027
2029,P4,flat_transformer,source_only,emq,replace,0.1,0.8999999983752939,0.8999999983752939,0.8973242726693565,0.0,0.0698886994166551
2029,P4,flat_transformer,source_only,hdy,replace,0.05,0.9499940391390134,0.9499940391390134,0.9485857082092728,1.0,0.12097658582518027
2029,P4,flat_transformer,source_only,hdy,replace,0.1,0.8999940391390134,0.8999940391390134,0.8973242726693565,0.0,0.0698886994166551
2029,P4,flat_transformer,source_only,kdey,replace,0.05,0.9499940391390134,0.9499940391390134,0.9485857082092728,1.0,0.12097658582518027
2029,P4,flat_transformer,source_only,kdey,replace,0.1,0.8999940391390134,0.8999940391390134,0.8973242726693565,0.0,0.0698886994166551
2029,P4,flat_transformer,source_only,median_sweep,replace,0.05,0.95,0.95,0.9485857082092728,1.0,0.12097658582518027
2029,P4,flat_transformer,source_only,median_sweep,replace,0.1,0.9,0.9,0.8973242726693565,0.0,0.0698886994166551
2029,P4,flat_transformer,source_only,pacc,replace,0.05,0.95,0.95,0.9485857082092728,1.0,0.12097658582518027
2029,P4,flat_transformer,source_only,pacc,replace,0.1,0.9,0.9,0.8973242726693565,0.0,0.0698886994166551
2029,P4,flat_transformer,source_only,pcc,replace,0.05,0.8667219970264491,0.8667219970264491,0.9485857082092728,1.0,0.12097658582518027
2029,P4,flat_transformer,source_only,pcc,replace,0.1,0.8180993826119506,0.8180993826119506,0.8973242726693565,0.0,0.0698886994166551
2029,P4,flat_transformer,target_real_anchor,acc,replace,0.05,0.1661983138780804,0.1661983138780804,0.9533255542590432,1.0,0.0018726172431216
2029,P4,flat_transformer,target_real_anchor,acc,replace,0.1,0.1210886511024643,0.1210886511024643,0.9063231850117096,0.0,0.00166534610261352
2029,P4,flat_transformer,target_real_anchor,cc,replace,0.05,0.01531999999999994,0.01531999999999994,0.9533255542590432,0.0,0.00034305957466352
2029,P4,flat_transformer,target_real_anchor,cc,replace,0.1,0.03322,-0.03322,0.9063231850117096,1.0,1.0047769969268039e-05
2029,P4,flat_transformer,target_real_anchor,dys,replace,0.05,0.9499940391390134,0.9499940391390134,0.9533255542590432,1.0,0.0018726172431216
2029,P4,flat_transformer,target_real_anchor,dys,replace,0.1,0.8999940391390134,0.8999940391390134,0.9063231850117096,0.0,0.00166534610261352
2029,P4,flat_transformer,target_real_anchor,emq,replace,0.05,0.9499999981127174,0.9499999981127174,0.9533255542590432,1.0,0.0018726172431216
2029,P4,flat_transformer,target_real_anchor,emq,replace,0.1,0.8999999983752939,0.8999999983752939,0.9063231850117096,0.0,0.00166534610261352
2029,P4,flat_transformer,target_real_anchor,hdy,replace,0.05,0.9499940391390134,0.9499940391390134,0.9533255542590432,1.0,0.0018726172431216
2029,P4,flat_transformer,target_real_anchor,hdy,replace,0.1,0.8999940391390134,0.8999940391390134,0.9063231850117096,0.0,0.00166534610261352
2029,P4,flat_transformer,target_real_anchor,kdey,replace,0.05,0.9499940391390134,0.9499940391390134,0.9533255542590432,1.0,0.0018726172431216
2029,P4,flat_transformer,target_real_anchor,kdey,replace,0.1,0.8999940391390134,0.8999940391390134,0.9063231850117096,0.0,0.00166534610261352
2029,P4,flat_transformer,target_real_anchor,median_sweep,replace,0.05,0.95,0.95,0.9533255542590432,1.0,0.0018726172431216
2029,P4,flat_transformer,target_real_anchor,median_sweep,replace,0.1,0.9,0.9,0.9063231850117096,0.0,0.00166534610261352
2029,P4,flat_transformer,target_real_anchor,pacc,replace,0.05,0.95,0.95,0.9533255542590432,1.0,0.0018726172431216
2029,P4,flat_transformer,target_real_anchor,pacc,replace,0.1,0.9,0.9,0.9063231850117096,0.0,0.00166534610261352
2029,P4,flat_transformer,target_real_anchor,pcc,replace,0.05,0.8667219970264491,0.8667219970264491,0.9533255542590432,1.0,0.0018726172431216
2029,P4,flat_transformer,target_real_anchor,pcc,replace,0.1,0.8180993826119506,0.8180993826119506,0.9063231850117096,0.0,0.00166534610261352
2030,P1,c2st_lr,oracle_target,acc,replace,0.05,0.034569144654087995,0.02220406289308174,0.8334608518235143,0.21,0.0
2030,P1,c2st_lr,oracle_target,acc,replace,0.1,0.03660753459119492,0.021520012578616337,0.7033166742389823,0.32,0.0005916151323270399
2030,P1,c2st_lr,oracle_target,cc,replace,0.05,0.01191999999999993,0.011859999999999931,0.8334608518235143,0.0,0.0
2030,P1,c2st_lr,oracle_target,cc,replace,0.1,0.02987,-0.02987,0.7033166742389823,1.0,0.00044321815397004
2030,P1,c2st_lr,oracle_target,dys,replace,0.05,0.03473908009088853,0.017035570367734197,0.8334608518235143,0.19,0.00022577383708666
2030,P1,c2st_lr,oracle_target,dys,replace,0.1,0.03357219250716086,0.014637983339207003,0.7033166742389823,0.41,0.00052454057490128
2030,P1,c2st_lr,oracle_target,emq,replace,0.05,0.025593368169556943,0.00811562637867935,0.8334608518235143,0.08,0.0
2030,P1,c2st_lr,oracle_target,emq,replace,0.1,0.025794750370572026,0.005864057746817235,0.7033166742389823,0.46,0.00022752742028732
2030,P1,c2st_lr,oracle_target,hdy,replace,0.05,0.026680850554765972,0.0074995288414187854,0.8334608518235143,0.12,0.00022577383708666
2030,P1,c2st_lr,oracle_target,hdy,replace,0.1,0.027812619130134348,0.007719862012859262,0.7033166742389823,0.42,0.00022752742028732
2030,P1,c2st_lr,oracle_target,kdey,replace,0.05,0.025874065285322,-0.0060697185886835914,0.8334608518235143,0.06,0.0
2030,P1,c2st_lr,oracle_target,kdey,replace,0.1,0.026573015024281773,-0.005857852819858563,0.7033166742389823,0.57,0.00022752742028732
2030,P1,c2st_lr,oracle_target,median_sweep,replace,0.05,0.033669086756825645,0.011073412455926279,0.8334608518235143,0.15,0.0
2030,P1,c2st_lr,oracle_target,median_sweep,replace,0.1,0.030916753278663903,0.005909902146139099,0.7033166742389823,0.41,0.00022752742028732
2030,P1,c2st_lr,oracle_target,pacc,replace,0.05,0.028250303467555003,0.006693500603577928,0.8334608518235143,0.1,0.0
2030,P1,c2st_lr,oracle_target,pacc,replace,0.1,0.02710581555706396,0.003961330901418464,0.7033166742389823,0.48,0.00022752742028732
2030,P1,c2st_lr,oracle_target,pcc,replace,0.05,0.39166117638706305,0.39166117638706305,0.8334608518235143,1.0,0.0008110322303112001
2030,P1,c2st_lr,oracle_target,pcc,replace,0.1,0.34792492305134226,0.34792492305134226,0.7033166742389823,0.0,0.0005916151323270399
2030,P1,c2st_lr,source_only,acc,replace,0.05,0.034569144654087995,0.02220406289308174,0.8334608518235143,0.21,0.0
2030,P1,c2st_lr,source_only,acc,replace,0.1,0.03660753459119492,0.021520012578616337,0.7033166742389823,0.32,0.0005916151323270399
2030,P1,c2st_lr,source_only,cc,replace,0.05,0.01191999999999993,0.011859999999999931,0.8334608518235143,0.0,0.0
2030,P1,c2st_lr,source_only,cc,replace,0.1,0.02987,-0.02987,0.7033166742389823,1.0,0.00044321815397004
2030,P1,c2st_lr,source_only,dys,replace,0.05,0.03473908009088853,0.017035570367734197,0.8334608518235143,0.19,0.00022577383708666
2030,P1,c2st_lr,source_only,dys,replace,0.1,0.03357219250716086,0.014637983339207003,0.7033166742389823,0.41,0.00052454057490128
2030,P1,c2st_lr,source_only,emq,replace,0.05,0.025593368169556943,0.00811562637867935,0.8334608518235143,0.08,0.0
2030,P1,c2st_lr,source_only,emq,replace,0.1,0.025794750370572026,0.005864057746817235,0.7033166742389823,0.46,0.00022752742028732
2030,P1,c2st_lr,source_only,hdy,replace,0.05,0.026680850554765972,0.0074995288414187854,0.8334608518235143,0.12,0.00022577383708666
2030,P1,c2st_lr,source_only,hdy,replace,0.1,0.027812619130134348,0.007719862012859262,0.7033166742389823,0.42,0.00022752742028732
2030,P1,c2st_lr,source_only,kdey,replace,0.05,0.025874065285322,-0.0060697185886835914,0.8334608518235143,0.06,0.0
2030,P1,c2st_lr,source_only,kdey,replace,0.1,0.026573015024281773,-0.005857852819858563,0.7033166742389823,0.57,0.00022752742028732
2030,P1,c2st_lr,source_only,median_sweep,replace,0.05,0.033669086756825645,0.011073412455926279,0.8334608518235143,0.15,0.0
2030,P1,c2st_lr,source_only,median_sweep,replace,0.1,0.030916753278663903,0.005909902146139099,0.7033166742389823,0.41,0.00022752742028732
2030,P1,c2st_lr,source_only,pacc,replace,0.05,0.028250303467555003,0.006693500603577928,0.8334608518235143,0.1,0.0
2030,P1,c2st_lr,source_only,pacc,replace,0.1,0.02710581555706396,0.003961330901418464,0.7033166742389823,0.48,0.00022752742028732
2030,P1,c2st_lr,source_only,pcc,replace,0.05,0.39166117638706305,0.39166117638706305,0.8334608518235143,1.0,0.0008110322303112001
2030,P1,c2st_lr,source_only,pcc,replace,0.1,0.34792492305134226,0.34792492305134226,0.7033166742389823,0.0,0.0005916151323270399
2030,P1,c2st_lr,target_real_anchor,acc,replace,0.05,0.0314286309523809,0.007713839285714281,0.8224061107574792,0.15,4.296278841648e-05
2030,P1,c2st_lr,target_real_anchor,acc,replace,0.1,0.03231869047619043,0.0100128869047619,0.6868686868686867,0.42,0.0002199650927344
2030,P1,c2st_lr,target_real_anchor,cc,replace,0.05,0.005769999999999983,-0.004110000000000017,0.8224061107574792,0.0,4.296278841648e-05
2030,P1,c2st_lr,target_real_anchor,cc,replace,0.1,0.04662,-0.04662,0.6868686868686867,1.0,0.00032265930892376
2030,P1,c2st_lr,target_real_anchor,dys,replace,0.05,0.03473908009088853,0.017035570367734197,0.8224061107574792,0.19,9.798146133760001e-05
2030,P1,c2st_lr,target_real_anchor,dys,replace,0.1,0.03357219250716086,0.014637983339207003,0.6868686868686867,0.41,3.090690391184e-05
2030,P1,c2st_lr,target_real_anchor,emq,replace,0.05,0.025593368169556943,0.00811562637867935,0.8224061107574792,0.08,4.296278841648e-05
2030,P1,c2st_lr,target_real_anchor,emq,replace,0.1,0.025794750370572026,0.005864057746817235,0.6868686868686867,0.46,0.00030139711261561997
2030,P1,c2st_lr,target_real_anchor,hdy,replace,0.05,0.026680850554765972,0.0074995288414187854,0.8224061107574792,0.12,9.798146133760001e-05
2030,P1,c2st_lr,target_real_anchor,hdy,replace,0.1,0.027812619130134348,0.007719862012859262,0.6868686868686867,0.42,0.00030139711261561997
2030,P1,c2st_lr,target_real_anchor,kdey,replace,0.05,0.025874065285322,-0.0060697185886835914,0.8224061107574792,0.06,4.296278841648e-05
2030,P1,c2st_lr,target_real_anchor,kdey,replace,0.1,0.026573015024281773,-0.005857852819858563,0.6868686868686867,0.57,0.00030139711261561997
2030,P1,c2st_lr,target_real_anchor,median_sweep,replace,0.05,0.033669086756825645,0.011073412455926279,0.8224061107574792,0.15,4.296278841648e-05
2030,P1,c2st_lr,target_real_anchor,median_sweep,replace,0.1,0.030916753278663903,0.005909902146139099,0.6868686868686867,0.41,0.00030139711261561997
2030,P1,c2st_lr,target_real_anchor,pacc,replace,0.05,0.028250303467555003,0.006693500603577928,0.8224061107574792,0.1,4.296278841648e-05
2030,P1,c2st_lr,target_real_anchor,pacc,replace,0.1,0.02710581555706396,0.003961330901418464,0.6868686868686867,0.48,0.00030139711261561997
2030,P1,c2st_lr,target_real_anchor,pcc,replace,0.05,0.39166117638706305,0.39166117638706305,0.8224061107574792,1.0,0.00031553537717102004
2030,P1,c2st_lr,target_real_anchor,pcc,replace,0.1,0.34792492305134226,0.34792492305134226,0.6868686868686867,0.0,0.0002199650927344
2030,P1,c2st_xgb,oracle_target,acc,replace,0.05,0.007152683751055995,0.0033152182483807253,0.5416666666666666,0.0,6.236180257392421e-05
2030,P1,c2st_xgb,oracle_target,acc,replace,0.1,0.009137876654463487,0.002586539003097724,0.35889570552147243,0.48,0.0011142925250776
2030,P1,c2st_xgb,oracle_target,cc,replace,0.05,0.039619999999999954,0.039619999999999954,0.5416666666666666,0.06,0.0001134349132935042
2030,P1,c2st_xgb,oracle_target,cc,replace,0.1,0.026399999999999944,0.026399999999999944,0.35889570552147243,0.0,0.0006221932393888
2030,P1,c2st_xgb,oracle_target,dys,replace,0.05,0.005170004155846997,0.002690225491513814,0.5416666666666666,0.0,6.236180257392421e-05
2030,P1,c2st_xgb,oracle_target,dys,replace,0.1,0.006424395386819751,0.001525794409430791,0.35889570552147243,0.39,0.0008461038943246999
2030,P1,c2st_xgb,oracle_target,emq,replace,0.05,0.0058278712411697405,-0.004840536771056303,0.5416666666666666,0.0,6.236180257392421e-05
2030,P1,c2st_xgb,oracle_target,emq,replace,0.1,0.006671968365622675,-0.0023612498344526014,0.35889570552147243,0.62,0.0011142925250776
2030,P1,c2st_xgb,oracle_target,hdy,replace,0.05,0.005306726643699049,0.0035668599730239226,0.5416666666666666,0.0,6.236180257392421e-05
2030,P1,c2st_xgb,oracle_target,hdy,replace,0.1,0.006521460703222865,0.0029847441533234816,0.35889570552147243,0.32,0.0008461038943246999
2030,P1,c2st_xgb,oracle_target,kdey,replace,0.05,0.0069369247775573975,0.006187164020952335,0.5416666666666666,0.0,6.236180257392421e-05
2030,P1,c2st_xgb,oracle_target,kdey,replace,0.1,0.008222919588941452,0.006219039922087136,0.35889570552147243,0.22,0.0008461038943246999
2030,P1,c2st_xgb,oracle_target,median_sweep,replace,0.05,0.008073859558011473,0.0067173520877923595,0.5416666666666666,0.0,6.236180257392421e-05
2030,P1,c2st_xgb,oracle_target,median_sweep,replace,0.1,0.00840277119240736,0.005221440723052714,0.35889570552147243,0.33,0.00041811999441047996
2030,P1,c2st_xgb,oracle_target,pacc,replace,0.05,0.008535882631276935,0.006927238906362952,0.5416666666666666,0.0,6.236180257392421e-05
2030,P1,c2st_xgb,oracle_target,pacc,replace,0.1,0.0082729241799506,0.005058448523843842,0.35889570552147243,0.35,0.0008461038943246999
2030,P1,c2st_xgb,oracle_target,pcc,replace,0.05,0.16604046575362272,0.16604046575362272,0.5416666666666666,1.0,0.0004023377456043
2030,P1,c2st_xgb,oracle_target,pcc,replace,0.1,0.1468896076280557,0.1468896076280557,0.35889570552147243,0.0,0.0006221932393888
2030,P1,c2st_xgb,source_only,acc,replace,0.05,0.007152683751055995,0.0033152182483807253,0.5416666666666666,0.0,6.236180257392421e-05
2030,P1,c2st_xgb,source_only,acc,replace,0.1,0.009137876654463487,0.002586539003097724,0.35889570552147243,0.48,0.0011142925250776
2030,P1,c2st_xgb,source_only,cc,replace,0.05,0.039619999999999954,0.039619999999999954,0.5416666666666666,0.06,0.0001134349132935042
2030,P1,c2st_xgb,source_only,cc,replace,0.1,0.026399999999999944,0.026399999999999944,0.35889570552147243,0.0,0.0006221932393888
2030,P1,c2st_xgb,source_only,dys,replace,0.05,0.005170004155846997,0.002690225491513814,0.5416666666666666,0.0,6.236180257392421e-05
2030,P1,c2st_xgb,source_only,dys,replace,0.1,0.006424395386819751,0.001525794409430791,0.35889570552147243,0.39,0.0008461038943246999
2030,P1,c2st_xgb,source_only,emq,replace,0.05,0.0058278712411697405,-0.004840536771056303,0.5416666666666666,0.0,6.236180257392421e-05
2030,P1,c2st_xgb,source_only,emq,replace,0.1,0.006671968365622675,-0.0023612498344526014,0.35889570552147243,0.62,0.0011142925250776
2030,P1,c2st_xgb,source_only,hdy,replace,0.05,0.005306726643699049,0.0035668599730239226,0.5416666666666666,0.0,6.236180257392421e-05
2030,P1,c2st_xgb,source_only,hdy,replace,0.1,0.006521460703222865,0.0029847441533234816,0.35889570552147243,0.32,0.0008461038943246999
2030,P1,c2st_xgb,source_only,kdey,replace,0.05,0.0069369247775573975,0.006187164020952335,0.5416666666666666,0.0,6.236180257392421e-05
2030,P1,c2st_xgb,source_only,kdey,replace,0.1,0.008222919588941452,0.006219039922087136,0.35889570552147243,0.22,0.0008461038943246999
2030,P1,c2st_xgb,source_only,median_sweep,replace,0.05,0.008073859558011473,0.0067173520877923595,0.5416666666666666,0.0,6.236180257392421e-05
2030,P1,c2st_xgb,source_only,median_sweep,replace,0.1,0.00840277119240736,0.005221440723052714,0.35889570552147243,0.33,0.00041811999441047996
2030,P1,c2st_xgb,source_only,pacc,replace,0.05,0.008535882631276935,0.006927238906362952,0.5416666666666666,0.0,6.236180257392421e-05
2030,P1,c2st_xgb,source_only,pacc,replace,0.1,0.0082729241799506,0.005058448523843842,0.35889570552147243,0.35,0.0008461038943246999
2030,P1,c2st_xgb,source_only,pcc,replace,0.05,0.16604046575362272,0.16604046575362272,0.5416666666666666,1.0,0.0004023377456043
2030,P1,c2st_xgb,source_only,pcc,replace,0.1,0.1468896076280557,0.1468896076280557,0.35889570552147243,0.0,0.0006221932393888
2030,P1,c2st_xgb,target_real_anchor,acc,replace,0.05,0.008287874682472423,0.0072524470787467855,0.4838981267101662,0.0,9.283031068562e-05
2030,P1,c2st_xgb,target_real_anchor,acc,replace,0.1,0.009557854925204575,0.005560903189387509,0.3075402428692459,0.31,0.00045724681957546
2030,P1,c2st_xgb,target_real_anchor,cc,replace,0.05,0.030059999999999944,0.030059999999999944,0.4838981267101662,0.0,9.283031068562e-05
2030,P1,c2st_xgb,target_real_anchor,cc,replace,0.1,0.01603999999999992,0.01603999999999992,0.3075402428692459,0.0,0.0007867012634019
2030,P1,c2st_xgb,target_real_anchor,dys,replace,0.05,0.005170004155846997,0.002690225491513814,0.4838981267101662,0.0,9.283031068562e-05
2030,P1,c2st_xgb,target_real_anchor,dys,replace,0.1,0.006424395386819751,0.001525794409430791,0.3075402428692459,0.39,0.00045724681957546
2030,P1,c2st_xgb,target_real_anchor,emq,replace,0.05,0.0058278712411697405,-0.004840536771056303,0.4838981267101662,0.0,9.283031068562e-05
2030,P1,c2st_xgb,target_real_anchor,emq,replace,0.1,0.006671968365622675,-0.0023612498344526014,0.3075402428692459,0.62,0.0006820342661116999
2030,P1,c2st_xgb,target_real_anchor,hdy,replace,0.05,0.005306726643699049,0.0035668599730239226,0.4838981267101662,0.0,9.283031068562e-05
2030,P1,c2st_xgb,target_real_anchor,hdy,replace,0.1,0.006521460703222865,0.0029847441533234816,0.3075402428692459,0.32,0.00045724681957546
2030,P1,c2st_xgb,target_real_anchor,kdey,replace,0.05,0.0069369247775573975,0.006187164020952335,0.4838981267101662,0.0,9.283031068562e-05
2030,P1,c2st_xgb,target_real_anchor,kdey,replace,0.1,0.008222919588941452,0.006219039922087136,0.3075402428692459,0.22,0.00045724681957546
2030,P1,c2st_xgb,target_real_anchor,median_sweep,replace,0.05,0.008073859558011473,0.0067173520877923595,0.4838981267101662,0.0,9.283031068562e-05
2030,P1,c2st_xgb,target_real_anchor,median_sweep,replace,0.1,0.00840277119240736,0.005221440723052714,0.3075402428692459,0.33,0.00050459356599362
2030,P1,c2st_xgb,target_real_anchor,pacc,replace,0.05,0.008535882631276935,0.006927238906362952,0.4838981267101662,0.0,9.283031068562e-05
2030,P1,c2st_xgb,target_real_anchor,pacc,replace,0.1,0.0082729241799506,0.005058448523843842,0.3075402428692459,0.35,0.00045724681957546
2030,P1,c2st_xgb,target_real_anchor,pcc,replace,0.05,0.16604046575362272,0.16604046575362272,0.4838981267101662,1.0,0.00035159343173488003
2030,P1,c2st_xgb,target_real_anchor,pcc,replace,0.1,0.1468896076280557,0.1468896076280557,0.3075402428692459,0.0,0.0007867012634019
2030,P1,char3gram,oracle_target,acc,replace,0.05,0.009155901192504208,0.002851621805792164,0.5697268432943109,0.0,0.0008924642501924599
2030,P1,char3gram,oracle_target,acc,replace,0.1,0.009333781942078321,0.000567492333901199,0.3854502786740979,0.47,0.0012547983790315205
2030,P1,char3gram,oracle_target,cc,replace,0.05,0.032429999999999945,0.032429999999999945,0.5697268432943109,0.0,0.0008924642501924599
2030,P1,char3gram,oracle_target,cc,replace,0.1,0.012009999999999918,0.011869999999999919,0.3854502786740979,0.02,7.24449059778e-05
2030,P1,char3gram,oracle_target,dys,replace,0.05,0.007232763817589574,0.000525313757519516,0.5697268432943109,0.0,0.0008924642501924599
2030,P1,char3gram,oracle_target,dys,replace,0.1,0.010387070291020453,-0.004966297585562829,0.3854502786740979,0.66,0.0012547983790315205
2030,P1,char3gram,oracle_target,emq,replace,0.05,0.015130392093502441,-0.01450996759602932,0.5697268432943109,0.0,0.0008924642501924599
2030,P1,char3gram,oracle_target,emq,replace,0.1,0.014034730704184173,-0.013094560288944415,0.3854502786740979,0.89,0.0011823534730537205
2030,P1,char3gram,oracle_target,hdy,replace,0.05,0.006613723814935246,0.0013808769623352658,0.5697268432943109,0.0,0.0008924642501924599
2030,P1,char3gram,oracle_target,hdy,replace,0.1,0.008143971696842172,-0.001958465871344649,0.3854502786740979,0.58,0.0012547983790315205
2030,P1,char3gram,oracle_target,kdey,replace,0.05,0.007368902122663627,-0.0033988727040879714,0.5697268432943109,0.0,0.0008924642501924599
2030,P1,char3gram,oracle_target,kdey,replace,0.1,0.00862688677458929,-0.003933176743240449,0.3854502786740979,0.62,0.0012547983790315205
2030,P1,char3gram,oracle_target,median_sweep,replace,0.05,0.00863633421887667,-0.002085295017658384,0.5697268432943109,0.0,0.0008924642501924599
2030,P1,char3gram,oracle_target,median_sweep,replace,0.1,0.010615432043539742,-0.005131943171893425,0.3854502786740979,0.69,0.0012547983790315205
2030,P1,char3gram,oracle_target,pacc,replace,0.05,0.009980038431840716,-0.003562579287495773,0.5697268432943109,0.0,0.0008924642501924599
2030,P1,char3gram,oracle_target,pacc,replace,0.1,0.011618204956617756,-0.006424416681448952,0.3854502786740979,0.72,0.0012547983790315205
2030,P1,char3gram,oracle_target,pcc,replace,0.05,0.220477342856909,0.220477342856909,0.5697268432943109,1.0,0.00011398290804369999
2030,P1,char3gram,oracle_target,pcc,replace,0.1,0.19432263959299997,0.19432263959299997,0.3854502786740979,0.0,7.24449059778e-05
2030,P1,char3gram,source_only,acc,replace,0.05,0.009155901192504208,0.002851621805792164,0.5697268432943109,0.0,0.0008924642501924599
2030,P1,char3gram,source_only,acc,replace,0.1,0.009333781942078321,0.000567492333901199,0.3854502786740979,0.47,0.0012547983790315205
2030,P1,char3gram,source_only,cc,replace,0.05,0.032429999999999945,0.032429999999999945,0.5697268432943109,0.0,0.0008924642501924599
2030,P1,char3gram,source_only,cc,replace,0.1,0.012009999999999918,0.011869999999999919,0.3854502786740979,0.02,7.24449059778e-05
2030,P1,char3gram,source_only,dys,replace,0.05,0.007232763817589574,0.000525313757519516,0.5697268432943109,0.0,0.0008924642501924599
2030,P1,char3gram,source_only,dys,replace,0.1,0.010387070291020453,-0.004966297585562829,0.3854502786740979,0.66,0.0012547983790315205
2030,P1,char3gram,source_only,emq,replace,0.05,0.015130392093502441,-0.01450996759602932,0.5697268432943109,0.0,0.0008924642501924599
2030,P1,char3gram,source_only,emq,replace,0.1,0.014034730704184173,-0.013094560288944415,0.3854502786740979,0.89,0.0011823534730537205
2030,P1,char3gram,source_only,hdy,replace,0.05,0.006613723814935246,0.0013808769623352658,0.5697268432943109,0.0,0.0008924642501924599
2030,P1,char3gram,source_only,hdy,replace,0.1,0.008143971696842172,-0.001958465871344649,0.3854502786740979,0.58,0.0012547983790315205
2030,P1,char3gram,source_only,kdey,replace,0.05,0.007368902122663627,-0.0033988727040879714,0.5697268432943109,0.0,0.0008924642501924599
2030,P1,char3gram,source_only,kdey,replace,0.1,0.00862688677458929,-0.003933176743240449,0.3854502786740979,0.62,0.0012547983790315205
2030,P1,char3gram,source_only,median_sweep,replace,0.05,0.00863633421887667,-0.002085295017658384,0.5697268432943109,0.0,0.0008924642501924599
2030,P1,char3gram,source_only,median_sweep,replace,0.1,0.010615432043539742,-0.005131943171893425,0.3854502786740979,0.69,0.0012547983790315205
2030,P1,char3gram,source_only,pacc,replace,0.05,0.009980038431840716,-0.003562579287495773,0.5697268432943109,0.0,0.0008924642501924599
2030,P1,char3gram,source_only,pacc,replace,0.1,0.011618204956617756,-0.006424416681448952,0.3854502786740979,0.72,0.0012547983790315205
2030,P1,char3gram,source_only,pcc,replace,0.05,0.220477342856909,0.220477342856909,0.5697268432943109,1.0,0.00011398290804369999
2030,P1,char3gram,source_only,pcc,replace,0.1,0.19432263959299997,0.19432263959299997,0.3854502786740979,0.0,7.24449059778e-05
2030,P1,char3gram,target_real_anchor,acc,replace,0.05,0.009442331989247264,0.0045601276881720235,0.5996618448243471,0.0,0.0006798422871108305
2030,P1,char3gram,target_real_anchor,acc,replace,0.1,0.010062688172042967,0.002929354838709676,0.4150425473510842,0.45,0.00143026629804882
2030,P1,char3gram,target_real_anchor,cc,replace,0.05,0.03941999999999995,0.03941999999999995,0.5996618448243471,0.11,0.0006798422871108305
2030,P1,char3gram,target_real_anchor,cc,replace,0.1,0.019679999999999927,0.019679999999999927,0.4150425473510842,0.0,9.62278781369e-05
2030,P1,char3gram,target_real_anchor,dys,replace,0.05,0.007232763817589574,0.000525313757519516,0.5996618448243471,0.0,0.0006798422871108305
2030,P1,char3gram,target_real_anchor,dys,replace,0.1,0.010387070291020453,-0.004966297585562829,0.4150425473510842,0.66,0.00143026629804882
2030,P1,char3gram,target_real_anchor,emq,replace,0.05,0.015130392093502441,-0.01450996759602932,0.5996618448243471,0.0,0.0006798422871108305
2030,P1,char3gram,target_real_anchor,emq,replace,0.1,0.014034730704184173,-0.013094560288944415,0.4150425473510842,0.89,0.0013608901626722
2030,P1,char3gram,target_real_anchor,hdy,replace,0.05,0.006613723814935246,0.0013808769623352658,0.5996618448243471,0.0,0.0006798422871108305
2030,P1,char3gram,target_real_anchor,hdy,replace,0.1,0.008143971696842172,-0.001958465871344649,0.4150425473510842,0.58,0.00143026629804882
2030,P1,char3gram,target_real_anchor,kdey,replace,0.05,0.007368902122663627,-0.0033988727040879714,0.5996618448243471,0.0,0.0006798422871108305
2030,P1,char3gram,target_real_anchor,kdey,replace,0.1,0.00862688677458929,-0.003933176743240449,0.4150425473510842,0.62,0.00143026629804882
2030,P1,char3gram,target_real_anchor,median_sweep,replace,0.05,0.00863633421887667,-0.002085295017658384,0.5996618448243471,0.0,0.0006798422871108305
2030,P1,char3gram,target_real_anchor,median_sweep,replace,0.1,0.010615432043539742,-0.005131943171893425,0.4150425473510842,0.69,0.00143026629804882
2030,P1,char3gram,target_real_anchor,pacc,replace,0.05,0.009980038431840716,-0.003562579287495773,0.5996618448243471,0.0,0.0006798422871108305
2030,P1,char3gram,target_real_anchor,pacc,replace,0.1,0.011618204956617756,-0.006424416681448952,0.4150425473510842,0.72,0.00143026629804882
2030,P1,char3gram,target_real_anchor,pcc,replace,0.05,0.220477342856909,0.220477342856909,0.5996618448243471,1.0,0.00010346140883966001
2030,P1,char3gram,target_real_anchor,pcc,replace,0.1,0.19432263959299997,0.19432263959299997,0.4150425473510842,0.0,9.62278781369e-05
2030,P1,column_positional_ablation,oracle_target,acc,replace,0.05,0.008543281976744147,0.004703979651162773,0.571453995372842,0.0,0.00028780684281046003
2030,P1,column_positional_ablation,oracle_target,acc,replace,0.1,0.00894407267441856,0.0033526017441860225,0.3871214049376432,0.38,0.0009584428181177801
2030,P1,column_positional_ablation,oracle_target,cc,replace,0.05,0.03916999999999995,0.03916999999999995,0.571453995372842,0.07,0.00028780684281046003
2030,P1,column_positional_ablation,oracle_target,cc,replace,0.1,0.024349999999999938,0.024349999999999938,0.3871214049376432,0.0,0.00127967734069106
2030,P1,column_positional_ablation,oracle_target,dys,replace,0.05,0.0072322594976118116,0.005023247785211586,0.571453995372842,0.0,0.00028780684281046003
2030,P1,column_positional_ablation,oracle_target,dys,replace,0.1,0.006868039703790555,0.0032078896584339014,0.3871214049376432,0.31,0.00052793814235258
2030,P1,column_positional_ablation,oracle_target,emq,replace,0.05,0.009986616628419808,-0.008870479401750689,0.571453995372842,0.0,0.00028780684281046003
2030,P1,column_positional_ablation,oracle_target,emq,replace,0.1,0.008482448543446756,-0.005898103504880885,0.3871214049376432,0.71,0.00095482605276634
2030,P1,column_positional_ablation,oracle_target,hdy,replace,0.05,0.006986178704673753,0.004853153687797057,0.571453995372842,0.0,0.00028780684281046003
2030,P1,column_positional_ablation,oracle_target,hdy,replace,0.1,0.006533668159755196,0.0027707446589337577,0.3871214049376432,0.34,0.00052793814235258
2030,P1,column_positional_ablation,oracle_target,kdey,replace,0.05,0.00634530621362327,0.001120251086287847,0.571453995372842,0.0,0.00028780684281046003
2030,P1,column_positional_ablation,oracle_target,kdey,replace,0.1,0.00682669634012674,0.0008049901423411299,0.3871214049376432,0.5,0.00052793814235258
2030,P1,column_positional_ablation,oracle_target,median_sweep,replace,0.05,0.007922819398213736,0.0010861283181690532,0.571453995372842,0.0,0.00028780684281046003
2030,P1,column_positional_ablation,oracle_target,median_sweep,replace,0.1,0.00781319838747514,-0.0008933867755734989,0.3871214049376432,0.55,0.00052793814235258
2030,P1,column_positional_ablation,oracle_target,pacc,replace,0.05,0.008296624162236792,0.0007665913981775488,0.571453995372842,0.0,0.00028780684281046003
2030,P1,column_positional_ablation,oracle_target,pacc,replace,0.1,0.008098842502415268,-0.0016729043755059519,0.3871214049376432,0.57,0.00052793814235258
2030,P1,column_positional_ablation,oracle_target,pcc,replace,0.05,0.18596150057355465,0.18596150057355465,0.571453995372842,1.0,0.00043280625371608
2030,P1,column_positional_ablation,oracle_target,pcc,replace,0.1,0.1639098034132236,0.1639098034132236,0.3871214049376432,0.0,0.00127967734069106
2030,P1,column_positional_ablation,source_only,acc,replace,0.05,0.008543281976744147,0.004703979651162773,0.571453995372842,0.0,0.00028780684281046003
2030,P1,column_positional_ablation,source_only,acc,replace,0.1,0.00894407267441856,0.0033526017441860225,0.3871214049376432,0.38,0.0009584428181177801
2030,P1,column_positional_ablation,source_only,cc,replace,0.05,0.03916999999999995,0.03916999999999995,0.571453995372842,0.07,0.00028780684281046003
2030,P1,column_positional_ablation,source_only,cc,replace,0.1,0.024349999999999938,0.024349999999999938,0.3871214049376432,0.0,0.00127967734069106
2030,P1,column_positional_ablation,source_only,dys,replace,0.05,0.0072322594976118116,0.005023247785211586,0.571453995372842,0.0,0.00028780684281046003
2030,P1,column_positional_ablation,source_only,dys,replace,0.1,0.006868039703790555,0.0032078896584339014,0.3871214049376432,0.31,0.00052793814235258
2030,P1,column_positional_ablation,source_only,emq,replace,0.05,0.009986616628419808,-0.008870479401750689,0.571453995372842,0.0,0.00028780684281046003
2030,P1,column_positional_ablation,source_only,emq,replace,0.1,0.008482448543446756,-0.005898103504880885,0.3871214049376432,0.71,0.00095482605276634
2030,P1,column_positional_ablation,source_only,hdy,replace,0.05,0.006986178704673753,0.004853153687797057,0.571453995372842,0.0,0.00028780684281046003
2030,P1,column_positional_ablation,source_only,hdy,replace,0.1,0.006533668159755196,0.0027707446589337577,0.3871214049376432,0.34,0.00052793814235258
2030,P1,column_positional_ablation,source_only,kdey,replace,0.05,0.00634530621362327,0.001120251086287847,0.571453995372842,0.0,0.00028780684281046003
2030,P1,column_positional_ablation,source_only,kdey,replace,0.1,0.00682669634012674,0.0008049901423411299,0.3871214049376432,0.5,0.00052793814235258
2030,P1,column_positional_ablation,source_only,median_sweep,replace,0.05,0.007922819398213736,0.0010861283181690532,0.571453995372842,0.0,0.00028780684281046003
2030,P1,column_positional_ablation,source_only,median_sweep,replace,0.1,0.00781319838747514,-0.0008933867755734989,0.3871214049376432,0.55,0.00052793814235258
2030,P1,column_positional_ablation,source_only,pacc,replace,0.05,0.008296624162236792,0.0007665913981775488,0.571453995372842,0.0,0.00028780684281046003
2030,P1,column_positional_ablation,source_only,pacc,replace,0.1,0.008098842502415268,-0.0016729043755059519,0.3871214049376432,0.57,0.00052793814235258
2030,P1,column_positional_ablation,source_only,pcc,replace,0.05,0.18596150057355465,0.18596150057355465,0.571453995372842,1.0,0.00043280625371608
2030,P1,column_positional_ablation,source_only,pcc,replace,0.1,0.1639098034132236,0.1639098034132236,0.3871214049376432,0.0,0.00127967734069106
2030,P1,column_positional_ablation,target_real_anchor,acc,replace,0.05,0.007199944297859819,0.0025231867487540242,0.5045310853530032,0.0,0.00053528127200544
2030,P1,column_positional_ablation,target_real_anchor,acc,replace,0.1,0.007457464086778019,0.0018643359718557512,0.3253945480631277,0.4,0.00097784183227526
2030,P1,column_positional_ablation,target_real_anchor,cc,replace,0.05,0.024869999999999934,0.024869999999999934,0.5045310853530032,0.0,0.00053528127200544
2030,P1,column_positional_ablation,target_real_anchor,cc,replace,0.1,0.01044999999999992,0.010249999999999919,0.3253945480631277,0.04,0.0012193979181679402
2030,P1,column_positional_ablation,target_real_anchor,dys,replace,0.05,0.0072322594976118116,0.005023247785211586,0.5045310853530032,0.0,0.00053528127200544
2030,P1,column_positional_ablation,target_real_anchor,dys,replace,0.1,0.006868039703790555,0.0032078896584339014,0.3253945480631277,0.31,0.00049494885838994
2030,P1,column_positional_ablation,target_real_anchor,emq,replace,0.05,0.009986616628419808,-0.008870479401750689,0.5045310853530032,0.0,0.00053528127200544
2030,P1,column_positional_ablation,target_real_anchor,emq,replace,0.1,0.008482448543446756,-0.005898103504880885,0.3253945480631277,0.71,0.00102321579759264
2030,P1,column_positional_ablation,target_real_anchor,hdy,replace,0.05,0.006986178704673753,0.004853153687797057,0.5045310853530032,0.0,0.00053528127200544
2030,P1,column_positional_ablation,target_real_anchor,hdy,replace,0.1,0.006533668159755196,0.0027707446589337577,0.3253945480631277,0.34,0.00049494885838994
2030,P1,column_positional_ablation,target_real_anchor,kdey,replace,0.05,0.00634530621362327,0.001120251086287847,0.5045310853530032,0.0,0.00053528127200544
2030,P1,column_positional_ablation,target_real_anchor,kdey,replace,0.1,0.00682669634012674,0.0008049901423411299,0.3253945480631277,0.5,0.00049494885838994
2030,P1,column_positional_ablation,target_real_anchor,median_sweep,replace,0.05,0.007922819398213736,0.0010861283181690532,0.5045310853530032,0.0,0.00053528127200544
2030,P1,column_positional_ablation,target_real_anchor,median_sweep,replace,0.1,0.00781319838747514,-0.0008933867755734989,0.3253945480631277,0.55,0.00049494885838994
2030,P1,column_positional_ablation,target_real_anchor,pacc,replace,0.05,0.008296624162236792,0.0007665913981775488,0.5045310853530032,0.0,0.00053528127200544
2030,P1,column_positional_ablation,target_real_anchor,pacc,replace,0.1,0.008098842502415268,-0.0016729043755059519,0.3253945480631277,0.57,0.00049494885838994
2030,P1,column_positional_ablation,target_real_anchor,pcc,replace,0.05,0.18596150057355465,0.18596150057355465,0.5045310853530032,1.0,0.00020330605232799997
2030,P1,column_positional_ablation,target_real_anchor,pcc,replace,0.1,0.1639098034132236,0.1639098034132236,0.3253945480631277,0.0,0.0012193979181679402
2030,P1,datum_transformer,oracle_target,acc,replace,0.05,0.007784885361551977,-0.0025157378012933508,0.5740181268882174,0.0,0.0008924642501923801
2030,P1,datum_transformer,oracle_target,acc,replace,0.1,0.008820211640211597,-0.005085567313345093,0.3896103896103896,0.66,0.00020900519773018
2030,P1,datum_transformer,oracle_target,cc,replace,0.05,0.03377999999999994,0.03377999999999994,0.5740181268882174,0.01,0.0008924642501923801
2030,P1,datum_transformer,oracle_target,cc,replace,0.1,0.017699999999999917,0.017699999999999917,0.3896103896103896,0.0,0.0010220102091422398
2030,P1,datum_transformer,oracle_target,dys,replace,0.05,0.005648476324618582,0.00032693760903593027,0.5740181268882174,0.0,0.0008924642501923801
2030,P1,datum_transformer,oracle_target,dys,replace,0.1,0.006010618853198427,-0.0007380656309925507,0.3896103896103896,0.44,0.0007064748319711
2030,P1,datum_transformer,oracle_target,emq,replace,0.05,0.021138417109895544,-0.021138417109895544,0.5740181268882174,0.0,0.0008924642501923801
2030,P1,datum_transformer,oracle_target,emq,replace,0.1,0.016066219277005876,-0.01601565645463772,0.3896103896103896,0.97,0.0007690558324450799
2030,P1,datum_transformer,oracle_target,hdy,replace,0.05,0.005238647988347336,0.00043242139831568203,0.5740181268882174,0.0,0.0008924642501923801
2030,P1,datum_transformer,oracle_target,hdy,replace,0.1,0.0058540559302299,-0.0008819463750887286,0.3896103896103896,0.48,0.0007064748319711
2030,P1,datum_transformer,oracle_target,kdey,replace,0.05,0.007320641890029892,-0.005262833847558138,0.5740181268882174,0.0,0.0008924642501923801
2030,P1,datum_transformer,oracle_target,kdey,replace,0.1,0.007529953022942999,-0.004836223442803595,0.3896103896103896,0.72,0.00020900519773018
2030,P1,datum_transformer,oracle_target,median_sweep,replace,0.05,0.008763376340161064,-0.003734147968490967,0.5740181268882174,0.0,0.0008924642501923801
2030,P1,datum_transformer,oracle_target,median_sweep,replace,0.1,0.010293665324288468,-0.0072564566424281555,0.3896103896103896,0.72,0.0004850849528861
2030,P1,datum_transformer,oracle_target,pacc,replace,0.05,0.008689657670037388,-0.003244328944860111,0.5740181268882174,0.0,0.0008924642501923801
2030,P1,datum_transformer,oracle_target,pacc,replace,0.1,0.009883668039204648,-0.006330947405528173,0.3896103896103896,0.73,0.0004850849528861
2030,P1,datum_transformer,oracle_target,pcc,replace,0.05,0.18531049576234848,0.18531049576234848,0.5740181268882174,1.0,0.0
2030,P1,datum_transformer,oracle_target,pcc,replace,0.1,0.16270259977398735,0.16270259977398735,0.3896103896103896,0.0,0.0010220102091422398
2030,P1,datum_transformer,source_only,acc,replace,0.05,0.007784885361551977,-0.0025157378012933508,0.5740181268882174,0.0,0.0008924642501923801
2030,P1,datum_transformer,source_only,acc,replace,0.1,0.008820211640211597,-0.005085567313345093,0.3896103896103896,0.66,0.00020900519773018
2030,P1,datum_transformer,source_only,cc,replace,0.05,0.03377999999999994,0.03377999999999994,0.5740181268882174,0.01,0.0008924642501923801
2030,P1,datum_transformer,source_only,cc,replace,0.1,0.017699999999999917,0.017699999999999917,0.3896103896103896,0.0,0.0010220102091422398
2030,P1,datum_transformer,source_only,dys,replace,0.05,0.005648476324618582,0.00032693760903593027,0.5740181268882174,0.0,0.0008924642501923801
2030,P1,datum_transformer,source_only,dys,replace,0.1,0.006010618853198427,-0.0007380656309925507,0.3896103896103896,0.44,0.0007064748319711
2030,P1,datum_transformer,source_only,emq,replace,0.05,0.021138417109895544,-0.021138417109895544,0.5740181268882174,0.0,0.0008924642501923801
2030,P1,datum_transformer,source_only,emq,replace,0.1,0.016066219277005876,-0.01601565645463772,0.3896103896103896,0.97,0.0007690558324450799
2030,P1,datum_transformer,source_only,hdy,replace,0.05,0.005238647988347336,0.00043242139831568203,0.5740181268882174,0.0,0.0008924642501923801
2030,P1,datum_transformer,source_only,hdy,replace,0.1,0.0058540559302299,-0.0008819463750887286,0.3896103896103896,0.48,0.0007064748319711
2030,P1,datum_transformer,source_only,kdey,replace,0.05,0.007320641890029892,-0.005262833847558138,0.5740181268882174,0.0,0.0008924642501923801
2030,P1,datum_transformer,source_only,kdey,replace,0.1,0.007529953022942999,-0.004836223442803595,0.3896103896103896,0.72,0.00020900519773018
2030,P1,datum_transformer,source_only,median_sweep,replace,0.05,0.008763376340161064,-0.003734147968490967,0.5740181268882174,0.0,0.0008924642501923801
2030,P1,datum_transformer,source_only,median_sweep,replace,0.1,0.010293665324288468,-0.0072564566424281555,0.3896103896103896,0.72,0.0004850849528861
2030,P1,datum_transformer,source_only,pacc,replace,0.05,0.008689657670037388,-0.003244328944860111,0.5740181268882174,0.0,0.0008924642501923801
2030,P1,datum_transformer,source_only,pacc,replace,0.1,0.009883668039204648,-0.006330947405528173,0.3896103896103896,0.73,0.0004850849528861
2030,P1,datum_transformer,source_only,pcc,replace,0.05,0.18531049576234848,0.18531049576234848,0.5740181268882174,1.0,0.0
2030,P1,datum_transformer,source_only,pcc,replace,0.1,0.16270259977398735,0.16270259977398735,0.3896103896103896,0.0,0.0010220102091422398
2030,P1,datum_transformer,target_real_anchor,acc,replace,0.05,0.0066489034564957816,-0.00305259237187126,0.46022322488720024,0.0,0.0005666265717174747
2030,P1,datum_transformer,target_real_anchor,acc,replace,0.1,0.007690548271752034,-0.0036398927294398007,0.2876841115637731,0.6,0.00043982058651876
2030,P1,datum_transformer,target_real_anchor,cc,replace,0.05,0.01167999999999993,0.01149999999999993,0.46022322488720024,0.0,0.0005666265717174747
2030,P1,datum_transformer,target_real_anchor,cc,replace,0.1,0.005759999999999977,-0.0036400000000000234,0.2876841115637731,0.66,0.00043982058651876
2030,P1,datum_transformer,target_real_anchor,dys,replace,0.05,0.005648476324618582,0.00032693760903593027,0.46022322488720024,0.0,0.0005666265717174747
2030,P1,datum_transformer,target_real_anchor,dys,replace,0.1,0.006010618853198427,-0.0007380656309925507,0.2876841115637731,0.44,0.00043982058651876
2030,P1,datum_transformer,target_real_anchor,emq,replace,0.05,0.021138417109895544,-0.021138417109895544,0.46022322488720024,0.0,0.0005666265717174747
2030,P1,datum_transformer,target_real_anchor,emq,replace,0.1,0.016066219277005876,-0.01601565645463772,0.2876841115637731,0.97,0.000615069307636
2030,P1,datum_transformer,target_real_anchor,hdy,replace,0.05,0.005238647988347336,0.00043242139831568203,0.46022322488720024,0.0,0.0005666265717174747
2030,P1,datum_transformer,target_real_anchor,hdy,replace,0.1,0.0058540559302299,-0.0008819463750887286,0.2876841115637731,0.48,0.00043982058651876
2030,P1,datum_transformer,target_real_anchor,kdey,replace,0.05,0.007320641890029892,-0.005262833847558138,0.46022322488720024,0.0,0.0005666265717174747
2030,P1,datum_transformer,target_real_anchor,kdey,replace,0.1,0.007529953022942999,-0.004836223442803595,0.2876841115637731,0.72,7.825365033e-05
2030,P1,datum_transformer,target_real_anchor,median_sweep,replace,0.05,0.008763376340161064,-0.003734147968490967,0.46022322488720024,0.0,0.0005666265717174747
2030,P1,datum_transformer,target_real_anchor,median_sweep,replace,0.1,0.010293665324288468,-0.0072564566424281555,0.2876841115637731,0.72,0.00038524030939780004
2030,P1,datum_transformer,target_real_anchor,pacc,replace,0.05,0.008689657670037388,-0.003244328944860111,0.46022322488720024,0.0,0.0005666265717174747
2030,P1,datum_transformer,target_real_anchor,pacc,replace,0.1,0.009883668039204648,-0.006330947405528173,0.2876841115637731,0.73,0.00038524030939780004
2030,P1,datum_transformer,target_real_anchor,pcc,replace,0.05,0.18531049576234848,0.18531049576234848,0.46022322488720024,1.0,0.0002040732449783
2030,P1,datum_transformer,target_real_anchor,pcc,replace,0.1,0.16270259977398735,0.16270259977398735,0.2876841115637731,0.0,0.0008603517578301599
2030,P1,flat_transformer,oracle_target,acc,replace,0.05,0.0075923523956722815,0.003053588871715592,0.5694921725849561,0.0,0.00031290500237010854
2030,P1,flat_transformer,oracle_target,acc,replace,0.1,0.008552655332302882,0.0005206553323029409,0.3852235550708833,0.52,0.00029361558716264
2030,P1,flat_transformer,oracle_target,cc,replace,0.05,0.03547999999999995,0.03547999999999995,0.5694921725849561,0.01,0.00031290500237010854
2030,P1,flat_transformer,oracle_target,cc,replace,0.1,0.01775999999999992,0.01775999999999992,0.3852235550708833,0.0,0.00094145498086128
2030,P1,flat_transformer,oracle_target,dys,replace,0.05,0.009397173815344807,0.006997152991525426,0.5694921725849561,0.0,0.00031290500237010854
2030,P1,flat_transformer,oracle_target,dys,replace,0.1,0.009296023365674625,0.005609014778308181,0.3852235550708833,0.29,0.0005308973140037
2030,P1,flat_transformer,oracle_target,emq,replace,0.05,0.007355221791426099,-0.0034469665568798535,0.5694921725849561,0.0,0.00031290500237010854
2030,P1,flat_transformer,oracle_target,emq,replace,0.1,0.007946926659275499,-0.0021542229127074,0.3852235550708833,0.59,0.00016264484186238
2030,P1,flat_transformer,oracle_target,hdy,replace,0.05,0.009027070650821532,0.006922942710357273,0.5694921725849561,0.0,0.00031290500237010854
2030,P1,flat_transformer,oracle_target,hdy,replace,0.1,0.008217001329594971,0.004667027700962718,0.3852235550708833,0.35,0.00016264484186238
2030,P1,flat_transformer,oracle_target,kdey,replace,0.05,0.008673412858117284,-0.007042475474233983,0.5694921725849561,0.0,0.00031290500237010854
2030,P1,flat_transformer,oracle_target,kdey,replace,0.1,0.01002693800009235,-0.008238293282703719,0.3852235550708833,0.79,0.00044398534662036006
2030,P1,flat_transformer,oracle_target,median_sweep,replace,0.05,0.0072720000134090515,0.003408233310093987,0.5694921725849561,0.0,0.00031290500237010854
2030,P1,flat_transformer,oracle_target,median_sweep,replace,0.1,0.00780115028046689,0.0007832221618841521,0.3852235550708833,0.49,0.00029361558716264
2030,P1,flat_transformer,oracle_target,pacc,replace,0.05,0.008016809308910595,0.003368637384614091,0.5694921725849561,0.0,0.00031290500237010854
2030,P1,flat_transformer,oracle_target,pacc,replace,0.1,0.008023769668665274,0.0004542313227530662,0.3852235550708833,0.46,0.00016264484186238
2030,P1,flat_transformer,oracle_target,pcc,replace,0.05,0.2099267550843172,0.2099267550843172,0.5694921725849561,1.0,0.00061353492233536
2030,P1,flat_transformer,oracle_target,pcc,replace,0.1,0.18522571945742844,0.18522571945742844,0.3852235550708833,0.0,0.00094145498086128
2030,P1,flat_transformer,source_only,acc,replace,0.05,0.0075923523956722815,0.003053588871715592,0.5694921725849561,0.0,0.00031290500237010854
2030,P1,flat_transformer,source_only,acc,replace,0.1,0.008552655332302882,0.0005206553323029409,0.3852235550708833,0.52,0.00029361558716264
2030,P1,flat_transformer,source_only,cc,replace,0.05,0.03547999999999995,0.03547999999999995,0.5694921725849561,0.01,0.00031290500237010854
2030,P1,flat_transformer,source_only,cc,replace,0.1,0.01775999999999992,0.01775999999999992,0.3852235550708833,0.0,0.00094145498086128
2030,P1,flat_transformer,source_only,dys,replace,0.05,0.009397173815344807,0.006997152991525426,0.5694921725849561,0.0,0.00031290500237010854
2030,P1,flat_transformer,source_only,dys,replace,0.1,0.009296023365674625,0.005609014778308181,0.3852235550708833,0.29,0.0005308973140037
2030,P1,flat_transformer,source_only,emq,replace,0.05,0.007355221791426099,-0.0034469665568798535,0.5694921725849561,0.0,0.00031290500237010854
2030,P1,flat_transformer,source_only,emq,replace,0.1,0.007946926659275499,-0.0021542229127074,0.3852235550708833,0.59,0.00016264484186238
2030,P1,flat_transformer,source_only,hdy,replace,0.05,0.009027070650821532,0.006922942710357273,0.5694921725849561,0.0,0.00031290500237010854
2030,P1,flat_transformer,source_only,hdy,replace,0.1,0.008217001329594971,0.004667027700962718,0.3852235550708833,0.35,0.00016264484186238
2030,P1,flat_transformer,source_only,kdey,replace,0.05,0.008673412858117284,-0.007042475474233983,0.5694921725849561,0.0,0.00031290500237010854
2030,P1,flat_transformer,source_only,kdey,replace,0.1,0.01002693800009235,-0.008238293282703719,0.3852235550708833,0.79,0.00044398534662036006
2030,P1,flat_transformer,source_only,median_sweep,replace,0.05,0.0072720000134090515,0.003408233310093987,0.5694921725849561,0.0,0.00031290500237010854
2030,P1,flat_transformer,source_only,median_sweep,replace,0.1,0.00780115028046689,0.0007832221618841521,0.3852235550708833,0.49,0.00029361558716264
2030,P1,flat_transformer,source_only,pacc,replace,0.05,0.008016809308910595,0.003368637384614091,0.5694921725849561,0.0,0.00031290500237010854
2030,P1,flat_transformer,source_only,pacc,replace,0.1,0.008023769668665274,0.0004542313227530662,0.3852235550708833,0.46,0.00016264484186238
2030,P1,flat_transformer,source_only,pcc,replace,0.05,0.2099267550843172,0.2099267550843172,0.5694921725849561,1.0,0.00061353492233536
2030,P1,flat_transformer,source_only,pcc,replace,0.1,0.18522571945742844,0.18522571945742844,0.3852235550708833,0.0,0.00094145498086128
2030,P1,flat_transformer,target_real_anchor,acc,replace,0.05,0.008126454121306333,0.004490404354587858,0.5340885252779526,0.0,0.00031213780971976
2030,P1,flat_transformer,target_real_anchor,acc,replace,0.1,0.008541371695178806,0.002430311041990653,0.3519112926758097,0.41,0.00015278093635864
2030,P1,flat_transformer,target_real_anchor,cc,replace,0.05,0.028449999999999944,0.028449999999999944,0.5340885252779526,0.0,0.00031213780971976
2030,P1,flat_transformer,target_real_anchor,cc,replace,0.1,0.011049999999999924,0.010849999999999924,0.3519112926758097,0.06,0.0009380574134100001
2030,P1,flat_transformer,target_real_anchor,dys,replace,0.05,0.009397173815344807,0.006997152991525426,0.5340885252779526,0.0,0.00031213780971976
2030,P1,flat_transformer,target_real_anchor,dys,replace,0.1,0.009296023365674625,0.005609014778308181,0.3519112926758097,0.29,0.00053670605835598
2030,P1,flat_transformer,target_real_anchor,emq,replace,0.05,0.007355221791426099,-0.0034469665568798535,0.5340885252779526,0.0,0.00031213780971976
2030,P1,flat_transformer,target_real_anchor,emq,replace,0.1,0.007946926659275499,-0.0021542229127074,0.3519112926758097,0.59,0.00015278093635864
2030,P1,flat_transformer,target_real_anchor,hdy,replace,0.05,0.009027070650821532,0.006922942710357273,0.5340885252779526,0.0,0.00031213780971976
2030,P1,flat_transformer,target_real_anchor,hdy,replace,0.1,0.008217001329594971,0.004667027700962718,0.3519112926758097,0.35,0.00015278093635864
2030,P1,flat_transformer,target_real_anchor,kdey,replace,0.05,0.008673412858117284,-0.007042475474233983,0.5340885252779526,0.0,0.00031213780971976
2030,P1,flat_transformer,target_real_anchor,kdey,replace,0.1,0.01002693800009235,-0.008238293282703719,0.3519112926758097,0.79,0.0004985656237412801
2030,P1,flat_transformer,target_real_anchor,median_sweep,replace,0.05,0.0072720000134090515,0.003408233310093987,0.5340885252779526,0.0,0.00031213780971976
2030,P1,flat_transformer,target_real_anchor,median_sweep,replace,0.1,0.00780115028046689,0.0007832221618841521,0.3519112926758097,0.49,0.00034951105168412003
2030,P1,flat_transformer,target_real_anchor,pacc,replace,0.05,0.008016809308910595,0.003368637384614091,0.5340885252779526,0.0,0.00031213780971976
2030,P1,flat_transformer,target_real_anchor,pacc,replace,0.1,0.008023769668665274,0.0004542313227530662,0.3519112926758097,0.46,0.00015278093635864
2030,P1,flat_transformer,target_real_anchor,pcc,replace,0.05,0.2099267550843172,0.2099267550843172,0.5340885252779526,1.0,0.0013521222466688
2030,P1,flat_transformer,target_real_anchor,pcc,replace,0.1,0.18522571945742844,0.18522571945742844,0.3519112926758097,0.0,0.0009380574134100001
2030,P2,c2st_lr,oracle_target,acc,replace,0.05,0.1732564661654135,0.14743676691729315,0.9190583682683006,0.6,0.0002686270265531
2030,P2,c2st_lr,oracle_target,acc,replace,0.1,0.18222548872180447,0.12727451127819542,0.8432229856339787,0.35,0.00090517772839738
2030,P2,c2st_lr,oracle_target,cc,replace,0.05,0.005889999999999936,0.004849999999999936,0.9190583682683006,0.0,0.0006461954094479401
2030,P2,c2st_lr,oracle_target,cc,replace,0.1,0.04457,-0.04457,0.8432229856339787,1.0,0.0
2030,P2,c2st_lr,oracle_target,dys,replace,0.05,0.04840333579358778,-0.0013931165687577577,0.9190583682683006,0.21,0.00056169461896554
2030,P2,c2st_lr,oracle_target,dys,replace,0.1,0.05829259463473848,-0.02126839185709102,0.8432229856339787,0.6,0.0007801253263993999
2030,P2,c2st_lr,oracle_target,emq,replace,0.05,0.044763607096576126,0.02174013532025467,0.9190583682683006,0.26,0.00056169461896554
2030,P2,c2st_lr,oracle_target,emq,replace,0.1,0.04573406556284515,0.011732732615322832,0.8432229856339787,0.38,0.00116799601059822
2030,P2,c2st_lr,oracle_target,hdy,replace,0.05,0.044573946341719094,0.003833809525952733,0.9190583682683006,0.22,0.00056169461896554
2030,P2,c2st_lr,oracle_target,hdy,replace,0.1,0.046225881500126846,-0.006114969301156855,0.8432229856339787,0.51,0.00089575221869376
2030,P2,c2st_lr,oracle_target,kdey,replace,0.05,0.04787398354354923,0.018766633754508672,0.9190583682683006,0.27,0.00056169461896554
2030,P2,c2st_lr,oracle_target,kdey,replace,0.1,0.049211205181319245,0.01105839959626298,0.8432229856339787,0.38,0.00116799601059822
2030,P2,c2st_lr,oracle_target,pacc,replace,0.05,0.04318629462392885,0.005640965643016113,0.9190583682683006,0.2,0.00056169461896554
2030,P2,c2st_lr,oracle_target,pacc,replace,0.1,0.04710381063295857,-0.0026904602053156226,0.8432229856339787,0.48,0.00116799601059822
2030,P2,c2st_lr,oracle_target,pcc,replace,0.05,0.42672155011343965,0.42672155011343965,0.9190583682683006,1.0,0.00051401907569726
2030,P2,c2st_lr,oracle_target,pcc,replace,0.1,0.37936429870108923,0.37936429870108923,0.8432229856339787,0.0,0.00117742152030184
2030,P2,c2st_lr,source_only,acc,replace,0.05,0.03671116981132073,-0.030982314465408792,0.9915048543689321,0.01,6.740335427585264e-05
2030,P2,c2st_lr,source_only,acc,replace,0.1,0.08738913207547169,-0.08738913207547169,0.9822335025380711,1.0,0.0002365145341907
2030,P2,c2st_lr,source_only,cc,replace,0.05,0.005129999999999957,0.0010299999999999572,0.9915048543689321,0.0,6.740335427585264e-05
2030,P2,c2st_lr,source_only,cc,replace,0.1,0.050890000000000005,-0.050890000000000005,0.9822335025380711,1.0,0.0002365145341907
2030,P2,c2st_lr,source_only,dys,replace,0.05,0.0394640820667585,-0.03605595520242046,0.9915048543689321,0.0,6.740335427585264e-05
2030,P2,c2st_lr,source_only,dys,replace,0.1,0.09423085178496127,-0.09423085178496127,0.9822335025380711,1.0,0.0002365145341907
2030,P2,c2st_lr,source_only,emq,replace,0.05,0.04399669175160368,-0.04307091533894429,0.9915048543689321,0.0,6.740335427585264e-05
2030,P2,c2st_lr,source_only,emq,replace,0.1,0.09807929835945792,-0.09807929835945792,0.9822335025380711,1.0,0.0002365145341907
2030,P2,c2st_lr,source_only,hdy,replace,0.05,0.04543024659761479,-0.044448619130834,0.9915048543689321,0.0,6.740335427585264e-05
2030,P2,c2st_lr,source_only,hdy,replace,0.1,0.09770052863882289,-0.09770052863882289,0.9822335025380711,1.0,0.0002365145341907
2030,P2,c2st_lr,source_only,kdey,replace,0.05,0.04743491366034667,-0.047092651330866354,0.9915048543689321,0.0,6.740335427585264e-05
2030,P2,c2st_lr,source_only,kdey,replace,0.1,0.09944138890240206,-0.09944138890240206,0.9822335025380711,1.0,0.0002365145341907
2030,P2,c2st_lr,source_only,median_sweep,replace,0.05,0.042377445874378264,-0.0401319300579821,0.9915048543689321,0.0,6.740335427585264e-05
2030,P2,c2st_lr,source_only,median_sweep,replace,0.1,0.09846283529543853,-0.09846283529543853,0.9822335025380711,1.0,0.0002365145341907
2030,P2,c2st_lr,source_only,pacc,replace,0.05,0.044111038851362194,-0.043466922431264876,0.9915048543689321,0.0,6.740335427585264e-05
2030,P2,c2st_lr,source_only,pacc,replace,0.1,0.0989376515627399,-0.0989376515627399,0.9822335025380711,1.0,0.0002365145341907
2030,P2,c2st_lr,source_only,pcc,replace,0.05,0.3816607050188419,0.3816607050188419,0.9915048543689321,1.0,0.00032737206377561997
2030,P2,c2st_lr,source_only,pcc,replace,0.1,0.32823386949638683,0.32823386949638683,0.9822335025380711,0.0,0.00014620499935608
2030,P2,c2st_lr,target_real_anchor,acc,replace,0.05,0.041904642857142835,-0.0386653869047619,0.9923195084485408,0.01,7.650006712932226e-05
2030,P2,c2st_lr,target_real_anchor,acc,replace,0.1,0.09405433035714285,-0.09405433035714285,0.9839228295819936,1.0,0.0001685631851646
2030,P2,c2st_lr,target_real_anchor,cc,replace,0.05,0.01368,-0.013640000000000001,0.9923195084485408,0.0,7.650006712932226e-05
2030,P2,c2st_lr,target_real_anchor,cc,replace,0.1,0.06478,-0.06478,0.9839228295819936,1.0,0.0001685631851646
2030,P2,c2st_lr,target_real_anchor,dys,replace,0.05,0.0394640820667585,-0.03605595520242046,0.9923195084485408,0.0,7.650006712932226e-05
2030,P2,c2st_lr,target_real_anchor,dys,replace,0.1,0.09423085178496127,-0.09423085178496127,0.9839228295819936,1.0,0.0001685631851646
2030,P2,c2st_lr,target_real_anchor,emq,replace,0.05,0.04399669175160368,-0.04307091533894429,0.9923195084485408,0.0,7.650006712932226e-05
2030,P2,c2st_lr,target_real_anchor,emq,replace,0.1,0.09807929835945792,-0.09807929835945792,0.9839228295819936,1.0,0.0001685631851646
2030,P2,c2st_lr,target_real_anchor,hdy,replace,0.05,0.04543024659761479,-0.044448619130834,0.9923195084485408,0.0,7.650006712932226e-05
2030,P2,c2st_lr,target_real_anchor,hdy,replace,0.1,0.09770052863882289,-0.09770052863882289,0.9839228295819936,1.0,0.0001685631851646
2030,P2,c2st_lr,target_real_anchor,kdey,replace,0.05,0.04743491366034667,-0.047092651330866354,0.9923195084485408,0.0,7.650006712932226e-05
2030,P2,c2st_lr,target_real_anchor,kdey,replace,0.1,0.09944138890240206,-0.09944138890240206,0.9839228295819936,1.0,0.0001685631851646
2030,P2,c2st_lr,target_real_anchor,median_sweep,replace,0.05,0.042377445874378264,-0.0401319300579821,0.9923195084485408,0.0,7.650006712932226e-05
2030,P2,c2st_lr,target_real_anchor,median_sweep,replace,0.1,0.09846283529543853,-0.09846283529543853,0.9839228295819936,1.0,0.0001685631851646
2030,P2,c2st_lr,target_real_anchor,pacc,replace,0.05,0.044111038851362194,-0.043466922431264876,0.9923195084485408,0.0,7.650006712932226e-05
2030,P2,c2st_lr,target_real_anchor,pacc,replace,0.1,0.0989376515627399,-0.0989376515627399,0.9839228295819936,1.0,0.0001685631851646
2030,P2,c2st_lr,target_real_anchor,pcc,replace,0.05,0.3816607050188419,0.3816607050188419,0.9923195084485408,1.0,0.00015848008176072
2030,P2,c2st_lr,target_real_anchor,pcc,replace,0.1,0.32823386949638683,0.32823386949638683,0.9839228295819936,0.0,7.93496398304851e-05
2030,P2,c2st_xgb,oracle_target,acc,replace,0.05,0.01063651695288414,0.004563447820343431,0.6376936316695353,0.0,0.00012625799044844
2030,P2,c2st_xgb,oracle_target,acc,replace,0.1,0.014375279612505449,0.005275455746367205,0.4546632124352331,0.36,0.00070724202462146
2030,P2,c2st_xgb,oracle_target,cc,replace,0.05,0.025869999999999938,0.025869999999999938,0.6376936316695353,0.0,0.00012625799044844
2030,P2,c2st_xgb,oracle_target,cc,replace,0.1,0.006539999999999955,7.9999999999954e-05,0.4546632124352331,0.49,0.0006418114514463
2030,P2,c2st_xgb,oracle_target,dys,replace,0.05,0.006384231504694689,-0.000365908382668996,0.6376936316695353,0.0,0.00012625799044844
2030,P2,c2st_xgb,oracle_target,dys,replace,0.1,0.008808044154605399,0.0016691392209654049,0.4546632124352331,0.43,0.00036003255088814
2030,P2,c2st_xgb,oracle_target,emq,replace,0.05,0.04627326817932968,-0.04627326817932968,0.6376936316695353,0.0,0.00012625799044844
2030,P2,c2st_xgb,oracle_target,emq,replace,0.1,0.03103603555478919,-0.030958773758705916,0.4546632124352331,0.98,0.00057879205517206
2030,P2,c2st_xgb,oracle_target,hdy,replace,0.05,0.006362522332750023,0.000502845978679861,0.6376936316695353,0.0,0.00012625799044844
2030,P2,c2st_xgb,oracle_target,hdy,replace,0.1,0.009201958801524508,0.0030598403778718582,0.4546632124352331,0.4,0.00036003255088814
2030,P2,c2st_xgb,oracle_target,kdey,replace,0.05,0.006766331869983798,0.002661614683374462,0.6376936316695353,0.0,0.00012625799044844
2030,P2,c2st_xgb,oracle_target,kdey,replace,0.1,0.009783329452308542,0.003722836511739242,0.4546632124352331,0.41,0.0006418114514463
2030,P2,c2st_xgb,oracle_target,median_sweep,replace,0.05,0.011579516084293593,0.0083144897309101,0.6376936316695353,0.0,0.00012625799044844
2030,P2,c2st_xgb,oracle_target,median_sweep,replace,0.1,0.013798724929308635,0.008301531464634223,0.4546632124352331,0.31,0.00070724202462146
2030,P2,c2st_xgb,oracle_target,pacc,replace,0.05,0.01371634331527518,0.008403681848685807,0.6376936316695353,0.0,0.00012625799044844
2030,P2,c2st_xgb,oracle_target,pacc,replace,0.1,0.015076631450611859,0.008471365243846105,0.4546632124352331,0.33,0.0006418114514463
2030,P2,c2st_xgb,oracle_target,pcc,replace,0.05,0.3269633822953663,0.3269633822953663,0.6376936316695353,1.0,0.00065726490340218
2030,P2,c2st_xgb,oracle_target,pcc,replace,0.1,0.29091316474689316,0.29091316474689316,0.4546632124352331,0.0,0.00058734077327548
2030,P2,c2st_xgb,source_only,acc,replace,0.05,0.015330157702055702,-0.015104593072373926,0.6376936316695353,0.0,0.00012625799044844
2030,P2,c2st_xgb,source_only,acc,replace,0.1,0.032672328921430537,-0.032672328921430537,0.4546632124352331,1.0,0.00057879205517206
2030,P2,c2st_xgb,source_only,cc,replace,0.05,0.025869999999999938,0.025869999999999938,0.6376936316695353,0.0,0.00012625799044844
2030,P2,c2st_xgb,source_only,cc,replace,0.1,0.006539999999999955,7.9999999999954e-05,0.4546632124352331,0.49,0.0006418114514463
2030,P2,c2st_xgb,source_only,dys,replace,0.05,0.011153251905302702,-0.011052530141027273,0.6376936316695353,0.0,0.00012625799044844
2030,P2,c2st_xgb,source_only,dys,replace,0.1,0.022990403029804724,-0.022990403029804724,0.4546632124352331,1.0,0.00057879205517206
2030,P2,c2st_xgb,source_only,emq,replace,0.05,0.02045892470137873,-0.02045892470137873,0.6376936316695353,0.0,0.00012625799044844
2030,P2,c2st_xgb,source_only,emq,replace,0.1,0.031760721977867695,-0.031760721977867695,0.4546632124352331,1.0,0.00057879205517206
2030,P2,c2st_xgb,source_only,hdy,replace,0.05,0.011569748023709699,-0.011484812965527818,0.6376936316695353,0.0,0.00012625799044844
2030,P2,c2st_xgb,source_only,hdy,replace,0.1,0.025450126610236865,-0.025450126610236865,0.4546632124352331,1.0,0.00057879205517206
2030,P2,c2st_xgb,source_only,kdey,replace,0.05,0.01017114003296056,-0.009903874653698231,0.6376936316695353,0.0,0.00012625799044844
2030,P2,c2st_xgb,source_only,kdey,replace,0.1,0.02337447185083633,-0.02337447185083633,0.4546632124352331,1.0,0.00057879205517206
2030,P2,c2st_xgb,source_only,median_sweep,replace,0.05,0.012582842920422554,-0.012217852358590782,0.6376936316695353,0.0,0.00012625799044844
2030,P2,c2st_xgb,source_only,median_sweep,replace,0.1,0.0306616988178719,-0.0306616988178719,0.4546632124352331,1.0,0.00057879205517206
2030,P2,c2st_xgb,source_only,pacc,replace,0.05,0.013088941486719716,-0.012577113989944126,0.6376936316695353,0.0,0.00012625799044844
2030,P2,c2st_xgb,source_only,pacc,replace,0.1,0.03165205557494532,-0.03165205557494532,0.4546632124352331,1.0,0.00057879205517206
2030,P2,c2st_xgb,source_only,pcc,replace,0.05,0.15353937645108715,0.15353937645108715,0.6376936316695353,1.0,0.00065726490340218
2030,P2,c2st_xgb,source_only,pcc,replace,0.1,0.12336043480597494,0.12336043480597494,0.4546632124352331,0.0,0.00058734077327548
2030,P2,c2st_xgb,target_real_anchor,acc,replace,0.05,0.01119260795935642,-0.010564484899802377,0.5792391030486269,0.0,0.00019870289642622002
2030,P2,c2st_xgb,target_real_anchor,acc,replace,0.1,0.028126121930567266,-0.028126121930567266,0.3947082276187024,1.0,0.00049571605104022
2030,P2,c2st_xgb,target_real_anchor,cc,replace,0.05,0.016789999999999944,0.016789999999999944,0.5792391030486269,0.0,0.00019870289642622002
2030,P2,c2st_xgb,target_real_anchor,cc,replace,0.1,0.009829999999999992,-0.00905000000000001,0.3947082276187024,0.88,0.00049571605104022
2030,P2,c2st_xgb,target_real_anchor,dys,replace,0.05,0.011153251905302702,-0.011052530141027273,0.5792391030486269,0.0,0.00019870289642622002
2030,P2,c2st_xgb,target_real_anchor,dys,replace,0.1,0.022990403029804724,-0.022990403029804724,0.3947082276187024,1.0,0.00049571605104022
2030,P2,c2st_xgb,target_real_anchor,emq,replace,0.05,0.02045892470137873,-0.02045892470137873,0.5792391030486269,0.0,0.00019870289642622002
2030,P2,c2st_xgb,target_real_anchor,emq,replace,0.1,0.031760721977867695,-0.031760721977867695,0.3947082276187024,1.0,0.00049571605104022
2030,P2,c2st_xgb,target_real_anchor,hdy,replace,0.05,0.011569748023709699,-0.011484812965527818,0.5792391030486269,0.0,0.00019870289642622002
2030,P2,c2st_xgb,target_real_anchor,hdy,replace,0.1,0.025450126610236865,-0.025450126610236865,0.3947082276187024,1.0,0.00049571605104022
2030,P2,c2st_xgb,target_real_anchor,kdey,replace,0.05,0.01017114003296056,-0.009903874653698231,0.5792391030486269,0.0,0.00019870289642622002
2030,P2,c2st_xgb,target_real_anchor,kdey,replace,0.1,0.02337447185083633,-0.02337447185083633,0.3947082276187024,1.0,0.00049571605104022
2030,P2,c2st_xgb,target_real_anchor,median_sweep,replace,0.05,0.012582842920422554,-0.012217852358590782,0.5792391030486269,0.0,0.00019870289642622002
2030,P2,c2st_xgb,target_real_anchor,median_sweep,replace,0.1,0.0306616988178719,-0.0306616988178719,0.3947082276187024,1.0,0.00049571605104022
2030,P2,c2st_xgb,target_real_anchor,pacc,replace,0.05,0.013088941486719716,-0.012577113989944126,0.5792391030486269,0.0,0.00019870289642622002
2030,P2,c2st_xgb,target_real_anchor,pacc,replace,0.1,0.03165205557494532,-0.03165205557494532,0.3947082276187024,1.0,0.00049571605104022
2030,P2,c2st_xgb,target_real_anchor,pcc,replace,0.05,0.15353937645108715,0.15353937645108715,0.5792391030486269,1.0,0.0006208780519882399
2030,P2,c2st_xgb,target_real_anchor,pcc,replace,0.1,0.12336043480597494,0.12336043480597494,0.3947082276187024,0.0,0.00087153085073446
2030,P2,char3gram,oracle_target,acc,replace,0.05,0.015938076699593205,0.004476589192330015,0.674446875759786,0.02,0.0005357196678055801
2030,P2,char3gram,oracle_target,acc,replace,0.1,0.018160214991284084,0.0038432481115630297,0.49528835280814154,0.44,0.00106223302380756
2030,P2,char3gram,oracle_target,cc,replace,0.05,0.01952999999999994,0.01952999999999994,0.674446875759786,0.0,0.0005357196678055801
2030,P2,char3gram,oracle_target,cc,replace,0.1,0.013089999999999997,-0.012610000000000003,0.49528835280814154,0.93,0.0012368241512245
2030,P2,char3gram,oracle_target,dys,replace,0.05,0.014936313941964591,-0.0002531361594161971,0.674446875759786,0.01,0.0005357196678055801
2030,P2,char3gram,oracle_target,dys,replace,0.1,0.018489341194344738,-0.0024982208998617942,0.49528835280814154,0.58,0.0012368241512245
2030,P2,char3gram,oracle_target,emq,replace,0.05,0.046690444480155996,-0.046582886478374726,0.674446875759786,0.0,0.0005357196678055801
2030,P2,char3gram,oracle_target,emq,replace,0.1,0.048430032657896395,-0.04759874949327596,0.49528835280814154,0.96,0.0012368241512245
2030,P2,char3gram,oracle_target,hdy,replace,0.05,0.011737277182784962,-0.00039246212469036507,0.674446875759786,0.0,0.0005357196678055801
2030,P2,char3gram,oracle_target,hdy,replace,0.1,0.015475718271245473,0.0010209773076667388,0.49528835280814154,0.51,0.00051325188304694
2030,P2,char3gram,oracle_target,kdey,replace,0.05,0.01580269638276525,-0.011451622858807162,0.674446875759786,0.0,0.0005357196678055801
2030,P2,char3gram,oracle_target,kdey,replace,0.1,0.017990313106091196,-0.009348270176690565,0.49528835280814154,0.68,0.00106223302380756
2030,P2,char3gram,oracle_target,median_sweep,replace,0.05,0.016016582386249523,-0.003920968398415158,0.674446875759786,0.0,0.0005357196678055801
2030,P2,char3gram,oracle_target,median_sweep,replace,0.1,0.019676966885388135,-0.007652378135804319,0.49528835280814154,0.68,0.00106223302380756
2030,P2,char3gram,oracle_target,pacc,replace,0.05,0.019471994901996813,-0.008801363268218981,0.674446875759786,0.02,0.0005357196678055801
2030,P2,char3gram,oracle_target,pacc,replace,0.1,0.022118670157324077,-0.011989304940290213,0.49528835280814154,0.68,0.00106223302380756
2030,P2,char3gram,oracle_target,pcc,replace,0.05,0.3651615303163819,0.3651615303163819,0.674446875759786,1.0,2.213898790852e-05
2030,P2,char3gram,oracle_target,pcc,replace,0.1,0.3238403730069669,0.3238403730069669,0.49528835280814154,0.0,0.00035860776453766
2030,P2,char3gram,source_only,acc,replace,0.05,0.01889300170357746,-0.0179430323679727,0.674446875759786,0.0,0.0005357196678055801
2030,P2,char3gram,source_only,acc,replace,0.1,0.03907687563884152,-0.03907687563884152,0.49528835280814154,1.0,0.0012368241512245
2030,P2,char3gram,source_only,cc,replace,0.05,0.01959999999999994,0.01959999999999994,0.674446875759786,0.0,0.0005357196678055801
2030,P2,char3gram,source_only,cc,replace,0.1,0.013069999999999997,-0.012590000000000004,0.49528835280814154,0.93,0.0012368241512245
2030,P2,char3gram,source_only,dys,replace,0.05,0.025960901573704107,-0.025960901573704107,0.674446875759786,0.0,0.0005357196678055801
2030,P2,char3gram,source_only,dys,replace,0.1,0.04954043439234761,-0.04954043439234761,0.49528835280814154,1.0,0.0012368241512245
2030,P2,char3gram,source_only,emq,replace,0.05,0.04510785231561047,-0.04510785231561047,0.674446875759786,0.0,0.0005357196678055801
2030,P2,char3gram,source_only,emq,replace,0.1,0.0659913461196842,-0.0659913461196842,0.49528835280814154,1.0,0.0012368241512245
2030,P2,char3gram,source_only,hdy,replace,0.05,0.026906947001603,-0.026906947001603,0.674446875759786,0.0,0.0005357196678055801
2030,P2,char3gram,source_only,hdy,replace,0.1,0.05043287489205421,-0.05043287489205421,0.49528835280814154,1.0,0.0012368241512245
2030,P2,char3gram,source_only,kdey,replace,0.05,0.0320746706082233,-0.0320746706082233,0.674446875759786,0.0,0.0005357196678055801
2030,P2,char3gram,source_only,kdey,replace,0.1,0.05195146847787964,-0.05195146847787964,0.49528835280814154,1.0,0.0012368241512245
2030,P2,char3gram,source_only,median_sweep,replace,0.05,0.02475027017025537,-0.02453695879306195,0.674446875759786,0.0,0.0005357196678055801
2030,P2,char3gram,source_only,median_sweep,replace,0.1,0.04765145181108397,-0.04765145181108397,0.49528835280814154,1.0,0.0012368241512245
2030,P2,char3gram,source_only,pacc,replace,0.05,0.02567595292010545,-0.025374407556927596,0.674446875759786,0.0,0.0005357196678055801
2030,P2,char3gram,source_only,pacc,replace,0.1,0.04853886935282182,-0.04853886935282182,0.49528835280814154,1.0,0.0012368241512245
2030,P2,char3gram,source_only,pcc,replace,0.05,0.2094121202758334,0.2094121202758334,0.674446875759786,1.0,2.213898790852e-05
2030,P2,char3gram,source_only,pcc,replace,0.1,0.17301863525113104,0.17301863525113104,0.49528835280814154,0.0,0.00035860776453766
2030,P2,char3gram,target_real_anchor,acc,replace,0.05,0.017305534274193502,-0.016107886424731144,0.6981627296587927,0.0,0.00032945444382636864
2030,P2,char3gram,target_real_anchor,acc,replace,0.1,0.03639262096774189,-0.03639262096774189,0.5228215767634854,1.0,0.00141448404924272
2030,P2,char3gram,target_real_anchor,cc,replace,0.05,0.026489999999999937,0.026489999999999937,0.6981627296587927,0.0,0.00032945444382636864
2030,P2,char3gram,target_real_anchor,cc,replace,0.1,0.008279999999999977,-0.004920000000000023,0.5228215767634854,0.68,0.00141448404924272
2030,P2,char3gram,target_real_anchor,dys,replace,0.05,0.025960901573704107,-0.025960901573704107,0.6981627296587927,0.0,0.00032945444382636864
2030,P2,char3gram,target_real_anchor,dys,replace,0.1,0.04954043439234761,-0.04954043439234761,0.5228215767634854,1.0,0.00141448404924272
2030,P2,char3gram,target_real_anchor,emq,replace,0.05,0.04510785231561047,-0.04510785231561047,0.6981627296587927,0.0,0.00032945444382636864
2030,P2,char3gram,target_real_anchor,emq,replace,0.1,0.0659913461196842,-0.0659913461196842,0.5228215767634854,1.0,0.00141448404924272
2030,P2,char3gram,target_real_anchor,hdy,replace,0.05,0.026906947001603,-0.026906947001603,0.6981627296587927,0.0,0.00032945444382636864
2030,P2,char3gram,target_real_anchor,hdy,replace,0.1,0.05043287489205421,-0.05043287489205421,0.5228215767634854,1.0,0.00141448404924272
2030,P2,char3gram,target_real_anchor,kdey,replace,0.05,0.0320746706082233,-0.0320746706082233,0.6981627296587927,0.0,0.00032945444382636864
2030,P2,char3gram,target_real_anchor,kdey,replace,0.1,0.05195146847787964,-0.05195146847787964,0.5228215767634854,1.0,0.00141448404924272
2030,P2,char3gram,target_real_anchor,median_sweep,replace,0.05,0.02475027017025537,-0.02453695879306195,0.6981627296587927,0.0,0.00032945444382636864
2030,P2,char3gram,target_real_anchor,median_sweep,replace,0.1,0.04765145181108397,-0.04765145181108397,0.5228215767634854,1.0,0.00141448404924272
2030,P2,char3gram,target_real_anchor,pacc,replace,0.05,0.02567595292010545,-0.025374407556927596,0.6981627296587927,0.0,0.00032945444382636864
2030,P2,char3gram,target_real_anchor,pacc,replace,0.1,0.04853886935282182,-0.04853886935282182,0.5228215767634854,1.0,0.00141448404924272
2030,P2,char3gram,target_real_anchor,pcc,replace,0.05,0.2094121202758334,0.2094121202758334,0.6981627296587927,1.0,0.00016801519041444
2030,P2,char3gram,target_real_anchor,pcc,replace,0.1,0.17301863525113104,0.17301863525113104,0.5228215767634854,0.0,0.00043697101381772005
2030,P2,column_positional_ablation,oracle_target,acc,replace,0.05,0.010553614005835705,-0.005147478115881594,0.6499602227525856,0.0,0.0009642515624700001
2030,P2,column_positional_ablation,oracle_target,acc,replace,0.1,0.014105264693622293,-0.005634226761150463,0.46795646916565903,0.65,0.00045921960067620005
2030,P2,column_positional_ablation,oracle_target,cc,replace,0.05,0.02159999999999994,0.02159999999999994,0.6499602227525856,0.0,0.0009642515624700001
2030,P2,column_positional_ablation,oracle_target,cc,replace,0.1,0.007289999999999971,-0.003430000000000029,0.46795646916565903,0.65,0.00045921960067620005
2030,P2,column_positional_ablation,oracle_target,dys,replace,0.05,0.008273105643717507,0.004560608905373258,0.6499602227525856,0.0,0.0009642515624700001
2030,P2,column_positional_ablation,oracle_target,dys,replace,0.1,0.010861881726836354,0.004277078145550632,0.46795646916565903,0.37,0.00023530894574032
2030,P2,column_positional_ablation,oracle_target,emq,replace,0.05,0.03728850913993654,-0.03728850913993654,0.6499602227525856,0.0,0.0009642515624700001
2030,P2,column_positional_ablation,oracle_target,emq,replace,0.1,0.027514062406072588,-0.026557304318343772,0.46795646916565903,0.92,0.00030884984121848
2030,P2,column_positional_ablation,oracle_target,hdy,replace,0.05,0.008309463343997675,0.004820642222714885,0.6499602227525856,0.0,0.0009642515624700001
2030,P2,column_positional_ablation,oracle_target,hdy,replace,0.1,0.010911553504565172,0.004502194138794157,0.46795646916565903,0.39,0.00023530894574032
2030,P2,column_positional_ablation,oracle_target,kdey,replace,0.05,0.01701080610922711,-0.016867562678658698,0.6499602227525856,0.0,0.0009642515624700001
2030,P2,column_positional_ablation,oracle_target,kdey,replace,0.1,0.017755621228628095,-0.01612255438701738,0.46795646916565903,0.89,0.00030884984121848
2030,P2,column_positional_ablation,oracle_target,median_sweep,replace,0.05,0.010940167390112155,-0.0031901770407452516,0.6499602227525856,0.0,0.0009642515624700001
2030,P2,column_positional_ablation,oracle_target,median_sweep,replace,0.1,0.013680974008983876,-0.005195418884446667,0.46795646916565903,0.63,0.0005441587869588
2030,P2,column_positional_ablation,oracle_target,pacc,replace,0.05,0.011884822706977447,-0.0031494552451661363,0.6499602227525856,0.0,0.0009642515624700001
2030,P2,column_positional_ablation,oracle_target,pacc,replace,0.1,0.014202835335939589,-0.005585092676845879,0.46795646916565903,0.63,0.00023530894574032
2030,P2,column_positional_ablation,oracle_target,pcc,replace,0.05,0.3128705817307564,0.3128705817307564,0.6499602227525856,1.0,0.00014280743190474
2030,P2,column_positional_ablation,oracle_target,pcc,replace,0.1,0.2772738508826771,0.2772738508826771,0.46795646916565903,0.0,0.0006962821296172201
2030,P2,column_positional_ablation,source_only,acc,replace,0.05,0.01963478107552155,-0.019555921245959403,0.6525858665613896,0.0,0.0009642515624700001
2030,P2,column_positional_ablation,source_only,acc,replace,0.1,0.03465075227740225,-0.03465075227740225,0.47083583884546004,1.0,0.00030884984121848
2030,P2,column_positional_ablation,source_only,cc,replace,0.05,0.02159999999999994,0.02159999999999994,0.6525858665613896,0.0,0.0009642515624700001
2030,P2,column_positional_ablation,source_only,cc,replace,0.1,0.007289999999999971,-0.003430000000000029,0.47083583884546004,0.65,0.00045921960067620005
2030,P2,column_positional_ablation,source_only,dys,replace,0.05,0.00962295691593556,-0.009126434214251803,0.6525858665613896,0.0,0.0009642515624700001
2030,P2,column_positional_ablation,source_only,dys,replace,0.1,0.0221793733816571,-0.022071074901641185,0.47083583884546004,0.98,0.00030884984121848
2030,P2,column_positional_ablation,source_only,emq,replace,0.05,0.023654228769188438,-0.023654228769188438,0.6525858665613896,0.0,0.0009642515624700001
2030,P2,column_positional_ablation,source_only,emq,replace,0.1,0.03460334119479879,-0.03460334119479879,0.47083583884546004,1.0,0.00030884984121848
2030,P2,column_positional_ablation,source_only,hdy,replace,0.05,0.010242980350401491,-0.00995127700215037,0.6525858665613896,0.0,0.0009642515624700001
2030,P2,column_positional_ablation,source_only,hdy,replace,0.1,0.024357220414949154,-0.024320379317507513,0.47083583884546004,0.99,0.00030884984121848
2030,P2,column_positional_ablation,source_only,kdey,replace,0.05,0.01962932662502965,-0.01962932662502965,0.6525858665613896,0.0,0.0009642515624700001
2030,P2,column_positional_ablation,source_only,kdey,replace,0.1,0.03267248605968156,-0.03267248605968156,0.47083583884546004,1.0,0.00030884984121848
2030,P2,column_positional_ablation,source_only,median_sweep,replace,0.05,0.018100734561081477,-0.01804172477764329,0.6525858665613896,0.0,0.0009642515624700001
2030,P2,column_positional_ablation,source_only,median_sweep,replace,0.1,0.03488723712436496,-0.03488723712436496,0.47083583884546004,1.0,0.00030884984121848
2030,P2,column_positional_ablation,source_only,pacc,replace,0.05,0.018662157890073156,-0.01861003609020384,0.6525858665613896,0.0,0.0009642515624700001
2030,P2,column_positional_ablation,source_only,pacc,replace,0.1,0.03584041953762265,-0.03584041953762265,0.47083583884546004,1.0,0.00030884984121848
2030,P2,column_positional_ablation,source_only,pcc,replace,0.05,0.17288232379777518,0.17288232379777518,0.6525858665613896,1.0,0.00014280743190474
2030,P2,column_positional_ablation,source_only,pcc,replace,0.1,0.1422571681498711,0.1422571681498711,0.47083583884546004,0.0,0.0006962821296172201
2030,P2,column_positional_ablation,target_real_anchor,acc,replace,0.05,0.017357171865803357,-0.017182675103001713,0.6449787835926449,0.0,0.00097762263437508
2030,P2,column_positional_ablation,target_real_anchor,acc,replace,0.1,0.03208336080047083,-0.03205815185403175,0.4625267665952891,0.99,0.0003229881057739
2030,P2,column_positional_ablation,target_real_anchor,cc,replace,0.05,0.020109999999999947,0.020109999999999947,0.6449787835926449,0.0,0.00097762263437508
2030,P2,column_positional_ablation,target_real_anchor,cc,replace,0.1,0.00761999999999998,-0.00480000000000002,0.4625267665952891,0.7,0.00046184997547718006
2030,P2,column_positional_ablation,target_real_anchor,dys,replace,0.05,0.00962295691593556,-0.009126434214251803,0.6449787835926449,0.0,0.00097762263437508
2030,P2,column_positional_ablation,target_real_anchor,dys,replace,0.1,0.0221793733816571,-0.022071074901641185,0.4625267665952891,0.98,0.0003229881057739
2030,P2,column_positional_ablation,target_real_anchor,emq,replace,0.05,0.023654228769188438,-0.023654228769188438,0.6449787835926449,0.0,0.00097762263437508
2030,P2,column_positional_ablation,target_real_anchor,emq,replace,0.1,0.03460334119479879,-0.03460334119479879,0.4625267665952891,1.0,0.0003229881057739
2030,P2,column_positional_ablation,target_real_anchor,hdy,replace,0.05,0.010242980350401491,-0.00995127700215037,0.6449787835926449,0.0,0.00097762263437508
2030,P2,column_positional_ablation,target_real_anchor,hdy,replace,0.1,0.024357220414949154,-0.024320379317507513,0.4625267665952891,0.99,0.0003229881057739
2030,P2,column_positional_ablation,target_real_anchor,kdey,replace,0.05,0.01962932662502965,-0.01962932662502965,0.6449787835926449,0.0,0.00097762263437508
2030,P2,column_positional_ablation,target_real_anchor,kdey,replace,0.1,0.03267248605968156,-0.03267248605968156,0.4625267665952891,1.0,0.0003229881057739
2030,P2,column_positional_ablation,target_real_anchor,median_sweep,replace,0.05,0.018100734561081477,-0.01804172477764329,0.6449787835926449,0.0,0.00097762263437508
2030,P2,column_positional_ablation,target_real_anchor,median_sweep,replace,0.1,0.03488723712436496,-0.03488723712436496,0.4625267665952891,1.0,0.0003229881057739
2030,P2,column_positional_ablation,target_real_anchor,pacc,replace,0.05,0.018662157890073156,-0.01861003609020384,0.6449787835926449,0.0,0.00097762263437508
2030,P2,column_positional_ablation,target_real_anchor,pacc,replace,0.1,0.03584041953762265,-0.03584041953762265,0.4625267665952891,1.0,0.0003229881057739
2030,P2,column_positional_ablation,target_real_anchor,pcc,replace,0.05,0.17288232379777518,0.17288232379777518,0.6449787835926449,1.0,0.0001457666035559
2030,P2,column_positional_ablation,target_real_anchor,pcc,replace,0.1,0.1422571681498711,0.1422571681498711,0.4625267665952891,0.0,0.0006941997495664
2030,P2,datum_transformer,oracle_target,acc,replace,0.05,0.012105199152542321,-0.004266919491525422,0.6358502405354528,0.0,0.00019979888592664002
2030,P2,datum_transformer,oracle_target,acc,replace,0.1,0.013879292372881323,-0.00657597881355932,0.4526878340144609,0.68,4.033241361548e-05
2030,P2,datum_transformer,oracle_target,cc,replace,0.05,0.022509999999999954,0.022509999999999954,0.6358502405354528,0.0,0.00019979888592664002
2030,P2,datum_transformer,oracle_target,cc,replace,0.1,0.007089999999999977,-0.0038300000000000226,0.4526878340144609,0.68,4.033241361548e-05
2030,P2,datum_transformer,oracle_target,dys,replace,0.05,0.009103544028996446,0.006772774322225387,0.6358502405354528,0.0,0.00019979888592664002
2030,P2,datum_transformer,oracle_target,dys,replace,0.1,0.01126768580128833,0.005989237253997725,0.4526878340144609,0.35,0.00044102617496929997
2030,P2,datum_transformer,oracle_target,emq,replace,0.05,0.029450345060593672,-0.029450345060593672,0.6358502405354528,0.0,0.00019979888592664002
2030,P2,datum_transformer,oracle_target,emq,replace,0.1,0.022480733603722082,-0.021350452772893446,0.4526878340144609,0.92,0.00051840303369888
2030,P2,datum_transformer,oracle_target,hdy,replace,0.05,0.009176447734381308,0.006950782156650527,0.6358502405354528,0.0,0.00019979888592664002
2030,P2,datum_transformer,oracle_target,hdy,replace,0.1,0.011372157079970973,0.006206211442783108,0.4526878340144609,0.3,0.00044102617496929997
2030,P2,datum_transformer,oracle_target,kdey,replace,0.05,0.018570744252592884,-0.018470562451811903,0.6358502405354528,0.0,0.00019979888592664002
2030,P2,datum_transformer,oracle_target,kdey,replace,0.1,0.02339235495069119,-0.023017719592933257,0.4526878340144609,0.98,0.00051840303369888
2030,P2,datum_transformer,oracle_target,median_sweep,replace,0.05,0.009999441819500372,-0.0012950750948572732,0.6358502405354528,0.0,0.00019979888592664002
2030,P2,datum_transformer,oracle_target,median_sweep,replace,0.1,0.011993306875346554,-0.00277788811027446,0.4526878340144609,0.58,4.033241361548e-05
2030,P2,datum_transformer,oracle_target,pacc,replace,0.05,0.011104826509345684,-0.002638151399704764,0.6358502405354528,0.0,0.00019979888592664002
2030,P2,datum_transformer,oracle_target,pacc,replace,0.1,0.0131726826813003,-0.0051192616500617995,0.4526878340144609,0.59,4.033241361548e-05
2030,P2,datum_transformer,oracle_target,pcc,replace,0.05,0.31215943375812716,0.31215943375812716,0.6358502405354528,1.0,0.00018215345496985406
2030,P2,datum_transformer,oracle_target,pcc,replace,0.1,0.27663372873017134,0.27663372873017134,0.4526878340144609,0.0,0.00067074557425746
2030,P2,datum_transformer,source_only,acc,replace,0.05,0.018882174038739475,-0.018714507082971912,0.6358502405354528,0.0,0.00022555463918651997
2030,P2,datum_transformer,source_only,acc,replace,0.1,0.03614851691240239,-0.03614851691240239,0.4526878340144609,1.0,0.00051840303369888
2030,P2,datum_transformer,source_only,cc,replace,0.05,0.022359999999999953,0.022359999999999953,0.6358502405354528,0.0,0.00022555463918651997
2030,P2,datum_transformer,source_only,cc,replace,0.1,0.007159999999999977,-0.003960000000000022,0.4526878340144609,0.69,4.033241361548e-05
2030,P2,datum_transformer,source_only,dys,replace,0.05,0.01065278632378873,-0.010436772781008257,0.6358502405354528,0.0,0.00022555463918651997
2030,P2,datum_transformer,source_only,dys,replace,0.1,0.02487821393506617,-0.024811795906380572,0.4526878340144609,0.99,0.00051840303369888
2030,P2,datum_transformer,source_only,emq,replace,0.05,0.01692853849223318,-0.01692853849223318,0.6358502405354528,0.0,0.00022555463918651997
2030,P2,datum_transformer,source_only,emq,replace,0.1,0.03066745723691171,-0.03066745723691171,0.4526878340144609,1.0,0.00051840303369888
2030,P2,datum_transformer,source_only,hdy,replace,0.05,0.011263310227329739,-0.011098271579986987,0.6358502405354528,0.0,0.00022555463918651997
2030,P2,datum_transformer,source_only,hdy,replace,0.1,0.02644420109976405,-0.02643152166959185,0.4526878340144609,0.99,0.00051840303369888
2030,P2,datum_transformer,source_only,kdey,replace,0.05,0.02109833713248182,-0.02109833713248182,0.6358502405354528,0.0,0.00022555463918651997
2030,P2,datum_transformer,source_only,kdey,replace,0.1,0.03684699337222336,-0.03684699337222336,0.4526878340144609,1.0,0.00051840303369888
2030,P2,datum_transformer,source_only,median_sweep,replace,0.05,0.017565251424377953,-0.017481776762940646,0.6358502405354528,0.0,0.00022555463918651997
2030,P2,datum_transformer,source_only,median_sweep,replace,0.1,0.03497468265474515,-0.03497468265474515,0.4526878340144609,1.0,0.00051840303369888
2030,P2,datum_transformer,source_only,pacc,replace,0.05,0.0183605363730657,-0.01819851516830862,0.6358502405354528,0.0,0.00022555463918651997
2030,P2,datum_transformer,source_only,pacc,replace,0.1,0.03612844143710891,-0.03612844143710891,0.4526878340144609,1.0,0.00051840303369888
2030,P2,datum_transformer,source_only,pcc,replace,0.05,0.16909935693476336,0.16909935693476336,0.6358502405354528,1.0,0.00018215345496985406
2030,P2,datum_transformer,source_only,pcc,replace,0.1,0.13833552361511864,0.13833552361511864,0.4526878340144609,0.0,0.00067074557425746
2030,P2,datum_transformer,target_real_anchor,acc,replace,0.05,0.016640767676767622,-0.016563168831168783,0.6201533406352683,0.0,0.00058745037222534
2030,P2,datum_transformer,target_real_anchor,acc,replace,0.1,0.03398492640692637,-0.03398492640692637,0.4360975609756097,1.0,0.0006678960015562
2030,P2,datum_transformer,target_real_anchor,cc,replace,0.05,0.01765999999999994,0.01765999999999994,0.6201533406352683,0.0,0.00058745037222534
2030,P2,datum_transformer,target_real_anchor,cc,replace,0.1,0.009629999999999991,-0.008610000000000008,0.4360975609756097,0.84,0.0005696953423185599
2030,P2,datum_transformer,target_real_anchor,dys,replace,0.05,0.01065278632378873,-0.010436772781008257,0.6201533406352683,0.0,0.00058745037222534
2030,P2,datum_transformer,target_real_anchor,dys,replace,0.1,0.02487821393506617,-0.024811795906380572,0.4360975609756097,0.99,0.0006678960015562
2030,P2,datum_transformer,target_real_anchor,emq,replace,0.05,0.01692853849223318,-0.01692853849223318,0.6201533406352683,0.0,0.00058745037222534
2030,P2,datum_transformer,target_real_anchor,emq,replace,0.1,0.03066745723691171,-0.03066745723691171,0.4360975609756097,1.0,0.0006678960015562
2030,P2,datum_transformer,target_real_anchor,hdy,replace,0.05,0.011263310227329739,-0.011098271579986987,0.6201533406352683,0.0,0.00058745037222534
2030,P2,datum_transformer,target_real_anchor,hdy,replace,0.1,0.02644420109976405,-0.02643152166959185,0.4360975609756097,0.99,0.0006678960015562
2030,P2,datum_transformer,target_real_anchor,kdey,replace,0.05,0.02109833713248182,-0.02109833713248182,0.6201533406352683,0.0,0.00058745037222534
2030,P2,datum_transformer,target_real_anchor,kdey,replace,0.1,0.03684699337222336,-0.03684699337222336,0.4360975609756097,1.0,0.0006678960015562
2030,P2,datum_transformer,target_real_anchor,median_sweep,replace,0.05,0.017565251424377953,-0.017481776762940646,0.6201533406352683,0.0,0.00058745037222534
2030,P2,datum_transformer,target_real_anchor,median_sweep,replace,0.1,0.03497468265474515,-0.03497468265474515,0.4360975609756097,1.0,0.0006678960015562
2030,P2,datum_transformer,target_real_anchor,pacc,replace,0.05,0.0183605363730657,-0.01819851516830862,0.6201533406352683,0.0,0.00058745037222534
2030,P2,datum_transformer,target_real_anchor,pacc,replace,0.1,0.03612844143710891,-0.03612844143710891,0.4360975609756097,1.0,0.0006678960015562
2030,P2,datum_transformer,target_real_anchor,pcc,replace,0.05,0.16909935693476336,0.16909935693476336,0.6201533406352683,1.0,7.650006712934e-05
2030,P2,datum_transformer,target_real_anchor,pcc,replace,0.1,0.13833552361511864,0.13833552361511864,0.4360975609756097,0.0,0.0005799976436225999
2030,P2,flat_transformer,oracle_target,acc,replace,0.05,0.012361845018450128,-0.004494474169741678,0.6544627383015598,0.0,0.00049823682689114
2030,P2,flat_transformer,oracle_target,acc,replace,0.1,0.014847227859778553,-0.0052349492619926,0.4729015201586252,0.57,0.00031586417402126003
2030,P2,flat_transformer,oracle_target,cc,replace,0.05,0.02013999999999994,0.02013999999999994,0.6544627383015598,0.0,0.00049823682689114
2030,P2,flat_transformer,oracle_target,cc,replace,0.1,0.008989999999999988,-0.007410000000000013,0.4729015201586252,0.78,0.00071765392487542
2030,P2,flat_transformer,oracle_target,dys,replace,0.05,0.008947252777961994,0.0072196402176658335,0.6544627383015598,0.0,0.00049823682689114
2030,P2,flat_transformer,oracle_target,dys,replace,0.1,0.01118519286720433,0.007738649070900505,0.4729015201586252,0.27,0.00031586417402126003
2030,P2,flat_transformer,oracle_target,emq,replace,0.05,0.04564784276420179,-0.04564784276420179,0.6544627383015598,0.0,0.00049823682689114
2030,P2,flat_transformer,oracle_target,emq,replace,0.1,0.03909418511070707,-0.03852433712692637,0.4729015201586252,0.97,0.0005191702263491599
2030,P2,flat_transformer,oracle_target,hdy,replace,0.05,0.008908396088165696,0.007252545039034459,0.6544627383015598,0.0,0.00049823682689114
2030,P2,flat_transformer,oracle_target,hdy,replace,0.1,0.011234159015450239,0.00794767409559886,0.4729015201586252,0.25,0.00031586417402126003
2030,P2,flat_transformer,oracle_target,kdey,replace,0.05,0.02227611726838947,-0.02227611726838947,0.6544627383015598,0.0,0.00049823682689114
2030,P2,flat_transformer,oracle_target,kdey,replace,0.1,0.02351199976864552,-0.02307133819037833,0.4729015201586252,0.97,0.0005191702263491599
2030,P2,flat_transformer,oracle_target,median_sweep,replace,0.05,0.012158614026895189,0.002968690727830427,0.6544627383015598,0.01,0.00049823682689114
2030,P2,flat_transformer,oracle_target,median_sweep,replace,0.1,0.01427233827964489,0.0002877692592641822,0.4729015201586252,0.5,0.0
2030,P2,flat_transformer,oracle_target,pacc,replace,0.05,0.014218610482122964,0.0037684674528704987,0.6544627383015598,0.0,0.00049823682689114
2030,P2,flat_transformer,oracle_target,pacc,replace,0.1,0.015449789218870469,0.000294290990442208,0.4729015201586252,0.5,0.0
2030,P2,flat_transformer,oracle_target,pcc,replace,0.05,0.3466235588346953,0.3466235588346953,0.6544627383015598,1.0,0.00021295075993166
2030,P2,flat_transformer,oracle_target,pcc,replace,0.1,0.30741889320134236,0.30741889320134236,0.4729015201586252,0.0,0.00057287371186988
2030,P2,flat_transformer,source_only,acc,replace,0.05,0.0198714378679888,-0.019708679888441237,0.6572840567253975,0.0,0.00050294958174294
2030,P2,flat_transformer,source_only,acc,replace,0.1,0.036481911992562704,-0.036481911992562704,0.4760183968462549,1.0,0.0005191702263491599
2030,P2,flat_transformer,source_only,cc,replace,0.05,0.02036999999999994,0.02036999999999994,0.6572840567253975,0.0,0.00050294958174294
2030,P2,flat_transformer,source_only,cc,replace,0.1,0.008809999999999986,-0.007090000000000013,0.4760183968462549,0.77,0.00071765392487542
2030,P2,flat_transformer,source_only,dys,replace,0.05,0.009346780416934396,-0.007666184792345122,0.6572840567253975,0.0,0.00050294958174294
2030,P2,flat_transformer,source_only,dys,replace,0.1,0.019987436319355952,-0.019810624483827637,0.4760183968462549,0.96,0.0005191702263491599
2030,P2,flat_transformer,source_only,emq,replace,0.05,0.024585684021247927,-0.024585684021247927,0.6572840567253975,0.0,0.00050294958174294
2030,P2,flat_transformer,source_only,emq,replace,0.1,0.03661979355693183,-0.03661979355693183,0.4760183968462549,1.0,0.0005191702263491599
2030,P2,flat_transformer,source_only,hdy,replace,0.05,0.009813847855175922,-0.008882186234384047,0.6572840567253975,0.0,0.00050294958174294
2030,P2,flat_transformer,source_only,hdy,replace,0.1,0.023141068055303075,-0.023141068055303075,0.4760183968462549,1.0,0.0005191702263491599
2030,P2,flat_transformer,source_only,kdey,replace,0.05,0.02143429809683511,-0.02143429809683511,0.6572840567253975,0.0,0.00050294958174294
2030,P2,flat_transformer,source_only,kdey,replace,0.1,0.035819895741603734,-0.035819895741603734,0.4760183968462549,1.0,0.0005191702263491599
2030,P2,flat_transformer,source_only,median_sweep,replace,0.05,0.015941907808678015,-0.015514757262917914,0.6572840567253975,0.0,0.00050294958174294
2030,P2,flat_transformer,source_only,median_sweep,replace,0.1,0.03522973099479587,-0.03522973099479587,0.4760183968462549,1.0,0.0005191702263491599
2030,P2,flat_transformer,source_only,pacc,replace,0.05,0.017286967384218026,-0.016516806546209517,0.6572840567253975,0.0,0.00050294958174294
2030,P2,flat_transformer,source_only,pacc,replace,0.1,0.03739147249727489,-0.03739147249727489,0.4760183968462549,1.0,0.0005191702263491599
2030,P2,flat_transformer,source_only,pcc,replace,0.05,0.19860329366676246,0.19860329366676246,0.6572840567253975,1.0,0.00021295075993166
2030,P2,flat_transformer,source_only,pcc,replace,0.1,0.1643222322587315,0.1643222322587315,0.4760183968462549,0.0,0.00057287371186988
2030,P2,flat_transformer,target_real_anchor,acc,replace,0.05,0.018978993769470365,-0.01880344236760121,0.6429852084267145,0.0,0.00055161151556166
2030,P2,flat_transformer,target_real_anchor,acc,replace,0.1,0.03539246105919,-0.03538588785046726,0.4603658536585366,0.99,0.00048344096863542005
2030,P2,flat_transformer,target_real_anchor,cc,replace,0.05,0.018349999999999932,0.018349999999999932,0.6429852084267145,0.0,0.00055161151556166
2030,P2,flat_transformer,target_real_anchor,cc,replace,0.1,0.010199999999999994,-0.009100000000000007,0.4603658536585366,0.87,0.0007446152665856801
2030,P2,flat_transformer,target_real_anchor,dys,replace,0.05,0.009346780416934396,-0.007666184792345122,0.6429852084267145,0.0,0.00055161151556166
2030,P2,flat_transformer,target_real_anchor,dys,replace,0.1,0.019987436319355952,-0.019810624483827637,0.4603658536585366,0.96,0.00048344096863542005
2030,P2,flat_transformer,target_real_anchor,emq,replace,0.05,0.024585684021247927,-0.024585684021247927,0.6429852084267145,0.0,0.00055161151556166
2030,P2,flat_transformer,target_real_anchor,emq,replace,0.1,0.03661979355693183,-0.03661979355693183,0.4603658536585366,1.0,0.00048344096863542005
2030,P2,flat_transformer,target_real_anchor,hdy,replace,0.05,0.009813847855175922,-0.008882186234384047,0.6429852084267145,0.0,0.00055161151556166
2030,P2,flat_transformer,target_real_anchor,hdy,replace,0.1,0.023141068055303075,-0.023141068055303075,0.4603658536585366,1.0,0.00048344096863542005
2030,P2,flat_transformer,target_real_anchor,kdey,replace,0.05,0.02143429809683511,-0.02143429809683511,0.6429852084267145,0.0,0.00055161151556166
2030,P2,flat_transformer,target_real_anchor,kdey,replace,0.1,0.035819895741603734,-0.035819895741603734,0.4603658536585366,1.0,0.00048344096863542005
2030,P2,flat_transformer,target_real_anchor,median_sweep,replace,0.05,0.015941907808678015,-0.015514757262917914,0.6429852084267145,0.0,0.00055161151556166
2030,P2,flat_transformer,target_real_anchor,median_sweep,replace,0.1,0.03522973099479587,-0.03522973099479587,0.4603658536585366,1.0,0.00048344096863542005
2030,P2,flat_transformer,target_real_anchor,pacc,replace,0.05,0.017286967384218026,-0.016516806546209517,0.6429852084267145,0.0,0.00055161151556166
2030,P2,flat_transformer,target_real_anchor,pacc,replace,0.1,0.03739147249727489,-0.03739147249727489,0.4603658536585366,1.0,0.00048344096863542005
2030,P2,flat_transformer,target_real_anchor,pcc,replace,0.05,0.19860329366676246,0.19860329366676246,0.6429852084267145,1.0,0.00021295075993166
2030,P2,flat_transformer,target_real_anchor,pcc,replace,0.1,0.1643222322587315,0.1643222322587315,0.4603658536585366,0.0,0.00051533426309776
2030,P3,char3gram,oracle_target,acc,replace,0.05,0.09398739999999998,0.04792259999999998,0.9342830882352942,0.35,0.0018564601594611798
2030,P3,char3gram,oracle_target,acc,replace,0.1,0.11990539999999998,0.053006199999999976,0.8707052441229657,0.43,0.0006735007180706199
2030,P3,char3gram,oracle_target,cc,replace,0.05,0.0053199999999999515,0.001339999999999951,0.9342830882352942,0.0,0.00157232704402516
2030,P3,char3gram,oracle_target,cc,replace,0.1,0.045720000000000004,-0.045720000000000004,0.8707052441229657,1.0,0.0016719902936661
2030,P3,char3gram,oracle_target,dys,replace,0.05,0.05671874650111887,0.010614949760161045,0.9342830882352942,0.27,0.0018564601594611798
2030,P3,char3gram,oracle_target,dys,replace,0.1,0.06655893502722346,0.0004908136040490506,0.8707052441229657,0.58,0.00253491308869406
2030,P3,char3gram,oracle_target,emq,replace,0.05,0.04433264225495195,-0.04085394471324118,0.9342830882352942,0.01,0.00157232704402516
2030,P3,char3gram,oracle_target,emq,replace,0.1,0.08177378297255031,-0.07587324399719987,0.8707052441229657,0.93,0.0016719902936661
2030,P3,char3gram,oracle_target,hdy,replace,0.05,0.06609804934945919,0.05348114878638627,0.9342830882352942,0.5,0.00028413311543602
2030,P3,char3gram,oracle_target,hdy,replace,0.1,0.06587863197412167,0.04461281177754346,0.8707052441229657,0.28,0.0013959045213688
2030,P3,char3gram,oracle_target,kdey,replace,0.05,0.161564272880895,0.161564272880895,0.9342830882352942,0.96,0.00093534888327636
2030,P3,char3gram,oracle_target,kdey,replace,0.1,0.1564083690965475,0.15557683438412714,0.8707052441229657,0.02,0.0008629227950279599
2030,P3,char3gram,oracle_target,pacc,replace,0.05,0.07432600829702068,0.06175726205060048,0.9342830882352942,0.57,0.00028413311543602
2030,P3,char3gram,oracle_target,pacc,replace,0.1,0.06965906598851326,0.05285383010670363,0.8707052441229657,0.24,0.0013959045213688
2030,P3,char3gram,oracle_target,pcc,replace,0.05,0.4397708914634837,0.4397708914634837,0.9342830882352942,1.0,0.00157913633437324
2030,P3,char3gram,oracle_target,pcc,replace,0.1,0.3908941191189676,0.3908941191189676,0.8707052441229657,0.0,0.0008629227950279599
2030,P3,char3gram,source_only,acc,replace,0.05,0.95,0.95,0.95,1.0,
2030,P3,char3gram,source_only,acc,replace,0.1,0.9,0.9,0.9,0.0,
2030,P3,char3gram,source_only,cc,replace,0.05,0.94997,0.94997,0.95,1.0,
2030,P3,char3gram,source_only,cc,replace,0.1,0.89999,0.89999,0.9,0.0,
2030,P3,char3gram,source_only,dys,replace,0.05,0.9499940391390134,0.9499940391390134,0.95,1.0,
2030,P3,char3gram,source_only,dys,replace,0.1,0.8999940391390134,0.8999940391390134,0.9,0.0,
2030,P3,char3gram,source_only,emq,replace,0.05,0.9499999999595652,0.9499999999595652,0.95,1.0,
2030,P3,char3gram,source_only,emq,replace,0.1,0.8999999999609346,0.8999999999609346,0.9,0.0,
2030,P3,char3gram,source_only,hdy,replace,0.05,0.9499940391390134,0.9499940391390134,0.95,1.0,
2030,P3,char3gram,source_only,hdy,replace,0.1,0.8999940391390134,0.8999940391390134,0.9,0.0,
2030,P3,char3gram,source_only,kdey,replace,0.05,0.9499940391390134,0.9499940391390134,0.95,1.0,
2030,P3,char3gram,source_only,kdey,replace,0.1,0.8999940391390134,0.8999940391390134,0.9,0.0,
2030,P3,char3gram,source_only,median_sweep,replace,0.05,0.95,0.95,0.95,1.0,
2030,P3,char3gram,source_only,median_sweep,replace,0.1,0.9,0.9,0.9,0.0,
2030,P3,char3gram,source_only,pacc,replace,0.05,0.95,0.95,0.95,1.0,
2030,P3,char3gram,source_only,pacc,replace,0.1,0.9,0.9,0.9,0.0,
2030,P3,char3gram,source_only,pcc,replace,0.05,0.9183997278649634,0.9183997278649634,0.95,1.0,
2030,P3,char3gram,source_only,pcc,replace,0.1,0.8685471469565481,0.8685471469565481,0.9,0.0,
2030,P3,char3gram,target_real_anchor,acc,replace,0.05,0.95,0.95,0.9345707656612529,1.0,0.0017128460357549399
2030,P3,char3gram,target_real_anchor,acc,replace,0.1,0.9,0.9,0.8712328767123287,0.0,0.0008567325310750801
2030,P3,char3gram,target_real_anchor,cc,replace,0.05,0.005049999999999956,0.000789999999999957,0.9345707656612529,0.0,0.0015416852374585
2030,P3,char3gram,target_real_anchor,cc,replace,0.1,0.04633,-0.04633,0.8712328767123287,1.0,0.00174070222354284
2030,P3,char3gram,target_real_anchor,dys,replace,0.05,0.9499940391390134,0.9499940391390134,0.9345707656612529,1.0,0.0017128460357549399
2030,P3,char3gram,target_real_anchor,dys,replace,0.1,0.8999940391390134,0.8999940391390134,0.8712328767123287,0.0,0.0008567325310750801
2030,P3,char3gram,target_real_anchor,emq,replace,0.05,0.9499999999595652,0.9499999999595652,0.9345707656612529,1.0,0.0017128460357549399
2030,P3,char3gram,target_real_anchor,emq,replace,0.1,0.8999999999609346,0.8999999999609346,0.8712328767123287,0.0,0.0008567325310750801
2030,P3,char3gram,target_real_anchor,hdy,replace,0.05,0.9499940391390134,0.9499940391390134,0.9345707656612529,1.0,0.0017128460357549399
2030,P3,char3gram,target_real_anchor,hdy,replace,0.1,0.8999940391390134,0.8999940391390134,0.8712328767123287,0.0,0.0008567325310750801
2030,P3,char3gram,target_real_anchor,kdey,replace,0.05,0.9499940391390134,0.9499940391390134,0.9345707656612529,1.0,0.0017128460357549399
2030,P3,char3gram,target_real_anchor,kdey,replace,0.1,0.8999940391390134,0.8999940391390134,0.8712328767123287,0.0,0.0008567325310750801
2030,P3,char3gram,target_real_anchor,median_sweep,replace,0.05,0.95,0.95,0.9345707656612529,1.0,0.0017128460357549399
2030,P3,char3gram,target_real_anchor,median_sweep,replace,0.1,0.9,0.9,0.8712328767123287,0.0,0.0008567325310750801
2030,P3,char3gram,target_real_anchor,pacc,replace,0.05,0.95,0.95,0.9345707656612529,1.0,0.0017128460357549399
2030,P3,char3gram,target_real_anchor,pacc,replace,0.1,0.9,0.9,0.8712328767123287,0.0,0.0008567325310750801
2030,P3,char3gram,target_real_anchor,pcc,replace,0.05,0.9183997278649634,0.9183997278649634,0.9345707656612529,1.0,0.0017128460357549399
2030,P3,char3gram,target_real_anchor,pcc,replace,0.1,0.8685471469565481,0.8685471469565481,0.8712328767123287,0.0,0.0008567325310750801
2030,P3,column_positional_ablation,oracle_target,acc,replace,0.05,0.3262084615384614,0.2828238461538461,0.9287571502860114,0.56,0.0018632694498092802
2030,P3,column_positional_ablation,oracle_target,acc,replace,0.1,0.36365615384615374,0.2761176923076923,0.8606307222787386,0.44,0.0011272470658148601
2030,P3,column_positional_ablation,oracle_target,cc,replace,0.05,0.004899999999999947,0.0018199999999999469,0.9287571502860114,0.0,0.0
2030,P3,column_positional_ablation,oracle_target,cc,replace,0.1,0.047990000000000005,-0.047990000000000005,0.8606307222787386,1.0,0.00020799286881594
2030,P3,column_positional_ablation,oracle_target,dys,replace,0.05,0.04267449701052919,-0.020521160996209306,0.9287571502860114,0.08,0.0
2030,P3,column_positional_ablation,oracle_target,dys,replace,0.1,0.06548567457909954,-0.037583374032567035,0.8606307222787386,0.75,0.00032901252909424
2030,P3,column_positional_ablation,oracle_target,emq,replace,0.05,0.042963193178457704,-0.03925204300543652,0.9287571502860114,0.02,0.00058621799633534
2030,P3,column_positional_ablation,oracle_target,emq,replace,0.1,0.08673563902708988,-0.07876824417269336,0.8606307222787386,0.95,0.00020799286881594
2030,P3,column_positional_ablation,oracle_target,hdy,replace,0.05,0.04390074943794046,-0.0014198831011865056,0.9287571502860114,0.19,0.00058621799633534
2030,P3,column_positional_ablation,oracle_target,hdy,replace,0.1,0.059311458412768706,-0.014460791130919587,0.8606307222787386,0.61,0.00047819789035802003
2030,P3,column_positional_ablation,oracle_target,kdey,replace,0.05,0.779032142070367,0.779032142070367,0.9287571502860114,1.0,0.0018632694498092802
2030,P3,column_positional_ablation,oracle_target,kdey,replace,0.1,0.73929163118695,0.73929163118695,0.8606307222787386,0.0,0.001189459218541
2030,P3,column_positional_ablation,oracle_target,pacc,replace,0.05,0.06554757672889867,0.02513600058960089,0.9287571502860114,0.35,0.00058621799633534
2030,P3,column_positional_ablation,oracle_target,pacc,replace,0.1,0.06438522853097232,0.010450984497461575,0.8606307222787386,0.47,0.00035717823007972
2030,P3,column_positional_ablation,oracle_target,pcc,replace,0.05,0.4405959125552901,0.4405959125552901,0.9287571502860114,1.0,0.0018632694498092802
2030,P3,column_positional_ablation,oracle_target,pcc,replace,0.1,0.39151538245264633,0.39151538245264633,0.8606307222787386,0.0,0.001189459218541
2030,P3,column_positional_ablation,source_only,acc,replace,0.05,0.95,0.95,0.9495820068845924,1.0,0.10419839176942505
2030,P3,column_positional_ablation,source_only,acc,replace,0.1,0.9,0.9,0.8992083613597558,0.0,
2030,P3,column_positional_ablation,source_only,cc,replace,0.05,0.9431599999999999,0.9431599999999999,0.9495820068845924,1.0,0.10419839176942505
2030,P3,column_positional_ablation,source_only,cc,replace,0.1,0.8934700000000001,0.8934700000000001,0.8992083613597558,0.0,
2030,P3,column_positional_ablation,source_only,dys,replace,0.05,0.9499940391390134,0.9499940391390134,0.9495820068845924,1.0,0.10419839176942505
2030,P3,column_positional_ablation,source_only,dys,replace,0.1,0.8999940391390134,0.8999940391390134,0.8992083613597558,0.0,
2030,P3,column_positional_ablation,source_only,emq,replace,0.05,0.9499999998441148,0.9499999998441148,0.9495820068845924,1.0,0.10419839176942505
2030,P3,column_positional_ablation,source_only,emq,replace,0.1,0.8999999998049141,0.8999999998049141,0.8992083613597558,0.0,
2030,P3,column_positional_ablation,source_only,hdy,replace,0.05,0.9499940391390134,0.9499940391390134,0.9495820068845924,1.0,0.10419839176942505
2030,P3,column_positional_ablation,source_only,hdy,replace,0.1,0.8999940391390134,0.8999940391390134,0.8992083613597558,0.0,
2030,P3,column_positional_ablation,source_only,kdey,replace,0.05,0.9499940391390134,0.9499940391390134,0.9495820068845924,1.0,0.10419839176942505
2030,P3,column_positional_ablation,source_only,kdey,replace,0.1,0.8999940391390134,0.8999940391390134,0.8992083613597558,0.0,
2030,P3,column_positional_ablation,source_only,median_sweep,replace,0.05,0.95,0.95,0.9495820068845924,1.0,0.10419839176942505
2030,P3,column_positional_ablation,source_only,median_sweep,replace,0.1,0.9,0.9,0.8992083613597558,0.0,
2030,P3,column_positional_ablation,source_only,pacc,replace,0.05,0.95,0.95,0.9495820068845924,1.0,0.10419839176942505
2030,P3,column_positional_ablation,source_only,pacc,replace,0.1,0.9,0.9,0.8992083613597558,0.0,
2030,P3,column_positional_ablation,source_only,pcc,replace,0.05,0.9101138982941734,0.9101138982941734,0.9495820068845924,1.0,0.10419839176942505
2030,P3,column_positional_ablation,source_only,pcc,replace,0.1,0.8605764879592799,0.8605764879592799,0.8992083613597558,0.0,
2030,P3,column_positional_ablation,target_real_anchor,acc,replace,0.05,0.03809843117408904,0.03809843117408904,0.9302820649281532,0.15,0.000560528400931
2030,P3,column_positional_ablation,target_real_anchor,acc,replace,0.1,0.013315232793522213,-0.011587904858299563,0.8633993743482794,0.82,0.00020799286881594
2030,P3,column_positional_ablation,target_real_anchor,cc,replace,0.05,0.004809999999999954,0.000749999999999954,0.9302820649281532,0.0,0.0
2030,P3,column_positional_ablation,target_real_anchor,cc,replace,0.1,0.04907,-0.04907,0.8633993743482794,1.0,0.00020799286881594
2030,P3,column_positional_ablation,target_real_anchor,dys,replace,0.05,0.9499940391390134,0.9499940391390134,0.9302820649281532,1.0,0.0018007477838854799
2030,P3,column_positional_ablation,target_real_anchor,dys,replace,0.1,0.8999940391390134,0.8999940391390134,0.8633993743482794,0.0,0.00110372406279396
2030,P3,column_positional_ablation,target_real_anchor,emq,replace,0.05,0.9499999998441148,0.9499999998441148,0.9302820649281532,1.0,0.0018007477838854799
2030,P3,column_positional_ablation,target_real_anchor,emq,replace,0.1,0.8999999998049141,0.8999999998049141,0.8633993743482794,0.0,0.00110372406279396
2030,P3,column_positional_ablation,target_real_anchor,hdy,replace,0.05,0.9499940391390134,0.9499940391390134,0.9302820649281532,1.0,0.0018007477838854799
2030,P3,column_positional_ablation,target_real_anchor,hdy,replace,0.1,0.8999940391390134,0.8999940391390134,0.8633993743482794,0.0,0.00110372406279396
2030,P3,column_positional_ablation,target_real_anchor,kdey,replace,0.05,0.9499940391390134,0.9499940391390134,0.9302820649281532,1.0,0.0018007477838854799
2030,P3,column_positional_ablation,target_real_anchor,kdey,replace,0.1,0.8999940391390134,0.8999940391390134,0.8633993743482794,0.0,0.00110372406279396
2030,P3,column_positional_ablation,target_real_anchor,median_sweep,replace,0.05,0.95,0.95,0.9302820649281532,1.0,0.0018007477838854799
2030,P3,column_positional_ablation,target_real_anchor,median_sweep,replace,0.1,0.9,0.9,0.8633993743482794,0.0,0.00110372406279396
2030,P3,column_positional_ablation,target_real_anchor,pacc,replace,0.05,0.95,0.95,0.9302820649281532,1.0,0.0018007477838854799
2030,P3,column_positional_ablation,target_real_anchor,pacc,replace,0.1,0.9,0.9,0.8633993743482794,0.0,0.00110372406279396
2030,P3,column_positional_ablation,target_real_anchor,pcc,replace,0.05,0.9101138982941734,0.9101138982941734,0.9302820649281532,1.0,0.0018007477838854799
2030,P3,column_positional_ablation,target_real_anchor,pcc,replace,0.1,0.8605764879592799,0.8605764879592799,0.8633993743482794,0.0,0.00110372406279396
2030,P3,datum_ta,oracle_target,cc,replace,0.05,0.05,-0.05,0.0,0.0,0.0
2030,P3,datum_ta,oracle_target,cc,replace,0.1,0.1,-0.1,0.0,1.0,0.0
2030,P3,datum_ta,oracle_target,dys,replace,0.05,0.9499940391390134,0.9499940391390134,0.0,1.0,0.0
2030,P3,datum_ta,oracle_target,dys,replace,0.1,0.8999940391390134,0.8999940391390134,0.0,0.0,0.0
2030,P3,datum_ta,oracle_target,emq,replace,0.05,0.45,0.45,0.0,1.0,0.0
2030,P3,datum_ta,oracle_target,emq,replace,0.1,0.4,0.4,0.0,0.0,0.0
2030,P3,datum_ta,oracle_target,hdy,replace,0.05,0.9499940391390134,0.9499940391390134,0.0,1.0,0.0
2030,P3,datum_ta,oracle_target,hdy,replace,0.1,0.8999940391390134,0.8999940391390134,0.0,0.0,0.0
2030,P3,datum_ta,oracle_target,pcc,replace,0.05,0.45,0.45,0.0,1.0,0.0
2030,P3,datum_ta,oracle_target,pcc,replace,0.1,0.4,0.4,0.0,0.0,0.0
2030,P3,datum_ta,source_only,acc,replace,0.05,0.04660969294225479,-0.04660969294225479,0.9202544031311155,0.0,0.0017499876194720597
2030,P3,datum_ta,source_only,acc,replace,0.1,0.09109741063244728,-0.09109741063244728,0.8453510436432637,1.0,0.0008034962610806
2030,P3,datum_ta,source_only,cc,replace,0.05,0.0049199999999999635,-0.002100000000000036,0.9202544031311155,0.0,0.0017499876194720597
2030,P3,datum_ta,source_only,cc,replace,0.1,0.048029999999999996,-0.048029999999999996,0.8453510436432637,1.0,0.0008034962610806
2030,P3,datum_ta,source_only,dys,replace,0.05,0.9499940391390134,0.9499940391390134,0.9202544031311155,1.0,7.861635220121999e-05
2030,P3,datum_ta,source_only,dys,replace,0.1,0.8999940391390134,0.8999940391390134,0.8453510436432637,0.0,0.00106193978111224
2030,P3,datum_ta,source_only,emq,replace,0.05,0.9499999976579078,0.9499999976579078,0.9202544031311155,1.0,7.861635220121999e-05
2030,P3,datum_ta,source_only,emq,replace,0.1,0.8999999976584541,0.8999999976584541,0.8453510436432637,0.0,0.00106193978111224
2030,P3,datum_ta,source_only,hdy,replace,0.05,0.9499940391390134,0.9499940391390134,0.9202544031311155,1.0,7.861635220121999e-05
2030,P3,datum_ta,source_only,hdy,replace,0.1,0.8999940391390134,0.8999940391390134,0.8453510436432637,0.0,0.00106193978111224
2030,P3,datum_ta,source_only,kdey,replace,0.05,0.9499940391390134,0.9499940391390134,0.9202544031311155,1.0,7.861635220121999e-05
2030,P3,datum_ta,source_only,kdey,replace,0.1,0.8999940391390134,0.8999940391390134,0.8453510436432637,0.0,0.00106193978111224
2030,P3,datum_ta,source_only,median_sweep,replace,0.05,0.95,0.95,0.9202544031311155,1.0,7.861635220121999e-05
2030,P3,datum_ta,source_only,median_sweep,replace,0.1,0.9,0.9,0.8453510436432637,0.0,0.00106193978111224
2030,P3,datum_ta,source_only,pacc,replace,0.05,0.95,0.95,0.9202544031311155,1.0,7.861635220121999e-05
2030,P3,datum_ta,source_only,pacc,replace,0.1,0.9,0.9,0.8453510436432637,0.0,0.00106193978111224
2030,P3,datum_ta,source_only,pcc,replace,0.05,0.7552513076843804,0.7552513076843804,0.9202544031311155,1.0,7.861635220121999e-05
2030,P3,datum_ta,source_only,pcc,replace,0.1,0.7052539204992292,0.7052539204992292,0.8453510436432637,0.0,0.00106193978111224
2030,P3,datum_ta,target_real_anchor,acc,replace,0.05,0.0415739371124889,-0.0415739371124889,0.920468308437626,0.0,0.00255657901252908
2030,P3,datum_ta,target_real_anchor,acc,replace,0.1,0.08318912754650128,-0.08318912754650128,0.845732184808144,1.0,0.00182117565492992
2030,P3,datum_ta,target_real_anchor,cc,replace,0.05,0.008649999999999929,0.007529999999999929,0.920468308437626,0.0,0.00255657901252908
2030,P3,datum_ta,target_real_anchor,cc,replace,0.1,0.03773,-0.03773,0.845732184808144,1.0,0.00182117565492992
2030,P3,datum_ta,target_real_anchor,dys,replace,0.05,0.9499940391390134,0.9499940391390134,0.920468308437626,1.0,0.0
2030,P3,datum_ta,target_real_anchor,dys,replace,0.1,0.8999940391390134,0.8999940391390134,0.845732184808144,0.0,0.0007960679443371
2030,P3,datum_ta,target_real_anchor,emq,replace,0.05,0.9499999976579078,0.9499999976579078,0.920468308437626,1.0,0.0
2030,P3,datum_ta,target_real_anchor,emq,replace,0.1,0.8999999976584541,0.8999999976584541,0.845732184808144,0.0,0.0007960679443371
2030,P3,datum_ta,target_real_anchor,hdy,replace,0.05,0.9499940391390134,0.9499940391390134,0.920468308437626,1.0,0.0
2030,P3,datum_ta,target_real_anchor,hdy,replace,0.1,0.8999940391390134,0.8999940391390134,0.845732184808144,0.0,0.0007960679443371
2030,P3,datum_ta,target_real_anchor,kdey,replace,0.05,0.9499940391390134,0.9499940391390134,0.920468308437626,1.0,0.0
2030,P3,datum_ta,target_real_anchor,kdey,replace,0.1,0.8999940391390134,0.8999940391390134,0.845732184808144,0.0,0.0007960679443371
2030,P3,datum_ta,target_real_anchor,median_sweep,replace,0.05,0.95,0.95,0.920468308437626,1.0,0.0
2030,P3,datum_ta,target_real_anchor,median_sweep,replace,0.1,0.9,0.9,0.845732184808144,0.0,0.0007960679443371
2030,P3,datum_ta,target_real_anchor,pacc,replace,0.05,0.95,0.95,0.920468308437626,1.0,0.0
2030,P3,datum_ta,target_real_anchor,pacc,replace,0.1,0.9,0.9,0.845732184808144,0.0,0.0007960679443371
2030,P3,datum_ta,target_real_anchor,pcc,replace,0.05,0.7552513076843804,0.7552513076843804,0.920468308437626,1.0,0.0
2030,P3,datum_ta,target_real_anchor,pcc,replace,0.1,0.7052539204992292,0.7052539204992292,0.845732184808144,0.0,0.0007960679443371
2030,P3,datum_transformer,oracle_target,acc,replace,0.05,0.2046267368421052,0.1849412631578947,0.9265913757700204,0.69,0.0014503788441539
2030,P3,datum_transformer,oracle_target,acc,replace,0.1,0.22756357894736837,0.20151515789473678,0.8567134268537074,0.24,0.00126033774080124
2030,P3,datum_transformer,oracle_target,cc,replace,0.05,0.008059999999999939,0.007159999999999939,0.9265913757700204,0.0,0.0017546303174367402
2030,P3,datum_transformer,oracle_target,cc,replace,0.1,0.04034,-0.04034,0.8567134268537074,1.0,0.0005989080374387201
2030,P3,datum_transformer,oracle_target,dys,replace,0.05,0.11283007755321388,0.10187908012551006,0.9265913757700204,0.71,0.0011260090130243
2030,P3,datum_transformer,oracle_target,dys,replace,0.1,0.09880711708283933,0.0686411351890266,0.8567134268537074,0.32,0.00126033774080124
2030,P3,datum_transformer,oracle_target,emq,replace,0.05,0.17903331620374982,0.17855557823206145,0.9265913757700204,0.89,0.0009396820680433601
2030,P3,datum_transformer,oracle_target,emq,replace,0.1,0.1604613390024412,0.1546141832212072,0.8567134268537074,0.11,0.00126033774080124
2030,P3,datum_transformer,oracle_target,hdy,replace,0.05,0.1060100365932264,0.09380655880351123,0.9265913757700204,0.72,0.0005106967761105399
2030,P3,datum_transformer,oracle_target,hdy,replace,0.1,0.0891808887092344,0.0579586797110103,0.8567134268537074,0.33,0.0016419675134947403
2030,P3,datum_transformer,oracle_target,kdey,replace,0.05,0.024854508649126052,-0.01760788416077028,0.9265913757700204,0.0,0.0017546303174367402
2030,P3,datum_transformer,oracle_target,kdey,replace,0.1,0.07156328988884908,-0.07156328988884908,0.8567134268537074,1.0,0.0005989080374387201
2030,P3,datum_transformer,oracle_target,pacc,replace,0.05,0.10905440863153526,0.04925131350268648,0.9265913757700204,0.34,0.0019725276085772
2030,P3,datum_transformer,oracle_target,pacc,replace,0.1,0.13084230281208187,0.02554212363379485,0.8567134268537074,0.59,0.0017212028920913
2030,P3,datum_transformer,oracle_target,pcc,replace,0.05,0.4491120103608149,0.4491120103608149,0.9265913757700204,1.0,0.0009396820680433601
2030,P3,datum_transformer,oracle_target,pcc,replace,0.1,0.3992141055670885,0.3992141055670885,0.8567134268537074,0.0,0.0016419675134947403
2030,P3,datum_transformer,source_only,acc,replace,0.05,0.95,0.95,0.9499755287086886,1.0,
2030,P3,datum_transformer,source_only,acc,replace,0.1,0.9,0.9,0.8999536345371182,0.0,
2030,P3,datum_transformer,source_only,cc,replace,0.05,0.9458699999999999,0.9458699999999999,0.9499755287086886,1.0,
2030,P3,datum_transformer,source_only,cc,replace,0.1,0.89618,0.89618,0.8999536345371182,0.0,
2030,P3,datum_transformer,source_only,dys,replace,0.05,0.9499940391390134,0.9499940391390134,0.9499755287086886,1.0,
2030,P3,datum_transformer,source_only,dys,replace,0.1,0.8999940391390134,0.8999940391390134,0.8999536345371182,0.0,
2030,P3,datum_transformer,source_only,emq,replace,0.05,0.9499999996182367,0.9499999996182367,0.9499755287086886,1.0,
2030,P3,datum_transformer,source_only,emq,replace,0.1,0.8999999996664507,0.8999999996664507,0.8999536345371182,0.0,
2030,P3,datum_transformer,source_only,hdy,replace,0.05,0.9499940391390134,0.9499940391390134,0.9499755287086886,1.0,
2030,P3,datum_transformer,source_only,hdy,replace,0.1,0.8999940391390134,0.8999940391390134,0.8999536345371182,0.0,
2030,P3,datum_transformer,source_only,kdey,replace,0.05,0.9499940391390134,0.9499940391390134,0.9499755287086886,1.0,
2030,P3,datum_transformer,source_only,kdey,replace,0.1,0.8999940391390134,0.8999940391390134,0.8999536345371182,0.0,
2030,P3,datum_transformer,source_only,median_sweep,replace,0.05,0.95,0.95,0.9499755287086886,1.0,
2030,P3,datum_transformer,source_only,median_sweep,replace,0.1,0.9,0.9,0.8999536345371182,0.0,
2030,P3,datum_transformer,source_only,pacc,replace,0.05,0.95,0.95,0.9499755287086886,1.0,
2030,P3,datum_transformer,source_only,pacc,replace,0.1,0.9,0.9,0.8999536345371182,0.0,
2030,P3,datum_transformer,source_only,pcc,replace,0.05,0.9035862628683294,0.9035862628683294,0.9499755287086886,1.0,
2030,P3,datum_transformer,source_only,pcc,replace,0.1,0.8537944233625189,0.8537944233625189,0.8999536345371182,0.0,
2030,P3,datum_transformer,target_real_anchor,acc,replace,0.05,0.039988139362490696,0.039988139362490696,0.9231779382797112,0.2,0.000569194770465
2030,P3,datum_transformer,target_real_anchor,acc,replace,0.1,0.011372424017790914,-0.007599740548554463,0.8505747126436782,0.71,0.00045127024216309994
2030,P3,datum_transformer,target_real_anchor,cc,replace,0.05,0.0057199999999999725,-0.002800000000000027,0.9231779382797112,0.0,0.00012504333184768
2030,P3,datum_transformer,target_real_anchor,cc,replace,0.1,0.05154,-0.05154,0.8505747126436782,1.0,0.0
2030,P3,datum_transformer,target_real_anchor,dys,replace,0.05,0.9499940391390134,0.9499940391390134,0.9231779382797112,1.0,0.00121731540632888
2030,P3,datum_transformer,target_real_anchor,dys,replace,0.1,0.8999940391390134,0.8999940391390134,0.8505747126436782,0.0,0.00216411627791804
2030,P3,datum_transformer,target_real_anchor,emq,replace,0.05,0.9499999996182367,0.9499999996182367,0.9231779382797112,1.0,0.00121731540632888
2030,P3,datum_transformer,target_real_anchor,emq,replace,0.1,0.8999999996664507,0.8999999996664507,0.8505747126436782,0.0,0.00216411627791804
2030,P3,datum_transformer,target_real_anchor,hdy,replace,0.05,0.9499940391390134,0.9499940391390134,0.9231779382797112,1.0,0.00121731540632888
2030,P3,datum_transformer,target_real_anchor,hdy,replace,0.1,0.8999940391390134,0.8999940391390134,0.8505747126436782,0.0,0.00216411627791804
2030,P3,datum_transformer,target_real_anchor,kdey,replace,0.05,0.9499940391390134,0.9499940391390134,0.9231779382797112,1.0,0.00121731540632888
2030,P3,datum_transformer,target_real_anchor,kdey,replace,0.1,0.8999940391390134,0.8999940391390134,0.8505747126436782,0.0,0.00216411627791804
2030,P3,datum_transformer,target_real_anchor,median_sweep,replace,0.05,0.95,0.95,0.9231779382797112,1.0,0.00121731540632888
2030,P3,datum_transformer,target_real_anchor,median_sweep,replace,0.1,0.9,0.9,0.8505747126436782,0.0,0.00216411627791804
2030,P3,datum_transformer,target_real_anchor,pacc,replace,0.05,0.95,0.95,0.9231779382797112,1.0,0.00121731540632888
2030,P3,datum_transformer,target_real_anchor,pacc,replace,0.1,0.9,0.9,0.8505747126436782,0.0,0.00216411627791804
2030,P3,datum_transformer,target_real_anchor,pcc,replace,0.05,0.9035862628683294,0.9035862628683294,0.9231779382797112,1.0,0.00121731540632888
2030,P3,datum_transformer,target_real_anchor,pcc,replace,0.1,0.8537944233625189,0.8537944233625189,0.8505747126436782,0.0,0.00216411627791804
2030,P3,flat_transformer,oracle_target,acc,replace,0.05,0.04862612499999999,-0.033596375000000005,0.9038159958180869,0.07,5.5402862378020003e-05
2030,P3,flat_transformer,oracle_target,acc,replace,0.1,0.08457149999999998,-0.061014750000000006,0.8165503489531406,0.83,0.00069702372109144
2030,P3,flat_transformer,oracle_target,cc,replace,0.05,0.005639999999999979,-0.0038600000000000214,0.9038159958180869,0.0,3.435596493834e-05
2030,P3,flat_transformer,oracle_target,cc,replace,0.1,0.0506,-0.0506,0.8165503489531406,1.0,0.00069702372109144
2030,P3,flat_transformer,oracle_target,dys,replace,0.05,0.038909289426230294,-0.03465743639805115,0.9038159958180869,0.0,3.435596493834e-05
2030,P3,flat_transformer,oracle_target,dys,replace,0.1,0.0502929765878364,-0.04494343812884373,0.8165503489531406,0.88,0.0015187812608329
2030,P3,flat_transformer,oracle_target,emq,replace,0.05,0.02614571772668244,0.0008874740124611391,0.9038159958180869,0.07,3.435596493834e-05
2030,P3,flat_transformer,oracle_target,emq,replace,0.1,0.03095062871845757,-0.001972438353581702,0.8165503489531406,0.53,0.0021149036794928
2030,P3,flat_transformer,oracle_target,hdy,replace,0.05,0.030793726289484027,-0.019354548193403102,0.9038159958180869,0.02,3.435596493834e-05
2030,P3,flat_transformer,oracle_target,hdy,replace,0.1,0.03798402360138966,-0.0247168018001189,0.8165503489531406,0.74,0.0015187812608329
2030,P3,flat_transformer,oracle_target,kdey,replace,0.05,0.03499482916679478,-0.029575748258096102,0.9038159958180869,0.0,3.435596493834e-05
2030,P3,flat_transformer,oracle_target,kdey,replace,0.1,0.044332384764195175,-0.036872217645454584,0.8165503489531406,0.83,0.0015187812608329
2030,P3,flat_transformer,oracle_target,median_sweep,replace,0.05,0.032806807039693714,-0.02281117511739948,0.9038159958180869,0.03,3.435596493834e-05
2030,P3,flat_transformer,oracle_target,median_sweep,replace,0.1,0.03906406748279168,-0.025720167556766003,0.8165503489531406,0.76,0.0015187812608329
2030,P3,flat_transformer,oracle_target,pacc,replace,0.05,0.030270665745117383,-0.019270270711371412,0.9038159958180869,0.03,3.435596493834e-05
2030,P3,flat_transformer,oracle_target,pacc,replace,0.1,0.03692144623175852,-0.02104044931352977,0.8165503489531406,0.74,0.0015187812608329
2030,P3,flat_transformer,oracle_target,pcc,replace,0.05,0.3991488269308176,0.3991488269308176,0.9038159958180869,1.0,0.00164444361907586
2030,P3,flat_transformer,oracle_target,pcc,replace,0.1,0.35494448983336213,0.35494448983336213,0.8165503489531406,0.0,0.00218794879413648
2030,P3,flat_transformer,source_only,acc,replace,0.05,0.2663879743303571,0.2663879743303571,0.9058679706601468,1.0,0.0068578839201703405
2030,P3,flat_transformer,source_only,acc,replace,0.1,0.2350938058035714,0.2350938058035714,0.8200934579439253,0.0,0.00304158619323524
2030,P3,flat_transformer,source_only,cc,replace,0.05,0.2193,0.2193,0.9058679706601468,1.0,0.0068578839201703405
2030,P3,flat_transformer,source_only,cc,replace,0.1,0.18227999999999994,0.18227999999999994,0.8200934579439253,0.0,0.00304158619323524
2030,P3,flat_transformer,source_only,dys,replace,0.05,0.0375838695376252,0.0375838695376252,0.9058679706601468,0.15,0.00052307730401622
2030,P3,flat_transformer,source_only,dys,replace,0.1,0.01010175495329336,-0.005927138175747232,0.8200934579439253,0.75,0.0015268286039717002
2030,P3,flat_transformer,source_only,emq,replace,0.05,0.23551811261753347,0.23551811261753347,0.9058679706601468,1.0,0.0068578839201703405
2030,P3,flat_transformer,source_only,emq,replace,0.1,0.206484239951074,0.206484239951074,0.8200934579439253,0.0,0.00304158619323524
2030,P3,flat_transformer,source_only,hdy,replace,0.05,0.1735388798275642,0.1735388798275642,0.9058679706601468,1.0,0.0068578839201703405
2030,P3,flat_transformer,source_only,hdy,replace,0.1,0.1400749167759706,0.1400749167759706,0.8200934579439253,0.0,0.00304158619323524
2030,P3,flat_transformer,source_only,kdey,replace,0.05,0.23937119355609163,0.23937119355609163,0.9058679706601468,1.0,0.0068578839201703405
2030,P3,flat_transformer,source_only,kdey,replace,0.1,0.20928848709810371,0.20928848709810371,0.8200934579439253,0.0,0.00304158619323524
2030,P3,flat_transformer,source_only,median_sweep,replace,0.05,0.2710583853265643,0.2710583853265643,0.9058679706601468,1.0,0.0068578839201703405
2030,P3,flat_transformer,source_only,median_sweep,replace,0.1,0.24246768805585261,0.24246768805585261,0.8200934579439253,0.0,0.00304158619323524
2030,P3,flat_transformer,source_only,pacc,replace,0.05,0.21042102605068064,0.21042102605068064,0.9058679706601468,1.0,0.0068578839201703405
2030,P3,flat_transformer,source_only,pacc,replace,0.1,0.18468204261917848,0.18468204261917848,0.8200934579439253,0.0,0.00304158619323524
2030,P3,flat_transformer,source_only,pcc,replace,0.05,0.3178045537518886,0.3178045537518886,0.9058679706601468,1.0,0.0068578839201703405
2030,P3,flat_transformer,source_only,pcc,replace,0.1,0.28118888469274866,0.28118888469274866,0.8200934579439253,0.0,0.00304158619323524
2030,P3,flat_transformer,target_real_anchor,acc,replace,0.05,0.00954246044559246,0.007903584113658341,0.9098591549295776,0.0,0.00012628138463824
2030,P3,flat_transformer,target_real_anchor,acc,replace,0.1,0.037126541814659304,-0.037126541814659304,0.8270270270270269,1.0,0.00072921309364632
2030,P3,flat_transformer,target_real_anchor,cc,replace,0.05,0.010479999999999998,-0.01044,0.9098591549295776,0.0,0.00012628138463824
2030,P3,flat_transformer,target_real_anchor,cc,replace,0.1,0.057460000000000004,-0.057460000000000004,0.8270270270270269,1.0,0.00072921309364632
2030,P3,flat_transformer,target_real_anchor,dys,replace,0.05,0.0375838695376252,0.0375838695376252,0.9098591549295776,0.15,0.00026030059921754005
2030,P3,flat_transformer,target_real_anchor,dys,replace,0.1,0.01010175495329336,-0.005927138175747232,0.8270270270270269,0.75,0.00072921309364632
2030,P3,flat_transformer,target_real_anchor,emq,replace,0.05,0.23551811261753347,0.23551811261753347,0.9098591549295776,1.0,0.00145471202892088
2030,P3,flat_transformer,target_real_anchor,emq,replace,0.1,0.206484239951074,0.206484239951074,0.8270270270270269,0.0,0.0011770786906353
2030,P3,flat_transformer,target_real_anchor,hdy,replace,0.05,0.1735388798275642,0.1735388798275642,0.9098591549295776,1.0,0.00145471202892088
2030,P3,flat_transformer,target_real_anchor,hdy,replace,0.1,0.1400749167759706,0.1400749167759706,0.8270270270270269,0.0,0.0011770786906353
2030,P3,flat_transformer,target_real_anchor,kdey,replace,0.05,0.23937119355609163,0.23937119355609163,0.9098591549295776,1.0,0.00145471202892088
2030,P3,flat_transformer,target_real_anchor,kdey,replace,0.1,0.20928848709810371,0.20928848709810371,0.8270270270270269,0.0,0.0011770786906353
2030,P3,flat_transformer,target_real_anchor,median_sweep,replace,0.05,0.2710583853265643,0.2710583853265643,0.9098591549295776,1.0,0.00145471202892088
2030,P3,flat_transformer,target_real_anchor,median_sweep,replace,0.1,0.24246768805585261,0.24246768805585261,0.8270270270270269,0.0,0.0011770786906353
2030,P3,flat_transformer,target_real_anchor,pacc,replace,0.05,0.21042102605068064,0.21042102605068064,0.9098591549295776,1.0,0.00145471202892088
2030,P3,flat_transformer,target_real_anchor,pacc,replace,0.1,0.18468204261917848,0.18468204261917848,0.8270270270270269,0.0,0.0011770786906353
2030,P3,flat_transformer,target_real_anchor,pcc,replace,0.05,0.3178045537518886,0.3178045537518886,0.9098591549295776,1.0,0.00145471202892088
2030,P3,flat_transformer,target_real_anchor,pcc,replace,0.1,0.28118888469274866,0.28118888469274866,0.8270270270270269,0.0,0.0011770786906353
2030,P4,char3gram,oracle_target,acc,replace,0.05,0.04330817120622565,-0.0033472373540856227,0.8858387799564269,0.17,0.00125693309562714
2030,P4,char3gram,oracle_target,acc,replace,0.1,0.056599221789883226,-0.0014199221789883464,0.7861224489795918,0.47,0.00027639528549494
2030,P4,char3gram,oracle_target,cc,replace,0.05,0.005459999999999944,0.002699999999999944,0.8858387799564269,0.0,0.00137640518991722
2030,P4,char3gram,oracle_target,cc,replace,0.1,0.04188,-0.04188,0.7861224489795918,1.0,0.00139961867974046
2030,P4,char3gram,oracle_target,dys,replace,0.05,0.04586105491971893,0.008825689794117568,0.8858387799564269,0.21,0.00125693309562714
2030,P4,char3gram,oracle_target,dys,replace,0.1,0.05461844803607211,0.005052485594551685,0.7861224489795918,0.54,0.00104182142326544
2030,P4,char3gram,oracle_target,emq,replace,0.05,0.04913353156024395,-0.049041785174719556,0.8858387799564269,0.0,0.00137640518991722
2030,P4,char3gram,oracle_target,emq,replace,0.1,0.0952835990696351,-0.0952835990696351,0.7861224489795918,1.0,0.00139961867974046
2030,P4,char3gram,oracle_target,hdy,replace,0.05,0.04515026842439385,0.02279411717315805,0.8858387799564269,0.29,0.0003847249046699
2030,P4,char3gram,oracle_target,hdy,replace,0.1,0.04603424129166049,0.018727758963132425,0.7861224489795918,0.36,0.00104182142326544
2030,P4,char3gram,oracle_target,kdey,replace,0.05,0.05705572434713044,0.0466068809548769,0.8858387799564269,0.47,0.0
2030,P4,char3gram,oracle_target,kdey,replace,0.1,0.058292161688464274,0.04717359046756459,0.7861224489795918,0.19,0.00104182142326544
2030,P4,char3gram,oracle_target,pacc,replace,0.05,0.05825577334705428,0.04555075363610242,0.8858387799564269,0.45,0.0003847249046699
2030,P4,char3gram,oracle_target,pacc,replace,0.1,0.05195590897909204,0.036393481963132815,0.7861224489795918,0.27,0.00104182142326544
2030,P4,char3gram,oracle_target,pcc,replace,0.05,0.4339119910435275,0.4339119910435275,0.8858387799564269,1.0,0.00104708314762538
2030,P4,char3gram,oracle_target,pcc,replace,0.1,0.38558536341558464,0.38558536341558464,0.7861224489795918,0.0,0.00112508047343134
2030,P4,char3gram,source_only,acc,replace,0.05,0.95,0.95,0.95,1.0,
2030,P4,char3gram,source_only,acc,replace,0.1,0.9,0.9,0.9,0.0,
2030,P4,char3gram,source_only,cc,replace,0.05,0.94997,0.94997,0.95,1.0,
2030,P4,char3gram,source_only,cc,replace,0.1,0.89999,0.89999,0.9,0.0,
2030,P4,char3gram,source_only,dys,replace,0.05,0.9499940391390134,0.9499940391390134,0.95,1.0,
2030,P4,char3gram,source_only,dys,replace,0.1,0.8999940391390134,0.8999940391390134,0.9,0.0,
2030,P4,char3gram,source_only,emq,replace,0.05,0.9499999999598036,0.9499999999598036,0.95,1.0,
2030,P4,char3gram,source_only,emq,replace,0.1,0.8999999999614164,0.8999999999614164,0.9,0.0,
2030,P4,char3gram,source_only,hdy,replace,0.05,0.9499940391390134,0.9499940391390134,0.95,1.0,
2030,P4,char3gram,source_only,hdy,replace,0.1,0.8999940391390134,0.8999940391390134,0.9,0.0,
2030,P4,char3gram,source_only,kdey,replace,0.05,0.9499940391390134,0.9499940391390134,0.95,1.0,
2030,P4,char3gram,source_only,kdey,replace,0.1,0.8999940391390134,0.8999940391390134,0.9,0.0,
2030,P4,char3gram,source_only,median_sweep,replace,0.05,0.95,0.95,0.95,1.0,
2030,P4,char3gram,source_only,median_sweep,replace,0.1,0.9,0.9,0.9,0.0,
2030,P4,char3gram,source_only,pacc,replace,0.05,0.95,0.95,0.95,1.0,
2030,P4,char3gram,source_only,pacc,replace,0.1,0.9,0.9,0.9,0.0,
2030,P4,char3gram,source_only,pcc,replace,0.05,0.9184254387398509,0.9184254387398509,0.95,1.0,
2030,P4,char3gram,source_only,pcc,replace,0.1,0.8686000705875615,0.8686000705875615,0.9,0.0,
2030,P4,char3gram,target_real_anchor,acc,replace,0.05,0.95,0.95,0.8856640281442393,1.0,0.00118203090179762
2030,P4,char3gram,target_real_anchor,acc,replace,0.1,0.9,0.9,0.7858319604612851,0.0,0.0013748576239290399
2030,P4,char3gram,target_real_anchor,cc,replace,0.05,0.005229999999999945,0.002109999999999945,0.8856640281442393,0.0,0.0013630961224186
2030,P4,char3gram,target_real_anchor,cc,replace,0.1,0.042539999999999994,-0.042539999999999994,0.7858319604612851,1.0,0.0014636879116524798
2030,P4,char3gram,target_real_anchor,dys,replace,0.05,0.9499940391390134,0.9499940391390134,0.8856640281442393,1.0,0.00118203090179762
2030,P4,char3gram,target_real_anchor,dys,replace,0.1,0.8999940391390134,0.8999940391390134,0.7858319604612851,0.0,0.0013748576239290399
2030,P4,char3gram,target_real_anchor,emq,replace,0.05,0.9499999999598036,0.9499999999598036,0.8856640281442393,1.0,0.00118203090179762
2030,P4,char3gram,target_real_anchor,emq,replace,0.1,0.8999999999614164,0.8999999999614164,0.7858319604612851,0.0,0.0013748576239290399
2030,P4,char3gram,target_real_anchor,hdy,replace,0.05,0.9499940391390134,0.9499940391390134,0.8856640281442393,1.0,0.00118203090179762
2030,P4,char3gram,target_real_anchor,hdy,replace,0.1,0.8999940391390134,0.8999940391390134,0.7858319604612851,0.0,0.0013748576239290399
2030,P4,char3gram,target_real_anchor,kdey,replace,0.05,0.9499940391390134,0.9499940391390134,0.8856640281442393,1.0,0.00118203090179762
2030,P4,char3gram,target_real_anchor,kdey,replace,0.1,0.8999940391390134,0.8999940391390134,0.7858319604612851,0.0,0.0013748576239290399
2030,P4,char3gram,target_real_anchor,median_sweep,replace,0.05,0.95,0.95,0.8856640281442393,1.0,0.00118203090179762
2030,P4,char3gram,target_real_anchor,median_sweep,replace,0.1,0.9,0.9,0.7858319604612851,0.0,0.0013748576239290399
2030,P4,char3gram,target_real_anchor,pacc,replace,0.05,0.95,0.95,0.8856640281442393,1.0,0.00118203090179762
2030,P4,char3gram,target_real_anchor,pacc,replace,0.1,0.9,0.9,0.7858319604612851,0.0,0.0013748576239290399
2030,P4,char3gram,target_real_anchor,pcc,replace,0.05,0.9184254387398509,0.9184254387398509,0.8856640281442393,1.0,0.00118203090179762
2030,P4,char3gram,target_real_anchor,pcc,replace,0.1,0.8686000705875615,0.8686000705875615,0.7858319604612851,0.0,0.0013748576239290399
2030,P4,column_positional_ablation,oracle_target,cc,replace,0.05,0.05,-0.05,0.0,0.0,0.0
2030,P4,column_positional_ablation,oracle_target,cc,replace,0.1,0.1,-0.1,0.0,1.0,0.0
2030,P4,column_positional_ablation,oracle_target,dys,replace,0.05,0.9499940391390134,0.9499940391390134,0.0,1.0,0.0
2030,P4,column_positional_ablation,oracle_target,dys,replace,0.1,0.8999940391390134,0.8999940391390134,0.0,0.0,0.0
2030,P4,column_positional_ablation,oracle_target,emq,replace,0.05,0.45,0.45,0.0,1.0,0.0
2030,P4,column_positional_ablation,oracle_target,emq,replace,0.1,0.4,0.4,0.0,0.0,0.0
2030,P4,column_positional_ablation,oracle_target,hdy,replace,0.05,0.9499940391390134,0.9499940391390134,0.0,1.0,0.0
2030,P4,column_positional_ablation,oracle_target,hdy,replace,0.1,0.8999940391390134,0.8999940391390134,0.0,0.0,0.0
2030,P4,column_positional_ablation,oracle_target,pcc,replace,0.05,0.45,0.45,0.0,1.0,0.0
2030,P4,column_positional_ablation,oracle_target,pcc,replace,0.1,0.4,0.4,0.0,0.0,0.0
2030,P4,column_positional_ablation,source_only,acc,replace,0.05,0.95,0.95,0.95,1.0,
2030,P4,column_positional_ablation,source_only,acc,replace,0.1,0.9,0.9,0.9,0.0,
2030,P4,column_positional_ablation,source_only,cc,replace,0.05,0.95,0.95,0.95,1.0,
2030,P4,column_positional_ablation,source_only,cc,replace,0.1,0.9,0.9,0.9,0.0,
2030,P4,column_positional_ablation,source_only,dys,replace,0.05,0.9499940391390134,0.9499940391390134,0.95,1.0,
2030,P4,column_positional_ablation,source_only,dys,replace,0.1,0.8999940391390134,0.8999940391390134,0.9,0.0,
2030,P4,column_positional_ablation,source_only,emq,replace,0.05,0.9499999999198104,0.9499999999198104,0.95,1.0,
2030,P4,column_positional_ablation,source_only,emq,replace,0.1,0.899999999919822,0.899999999919822,0.9,0.0,
2030,P4,column_positional_ablation,source_only,hdy,replace,0.05,0.9499940391390134,0.9499940391390134,0.95,1.0,
2030,P4,column_positional_ablation,source_only,hdy,replace,0.1,0.8999940391390134,0.8999940391390134,0.9,0.0,
2030,P4,column_positional_ablation,source_only,kdey,replace,0.05,0.9499940391390134,0.9499940391390134,0.95,1.0,
2030,P4,column_positional_ablation,source_only,kdey,replace,0.1,0.8999940391390134,0.8999940391390134,0.9,0.0,
2030,P4,column_positional_ablation,source_only,median_sweep,replace,0.05,0.95,0.95,0.95,1.0,
2030,P4,column_positional_ablation,source_only,median_sweep,replace,0.1,0.9,0.9,0.9,0.0,
2030,P4,column_positional_ablation,source_only,pacc,replace,0.05,0.95,0.95,0.95,1.0,
2030,P4,column_positional_ablation,source_only,pacc,replace,0.1,0.9,0.9,0.9,0.0,
2030,P4,column_positional_ablation,source_only,pcc,replace,0.05,0.9151405564803151,0.9151405564803151,0.95,1.0,
2030,P4,column_positional_ablation,source_only,pcc,replace,0.1,0.8651412524724411,0.8651412524724411,0.9,0.0,
2030,P4,column_positional_ablation,target_real_anchor,acc,replace,0.05,0.016083235090152498,0.015993741331483985,0.9718670076726341,0.0,0.0
2030,P4,column_positional_ablation,target_real_anchor,acc,replace,0.1,0.033576438973647676,-0.033576438973647676,0.9424083769633508,1.0,0.00080163918189464
2030,P4,column_positional_ablation,target_real_anchor,cc,replace,0.05,0.01257,-0.01257,0.9718670076726341,0.0,0.0
2030,P4,column_positional_ablation,target_real_anchor,cc,replace,0.1,0.06233,-0.06233,0.9424083769633508,1.0,0.00080163918189464
2030,P4,column_positional_ablation,target_real_anchor,dys,replace,0.05,0.9499940391390134,0.9499940391390134,0.9718670076726341,1.0,0.00346097657604118
2030,P4,column_positional_ablation,target_real_anchor,dys,replace,0.1,0.8999940391390134,0.8999940391390134,0.9424083769633508,0.0,0.00064935868865446
2030,P4,column_positional_ablation,target_real_anchor,emq,replace,0.05,0.9499999999198104,0.9499999999198104,0.9718670076726341,1.0,0.00346097657604118
2030,P4,column_positional_ablation,target_real_anchor,emq,replace,0.1,0.899999999919822,0.899999999919822,0.9424083769633508,0.0,0.00064935868865446
2030,P4,column_positional_ablation,target_real_anchor,hdy,replace,0.05,0.9499940391390134,0.9499940391390134,0.9718670076726341,1.0,0.00346097657604118
2030,P4,column_positional_ablation,target_real_anchor,hdy,replace,0.1,0.8999940391390134,0.8999940391390134,0.9424083769633508,0.0,0.00064935868865446
2030,P4,column_positional_ablation,target_real_anchor,kdey,replace,0.05,0.9499940391390134,0.9499940391390134,0.9718670076726341,1.0,0.00346097657604118
2030,P4,column_positional_ablation,target_real_anchor,kdey,replace,0.1,0.8999940391390134,0.8999940391390134,0.9424083769633508,0.0,0.00064935868865446
2030,P4,column_positional_ablation,target_real_anchor,median_sweep,replace,0.05,0.95,0.95,0.9718670076726341,1.0,0.00346097657604118
2030,P4,column_positional_ablation,target_real_anchor,median_sweep,replace,0.1,0.9,0.9,0.9424083769633508,0.0,0.00064935868865446
2030,P4,column_positional_ablation,target_real_anchor,pacc,replace,0.05,0.95,0.95,0.9718670076726341,1.0,0.00346097657604118
2030,P4,column_positional_ablation,target_real_anchor,pacc,replace,0.1,0.9,0.9,0.9424083769633508,0.0,0.00064935868865446
2030,P4,column_positional_ablation,target_real_anchor,pcc,replace,0.05,0.9151405564803151,0.9151405564803151,0.9718670076726341,1.0,0.00346097657604118
2030,P4,column_positional_ablation,target_real_anchor,pcc,replace,0.1,0.8651412524724411,0.8651412524724411,0.9424083769633508,0.0,0.00064935868865446
2030,P4,datum_ta,oracle_target,acc,replace,0.05,0.04648174311926605,-0.040118990825688074,0.8740000000000001,0.03,0.0006236690932500801
2030,P4,datum_ta,oracle_target,acc,replace,0.1,0.08871568807339449,-0.08473000000000001,0.7666666666666666,0.95,0.0
2030,P4,datum_ta,oracle_target,cc,replace,0.05,0.006819999999999986,-0.005360000000000014,0.8740000000000001,0.0,0.0006236690932500801
2030,P4,datum_ta,oracle_target,cc,replace,0.1,0.05285,-0.05285,0.7666666666666666,1.0,0.0
2030,P4,datum_ta,oracle_target,dys,replace,0.05,0.026181715861537516,-0.00766290878409255,0.8740000000000001,0.02,0.0006236690932500801
2030,P4,datum_ta,oracle_target,dys,replace,0.1,0.028897313672168884,-0.014648902874210777,0.7666666666666666,0.7,0.00069052394394094
2030,P4,datum_ta,oracle_target,emq,replace,0.05,0.04931606836483571,-0.04931606836483571,0.8740000000000001,0.0,0.0006236690932500801
2030,P4,datum_ta,oracle_target,emq,replace,0.1,0.09061787040421532,-0.09061787040421532,0.7666666666666666,1.0,0.0
2030,P4,datum_ta,oracle_target,hdy,replace,0.05,0.024913923451563083,-0.011733443939018451,0.8740000000000001,0.01,0.0006236690932500801
2030,P4,datum_ta,oracle_target,hdy,replace,0.1,0.02917966053480387,-0.01890620440409101,0.7666666666666666,0.75,0.0
2030,P4,datum_ta,oracle_target,kdey,replace,0.05,0.20015607140342292,0.20015607140342292,0.8740000000000001,1.0,0.00012813846382408
2030,P4,datum_ta,oracle_target,kdey,replace,0.1,0.1901158938163917,0.1901158938163917,0.7666666666666666,0.0,0.0010037512999554442
2030,P4,datum_ta,oracle_target,median_sweep,replace,0.05,0.025357854243918728,0.00011735527692465851,0.8740000000000001,0.06,0.00075180755707416
2030,P4,datum_ta,oracle_target,median_sweep,replace,0.1,0.028040483767967174,-0.009238992736413498,0.7666666666666666,0.58,0.0
2030,P4,datum_ta,oracle_target,pacc,replace,0.05,0.02865068578834463,-0.00044237571303664227,0.8740000000000001,0.07,0.00075180755707416
2030,P4,datum_ta,oracle_target,pacc,replace,0.1,0.03299661950989871,-0.011203466181254385,0.7666666666666666,0.6,0.00017549398306344001
2030,P4,datum_ta,oracle_target,pcc,replace,0.05,0.3872919053403331,0.3872919053403331,0.8740000000000001,1.0,0.00012813846382408
2030,P4,datum_ta,oracle_target,pcc,replace,0.1,0.343071113006082,0.343071113006082,0.7666666666666666,0.0,0.0010037512999554442
2030,P4,datum_ta,source_only,acc,replace,0.05,0.95,0.95,0.9479921881270232,1.0,0.05185986480463518
2030,P4,datum_ta,source_only,acc,replace,0.1,0.9,0.9,0.8962037481979818,0.0,0.05809593671074138
2030,P4,datum_ta,source_only,cc,replace,0.05,0.91148,0.91148,0.9479921881270232,1.0,0.05185986480463518
2030,P4,datum_ta,source_only,cc,replace,0.1,0.86344,0.86344,0.8962037481979818,0.0,0.05809593671074138
2030,P4,datum_ta,source_only,dys,replace,0.05,0.9499940391390134,0.9499940391390134,0.9479921881270232,1.0,0.05185986480463518
2030,P4,datum_ta,source_only,dys,replace,0.1,0.8999940391390134,0.8999940391390134,0.8962037481979818,0.0,0.05809593671074138
2030,P4,datum_ta,source_only,emq,replace,0.05,0.9499999993607336,0.9499999993607336,0.9479921881270232,1.0,0.05185986480463518
2030,P4,datum_ta,source_only,emq,replace,0.1,0.8999999994143095,0.8999999994143095,0.8962037481979818,0.0,0.05809593671074138
2030,P4,datum_ta,source_only,hdy,replace,0.05,0.9499940391390134,0.9499940391390134,0.9479921881270232,1.0,0.05185986480463518
2030,P4,datum_ta,source_only,hdy,replace,0.1,0.8999940391390134,0.8999940391390134,0.8962037481979818,0.0,0.05809593671074138
2030,P4,datum_ta,source_only,kdey,replace,0.05,0.9499940391390134,0.9499940391390134,0.9479921881270232,1.0,0.05185986480463518
2030,P4,datum_ta,source_only,kdey,replace,0.1,0.8999940391390134,0.8999940391390134,0.8962037481979818,0.0,0.05809593671074138
2030,P4,datum_ta,source_only,median_sweep,replace,0.05,0.95,0.95,0.9479921881270232,1.0,0.05185986480463518
2030,P4,datum_ta,source_only,median_sweep,replace,0.1,0.9,0.9,0.8962037481979818,0.0,0.05809593671074138
2030,P4,datum_ta,source_only,pacc,replace,0.05,0.95,0.95,0.9479921881270232,1.0,0.05185986480463518
2030,P4,datum_ta,source_only,pacc,replace,0.1,0.9,0.9,0.8962037481979818,0.0,0.05809593671074138
2030,P4,datum_ta,source_only,pcc,replace,0.05,0.8705630276214084,0.8705630276214084,0.9479921881270232,1.0,0.05185986480463518
2030,P4,datum_ta,source_only,pcc,replace,0.1,0.8226895681435341,0.8226895681435341,0.8962037481979818,0.0,0.05809593671074138
2030,P4,datum_ta,target_real_anchor,acc,replace,0.05,0.3076537037037037,0.3076537037037037,0.8744247205785666,1.0,0.0009727999801911
2030,P4,datum_ta,target_real_anchor,acc,replace,0.1,0.2813330830830831,0.2813330830830831,0.7673568818514007,0.0,0.00141230872084382
2030,P4,datum_ta,target_real_anchor,cc,replace,0.05,0.019369999999999946,0.019369999999999946,0.8744247205785666,0.0,0.00021913534393102002
2030,P4,datum_ta,target_real_anchor,cc,replace,0.1,0.02605,-0.02605,0.7673568818514007,1.0,0.0
2030,P4,datum_ta,target_real_anchor,dys,replace,0.05,0.9499940391390134,0.9499940391390134,0.8744247205785666,1.0,0.0009727999801911
2030,P4,datum_ta,target_real_anchor,dys,replace,0.1,0.8999940391390134,0.8999940391390134,0.7673568818514007,0.0,0.00141230872084382
2030,P4,datum_ta,target_real_anchor,emq,replace,0.05,0.9499999993607336,0.9499999993607336,0.8744247205785666,1.0,0.0009727999801911
2030,P4,datum_ta,target_real_anchor,emq,replace,0.1,0.8999999994143095,0.8999999994143095,0.7673568818514007,0.0,0.00141230872084382
2030,P4,datum_ta,target_real_anchor,hdy,replace,0.05,0.9499940391390134,0.9499940391390134,0.8744247205785666,1.0,0.0009727999801911
2030,P4,datum_ta,target_real_anchor,hdy,replace,0.1,0.8999940391390134,0.8999940391390134,0.7673568818514007,0.0,0.00141230872084382
2030,P4,datum_ta,target_real_anchor,kdey,replace,0.05,0.9499940391390134,0.9499940391390134,0.8744247205785666,1.0,0.0009727999801911
2030,P4,datum_ta,target_real_anchor,kdey,replace,0.1,0.8999940391390134,0.8999940391390134,0.7673568818514007,0.0,0.00141230872084382
2030,P4,datum_ta,target_real_anchor,median_sweep,replace,0.05,0.95,0.95,0.8744247205785666,1.0,0.0009727999801911
2030,P4,datum_ta,target_real_anchor,median_sweep,replace,0.1,0.9,0.9,0.7673568818514007,0.0,0.00141230872084382
2030,P4,datum_ta,target_real_anchor,pacc,replace,0.05,0.95,0.95,0.8744247205785666,1.0,0.0009727999801911
2030,P4,datum_ta,target_real_anchor,pacc,replace,0.1,0.9,0.9,0.7673568818514007,0.0,0.00141230872084382
2030,P4,datum_ta,target_real_anchor,pcc,replace,0.05,0.8705630276214084,0.8705630276214084,0.8744247205785666,1.0,0.0009727999801911
2030,P4,datum_ta,target_real_anchor,pcc,replace,0.1,0.8226895681435341,0.8226895681435341,0.7673568818514007,0.0,0.00141230872084382
2030,P4,datum_transformer,oracle_target,acc,replace,0.05,0.0789725,0.023460000000000016,0.9887339055793993,0.26,0.00024049175456840002
2030,P4,datum_transformer,oracle_target,acc,replace,0.1,0.09286312499999999,-0.006508124999999971,0.976510067114094,0.65,0.0005985985242411001
2030,P4,datum_transformer,oracle_target,cc,replace,0.05,0.004899999999999963,-0.000660000000000037,0.9887339055793993,0.0,0.00024049175456840002
2030,P4,datum_transformer,oracle_target,cc,replace,0.1,0.052270000000000004,-0.052270000000000004,0.976510067114094,1.0,0.00027639528549498
2030,P4,datum_transformer,oracle_target,dys,replace,0.05,0.3589634553422089,0.2979707202950102,0.9887339055793993,0.39,0.0015079482989154
2030,P4,datum_transformer,oracle_target,dys,replace,0.1,0.40401458833208836,0.2900213764160107,0.976510067114094,0.57,0.0014089040756698
2030,P4,datum_transformer,oracle_target,emq,replace,0.05,0.3553697269976024,0.3553697269976024,0.9887339055793993,1.0,0.0025005571237556603
2030,P4,datum_transformer,oracle_target,emq,replace,0.1,0.3015742231673646,0.3015742231673646,0.976510067114094,0.0,0.00218609171495072
2030,P4,datum_transformer,oracle_target,hdy,replace,0.05,0.3497896510425442,0.30632217293677405,0.9887339055793993,0.55,0.00274104887832406
2030,P4,datum_transformer,oracle_target,hdy,replace,0.1,0.3603624109319383,0.27403394088560995,0.976510067114094,0.44,0.0016521814490169998
2030,P4,datum_transformer,oracle_target,kdey,replace,0.05,0.8908889987779197,0.8908889987779197,0.9887339055793993,1.0,0.0025005571237556603
2030,P4,datum_transformer,oracle_target,kdey,replace,0.1,0.8430854503797321,0.8430854503797321,0.976510067114094,0.0,0.00218609171495072
2030,P4,datum_transformer,oracle_target,pacc,replace,0.05,0.22825003279969475,0.18282337234908094,0.9887339055793993,0.51,0.00270421680780458
2030,P4,datum_transformer,oracle_target,pacc,replace,0.1,0.23415172097951298,0.14044720763923244,0.976510067114094,0.49,0.00094153914722926
2030,P4,datum_transformer,oracle_target,pcc,replace,0.05,0.44977796665740166,0.44977796665740166,0.9887339055793993,1.0,0.0025005571237556603
2030,P4,datum_transformer,oracle_target,pcc,replace,0.1,0.399763368333045,0.399763368333045,0.976510067114094,0.0,0.00218609171495072
2030,P4,datum_transformer,source_only,acc,replace,0.05,0.95,0.95,0.949975604119052,1.0,
2030,P4,datum_transformer,source_only,acc,replace,0.1,0.9,0.9,0.8999537774125623,0.0,
2030,P4,datum_transformer,source_only,cc,replace,0.05,0.94868,0.94868,0.949975604119052,1.0,
2030,P4,datum_transformer,source_only,cc,replace,0.1,0.89861,0.89861,0.8999537774125623,0.0,
2030,P4,datum_transformer,source_only,dys,replace,0.05,0.9499940391390134,0.9499940391390134,0.949975604119052,1.0,
2030,P4,datum_transformer,source_only,dys,replace,0.1,0.8999940391390134,0.8999940391390134,0.8999537774125623,0.0,
2030,P4,datum_transformer,source_only,emq,replace,0.05,0.9499999998281315,0.9499999998281315,0.949975604119052,1.0,
2030,P4,datum_transformer,source_only,emq,replace,0.1,0.899999999826504,0.899999999826504,0.8999537774125623,0.0,
2030,P4,datum_transformer,source_only,hdy,replace,0.05,0.9499940391390134,0.9499940391390134,0.949975604119052,1.0,
2030,P4,datum_transformer,source_only,hdy,replace,0.1,0.8999940391390134,0.8999940391390134,0.8999537774125623,0.0,
2030,P4,datum_transformer,source_only,kdey,replace,0.05,0.9499940391390134,0.9499940391390134,0.949975604119052,1.0,
2030,P4,datum_transformer,source_only,kdey,replace,0.1,0.8999940391390134,0.8999940391390134,0.8999537774125623,0.0,
2030,P4,datum_transformer,source_only,median_sweep,replace,0.05,0.95,0.95,0.949975604119052,1.0,
2030,P4,datum_transformer,source_only,median_sweep,replace,0.1,0.9,0.9,0.8999537774125623,0.0,
2030,P4,datum_transformer,source_only,pacc,replace,0.05,0.95,0.95,0.949975604119052,1.0,
2030,P4,datum_transformer,source_only,pacc,replace,0.1,0.9,0.9,0.8999537774125623,0.0,
2030,P4,datum_transformer,source_only,pcc,replace,0.05,0.9146590350497541,0.9146590350497541,0.949975604119052,1.0,
2030,P4,datum_transformer,source_only,pcc,replace,0.1,0.8646107238959061,0.8646107238959061,0.8999537774125623,0.0,
2030,P4,datum_transformer,target_real_anchor,acc,replace,0.05,0.01290040571243098,0.011618549172346605,0.9866666666666666,0.0,7.025949586486e-05
2030,P4,datum_transformer,target_real_anchor,acc,replace,0.1,0.041482797792924325,-0.041482797792924325,0.9722627737226278,1.0,0.000482531075125
2030,P4,datum_transformer,target_real_anchor,cc,replace,0.05,0.01309,-0.01305,0.9866666666666666,0.0,7.025949586486e-05
2030,P4,datum_transformer,target_real_anchor,cc,replace,0.1,0.0649,-0.0649,0.9722627737226278,1.0,0.000482531075125
2030,P4,datum_transformer,target_real_anchor,dys,replace,0.05,0.9499940391390134,0.9499940391390134,0.9866666666666666,1.0,0.0020988089932154003
2030,P4,datum_transformer,target_real_anchor,dys,replace,0.1,0.8999940391390134,0.8999940391390134,0.9722627737226278,0.0,0.0009211112761848
2030,P4,datum_transformer,target_real_anchor,emq,replace,0.05,0.9499999998281315,0.9499999998281315,0.9866666666666666,1.0,0.0020988089932154003
2030,P4,datum_transformer,target_real_anchor,emq,replace,0.1,0.899999999826504,0.899999999826504,0.9722627737226278,0.0,0.0009211112761848
2030,P4,datum_transformer,target_real_anchor,hdy,replace,0.05,0.9499940391390134,0.9499940391390134,0.9866666666666666,1.0,0.0020988089932154003
2030,P4,datum_transformer,target_real_anchor,hdy,replace,0.1,0.8999940391390134,0.8999940391390134,0.9722627737226278,0.0,0.0009211112761848
2030,P4,datum_transformer,target_real_anchor,kdey,replace,0.05,0.9499940391390134,0.9499940391390134,0.9866666666666666,1.0,0.0020988089932154003
2030,P4,datum_transformer,target_real_anchor,kdey,replace,0.1,0.8999940391390134,0.8999940391390134,0.9722627737226278,0.0,0.0009211112761848
2030,P4,datum_transformer,target_real_anchor,median_sweep,replace,0.05,0.95,0.95,0.9866666666666666,1.0,0.0020988089932154003
2030,P4,datum_transformer,target_real_anchor,median_sweep,replace,0.1,0.9,0.9,0.9722627737226278,0.0,0.0009211112761848
2030,P4,datum_transformer,target_real_anchor,pacc,replace,0.05,0.95,0.95,0.9866666666666666,1.0,0.0020988089932154003
2030,P4,datum_transformer,target_real_anchor,pacc,replace,0.1,0.9,0.9,0.9722627737226278,0.0,0.0009211112761848
2030,P4,datum_transformer,target_real_anchor,pcc,replace,0.05,0.9146590350497541,0.9146590350497541,0.9866666666666666,1.0,0.0020988089932154003
2030,P4,datum_transformer,target_real_anchor,pcc,replace,0.1,0.8646107238959061,0.8646107238959061,0.9722627737226278,0.0,0.0009211112761848
2030,P4,flat_transformer,oracle_target,acc,replace,0.05,0.062256708860759485,-0.018456708860759497,0.9776699029126212,0.13,0.00059766998464816
2030,P4,flat_transformer,oracle_target,acc,replace,0.1,0.09601645569620253,-0.06371164556962025,0.954,0.86,0.0009591813994948202
2030,P4,flat_transformer,oracle_target,cc,replace,0.05,0.005889999999999934,0.004169999999999934,0.9776699029126212,0.0,0.0
2030,P4,flat_transformer,oracle_target,cc,replace,0.1,0.046959999999999995,-0.046959999999999995,0.954,1.0,0.00063326400237704
2030,P4,flat_transformer,oracle_target,dys,replace,0.05,0.04556143292104998,0.0054949871790532165,0.9776699029126212,0.2,0.00073880800277322
2030,P4,flat_transformer,oracle_target,dys,replace,0.1,0.05905820138071727,-0.005622159723988091,0.954,0.53,0.0022458277620956797
2030,P4,flat_transformer,oracle_target,emq,replace,0.05,0.03909493592245385,-0.003174954174192969,0.9776699029126212,0.13,0.0
2030,P4,flat_transformer,oracle_target,emq,replace,0.1,0.053515599944824466,-0.017906357427661338,0.954,0.62,0.0019199103649779
2030,P4,flat_transformer,oracle_target,hdy,replace,0.05,0.043663355716784966,0.0009375260805136716,0.9776699029126212,0.17,0.00073880800277322
2030,P4,flat_transformer,oracle_target,hdy,replace,0.1,0.05844218714708542,-0.010345738299956109,0.954,0.57,0.0019199103649779
2030,P4,flat_transformer,oracle_target,kdey,replace,0.05,0.7062444012230586,0.7062444012230586,0.9776699029126212,1.0,0.00462288911999204
2030,P4,flat_transformer,oracle_target,kdey,replace,0.1,0.6938727286753162,0.6938727286753162,0.954,0.0,0.00244763036695878
2030,P4,flat_transformer,oracle_target,pacc,replace,0.05,0.04254081891620705,-0.008574686551989251,0.9776699029126212,0.13,0.0
2030,P4,flat_transformer,oracle_target,pacc,replace,0.1,0.05648460484442853,-0.022002548943348205,0.954,0.65,0.0019199103649779
2030,P4,flat_transformer,oracle_target,pcc,replace,0.05,0.43315954978847004,0.43315954978847004,0.9776699029126212,1.0,0.00462288911999204
2030,P4,flat_transformer,oracle_target,pcc,replace,0.1,0.3848000693221494,0.3848000693221494,0.954,0.0,0.00244763036695878
2030,P4,flat_transformer,source_only,acc,replace,0.05,0.7526489589041095,0.7526489589041095,0.9377952755905512,1.0,0.02465582132422122
2030,P4,flat_transformer,source_only,acc,replace,0.1,0.7130072602739727,0.7130072602739727,0.8771685761047463,0.0,0.017400212945079964
2030,P4,flat_transformer,source_only,cc,replace,0.05,0.56678,0.56678,0.9377952755905512,1.0,0.02465582132422122
2030,P4,flat_transformer,source_only,cc,replace,0.1,0.5241,0.5241,0.8771685761047463,0.0,0.017400212945079964
2030,P4,flat_transformer,source_only,dys,replace,0.05,0.6938181094266354,0.6938181094266354,0.9377952755905512,1.0,0.02465582132422122
2030,P4,flat_transformer,source_only,dys,replace,0.1,0.6570052791576428,0.6570052791576428,0.8771685761047463,0.0,0.017400212945079964
2030,P4,flat_transformer,source_only,emq,replace,0.05,0.6723287109735391,0.6723287109735391,0.9377952755905512,1.0,0.02465582132422122
2030,P4,flat_transformer,source_only,emq,replace,0.1,0.631291995044842,0.631291995044842,0.8771685761047463,0.0,0.017400212945079964
2030,P4,flat_transformer,source_only,hdy,replace,0.05,0.696485775362003,0.696485775362003,0.9377952755905512,1.0,0.02465582132422122
2030,P4,flat_transformer,source_only,hdy,replace,0.1,0.6553194432866206,0.6553194432866206,0.8771685761047463,0.0,0.017400212945079964
2030,P4,flat_transformer,source_only,kdey,replace,0.05,0.6711018757202752,0.6711018757202752,0.9377952755905512,1.0,0.02465582132422122
2030,P4,flat_transformer,source_only,kdey,replace,0.1,0.630075490774415,0.630075490774415,0.8771685761047463,0.0,0.017400212945079964
2030,P4,flat_transformer,source_only,median_sweep,replace,0.05,0.7447780253676677,0.7447780253676677,0.9377952755905512,1.0,0.02465582132422122
2030,P4,flat_transformer,source_only,median_sweep,replace,0.1,0.7055039127835682,0.7055039127835682,0.8771685761047463,0.0,0.017400212945079964
2030,P4,flat_transformer,source_only,pacc,replace,0.05,0.7075697669321059,0.7075697669321059,0.9377952755905512,1.0,0.02465582132422122
2030,P4,flat_transformer,source_only,pacc,replace,0.1,0.6681725533866562,0.6681725533866562,0.8771685761047463,0.0,0.017400212945079964
2030,P4,flat_transformer,source_only,pcc,replace,0.05,0.5970190323578718,0.5970190323578718,0.9377952755905512,1.0,0.02465582132422122
2030,P4,flat_transformer,source_only,pcc,replace,0.1,0.553072068451985,0.553072068451985,0.8771685761047463,0.0,0.017400212945079964
2030,P4,flat_transformer,target_real_anchor,acc,replace,0.05,0.038037319778188514,0.038037319778188514,0.97970378496983,0.16,0.00089789778636156
2030,P4,flat_transformer,target_real_anchor,acc,replace,0.1,0.014661053604436156,-0.01371935304990753,0.958097395243488,0.88,0.00053174367355024
2030,P4,flat_transformer,target_real_anchor,cc,replace,0.05,0.004909999999999968,-0.0015700000000000319,0.97970378496983,0.0,0.0
2030,P4,flat_transformer,target_real_anchor,cc,replace,0.1,0.052489999999999995,-0.052489999999999995,0.958097395243488,1.0,0.00053174367355024
2030,P4,flat_transformer,target_real_anchor,dys,replace,0.05,0.6938181094266354,0.6938181094266354,0.97970378496983,1.0,0.00436351706036738
2030,P4,flat_transformer,target_real_anchor,dys,replace,0.1,0.6570052791576428,0.6570052791576428,0.958097395243488,0.0,0.00206414351507954
2030,P4,flat_transformer,target_real_anchor,emq,replace,0.05,0.6723287109735391,0.6723287109735391,0.97970378496983,1.0,0.00436351706036738
2030,P4,flat_transformer,target_real_anchor,emq,replace,0.1,0.631291995044842,0.631291995044842,0.958097395243488,0.0,0.00206414351507954
2030,P4,flat_transformer,target_real_anchor,hdy,replace,0.05,0.696485775362003,0.696485775362003,0.97970378496983,1.0,0.00436351706036738
2030,P4,flat_transformer,target_real_anchor,hdy,replace,0.1,0.6553194432866206,0.6553194432866206,0.958097395243488,0.0,0.00206414351507954
2030,P4,flat_transformer,target_real_anchor,kdey,replace,0.05,0.6711018757202752,0.6711018757202752,0.97970378496983,1.0,0.00436351706036738
2030,P4,flat_transformer,target_real_anchor,kdey,replace,0.1,0.630075490774415,0.630075490774415,0.958097395243488,0.0,0.00206414351507954
2030,P4,flat_transformer,target_real_anchor,median_sweep,replace,0.05,0.7447780253676677,0.7447780253676677,0.97970378496983,1.0,0.00436351706036738
2030,P4,flat_transformer,target_real_anchor,median_sweep,replace,0.1,0.7055039127835682,0.7055039127835682,0.958097395243488,0.0,0.00206414351507954
2030,P4,flat_transformer,target_real_anchor,pacc,replace,0.05,0.7075697669321059,0.7075697669321059,0.97970378496983,1.0,0.00436351706036738
2030,P4,flat_transformer,target_real_anchor,pacc,replace,0.1,0.6681725533866562,0.6681725533866562,0.958097395243488,0.0,0.00206414351507954
2030,P4,flat_transformer,target_real_anchor,pcc,replace,0.05,0.5970190323578718,0.5970190323578718,0.97970378496983,1.0,0.00436351706036738
2030,P4,flat_transformer,target_real_anchor,pcc,replace,0.1,0.553072068451985,0.553072068451985,0.958097395243488,0.0,0.00206414351507954
