seed,protocol,detector,calibration_policy,quantifier,contamination_mode,prevalence_absolute_error,prevalence_error,decision_regret
2026,P1,c2st_lr,oracle_target,acc,append,0.03420370725340503,0.0017997763272566865,0.0007308084099849366
2026,P1,c2st_lr,oracle_target,acc,replace,0.042783445378151236,-0.0030152531781943884,0.0011093945309419075
2026,P1,c2st_lr,oracle_target,cc,append,0.20669368480045983,-0.18689869904547407,0.0003955642258999233
2026,P1,c2st_lr,oracle_target,cc,replace,0.2937428571428571,-0.27639142857142857,0.0008319057928135447
2026,P1,c2st_lr,oracle_target,dys,append,0.02748720308200055,0.004725417868338048,0.0007371785351812534
2026,P1,c2st_lr,oracle_target,dys,replace,0.03474318773635803,-0.0022111319387431204,0.0009735643540496428
2026,P1,c2st_lr,oracle_target,emq,append,0.021308332593897524,-8.560651514157619e-05,0.0006235250404764
2026,P1,c2st_lr,oracle_target,emq,replace,0.024563506153957766,-0.0029620900194893586,0.0010035709261934818
2026,P1,c2st_lr,oracle_target,hdy,append,0.022183736119431644,-0.0032634490747545726,0.0006323797013064533
2026,P1,c2st_lr,oracle_target,hdy,replace,0.02701398622580202,-0.007578690454518418,0.0010035709261934818
2026,P1,c2st_lr,oracle_target,kdey,append,0.022313439915359733,-0.009280611456983225,0.0006235250404764
2026,P1,c2st_lr,oracle_target,kdey,replace,0.026239353893719515,-0.011980938117266592,0.0010035709261934818
2026,P1,c2st_lr,oracle_target,median_sweep,append,0.024812621152057346,-0.00841185100979502,0.0006553756664579567
2026,P1,c2st_lr,oracle_target,median_sweep,replace,0.03267775465249706,-0.013817109252296367,0.00100325068529546
2026,P1,c2st_lr,oracle_target,pacc,append,0.02166713803183424,-0.004822179208071197,0.0006235250404764
2026,P1,c2st_lr,oracle_target,pacc,replace,0.0272038644239825,-0.008815247838802233,0.00100325068529546
2026,P1,c2st_lr,oracle_target,pcc,append,0.2702672609665153,0.19628167634844657,0.0009093587226721467
2026,P1,c2st_lr,oracle_target,pcc,replace,0.2947814942290137,0.10512455251221263,0.0013437147960181002
2026,P1,c2st_lr,source_only,acc,append,0.03420370725340503,0.0017997763272566865,0.0007308084099849366
2026,P1,c2st_lr,source_only,acc,replace,0.042783445378151236,-0.0030152531781943884,0.0011093945309419075
2026,P1,c2st_lr,source_only,cc,append,0.20669368480045983,-0.18689869904547407,0.0003955642258999233
2026,P1,c2st_lr,source_only,cc,replace,0.2937428571428571,-0.27639142857142857,0.0008319057928135447
2026,P1,c2st_lr,source_only,dys,append,0.02748720308200055,0.004725417868338048,0.0007371785351812534
2026,P1,c2st_lr,source_only,dys,replace,0.03474318773635803,-0.0022111319387431204,0.0009735643540496428
2026,P1,c2st_lr,source_only,emq,append,0.021308332593897524,-8.560651514157619e-05,0.0006235250404764
2026,P1,c2st_lr,source_only,emq,replace,0.024563506153957766,-0.0029620900194893586,0.0010035709261934818
2026,P1,c2st_lr,source_only,hdy,append,0.022183736119431644,-0.0032634490747545726,0.0006323797013064533
2026,P1,c2st_lr,source_only,hdy,replace,0.02701398622580202,-0.007578690454518418,0.0010035709261934818
2026,P1,c2st_lr,source_only,kdey,append,0.022313439915359733,-0.009280611456983225,0.0006235250404764
2026,P1,c2st_lr,source_only,kdey,replace,0.026239353893719515,-0.011980938117266592,0.0010035709261934818
2026,P1,c2st_lr,source_only,median_sweep,append,0.024812621152057346,-0.00841185100979502,0.0006553756664579567
2026,P1,c2st_lr,source_only,median_sweep,replace,0.03267775465249706,-0.013817109252296367,0.00100325068529546
2026,P1,c2st_lr,source_only,pacc,append,0.02166713803183424,-0.004822179208071197,0.0006235250404764
2026,P1,c2st_lr,source_only,pacc,replace,0.0272038644239825,-0.008815247838802233,0.00100325068529546
2026,P1,c2st_lr,source_only,pcc,append,0.2702672609665153,0.19628167634844657,0.0009093587226721467
2026,P1,c2st_lr,source_only,pcc,replace,0.2947814942290137,0.10512455251221263,0.0013437147960181002
2026,P1,c2st_lr,target_real_anchor,acc,append,0.031285409609730364,0.0017118669758831428,0.0007925855478858333
2026,P1,c2st_lr,target_real_anchor,acc,replace,0.04055836625119842,-0.003423117929050862,0.0013175831387402398
2026,P1,c2st_lr,target_real_anchor,cc,append,0.1970024153105512,-0.1686373472510387,0.0005696685274530697
2026,P1,c2st_lr,target_real_anchor,cc,replace,0.28128142857142857,-0.25639,0.0010963607263927819
2026,P1,c2st_lr,target_real_anchor,dys,append,0.02748720308200055,0.004725417868338048,0.0008361863461503233
2026,P1,c2st_lr,target_real_anchor,dys,replace,0.03474318773635803,-0.0022111319387431204,0.0011563898827253254
2026,P1,c2st_lr,target_real_anchor,emq,append,0.021308332593897524,-8.560651514157619e-05,0.00071700335860644
2026,P1,c2st_lr,target_real_anchor,emq,replace,0.024563506153957766,-0.0029620900194893586,0.0011780061433412246
2026,P1,c2st_lr,target_real_anchor,hdy,append,0.022183736119431644,-0.0032634490747545726,0.0007017412111419667
2026,P1,c2st_lr,target_real_anchor,hdy,replace,0.02701398622580202,-0.007578690454518418,0.0011780061433412246
2026,P1,c2st_lr,target_real_anchor,kdey,append,0.022313439915359733,-0.009280611456983225,0.00071700335860644
2026,P1,c2st_lr,target_real_anchor,kdey,replace,0.026239353893719515,-0.011980938117266592,0.0011780061433412246
2026,P1,c2st_lr,target_real_anchor,median_sweep,append,0.024812621152057346,-0.00841185100979502,0.00076060415687093
2026,P1,c2st_lr,target_real_anchor,median_sweep,replace,0.03267775465249706,-0.013817109252296367,0.0011818490341173704
2026,P1,c2st_lr,target_real_anchor,pacc,append,0.02166713803183424,-0.004822179208071197,0.00071700335860644
2026,P1,c2st_lr,target_real_anchor,pacc,replace,0.0272038644239825,-0.008815247838802233,0.0011818490341173704
2026,P1,c2st_lr,target_real_anchor,pcc,append,0.2702672609665153,0.19628167634844657,0.0010967636961894667
2026,P1,c2st_lr,target_real_anchor,pcc,replace,0.2947814942290137,0.10512455251221263,0.0015170451820677112
2026,P1,c2st_xgb,oracle_target,acc,append,0.0058568783316240635,-0.0017775549819884836,0.0008110981404651433
2026,P1,c2st_xgb,oracle_target,acc,replace,0.007533444084602726,-0.002469700931590055,0.007389718842101732
2026,P1,c2st_xgb,oracle_target,cc,append,0.055973449249971476,-0.020488646899065748,0.0010430753096375433
2026,P1,c2st_xgb,oracle_target,cc,replace,0.07687428571428569,-0.04624,0.007303205763503483
2026,P1,c2st_xgb,oracle_target,dys,append,0.005819741341042435,0.0026271787299646434,0.0010430753096375433
2026,P1,c2st_xgb,oracle_target,dys,replace,0.007063969701408563,0.001744965163379886,0.007338304165925722
2026,P1,c2st_xgb,oracle_target,emq,append,0.004876338714664862,0.0003626236942723378,0.0009996799992826198
2026,P1,c2st_xgb,oracle_target,emq,replace,0.005561526357564303,0.00028221480528674417,0.007365300473628232
2026,P1,c2st_xgb,oracle_target,hdy,append,0.00498506540941689,0.0024661867091288975,0.0009996799992826198
2026,P1,c2st_xgb,oracle_target,hdy,replace,0.006008342402342013,0.0019065534535753804,0.007338304165925722
2026,P1,c2st_xgb,oracle_target,kdey,append,0.005030273257453225,0.0021615035302942056,0.0010430753096375433
2026,P1,c2st_xgb,oracle_target,kdey,replace,0.006620213778259382,0.001029277880427102,0.007303205763503483
2026,P1,c2st_xgb,oracle_target,median_sweep,append,0.0065066416031139785,0.0038052794294325273,0.0010430753096375433
2026,P1,c2st_xgb,oracle_target,median_sweep,replace,0.0075415004871584885,0.00257072902788999,0.007330202071205992
2026,P1,c2st_xgb,oracle_target,pacc,append,0.0073719729614431925,0.00517300413595882,0.0010430753096375433
2026,P1,c2st_xgb,oracle_target,pacc,replace,0.008356241709703718,0.003830400336658037,0.007303205763503483
2026,P1,c2st_xgb,oracle_target,pcc,append,0.11286227881838774,0.08337174721162084,0.0010903001673978766
2026,P1,c2st_xgb,oracle_target,pcc,replace,0.12263009727778153,0.04610782752534304,0.00757565070748814
2026,P1,c2st_xgb,source_only,acc,append,0.0058568783316240635,-0.0017775549819884836,0.0008110981404651433
2026,P1,c2st_xgb,source_only,acc,replace,0.007533444084602726,-0.002469700931590055,0.007389718842101732
2026,P1,c2st_xgb,source_only,cc,append,0.055973449249971476,-0.020488646899065748,0.0010430753096375433
2026,P1,c2st_xgb,source_only,cc,replace,0.07687428571428569,-0.04624,0.007303205763503483
2026,P1,c2st_xgb,source_only,dys,append,0.005819741341042435,0.0026271787299646434,0.0010430753096375433
2026,P1,c2st_xgb,source_only,dys,replace,0.007063969701408563,0.001744965163379886,0.007338304165925722
2026,P1,c2st_xgb,source_only,emq,append,0.004876338714664862,0.0003626236942723378,0.0009996799992826198
2026,P1,c2st_xgb,source_only,emq,replace,0.005561526357564303,0.00028221480528674417,0.007365300473628232
2026,P1,c2st_xgb,source_only,hdy,append,0.00498506540941689,0.0024661867091288975,0.0009996799992826198
2026,P1,c2st_xgb,source_only,hdy,replace,0.006008342402342013,0.0019065534535753804,0.007338304165925722
2026,P1,c2st_xgb,source_only,kdey,append,0.005030273257453225,0.0021615035302942056,0.0010430753096375433
2026,P1,c2st_xgb,source_only,kdey,replace,0.006620213778259382,0.001029277880427102,0.007303205763503483
2026,P1,c2st_xgb,source_only,median_sweep,append,0.0065066416031139785,0.0038052794294325273,0.0010430753096375433
2026,P1,c2st_xgb,source_only,median_sweep,replace,0.0075415004871584885,0.00257072902788999,0.007330202071205992
2026,P1,c2st_xgb,source_only,pacc,append,0.0073719729614431925,0.00517300413595882,0.0010430753096375433
2026,P1,c2st_xgb,source_only,pacc,replace,0.008356241709703718,0.003830400336658037,0.007303205763503483
2026,P1,c2st_xgb,source_only,pcc,append,0.11286227881838774,0.08337174721162084,0.0010903001673978766
2026,P1,c2st_xgb,source_only,pcc,replace,0.12263009727778153,0.04610782752534304,0.00757565070748814
2026,P1,c2st_xgb,target_real_anchor,acc,append,0.006624495570071049,0.0010569531710278477,0.0011113159763299733
2026,P1,c2st_xgb,target_real_anchor,acc,replace,0.008416987698412655,-0.00012793849206349598,0.008969050878833052
2026,P1,c2st_xgb,target_real_anchor,cc,append,0.05815989128226825,0.0008706577238786922,0.0012784150082390834
2026,P1,c2st_xgb,target_real_anchor,cc,replace,0.07565999999999996,-0.024782857142857138,0.009189040363723174
2026,P1,c2st_xgb,target_real_anchor,dys,append,0.005819741341042435,0.0026271787299646434,0.0011709635122590734
2026,P1,c2st_xgb,target_real_anchor,dys,replace,0.007063969701408563,0.001744965163379886,0.008984150237174372
2026,P1,c2st_xgb,target_real_anchor,emq,append,0.004876338714664862,0.0003626236942723378,0.0011255506842466634
2026,P1,c2st_xgb,target_real_anchor,emq,replace,0.005561526357564303,0.00028221480528674417,0.00900001817367092
2026,P1,c2st_xgb,target_real_anchor,hdy,append,0.00498506540941689,0.0024661867091288975,0.0011255506842466634
2026,P1,c2st_xgb,target_real_anchor,hdy,replace,0.006008342402342013,0.0019065534535753804,0.008984150237174372
2026,P1,c2st_xgb,target_real_anchor,kdey,append,0.005030273257453225,0.0021615035302942056,0.0011709635122590734
2026,P1,c2st_xgb,target_real_anchor,kdey,replace,0.006620213778259382,0.001029277880427102,0.008953182942336503
2026,P1,c2st_xgb,target_real_anchor,median_sweep,append,0.0065066416031139785,0.0038052794294325273,0.0011709635122590734
2026,P1,c2st_xgb,target_real_anchor,median_sweep,replace,0.0075415004871584885,0.00257072902788999,0.008969050878833052
2026,P1,c2st_xgb,target_real_anchor,pacc,append,0.0073719729614431925,0.00517300413595882,0.0011709635122590734
2026,P1,c2st_xgb,target_real_anchor,pacc,replace,0.008356241709703718,0.003830400336658037,0.008953182942336503
2026,P1,c2st_xgb,target_real_anchor,pcc,append,0.11286227881838774,0.08337174721162084,0.0013705296338784034
2026,P1,c2st_xgb,target_real_anchor,pcc,replace,0.12263009727778153,0.04610782752534304,0.009297970305182332
2026,P1,char3gram,oracle_target,acc,append,0.014746274673338581,0.013236942870204237,0.00108960898079298
2026,P1,char3gram,oracle_target,acc,replace,0.013733976596782042,0.011156084836665062,0.00413069127120182
2026,P1,char3gram,oracle_target,cc,append,0.08478310579799785,-0.047740114382047144,0.00108960898079298
2026,P1,char3gram,oracle_target,cc,replace,0.11854571428571424,-0.08659714285714284,0.004109058998541038
2026,P1,char3gram,oracle_target,dys,append,0.010140486308891472,0.006619393915016963,0.00104180502074207
2026,P1,char3gram,oracle_target,dys,replace,0.010516179204772587,0.005244486984507052,0.004181609573985903
2026,P1,char3gram,oracle_target,emq,append,0.007769878029066052,-0.0001714932013807372,0.0010606165048261966
2026,P1,char3gram,oracle_target,emq,replace,0.00875438862682728,-0.0007811193211145957,0.004181609573985903
2026,P1,char3gram,oracle_target,hdy,append,0.008840342835861686,0.006732960436060454,0.00108960898079298
2026,P1,char3gram,oracle_target,hdy,replace,0.008831224036680463,0.005537995505104736,0.00413069127120182
2026,P1,char3gram,oracle_target,kdey,append,0.008129612323619273,0.005443924684442996,0.00108960898079298
2026,P1,char3gram,oracle_target,kdey,replace,0.008306320838712173,0.004427686325804394,0.004181609573985903
2026,P1,char3gram,oracle_target,median_sweep,append,0.009916028507090517,0.0069672682093294925,0.00108960898079298
2026,P1,char3gram,oracle_target,median_sweep,replace,0.010202013641694867,0.005571653294039653,0.00413069127120182
2026,P1,char3gram,oracle_target,pacc,append,0.010069006124988024,0.006979653330622237,0.00108960898079298
2026,P1,char3gram,oracle_target,pacc,replace,0.01019825766888415,0.005365388261906117,0.00413069127120182
2026,P1,char3gram,oracle_target,pcc,append,0.15453394906848406,0.11450364515287496,0.0013499434814844393
2026,P1,char3gram,oracle_target,pcc,replace,0.16747660878492865,0.06338002928588439,0.004556835834187878
2026,P1,char3gram,source_only,acc,append,0.014746274673338581,0.013236942870204237,0.00108960898079298
2026,P1,char3gram,source_only,acc,replace,0.013733976596782042,0.011156084836665062,0.00413069127120182
2026,P1,char3gram,source_only,cc,append,0.08478310579799785,-0.047740114382047144,0.00108960898079298
2026,P1,char3gram,source_only,cc,replace,0.11854571428571424,-0.08659714285714284,0.004109058998541038
2026,P1,char3gram,source_only,dys,append,0.010140486308891472,0.006619393915016963,0.00104180502074207
2026,P1,char3gram,source_only,dys,replace,0.010516179204772587,0.005244486984507052,0.004181609573985903
2026,P1,char3gram,source_only,emq,append,0.007769878029066052,-0.0001714932013807372,0.0010606165048261966
2026,P1,char3gram,source_only,emq,replace,0.00875438862682728,-0.0007811193211145957,0.004181609573985903
2026,P1,char3gram,source_only,hdy,append,0.008840342835861686,0.006732960436060454,0.00108960898079298
2026,P1,char3gram,source_only,hdy,replace,0.008831224036680463,0.005537995505104736,0.00413069127120182
2026,P1,char3gram,source_only,kdey,append,0.008129612323619273,0.005443924684442996,0.00108960898079298
2026,P1,char3gram,source_only,kdey,replace,0.008306320838712173,0.004427686325804394,0.004181609573985903
2026,P1,char3gram,source_only,median_sweep,append,0.009916028507090517,0.0069672682093294925,0.00108960898079298
2026,P1,char3gram,source_only,median_sweep,replace,0.010202013641694867,0.005571653294039653,0.00413069127120182
2026,P1,char3gram,source_only,pacc,append,0.010069006124988024,0.006979653330622237,0.00108960898079298
2026,P1,char3gram,source_only,pacc,replace,0.01019825766888415,0.005365388261906117,0.00413069127120182
2026,P1,char3gram,source_only,pcc,append,0.15453394906848406,0.11450364515287496,0.0013499434814844393
2026,P1,char3gram,source_only,pcc,replace,0.16747660878492865,0.06338002928588439,0.004556835834187878
2026,P1,char3gram,target_real_anchor,acc,append,0.015008549427947158,0.013586929648958785,0.0010744028754856943
2026,P1,char3gram,target_real_anchor,acc,replace,0.01390192723744843,0.011321933058452579,0.00400363569491508
2026,P1,char3gram,target_real_anchor,cc,append,0.08422632594079611,-0.045126672308766255,0.0010744028754856943
2026,P1,char3gram,target_real_anchor,cc,replace,0.11744571428571425,-0.08379142857142856,0.003988184071585949
2026,P1,char3gram,target_real_anchor,dys,append,0.010140486308891472,0.006619393915016963,0.0010265989154347843
2026,P1,char3gram,target_real_anchor,dys,replace,0.010516179204772587,0.005244486984507052,0.0040557869251565196
2026,P1,char3gram,target_real_anchor,emq,append,0.007769878029066052,-0.0001714932013807372,0.0010423467615945843
2026,P1,char3gram,target_real_anchor,emq,replace,0.00875438862682728,-0.0007811193211145957,0.0040557869251565196
2026,P1,char3gram,target_real_anchor,hdy,append,0.008840342835861686,0.006732960436060454,0.0010744028754856943
2026,P1,char3gram,target_real_anchor,hdy,replace,0.008831224036680463,0.005537995505104736,0.00400363569491508
2026,P1,char3gram,target_real_anchor,kdey,append,0.008129612323619273,0.005443924684442996,0.0010744028754856943
2026,P1,char3gram,target_real_anchor,kdey,replace,0.008306320838712173,0.004427686325804394,0.0040557869251565196
2026,P1,char3gram,target_real_anchor,median_sweep,append,0.009916028507090517,0.0069672682093294925,0.0010744028754856943
2026,P1,char3gram,target_real_anchor,median_sweep,replace,0.010202013641694867,0.005571653294039653,0.00400363569491508
2026,P1,char3gram,target_real_anchor,pacc,append,0.010069006124988024,0.006979653330622237,0.0010744028754856943
2026,P1,char3gram,target_real_anchor,pacc,replace,0.01019825766888415,0.005365388261906117,0.00400363569491508
2026,P1,char3gram,target_real_anchor,pcc,append,0.15453394906848406,0.11450364515287496,0.0013343824425152034
2026,P1,char3gram,target_real_anchor,pcc,replace,0.16747660878492865,0.06338002928588439,0.004421005657295574
2026,P1,column_positional_ablation,oracle_target,acc,append,0.007413101600174411,0.003587156590872263,0.001037676581831876
2026,P1,column_positional_ablation,oracle_target,acc,replace,0.00859067798731638,0.002712917640186859,0.0036879902537884676
2026,P1,column_positional_ablation,oracle_target,cc,append,0.06301389625149738,-0.024855939332398564,0.001037676581831876
2026,P1,column_positional_ablation,oracle_target,cc,replace,0.0866428571428571,-0.05359428571428571,0.003794454340332914
2026,P1,column_positional_ablation,oracle_target,dys,append,0.005782427446177635,0.00104803267099616,0.001074197387576116
2026,P1,column_positional_ablation,oracle_target,dys,replace,0.00744813367084894,0.0002605170337921818,0.0036879902537884676
2026,P1,column_positional_ablation,oracle_target,emq,append,0.006399313953601875,0.0005275159381350546,0.0010567495959827062
2026,P1,column_positional_ablation,oracle_target,emq,replace,0.007051557528479532,0.0002117665845527081,0.00371854123545892
2026,P1,column_positional_ablation,oracle_target,hdy,append,0.006140938729384024,0.0033417573397917983,0.001074197387576116
2026,P1,column_positional_ablation,oracle_target,hdy,replace,0.006801907240196633,0.0026782390476539535,0.0036879902537884676
2026,P1,column_positional_ablation,oracle_target,kdey,append,0.007100522821675386,-0.005230433208394951,0.0010147927009946961
2026,P1,column_positional_ablation,oracle_target,kdey,replace,0.008654629484767983,-0.006183866431802633,0.00371854123545892
2026,P1,column_positional_ablation,oracle_target,median_sweep,append,0.007187728642133989,0.004339538649877669,0.001037676581831876
2026,P1,column_positional_ablation,oracle_target,median_sweep,replace,0.008210669695491318,0.003339328175934017,0.0036879902537884676
2026,P1,column_positional_ablation,oracle_target,pacc,append,0.00811641472443979,0.006005199584647745,0.001037676581831876
2026,P1,column_positional_ablation,oracle_target,pacc,replace,0.008850236454797737,0.004649916797196649,0.0036879902537884676
2026,P1,column_positional_ablation,oracle_target,pcc,append,0.13157533954095119,0.09762102123108125,0.001145539053631
2026,P1,column_positional_ablation,oracle_target,pcc,replace,0.14282478494512374,0.054233357227378994,0.004078315872331746
2026,P1,column_positional_ablation,source_only,acc,append,0.007413101600174411,0.003587156590872263,0.001037676581831876
2026,P1,column_positional_ablation,source_only,acc,replace,0.00859067798731638,0.002712917640186859,0.0036879902537884676
2026,P1,column_positional_ablation,source_only,cc,append,0.06301389625149738,-0.024855939332398564,0.001037676581831876
2026,P1,column_positional_ablation,source_only,cc,replace,0.0866428571428571,-0.05359428571428571,0.003794454340332914
2026,P1,column_positional_ablation,source_only,dys,append,0.005782427446177635,0.00104803267099616,0.001074197387576116
2026,P1,column_positional_ablation,source_only,dys,replace,0.00744813367084894,0.0002605170337921818,0.0036879902537884676
2026,P1,column_positional_ablation,source_only,emq,append,0.006399313953601875,0.0005275159381350546,0.0010567495959827062
2026,P1,column_positional_ablation,source_only,emq,replace,0.007051557528479532,0.0002117665845527081,0.00371854123545892
2026,P1,column_positional_ablation,source_only,hdy,append,0.006140938729384024,0.0033417573397917983,0.001074197387576116
2026,P1,column_positional_ablation,source_only,hdy,replace,0.006801907240196633,0.0026782390476539535,0.0036879902537884676
2026,P1,column_positional_ablation,source_only,kdey,append,0.007100522821675386,-0.005230433208394951,0.0010147927009946961
2026,P1,column_positional_ablation,source_only,kdey,replace,0.008654629484767983,-0.006183866431802633,0.00371854123545892
2026,P1,column_positional_ablation,source_only,median_sweep,append,0.007187728642133989,0.004339538649877669,0.001037676581831876
2026,P1,column_positional_ablation,source_only,median_sweep,replace,0.008210669695491318,0.003339328175934017,0.0036879902537884676
2026,P1,column_positional_ablation,source_only,pacc,append,0.00811641472443979,0.006005199584647745,0.001037676581831876
2026,P1,column_positional_ablation,source_only,pacc,replace,0.008850236454797737,0.004649916797196649,0.0036879902537884676
2026,P1,column_positional_ablation,source_only,pcc,append,0.13157533954095119,0.09762102123108125,0.001145539053631
2026,P1,column_positional_ablation,source_only,pcc,replace,0.14282478494512374,0.054233357227378994,0.004078315872331746
2026,P1,column_positional_ablation,target_real_anchor,acc,append,0.00751815934678264,0.0037593663534078886,0.001070087629384935
2026,P1,column_positional_ablation,target_real_anchor,acc,replace,0.008666649153531769,0.0030092711200066383,0.0036856044590982875
2026,P1,column_positional_ablation,target_real_anchor,cc,append,0.06293404663563448,-0.02565335333935924,0.001070087629384935
2026,P1,column_positional_ablation,target_real_anchor,cc,replace,0.08665142857142853,-0.054259999999999996,0.003788770064393202
2026,P1,column_positional_ablation,target_real_anchor,dys,append,0.005782427446177635,0.00104803267099616,0.001103283267138145
2026,P1,column_positional_ablation,target_real_anchor,dys,replace,0.00744813367084894,0.0002605170337921818,0.0036856044590982875
2026,P1,column_positional_ablation,target_real_anchor,emq,append,0.006399313953601875,0.0005275159381350546,0.0010847146324016884
2026,P1,column_positional_ablation,target_real_anchor,emq,replace,0.007051557528479532,0.0002117665845527081,0.003716171452813636
2026,P1,column_positional_ablation,target_real_anchor,hdy,append,0.006140938729384024,0.0033417573397917983,0.001103283267138145
2026,P1,column_positional_ablation,target_real_anchor,hdy,replace,0.006801907240196633,0.0026782390476539535,0.0036856044590982875
2026,P1,column_positional_ablation,target_real_anchor,kdey,append,0.007100522821675386,-0.005230433208394951,0.0010421786351230984
2026,P1,column_positional_ablation,target_real_anchor,kdey,replace,0.008654629484767983,-0.006183866431802633,0.003716171452813636
2026,P1,column_positional_ablation,target_real_anchor,median_sweep,append,0.007187728642133989,0.004339538649877669,0.001070087629384935
2026,P1,column_positional_ablation,target_real_anchor,median_sweep,replace,0.008210669695491318,0.003339328175934017,0.0036856044590982875
2026,P1,column_positional_ablation,target_real_anchor,pacc,append,0.00811641472443979,0.006005199584647745,0.001070087629384935
2026,P1,column_positional_ablation,target_real_anchor,pacc,replace,0.008850236454797737,0.004649916797196649,0.0036856044590982875
2026,P1,column_positional_ablation,target_real_anchor,pcc,append,0.13157533954095119,0.09762102123108125,0.0011739524273071899
2026,P1,column_positional_ablation,target_real_anchor,pcc,replace,0.14282478494512374,0.054233357227378994,0.004069669368085398
2026,P1,datum_transformer,oracle_target,acc,append,0.012919962284418654,0.009916826372106158,0.0012280704703972899
2026,P1,datum_transformer,oracle_target,acc,replace,0.014944288615920254,0.007689774639713664,0.004375131148655232
2026,P1,datum_transformer,oracle_target,cc,append,0.08824769115466696,-0.04827311904788365,0.0013803370113800665
2026,P1,datum_transformer,oracle_target,cc,replace,0.12271857142857137,-0.08823857142857142,0.004375131148655232
2026,P1,datum_transformer,oracle_target,dys,append,0.008390843373569094,0.004906636739099943,0.0012280704703972899
2026,P1,datum_transformer,oracle_target,dys,replace,0.010031456012689694,0.004008154828232448,0.004301587826426527
2026,P1,datum_transformer,oracle_target,emq,append,0.0078652712355597,0.0037026454270045303,0.0012280704703972899
2026,P1,datum_transformer,oracle_target,emq,replace,0.009268202115567946,0.0030741743451481542,0.004301587826426527
2026,P1,datum_transformer,oracle_target,hdy,append,0.007966679190821226,0.004017541332357655,0.0012280704703972899
2026,P1,datum_transformer,oracle_target,hdy,replace,0.009578311047622457,0.002631384326372135,0.004301587826426527
2026,P1,datum_transformer,oracle_target,kdey,append,0.12423312317757902,-0.12409043277547066,0.00067343992178007
2026,P1,datum_transformer,oracle_target,kdey,replace,0.1528785472676947,-0.15275624120874468,0.004162090891252018
2026,P1,datum_transformer,oracle_target,median_sweep,append,0.008256643839859438,0.004653848263022696,0.0012280704703972899
2026,P1,datum_transformer,oracle_target,median_sweep,replace,0.009911381839651833,0.00379710995166713,0.004301587826426527
2026,P1,datum_transformer,oracle_target,pacc,append,0.008303636926529072,0.00479167913941705,0.0012280704703972899
2026,P1,datum_transformer,oracle_target,pacc,replace,0.009921685956402502,0.00389771074688522,0.004301587826426527
2026,P1,datum_transformer,oracle_target,pcc,append,0.17926964892523212,0.13202335054095513,0.0022075566123860566
2026,P1,datum_transformer,oracle_target,pcc,replace,0.1948518884821356,0.0727310771949781,0.005070838487543827
2026,P1,datum_transformer,source_only,acc,append,0.012919962284418654,0.009916826372106158,0.0012280704703972899
2026,P1,datum_transformer,source_only,acc,replace,0.014944288615920254,0.007689774639713664,0.004375131148655232
2026,P1,datum_transformer,source_only,cc,append,0.08824769115466696,-0.04827311904788365,0.0013803370113800665
2026,P1,datum_transformer,source_only,cc,replace,0.12271857142857137,-0.08823857142857142,0.004375131148655232
2026,P1,datum_transformer,source_only,dys,append,0.008390843373569094,0.004906636739099943,0.0012280704703972899
2026,P1,datum_transformer,source_only,dys,replace,0.010031456012689694,0.004008154828232448,0.004301587826426527
2026,P1,datum_transformer,source_only,emq,append,0.0078652712355597,0.0037026454270045303,0.0012280704703972899
2026,P1,datum_transformer,source_only,emq,replace,0.009268202115567946,0.0030741743451481542,0.004301587826426527
2026,P1,datum_transformer,source_only,hdy,append,0.007966679190821226,0.004017541332357655,0.0012280704703972899
2026,P1,datum_transformer,source_only,hdy,replace,0.009578311047622457,0.002631384326372135,0.004301587826426527
2026,P1,datum_transformer,source_only,kdey,append,0.12423312317757902,-0.12409043277547066,0.00067343992178007
2026,P1,datum_transformer,source_only,kdey,replace,0.1528785472676947,-0.15275624120874468,0.004162090891252018
2026,P1,datum_transformer,source_only,median_sweep,append,0.008256643839859438,0.004653848263022696,0.0012280704703972899
2026,P1,datum_transformer,source_only,median_sweep,replace,0.009911381839651833,0.00379710995166713,0.004301587826426527
2026,P1,datum_transformer,source_only,pacc,append,0.008303636926529072,0.00479167913941705,0.0012280704703972899
2026,P1,datum_transformer,source_only,pacc,replace,0.009921685956402502,0.00389771074688522,0.004301587826426527
2026,P1,datum_transformer,source_only,pcc,append,0.17926964892523212,0.13202335054095513,0.0022075566123860566
2026,P1,datum_transformer,source_only,pcc,replace,0.1948518884821356,0.0727310771949781,0.005070838487543827
2026,P1,datum_transformer,target_real_anchor,acc,append,0.012828292345988214,0.00983678121534634,0.0012133127023471865
2026,P1,datum_transformer,target_real_anchor,acc,replace,0.014840353635527985,0.007651407769338627,0.004374346558455099
2026,P1,datum_transformer,target_real_anchor,cc,append,0.08822145063709722,-0.04838270477675622,0.0013655792433299632
2026,P1,datum_transformer,target_real_anchor,cc,replace,0.12269142857142853,-0.08832857142857141,0.004374346558455099
2026,P1,datum_transformer,target_real_anchor,dys,append,0.008390843373569094,0.004906636739099943,0.0012133127023471865
2026,P1,datum_transformer,target_real_anchor,dys,replace,0.010031456012689694,0.004008154828232448,0.004300803236226394
2026,P1,datum_transformer,target_real_anchor,emq,append,0.0078652712355597,0.0037026454270045303,0.0012133127023471865
2026,P1,datum_transformer,target_real_anchor,emq,replace,0.009268202115567946,0.0030741743451481542,0.004300803236226394
2026,P1,datum_transformer,target_real_anchor,hdy,append,0.007966679190821226,0.004017541332357655,0.0012133127023471865
2026,P1,datum_transformer,target_real_anchor,hdy,replace,0.009578311047622457,0.002631384326372135,0.004300803236226394
2026,P1,datum_transformer,target_real_anchor,kdey,append,0.12423312317757902,-0.12409043277547066,0.0006586821537299666
2026,P1,datum_transformer,target_real_anchor,kdey,replace,0.1528785472676947,-0.15275624120874468,0.004162475180329631
2026,P1,datum_transformer,target_real_anchor,median_sweep,append,0.008256643839859438,0.004653848263022696,0.0012133127023471865
2026,P1,datum_transformer,target_real_anchor,median_sweep,replace,0.009911381839651833,0.00379710995166713,0.004300803236226394
2026,P1,datum_transformer,target_real_anchor,pacc,append,0.008303636926529072,0.00479167913941705,0.0012133127023471865
2026,P1,datum_transformer,target_real_anchor,pacc,replace,0.009921685956402502,0.00389771074688522,0.004300803236226394
2026,P1,datum_transformer,target_real_anchor,pcc,append,0.17926964892523212,0.13202335054095513,0.0021927988443359533
2026,P1,datum_transformer,target_real_anchor,pcc,replace,0.1948518884821356,0.0727310771949781,0.005070053897343694
2026,P1,flat_transformer,oracle_target,acc,append,0.008964269307937,0.005080749496775932,0.0013663825142491417
2026,P1,flat_transformer,oracle_target,acc,replace,0.009588172894236809,0.00500825793902103,0.00386240945889132
2026,P1,flat_transformer,oracle_target,cc,append,0.0739484699055527,-0.039542534095447494,0.0014165962870576019
2026,P1,flat_transformer,oracle_target,cc,replace,0.10242999999999995,-0.07275571428571428,0.0038842498881358095
2026,P1,flat_transformer,oracle_target,dys,append,0.01094061461474688,0.009605503805154176,0.0014165962870576019
2026,P1,flat_transformer,oracle_target,dys,replace,0.011882437603300747,0.008624396465515773,0.0038842498881358095
2026,P1,flat_transformer,oracle_target,emq,append,0.008859256750338633,0.006523699087592824,0.0014165962870576019
2026,P1,flat_transformer,oracle_target,emq,replace,0.009003005483154034,0.006684322572985539,0.00386240945889132
2026,P1,flat_transformer,oracle_target,hdy,append,0.00936945197237031,0.008284414343891173,0.0014165962870576019
2026,P1,flat_transformer,oracle_target,hdy,replace,0.010769527973368451,0.007622411524400766,0.0038842498881358095
2026,P1,flat_transformer,oracle_target,kdey,append,0.010968353537475677,-0.009971281799370424,0.0012084743961130284
2026,P1,flat_transformer,oracle_target,kdey,replace,0.010975362973594287,-0.008726868445937539,0.003938466672169437
2026,P1,flat_transformer,oracle_target,median_sweep,append,0.010161344560628434,0.00751386771694522,0.0013906487682960916
2026,P1,flat_transformer,oracle_target,median_sweep,replace,0.010230516663809216,0.0072762132737794645,0.00386240945889132
2026,P1,flat_transformer,oracle_target,pacc,append,0.010382422728426193,0.008051724334359845,0.0013906487682960916
2026,P1,flat_transformer,oracle_target,pacc,replace,0.010576761193907911,0.007691118693908133,0.003938338575810232
2026,P1,flat_transformer,oracle_target,pcc,append,0.14857122737275363,0.11076222093170482,0.0013479820059841446
2026,P1,flat_transformer,oracle_target,pcc,replace,0.16110813620821743,0.06250326388600462,0.004009512115393652
2026,P1,flat_transformer,source_only,acc,append,0.008964269307937,0.005080749496775932,0.0013663825142491417
2026,P1,flat_transformer,source_only,acc,replace,0.009588172894236809,0.00500825793902103,0.00386240945889132
2026,P1,flat_transformer,source_only,cc,append,0.0739484699055527,-0.039542534095447494,0.0014165962870576019
2026,P1,flat_transformer,source_only,cc,replace,0.10242999999999995,-0.07275571428571428,0.0038842498881358095
2026,P1,flat_transformer,source_only,dys,append,0.01094061461474688,0.009605503805154176,0.0014165962870576019
2026,P1,flat_transformer,source_only,dys,replace,0.011882437603300747,0.008624396465515773,0.0038842498881358095
2026,P1,flat_transformer,source_only,emq,append,0.008859256750338633,0.006523699087592824,0.0014165962870576019
2026,P1,flat_transformer,source_only,emq,replace,0.009003005483154034,0.006684322572985539,0.00386240945889132
2026,P1,flat_transformer,source_only,hdy,append,0.00936945197237031,0.008284414343891173,0.0014165962870576019
2026,P1,flat_transformer,source_only,hdy,replace,0.010769527973368451,0.007622411524400766,0.0038842498881358095
2026,P1,flat_transformer,source_only,kdey,append,0.010968353537475677,-0.009971281799370424,0.0012084743961130284
2026,P1,flat_transformer,source_only,kdey,replace,0.010975362973594287,-0.008726868445937539,0.003938466672169437
2026,P1,flat_transformer,source_only,median_sweep,append,0.010161344560628434,0.00751386771694522,0.0013906487682960916
2026,P1,flat_transformer,source_only,median_sweep,replace,0.010230516663809216,0.0072762132737794645,0.00386240945889132
2026,P1,flat_transformer,source_only,pacc,append,0.010382422728426193,0.008051724334359845,0.0013906487682960916
2026,P1,flat_transformer,source_only,pacc,replace,0.010576761193907911,0.007691118693908133,0.003938338575810232
2026,P1,flat_transformer,source_only,pcc,append,0.14857122737275363,0.11076222093170482,0.0013479820059841446
2026,P1,flat_transformer,source_only,pcc,replace,0.16110813620821743,0.06250326388600462,0.004009512115393652
2026,P1,flat_transformer,target_real_anchor,acc,append,0.01028679115724902,0.007750288656855629,0.0014756647206960983
2026,P1,flat_transformer,target_real_anchor,acc,replace,0.010646906350719462,0.007192141268328065,0.0038346605850784732
2026,P1,flat_transformer,target_real_anchor,cc,append,0.07466953933394531,-0.04482537812010314,0.0014756647206960983
2026,P1,flat_transformer,target_real_anchor,cc,replace,0.10436999999999995,-0.07851571428571427,0.003874370456432093
2026,P1,flat_transformer,target_real_anchor,dys,append,0.01094061461474688,0.009605503805154176,0.0014756647206960983
2026,P1,flat_transformer,target_real_anchor,dys,replace,0.011882437603300747,0.008624396465515773,0.003874370456432093
2026,P1,flat_transformer,target_real_anchor,emq,append,0.008859256750338633,0.006523699087592824,0.0014756647206960983
2026,P1,flat_transformer,target_real_anchor,emq,replace,0.009003005483154034,0.006684322572985539,0.0038346605850784732
2026,P1,flat_transformer,target_real_anchor,hdy,append,0.00936945197237031,0.008284414343891173,0.0014756647206960983
2026,P1,flat_transformer,target_real_anchor,hdy,replace,0.010769527973368451,0.007622411524400766,0.003874370456432093
2026,P1,flat_transformer,target_real_anchor,kdey,append,0.010968353537475677,-0.009971281799370424,0.0012649462098034685
2026,P1,flat_transformer,target_real_anchor,kdey,replace,0.010975362973594287,-0.008726868445937539,0.003920212940982676
2026,P1,flat_transformer,target_real_anchor,median_sweep,append,0.010161344560628434,0.00751386771694522,0.0014397043365233818
2026,P1,flat_transformer,target_real_anchor,median_sweep,replace,0.010230516663809216,0.0072762132737794645,0.0038346605850784732
2026,P1,flat_transformer,target_real_anchor,pacc,append,0.010382422728426193,0.008051724334359845,0.0014397043365233818
2026,P1,flat_transformer,target_real_anchor,pacc,replace,0.010576761193907911,0.007691118693908133,0.003916914459733138
2026,P1,flat_transformer,target_real_anchor,pcc,append,0.14857122737275363,0.11076222093170482,0.0013967200019875934
2026,P1,flat_transformer,target_real_anchor,pcc,replace,0.16110813620821743,0.06250326388600462,0.0040016181772576116
2026,P2,c2st_lr,oracle_target,acc,append,0.1389921171526234,0.12460459487308209,0.00045463265953844665
2026,P2,c2st_lr,oracle_target,acc,replace,0.13912404654169355,0.09571807369101482,0.0006815206671065714
2026,P2,c2st_lr,oracle_target,cc,append,0.22889744427635733,-0.20666991657771855,0.00048403611132435905
2026,P2,c2st_lr,oracle_target,cc,replace,0.32446142857142857,-0.30603857142857144,0.0002791539907980228
2026,P2,c2st_lr,oracle_target,dys,append,0.043051117201571426,0.0035261909756754578,0.0003963301353810058
2026,P2,c2st_lr,oracle_target,dys,replace,0.050273662148223236,0.001717295648006105,0.0005123374006862399
2026,P2,c2st_lr,oracle_target,emq,append,0.04116197835158779,0.021947843861415205,0.0003679167617047924
2026,P2,c2st_lr,oracle_target,emq,replace,0.045986312839052385,0.018961209913742828,0.0006206588844391743
2026,P2,c2st_lr,oracle_target,hdy,append,0.04177003372374632,0.020916484113736117,0.00037215728492931573
2026,P2,c2st_lr,oracle_target,hdy,replace,0.04709918358969751,0.019141160808716688,0.0005457385263490086
2026,P2,c2st_lr,oracle_target,kdey,append,0.04186847931255783,0.02223718224022263,0.00037215728492931573
2026,P2,c2st_lr,oracle_target,kdey,replace,0.0457778994574955,0.019030263887568854,0.0005263639520192171
2026,P2,c2st_lr,oracle_target,pacc,append,0.040526138739625434,0.017207844245201696,0.00034979646422555577
2026,P2,c2st_lr,oracle_target,pacc,replace,0.04736004635322049,0.013737537212487952,0.0005227292178267685
2026,P2,c2st_lr,oracle_target,pcc,append,0.2934913863069786,0.21414029641456145,0.0005058365104566066
2026,P2,c2st_lr,oracle_target,pcc,replace,0.31938324821925695,0.11585161567650265,0.0006821611489026086
2026,P2,c2st_lr,source_only,acc,append,0.27676509261754506,-0.2678739016321777,0.00018959061764619632
2026,P2,c2st_lr,source_only,acc,replace,0.37928310062486537,-0.3709511549235079,8.598468111650286e-05
2026,P2,c2st_lr,source_only,cc,append,0.2533144256741769,-0.23558338420535763,0.00016411011686095635
2026,P2,c2st_lr,source_only,cc,replace,0.3587442857142857,-0.3432328571428572,6.414425187201142e-05
2026,P2,c2st_lr,source_only,dys,append,0.2775654195920511,-0.26981890264454766,0.00016411011686095635
2026,P2,c2st_lr,source_only,dys,replace,0.3802936196771957,-0.3732554703871635,6.414425187201142e-05
2026,P2,c2st_lr,source_only,emq,append,0.27650654821438214,-0.2718076913290421,0.00016411011686095635
2026,P2,c2st_lr,source_only,emq,replace,0.37934243773025345,-0.3751718295352896,6.414425187201142e-05
2026,P2,c2st_lr,source_only,hdy,append,0.276393707738148,-0.2720239123956447,0.00016411011686095635
2026,P2,c2st_lr,source_only,hdy,replace,0.37939524712919703,-0.3755576995581925,6.414425187201142e-05
2026,P2,c2st_lr,source_only,kdey,append,0.2760416587394657,-0.2737754848658442,0.00016411011686095635
2026,P2,c2st_lr,source_only,kdey,replace,0.37913893556193273,-0.37713101403898985,6.414425187201142e-05
2026,P2,c2st_lr,source_only,median_sweep,append,0.2765855936771037,-0.272237527345826,0.00016411011686095635
2026,P2,c2st_lr,source_only,median_sweep,replace,0.3794711527420055,-0.37560384120904733,6.414425187201142e-05
2026,P2,c2st_lr,source_only,pacc,append,0.27646120968280463,-0.27306793197796586,0.00016411011686095635
2026,P2,c2st_lr,source_only,pacc,replace,0.37940821646141093,-0.3764036748297914,6.414425187201142e-05
2026,P2,c2st_lr,source_only,pcc,append,0.29639332333483076,0.14485368542248425,0.00039020285953237667
2026,P2,c2st_lr,source_only,pcc,replace,0.3436301415405356,0.03458174347161226,0.0007688343479498686
2026,P2,c2st_lr,target_real_anchor,acc,append,0.2762086411024002,-0.2696656801067576,0.00018157658917340667
2026,P2,c2st_lr,target_real_anchor,acc,replace,0.37883240076701824,-0.37257075934803446,7.664965893942857e-05
2026,P2,c2st_lr,target_real_anchor,cc,append,0.2504197085449427,-0.22561272848796268,0.00018157658917340667
2026,P2,c2st_lr,target_real_anchor,cc,replace,0.35618571428571427,-0.3341685714285714,7.664965893942857e-05
2026,P2,c2st_lr,target_real_anchor,dys,append,0.2775654195920511,-0.26981890264454766,0.00018157658917340667
2026,P2,c2st_lr,target_real_anchor,dys,replace,0.3802936196771957,-0.3732554703871635,7.664965893942857e-05
2026,P2,c2st_lr,target_real_anchor,emq,append,0.27650654821438214,-0.2718076913290421,0.00018157658917340667
2026,P2,c2st_lr,target_real_anchor,emq,replace,0.37934243773025345,-0.3751718295352896,7.664965893942857e-05
2026,P2,c2st_lr,target_real_anchor,hdy,append,0.276393707738148,-0.2720239123956447,0.00018157658917340667
2026,P2,c2st_lr,target_real_anchor,hdy,replace,0.37939524712919703,-0.3755576995581925,7.664965893942857e-05
2026,P2,c2st_lr,target_real_anchor,kdey,append,0.2760416587394657,-0.2737754848658442,0.00018157658917340667
2026,P2,c2st_lr,target_real_anchor,kdey,replace,0.37913893556193273,-0.37713101403898985,7.664965893942857e-05
2026,P2,c2st_lr,target_real_anchor,median_sweep,append,0.2765855936771037,-0.272237527345826,0.00018157658917340667
2026,P2,c2st_lr,target_real_anchor,median_sweep,replace,0.3794711527420055,-0.37560384120904733,7.664965893942857e-05
2026,P2,c2st_lr,target_real_anchor,pacc,append,0.27646120968280463,-0.27306793197796586,0.00018157658917340667
2026,P2,c2st_lr,target_real_anchor,pacc,replace,0.37940821646141093,-0.3764036748297914,7.664965893942857e-05
2026,P2,c2st_lr,target_real_anchor,pcc,append,0.29639332333483076,0.14485368542248425,0.0005049771973802533
2026,P2,c2st_lr,target_real_anchor,pcc,replace,0.3436301415405356,0.03458174347161226,0.000907610741103862
2026,P2,c2st_xgb,oracle_target,acc,append,0.009838955828720686,-0.0007682118191292207,0.0005284401805080138
2026,P2,c2st_xgb,oracle_target,acc,replace,0.013092538915390367,-0.0023852416520211157,0.0012021362950065037
2026,P2,c2st_xgb,oracle_target,cc,append,0.11887189568553012,-0.09546983527151154,0.0005284401805080138
2026,P2,c2st_xgb,oracle_target,cc,replace,0.16952428571428568,-0.14915,0.001162042134575261
2026,P2,c2st_xgb,oracle_target,dys,append,0.007581284404137284,-0.0016819888153428823,0.000535482811590157
2026,P2,c2st_xgb,oracle_target,dys,replace,0.01143039070661988,-0.0035975780158519263,0.0011386165128856064
2026,P2,c2st_xgb,oracle_target,emq,append,0.020773131932712876,-0.014413234992957756,0.0005235831935548171
2026,P2,c2st_xgb,oracle_target,emq,replace,0.02698525387558076,-0.01970912498283062,0.0011386165128856064
2026,P2,c2st_xgb,oracle_target,hdy,append,0.007798994750804329,-0.002687564072574788,0.000535482811590157
2026,P2,c2st_xgb,oracle_target,hdy,replace,0.011326640030612494,-0.004517493119771044,0.0011256947926507807
2026,P2,c2st_xgb,oracle_target,kdey,append,0.017957900826182985,-0.015182654236232006,0.0005039871192705637
2026,P2,c2st_xgb,oracle_target,kdey,replace,0.027710907025095263,-0.024548522513484286,0.001149120414340435
2026,P2,c2st_xgb,oracle_target,median_sweep,append,0.009456192713084127,0.0036609800659468403,0.000593934781499997
2026,P2,c2st_xgb,oracle_target,median_sweep,replace,0.01248136259732921,0.0018296895587312343,0.001149120414340435
2026,P2,c2st_xgb,oracle_target,pacc,append,0.014428586196539372,0.010753620240963496,0.000591618372337697
2026,P2,c2st_xgb,oracle_target,pacc,replace,0.01590924571348213,0.007591068643681482,0.001149120414340435
2026,P2,c2st_xgb,oracle_target,pcc,append,0.22592596421680422,0.1660883517304656,0.0008616294854974504
2026,P2,c2st_xgb,oracle_target,pcc,replace,0.24535057729074516,0.09094482390885861,0.0013744098860926657
2026,P2,c2st_xgb,source_only,acc,append,0.10186459571322709,-0.10131056533591251,0.0005455517191585268
2026,P2,c2st_xgb,source_only,acc,replace,0.13908580744472424,-0.13859367358362315,0.0011702883376991122
2026,P2,c2st_xgb,source_only,cc,append,0.11881012391703451,-0.09524825295216026,0.0005504087061117235
2026,P2,c2st_xgb,source_only,cc,replace,0.1694528571428571,-0.14895285714285714,0.0012130404975838666
2026,P2,c2st_xgb,source_only,dys,append,0.07910446018467514,-0.07876026095180942,0.0005455517191585268
2026,P2,c2st_xgb,source_only,dys,replace,0.10831694220033324,-0.10799803831298559,0.0011702883376991122
2026,P2,c2st_xgb,source_only,emq,append,0.09745921934234254,-0.09745921701564104,0.0005455517191585268
2026,P2,c2st_xgb,source_only,emq,replace,0.13908215605219643,-0.13907783528180948,0.0011702883376991122
2026,P2,c2st_xgb,source_only,hdy,append,0.09662170791249951,-0.09629116444568707,0.0005455517191585268
2026,P2,c2st_xgb,source_only,hdy,replace,0.13844180402201955,-0.13813533150967047,0.0011702883376991122
2026,P2,c2st_xgb,source_only,kdey,append,0.0954804112656245,-0.09543487233262636,0.0005455517191585268
2026,P2,c2st_xgb,source_only,kdey,replace,0.1380873367782725,-0.13803651563016722,0.0011702883376991122
2026,P2,c2st_xgb,source_only,median_sweep,append,0.10194117851884814,-0.09995244413512608,0.0005455517191585268
2026,P2,c2st_xgb,source_only,median_sweep,replace,0.14129266877277338,-0.1395569912156684,0.0011702883376991122
2026,P2,c2st_xgb,source_only,pacc,append,0.10108729774596881,-0.09842391524325625,0.0005455517191585268
2026,P2,c2st_xgb,source_only,pacc,replace,0.14029722638797565,-0.13802331302030504,0.0011702883376991122
2026,P2,c2st_xgb,source_only,pcc,append,0.1461498430933628,0.016629862464200573,0.0008840837097964702
2026,P2,c2st_xgb,source_only,pcc,replace,0.18528352889872712,-0.04571300458679739,0.001429379236236637
2026,P2,c2st_xgb,target_real_anchor,acc,append,0.10428578168242388,-0.10260688927185092,0.0005797000735833192
2026,P2,c2st_xgb,target_real_anchor,acc,replace,0.14329508134920632,-0.1418183964285714,0.001402366916489237
2026,P2,c2st_xgb,target_real_anchor,cc,append,0.11989104068578851,-0.07758001135208592,0.0007254844050554859
2026,P2,c2st_xgb,target_real_anchor,cc,replace,0.16891285714285711,-0.13239857142857142,0.0015290862398330228
2026,P2,c2st_xgb,target_real_anchor,dys,append,0.07910446018467514,-0.07876026095180942,0.0005797000735833192
2026,P2,c2st_xgb,target_real_anchor,dys,replace,0.10831694220033324,-0.10799803831298559,0.001402366916489237
2026,P2,c2st_xgb,target_real_anchor,emq,append,0.09745921934234254,-0.09745921701564104,0.0005797000735833192
2026,P2,c2st_xgb,target_real_anchor,emq,replace,0.13908215605219643,-0.13907783528180948,0.001402366916489237
2026,P2,c2st_xgb,target_real_anchor,hdy,append,0.09662170791249951,-0.09629116444568707,0.0005797000735833192
2026,P2,c2st_xgb,target_real_anchor,hdy,replace,0.13844180402201955,-0.13813533150967047,0.001402366916489237
2026,P2,c2st_xgb,target_real_anchor,kdey,append,0.0954804112656245,-0.09543487233262636,0.0005797000735833192
2026,P2,c2st_xgb,target_real_anchor,kdey,replace,0.1380873367782725,-0.13803651563016722,0.001402366916489237
2026,P2,c2st_xgb,target_real_anchor,median_sweep,append,0.10194117851884814,-0.09995244413512608,0.0005797000735833192
2026,P2,c2st_xgb,target_real_anchor,median_sweep,replace,0.14129266877277338,-0.1395569912156684,0.001402366916489237
2026,P2,c2st_xgb,target_real_anchor,pacc,append,0.10108729774596881,-0.09842391524325625,0.0005797000735833192
2026,P2,c2st_xgb,target_real_anchor,pacc,replace,0.14029722638797565,-0.13802331302030504,0.001402366916489237
2026,P2,c2st_xgb,target_real_anchor,pcc,append,0.1461498430933628,0.016629862464200573,0.0010791290974055158
2026,P2,c2st_xgb,target_real_anchor,pcc,replace,0.18528352889872712,-0.04571300458679739,0.0017740705268130656
2026,P2,char3gram,oracle_target,acc,append,0.01940096224851393,0.01567050372928415,0.0007635557104809406
2026,P2,char3gram,oracle_target,acc,replace,0.021228404255319102,0.012070917453207448,0.000932653579328493
2026,P2,char3gram,oracle_target,cc,append,0.14294351056387078,-0.1161427463165059,0.000642616735346294
2026,P2,char3gram,oracle_target,cc,replace,0.20406285714285713,-0.1806,0.0008851778661980501
2026,P2,char3gram,oracle_target,dys,append,0.017233572584887554,0.008700731149518238,0.0006600645269396973
2026,P2,char3gram,oracle_target,dys,replace,0.021451968502329413,0.006179381915950163,0.000932653579328493
2026,P2,char3gram,oracle_target,emq,append,0.021882009723965114,-0.01288421607034232,0.000642616735346294
2026,P2,char3gram,oracle_target,emq,replace,0.027874513996212553,-0.016994910113551673,0.0008851778661980501
2026,P2,char3gram,oracle_target,hdy,append,0.013719481505293549,0.007772324935260496,0.0007635557104809406
2026,P2,char3gram,oracle_target,hdy,replace,0.017090711857224654,0.004536006080641095,0.0009652701147911302
2026,P2,char3gram,oracle_target,kdey,append,0.011718940509152327,-0.0014686555576215593,0.0006600645269396973
2026,P2,char3gram,oracle_target,kdey,replace,0.016659877584941606,-0.004216010032830998,0.000932653579328493
2026,P2,char3gram,oracle_target,median_sweep,append,0.016781309400279405,0.009443489417910697,0.0006873196960347639
2026,P2,char3gram,oracle_target,median_sweep,replace,0.019426035172448973,0.007051189031377012,0.0009652701147911302
2026,P2,char3gram,oracle_target,pacc,append,0.01892997254124883,0.011751472944253999,0.0006501637458427974
2026,P2,char3gram,oracle_target,pacc,replace,0.020634826255472898,0.008278026412679098,0.0009198759674977759
2026,P2,char3gram,oracle_target,pcc,append,0.2534845007903604,0.1858378420577192,0.0011593441050095148
2026,P2,char3gram,oracle_target,pcc,replace,0.2752347349003774,0.10132729476204708,0.001360783635882236
2026,P2,char3gram,source_only,acc,append,0.10166875205933697,-0.09788008312459738,0.0005948127752953906
2026,P2,char3gram,source_only,acc,replace,0.14152745928815205,-0.13796403266699164,0.0008851778661980501
2026,P2,char3gram,source_only,cc,append,0.14296568066399687,-0.11618091450077088,0.0006300446114251306
2026,P2,char3gram,source_only,cc,replace,0.2040742857142857,-0.18063142857142858,0.0008851778661980501
2026,P2,char3gram,source_only,dys,append,0.1186716848618923,-0.11660146585124825,0.0005948127752953906
2026,P2,char3gram,source_only,dys,replace,0.1647516085894779,-0.16271970822192272,0.0008851778661980501
2026,P2,char3gram,source_only,emq,append,0.12346004184033794,-0.12346002598663482,0.0005948127752953906
2026,P2,char3gram,source_only,emq,replace,0.16590871421554104,-0.16590870062665264,0.0008851778661980501
2026,P2,char3gram,source_only,hdy,append,0.11749546742447625,-0.11608666287265802,0.0005948127752953906
2026,P2,char3gram,source_only,hdy,replace,0.16137424407388357,-0.1601826342962219,0.0008851778661980501
2026,P2,char3gram,source_only,kdey,append,0.11405354751168197,-0.11357647264755658,0.0005948127752953906
2026,P2,char3gram,source_only,kdey,replace,0.15701246808557437,-0.15660584221142063,0.0008851778661980501
2026,P2,char3gram,source_only,median_sweep,append,0.11292196347592309,-0.1101599127211554,0.0005948127752953906
2026,P2,char3gram,source_only,median_sweep,replace,0.15583238021741022,-0.15330510309871054,0.0008851778661980501
2026,P2,char3gram,source_only,pacc,append,0.11435762579128673,-0.11147760838873275,0.0005948127752953906
2026,P2,char3gram,source_only,pacc,replace,0.15810593498774314,-0.15551045490660492,0.0008851778661980501
2026,P2,char3gram,source_only,pcc,append,0.18408464601305016,0.05461251199763648,0.0011467719810883514
2026,P2,char3gram,source_only,pcc,replace,0.22334358082987402,-0.01882411578968848,0.001360783635882236
2026,P2,char3gram,target_real_anchor,acc,append,0.10145463239217772,-0.09732839247635151,0.0006141660002319955
2026,P2,char3gram,target_real_anchor,acc,replace,0.14127713946155707,-0.13749780014552504,0.0007848944289852182
2026,P2,char3gram,target_real_anchor,cc,append,0.14207503007784297,-0.11379297957364727,0.0006495472821141389
2026,P2,char3gram,target_real_anchor,cc,replace,0.2028157142857143,-0.17809857142857144,0.0007848944289852182
2026,P2,char3gram,target_real_anchor,dys,append,0.1186716848618923,-0.11660146585124825,0.0006141660002319955
2026,P2,char3gram,target_real_anchor,dys,replace,0.1647516085894779,-0.16271970822192272,0.0007848944289852182
2026,P2,char3gram,target_real_anchor,emq,append,0.12346004184033794,-0.12346002598663482,0.0006141660002319955
2026,P2,char3gram,target_real_anchor,emq,replace,0.16590871421554104,-0.16590870062665264,0.0007848944289852182
2026,P2,char3gram,target_real_anchor,hdy,append,0.11749546742447625,-0.11608666287265802,0.0006141660002319955
2026,P2,char3gram,target_real_anchor,hdy,replace,0.16137424407388357,-0.1601826342962219,0.0007848944289852182
2026,P2,char3gram,target_real_anchor,kdey,append,0.11405354751168197,-0.11357647264755658,0.0006141660002319955
2026,P2,char3gram,target_real_anchor,kdey,replace,0.15701246808557437,-0.15660584221142063,0.0007848944289852182
2026,P2,char3gram,target_real_anchor,median_sweep,append,0.11292196347592309,-0.1101599127211554,0.0006141660002319955
2026,P2,char3gram,target_real_anchor,median_sweep,replace,0.15583238021741022,-0.15330510309871054,0.0007848944289852182
2026,P2,char3gram,target_real_anchor,pacc,append,0.11435762579128673,-0.11147760838873275,0.0006141660002319955
2026,P2,char3gram,target_real_anchor,pacc,replace,0.15810593498774314,-0.15551045490660492,0.0007848944289852182
2026,P2,char3gram,target_real_anchor,pcc,append,0.18408464601305016,0.05461251199763648,0.0011891772133335976
2026,P2,char3gram,target_real_anchor,pcc,replace,0.22334358082987402,-0.01882411578968848,0.001272573280524501
2026,P2,column_positional_ablation,oracle_target,acc,append,0.011311035163951747,0.0052709078250859406,0.0007979655949724434
2026,P2,column_positional_ablation,oracle_target,acc,replace,0.01404366912903606,0.002764478136542366,0.0026856522550523228
2026,P2,column_positional_ablation,oracle_target,cc,append,0.11282004867257181,-0.08430732558829761,0.0007979655949724434
2026,P2,column_positional_ablation,oracle_target,cc,replace,0.16082999999999997,-0.13587000000000002,0.0026856522550523228
2026,P2,column_positional_ablation,oracle_target,dys,append,0.007992409455846108,0.001127207549934634,0.00068113637802896
2026,P2,column_positional_ablation,oracle_target,dys,replace,0.011608532393615315,-0.0008148567163025913,0.0026900395553551026
2026,P2,column_positional_ablation,oracle_target,emq,append,0.01557590904450042,-0.00889053401229744,0.0006711608740558533
2026,P2,column_positional_ablation,oracle_target,emq,replace,0.019423864279111882,-0.012288038368749197,0.0026813770390638485
2026,P2,column_positional_ablation,oracle_target,hdy,append,0.008392182584064729,0.003129739630144457,0.00068113637802896
2026,P2,column_positional_ablation,oracle_target,hdy,replace,0.011062093776450522,0.001238930127293445,0.0026717217759887487
2026,P2,column_positional_ablation,oracle_target,kdey,append,0.020517621612941066,-0.01872772725731982,0.00072352292955514
2026,P2,column_positional_ablation,oracle_target,kdey,replace,0.031753831867014456,-0.02959673947543753,0.0026584157666763087
2026,P2,column_positional_ablation,oracle_target,median_sweep,append,0.011211670531467597,0.005902001347972542,0.00068113637802896
2026,P2,column_positional_ablation,oracle_target,median_sweep,replace,0.013148695685634702,0.003280368207634047,0.0026856522550523228
2026,P2,column_positional_ablation,oracle_target,pacc,append,0.012440505719352101,0.007157502120353336,0.00068113637802896
2026,P2,column_positional_ablation,oracle_target,pacc,replace,0.013837813830011592,0.004191593490174716,0.0026856522550523228
2026,P2,column_positional_ablation,oracle_target,pcc,append,0.2163781453920142,0.15866169137868194,0.0010631570826171
2026,P2,column_positional_ablation,oracle_target,pcc,replace,0.23521136985582675,0.0865019554939934,0.003034570725482503
2026,P2,column_positional_ablation,source_only,acc,append,0.08386396561978884,-0.08170699536886336,0.0006171362345610501
2026,P2,column_positional_ablation,source_only,acc,replace,0.11613215908624014,-0.11416561732199347,0.0026813770390638485
2026,P2,column_positional_ablation,source_only,cc,append,0.11282004867257181,-0.08430732558829761,0.0007979655949724434
2026,P2,column_positional_ablation,source_only,cc,replace,0.16082999999999997,-0.13587000000000002,0.0026856522550523228
2026,P2,column_positional_ablation,source_only,dys,append,0.07370771487163603,-0.07300472284711562,0.0006171362345610501
2026,P2,column_positional_ablation,source_only,dys,replace,0.10175323768473359,-0.1010954903082273,0.0026813770390638485
2026,P2,column_positional_ablation,source_only,emq,append,0.08832487537988984,-0.0883248697877399,0.0006171362345610501
2026,P2,column_positional_ablation,source_only,emq,replace,0.12311004877386064,-0.12310429494556034,0.0026813770390638485
2026,P2,column_positional_ablation,source_only,hdy,append,0.08068218915337165,-0.07992130024275146,0.0006171362345610501
2026,P2,column_positional_ablation,source_only,hdy,replace,0.1145413923882724,-0.11384013447214439,0.0026813770390638485
2026,P2,column_positional_ablation,source_only,kdey,append,0.08491131996352003,-0.08484603435698845,0.0006171362345610501
2026,P2,column_positional_ablation,source_only,kdey,replace,0.1209593875957095,-0.12084267655612992,0.0026813770390638485
2026,P2,column_positional_ablation,source_only,median_sweep,append,0.08742494031530111,-0.08584632646478287,0.0006171362345610501
2026,P2,column_positional_ablation,source_only,median_sweep,replace,0.12101079006399837,-0.11957476640006177,0.0026813770390638485
2026,P2,column_positional_ablation,source_only,pacc,append,0.08691270594949375,-0.08502086165688913,0.0006171362345610501
2026,P2,column_positional_ablation,source_only,pacc,replace,0.1204754668403462,-0.11877811139335485,0.0026813770390638485
2026,P2,column_positional_ablation,source_only,pcc,append,0.15239596424064022,0.03961182326056327,0.0010631570826171
2026,P2,column_positional_ablation,source_only,pcc,replace,0.186929823575884,-0.02223027454808489,0.003034570725482503
2026,P2,column_positional_ablation,target_real_anchor,acc,append,0.08577768267524781,-0.08381695789621064,0.0005976522445911072
2026,P2,column_positional_ablation,target_real_anchor,acc,replace,0.11845269229188073,-0.1167251584789311,0.0032166917241825627
2026,P2,column_positional_ablation,target_real_anchor,cc,append,0.11308865113336547,-0.07629552033310598,0.0007823298331269539
2026,P2,column_positional_ablation,target_real_anchor,cc,replace,0.16001714285714283,-0.1282114285714286,0.0031535081950045743
2026,P2,column_positional_ablation,target_real_anchor,dys,append,0.07370771487163603,-0.07300472284711562,0.0005976522445911072
2026,P2,column_positional_ablation,target_real_anchor,dys,replace,0.10175323768473359,-0.1010954903082273,0.0032166917241825627
2026,P2,column_positional_ablation,target_real_anchor,emq,append,0.08832487537988984,-0.0883248697877399,0.0005976522445911072
2026,P2,column_positional_ablation,target_real_anchor,emq,replace,0.12311004877386064,-0.12310429494556034,0.0032166917241825627
2026,P2,column_positional_ablation,target_real_anchor,hdy,append,0.08068218915337165,-0.07992130024275146,0.0005976522445911072
2026,P2,column_positional_ablation,target_real_anchor,hdy,replace,0.1145413923882724,-0.11384013447214439,0.0032166917241825627
2026,P2,column_positional_ablation,target_real_anchor,kdey,append,0.08491131996352003,-0.08484603435698845,0.0005976522445911072
2026,P2,column_positional_ablation,target_real_anchor,kdey,replace,0.1209593875957095,-0.12084267655612992,0.0032166917241825627
2026,P2,column_positional_ablation,target_real_anchor,median_sweep,append,0.08742494031530111,-0.08584632646478287,0.0005976522445911072
2026,P2,column_positional_ablation,target_real_anchor,median_sweep,replace,0.12101079006399837,-0.11957476640006177,0.0032166917241825627
2026,P2,column_positional_ablation,target_real_anchor,pacc,append,0.08691270594949375,-0.08502086165688913,0.0005976522445911072
2026,P2,column_positional_ablation,target_real_anchor,pacc,replace,0.1204754668403462,-0.11877811139335485,0.0032166917241825627
2026,P2,column_positional_ablation,target_real_anchor,pcc,append,0.15239596424064022,0.03961182326056327,0.0010866200657448826
2026,P2,column_positional_ablation,target_real_anchor,pcc,replace,0.186929823575884,-0.02223027454808489,0.00347965753758604
2026,P2,datum_transformer,oracle_target,acc,append,0.012951218890731982,0.007079900977094019,0.0007478265450402126
2026,P2,datum_transformer,oracle_target,acc,replace,0.016256687598116118,0.004692737833594947,0.002899941451957799
2026,P2,datum_transformer,oracle_target,cc,append,0.12018819467229792,-0.09418770318155344,0.000668041193974396
2026,P2,datum_transformer,oracle_target,cc,replace,0.17091142857142855,-0.14834571428571428,0.002899941451957799
2026,P2,datum_transformer,oracle_target,dys,append,0.010498330964458904,0.005944524499593105,0.0007478265450402126
2026,P2,datum_transformer,oracle_target,dys,replace,0.013527487037639759,0.0034515583241628038,0.002863786254572116
2026,P2,datum_transformer,oracle_target,emq,append,0.008950086228642356,0.001905232849259085,0.0007478265450402126
2026,P2,datum_transformer,oracle_target,emq,replace,0.012245857945921567,5.592604689357411e-05,0.002899941451957799
2026,P2,datum_transformer,oracle_target,hdy,append,0.010315006157878785,0.005481565335909392,0.0007478265450402126
2026,P2,datum_transformer,oracle_target,hdy,replace,0.01339546297501417,0.0031171055064210767,0.002863786254572116
2026,P2,datum_transformer,oracle_target,kdey,append,0.14758395832587123,-0.14735195357221084,0.0003607246848702567
2026,P2,datum_transformer,oracle_target,kdey,replace,0.18887200934125511,-0.1886731481238319,0.002562855882709186
2026,P2,datum_transformer,oracle_target,median_sweep,append,0.010002581741440988,0.0039628251925872635,0.0007478265450402126
2026,P2,datum_transformer,oracle_target,median_sweep,replace,0.013060990486816613,0.0019080829052167151,0.002899941451957799
2026,P2,datum_transformer,oracle_target,pacc,append,0.010256829048867573,0.004656695659655942,0.0007478265450402126
2026,P2,datum_transformer,oracle_target,pacc,replace,0.013299597094625035,0.002514797163957499,0.002899941451957799
2026,P2,datum_transformer,oracle_target,pcc,append,0.21780985568124683,0.1591623472084775,0.0008580614681587893
2026,P2,datum_transformer,oracle_target,pcc,replace,0.23715236778286314,0.08658050646668791,0.0029074030648815266
2026,P2,datum_transformer,source_only,acc,append,0.06302831333575468,-0.059029509337566836,0.0006784650352047067
2026,P2,datum_transformer,source_only,acc,replace,0.08718483654125155,-0.08336535013057356,0.0028323385983872297
2026,P2,datum_transformer,source_only,cc,append,0.12024356789121837,-0.09247330978848503,0.0007530011042172533
2026,P2,datum_transformer,source_only,cc,replace,0.17097714285714283,-0.14681714285714284,0.0028577016775098696
2026,P2,datum_transformer,source_only,dys,append,0.06228187068478743,-0.059516244525545874,0.0006745607649231
2026,P2,datum_transformer,source_only,dys,replace,0.08614878750972557,-0.08356916751337252,0.0028323385983872297
2026,P2,datum_transformer,source_only,emq,append,0.06054561489327971,-0.05979687369166977,0.0006745607649231
2026,P2,datum_transformer,source_only,emq,replace,0.0837215394897805,-0.08298687883473096,0.0028323385983872297
2026,P2,datum_transformer,source_only,hdy,append,0.06122763395547107,-0.05883800264910634,0.0006745607649231
2026,P2,datum_transformer,source_only,hdy,replace,0.08542851057339704,-0.08330705359213476,0.0028323385983872297
2026,P2,datum_transformer,source_only,kdey,append,0.14751839118426568,-0.14720043218218418,0.00046143244127291665
2026,P2,datum_transformer,source_only,kdey,replace,0.1917124006726532,-0.19143986438515473,0.0027003993484058277
2026,P2,datum_transformer,source_only,median_sweep,append,0.06123859914226817,-0.05917886826881494,0.0006745607649231
2026,P2,datum_transformer,source_only,median_sweep,replace,0.08421238303389945,-0.08235486557933562,0.0028323385983872297
2026,P2,datum_transformer,source_only,pacc,append,0.06068204257022818,-0.05837196502122681,0.0006745607649231
2026,P2,datum_transformer,source_only,pacc,replace,0.08360996913096717,-0.08152678508317159,0.0028323385983872297
2026,P2,datum_transformer,source_only,pcc,append,0.1883573089360211,0.10118027607745574,0.00088985605198318
2026,P2,datum_transformer,source_only,pcc,replace,0.21581622719339066,0.032732930294400935,0.0028783251913419208
2026,P2,datum_transformer,target_real_anchor,acc,append,0.06284019395179431,-0.05875426859554878,0.0006712169162130212
2026,P2,datum_transformer,target_real_anchor,acc,replace,0.08679247284314193,-0.08297509052285999,0.002837366380486028
2026,P2,datum_transformer,target_real_anchor,cc,append,0.12020244215411727,-0.09353338255869906,0.0006939513512977979
2026,P2,datum_transformer,target_real_anchor,cc,replace,0.1709528571428571,-0.1477242857142857,0.0028632738691352915
2026,P2,datum_transformer,target_real_anchor,dys,append,0.06228187068478743,-0.059516244525545874,0.00066901259136503
2026,P2,datum_transformer,target_real_anchor,dys,replace,0.08614878750972557,-0.08356916751337252,0.002837366380486028
2026,P2,datum_transformer,target_real_anchor,emq,append,0.06054561489327971,-0.05979687369166977,0.00066901259136503
2026,P2,datum_transformer,target_real_anchor,emq,replace,0.0837215394897805,-0.08298687883473096,0.002837366380486028
2026,P2,datum_transformer,target_real_anchor,hdy,append,0.06122763395547107,-0.05883800264910634,0.00066901259136503
2026,P2,datum_transformer,target_real_anchor,hdy,replace,0.08542851057339704,-0.08330705359213476,0.002837366380486028
2026,P2,datum_transformer,target_real_anchor,kdey,append,0.14751839118426568,-0.14720043218218418,0.00045618315921966
2026,P2,datum_transformer,target_real_anchor,kdey,replace,0.1917124006726532,-0.19143986438515473,0.002707316551802904
2026,P2,datum_transformer,target_real_anchor,median_sweep,append,0.06123859914226817,-0.05917886826881494,0.00066901259136503
2026,P2,datum_transformer,target_real_anchor,median_sweep,replace,0.08421238303389945,-0.08235486557933562,0.002837366380486028
2026,P2,datum_transformer,target_real_anchor,pacc,append,0.06068204257022818,-0.05837196502122681,0.00066901259136503
2026,P2,datum_transformer,target_real_anchor,pacc,replace,0.08360996913096717,-0.08152678508317159,0.002837366380486028
2026,P2,datum_transformer,target_real_anchor,pcc,append,0.1883573089360211,0.10118027607745574,0.0008686721165796246
2026,P2,datum_transformer,target_real_anchor,pcc,replace,0.21581622719339066,0.032732930294400935,0.0028706233977447006
2026,P2,flat_transformer,oracle_target,acc,append,0.01211906188894341,0.00474793554194276,0.000743305811029919
2026,P2,flat_transformer,oracle_target,acc,replace,0.015581462696553994,0.002970795583807293,0.0013405764352175957
2026,P2,flat_transformer,oracle_target,cc,append,0.1261618345739655,-0.1002725553269525,0.000743305811029919
2026,P2,flat_transformer,oracle_target,cc,replace,0.17978428571428567,-0.15709285714285715,0.0013405764352175957
2026,P2,flat_transformer,oracle_target,dys,append,0.009299013572435948,0.002713715008808785,0.0007441464433872024
2026,P2,flat_transformer,oracle_target,dys,replace,0.013062360270714423,0.0008164990787034914,0.0013141085249968158
2026,P2,flat_transformer,oracle_target,emq,append,0.0212767002591473,-0.014293061227750918,0.0007216735383691358
2026,P2,flat_transformer,oracle_target,emq,replace,0.02967431051145966,-0.019638338040486564,0.0013201610779692615
2026,P2,flat_transformer,oracle_target,hdy,append,0.009314698820307114,0.001743661680613861,0.0007441464433872024
2026,P2,flat_transformer,oracle_target,hdy,replace,0.013364381091781351,0.00010579379447099116,0.0013141085249968158
2026,P2,flat_transformer,oracle_target,kdey,append,0.03246494800394261,-0.03224007374213911,0.0007453233286874058
2026,P2,flat_transformer,oracle_target,kdey,replace,0.044621083510884896,-0.04428120581733255,0.0013201610779692615
2026,P2,flat_transformer,oracle_target,median_sweep,append,0.014368723395696162,0.007534669770671966,0.000743305811029919
2026,P2,flat_transformer,oracle_target,median_sweep,replace,0.016872401352642227,0.005193531158965657,0.0013323622561835558
2026,P2,flat_transformer,oracle_target,pacc,append,0.01763161590706166,0.011972123716408,0.0008000017933489857
2026,P2,flat_transformer,oracle_target,pacc,replace,0.020193496576719157,0.009089784834078915,0.0013184958252995874
2026,P2,flat_transformer,oracle_target,pcc,append,0.24585141866169385,0.18028684217598992,0.0011728129034451105
2026,P2,flat_transformer,oracle_target,pcc,replace,0.2674891792477464,0.09846128668837821,0.0015063651481189884
2026,P2,flat_transformer,source_only,acc,append,0.09076830988250736,-0.08846329822052645,0.0007350676139285302
2026,P2,flat_transformer,source_only,acc,replace,0.12458806727937896,-0.12272273579013118,0.0013181435603117737
2026,P2,flat_transformer,source_only,cc,append,0.12617561410836858,-0.09983555646442757,0.000749526490473817
2026,P2,flat_transformer,source_only,cc,replace,0.17983,-0.15671857142857143,0.0013365093758128254
2026,P2,flat_transformer,source_only,dys,append,0.07788092280042995,-0.07681039824650196,0.0007350676139285302
2026,P2,flat_transformer,source_only,dys,replace,0.101185304962262,-0.10029837890681402,0.0013181435603117737
2026,P2,flat_transformer,source_only,emq,append,0.10506197807967627,-0.10506196550756212,0.0007350676139285302
2026,P2,flat_transformer,source_only,emq,replace,0.147407836472055,-0.14740782569595717,0.0013181435603117737
2026,P2,flat_transformer,source_only,hdy,append,0.08907006072156469,-0.08796103940875451,0.0007350676139285302
2026,P2,flat_transformer,source_only,hdy,replace,0.1311000101755964,-0.1302046919396511,0.0013181435603117737
2026,P2,flat_transformer,source_only,kdey,append,0.09853307675075236,-0.09847593791529867,0.0007350676139285302
2026,P2,flat_transformer,source_only,kdey,replace,0.1412688693970017,-0.1412387801955968,0.0013181435603117737
2026,P2,flat_transformer,source_only,median_sweep,append,0.10498244255934946,-0.1019723267086754,0.0007278942178130335
2026,P2,flat_transformer,source_only,median_sweep,replace,0.14461520095235095,-0.1421415168675956,0.0013181435603117737
2026,P2,flat_transformer,source_only,pacc,append,0.10579439070448815,-0.10243593464073586,0.0007350676139285302
2026,P2,flat_transformer,source_only,pacc,replace,0.14603516491653773,-0.1432139424151097,0.0013181435603117737
2026,P2,flat_transformer,source_only,pcc,append,0.17682862923670406,0.05208610636949016,0.0011823400701609875
2026,P2,flat_transformer,source_only,pcc,replace,0.21499785198328952,-0.01833318969261694,0.0015158282666552685
2026,P2,flat_transformer,target_real_anchor,acc,append,0.09061394998481065,-0.08841702551906497,0.0007288469344846324
2026,P2,flat_transformer,target_real_anchor,acc,replace,0.12434876333288698,-0.12256341678939611,0.0013201610779692615
2026,P2,flat_transformer,target_real_anchor,cc,append,0.1261618345739655,-0.1002725553269525,0.000743305811029919
2026,P2,flat_transformer,target_real_anchor,cc,replace,0.17978428571428567,-0.15709285714285715,0.0013405764352175957
2026,P2,flat_transformer,target_real_anchor,dys,append,0.07788092280042995,-0.07681039824650196,0.0007288469344846324
2026,P2,flat_transformer,target_real_anchor,dys,replace,0.101185304962262,-0.10029837890681402,0.0013201610779692615
2026,P2,flat_transformer,target_real_anchor,emq,append,0.10506197807967627,-0.10506196550756212,0.0007288469344846324
2026,P2,flat_transformer,target_real_anchor,emq,replace,0.147407836472055,-0.14740782569595717,0.0013201610779692615
2026,P2,flat_transformer,target_real_anchor,hdy,append,0.08907006072156469,-0.08796103940875451,0.0007288469344846324
2026,P2,flat_transformer,target_real_anchor,hdy,replace,0.1311000101755964,-0.1302046919396511,0.0013201610779692615
2026,P2,flat_transformer,target_real_anchor,kdey,append,0.09853307675075236,-0.09847593791529867,0.0007288469344846324
2026,P2,flat_transformer,target_real_anchor,kdey,replace,0.1412688693970017,-0.1412387801955968,0.0013201610779692615
2026,P2,flat_transformer,target_real_anchor,median_sweep,append,0.10498244255934946,-0.1019723267086754,0.0007216735383691358
2026,P2,flat_transformer,target_real_anchor,median_sweep,replace,0.14461520095235095,-0.1421415168675956,0.0013201610779692615
2026,P2,flat_transformer,target_real_anchor,pacc,append,0.10579439070448815,-0.10243593464073586,0.0007288469344846324
2026,P2,flat_transformer,target_real_anchor,pacc,replace,0.14603516491653773,-0.1432139424151097,0.0013201610779692615
2026,P2,flat_transformer,target_real_anchor,pcc,append,0.17682862923670406,0.05208610636949016,0.0011728129034451105
2026,P2,flat_transformer,target_real_anchor,pcc,replace,0.21499785198328952,-0.01833318969261694,0.0015063651481189884
2026,P3,char3gram,oracle_target,acc,append,0.10841477959326484,-0.05776622312933334,0.0010357811219009966
2026,P3,char3gram,oracle_target,acc,replace,0.13074354430379745,-0.058570958408679964,0.0011768864624949885
2026,P3,char3gram,oracle_target,cc,append,0.23702807799252545,-0.2216940830574194,0.0034860117467935066
2026,P3,char3gram,oracle_target,cc,replace,0.33486571428571427,-0.3218942857142857,0.0028064149923800914
2026,P3,char3gram,oracle_target,dys,append,0.06209660714084245,0.05006044928670074,0.00023199543484814334
2026,P3,char3gram,oracle_target,dys,replace,0.06529439458163916,0.044621450687297684,0.0006570059453057343
2026,P3,char3gram,oracle_target,emq,append,0.06969717502203053,0.005628752940317291,0.0013952619106356334
2026,P3,char3gram,oracle_target,emq,replace,0.06694910008919726,0.007307960394382769,0.0010828637001011113
2026,P3,char3gram,oracle_target,hdy,append,0.056872647423618534,0.04861674428836114,0.00023199543484814334
2026,P3,char3gram,oracle_target,hdy,replace,0.05885456995026809,0.046382971642937615,0.0006570059453057343
2026,P3,char3gram,oracle_target,kdey,append,0.1383791237832305,0.13833609854965864,0.00019107851712304666
2026,P3,char3gram,oracle_target,kdey,replace,0.11867298504839084,0.1181148903310219,0.00036831633682873715
2026,P3,char3gram,oracle_target,pacc,append,0.05072696956825795,0.04013633371562522,0.0005506091437599067
2026,P3,char3gram,oracle_target,pacc,replace,0.051036240153658465,0.034387545539391697,0.0006570059453057343
2026,P3,char3gram,oracle_target,pcc,append,0.2991544514579793,0.2188574412142418,0.00023194559694592667
2026,P3,char3gram,oracle_target,pcc,replace,0.3251067881641241,0.11878975856427725,0.0004033452623912057
2026,P3,char3gram,source_only,acc,append,0.7249908620369842,0.7249908620369842,
2026,P3,char3gram,source_only,acc,replace,0.6214285714285714,0.6214285714285714,
2026,P3,char3gram,source_only,cc,append,0.7247590346188614,0.7247590346188614,
2026,P3,char3gram,source_only,cc,replace,0.6212328571428571,0.6212328571428571,
2026,P3,char3gram,source_only,dys,append,0.7249849011759976,0.7249849011759976,
2026,P3,char3gram,source_only,dys,replace,0.6214243136707238,0.6214226105675849,
2026,P3,char3gram,source_only,emq,append,0.724990861994962,0.724990861994962,
2026,P3,char3gram,source_only,emq,replace,0.6214285713948735,0.6214285713901253,
2026,P3,char3gram,source_only,hdy,append,0.7249849011759976,0.7249849011759976,
2026,P3,char3gram,source_only,hdy,replace,0.6214243136707238,0.6214226105675849,
2026,P3,char3gram,source_only,kdey,append,0.7249849011759976,0.7249849011759976,
2026,P3,char3gram,source_only,kdey,replace,0.6214243136707238,0.6214226105675849,
2026,P3,char3gram,source_only,median_sweep,append,0.7249908620369842,0.7249908620369842,
2026,P3,char3gram,source_only,median_sweep,replace,0.6214285714285714,0.6214285714285714,
2026,P3,char3gram,source_only,pacc,append,0.7249908620369842,0.7249908620369842,
2026,P3,char3gram,source_only,pacc,replace,0.6214285714285714,0.6214285714285714,
2026,P3,char3gram,source_only,pcc,append,0.6934476468986273,0.6934476468986273,
2026,P3,char3gram,source_only,pcc,replace,0.5983934328165369,0.5904007965035702,
2026,P3,char3gram,target_real_anchor,acc,append,0.7249908620369842,0.7249908620369842,0.00021953595929239333
2026,P3,char3gram,target_real_anchor,acc,replace,0.6214285714285714,0.6214285714285714,0.00040582291810172287
2026,P3,char3gram,target_real_anchor,cc,append,0.2382107495680197,-0.22355719148001715,0.003470561997104387
2026,P3,char3gram,target_real_anchor,cc,replace,0.33639285714285716,-0.3239328571428572,0.0027180737508396315
2026,P3,char3gram,target_real_anchor,dys,append,0.7249849011759976,0.7249849011759976,0.00021953595929239333
2026,P3,char3gram,target_real_anchor,dys,replace,0.6214243136707238,0.6214226105675849,0.00040582291810172287
2026,P3,char3gram,target_real_anchor,emq,append,0.724990861994962,0.724990861994962,0.00021953595929239333
2026,P3,char3gram,target_real_anchor,emq,replace,0.6214285713948735,0.6214285713901253,0.00040582291810172287
2026,P3,char3gram,target_real_anchor,hdy,append,0.7249849011759976,0.7249849011759976,0.00021953595929239333
2026,P3,char3gram,target_real_anchor,hdy,replace,0.6214243136707238,0.6214226105675849,0.00040582291810172287
2026,P3,char3gram,target_real_anchor,kdey,append,0.7249849011759976,0.7249849011759976,0.00021953595929239333
2026,P3,char3gram,target_real_anchor,kdey,replace,0.6214243136707238,0.6214226105675849,0.00040582291810172287
2026,P3,char3gram,target_real_anchor,median_sweep,append,0.7249908620369842,0.7249908620369842,0.00021953595929239333
2026,P3,char3gram,target_real_anchor,median_sweep,replace,0.6214285714285714,0.6214285714285714,0.00040582291810172287
2026,P3,char3gram,target_real_anchor,pacc,append,0.7249908620369842,0.7249908620369842,0.00021953595929239333
2026,P3,char3gram,target_real_anchor,pacc,replace,0.6214285714285714,0.6214285714285714,0.00040582291810172287
2026,P3,char3gram,target_real_anchor,pcc,append,0.6934476468986273,0.6934476468986273,0.00021953595929239333
2026,P3,char3gram,target_real_anchor,pcc,replace,0.5983934328165369,0.5904007965035702,0.00040582291810172287
2026,P3,column_positional_ablation,oracle_target,cc,append,0.2750091379630159,-0.2750091379630159,0.0
2026,P3,column_positional_ablation,oracle_target,cc,replace,0.37857142857142856,-0.37857142857142856,0.0
2026,P3,column_positional_ablation,oracle_target,dys,append,0.7249849011759976,0.7249849011759976,0.0
2026,P3,column_positional_ablation,oracle_target,dys,replace,0.6214243136707238,0.6214226105675849,0.0
2026,P3,column_positional_ablation,oracle_target,emq,append,0.30832419537031747,0.22499086203698412,0.0
2026,P3,column_positional_ablation,oracle_target,emq,replace,0.3357142857142857,0.12142857142857143,0.0
2026,P3,column_positional_ablation,oracle_target,hdy,append,0.7249849011759976,0.7249849011759976,0.0
2026,P3,column_positional_ablation,oracle_target,hdy,replace,0.6214243136707238,0.6214226105675849,0.0
2026,P3,column_positional_ablation,oracle_target,pcc,append,0.30832419537031747,0.22499086203698412,0.0
2026,P3,column_positional_ablation,oracle_target,pcc,replace,0.3357142857142857,0.12142857142857143,0.0
2026,P3,column_positional_ablation,source_only,acc,append,0.7249908620369842,0.7249908620369842,
2026,P3,column_positional_ablation,source_only,acc,replace,0.6214285714285714,0.6214285714285714,
2026,P3,column_positional_ablation,source_only,cc,append,0.7249908620369842,0.7249908620369842,
2026,P3,column_positional_ablation,source_only,cc,replace,0.6214285714285714,0.6214285714285714,
2026,P3,column_positional_ablation,source_only,dys,append,0.7249849011759976,0.7249849011759976,
2026,P3,column_positional_ablation,source_only,dys,replace,0.6214243136707238,0.6214226105675849,
2026,P3,column_positional_ablation,source_only,emq,append,0.7249908619981985,0.7249908619981985,
2026,P3,column_positional_ablation,source_only,emq,replace,0.6214285714008482,0.6214285713898058,
2026,P3,column_positional_ablation,source_only,hdy,append,0.7249849011759976,0.7249849011759976,
2026,P3,column_positional_ablation,source_only,hdy,replace,0.6214243136707238,0.6214226105675849,
2026,P3,column_positional_ablation,source_only,kdey,append,0.7249849011759976,0.7249849011759976,
2026,P3,column_positional_ablation,source_only,kdey,replace,0.6214243136707238,0.6214226105675849,
2026,P3,column_positional_ablation,source_only,median_sweep,append,0.7249908620369842,0.7249908620369842,
2026,P3,column_positional_ablation,source_only,median_sweep,replace,0.6214285714285714,0.6214285714285714,
2026,P3,column_positional_ablation,source_only,pacc,append,0.7249908620369842,0.7249908620369842,
2026,P3,column_positional_ablation,source_only,pacc,replace,0.6214285714285714,0.6214285714285714,
2026,P3,column_positional_ablation,source_only,pcc,append,0.6934588013852551,0.6934588013852551,
2026,P3,column_positional_ablation,source_only,pcc,replace,0.5989035111779429,0.5898987612249638,
2026,P3,column_positional_ablation,target_real_anchor,acc,append,0.20281340366734077,-0.11311983654365536,0.0009117844211701466
2026,P3,column_positional_ablation,target_real_anchor,acc,replace,0.2817142803234501,-0.20506640970350407,0.0008839677520293629
2026,P3,column_positional_ablation,target_real_anchor,cc,append,0.24483846534960463,-0.23347896867344128,0.0005848477825871006
2026,P3,column_positional_ablation,target_real_anchor,cc,replace,0.34380428571428573,-0.33406142857142856,0.0006912232250319968
2026,P3,column_positional_ablation,target_real_anchor,dys,append,0.7249849011759976,0.7249849011759976,0.0009117844211701466
2026,P3,column_positional_ablation,target_real_anchor,dys,replace,0.6214243136707238,0.6214226105675849,0.0008839677520293629
2026,P3,column_positional_ablation,target_real_anchor,emq,append,0.7249908619981985,0.7249908619981985,0.0009117844211701466
2026,P3,column_positional_ablation,target_real_anchor,emq,replace,0.6214285714008482,0.6214285713898058,0.0008839677520293629
2026,P3,column_positional_ablation,target_real_anchor,hdy,append,0.7249849011759976,0.7249849011759976,0.0009117844211701466
2026,P3,column_positional_ablation,target_real_anchor,hdy,replace,0.6214243136707238,0.6214226105675849,0.0008839677520293629
2026,P3,column_positional_ablation,target_real_anchor,kdey,append,0.7249849011759976,0.7249849011759976,0.0009117844211701466
2026,P3,column_positional_ablation,target_real_anchor,kdey,replace,0.6214243136707238,0.6214226105675849,0.0008839677520293629
2026,P3,column_positional_ablation,target_real_anchor,median_sweep,append,0.7249908620369842,0.7249908620369842,0.0009117844211701466
2026,P3,column_positional_ablation,target_real_anchor,median_sweep,replace,0.6214285714285714,0.6214285714285714,0.0008839677520293629
2026,P3,column_positional_ablation,target_real_anchor,pacc,append,0.7249908620369842,0.7249908620369842,0.0009117844211701466
2026,P3,column_positional_ablation,target_real_anchor,pacc,replace,0.6214285714285714,0.6214285714285714,0.0008839677520293629
2026,P3,column_positional_ablation,target_real_anchor,pcc,append,0.6934588013852551,0.6934588013852551,0.0009117844211701466
2026,P3,column_positional_ablation,target_real_anchor,pcc,replace,0.5989035111779429,0.5898987612249638,0.0008839677520293629
2026,P3,datum_ta,oracle_target,acc,append,0.044744691802912365,-0.016468653232650007,0.0007772220851679654
2026,P3,datum_ta,oracle_target,acc,replace,0.060022018633540314,-0.023734606625258732,0.0011993562366972713
2026,P3,datum_ta,oracle_target,cc,append,0.21890320950153774,-0.20183756847589673,0.0016713140510489233
2026,P3,datum_ta,oracle_target,cc,replace,0.31068714285714283,-0.29595,0.0011465565391421285
2026,P3,datum_ta,oracle_target,dys,append,0.03398820200638909,-0.006183368873702187,0.0008523278038180554
2026,P3,datum_ta,oracle_target,dys,replace,0.04335328715733542,-0.009262435846356477,0.0011059742473319687
2026,P3,datum_ta,oracle_target,emq,append,0.04271716552639425,0.0003612203884435647,0.0010842734007639853
2026,P3,datum_ta,oracle_target,emq,replace,0.043300815538585474,-0.0035699218996716833,0.0011059742473319687
2026,P3,datum_ta,oracle_target,hdy,append,0.027093144910637523,-0.003774139074566832,0.0009850959753401752
2026,P3,datum_ta,oracle_target,hdy,replace,0.032007484940090786,-0.005676085493475624,0.0012153328442099088
2026,P3,datum_ta,oracle_target,kdey,append,0.05448355270545504,0.040147334058952065,0.0010629926165147585
2026,P3,datum_ta,oracle_target,kdey,replace,0.04612159780645795,0.030941726055192444,0.0010175902875896056
2026,P3,datum_ta,oracle_target,pacc,append,0.03663241181741453,0.012149499675906205,0.0010629926165147585
2026,P3,datum_ta,oracle_target,pacc,replace,0.040493042463863725,0.005443716974873051,0.0011059742473319687
2026,P3,datum_ta,oracle_target,pcc,append,0.2951274723739913,0.21566874946261422,9.902791171713198e-05
2026,P3,datum_ta,oracle_target,pcc,replace,0.3211364881088665,0.11652873883742068,0.0006427380658693286
2026,P3,datum_ta,source_only,acc,append,0.26272444990197436,-0.26272444990197436,0.00149349241591719
2026,P3,datum_ta,source_only,acc,replace,0.357095480546378,-0.357095480546378,0.001026817419201163
2026,P3,datum_ta,source_only,cc,append,0.23791668490947213,-0.22833668490947215,0.00149349241591719
2026,P3,datum_ta,source_only,cc,replace,0.3334442857142857,-0.32523285714285716,0.001026817419201163
2026,P3,datum_ta,source_only,dys,append,0.07328628075474014,-0.027849656343824674,0.0007408902544473831
2026,P3,datum_ta,source_only,dys,replace,0.10118094746673838,-0.05258464287418088,0.0009623556525258573
2026,P3,datum_ta,source_only,emq,append,0.27500912170866815,-0.2750091163096264,0.00149349241591719
2026,P3,datum_ta,source_only,emq,replace,0.37857140837073944,-0.3785714037429893,0.0010084058741799142
2026,P3,datum_ta,source_only,hdy,append,0.272905911125895,-0.27207050960297885,0.00149349241591719
2026,P3,datum_ta,source_only,hdy,replace,0.37619407531654087,-0.37547801686832705,0.0010084058741799142
2026,P3,datum_ta,source_only,kdey,append,0.2617669630872146,0.041663038900528186,0.00023847436213713643
2026,P3,datum_ta,source_only,kdey,replace,0.32842026225213644,-0.06836520284553897,0.0006262061217319001
2026,P3,datum_ta,source_only,median_sweep,append,0.2750091379630159,-0.2750091379630159,0.00149349241591719
2026,P3,datum_ta,source_only,median_sweep,replace,0.37857142857142856,-0.37857142857142856,0.0010084058741799142
2026,P3,datum_ta,source_only,pacc,append,0.19150027832958202,-0.06293231027300548,0.00023847436213713643
2026,P3,datum_ta,source_only,pacc,replace,0.2617780965712111,-0.15199191893950378,0.0006262061217319001
2026,P3,datum_ta,source_only,pcc,append,0.2586547234852068,0.11540401617764658,0.00023847436213713643
2026,P3,datum_ta,source_only,pcc,replace,0.302912604312177,0.017362309429963477,0.0006262061217319001
2026,P3,datum_ta,target_real_anchor,acc,append,0.2520820828864248,-0.2520820828864248,0.0018816299984300467
2026,P3,datum_ta,target_real_anchor,acc,replace,0.341873832679998,-0.341873832679998,0.0010795743985543796
2026,P3,datum_ta,target_real_anchor,cc,append,0.22513923388032836,-0.21198376379485828,0.0015553412525759467
2026,P3,datum_ta,target_real_anchor,cc,replace,0.31818,-0.30675142857142856,0.0009386043322664172
2026,P3,datum_ta,target_real_anchor,dys,append,0.07328628075474014,-0.027849656343824674,0.0007905288050615
2026,P3,datum_ta,target_real_anchor,dys,replace,0.10118094746673838,-0.05258464287418088,0.0007341977361488686
2026,P3,datum_ta,target_real_anchor,emq,append,0.27500912170866815,-0.2750091163096264,0.0018816299984300467
2026,P3,datum_ta,target_real_anchor,emq,replace,0.37857140837073944,-0.3785714037429893,0.001237845336614051
2026,P3,datum_ta,target_real_anchor,hdy,append,0.272905911125895,-0.27207050960297885,0.0018816299984300467
2026,P3,datum_ta,target_real_anchor,hdy,replace,0.37619407531654087,-0.37547801686832705,0.001237845336614051
2026,P3,datum_ta,target_real_anchor,kdey,append,0.2617669630872146,0.041663038900528186,0.00027221462194212
2026,P3,datum_ta,target_real_anchor,kdey,replace,0.32842026225213644,-0.06836520284553897,0.0005054844831471086
2026,P3,datum_ta,target_real_anchor,median_sweep,append,0.2750091379630159,-0.2750091379630159,0.0018816299984300467
2026,P3,datum_ta,target_real_anchor,median_sweep,replace,0.37857142857142856,-0.37857142857142856,0.001237845336614051
2026,P3,datum_ta,target_real_anchor,pacc,append,0.19150027832958202,-0.06293231027300548,0.00027221462194212
2026,P3,datum_ta,target_real_anchor,pacc,replace,0.2617780965712111,-0.15199191893950378,0.0005054844831471086
2026,P3,datum_ta,target_real_anchor,pcc,append,0.2586547234852068,0.11540401617764658,0.00027221462194212
2026,P3,datum_ta,target_real_anchor,pcc,replace,0.302912604312177,0.017362309429963477,0.0005054844831471086
2026,P3,datum_transformer,oracle_target,acc,append,0.06884418978662091,-0.0430568331932571,0.0003683519353303184
2026,P3,datum_transformer,oracle_target,acc,replace,0.07193535064935064,-0.0398202857142857,0.0007173240463962029
2026,P3,datum_transformer,oracle_target,cc,append,0.25247323958186907,-0.232260561519191,0.0005426849173064322
2026,P3,datum_transformer,oracle_target,cc,replace,0.3583985714285714,-0.3408014285714286,0.0002961652938104286
2026,P3,datum_transformer,oracle_target,dys,append,0.039144628099953345,-0.023214170300813044,0.000576475015013635
2026,P3,datum_transformer,oracle_target,dys,replace,0.04061777252965423,-0.02270138611515432,0.0005871616851903286
2026,P3,datum_transformer,oracle_target,emq,append,0.05856405876306205,0.04026772896409892,0.0005504097921509983
2026,P3,datum_transformer,oracle_target,emq,replace,0.0697603114322066,0.02127337708263927,0.0008876415173932229
2026,P3,datum_transformer,oracle_target,hdy,append,0.0368207940119799,-0.015320923354319073,0.00042800790429125835
2026,P3,datum_transformer,oracle_target,hdy,replace,0.03850574399112739,-0.01510848221362668,0.0006689243236373486
2026,P3,datum_transformer,oracle_target,kdey,append,0.5735984527974992,0.5735984527974992,0.000786342421274785
2026,P3,datum_transformer,oracle_target,kdey,replace,0.49214254658640194,0.4906729114023585,0.0011103742221282055
2026,P3,datum_transformer,oracle_target,pacc,append,0.047066131363700074,-0.004485998461980043,0.00048661727730553835
2026,P3,datum_transformer,oracle_target,pacc,replace,0.05193492458527619,-0.004956812880992878,0.0006214644013203943
2026,P3,datum_transformer,oracle_target,pcc,append,0.3075705946612805,0.2244353706208013,0.000786342421274785
2026,P3,datum_transformer,oracle_target,pcc,replace,0.33489368641922646,0.12112539195703247,0.0011103742221282055
2026,P3,datum_transformer,source_only,acc,append,0.7249908620369842,0.7249908620369842,
2026,P3,datum_transformer,source_only,acc,replace,0.6214285714285714,0.6214285714285714,
2026,P3,datum_transformer,source_only,cc,append,0.7249908620369842,0.7249908620369842,
2026,P3,datum_transformer,source_only,cc,replace,0.6214285714285714,0.6214285714285714,
2026,P3,datum_transformer,source_only,dys,append,0.7249849011759976,0.7249849011759976,
2026,P3,datum_transformer,source_only,dys,replace,0.6214243136707238,0.6214226105675849,
2026,P3,datum_transformer,source_only,emq,append,0.7249908619908214,0.7249908619908214,
2026,P3,datum_transformer,source_only,emq,replace,0.6214285713949311,0.6214285713830392,
2026,P3,datum_transformer,source_only,hdy,append,0.7249849011759976,0.7249849011759976,
2026,P3,datum_transformer,source_only,hdy,replace,0.6214243136707238,0.6214226105675849,
2026,P3,datum_transformer,source_only,kdey,append,0.7249849011759976,0.7249849011759976,
2026,P3,datum_transformer,source_only,kdey,replace,0.6214243136707238,0.6214226105675849,
2026,P3,datum_transformer,source_only,median_sweep,append,0.7249908620369842,0.7249908620369842,
2026,P3,datum_transformer,source_only,median_sweep,replace,0.6214285714285714,0.6214285714285714,
2026,P3,datum_transformer,source_only,pacc,append,0.7249908620369842,0.7249908620369842,
2026,P3,datum_transformer,source_only,pacc,replace,0.6214285714285714,0.6214285714285714,
2026,P3,datum_transformer,source_only,pcc,append,0.692698082934524,0.692698082934524,
2026,P3,datum_transformer,source_only,pcc,replace,0.5982960771409298,0.5891985322730213,
2026,P3,datum_transformer,target_real_anchor,acc,append,0.25998686780359925,-0.12787568911632935,0.0009299254175792988
2026,P3,datum_transformer,target_real_anchor,acc,replace,0.3614319674364739,-0.2470695926153008,0.0009672255275430743
2026,P3,datum_transformer,target_real_anchor,cc,append,0.24881713946830714,-0.21527267286495164,0.0006448027789614018
2026,P3,datum_transformer,target_real_anchor,cc,replace,0.35447,-0.32518142857142857,0.0004075316461779277
2026,P3,datum_transformer,target_real_anchor,dys,append,0.7249849011759976,0.7249849011759976,0.0008399680040667621
2026,P3,datum_transformer,target_real_anchor,dys,replace,0.6214243136707238,0.6214226105675849,0.0010661181649541799
2026,P3,datum_transformer,target_real_anchor,emq,append,0.7249908619908214,0.7249908619908214,0.0008399680040667621
2026,P3,datum_transformer,target_real_anchor,emq,replace,0.6214285713949311,0.6214285713830392,0.0010661181649541799
2026,P3,datum_transformer,target_real_anchor,hdy,append,0.7249849011759976,0.7249849011759976,0.0008399680040667621
2026,P3,datum_transformer,target_real_anchor,hdy,replace,0.6214243136707238,0.6214226105675849,0.0010661181649541799
2026,P3,datum_transformer,target_real_anchor,kdey,append,0.7249849011759976,0.7249849011759976,0.0008399680040667621
2026,P3,datum_transformer,target_real_anchor,kdey,replace,0.6214243136707238,0.6214226105675849,0.0010661181649541799
2026,P3,datum_transformer,target_real_anchor,median_sweep,append,0.7249908620369842,0.7249908620369842,0.0008399680040667621
2026,P3,datum_transformer,target_real_anchor,median_sweep,replace,0.6214285714285714,0.6214285714285714,0.0010661181649541799
2026,P3,datum_transformer,target_real_anchor,pacc,append,0.7249908620369842,0.7249908620369842,0.0008399680040667621
2026,P3,datum_transformer,target_real_anchor,pacc,replace,0.6214285714285714,0.6214285714285714,0.0010661181649541799
2026,P3,datum_transformer,target_real_anchor,pcc,append,0.692698082934524,0.692698082934524,0.0008399680040667621
2026,P3,datum_transformer,target_real_anchor,pcc,replace,0.5982960771409298,0.5891985322730213,0.0010661181649541799
2026,P3,flat_transformer,oracle_target,cc,append,0.2750091379630159,-0.2750091379630159,0.0
2026,P3,flat_transformer,oracle_target,cc,replace,0.37857142857142856,-0.37857142857142856,0.0
2026,P3,flat_transformer,oracle_target,dys,append,0.7249849011759976,0.7249849011759976,0.0
2026,P3,flat_transformer,oracle_target,dys,replace,0.6214243136707238,0.6214226105675849,0.0
2026,P3,flat_transformer,oracle_target,emq,append,0.30832419537031747,0.22499086203698412,0.0
2026,P3,flat_transformer,oracle_target,emq,replace,0.3357142857142857,0.12142857142857143,0.0
2026,P3,flat_transformer,oracle_target,hdy,append,0.7249849011759976,0.7249849011759976,0.0
2026,P3,flat_transformer,oracle_target,hdy,replace,0.6214243136707238,0.6214226105675849,0.0
2026,P3,flat_transformer,oracle_target,pcc,append,0.30832419537031747,0.22499086203698412,0.0
2026,P3,flat_transformer,oracle_target,pcc,replace,0.3357142857142857,0.12142857142857143,0.0
2026,P3,flat_transformer,source_only,acc,append,0.7249908620369842,0.7249908620369842,
2026,P3,flat_transformer,source_only,acc,replace,0.6214285714285714,0.6214285714285714,
2026,P3,flat_transformer,source_only,cc,append,0.7249908620369842,0.7249908620369842,
2026,P3,flat_transformer,source_only,cc,replace,0.6214285714285714,0.6214285714285714,
2026,P3,flat_transformer,source_only,dys,append,0.7249849011759976,0.7249849011759976,
2026,P3,flat_transformer,source_only,dys,replace,0.6214243136707238,0.6214226105675849,
2026,P3,flat_transformer,source_only,emq,append,0.7249908616851936,0.7249908616851936,
2026,P3,flat_transformer,source_only,emq,replace,0.6214285711772389,0.6214285710768345,
2026,P3,flat_transformer,source_only,hdy,append,0.7249849011759976,0.7249849011759976,
2026,P3,flat_transformer,source_only,hdy,replace,0.6214243136707238,0.6214226105675849,
2026,P3,flat_transformer,source_only,kdey,append,0.7249849011759976,0.7249849011759976,
2026,P3,flat_transformer,source_only,kdey,replace,0.6214243136707238,0.6214226105675849,
2026,P3,flat_transformer,source_only,median_sweep,append,0.7249908620369842,0.7249908620369842,
2026,P3,flat_transformer,source_only,median_sweep,replace,0.6214285714285714,0.6214285714285714,
2026,P3,flat_transformer,source_only,pacc,append,0.7249908620369842,0.7249908620369842,
2026,P3,flat_transformer,source_only,pacc,replace,0.6214285714285714,0.6214285714285714,
2026,P3,flat_transformer,source_only,pcc,append,0.6632452485081878,0.6632452485081878,
2026,P3,flat_transformer,source_only,pcc,replace,0.5773234601980219,0.5596840617936232,
2026,P3,flat_transformer,target_real_anchor,acc,append,0.08034942803438293,0.07855440124658883,0.0005617728338578567
2026,P3,flat_transformer,target_real_anchor,acc,replace,0.07889957572127378,0.05988242487770788,0.000732232698861217
2026,P3,flat_transformer,target_real_anchor,cc,append,0.18870845766271033,-0.17685823290804115,0.0008292528550887967
2026,P3,flat_transformer,target_real_anchor,cc,replace,0.2669985714285714,-0.2568185714285714,0.0005837015108359971
2026,P3,flat_transformer,target_real_anchor,dys,append,0.7249849011759976,0.7249849011759976,0.0005097420639370267
2026,P3,flat_transformer,target_real_anchor,dys,replace,0.6214243136707238,0.6214226105675849,0.0006876348960719342
2026,P3,flat_transformer,target_real_anchor,emq,append,0.7249908616851936,0.7249908616851936,0.0005097420639370267
2026,P3,flat_transformer,target_real_anchor,emq,replace,0.6214285711772389,0.6214285710768345,0.0006876348960719342
2026,P3,flat_transformer,target_real_anchor,hdy,append,0.7249849011759976,0.7249849011759976,0.0005097420639370267
2026,P3,flat_transformer,target_real_anchor,hdy,replace,0.6214243136707238,0.6214226105675849,0.0006876348960719342
2026,P3,flat_transformer,target_real_anchor,kdey,append,0.7249849011759976,0.7249849011759976,0.0005097420639370267
2026,P3,flat_transformer,target_real_anchor,kdey,replace,0.6214243136707238,0.6214226105675849,0.0006876348960719342
2026,P3,flat_transformer,target_real_anchor,median_sweep,append,0.7249908620369842,0.7249908620369842,0.0005097420639370267
2026,P3,flat_transformer,target_real_anchor,median_sweep,replace,0.6214285714285714,0.6214285714285714,0.0006876348960719342
2026,P3,flat_transformer,target_real_anchor,pacc,append,0.7249908620369842,0.7249908620369842,0.0005097420639370267
2026,P3,flat_transformer,target_real_anchor,pacc,replace,0.6214285714285714,0.6214285714285714,0.0006876348960719342
2026,P3,flat_transformer,target_real_anchor,pcc,append,0.6632452485081878,0.6632452485081878,0.0005097420639370267
2026,P3,flat_transformer,target_real_anchor,pcc,replace,0.5773234601980219,0.5596840617936232,0.0006876348960719342
2026,P4,char3gram,oracle_target,acc,append,0.05210779626971369,-0.008394539722363658,0.0010111611982028233
2026,P4,char3gram,oracle_target,acc,replace,0.061759986329459976,-0.010687177033492827,0.0022926858962652244
2026,P4,char3gram,oracle_target,cc,append,0.22327993252286732,-0.20767885623290214,0.0019795614762982998
2026,P4,char3gram,oracle_target,cc,replace,0.3160442857142857,-0.30281857142857144,0.002813591650300209
2026,P4,char3gram,oracle_target,dys,append,0.05240903026123896,0.04443925639155846,0.00021066481269669992
2026,P4,char3gram,oracle_target,dys,replace,0.05478455462546879,0.0403711197738131,0.0018575582916563714
2026,P4,char3gram,oracle_target,emq,append,0.06254456140422421,-0.020953910284462474,0.0011988009000724964
2026,P4,char3gram,oracle_target,emq,replace,0.061392581222818335,-0.013489479519010883,0.0026032045059159042
2026,P4,char3gram,oracle_target,hdy,append,0.04239413187234687,0.0336544314202974,0.00023772679360379326
2026,P4,char3gram,oracle_target,hdy,replace,0.04851261498203475,0.030723605944450262,0.00184273507559518
2026,P4,char3gram,oracle_target,kdey,append,0.06662389052167604,0.06552239702017217,0.00019680987587869658
2026,P4,char3gram,oracle_target,kdey,replace,0.0647627386269099,0.05406530450677586,0.0019153560188344399
2026,P4,char3gram,oracle_target,pacc,append,0.03698874694488986,0.02175821244046219,0.00047017076957195993
2026,P4,char3gram,oracle_target,pacc,replace,0.0400530084921242,0.01866280387589507,0.0019476082612730483
2026,P4,char3gram,oracle_target,pcc,append,0.2938538101618416,0.214557633753732,0.00023767695570157659
2026,P4,char3gram,oracle_target,pcc,replace,0.31946474730543745,0.11625013886980662,0.001869818415603234
2026,P4,char3gram,source_only,acc,append,0.7249908620369842,0.7249908620369842,
2026,P4,char3gram,source_only,acc,replace,0.6214285714285714,0.6214285714285714,
2026,P4,char3gram,source_only,cc,append,0.7247590346188614,0.7247590346188614,
2026,P4,char3gram,source_only,cc,replace,0.6212328571428571,0.6212328571428571,
2026,P4,char3gram,source_only,dys,append,0.7249849011759976,0.7249849011759976,
2026,P4,char3gram,source_only,dys,replace,0.6214243136707238,0.6214226105675849,
2026,P4,char3gram,source_only,emq,append,0.7249908619963099,0.7249908619963099,
2026,P4,char3gram,source_only,emq,replace,0.6214285713956608,0.621428571391706,
2026,P4,char3gram,source_only,hdy,append,0.7249849011759976,0.7249849011759976,
2026,P4,char3gram,source_only,hdy,replace,0.6214243136707238,0.6214226105675849,
2026,P4,char3gram,source_only,kdey,append,0.7249849011759976,0.7249849011759976,
2026,P4,char3gram,source_only,kdey,replace,0.6214243136707238,0.6214226105675849,
2026,P4,char3gram,source_only,median_sweep,append,0.7249908620369842,0.7249908620369842,
2026,P4,char3gram,source_only,median_sweep,replace,0.6214285714285714,0.6214285714285714,
2026,P4,char3gram,source_only,pacc,append,0.7249908620369842,0.7249908620369842,
2026,P4,char3gram,source_only,pacc,replace,0.6214285714285714,0.6214285714285714,
2026,P4,char3gram,source_only,pcc,append,0.6936392691421954,0.6936392691421954,
2026,P4,char3gram,source_only,pcc,replace,0.5984632411410169,0.5906703392685618,
2026,P4,char3gram,target_real_anchor,acc,append,0.7249908620369842,0.7249908620369842,0.00020667778051885666
2026,P4,char3gram,target_real_anchor,acc,replace,0.6214285714285714,0.6214285714285714,0.0018956629277560315
2026,P4,char3gram,target_real_anchor,cc,append,0.22455487043496314,-0.20973353773474157,0.002053869788512803
2026,P4,char3gram,target_real_anchor,cc,replace,0.3176442857142857,-0.30505,0.002744302726809597
2026,P4,char3gram,target_real_anchor,dys,append,0.7249849011759976,0.7249849011759976,0.00020667778051885666
2026,P4,char3gram,target_real_anchor,dys,replace,0.6214243136707238,0.6214226105675849,0.0018956629277560315
2026,P4,char3gram,target_real_anchor,emq,append,0.7249908619963099,0.7249908619963099,0.00020667778051885666
2026,P4,char3gram,target_real_anchor,emq,replace,0.6214285713956608,0.621428571391706,0.0018956629277560315
2026,P4,char3gram,target_real_anchor,hdy,append,0.7249849011759976,0.7249849011759976,0.00020667778051885666
2026,P4,char3gram,target_real_anchor,hdy,replace,0.6214243136707238,0.6214226105675849,0.0018956629277560315
2026,P4,char3gram,target_real_anchor,kdey,append,0.7249849011759976,0.7249849011759976,0.00020667778051885666
2026,P4,char3gram,target_real_anchor,kdey,replace,0.6214243136707238,0.6214226105675849,0.0018956629277560315
2026,P4,char3gram,target_real_anchor,median_sweep,append,0.7249908620369842,0.7249908620369842,0.00020667778051885666
2026,P4,char3gram,target_real_anchor,median_sweep,replace,0.6214285714285714,0.6214285714285714,0.0018956629277560315
2026,P4,char3gram,target_real_anchor,pacc,append,0.7249908620369842,0.7249908620369842,0.00020667778051885666
2026,P4,char3gram,target_real_anchor,pacc,replace,0.6214285714285714,0.6214285714285714,0.0018956629277560315
2026,P4,char3gram,target_real_anchor,pcc,append,0.6936392691421954,0.6936392691421954,0.00020667778051885666
2026,P4,char3gram,target_real_anchor,pcc,replace,0.5984632411410169,0.5906703392685618,0.0018956629277560315
2026,P4,column_positional_ablation,oracle_target,acc,append,0.035796078994467045,-0.00907501636835674,0.0010283552744697767
2026,P4,column_positional_ablation,oracle_target,acc,replace,0.04663086221470834,-0.014118808114961957,0.0015768569869356857
2026,P4,column_positional_ablation,oracle_target,cc,append,0.21271576405585638,-0.19538086060539736,0.00048547100555442
2026,P4,column_positional_ablation,oracle_target,cc,replace,0.30188,-0.2868685714285714,0.0006320157971910543
2026,P4,column_positional_ablation,oracle_target,dys,append,0.033414821090038765,-0.0014742206624994106,0.0011803608762499835
2026,P4,column_positional_ablation,oracle_target,dys,replace,0.033356590364732173,-0.0009571170918099445,0.0013424194948785972
2026,P4,column_positional_ablation,oracle_target,emq,append,0.035337527262027435,-0.012702283490925939,0.0008261130672487634
2026,P4,column_positional_ablation,oracle_target,emq,replace,0.03469851054119553,-0.009833113095542077,0.0013424194948785972
2026,P4,column_positional_ablation,oracle_target,hdy,append,0.030864318267038657,-0.01223279427545852,0.0010955367666664031
2026,P4,column_positional_ablation,oracle_target,hdy,replace,0.03226069993192468,-0.010937286182653553,0.0013424194948785972
2026,P4,column_positional_ablation,oracle_target,kdey,append,0.5176883151522037,0.5176883151522037,0.0019668528112314265
2026,P4,column_positional_ablation,oracle_target,kdey,replace,0.4435447309558257,0.44354302785268657,0.0022839286648746026
2026,P4,column_positional_ablation,oracle_target,pacc,append,0.03322698525971149,-0.0010862652801389287,0.0010955367666664031
2026,P4,column_positional_ablation,oracle_target,pacc,replace,0.03316791467921442,0.000555334301477202,0.0013424194948785972
2026,P4,column_positional_ablation,oracle_target,pcc,append,0.28766617799006516,0.20984167417249655,0.0019668528112314265
2026,P4,column_positional_ablation,oracle_target,pcc,replace,0.31320313140749434,0.1134940342697806,0.0022839286648746026
2026,P4,column_positional_ablation,source_only,acc,append,0.7249908620369842,0.7249908620369842,0.11963122444250071
2026,P4,column_positional_ablation,source_only,acc,replace,0.6214285714285714,0.6214285714285714,0.12768449926957395
2026,P4,column_positional_ablation,source_only,cc,append,0.6808435440554474,0.6808435440554474,0.11963122444250071
2026,P4,column_positional_ablation,source_only,cc,replace,0.5832528571428571,0.5832528571428571,0.12768449926957395
2026,P4,column_positional_ablation,source_only,dys,append,0.7249849011759976,0.7249849011759976,0.11963122444250071
2026,P4,column_positional_ablation,source_only,dys,replace,0.6214243136707238,0.6214226105675849,0.12768449926957395
2026,P4,column_positional_ablation,source_only,emq,append,0.7249908608390534,0.7249908608390534,0.11963122444250071
2026,P4,column_positional_ablation,source_only,emq,replace,0.6214285704096042,0.6214285703675184,0.12768449926957395
2026,P4,column_positional_ablation,source_only,hdy,append,0.7249849011759976,0.7249849011759976,0.11963122444250071
2026,P4,column_positional_ablation,source_only,hdy,replace,0.6214243136707238,0.6214226105675849,0.12768449926957395
2026,P4,column_positional_ablation,source_only,kdey,append,0.7249849011759976,0.7249849011759976,0.11963122444250071
2026,P4,column_positional_ablation,source_only,kdey,replace,0.6214243136707238,0.6214226105675849,0.12768449926957395
2026,P4,column_positional_ablation,source_only,median_sweep,append,0.7249908620369842,0.7249908620369842,0.11963122444250071
2026,P4,column_positional_ablation,source_only,median_sweep,replace,0.6214285714285714,0.6214285714285714,0.12768449926957395
2026,P4,column_positional_ablation,source_only,pacc,append,0.7249908620369842,0.7249908620369842,0.11963122444250071
2026,P4,column_positional_ablation,source_only,pacc,replace,0.6214285714285714,0.6214285714285714,0.12768449926957395
2026,P4,column_positional_ablation,source_only,pcc,append,0.6211753823317226,0.6211753823317226,0.11963122444250071
2026,P4,column_positional_ablation,source_only,pcc,replace,0.5395436204401165,0.5255676281981155,0.12768449926957395
2026,P4,column_positional_ablation,target_real_anchor,acc,append,0.19030837881946228,-0.1676432156664591,0.0004226752487533913
2026,P4,column_positional_ablation,target_real_anchor,acc,replace,0.27075755222442954,-0.2506702185298898,0.0011313915774656858
2026,P4,column_positional_ablation,target_real_anchor,cc,append,0.23153526891950585,-0.2216152689195058,0.0002505849723773113
2026,P4,column_positional_ablation,target_real_anchor,cc,replace,0.3242457142857143,-0.31574285714285716,0.0005610608638260944
2026,P4,column_positional_ablation,target_real_anchor,dys,append,0.7249849011759976,0.7249849011759976,0.0005585333702133528
2026,P4,column_positional_ablation,target_real_anchor,dys,replace,0.6214243136707238,0.6214226105675849,0.0012501481787628285
2026,P4,column_positional_ablation,target_real_anchor,emq,append,0.7249908608390534,0.7249908608390534,0.0005585333702133528
2026,P4,column_positional_ablation,target_real_anchor,emq,replace,0.6214285704096042,0.6214285703675184,0.0012501481787628285
2026,P4,column_positional_ablation,target_real_anchor,hdy,append,0.7249849011759976,0.7249849011759976,0.0005585333702133528
2026,P4,column_positional_ablation,target_real_anchor,hdy,replace,0.6214243136707238,0.6214226105675849,0.0012501481787628285
2026,P4,column_positional_ablation,target_real_anchor,kdey,append,0.7249849011759976,0.7249849011759976,0.0005585333702133528
2026,P4,column_positional_ablation,target_real_anchor,kdey,replace,0.6214243136707238,0.6214226105675849,0.0012501481787628285
2026,P4,column_positional_ablation,target_real_anchor,median_sweep,append,0.7249908620369842,0.7249908620369842,0.0005585333702133528
2026,P4,column_positional_ablation,target_real_anchor,median_sweep,replace,0.6214285714285714,0.6214285714285714,0.0012501481787628285
2026,P4,column_positional_ablation,target_real_anchor,pacc,append,0.7249908620369842,0.7249908620369842,0.0005585333702133528
2026,P4,column_positional_ablation,target_real_anchor,pacc,replace,0.6214285714285714,0.6214285714285714,0.0012501481787628285
2026,P4,column_positional_ablation,target_real_anchor,pcc,append,0.6211753823317226,0.6211753823317226,0.0005585333702133528
2026,P4,column_positional_ablation,target_real_anchor,pcc,replace,0.5395436204401165,0.5255676281981155,0.0012501481787628285
2026,P4,datum_ta,oracle_target,cc,append,0.2750091379630159,-0.2750091379630159,0.0
2026,P4,datum_ta,oracle_target,cc,replace,0.37857142857142856,-0.37857142857142856,0.0
2026,P4,datum_ta,oracle_target,dys,append,0.7249849011759976,0.7249849011759976,0.0
2026,P4,datum_ta,oracle_target,dys,replace,0.6214243136707238,0.6214226105675849,0.0
2026,P4,datum_ta,oracle_target,emq,append,0.30832419537031747,0.22499086203698412,0.0
2026,P4,datum_ta,oracle_target,emq,replace,0.3357142857142857,0.12142857142857143,0.0
2026,P4,datum_ta,oracle_target,hdy,append,0.7249849011759976,0.7249849011759976,0.0
2026,P4,datum_ta,oracle_target,hdy,replace,0.6214243136707238,0.6214226105675849,0.0
2026,P4,datum_ta,oracle_target,pcc,append,0.30832419537031747,0.22499086203698412,0.0
2026,P4,datum_ta,oracle_target,pcc,replace,0.3357142857142857,0.12142857142857143,0.0
2026,P4,datum_ta,source_only,acc,append,0.7249908620369842,0.7249908620369842,
2026,P4,datum_ta,source_only,acc,replace,0.6214285714285714,0.6214285714285714,
2026,P4,datum_ta,source_only,cc,append,0.7249908620369842,0.7249908620369842,
2026,P4,datum_ta,source_only,cc,replace,0.6214285714285714,0.6214285714285714,
2026,P4,datum_ta,source_only,dys,append,0.7249849011759976,0.7249849011759976,
2026,P4,datum_ta,source_only,dys,replace,0.6214243136707238,0.6214226105675849,
2026,P4,datum_ta,source_only,emq,append,0.7249908619763522,0.7249908619763522,
2026,P4,datum_ta,source_only,emq,replace,0.6214285713852841,0.6214285713679183,
2026,P4,datum_ta,source_only,hdy,append,0.7249849011759976,0.7249849011759976,
2026,P4,datum_ta,source_only,hdy,replace,0.6214243136707238,0.6214226105675849,
2026,P4,datum_ta,source_only,kdey,append,0.7249849011759976,0.7249849011759976,
2026,P4,datum_ta,source_only,kdey,replace,0.6214243136707238,0.6214226105675849,
2026,P4,datum_ta,source_only,median_sweep,append,0.7249908620369842,0.7249908620369842,
2026,P4,datum_ta,source_only,median_sweep,replace,0.6214285714285714,0.6214285714285714,
2026,P4,datum_ta,source_only,pacc,append,0.7249908620369842,0.7249908620369842,
2026,P4,datum_ta,source_only,pacc,replace,0.6214285714285714,0.6214285714285714,
2026,P4,datum_ta,source_only,pcc,append,0.7055554805765024,0.7055554805765024,
2026,P4,datum_ta,source_only,pcc,replace,0.6075472670845137,0.6019920792514943,
2026,P4,datum_ta,target_real_anchor,acc,append,0.4769432806189146,0.26439228714323254,0.004188128113311411
2026,P4,datum_ta,target_real_anchor,acc,replace,0.543645526182003,0.09421919166243013,0.0036945691281962145
2026,P4,datum_ta,target_real_anchor,cc,append,0.25881886843319546,-0.24565886843319543,0.0
2026,P4,datum_ta,target_real_anchor,cc,replace,0.3641257142857143,-0.35284571428571426,0.00011602263637518434
2026,P4,datum_ta,target_real_anchor,dys,append,0.7249849011759976,0.7249849011759976,0.004188128113311411
2026,P4,datum_ta,target_real_anchor,dys,replace,0.6214243136707238,0.6214226105675849,0.0038908165477498217
2026,P4,datum_ta,target_real_anchor,emq,append,0.7249908619763522,0.7249908619763522,0.004188128113311411
2026,P4,datum_ta,target_real_anchor,emq,replace,0.6214285713852841,0.6214285713679183,0.0038908165477498217
2026,P4,datum_ta,target_real_anchor,hdy,append,0.7249849011759976,0.7249849011759976,0.004188128113311411
2026,P4,datum_ta,target_real_anchor,hdy,replace,0.6214243136707238,0.6214226105675849,0.0038908165477498217
2026,P4,datum_ta,target_real_anchor,kdey,append,0.7249849011759976,0.7249849011759976,0.004188128113311411
2026,P4,datum_ta,target_real_anchor,kdey,replace,0.6214243136707238,0.6214226105675849,0.0038908165477498217
2026,P4,datum_ta,target_real_anchor,median_sweep,append,0.7249908620369842,0.7249908620369842,0.004188128113311411
2026,P4,datum_ta,target_real_anchor,median_sweep,replace,0.6214285714285714,0.6214285714285714,0.0038908165477498217
2026,P4,datum_ta,target_real_anchor,pacc,append,0.7249908620369842,0.7249908620369842,0.004188128113311411
2026,P4,datum_ta,target_real_anchor,pacc,replace,0.6214285714285714,0.6214285714285714,0.0038908165477498217
2026,P4,datum_ta,target_real_anchor,pcc,append,0.7055554805765024,0.7055554805765024,0.004188128113311411
2026,P4,datum_ta,target_real_anchor,pcc,replace,0.6075472670845137,0.6019920792514943,0.0038908165477498217
2026,P4,datum_transformer,oracle_target,acc,append,0.11117782779304833,0.04517496712603185,0.0006619470173261266
2026,P4,datum_transformer,oracle_target,acc,replace,0.1310771804511278,0.012901203007518756,0.0018706300614394172
2026,P4,datum_transformer,oracle_target,cc,append,0.23017341998583446,-0.20853290716532166,0.0013049057939053033
2026,P4,datum_transformer,oracle_target,cc,replace,0.3268042857142857,-0.30829000000000006,0.001191666960354283
2026,P4,datum_transformer,oracle_target,dys,append,0.05007277340319941,-0.0287410541709166,0.0010698702470215366
2026,P4,datum_transformer,oracle_target,dys,replace,0.05445001846657806,-0.022451061717849035,0.002242406572622503
2026,P4,datum_transformer,oracle_target,emq,append,0.0980963911213314,-0.020392980247471597,0.0013303231240390434
2026,P4,datum_transformer,oracle_target,emq,replace,0.0867983539154255,-0.016939305162617345,0.0022581268709237086
2026,P4,datum_transformer,oracle_target,hdy,append,0.044704186413484726,-0.01749593833690177,0.00106379002295032
2026,P4,datum_transformer,oracle_target,hdy,replace,0.04915099004742956,-0.011494799882042345,0.002242406572622503
2026,P4,datum_transformer,oracle_target,kdey,append,0.6047886176071283,0.6047886176071283,0.0005685009506579666
2026,P4,datum_transformer,oracle_target,kdey,replace,0.5187641538422272,0.5179588692979574,0.0019154414552382288
2026,P4,datum_transformer,oracle_target,pacc,append,0.043466503701196306,-0.012099798332124857,0.0011410387713960033
2026,P4,datum_transformer,oracle_target,pacc,replace,0.049496248744639065,-0.009055662974867037,0.002242406572622503
2026,P4,datum_transformer,oracle_target,pcc,append,0.30623291119585455,0.22339010355824598,0.0005685009506579666
2026,P4,datum_transformer,oracle_target,pcc,replace,0.3334428758524453,0.120535770112279,0.0019154414552382288
2026,P4,datum_transformer,source_only,acc,append,0.7249908620369842,0.7249908620369842,
2026,P4,datum_transformer,source_only,acc,replace,0.6214285714285714,0.6214285714285714,
2026,P4,datum_transformer,source_only,cc,append,0.7248235273768231,0.7248235273768231,
2026,P4,datum_transformer,source_only,cc,replace,0.6212742857142857,0.6212742857142857,
2026,P4,datum_transformer,source_only,dys,append,0.7249849011759976,0.7249849011759976,
2026,P4,datum_transformer,source_only,dys,replace,0.6214243136707238,0.6214226105675849,
2026,P4,datum_transformer,source_only,emq,append,0.7249908619656895,0.7249908619656895,
2026,P4,datum_transformer,source_only,emq,replace,0.6214285713753466,0.6214285713591219,
2026,P4,datum_transformer,source_only,hdy,append,0.7249849011759976,0.7249849011759976,
2026,P4,datum_transformer,source_only,hdy,replace,0.6214243136707238,0.6214226105675849,
2026,P4,datum_transformer,source_only,kdey,append,0.7249849011759976,0.7249849011759976,
2026,P4,datum_transformer,source_only,kdey,replace,0.6214243136707238,0.6214226105675849,
2026,P4,datum_transformer,source_only,median_sweep,append,0.7249908620369842,0.7249908620369842,
2026,P4,datum_transformer,source_only,median_sweep,replace,0.6214285714285714,0.6214285714285714,
2026,P4,datum_transformer,source_only,pacc,append,0.7249908620369842,0.7249908620369842,
2026,P4,datum_transformer,source_only,pacc,replace,0.6214285714285714,0.6214285714285714,
2026,P4,datum_transformer,source_only,pcc,append,0.6908445753972269,0.6908445753972269,
2026,P4,datum_transformer,source_only,pcc,replace,0.596903927789977,0.5874078881056501,
2026,P4,datum_transformer,target_real_anchor,acc,append,0.21764282158919898,-0.17838003088918075,0.0008738577775783967
2026,P4,datum_transformer,target_real_anchor,acc,replace,0.31047754177897574,-0.27682804312668463,0.001348869943366303
2026,P4,datum_transformer,target_real_anchor,cc,append,0.23951900629032608,-0.22504454285252928,0.0008755024283517574
2026,P4,datum_transformer,target_real_anchor,cc,replace,0.3384314285714286,-0.3259828571428572,0.0005914335053808497
2026,P4,datum_transformer,target_real_anchor,dys,append,0.7249849011759976,0.7249849011759976,0.0007831527955325234
2026,P4,datum_transformer,target_real_anchor,dys,replace,0.6214243136707238,0.6214226105675849,0.0017694733593273228
2026,P4,datum_transformer,target_real_anchor,emq,append,0.7249908619656895,0.7249908619656895,0.0007831527955325234
2026,P4,datum_transformer,target_real_anchor,emq,replace,0.6214285713753466,0.6214285713591219,0.0017694733593273228
2026,P4,datum_transformer,target_real_anchor,hdy,append,0.7249849011759976,0.7249849011759976,0.0007831527955325234
2026,P4,datum_transformer,target_real_anchor,hdy,replace,0.6214243136707238,0.6214226105675849,0.0017694733593273228
2026,P4,datum_transformer,target_real_anchor,kdey,append,0.7249849011759976,0.7249849011759976,0.0007831527955325234
2026,P4,datum_transformer,target_real_anchor,kdey,replace,0.6214243136707238,0.6214226105675849,0.0017694733593273228
2026,P4,datum_transformer,target_real_anchor,median_sweep,append,0.7249908620369842,0.7249908620369842,0.0007831527955325234
2026,P4,datum_transformer,target_real_anchor,median_sweep,replace,0.6214285714285714,0.6214285714285714,0.0017694733593273228
2026,P4,datum_transformer,target_real_anchor,pacc,append,0.7249908620369842,0.7249908620369842,0.0007831527955325234
2026,P4,datum_transformer,target_real_anchor,pacc,replace,0.6214285714285714,0.6214285714285714,0.0017694733593273228
2026,P4,datum_transformer,target_real_anchor,pcc,append,0.6908445753972269,0.6908445753972269,0.0007831527955325234
2026,P4,datum_transformer,target_real_anchor,pcc,replace,0.596903927789977,0.5874078881056501,0.0017694733593273228
2026,P4,flat_transformer,oracle_target,cc,append,0.2750091379630159,-0.2750091379630159,0.0
2026,P4,flat_transformer,oracle_target,cc,replace,0.37857142857142856,-0.37857142857142856,0.0
2026,P4,flat_transformer,oracle_target,dys,append,0.7249849011759976,0.7249849011759976,0.0
2026,P4,flat_transformer,oracle_target,dys,replace,0.6214243136707238,0.6214226105675849,0.0
2026,P4,flat_transformer,oracle_target,emq,append,0.30832419537031747,0.22499086203698412,0.0
2026,P4,flat_transformer,oracle_target,emq,replace,0.3357142857142857,0.12142857142857143,0.0
2026,P4,flat_transformer,oracle_target,hdy,append,0.7249849011759976,0.7249849011759976,0.0
2026,P4,flat_transformer,oracle_target,hdy,replace,0.6214243136707238,0.6214226105675849,0.0
2026,P4,flat_transformer,oracle_target,pcc,append,0.30832419537031747,0.22499086203698412,0.0
2026,P4,flat_transformer,oracle_target,pcc,replace,0.3357142857142857,0.12142857142857143,0.0
2026,P4,flat_transformer,source_only,acc,append,0.7249908620369842,0.7249908620369842,
2026,P4,flat_transformer,source_only,acc,replace,0.6214285714285714,0.6214285714285714,
2026,P4,flat_transformer,source_only,cc,append,0.7249908620369842,0.7249908620369842,
2026,P4,flat_transformer,source_only,cc,replace,0.6214285714285714,0.6214285714285714,
2026,P4,flat_transformer,source_only,dys,append,0.7249849011759976,0.7249849011759976,
2026,P4,flat_transformer,source_only,dys,replace,0.6214243136707238,0.6214226105675849,
2026,P4,flat_transformer,source_only,emq,append,0.7249908619916574,0.7249908619916574,
2026,P4,flat_transformer,source_only,emq,replace,0.6214285713961899,0.62142857138325,
2026,P4,flat_transformer,source_only,hdy,append,0.7249849011759976,0.7249849011759976,
2026,P4,flat_transformer,source_only,hdy,replace,0.6214243136707238,0.6214226105675849,
2026,P4,flat_transformer,source_only,kdey,append,0.7249849011759976,0.7249849011759976,
2026,P4,flat_transformer,source_only,kdey,replace,0.6214243136707238,0.6214226105675849,
2026,P4,flat_transformer,source_only,median_sweep,append,0.7249908620369842,0.7249908620369842,
2026,P4,flat_transformer,source_only,median_sweep,replace,0.6214285714285714,0.6214285714285714,
2026,P4,flat_transformer,source_only,pacc,append,0.7249908620369842,0.7249908620369842,
2026,P4,flat_transformer,source_only,pacc,replace,0.6214285714285714,0.6214285714285714,
2026,P4,flat_transformer,source_only,pcc,append,0.6765215277026424,0.6765215277026424,
2026,P4,flat_transformer,source_only,pcc,replace,0.5868069447204141,0.5729599161375815,
2026,P4,flat_transformer,target_real_anchor,acc,append,0.32570339181811436,0.32570339181811436,0.00029035561835130333
2026,P4,flat_transformer,target_real_anchor,acc,replace,0.2761753469387755,0.2761753469387755,0.0012127270338936663
2026,P4,flat_transformer,target_real_anchor,cc,append,0.21991003603302037,-0.20999670269968704,0.00177442867074836
2026,P4,flat_transformer,target_real_anchor,cc,replace,0.30906142857142854,-0.30054714285714285,0.0013965434566928056
2026,P4,flat_transformer,target_real_anchor,dys,append,0.7249849011759976,0.7249849011759976,0.00029035561835130333
2026,P4,flat_transformer,target_real_anchor,dys,replace,0.6214243136707238,0.6214226105675849,0.0012127270338936663
2026,P4,flat_transformer,target_real_anchor,emq,append,0.7249908619916574,0.7249908619916574,0.00029035561835130333
2026,P4,flat_transformer,target_real_anchor,emq,replace,0.6214285713961899,0.62142857138325,0.0012127270338936663
2026,P4,flat_transformer,target_real_anchor,hdy,append,0.7249849011759976,0.7249849011759976,0.00029035561835130333
2026,P4,flat_transformer,target_real_anchor,hdy,replace,0.6214243136707238,0.6214226105675849,0.0012127270338936663
2026,P4,flat_transformer,target_real_anchor,kdey,append,0.7249849011759976,0.7249849011759976,0.00029035561835130333
2026,P4,flat_transformer,target_real_anchor,kdey,replace,0.6214243136707238,0.6214226105675849,0.0012127270338936663
2026,P4,flat_transformer,target_real_anchor,median_sweep,append,0.7249908620369842,0.7249908620369842,0.00029035561835130333
2026,P4,flat_transformer,target_real_anchor,median_sweep,replace,0.6214285714285714,0.6214285714285714,0.0012127270338936663
2026,P4,flat_transformer,target_real_anchor,pacc,append,0.7249908620369842,0.7249908620369842,0.00029035561835130333
2026,P4,flat_transformer,target_real_anchor,pacc,replace,0.6214285714285714,0.6214285714285714,0.0012127270338936663
2026,P4,flat_transformer,target_real_anchor,pcc,append,0.6765215277026424,0.6765215277026424,0.00029035561835130333
2026,P4,flat_transformer,target_real_anchor,pcc,replace,0.5868069447204141,0.5729599161375815,0.0012127270338936663
2027,P1,c2st_lr,oracle_target,acc,append,0.033655584216817316,-0.018864584285792792,0.0002690163237793633
2027,P1,c2st_lr,oracle_target,acc,replace,0.040736704127944647,-0.018364605575967155,0.0005003893591901173
2027,P1,c2st_lr,oracle_target,cc,append,0.20621920294068857,-0.1913805419720276,0.0002014279643631554
2027,P1,c2st_lr,oracle_target,cc,replace,0.29207571428571427,-0.27933,0.0004886143836820686
2027,P1,c2st_lr,oracle_target,dys,append,0.02549262317030728,-0.008754068640695488,0.0002690163237793633
2027,P1,c2st_lr,oracle_target,dys,replace,0.030168979335199783,-0.008310319544905269,0.0005296226983847686
2027,P1,c2st_lr,oracle_target,emq,append,0.021094354059867534,-0.0037771556907216274,0.00028918293183281997
2027,P1,c2st_lr,oracle_target,emq,replace,0.02313207542488485,-0.0019317046321567074,0.00050932264060888
2027,P1,c2st_lr,oracle_target,hdy,append,0.020299420346114417,-0.003126311384995825,0.00031445987925677
2027,P1,c2st_lr,oracle_target,hdy,replace,0.024073794511019243,-0.0028936044545308107,0.00050932264060888
2027,P1,c2st_lr,oracle_target,kdey,append,0.022975635794624395,-0.009278398346872978,0.0002690163237793633
2027,P1,c2st_lr,oracle_target,kdey,replace,0.02477544584262318,-0.006664357464866232,0.00050932264060888
2027,P1,c2st_lr,oracle_target,median_sweep,append,0.024188589702988036,-0.012712900494940702,0.00033600023445282996
2027,P1,c2st_lr,oracle_target,median_sweep,replace,0.027121920671081243,-0.011368568674987775,0.00050932264060888
2027,P1,c2st_lr,oracle_target,pacc,append,0.02116435594485142,-0.0047105248406743684,0.00028918293183281997
2027,P1,c2st_lr,oracle_target,pacc,replace,0.02383022467282906,-0.003997290987807538,0.00050932264060888
2027,P1,c2st_lr,oracle_target,pcc,append,0.2679728170796754,0.19507555928214024,0.0005063631967645355
2027,P1,c2st_lr,oracle_target,pcc,replace,0.291868981157773,0.10537423197710971,0.0004786135044838876
2027,P1,c2st_lr,source_only,acc,append,0.033655584216817316,-0.018864584285792792,0.0002690163237793633
2027,P1,c2st_lr,source_only,acc,replace,0.040736704127944647,-0.018364605575967155,0.0005003893591901173
2027,P1,c2st_lr,source_only,cc,append,0.20621920294068857,-0.1913805419720276,0.0002014279643631554
2027,P1,c2st_lr,source_only,cc,replace,0.29207571428571427,-0.27933,0.0004886143836820686
2027,P1,c2st_lr,source_only,dys,append,0.02549262317030728,-0.008754068640695488,0.0002690163237793633
2027,P1,c2st_lr,source_only,dys,replace,0.030168979335199783,-0.008310319544905269,0.0005296226983847686
2027,P1,c2st_lr,source_only,emq,append,0.021094354059867534,-0.0037771556907216274,0.00028918293183281997
2027,P1,c2st_lr,source_only,emq,replace,0.02313207542488485,-0.0019317046321567074,0.00050932264060888
2027,P1,c2st_lr,source_only,hdy,append,0.020299420346114417,-0.003126311384995825,0.00031445987925677
2027,P1,c2st_lr,source_only,hdy,replace,0.024073794511019243,-0.0028936044545308107,0.00050932264060888
2027,P1,c2st_lr,source_only,kdey,append,0.022975635794624395,-0.009278398346872978,0.0002690163237793633
2027,P1,c2st_lr,source_only,kdey,replace,0.02477544584262318,-0.006664357464866232,0.00050932264060888
2027,P1,c2st_lr,source_only,median_sweep,append,0.024188589702988036,-0.012712900494940702,0.00033600023445282996
2027,P1,c2st_lr,source_only,median_sweep,replace,0.027121920671081243,-0.011368568674987775,0.00050932264060888
2027,P1,c2st_lr,source_only,pacc,append,0.02116435594485142,-0.0047105248406743684,0.00028918293183281997
2027,P1,c2st_lr,source_only,pacc,replace,0.02383022467282906,-0.003997290987807538,0.00050932264060888
2027,P1,c2st_lr,source_only,pcc,append,0.2679728170796754,0.19507555928214024,0.0005063631967645355
2027,P1,c2st_lr,source_only,pcc,replace,0.291868981157773,0.10537423197710971,0.0004786135044838876
2027,P1,c2st_lr,target_real_anchor,acc,append,0.03103769237758216,-0.008983671060993377,0.00022445196647323531
2027,P1,c2st_lr,target_real_anchor,acc,replace,0.0389175771604938,-0.008998048941798913,0.000508741741817149
2027,P1,c2st_lr,target_real_anchor,cc,append,0.2078372969338745,-0.19335408389177255,0.00020963381396165833
2027,P1,c2st_lr,target_real_anchor,cc,replace,0.2940928571428571,-0.28167000000000003,0.0004757247104925919
2027,P1,c2st_lr,target_real_anchor,dys,append,0.02549262317030728,-0.008754068640695488,0.0002619644217806653
2027,P1,c2st_lr,target_real_anchor,dys,replace,0.030168979335199783,-0.008310319544905269,0.0005275503026953462
2027,P1,c2st_lr,target_real_anchor,emq,append,0.021094354059867534,-0.0037771556907216274,0.00028061074966297534
2027,P1,c2st_lr,target_real_anchor,emq,replace,0.02313207542488485,-0.0019317046321567074,0.0005041730513200319
2027,P1,c2st_lr,target_real_anchor,hdy,append,0.020299420346114417,-0.003126311384995825,0.00030515503194419863
2027,P1,c2st_lr,target_real_anchor,hdy,replace,0.024073794511019243,-0.0028936044545308107,0.0005041730513200319
2027,P1,c2st_lr,target_real_anchor,kdey,append,0.022975635794624395,-0.009278398346872978,0.0002619644217806653
2027,P1,c2st_lr,target_real_anchor,kdey,replace,0.02477544584262318,-0.006664357464866232,0.0005041730513200319
2027,P1,c2st_lr,target_real_anchor,median_sweep,append,0.024188589702988036,-0.012712900494940702,0.00032742805228298534
2027,P1,c2st_lr,target_real_anchor,median_sweep,replace,0.027121920671081243,-0.011368568674987775,0.0005041730513200319
2027,P1,c2st_lr,target_real_anchor,pacc,append,0.02116435594485142,-0.0047105248406743684,0.00028061074966297534
2027,P1,c2st_lr,target_real_anchor,pacc,replace,0.02383022467282906,-0.003997290987807538,0.0005041730513200319
2027,P1,c2st_lr,target_real_anchor,pcc,append,0.2679728170796754,0.19507555928214024,0.000502406804993845
2027,P1,c2st_lr,target_real_anchor,pcc,replace,0.291868981157773,0.10537423197710971,0.00047011982215076236
2027,P1,c2st_xgb,oracle_target,acc,append,0.008028690748255846,-0.0069691122871349,0.0008611746087568163
2027,P1,c2st_xgb,oracle_target,acc,replace,0.01029594399967809,-0.008054409623043742,0.0032518243362053526
2027,P1,c2st_xgb,oracle_target,cc,append,0.056042369020564295,-0.026591945157665203,0.0007471902291776646
2027,P1,c2st_xgb,oracle_target,cc,replace,0.07791999999999996,-0.05305714285714286,0.0034083373106583623
2027,P1,c2st_xgb,oracle_target,dys,append,0.006705382572679206,-0.004247698710209961,0.0007820284567141363
2027,P1,c2st_xgb,oracle_target,dys,replace,0.009901242610592938,-0.006758751585013255,0.0033569356175738863
2027,P1,c2st_xgb,oracle_target,emq,append,0.007448950676507195,-0.006872296547788587,0.0008670542465271629
2027,P1,c2st_xgb,oracle_target,emq,replace,0.008156869861486176,-0.006831605158304553,0.0032518243362053526
2027,P1,c2st_xgb,oracle_target,hdy,append,0.005706390419622441,-0.004251526389395709,0.0008611746087568163
2027,P1,c2st_xgb,oracle_target,hdy,replace,0.006964420531893124,-0.0049160684982298185,0.0032518243362053526
2027,P1,c2st_xgb,oracle_target,kdey,append,0.006329116233562431,-0.004609757233802088,0.0008611746087568163
2027,P1,c2st_xgb,oracle_target,kdey,replace,0.007517349759545344,-0.005579390836229283,0.0033569356175738863
2027,P1,c2st_xgb,oracle_target,median_sweep,append,0.007358499459498974,-0.006500313115294581,0.0008611746087568163
2027,P1,c2st_xgb,oracle_target,median_sweep,replace,0.00895687370319494,-0.00731590081379078,0.0032518243362053526
2027,P1,c2st_xgb,oracle_target,pacc,append,0.007762766615326061,-0.006929829781618453,0.0008611746087568163
2027,P1,c2st_xgb,oracle_target,pacc,replace,0.009373400449078676,-0.007869264406059272,0.0032518243362053526
2027,P1,c2st_xgb,oracle_target,pcc,append,0.11031779922511203,0.07656208402321242,0.0008209512924213083
2027,P1,c2st_xgb,oracle_target,pcc,replace,0.12138740130686289,0.038572679720048055,0.0035749453641136003
2027,P1,c2st_xgb,source_only,acc,append,0.008028690748255846,-0.0069691122871349,0.0008611746087568163
2027,P1,c2st_xgb,source_only,acc,replace,0.01029594399967809,-0.008054409623043742,0.0032518243362053526
2027,P1,c2st_xgb,source_only,cc,append,0.056042369020564295,-0.026591945157665203,0.0007471902291776646
2027,P1,c2st_xgb,source_only,cc,replace,0.07791999999999996,-0.05305714285714286,0.0034083373106583623
2027,P1,c2st_xgb,source_only,dys,append,0.006705382572679206,-0.004247698710209961,0.0007820284567141363
2027,P1,c2st_xgb,source_only,dys,replace,0.009901242610592938,-0.006758751585013255,0.0033569356175738863
2027,P1,c2st_xgb,source_only,emq,append,0.007448950676507195,-0.006872296547788587,0.0008670542465271629
2027,P1,c2st_xgb,source_only,emq,replace,0.008156869861486176,-0.006831605158304553,0.0032518243362053526
2027,P1,c2st_xgb,source_only,hdy,append,0.005706390419622441,-0.004251526389395709,0.0008611746087568163
2027,P1,c2st_xgb,source_only,hdy,replace,0.006964420531893124,-0.0049160684982298185,0.0032518243362053526
2027,P1,c2st_xgb,source_only,kdey,append,0.006329116233562431,-0.004609757233802088,0.0008611746087568163
2027,P1,c2st_xgb,source_only,kdey,replace,0.007517349759545344,-0.005579390836229283,0.0033569356175738863
2027,P1,c2st_xgb,source_only,median_sweep,append,0.007358499459498974,-0.006500313115294581,0.0008611746087568163
2027,P1,c2st_xgb,source_only,median_sweep,replace,0.00895687370319494,-0.00731590081379078,0.0032518243362053526
2027,P1,c2st_xgb,source_only,pacc,append,0.007762766615326061,-0.006929829781618453,0.0008611746087568163
2027,P1,c2st_xgb,source_only,pacc,replace,0.009373400449078676,-0.007869264406059272,0.0032518243362053526
2027,P1,c2st_xgb,source_only,pcc,append,0.11031779922511203,0.07656208402321242,0.0008209512924213083
2027,P1,c2st_xgb,source_only,pcc,replace,0.12138740130686289,0.038572679720048055,0.0035749453641136003
2027,P1,c2st_xgb,target_real_anchor,acc,append,0.007033762617357503,-0.005199566475178858,0.0008440485610456266
2027,P1,c2st_xgb,target_real_anchor,acc,replace,0.009644424391028177,-0.006968908674330716,0.0030116305358084505
2027,P1,c2st_xgb,target_real_anchor,cc,append,0.05714090494424576,-0.033596493004476306,0.0007263459058671533
2027,P1,c2st_xgb,target_real_anchor,cc,replace,0.08052571428571424,-0.060651428571428564,0.0032373018664120685
2027,P1,c2st_xgb,target_real_anchor,dys,append,0.006705382572679206,-0.004247698710209961,0.000794025848426193
2027,P1,c2st_xgb,target_real_anchor,dys,replace,0.009901242610592938,-0.006758751585013255,0.003113476223969416
2027,P1,c2st_xgb,target_real_anchor,emq,append,0.007448950676507195,-0.006872296547788587,0.000877494724810933
2027,P1,c2st_xgb,target_real_anchor,emq,replace,0.008156869861486176,-0.006831605158304553,0.0030116305358084505
2027,P1,c2st_xgb,target_real_anchor,hdy,append,0.005706390419622441,-0.004251526389395709,0.0008469425883593831
2027,P1,c2st_xgb,target_real_anchor,hdy,replace,0.006964420531893124,-0.0049160684982298185,0.0030116305358084505
2027,P1,c2st_xgb,target_real_anchor,kdey,append,0.006329116233562431,-0.004609757233802088,0.0008469425883593831
2027,P1,c2st_xgb,target_real_anchor,kdey,replace,0.007517349759545344,-0.005579390836229283,0.003113476223969416
2027,P1,c2st_xgb,target_real_anchor,median_sweep,append,0.007358499459498974,-0.006500313115294581,0.0008469425883593831
2027,P1,c2st_xgb,target_real_anchor,median_sweep,replace,0.00895687370319494,-0.00731590081379078,0.0030116305358084505
2027,P1,c2st_xgb,target_real_anchor,pacc,append,0.007762766615326061,-0.006929829781618453,0.0008469425883593831
2027,P1,c2st_xgb,target_real_anchor,pacc,replace,0.009373400449078676,-0.007869264406059272,0.0030116305358084505
2027,P1,c2st_xgb,target_real_anchor,pcc,append,0.11031779922511203,0.07656208402321242,0.0007291300334095166
2027,P1,c2st_xgb,target_real_anchor,pcc,replace,0.12138740130686289,0.038572679720048055,0.003275342887286754
2027,P1,char3gram,oracle_target,acc,append,0.009891451417221407,-0.006244390812873706,0.0007248256256959942
2027,P1,char3gram,oracle_target,acc,replace,0.013340843957535492,-0.00846455911580788,0.0041282436132532435
2027,P1,char3gram,oracle_target,cc,append,0.08774106172273904,-0.05936581271920623,0.0008241017525349876
2027,P1,char3gram,oracle_target,cc,replace,0.1235928571428571,-0.09980428571428572,0.0042594639403149516
2027,P1,char3gram,oracle_target,dys,append,0.008493215297167183,-0.0007295281473427009,0.0008643433854990543
2027,P1,char3gram,oracle_target,dys,replace,0.011039819933354473,-0.0017098695827632551,0.004070232233916907
2027,P1,char3gram,oracle_target,emq,append,0.011553699035556255,-0.010539447614790037,0.0006951343707871409
2027,P1,char3gram,oracle_target,emq,replace,0.013063441365544574,-0.01063760065903741,0.004054014167650492
2027,P1,char3gram,oracle_target,hdy,append,0.007477538845986895,-0.0023974302611313265,0.0008643433854990543
2027,P1,char3gram,oracle_target,hdy,replace,0.008979291530906793,-0.0026488175918473952,0.004070232233916907
2027,P1,char3gram,oracle_target,kdey,append,0.007137324611601596,-0.0037899963663419176,0.0008643433854990543
2027,P1,char3gram,oracle_target,kdey,replace,0.008806514983325188,-0.004007809564424429,0.004054014167650492
2027,P1,char3gram,oracle_target,median_sweep,append,0.009253719300821545,-0.006720564069423802,0.0006951343707871409
2027,P1,char3gram,oracle_target,median_sweep,replace,0.011134095124413318,-0.007096299773520257,0.004054014167650492
2027,P1,char3gram,oracle_target,pacc,append,0.008863889159727158,-0.0054073982476302695,0.0007534361995193376
2027,P1,char3gram,oracle_target,pacc,replace,0.010768617495214707,-0.005990892595418743,0.0041143177422190555
2027,P1,char3gram,oracle_target,pcc,append,0.15189765378156514,0.1077866947238802,0.0011322423949357866
2027,P1,char3gram,oracle_target,pcc,replace,0.16604989739957604,0.056574725562431545,0.00445241653897354
2027,P1,char3gram,source_only,acc,append,0.009891451417221407,-0.006244390812873706,0.0007248256256959942
2027,P1,char3gram,source_only,acc,replace,0.013340843957535492,-0.00846455911580788,0.0041282436132532435
2027,P1,char3gram,source_only,cc,append,0.08774106172273904,-0.05936581271920623,0.0008241017525349876
2027,P1,char3gram,source_only,cc,replace,0.1235928571428571,-0.09980428571428572,0.0042594639403149516
2027,P1,char3gram,source_only,dys,append,0.008493215297167183,-0.0007295281473427009,0.0008643433854990543
2027,P1,char3gram,source_only,dys,replace,0.011039819933354473,-0.0017098695827632551,0.004070232233916907
2027,P1,char3gram,source_only,emq,append,0.011553699035556255,-0.010539447614790037,0.0006951343707871409
2027,P1,char3gram,source_only,emq,replace,0.013063441365544574,-0.01063760065903741,0.004054014167650492
2027,P1,char3gram,source_only,hdy,append,0.007477538845986895,-0.0023974302611313265,0.0008643433854990543
2027,P1,char3gram,source_only,hdy,replace,0.008979291530906793,-0.0026488175918473952,0.004070232233916907
2027,P1,char3gram,source_only,kdey,append,0.007137324611601596,-0.0037899963663419176,0.0008643433854990543
2027,P1,char3gram,source_only,kdey,replace,0.008806514983325188,-0.004007809564424429,0.004054014167650492
2027,P1,char3gram,source_only,median_sweep,append,0.009253719300821545,-0.006720564069423802,0.0006951343707871409
2027,P1,char3gram,source_only,median_sweep,replace,0.011134095124413318,-0.007096299773520257,0.004054014167650492
2027,P1,char3gram,source_only,pacc,append,0.008863889159727158,-0.0054073982476302695,0.0007534361995193376
2027,P1,char3gram,source_only,pacc,replace,0.010768617495214707,-0.005990892595418743,0.0041143177422190555
2027,P1,char3gram,source_only,pcc,append,0.15189765378156514,0.1077866947238802,0.0011322423949357866
2027,P1,char3gram,source_only,pcc,replace,0.16604989739957604,0.056574725562431545,0.00445241653897354
2027,P1,char3gram,target_real_anchor,acc,append,0.008356699653956015,-0.00272655480514694,0.0007117475528984102
2027,P1,char3gram,target_real_anchor,acc,replace,0.01203716886826128,-0.004897045442954011,0.003538317340299903
2027,P1,char3gram,target_real_anchor,cc,append,0.09574965817643463,-0.07861816422077128,0.0006668718129066135
2027,P1,char3gram,target_real_anchor,cc,replace,0.13634285714285713,-0.12193142857142858,0.003538317340299903
2027,P1,char3gram,target_real_anchor,dys,append,0.008493215297167183,-0.0007295281473427009,0.0007117475528984102
2027,P1,char3gram,target_real_anchor,dys,replace,0.011039819933354473,-0.0017098695827632551,0.0035534364088522343
2027,P1,char3gram,target_real_anchor,emq,append,0.011553699035556255,-0.010539447614790037,0.0005968839751479803
2027,P1,char3gram,target_real_anchor,emq,replace,0.013063441365544574,-0.01063760065903741,0.003538317340299903
2027,P1,char3gram,target_real_anchor,hdy,append,0.007477538845986895,-0.0023974302611313265,0.0007117475528984102
2027,P1,char3gram,target_real_anchor,hdy,replace,0.008979291530906793,-0.0026488175918473952,0.0035534364088522343
2027,P1,char3gram,target_real_anchor,kdey,append,0.007137324611601596,-0.0037899963663419176,0.0007117475528984102
2027,P1,char3gram,target_real_anchor,kdey,replace,0.008806514983325188,-0.004007809564424429,0.003538317340299903
2027,P1,char3gram,target_real_anchor,median_sweep,append,0.009253719300821545,-0.006720564069423802,0.0005968839751479803
2027,P1,char3gram,target_real_anchor,median_sweep,replace,0.011134095124413318,-0.007096299773520257,0.003538317340299903
2027,P1,char3gram,target_real_anchor,pacc,append,0.008863889159727158,-0.0054073982476302695,0.0006053462575464402
2027,P1,char3gram,target_real_anchor,pacc,replace,0.010768617495214707,-0.005990892595418743,0.0035573457007209114
2027,P1,char3gram,target_real_anchor,pcc,append,0.15189765378156514,0.1077866947238802,0.00089379652423654
2027,P1,char3gram,target_real_anchor,pcc,replace,0.16604989739957604,0.056574725562431545,0.0036990379060011084
2027,P1,column_positional_ablation,oracle_target,acc,append,0.011801777148754982,-0.011543073374659868,0.0007790794795146601
2027,P1,column_positional_ablation,oracle_target,acc,replace,0.012950017467248876,-0.011743523809523784,0.0052640734507271945
2027,P1,column_positional_ablation,oracle_target,cc,append,0.06168204626012891,-0.037272200426542716,0.0008133315749369676
2027,P1,column_positional_ablation,oracle_target,cc,replace,0.08663428571428568,-0.06557428571428571,0.005392985882589326
2027,P1,column_positional_ablation,oracle_target,dys,append,0.006648960379278725,-0.003961063306190122,0.0008110053631088233
2027,P1,column_positional_ablation,oracle_target,dys,replace,0.010408729127395816,-0.006534665264765927,0.0053635170438845236
2027,P1,column_positional_ablation,oracle_target,emq,append,0.013705125516773204,-0.013612757941605942,0.0007790794795146601
2027,P1,column_positional_ablation,oracle_target,emq,replace,0.013714769117022215,-0.013082820814068068,0.0052640734507271945
2027,P1,column_positional_ablation,oracle_target,hdy,append,0.007293107082251316,-0.0060590960328555975,0.0007790794795146601
2027,P1,column_positional_ablation,oracle_target,hdy,replace,0.00895798231480815,-0.00698580789150642,0.0052640734507271945
2027,P1,column_positional_ablation,oracle_target,kdey,append,0.011983492960349625,-0.011888958364742514,0.0007790794795146601
2027,P1,column_positional_ablation,oracle_target,kdey,replace,0.012437450826995088,-0.011863323771118393,0.0052640734507271945
2027,P1,column_positional_ablation,oracle_target,median_sweep,append,0.011709841565864763,-0.011574847823060383,0.0007790794795146601
2027,P1,column_positional_ablation,oracle_target,median_sweep,replace,0.01266850136704418,-0.011910826244594589,0.0052640734507271945
2027,P1,column_positional_ablation,oracle_target,pacc,append,0.011651771302290281,-0.011375245516790363,0.0007790794795146601
2027,P1,column_positional_ablation,oracle_target,pacc,replace,0.012441489497208497,-0.011519445470480644,0.0052640734507271945
2027,P1,column_positional_ablation,oracle_target,pcc,append,0.11967884254008285,0.08136180925714671,0.0008574013832717599
2027,P1,column_positional_ablation,oracle_target,pcc,replace,0.13248136273675648,0.040335045274413575,0.005515916626893378
2027,P1,column_positional_ablation,source_only,acc,append,0.011801777148754982,-0.011543073374659868,0.0007790794795146601
2027,P1,column_positional_ablation,source_only,acc,replace,0.012950017467248876,-0.011743523809523784,0.0052640734507271945
2027,P1,column_positional_ablation,source_only,cc,append,0.06168204626012891,-0.037272200426542716,0.0008133315749369676
2027,P1,column_positional_ablation,source_only,cc,replace,0.08663428571428568,-0.06557428571428571,0.005392985882589326
2027,P1,column_positional_ablation,source_only,dys,append,0.006648960379278725,-0.003961063306190122,0.0008110053631088233
2027,P1,column_positional_ablation,source_only,dys,replace,0.010408729127395816,-0.006534665264765927,0.0053635170438845236
2027,P1,column_positional_ablation,source_only,emq,append,0.013705125516773204,-0.013612757941605942,0.0007790794795146601
2027,P1,column_positional_ablation,source_only,emq,replace,0.013714769117022215,-0.013082820814068068,0.0052640734507271945
2027,P1,column_positional_ablation,source_only,hdy,append,0.007293107082251316,-0.0060590960328555975,0.0007790794795146601
2027,P1,column_positional_ablation,source_only,hdy,replace,0.00895798231480815,-0.00698580789150642,0.0052640734507271945
2027,P1,column_positional_ablation,source_only,kdey,append,0.011983492960349625,-0.011888958364742514,0.0007790794795146601
2027,P1,column_positional_ablation,source_only,kdey,replace,0.012437450826995088,-0.011863323771118393,0.0052640734507271945
2027,P1,column_positional_ablation,source_only,median_sweep,append,0.011709841565864763,-0.011574847823060383,0.0007790794795146601
2027,P1,column_positional_ablation,source_only,median_sweep,replace,0.01266850136704418,-0.011910826244594589,0.0052640734507271945
2027,P1,column_positional_ablation,source_only,pacc,append,0.011651771302290281,-0.011375245516790363,0.0007790794795146601
2027,P1,column_positional_ablation,source_only,pacc,replace,0.012441489497208497,-0.011519445470480644,0.0052640734507271945
2027,P1,column_positional_ablation,source_only,pcc,append,0.11967884254008285,0.08136180925714671,0.0008574013832717599
2027,P1,column_positional_ablation,source_only,pcc,replace,0.13248136273675648,0.040335045274413575,0.005515916626893378
2027,P1,column_positional_ablation,target_real_anchor,acc,append,0.0116328736102121,-0.011268316609733924,0.0008104558642517883
2027,P1,column_positional_ablation,target_real_anchor,acc,replace,0.012748394202898526,-0.011344463768115933,0.005696937250370483
2027,P1,column_positional_ablation,target_real_anchor,cc,append,0.06088760420939507,-0.029428507943643153,0.0008312818709336932
2027,P1,column_positional_ablation,target_real_anchor,cc,replace,0.08430428571428566,-0.057287142857142856,0.0058392103544424225
2027,P1,column_positional_ablation,target_real_anchor,dys,append,0.006648960379278725,-0.003961063306190122,0.0008410995838461849
2027,P1,column_positional_ablation,target_real_anchor,dys,replace,0.010408729127395816,-0.006534665264765927,0.005797683940817366
2027,P1,column_positional_ablation,target_real_anchor,emq,append,0.013705125516773204,-0.013612757941605942,0.0008104558642517883
2027,P1,column_positional_ablation,target_real_anchor,emq,replace,0.013714769117022215,-0.013082820814068068,0.005696937250370483
2027,P1,column_positional_ablation,target_real_anchor,hdy,append,0.007293107082251316,-0.0060590960328555975,0.0008104558642517883
2027,P1,column_positional_ablation,target_real_anchor,hdy,replace,0.00895798231480815,-0.00698580789150642,0.005696937250370483
2027,P1,column_positional_ablation,target_real_anchor,kdey,append,0.011983492960349625,-0.011888958364742514,0.0008104558642517883
2027,P1,column_positional_ablation,target_real_anchor,kdey,replace,0.012437450826995088,-0.011863323771118393,0.005696937250370483
2027,P1,column_positional_ablation,target_real_anchor,median_sweep,append,0.011709841565864763,-0.011574847823060383,0.0008104558642517883
2027,P1,column_positional_ablation,target_real_anchor,median_sweep,replace,0.01266850136704418,-0.011910826244594589,0.005696937250370483
2027,P1,column_positional_ablation,target_real_anchor,pacc,append,0.011651771302290281,-0.011375245516790363,0.0008104558642517883
2027,P1,column_positional_ablation,target_real_anchor,pacc,replace,0.012441489497208497,-0.011519445470480644,0.005696937250370483
2027,P1,column_positional_ablation,target_real_anchor,pcc,append,0.11967884254008285,0.08136180925714671,0.0009033028544633766
2027,P1,column_positional_ablation,target_real_anchor,pcc,replace,0.13248136273675648,0.040335045274413575,0.005973853274385141
2027,P1,datum_transformer,oracle_target,acc,append,0.011737546597890364,-0.011536670229947667,0.00073369087392296
2027,P1,datum_transformer,oracle_target,acc,replace,0.0139038662000823,-0.012874975298476716,0.007553631088447288
2027,P1,datum_transformer,oracle_target,cc,append,0.06084426324321414,-0.035270619351759486,0.0006480240021100567
2027,P1,datum_transformer,oracle_target,cc,replace,0.08560714285714281,-0.06383285714285715,0.0075645896656534395
2027,P1,datum_transformer,oracle_target,dys,append,0.006975832848112414,-0.004286727775613854,0.00074237295586423
2027,P1,datum_transformer,oracle_target,dys,replace,0.010550025206938584,-0.0070654038857593015,0.007608769373759651
2027,P1,datum_transformer,oracle_target,emq,append,0.014341758220480161,-0.014280591741956419,0.00073369087392296
2027,P1,datum_transformer,oracle_target,emq,replace,0.01455341645033695,-0.014103140732992238,0.007553631088447288
2027,P1,datum_transformer,oracle_target,hdy,append,0.007436921978048054,-0.00607981849746018,0.00073369087392296
2027,P1,datum_transformer,oracle_target,hdy,replace,0.008738525135439684,-0.006925719593562936,0.007608769373759651
2027,P1,datum_transformer,oracle_target,kdey,append,0.010660335989986008,-0.010400435375424311,0.00073369087392296
2027,P1,datum_transformer,oracle_target,kdey,replace,0.012299279280632139,-0.011608528594671732,0.007553631088447288
2027,P1,datum_transformer,oracle_target,median_sweep,append,0.013154196748001364,-0.013060053382246849,0.00073369087392296
2027,P1,datum_transformer,oracle_target,median_sweep,replace,0.014078835859615176,-0.0133198881051285,0.007553631088447288
2027,P1,datum_transformer,oracle_target,pacc,append,0.012871480922226716,-0.012757472086083922,0.00073369087392296
2027,P1,datum_transformer,oracle_target,pacc,replace,0.013769535285391021,-0.013113913099689982,0.007553631088447288
2027,P1,datum_transformer,oracle_target,pcc,append,0.11982849682957043,0.08083379955349197,0.0006417413985112106
2027,P1,datum_transformer,oracle_target,pcc,replace,0.13261639707536335,0.039477251738416805,0.007578405636916227
2027,P1,datum_transformer,source_only,acc,append,0.011737546597890364,-0.011536670229947667,0.00073369087392296
2027,P1,datum_transformer,source_only,acc,replace,0.0139038662000823,-0.012874975298476716,0.007553631088447288
2027,P1,datum_transformer,source_only,cc,append,0.06084426324321414,-0.035270619351759486,0.0006480240021100567
2027,P1,datum_transformer,source_only,cc,replace,0.08560714285714281,-0.06383285714285715,0.0075645896656534395
2027,P1,datum_transformer,source_only,dys,append,0.006975832848112414,-0.004286727775613854,0.00074237295586423
2027,P1,datum_transformer,source_only,dys,replace,0.010550025206938584,-0.0070654038857593015,0.007608769373759651
2027,P1,datum_transformer,source_only,emq,append,0.014341758220480161,-0.014280591741956419,0.00073369087392296
2027,P1,datum_transformer,source_only,emq,replace,0.01455341645033695,-0.014103140732992238,0.007553631088447288
2027,P1,datum_transformer,source_only,hdy,append,0.007436921978048054,-0.00607981849746018,0.00073369087392296
2027,P1,datum_transformer,source_only,hdy,replace,0.008738525135439684,-0.006925719593562936,0.007608769373759651
2027,P1,datum_transformer,source_only,kdey,append,0.010660335989986008,-0.010400435375424311,0.00073369087392296
2027,P1,datum_transformer,source_only,kdey,replace,0.012299279280632139,-0.011608528594671732,0.007553631088447288
2027,P1,datum_transformer,source_only,median_sweep,append,0.013154196748001364,-0.013060053382246849,0.00073369087392296
2027,P1,datum_transformer,source_only,median_sweep,replace,0.014078835859615176,-0.0133198881051285,0.007553631088447288
2027,P1,datum_transformer,source_only,pacc,append,0.012871480922226716,-0.012757472086083922,0.00073369087392296
2027,P1,datum_transformer,source_only,pacc,replace,0.013769535285391021,-0.013113913099689982,0.007553631088447288
2027,P1,datum_transformer,source_only,pcc,append,0.11982849682957043,0.08083379955349197,0.0006417413985112106
2027,P1,datum_transformer,source_only,pcc,replace,0.13261639707536335,0.039477251738416805,0.007578405636916227
2027,P1,datum_transformer,target_real_anchor,acc,append,0.012753470263905132,-0.012626426146407493,0.0006171421663442747
2027,P1,datum_transformer,target_real_anchor,acc,replace,0.014599439848540932,-0.01369344075400252,0.0074990737019266646
2027,P1,datum_transformer,target_real_anchor,cc,append,0.060539213345779073,-0.02649827165046996,0.000522243713733068
2027,P1,datum_transformer,target_real_anchor,cc,replace,0.08381285714285709,-0.054844285714285713,0.007520095958200382
2027,P1,datum_transformer,target_real_anchor,dys,append,0.006975832848112414,-0.004286727775613854,0.0006356236445694648
2027,P1,datum_transformer,target_real_anchor,dys,replace,0.010550025206938584,-0.0070654038857593015,0.007573899746288494
2027,P1,datum_transformer,target_real_anchor,emq,append,0.014341758220480161,-0.014280591741956419,0.0006171421663442747
2027,P1,datum_transformer,target_real_anchor,emq,replace,0.01455341645033695,-0.014103140732992238,0.0074990737019266646
2027,P1,datum_transformer,target_real_anchor,hdy,append,0.007436921978048054,-0.00607981849746018,0.0006171421663442747
2027,P1,datum_transformer,target_real_anchor,hdy,replace,0.008738525135439684,-0.006925719593562936,0.007573899746288494
2027,P1,datum_transformer,target_real_anchor,kdey,append,0.010660335989986008,-0.010400435375424311,0.0006171421663442747
2027,P1,datum_transformer,target_real_anchor,kdey,replace,0.012299279280632139,-0.011608528594671732,0.0074990737019266646
2027,P1,datum_transformer,target_real_anchor,median_sweep,append,0.013154196748001364,-0.013060053382246849,0.0006171421663442747
2027,P1,datum_transformer,target_real_anchor,median_sweep,replace,0.014078835859615176,-0.0133198881051285,0.0074990737019266646
2027,P1,datum_transformer,target_real_anchor,pacc,append,0.012871480922226716,-0.012757472086083922,0.0006171421663442747
2027,P1,datum_transformer,target_real_anchor,pacc,replace,0.013769535285391021,-0.013113913099689982,0.0074990737019266646
2027,P1,datum_transformer,target_real_anchor,pcc,append,0.11982849682957043,0.08083379955349197,0.0005484548092139784
2027,P1,datum_transformer,target_real_anchor,pcc,replace,0.13261639707536335,0.039477251738416805,0.0076131653646160065
2027,P1,flat_transformer,oracle_target,acc,append,0.010937399878957152,-0.008930592140231059,0.0006927348924447448
2027,P1,flat_transformer,oracle_target,acc,replace,0.014606564861460938,-0.01233284769701332,0.004860176090833663
2027,P1,flat_transformer,oracle_target,cc,append,0.07723033069322874,-0.04841376345530837,0.0007548648965476738
2027,P1,flat_transformer,oracle_target,cc,replace,0.10916857142857138,-0.08490285714285714,0.004905486196588635
2027,P1,flat_transformer,oracle_target,dys,append,0.008747338519774796,-0.006089275855346862,0.0008070672879666982
2027,P1,flat_transformer,oracle_target,dys,replace,0.012462971780126439,-0.009189576322868449,0.004860176090833663
2027,P1,flat_transformer,oracle_target,emq,append,0.013123735614385413,-0.0125114912475387,0.0007394056620362115
2027,P1,flat_transformer,oracle_target,emq,replace,0.014352862206556231,-0.012869974019011472,0.004860176090833663
2027,P1,flat_transformer,oracle_target,hdy,append,0.008329347497480651,-0.006126379495076786,0.0008070672879666982
2027,P1,flat_transformer,oracle_target,hdy,replace,0.010231813051651679,-0.007317655079215014,0.004860176090833663
2027,P1,flat_transformer,oracle_target,kdey,append,0.013144967207909041,-0.012680737989348443,0.0007394056620362115
2027,P1,flat_transformer,oracle_target,kdey,replace,0.015544612736455122,-0.014779690836580235,0.004860176090833663
2027,P1,flat_transformer,oracle_target,median_sweep,append,0.009712850927376586,-0.008193833256731797,0.0007394056620362115
2027,P1,flat_transformer,oracle_target,median_sweep,replace,0.011492116731080334,-0.008921620211048874,0.004860176090833663
2027,P1,flat_transformer,oracle_target,pacc,append,0.009608455514299861,-0.007914347601676119,0.0008070672879666982
2027,P1,flat_transformer,oracle_target,pacc,replace,0.011426602129000187,-0.008709544849592903,0.004860176090833663
2027,P1,flat_transformer,oracle_target,pcc,append,0.14693522804934703,0.1033524096813893,0.0007796106617431566
2027,P1,flat_transformer,oracle_target,pcc,replace,0.16122197581808134,0.053340993762155176,0.0048864107362656
2027,P1,flat_transformer,source_only,acc,append,0.010937399878957152,-0.008930592140231059,0.0006927348924447448
2027,P1,flat_transformer,source_only,acc,replace,0.014606564861460938,-0.01233284769701332,0.004860176090833663
2027,P1,flat_transformer,source_only,cc,append,0.07723033069322874,-0.04841376345530837,0.0007548648965476738
2027,P1,flat_transformer,source_only,cc,replace,0.10916857142857138,-0.08490285714285714,0.004905486196588635
2027,P1,flat_transformer,source_only,dys,append,0.008747338519774796,-0.006089275855346862,0.0008070672879666982
2027,P1,flat_transformer,source_only,dys,replace,0.012462971780126439,-0.009189576322868449,0.004860176090833663
2027,P1,flat_transformer,source_only,emq,append,0.013123735614385413,-0.0125114912475387,0.0007394056620362115
2027,P1,flat_transformer,source_only,emq,replace,0.014352862206556231,-0.012869974019011472,0.004860176090833663
2027,P1,flat_transformer,source_only,hdy,append,0.008329347497480651,-0.006126379495076786,0.0008070672879666982
2027,P1,flat_transformer,source_only,hdy,replace,0.010231813051651679,-0.007317655079215014,0.004860176090833663
2027,P1,flat_transformer,source_only,kdey,append,0.013144967207909041,-0.012680737989348443,0.0007394056620362115
2027,P1,flat_transformer,source_only,kdey,replace,0.015544612736455122,-0.014779690836580235,0.004860176090833663
2027,P1,flat_transformer,source_only,median_sweep,append,0.009712850927376586,-0.008193833256731797,0.0007394056620362115
2027,P1,flat_transformer,source_only,median_sweep,replace,0.011492116731080334,-0.008921620211048874,0.004860176090833663
2027,P1,flat_transformer,source_only,pacc,append,0.009608455514299861,-0.007914347601676119,0.0008070672879666982
2027,P1,flat_transformer,source_only,pacc,replace,0.011426602129000187,-0.008709544849592903,0.004860176090833663
2027,P1,flat_transformer,source_only,pcc,append,0.14693522804934703,0.1033524096813893,0.0007796106617431566
2027,P1,flat_transformer,source_only,pcc,replace,0.16122197581808134,0.053340993762155176,0.0048864107362656
2027,P1,flat_transformer,target_real_anchor,acc,append,0.00911066966465718,-0.005830048572813294,0.0006527680089092033
2027,P1,flat_transformer,target_real_anchor,acc,replace,0.013065859424920076,-0.009272231857599244,0.005083445326433686
2027,P1,flat_transformer,target_real_anchor,cc,append,0.07969195571180705,-0.060408346191310865,0.0006947680382158034
2027,P1,flat_transformer,target_real_anchor,cc,replace,0.11427142857142852,-0.09783714285714284,0.005083445326433686
2027,P1,flat_transformer,target_real_anchor,dys,append,0.008747338519774796,-0.006089275855346862,0.0007367131176367134
2027,P1,flat_transformer,target_real_anchor,dys,replace,0.012462971780126439,-0.009189576322868449,0.0050253711472279805
2027,P1,flat_transformer,target_real_anchor,emq,append,0.013123735614385413,-0.0125114912475387,0.0007045491178711667
2027,P1,flat_transformer,target_real_anchor,emq,replace,0.014352862206556231,-0.012869974019011472,0.0050253711472279805
2027,P1,flat_transformer,target_real_anchor,hdy,append,0.008329347497480651,-0.006126379495076786,0.0007367131176367134
2027,P1,flat_transformer,target_real_anchor,hdy,replace,0.010231813051651679,-0.007317655079215014,0.0050253711472279805
2027,P1,flat_transformer,target_real_anchor,kdey,append,0.013144967207909041,-0.012680737989348443,0.0007045491178711667
2027,P1,flat_transformer,target_real_anchor,kdey,replace,0.015544612736455122,-0.014779690836580235,0.0050253711472279805
2027,P1,flat_transformer,target_real_anchor,median_sweep,append,0.009712850927376586,-0.008193833256731797,0.0007045491178711667
2027,P1,flat_transformer,target_real_anchor,median_sweep,replace,0.011492116731080334,-0.008921620211048874,0.0050253711472279805
2027,P1,flat_transformer,target_real_anchor,pacc,append,0.009608455514299861,-0.007914347601676119,0.0007367131176367134
2027,P1,flat_transformer,target_real_anchor,pacc,replace,0.011426602129000187,-0.008709544849592903,0.0050253711472279805
2027,P1,flat_transformer,target_real_anchor,pcc,append,0.14693522804934703,0.1033524096813893,0.0007864793974561772
2027,P1,flat_transformer,target_real_anchor,pcc,replace,0.16122197581808134,0.053340993762155176,0.005277355623100258
2027,P2,c2st_lr,oracle_target,acc,append,0.08502819406049825,-0.02213408492868,0.00027720385674930996
2027,P2,c2st_lr,oracle_target,acc,replace,0.10688322820037102,-0.02995389610389608,0.0006126284257328372
2027,P2,c2st_lr,oracle_target,cc,append,0.23475423192767517,-0.21977480172824498,0.00045328160717423666
2027,P2,c2st_lr,oracle_target,cc,replace,0.33160285714285714,-0.31868285714285716,0.0004094551483332756
2027,P2,c2st_lr,oracle_target,dys,append,0.046207262373019496,0.02636836944531103,0.00034852880839340996
2027,P2,c2st_lr,oracle_target,dys,replace,0.052969147135085166,0.01994499286016911,0.0005801922931999944
2027,P2,c2st_lr,oracle_target,emq,append,0.04197675598013391,0.027803099119061325,0.0003462941797081066
2027,P2,c2st_lr,oracle_target,emq,replace,0.04163730986053549,0.02507765963656974,0.0005797369941470089
2027,P2,c2st_lr,oracle_target,hdy,append,0.04529998511474926,0.0347299327630153,0.00033860119570950996
2027,P2,c2st_lr,oracle_target,hdy,replace,0.04922145550769981,0.02857660852166299,0.000532323092767926
2027,P2,c2st_lr,oracle_target,kdey,append,0.05230923669246147,0.04482005501556905,0.0003568079245061866
2027,P2,c2st_lr,oracle_target,kdey,replace,0.05258327781170716,0.03691989286652149,0.0005874456781129501
2027,P2,c2st_lr,oracle_target,pacc,append,0.04236986617960697,0.028623909685678506,0.00044809800128949663
2027,P2,c2st_lr,oracle_target,pacc,replace,0.04241874783578226,0.0241849265368869,0.000531459594564013
2027,P2,c2st_lr,oracle_target,pcc,append,0.29000284518814184,0.212415872796454,0.00032457065822634327
2027,P2,c2st_lr,oracle_target,pcc,replace,0.3153708687461354,0.11547315772069983,0.0004656139315229798
2027,P2,c2st_lr,source_only,acc,append,0.275027799586194,-0.27449229782119144,0.00017089414454015921
2027,P2,c2st_lr,source_only,acc,replace,0.3782398595202075,-0.3777808580073482,0.00035072157049914187
2027,P2,c2st_lr,source_only,cc,append,0.25603217806083306,-0.24211152912129524,0.00017089414454015921
2027,P2,c2st_lr,source_only,cc,replace,0.36106571428571427,-0.34910857142857143,0.00035072157049914187
2027,P2,c2st_lr,source_only,dys,append,0.27603010518476584,-0.2723695011598872,0.00017089414454015921
2027,P2,c2st_lr,source_only,dys,replace,0.37957349453354744,-0.37650675343941675,0.00035072157049914187
2027,P2,c2st_lr,source_only,emq,append,0.2753797527690781,-0.27343694056314927,0.00017089414454015921
2027,P2,c2st_lr,source_only,emq,replace,0.3788667074033701,-0.37717240181909656,0.00035072157049914187
2027,P2,c2st_lr,source_only,hdy,append,0.2753654513423038,-0.2734125409199526,0.00017089414454015921
2027,P2,c2st_lr,source_only,hdy,replace,0.37903351223188453,-0.377314670055712,0.00035072157049914187
2027,P2,c2st_lr,source_only,kdey,append,0.2751601290850263,-0.2744634573711914,0.00017089414454015921
2027,P2,c2st_lr,source_only,kdey,replace,0.37869772696644116,-0.3780938803803158,0.00035072157049914187
2027,P2,c2st_lr,source_only,median_sweep,append,0.2753981565622822,-0.2739839737050076,0.00017089414454015921
2027,P2,c2st_lr,source_only,median_sweep,replace,0.379032573653853,-0.37782041691904616,0.00035072157049914187
2027,P2,c2st_lr,source_only,pacc,append,0.27562467536763163,-0.27353755935537727,0.00017089414454015921
2027,P2,c2st_lr,source_only,pacc,replace,0.3791534966650605,-0.377354833781683,0.00035072157049914187
2027,P2,c2st_lr,source_only,pcc,append,0.2966501626554288,0.13905575235682732,0.0006182228474297971
2027,P2,c2st_lr,source_only,pcc,replace,0.34545812316245644,0.027935141337312536,0.0007273951870179863
2027,P2,c2st_lr,target_real_anchor,acc,append,0.2749325351145347,-0.2735562026048329,0.0001788985112244179
2027,P2,c2st_lr,target_real_anchor,acc,replace,0.3780340652557319,-0.37684522486772487,0.0003487433746137847
2027,P2,c2st_lr,target_real_anchor,cc,append,0.2564154320459844,-0.24271411200799767,0.0001788985112244179
2027,P2,c2st_lr,target_real_anchor,cc,replace,0.3614928571428571,-0.3497328571428571,0.0003487433746137847
2027,P2,c2st_lr,target_real_anchor,dys,append,0.27603010518476584,-0.2723695011598872,0.0001788985112244179
2027,P2,c2st_lr,target_real_anchor,dys,replace,0.37957349453354744,-0.37650675343941675,0.0003487433746137847
2027,P2,c2st_lr,target_real_anchor,emq,append,0.2753797527690781,-0.27343694056314927,0.0001788985112244179
2027,P2,c2st_lr,target_real_anchor,emq,replace,0.3788667074033701,-0.37717240181909656,0.0003487433746137847
2027,P2,c2st_lr,target_real_anchor,hdy,append,0.2753654513423038,-0.2734125409199526,0.0001788985112244179
2027,P2,c2st_lr,target_real_anchor,hdy,replace,0.37903351223188453,-0.377314670055712,0.0003487433746137847
2027,P2,c2st_lr,target_real_anchor,kdey,append,0.2751601290850263,-0.2744634573711914,0.0001788985112244179
2027,P2,c2st_lr,target_real_anchor,kdey,replace,0.37869772696644116,-0.3780938803803158,0.0003487433746137847
2027,P2,c2st_lr,target_real_anchor,median_sweep,append,0.2753981565622822,-0.2739839737050076,0.0001788985112244179
2027,P2,c2st_lr,target_real_anchor,median_sweep,replace,0.379032573653853,-0.37782041691904616,0.0003487433746137847
2027,P2,c2st_lr,target_real_anchor,pacc,append,0.27562467536763163,-0.27353755935537727,0.0001788985112244179
2027,P2,c2st_lr,target_real_anchor,pacc,replace,0.3791534966650605,-0.377354833781683,0.0003487433746137847
2027,P2,c2st_lr,target_real_anchor,pcc,append,0.2966501626554288,0.13905575235682732,0.0006006755172615734
2027,P2,c2st_lr,target_real_anchor,pcc,replace,0.34545812316245644,0.027935141337312536,0.0007278661860383052
2027,P2,c2st_xgb,oracle_target,acc,append,0.013876427705796448,-0.011385812410152536,0.0007894100580270561
2027,P2,c2st_xgb,oracle_target,acc,replace,0.01710608530273738,-0.011880235081374304,0.0008889949508904823
2027,P2,c2st_xgb,oracle_target,cc,append,0.11884221759621992,-0.09971890521654891,0.0007478129945489461
2027,P2,c2st_xgb,oracle_target,cc,replace,0.1692542857142857,-0.15292,0.0008889949508904823
2027,P2,c2st_xgb,oracle_target,dys,append,0.007706939802242067,-0.0008373342927378868,0.0007803250102572861
2027,P2,c2st_xgb,oracle_target,dys,replace,0.01183953668678311,-0.0029752902909471976,0.0009481995277449509
2027,P2,c2st_xgb,oracle_target,emq,append,0.02727224670381395,-0.026235303803071625,0.0007478129945489461
2027,P2,c2st_xgb,oracle_target,emq,replace,0.0364571057900133,-0.033775285910490054,0.0008889949508904823
2027,P2,c2st_xgb,oracle_target,hdy,append,0.007544399136504338,5.363578584956697e-05,0.0007803250102572861
2027,P2,c2st_xgb,oracle_target,hdy,replace,0.011414026574661226,-0.0017898941196727001,0.0009481995277449509
2027,P2,c2st_xgb,oracle_target,kdey,append,0.01728689726231723,-0.014187329785018183,0.0007803250102572861
2027,P2,c2st_xgb,oracle_target,kdey,replace,0.025400891609089874,-0.02266814252695756,0.0009224515813006851
2027,P2,c2st_xgb,oracle_target,median_sweep,append,0.010964697626264062,-0.00800510172728789,0.000793091700369236
2027,P2,c2st_xgb,oracle_target,median_sweep,replace,0.01493057884436683,-0.009232134728472065,0.0008889949508904823
2027,P2,c2st_xgb,oracle_target,pacc,append,0.013059299219228106,-0.009941565101495811,0.0007478129945489461
2027,P2,c2st_xgb,oracle_target,pacc,replace,0.016824425542356015,-0.011125838176275353,0.0008889949508904823
2027,P2,c2st_xgb,oracle_target,pcc,append,0.22183669846889184,0.15911201605488254,0.0008898218158372467
2027,P2,c2st_xgb,oracle_target,pcc,replace,0.24200327252309514,0.08437178542603196,0.0013174313597427041
2027,P2,c2st_xgb,source_only,acc,append,0.10487569652118864,-0.10481285882288768,0.0007492600082058261
2027,P2,c2st_xgb,source_only,acc,replace,0.1412516136299633,-0.14119775274570537,0.0008889949508904823
2027,P2,c2st_xgb,source_only,cc,append,0.11879520279208108,-0.09963023482519895,0.0007492600082058261
2027,P2,c2st_xgb,source_only,cc,replace,0.16922571428571426,-0.1528342857142857,0.0008889949508904823
2027,P2,c2st_xgb,source_only,dys,append,0.07739567861876763,-0.0772314507264446,0.0007492600082058261
2027,P2,c2st_xgb,source_only,dys,replace,0.10674751494800128,-0.1066049902959903,0.0008889949508904823
2027,P2,c2st_xgb,source_only,emq,append,0.10163205403633543,-0.10163205237668266,0.0007492600082058261
2027,P2,c2st_xgb,source_only,emq,replace,0.14336409486019555,-0.14336409343763604,0.0008889949508904823
2027,P2,c2st_xgb,source_only,hdy,append,0.09915170178710271,-0.09898998231388823,0.0007492600082058261
2027,P2,c2st_xgb,source_only,hdy,replace,0.14053942303217246,-0.14040080634084576,0.0008889949508904823
2027,P2,c2st_xgb,source_only,kdey,append,0.09845374828072317,-0.09845176132706099,0.0007492600082058261
2027,P2,c2st_xgb,source_only,kdey,replace,0.14098532924467133,-0.14097789598456845,0.0008889949508904823
2027,P2,c2st_xgb,source_only,median_sweep,append,0.10805668511095869,-0.10803440835349364,0.0007492600082058261
2027,P2,c2st_xgb,source_only,median_sweep,replace,0.14579475806146297,-0.1457756636979215,0.0008889949508904823
2027,P2,c2st_xgb,source_only,pacc,append,0.10936542514052087,-0.10932690947317739,0.0007492600082058261
2027,P2,c2st_xgb,source_only,pacc,replace,0.14777991768106072,-0.14774690425190914,0.0008889949508904823
2027,P2,c2st_xgb,source_only,pcc,append,0.14391766952362134,0.01153359845041002,0.00089198317800828
2027,P2,c2st_xgb,source_only,pcc,replace,0.18311022722187684,-0.050488281159556864,0.0013170859604611357
2027,P2,c2st_xgb,target_real_anchor,acc,append,0.10051696599849314,-0.10032156457286942,0.0006409904167398966
2027,P2,c2st_xgb,target_real_anchor,acc,replace,0.13649317911407666,-0.13631856941876352,0.0008096316159662172
2027,P2,c2st_xgb,target_real_anchor,cc,append,0.12001365326539018,-0.10466304361183225,0.0006409904167398966
2027,P2,c2st_xgb,target_real_anchor,cc,replace,0.1707085714285714,-0.15761142857142857,0.0008096316159662172
2027,P2,c2st_xgb,target_real_anchor,dys,append,0.07739567861876763,-0.0772314507264446,0.0006409904167398966
2027,P2,c2st_xgb,target_real_anchor,dys,replace,0.10674751494800128,-0.1066049902959903,0.0008096316159662172
2027,P2,c2st_xgb,target_real_anchor,emq,append,0.10163205403633543,-0.10163205237668266,0.0006409904167398966
2027,P2,c2st_xgb,target_real_anchor,emq,replace,0.14336409486019555,-0.14336409343763604,0.0008096316159662172
2027,P2,c2st_xgb,target_real_anchor,hdy,append,0.09915170178710271,-0.09898998231388823,0.0006409904167398966
2027,P2,c2st_xgb,target_real_anchor,hdy,replace,0.14053942303217246,-0.14040080634084576,0.0008096316159662172
2027,P2,c2st_xgb,target_real_anchor,kdey,append,0.09845374828072317,-0.09845176132706099,0.0006409904167398966
2027,P2,c2st_xgb,target_real_anchor,kdey,replace,0.14098532924467133,-0.14097789598456845,0.0008096316159662172
2027,P2,c2st_xgb,target_real_anchor,median_sweep,append,0.10805668511095869,-0.10803440835349364,0.0006409904167398966
2027,P2,c2st_xgb,target_real_anchor,median_sweep,replace,0.14579475806146297,-0.1457756636979215,0.0008096316159662172
2027,P2,c2st_xgb,target_real_anchor,pacc,append,0.10936542514052087,-0.10932690947317739,0.0006409904167398966
2027,P2,c2st_xgb,target_real_anchor,pacc,replace,0.14777991768106072,-0.14774690425190914,0.0008096316159662172
2027,P2,c2st_xgb,target_real_anchor,pcc,append,0.14391766952362134,0.01153359845041002,0.0006790890041615134
2027,P2,c2st_xgb,target_real_anchor,pcc,replace,0.18311022722187684,-0.050488281159556864,0.001157652792082177
2027,P2,char3gram,oracle_target,acc,append,0.01482959408785612,-0.006528574398632992,0.0005900885059492042
2027,P2,char3gram,oracle_target,acc,replace,0.01927390454093466,-0.009087968180311563,0.0005326841920168408
2027,P2,char3gram,oracle_target,cc,append,0.1495937444940244,-0.12856849226509784,0.0005389667956156909
2027,P2,char3gram,oracle_target,cc,replace,0.2127085714285714,-0.19481428571428572,0.0005326841920168408
2027,P2,char3gram,oracle_target,dys,append,0.01586630689974338,-0.004151173128644284,0.0005974334740049975
2027,P2,char3gram,oracle_target,dys,replace,0.02017538582981247,-0.004589501372196763,0.0005326841920168408
2027,P2,char3gram,oracle_target,emq,append,0.02930900793162106,-0.026710188195086887,0.0005389667956156909
2027,P2,char3gram,oracle_target,emq,replace,0.037843503897010626,-0.03107467548852712,0.0005326841920168408
2027,P2,char3gram,oracle_target,hdy,append,0.01467293273791805,-0.006460919452512135,0.0005900885059492042
2027,P2,char3gram,oracle_target,hdy,replace,0.018884362736676107,-0.00907742293156617,0.0005326841920168408
2027,P2,char3gram,oracle_target,kdey,append,0.017297036258399682,-0.01350140593894524,0.0005974334740049975
2027,P2,char3gram,oracle_target,kdey,replace,0.021408475704280387,-0.015846504447973114,0.0005326841920168408
2027,P2,char3gram,oracle_target,median_sweep,append,0.015855366769874812,-0.009247309506811222,0.0005974334740049975
2027,P2,char3gram,oracle_target,median_sweep,replace,0.020024037297657865,-0.01022009841529835,0.0005326841920168408
2027,P2,char3gram,oracle_target,pacc,append,0.016166199653651573,-0.003947922617557132,0.0005974334740049975
2027,P2,char3gram,oracle_target,pacc,replace,0.02060160879165834,-0.004811280018408551,0.0006313898867089923
2027,P2,char3gram,oracle_target,pcc,append,0.25435713839672597,0.18434542020629488,0.0011103357071683465
2027,P2,char3gram,oracle_target,pcc,replace,0.27707713680267543,0.09921079009780859,0.0009209914843376743
2027,P2,char3gram,source_only,acc,append,0.11842856121409147,-0.11789024918409825,0.0005389667956156909
2027,P2,char3gram,source_only,acc,replace,0.16174441078093946,-0.16132459498763876,0.0005326841920168408
2027,P2,char3gram,source_only,cc,append,0.14957573892350537,-0.12853132556763988,0.0005389667956156909
2027,P2,char3gram,source_only,cc,replace,0.21267571428571427,-0.19477571428571427,0.0005326841920168408
2027,P2,char3gram,source_only,dys,append,0.13007253465649757,-0.12908673453558628,0.0005389667956156909
2027,P2,char3gram,source_only,dys,replace,0.17846468437214352,-0.177613939653636,0.0005326841920168408
2027,P2,char3gram,source_only,emq,append,0.1370621432023471,-0.1370621350027183,0.0005389667956156909
2027,P2,char3gram,source_only,emq,replace,0.1807271121955109,-0.18072710516725768,0.0005326841920168408
2027,P2,char3gram,source_only,hdy,append,0.12948395206732208,-0.12849451509569632,0.0005389667956156909
2027,P2,char3gram,source_only,hdy,replace,0.17521237730353245,-0.1743642884707104,0.0005326841920168408
2027,P2,char3gram,source_only,kdey,append,0.12584317813995677,-0.12572226769106482,0.0005389667956156909
2027,P2,char3gram,source_only,kdey,replace,0.1704246847638509,-0.1703210472362292,0.0005326841920168408
2027,P2,char3gram,source_only,median_sweep,append,0.12494082081654904,-0.12458363025287725,0.0005389667956156909
2027,P2,char3gram,source_only,median_sweep,replace,0.16914767154518282,-0.16888082610056007,0.0005326841920168408
2027,P2,char3gram,source_only,pacc,append,0.12635309343055914,-0.12579238615533453,0.0005389667956156909
2027,P2,char3gram,source_only,pacc,replace,0.17129683584373734,-0.1708557855644142,0.0005326841920168408
2027,P2,char3gram,source_only,pcc,append,0.18334613110851175,0.04701261147844972,0.0011079911787116301
2027,P2,char3gram,source_only,pcc,replace,0.2239650244118235,-0.0269104263036179,0.0009189818885176314
2027,P2,char3gram,target_real_anchor,acc,append,0.1192430932271908,-0.11860163263884894,0.0004954648027665097
2027,P2,char3gram,target_real_anchor,acc,replace,0.1637064502473606,-0.16316823634416278,0.0004874368861312457
2027,P2,char3gram,target_real_anchor,cc,append,0.15993511022357548,-0.14684731978356283,0.0004954648027665097
2027,P2,char3gram,target_real_anchor,cc,replace,0.22672714285714285,-0.21561,0.0004874368861312457
2027,P2,char3gram,target_real_anchor,dys,append,0.13007253465649757,-0.12908673453558628,0.0004954648027665097
2027,P2,char3gram,target_real_anchor,dys,replace,0.17846468437214352,-0.177613939653636,0.0004874368861312457
2027,P2,char3gram,target_real_anchor,emq,append,0.1370621432023471,-0.1370621350027183,0.0004954648027665097
2027,P2,char3gram,target_real_anchor,emq,replace,0.1807271121955109,-0.18072710516725768,0.0004874368861312457
2027,P2,char3gram,target_real_anchor,hdy,append,0.12948395206732208,-0.12849451509569632,0.0004954648027665097
2027,P2,char3gram,target_real_anchor,hdy,replace,0.17521237730353245,-0.1743642884707104,0.0004874368861312457
2027,P2,char3gram,target_real_anchor,kdey,append,0.12584317813995677,-0.12572226769106482,0.0004954648027665097
2027,P2,char3gram,target_real_anchor,kdey,replace,0.1704246847638509,-0.1703210472362292,0.0004874368861312457
2027,P2,char3gram,target_real_anchor,median_sweep,append,0.12494082081654904,-0.12458363025287725,0.0004954648027665097
2027,P2,char3gram,target_real_anchor,median_sweep,replace,0.16914767154518282,-0.16888082610056007,0.0004874368861312457
2027,P2,char3gram,target_real_anchor,pacc,append,0.12635309343055914,-0.12579238615533453,0.0004954648027665097
2027,P2,char3gram,target_real_anchor,pacc,replace,0.17129683584373734,-0.1708557855644142,0.0004874368861312457
2027,P2,char3gram,target_real_anchor,pcc,append,0.18334613110851175,0.04701261147844972,0.0008816892327530199
2027,P2,char3gram,target_real_anchor,pcc,replace,0.2239650244118235,-0.0269104263036179,0.0007359987691225029
2027,P2,column_positional_ablation,oracle_target,acc,append,0.01567505121330087,-0.014486237263168965,0.000631172703827407
2027,P2,column_positional_ablation,oracle_target,acc,replace,0.018159395511582955,-0.014496657818532762,0.0023662676781632166
2027,P2,column_positional_ablation,oracle_target,cc,append,0.11537833994774753,-0.09754770391833265,0.000631172703827407
2027,P2,column_positional_ablation,oracle_target,cc,replace,0.16394857142857142,-0.14879714285714285,0.0023662676781632166
2027,P2,column_positional_ablation,oracle_target,dys,append,0.01025218073405081,-0.00797662286677351,0.000631172703827407
2027,P2,column_positional_ablation,oracle_target,dys,replace,0.01418977170737621,-0.00977875581911816,0.0023662676781632166
2027,P2,column_positional_ablation,oracle_target,emq,append,0.024632438363023534,-0.0238271169075742,0.000631172703827407
2027,P2,column_positional_ablation,oracle_target,emq,replace,0.028938424519102633,-0.025933599559997973,0.0023662676781632166
2027,P2,column_positional_ablation,oracle_target,hdy,append,0.010361434842024569,-0.008147836202117247,0.000631172703827407
2027,P2,column_positional_ablation,oracle_target,hdy,replace,0.013315553484051286,-0.008820270460260484,0.0023662676781632166
2027,P2,column_positional_ablation,oracle_target,kdey,append,0.03520630706555614,-0.035178384702319425,0.000631172703827407
2027,P2,column_positional_ablation,oracle_target,kdey,replace,0.042938514825005956,-0.04285475557351935,0.0023662676781632166
2027,P2,column_positional_ablation,oracle_target,median_sweep,append,0.014402836850481065,-0.012826443720418513,0.000631172703827407
2027,P2,column_positional_ablation,oracle_target,median_sweep,replace,0.016645808269479513,-0.012412907617650442,0.0023662676781632166
2027,P2,column_positional_ablation,oracle_target,pacc,append,0.014522689263674256,-0.012443974710045212,0.000631172703827407
2027,P2,column_positional_ablation,oracle_target,pacc,replace,0.016980027531709015,-0.012017795307127077,0.0023662676781632166
2027,P2,column_positional_ablation,oracle_target,pcc,append,0.21587784349920758,0.15457455910410725,0.0007595722700896466
2027,P2,column_positional_ablation,oracle_target,pcc,replace,0.23584407191822915,0.08200006973965725,0.002647249993719996
2027,P2,column_positional_ablation,source_only,acc,append,0.0964161772618569,-0.09634766902248136,0.0006286266924564396
2027,P2,column_positional_ablation,source_only,acc,replace,0.12844369677445996,-0.1283652034031305,0.002366094978522433
2027,P2,column_positional_ablation,source_only,cc,append,0.11532539095197376,-0.09727479420853875,0.0006286266924564396
2027,P2,column_positional_ablation,source_only,cc,replace,0.16388142857142854,-0.14855285714285713,0.002366094978522433
2027,P2,column_positional_ablation,source_only,dys,append,0.0820571089364097,-0.08202392660262513,0.0006286266924564396
2027,P2,column_positional_ablation,source_only,dys,replace,0.11097116568366963,-0.11094272368328284,0.002366094978522433
2027,P2,column_positional_ablation,source_only,emq,append,0.09930820650598482,-0.0993082021567468,0.0006286266924564396
2027,P2,column_positional_ablation,source_only,emq,replace,0.13487032527021503,-0.13487032154229672,0.002366094978522433
2027,P2,column_positional_ablation,source_only,hdy,append,0.0926870338212205,-0.0926486713163671,0.0006286266924564396
2027,P2,column_positional_ablation,source_only,hdy,replace,0.12865543124392487,-0.1286225490969077,0.002366094978522433
2027,P2,column_positional_ablation,source_only,kdey,append,0.10209851636546764,-0.10209652941180544,0.0006286266924564396
2027,P2,column_positional_ablation,source_only,kdey,replace,0.13856061183940474,-0.13855890873626572,0.002366094978522433
2027,P2,column_positional_ablation,source_only,median_sweep,append,0.10023010666673549,-0.10021496284969772,0.0006286266924564396
2027,P2,column_positional_ablation,source_only,median_sweep,replace,0.13330195679638027,-0.13328897638177647,0.002366094978522433
2027,P2,column_positional_ablation,source_only,pacc,append,0.10133680323488292,-0.10129555397119248,0.0006286266924564396
2027,P2,column_positional_ablation,source_only,pacc,replace,0.13484994405669964,-0.13481808568575093,0.002366094978522433
2027,P2,column_positional_ablation,source_only,pcc,append,0.1485901740476097,0.02796467984866495,0.0007623380810034201
2027,P2,column_positional_ablation,source_only,pcc,replace,0.18475620207372725,-0.033416356660791416,0.002652085583661959
2027,P2,column_positional_ablation,target_real_anchor,acc,append,0.09512380806254596,-0.0950480221899431,0.0005864251802355966
2027,P2,column_positional_ablation,target_real_anchor,acc,replace,0.1268721901457894,-0.1267992698137364,0.00232996935366373
2027,P2,column_positional_ablation,target_real_anchor,cc,append,0.11604825193243369,-0.10016077050052984,0.0005864251802355966
2027,P2,column_positional_ablation,target_real_anchor,cc,replace,0.16478714285714283,-0.15127285714285713,0.00232996935366373
2027,P2,column_positional_ablation,target_real_anchor,dys,append,0.0820571089364097,-0.08202392660262513,0.0005864251802355966
2027,P2,column_positional_ablation,target_real_anchor,dys,replace,0.11097116568366963,-0.11094272368328284,0.00232996935366373
2027,P2,column_positional_ablation,target_real_anchor,emq,append,0.09930820650598482,-0.0993082021567468,0.0005864251802355966
2027,P2,column_positional_ablation,target_real_anchor,emq,replace,0.13487032527021503,-0.13487032154229672,0.00232996935366373
2027,P2,column_positional_ablation,target_real_anchor,hdy,append,0.0926870338212205,-0.0926486713163671,0.0005864251802355966
2027,P2,column_positional_ablation,target_real_anchor,hdy,replace,0.12865543124392487,-0.1286225490969077,0.00232996935366373
2027,P2,column_positional_ablation,target_real_anchor,kdey,append,0.10209851636546764,-0.10209652941180544,0.0005864251802355966
2027,P2,column_positional_ablation,target_real_anchor,kdey,replace,0.13856061183940474,-0.13855890873626572,0.00232996935366373
2027,P2,column_positional_ablation,target_real_anchor,median_sweep,append,0.10023010666673549,-0.10021496284969772,0.0005864251802355966
2027,P2,column_positional_ablation,target_real_anchor,median_sweep,replace,0.13330195679638027,-0.13328897638177647,0.00232996935366373
2027,P2,column_positional_ablation,target_real_anchor,pacc,append,0.10133680323488292,-0.10129555397119248,0.0005864251802355966
2027,P2,column_positional_ablation,target_real_anchor,pacc,replace,0.13484994405669964,-0.13481808568575093,0.00232996935366373
2027,P2,column_positional_ablation,target_real_anchor,pcc,append,0.1485901740476097,0.02796467984866495,0.0006929730086161092
2027,P2,column_positional_ablation,target_real_anchor,pcc,replace,0.18475620207372725,-0.033416356660791416,0.0026027876862015895
2027,P2,datum_transformer,oracle_target,acc,append,0.012500903151133247,-0.009281958533340013,0.0005882018932067201
2027,P2,datum_transformer,oracle_target,acc,replace,0.014917845333979236,-0.009391024041664104,0.0014155090557411367
2027,P2,datum_transformer,oracle_target,cc,append,0.11547560603215751,-0.09514910546187257,0.0005882018932067201
2027,P2,datum_transformer,oracle_target,cc,replace,0.16454714285714284,-0.14673857142857144,0.001398882790323768
2027,P2,datum_transformer,oracle_target,dys,append,0.011316644936409805,-0.009241593471892634,0.00054336278647206
2027,P2,datum_transformer,oracle_target,dys,replace,0.014766121179234225,-0.010804438216402215,0.001398882790323768
2027,P2,datum_transformer,oracle_target,emq,append,0.023767642675283966,-0.022682514749915447,0.00054336278647206
2027,P2,datum_transformer,oracle_target,emq,replace,0.02671693636355576,-0.023445880029892858,0.001398882790323768
2027,P2,datum_transformer,oracle_target,hdy,append,0.009319816637808166,-0.006043713463823722,0.0005882018932067201
2027,P2,datum_transformer,oracle_target,hdy,replace,0.011557909815369428,-0.005634418974551228,0.001398882790323768
2027,P2,datum_transformer,oracle_target,kdey,append,0.031124546574855173,-0.031085573417003763,0.00054336278647206
2027,P2,datum_transformer,oracle_target,kdey,replace,0.03511476569701576,-0.03498256628920419,0.001398882790323768
2027,P2,datum_transformer,oracle_target,median_sweep,append,0.0133465108345599,-0.011426271926694627,0.0005882018932067201
2027,P2,datum_transformer,oracle_target,median_sweep,replace,0.01586083415119978,-0.010961246301709875,0.001398882790323768
2027,P2,datum_transformer,oracle_target,pacc,append,0.013807429733687213,-0.011398039637064726,0.0005882018932067201
2027,P2,datum_transformer,oracle_target,pacc,replace,0.016026439799406402,-0.010360957642462396,0.001398882790323768
2027,P2,datum_transformer,oracle_target,pcc,append,0.2165589813158719,0.15521036498298554,0.0007581069398042029
2027,P2,datum_transformer,oracle_target,pcc,replace,0.23654687994330695,0.08267084358873966,0.0017941451681780136
2027,P2,datum_transformer,source_only,acc,append,0.09332655968788885,-0.09321573487590483,0.0005684199343531904
2027,P2,datum_transformer,source_only,acc,replace,0.12527475512575742,-0.12518130198389638,0.0013177296591222823
2027,P2,datum_transformer,source_only,cc,append,0.11543809002948834,-0.09501160658627224,0.0006132590410878504
2027,P2,datum_transformer,source_only,cc,replace,0.16450714285714285,-0.1466042857142857,0.0013177296591222823
2027,P2,datum_transformer,source_only,dys,append,0.07921150174621722,-0.07897880316117072,0.0005684199343531904
2027,P2,datum_transformer,source_only,dys,replace,0.10779740237588008,-0.10758597863340025,0.0013177296591222823
2027,P2,datum_transformer,source_only,emq,append,0.09958187158446676,-0.09958186634698038,0.0005684199343531904
2027,P2,datum_transformer,source_only,emq,replace,0.13467722063043758,-0.13467721614116354,0.0013177296591222823
2027,P2,datum_transformer,source_only,hdy,append,0.08929408787950452,-0.08909524077988751,0.0005684199343531904
2027,P2,datum_transformer,source_only,hdy,replace,0.12394499932243105,-0.12377329705135623,0.0013177296591222823
2027,P2,datum_transformer,source_only,kdey,append,0.09881836816237972,-0.09881638120871755,0.0005684199343531904
2027,P2,datum_transformer,source_only,kdey,replace,0.13453381870646278,-0.13453211560332376,0.0013177296591222823
2027,P2,datum_transformer,source_only,median_sweep,append,0.09882112671589612,-0.09878958427277353,0.0005684199343531904
2027,P2,datum_transformer,source_only,median_sweep,replace,0.1320935752321161,-0.13206653885229674,0.0013177296591222823
2027,P2,datum_transformer,source_only,pacc,append,0.10046687870934616,-0.10039798695752963,0.0005684199343531904
2027,P2,datum_transformer,source_only,pacc,replace,0.1335593178604375,-0.13350226319102357,0.0013177296591222823
2027,P2,datum_transformer,source_only,pcc,append,0.1504884420412893,0.03052911368014891,0.0007831640876853334
2027,P2,datum_transformer,source_only,pcc,replace,0.18648372544719527,-0.031031664733031643,0.0017212031198974766
2027,P2,datum_transformer,target_real_anchor,acc,append,0.09761831429556166,-0.09747172021890661,0.0005264931715608566
2027,P2,datum_transformer,target_real_anchor,acc,replace,0.13028876928820304,-0.13016041521486638,0.0012685573614006713
2027,P2,datum_transformer,target_real_anchor,cc,append,0.11478853528721458,-0.08375382669954672,0.0006284068929136466
2027,P2,datum_transformer,target_real_anchor,cc,replace,0.16295999999999997,-0.13579714285714287,0.0013253598432515004
2027,P2,datum_transformer,target_real_anchor,dys,append,0.07921150174621722,-0.07897880316117072,0.0005264931715608566
2027,P2,datum_transformer,target_real_anchor,dys,replace,0.10779740237588008,-0.10758597863340025,0.0012685573614006713
2027,P2,datum_transformer,target_real_anchor,emq,append,0.09958187158446676,-0.09958186634698038,0.0005264931715608566
2027,P2,datum_transformer,target_real_anchor,emq,replace,0.13467722063043758,-0.13467721614116354,0.0012685573614006713
2027,P2,datum_transformer,target_real_anchor,hdy,append,0.08929408787950452,-0.08909524077988751,0.0005264931715608566
2027,P2,datum_transformer,target_real_anchor,hdy,replace,0.12394499932243105,-0.12377329705135623,0.0012685573614006713
2027,P2,datum_transformer,target_real_anchor,kdey,append,0.09881836816237972,-0.09881638120871755,0.0005264931715608566
2027,P2,datum_transformer,target_real_anchor,kdey,replace,0.13453381870646278,-0.13453211560332376,0.0012685573614006713
2027,P2,datum_transformer,target_real_anchor,median_sweep,append,0.09882112671589612,-0.09878958427277353,0.0005264931715608566
2027,P2,datum_transformer,target_real_anchor,median_sweep,replace,0.1320935752321161,-0.13206653885229674,0.0012685573614006713
2027,P2,datum_transformer,target_real_anchor,pacc,append,0.10046687870934616,-0.10039798695752963,0.0005264931715608566
2027,P2,datum_transformer,target_real_anchor,pacc,replace,0.1335593178604375,-0.13350226319102357,0.0012685573614006713
2027,P2,datum_transformer,target_real_anchor,pcc,append,0.1504884420412893,0.03052911368014891,0.0009379029658284566
2027,P2,datum_transformer,target_real_anchor,pcc,replace,0.18648372544719527,-0.031031664733031643,0.0017267138084352406
2027,P2,flat_transformer,oracle_target,acc,append,0.016642585287118147,-0.014771415524763831,0.0005255956567609825
2027,P2,flat_transformer,oracle_target,acc,replace,0.019440705687830663,-0.015397476851851843,0.0012717130548368166
2027,P2,flat_transformer,oracle_target,cc,append,0.12689936132044521,-0.10963776864265895,0.0005198991852763125
2027,P2,flat_transformer,oracle_target,cc,replace,0.18105714285714283,-0.1658,0.0012717130548368166
2027,P2,flat_transformer,oracle_target,dys,append,0.012237377493361084,-0.009364202351152937,0.0005255956567609825
2027,P2,flat_transformer,oracle_target,dys,replace,0.015719458903291576,-0.010082780879807154,0.0012717130548368166
2027,P2,flat_transformer,oracle_target,emq,append,0.03353475450903583,-0.03276700338065181,0.0005198991852763125
2027,P2,flat_transformer,oracle_target,emq,replace,0.04157625935953047,-0.039215503794783155,0.0012717130548368166
2027,P2,flat_transformer,oracle_target,hdy,append,0.012929600062989228,-0.010266239100607852,0.0005255956567609825
2027,P2,flat_transformer,oracle_target,hdy,replace,0.01593815703142419,-0.0105526000783282,0.0012439712125398537
2027,P2,flat_transformer,oracle_target,kdey,append,0.056499807934565445,-0.05649782098090327,0.0005198991852763125
2027,P2,flat_transformer,oracle_target,kdey,replace,0.06926669970815277,-0.06926499660501374,0.0012717130548368166
2027,P2,flat_transformer,oracle_target,median_sweep,append,0.017205332818168485,-0.015572608742450618,0.0005255956567609825
2027,P2,flat_transformer,oracle_target,median_sweep,replace,0.020580725789233444,-0.0161075638106465,0.0012717130548368166
2027,P2,flat_transformer,oracle_target,pacc,append,0.01838216358341337,-0.016347017110122958,0.0005198991852763125
2027,P2,flat_transformer,oracle_target,pacc,replace,0.02204758439712261,-0.016945080630362392,0.0012717130548368166
2027,P2,flat_transformer,oracle_target,pcc,append,0.23969591259971545,0.17164942095901567,0.0006020858976612892
2027,P2,flat_transformer,oracle_target,pcc,replace,0.26173715938610836,0.0908392435374613,0.0014670206485970308
2027,P2,flat_transformer,source_only,acc,append,0.09250325659433027,-0.09241644918932866,0.0005261451556180251
2027,P2,flat_transformer,source_only,acc,replace,0.12324317403609705,-0.12314031132556953,0.0012863454244014965
2027,P2,flat_transformer,source_only,cc,append,0.12675147560277822,-0.10920526883965176,0.0005261451556180251
2027,P2,flat_transformer,source_only,cc,replace,0.18089142857142854,-0.1654,0.0012863454244014965
2027,P2,flat_transformer,source_only,dys,append,0.0644567540701167,-0.06304727414791779,0.0005261451556180251
2027,P2,flat_transformer,source_only,dys,replace,0.09051536921708195,-0.0892917996512796,0.0012863454244014965
2027,P2,flat_transformer,source_only,emq,append,0.10794086778792865,-0.10794085990151264,0.0005261451556180251
2027,P2,flat_transformer,source_only,emq,replace,0.14865420468496973,-0.1486541979251846,0.0012863454244014965
2027,P2,flat_transformer,source_only,hdy,append,0.08957031559390732,-0.08845087612932759,0.0005261451556180251
2027,P2,flat_transformer,source_only,hdy,replace,0.13091242187634286,-0.1299044958420634,0.0012863454244014965
2027,P2,flat_transformer,source_only,kdey,append,0.1103609729312096,-0.11035898597754742,0.0005261451556180251
2027,P2,flat_transformer,source_only,kdey,replace,0.15226496574084217,-0.15226326263770315,0.0012863454244014965
2027,P2,flat_transformer,source_only,median_sweep,append,0.1090496981284655,-0.10902082887043232,0.0005261451556180251
2027,P2,flat_transformer,source_only,median_sweep,replace,0.14522160670016895,-0.14516180780492882,0.0012863454244014965
2027,P2,flat_transformer,source_only,pacc,append,0.1119722335078651,-0.11191419228160157,0.0005261451556180251
2027,P2,flat_transformer,source_only,pacc,replace,0.14964479503707268,-0.1495488828802562,0.0012863454244014965
2027,P2,flat_transformer,source_only,pcc,append,0.17599960912681817,0.05320435396240463,0.0006104199636597716
2027,P2,flat_transformer,source_only,pcc,replace,0.2129199398015859,-0.01684497118297895,0.0014846831118591136
2027,P2,flat_transformer,target_real_anchor,acc,append,0.0974531965683601,-0.09742034174010344,0.00047683679151276664
2027,P2,flat_transformer,target_real_anchor,acc,replace,0.12937811267475227,-0.12931357883529299,0.001227109447612319
2027,P2,flat_transformer,target_real_anchor,cc,append,0.1250488007680998,-0.09924048346058559,0.0004953915362522367
2027,P2,flat_transformer,target_real_anchor,cc,replace,0.17855571428571426,-0.15604142857142858,0.0012139371750106505
2027,P2,flat_transformer,target_real_anchor,dys,append,0.0644567540701167,-0.06304727414791779,0.00047683679151276664
2027,P2,flat_transformer,target_real_anchor,dys,replace,0.09051536921708195,-0.0892917996512796,0.001227109447612319
2027,P2,flat_transformer,target_real_anchor,emq,append,0.10794086778792865,-0.10794085990151264,0.00047683679151276664
2027,P2,flat_transformer,target_real_anchor,emq,replace,0.14865420468496973,-0.1486541979251846,0.001227109447612319
2027,P2,flat_transformer,target_real_anchor,hdy,append,0.08957031559390732,-0.08845087612932759,0.00047683679151276664
2027,P2,flat_transformer,target_real_anchor,hdy,replace,0.13091242187634286,-0.1299044958420634,0.001227109447612319
2027,P2,flat_transformer,target_real_anchor,kdey,append,0.1103609729312096,-0.11035898597754742,0.00047683679151276664
2027,P2,flat_transformer,target_real_anchor,kdey,replace,0.15226496574084217,-0.15226326263770315,0.001227109447612319
2027,P2,flat_transformer,target_real_anchor,median_sweep,append,0.1090496981284655,-0.10902082887043232,0.00047683679151276664
2027,P2,flat_transformer,target_real_anchor,median_sweep,replace,0.14522160670016895,-0.14516180780492882,0.001227109447612319
2027,P2,flat_transformer,target_real_anchor,pacc,append,0.1119722335078651,-0.11191419228160157,0.00047683679151276664
2027,P2,flat_transformer,target_real_anchor,pacc,replace,0.14964479503707268,-0.1495488828802562,0.001227109447612319
2027,P2,flat_transformer,target_real_anchor,pcc,append,0.17599960912681817,0.05320435396240463,0.0005206318504190567
2027,P2,flat_transformer,target_real_anchor,pcc,replace,0.2129199398015859,-0.01684497118297895,0.001418586249340579
2027,P3,char3gram,oracle_target,acc,append,0.13641465973224187,0.1003557927134861,0.0007822722226033033
2027,P3,char3gram,oracle_target,acc,replace,0.12223620060790272,0.06706647416413375,0.000468775349986334
2027,P3,char3gram,oracle_target,cc,append,0.23108120547329578,-0.21370439002536923,0.00216571772650703
2027,P3,char3gram,oracle_target,cc,replace,0.32804285714285714,-0.3131514285714286,0.0018418258849969226
2027,P3,char3gram,oracle_target,dys,append,0.04028421161551939,0.009242908622208596,0.0011128133598579068
2027,P3,char3gram,oracle_target,dys,replace,0.04831161829785803,0.012025194881290889,0.0006026613878807718
2027,P3,char3gram,oracle_target,emq,append,0.06971566229944476,-0.0020440333578379656,0.0006699238053135368
2027,P3,char3gram,oracle_target,emq,replace,0.0643651625161241,0.005061369066934979,0.00047243391445708327
2027,P3,char3gram,oracle_target,hdy,append,0.042190594188525485,0.029939574879744437,0.0011128133598579068
2027,P3,char3gram,oracle_target,hdy,replace,0.04925947182973641,0.03249400593740611,0.0004005692552099061
2027,P3,char3gram,oracle_target,kdey,append,0.11560162705806314,0.11560162705806314,0.0013720124899325734
2027,P3,char3gram,oracle_target,kdey,replace,0.10628860147352749,0.10190489386929648,0.0005974348672082576
2027,P3,char3gram,oracle_target,pacc,append,0.047736173653712584,0.04109058569992185,0.0012921338323208533
2027,P3,char3gram,oracle_target,pacc,replace,0.05224879290335326,0.03926815807702396,0.00046520389419344035
2027,P3,char3gram,oracle_target,pcc,append,0.29721512779416137,0.21743614597193314,0.00181881467592485
2027,P3,char3gram,oracle_target,pcc,replace,0.32317298564983127,0.11821443145274207,0.0009804081694873518
2027,P3,char3gram,source_only,acc,append,0.7249908620369842,0.7249908620369842,
2027,P3,char3gram,source_only,acc,replace,0.6214285714285714,0.6214285714285714,
2027,P3,char3gram,source_only,cc,append,0.7247858672942942,0.7247858672942942,
2027,P3,char3gram,source_only,cc,replace,0.6212642857142857,0.6212642857142857,
2027,P3,char3gram,source_only,dys,append,0.7249849011759976,0.7249849011759976,
2027,P3,char3gram,source_only,dys,replace,0.6214243136707238,0.6214226105675849,
2027,P3,char3gram,source_only,emq,append,0.724990861968924,0.724990861968924,
2027,P3,char3gram,source_only,emq,replace,0.6214285713745775,0.6214285713666763,
2027,P3,char3gram,source_only,hdy,append,0.7249849011759976,0.7249849011759976,
2027,P3,char3gram,source_only,hdy,replace,0.6214243136707238,0.6214226105675849,
2027,P3,char3gram,source_only,kdey,append,0.7249849011759976,0.7249849011759976,
2027,P3,char3gram,source_only,kdey,replace,0.6214243136707238,0.6214226105675849,
2027,P3,char3gram,source_only,median_sweep,append,0.7249908620369842,0.7249908620369842,
2027,P3,char3gram,source_only,median_sweep,replace,0.6214285714285714,0.6214285714285714,
2027,P3,char3gram,source_only,pacc,append,0.7249908620369842,0.7249908620369842,
2027,P3,char3gram,source_only,pacc,replace,0.6214285714285714,0.6214285714285714,
2027,P3,char3gram,source_only,pcc,append,0.6912399086085251,0.6912399086085251,
2027,P3,char3gram,source_only,pcc,replace,0.596823205706824,0.5882431988620339,
2027,P3,char3gram,target_real_anchor,acc,append,0.7249908620369842,0.7249908620369842,0.00144477727218447
2027,P3,char3gram,target_real_anchor,acc,replace,0.6214285714285714,0.6214285714285714,0.0009118100856604856
2027,P3,char3gram,target_real_anchor,cc,append,0.23778457860617627,-0.22423927629531837,0.0021634311237128034
2027,P3,char3gram,target_real_anchor,cc,replace,0.33584285714285717,-0.32424857142857144,0.0020918277904992313
2027,P3,char3gram,target_real_anchor,dys,append,0.7249849011759976,0.7249849011759976,0.00144477727218447
2027,P3,char3gram,target_real_anchor,dys,replace,0.6214243136707238,0.6214226105675849,0.0009118100856604856
2027,P3,char3gram,target_real_anchor,emq,append,0.724990861968924,0.724990861968924,0.00144477727218447
2027,P3,char3gram,target_real_anchor,emq,replace,0.6214285713745775,0.6214285713666763,0.0009118100856604856
2027,P3,char3gram,target_real_anchor,hdy,append,0.7249849011759976,0.7249849011759976,0.00144477727218447
2027,P3,char3gram,target_real_anchor,hdy,replace,0.6214243136707238,0.6214226105675849,0.0009118100856604856
2027,P3,char3gram,target_real_anchor,kdey,append,0.7249849011759976,0.7249849011759976,0.00144477727218447
2027,P3,char3gram,target_real_anchor,kdey,replace,0.6214243136707238,0.6214226105675849,0.0009118100856604856
2027,P3,char3gram,target_real_anchor,median_sweep,append,0.7249908620369842,0.7249908620369842,0.00144477727218447
2027,P3,char3gram,target_real_anchor,median_sweep,replace,0.6214285714285714,0.6214285714285714,0.0009118100856604856
2027,P3,char3gram,target_real_anchor,pacc,append,0.7249908620369842,0.7249908620369842,0.00144477727218447
2027,P3,char3gram,target_real_anchor,pacc,replace,0.6214285714285714,0.6214285714285714,0.0009118100856604856
2027,P3,char3gram,target_real_anchor,pcc,append,0.6912399086085251,0.6912399086085251,0.00144477727218447
2027,P3,char3gram,target_real_anchor,pcc,replace,0.596823205706824,0.5882431988620339,0.0009118100856604856
2027,P3,column_positional_ablation,oracle_target,cc,append,0.2750091379630159,-0.2750091379630159,0.0
2027,P3,column_positional_ablation,oracle_target,cc,replace,0.37857142857142856,-0.37857142857142856,0.0
2027,P3,column_positional_ablation,oracle_target,dys,append,0.7249849011759976,0.7249849011759976,0.0
2027,P3,column_positional_ablation,oracle_target,dys,replace,0.6214243136707238,0.6214226105675849,0.0
2027,P3,column_positional_ablation,oracle_target,emq,append,0.30832419537031747,0.22499086203698412,0.0
2027,P3,column_positional_ablation,oracle_target,emq,replace,0.3357142857142857,0.12142857142857143,0.0
2027,P3,column_positional_ablation,oracle_target,hdy,append,0.7249849011759976,0.7249849011759976,0.0
2027,P3,column_positional_ablation,oracle_target,hdy,replace,0.6214243136707238,0.6214226105675849,0.0
2027,P3,column_positional_ablation,oracle_target,pcc,append,0.30832419537031747,0.22499086203698412,0.0
2027,P3,column_positional_ablation,oracle_target,pcc,replace,0.3357142857142857,0.12142857142857143,0.0
2027,P3,column_positional_ablation,source_only,acc,append,0.7249908620369842,0.7249908620369842,
2027,P3,column_positional_ablation,source_only,acc,replace,0.6214285714285714,0.6214285714285714,
2027,P3,column_positional_ablation,source_only,cc,append,0.7249908620369842,0.7249908620369842,
2027,P3,column_positional_ablation,source_only,cc,replace,0.6214285714285714,0.6214285714285714,
2027,P3,column_positional_ablation,source_only,dys,append,0.7249849011759976,0.7249849011759976,
2027,P3,column_positional_ablation,source_only,dys,replace,0.6214243136707238,0.6214226105675849,
2027,P3,column_positional_ablation,source_only,emq,append,0.7249908617922592,0.7249908617922592,
2027,P3,column_positional_ablation,source_only,emq,replace,0.6214285712537497,0.6214285711838664,
2027,P3,column_positional_ablation,source_only,hdy,append,0.7249849011759976,0.7249849011759976,
2027,P3,column_positional_ablation,source_only,hdy,replace,0.6214243136707238,0.6214226105675849,
2027,P3,column_positional_ablation,source_only,kdey,append,0.7249849011759976,0.7249849011759976,
2027,P3,column_positional_ablation,source_only,kdey,replace,0.6214243136707238,0.6214226105675849,
2027,P3,column_positional_ablation,source_only,median_sweep,append,0.7249908620369842,0.7249908620369842,
2027,P3,column_positional_ablation,source_only,median_sweep,replace,0.6214285714285714,0.6214285714285714,
2027,P3,column_positional_ablation,source_only,pacc,append,0.7249908620369842,0.7249908620369842,
2027,P3,column_positional_ablation,source_only,pacc,replace,0.6214285714285714,0.6214285714285714,
2027,P3,column_positional_ablation,source_only,pcc,append,0.6843525028166252,0.6843525028166252,
2027,P3,column_positional_ablation,source_only,pcc,replace,0.5924007572352163,0.5807906649826429,
2027,P3,column_positional_ablation,target_real_anchor,acc,append,0.2231725369041637,-0.18238694610391026,0.0006363361509360833
2027,P3,column_positional_ablation,target_real_anchor,acc,replace,0.31961416429099354,-0.28410895892725163,0.0007409899683468451
2027,P3,column_positional_ablation,target_real_anchor,cc,append,0.2414243925454384,-0.22609613676829374,0.0007936544231790094
2027,P3,column_positional_ablation,target_real_anchor,cc,replace,0.34186,-0.3286942857142857,0.000763072018188256
2027,P3,column_positional_ablation,target_real_anchor,dys,append,0.7249849011759976,0.7249849011759976,0.0006396898350342927
2027,P3,column_positional_ablation,target_real_anchor,dys,replace,0.6214243136707238,0.6214226105675849,0.0005086275701142966
2027,P3,column_positional_ablation,target_real_anchor,emq,append,0.7249908617922592,0.7249908617922592,0.0006396898350342927
2027,P3,column_positional_ablation,target_real_anchor,emq,replace,0.6214285712537497,0.6214285711838664,0.0005086275701142966
2027,P3,column_positional_ablation,target_real_anchor,hdy,append,0.7249849011759976,0.7249849011759976,0.0006396898350342927
2027,P3,column_positional_ablation,target_real_anchor,hdy,replace,0.6214243136707238,0.6214226105675849,0.0005086275701142966
2027,P3,column_positional_ablation,target_real_anchor,kdey,append,0.7249849011759976,0.7249849011759976,0.0006396898350342927
2027,P3,column_positional_ablation,target_real_anchor,kdey,replace,0.6214243136707238,0.6214226105675849,0.0005086275701142966
2027,P3,column_positional_ablation,target_real_anchor,median_sweep,append,0.7249908620369842,0.7249908620369842,0.0006396898350342927
2027,P3,column_positional_ablation,target_real_anchor,median_sweep,replace,0.6214285714285714,0.6214285714285714,0.0005086275701142966
2027,P3,column_positional_ablation,target_real_anchor,pacc,append,0.7249908620369842,0.7249908620369842,0.0006396898350342927
2027,P3,column_positional_ablation,target_real_anchor,pacc,replace,0.6214285714285714,0.6214285714285714,0.0005086275701142966
2027,P3,column_positional_ablation,target_real_anchor,pcc,append,0.6843525028166252,0.6843525028166252,0.0006396898350342927
2027,P3,column_positional_ablation,target_real_anchor,pcc,replace,0.5924007572352163,0.5807906649826429,0.0005086275701142966
2027,P3,datum_ta,oracle_target,acc,append,0.22563109435021877,0.2242177615022698,0.0010898965185201933
2027,P3,datum_ta,oracle_target,acc,replace,0.19206858833474214,0.18997360946745556,0.0016634708670470915
2027,P3,datum_ta,oracle_target,cc,append,0.22113222238702263,-0.19587570766717463,0.001978775244729973
2027,P3,datum_ta,oracle_target,cc,replace,0.31446999999999997,-0.2926814285714286,0.0019345966269341858
2027,P3,datum_ta,oracle_target,dys,append,0.7249849011759976,0.7249849011759976,0.0010898965185201933
2027,P3,datum_ta,oracle_target,dys,replace,0.6214243136707238,0.6214226105675849,0.0015953083266096145
2027,P3,datum_ta,oracle_target,emq,append,0.34120569777004484,0.2743176523864393,0.0010898965185201933
2027,P3,datum_ta,oracle_target,emq,replace,0.35684967899289183,0.1707572645289773,0.0015953083266096145
2027,P3,datum_ta,oracle_target,hdy,append,0.7249849011759976,0.7249849011759976,0.0010898965185201933
2027,P3,datum_ta,oracle_target,hdy,replace,0.6214243136707238,0.6214226105675849,0.0015953083266096145
2027,P3,datum_ta,oracle_target,kdey,append,0.09680816355571553,0.0954528194042449,0.00134523383054238
2027,P3,datum_ta,oracle_target,kdey,replace,0.08918628829615971,0.07634893749624712,0.0015879911976680772
2027,P3,datum_ta,oracle_target,pacc,append,0.10482665667029924,0.10075835727434683,0.00111545565642012
2027,P3,datum_ta,oracle_target,pacc,replace,0.09209462433339678,0.08268821639502302,0.0017260148977616058
2027,P3,datum_ta,oracle_target,pcc,append,0.30839017293589827,0.22508983754804135,0.0010898965185201933
2027,P3,datum_ta,oracle_target,pcc,replace,0.33575669437938843,0.12152755078254153,0.0015953083266096145
2027,P3,datum_ta,source_only,acc,append,0.7249908620369842,0.7249908620369842,
2027,P3,datum_ta,source_only,acc,replace,0.6214285714285714,0.6214285714285714,
2027,P3,datum_ta,source_only,cc,append,0.7249908620369842,0.7249908620369842,
2027,P3,datum_ta,source_only,cc,replace,0.6214285714285714,0.6214285714285714,
2027,P3,datum_ta,source_only,dys,append,0.7249849011759976,0.7249849011759976,
2027,P3,datum_ta,source_only,dys,replace,0.6214243136707238,0.6214226105675849,
2027,P3,datum_ta,source_only,emq,append,0.7249908620290019,0.7249908620290019,
2027,P3,datum_ta,source_only,emq,replace,0.621428571422856,0.6214285714206019,
2027,P3,datum_ta,source_only,hdy,append,0.7249849011759976,0.7249849011759976,
2027,P3,datum_ta,source_only,hdy,replace,0.6214243136707238,0.6214226105675849,
2027,P3,datum_ta,source_only,kdey,append,0.7249849011759976,0.7249849011759976,
2027,P3,datum_ta,source_only,kdey,replace,0.6214243136707238,0.6214226105675849,
2027,P3,datum_ta,source_only,median_sweep,append,0.7249908620369842,0.7249908620369842,
2027,P3,datum_ta,source_only,median_sweep,replace,0.6214285714285714,0.6214285714285714,
2027,P3,datum_ta,source_only,pacc,append,0.7249908620369842,0.7249908620369842,
2027,P3,datum_ta,source_only,pacc,replace,0.6214285714285714,0.6214285714285714,
2027,P3,datum_ta,source_only,pcc,append,0.7110510683623823,0.7110510683623823,
2027,P3,datum_ta,source_only,pcc,replace,0.6114676098760662,0.6074924297817985,
2027,P3,datum_ta,target_real_anchor,acc,append,0.7249908620369842,0.7249908620369842,0.0009255659977082967
2027,P3,datum_ta,target_real_anchor,acc,replace,0.6214285714285714,0.6214285714285714,0.000679491241766863
2027,P3,datum_ta,target_real_anchor,cc,append,0.22812493190424268,-0.21077960426891507,0.002967146599186417
2027,P3,datum_ta,target_real_anchor,cc,replace,0.32339285714285715,-0.30842428571428576,0.0020622108400216175
2027,P3,datum_ta,target_real_anchor,dys,append,0.7249849011759976,0.7249849011759976,0.0009255659977082967
2027,P3,datum_ta,target_real_anchor,dys,replace,0.6214243136707238,0.6214226105675849,0.000679491241766863
2027,P3,datum_ta,target_real_anchor,emq,append,0.7249908620290019,0.7249908620290019,0.0009255659977082967
2027,P3,datum_ta,target_real_anchor,emq,replace,0.621428571422856,0.6214285714206019,0.000679491241766863
2027,P3,datum_ta,target_real_anchor,hdy,append,0.7249849011759976,0.7249849011759976,0.0009255659977082967
2027,P3,datum_ta,target_real_anchor,hdy,replace,0.6214243136707238,0.6214226105675849,0.000679491241766863
2027,P3,datum_ta,target_real_anchor,kdey,append,0.7249849011759976,0.7249849011759976,0.0009255659977082967
2027,P3,datum_ta,target_real_anchor,kdey,replace,0.6214243136707238,0.6214226105675849,0.000679491241766863
2027,P3,datum_ta,target_real_anchor,median_sweep,append,0.7249908620369842,0.7249908620369842,0.0009255659977082967
2027,P3,datum_ta,target_real_anchor,median_sweep,replace,0.6214285714285714,0.6214285714285714,0.000679491241766863
2027,P3,datum_ta,target_real_anchor,pacc,append,0.7249908620369842,0.7249908620369842,0.0009255659977082967
2027,P3,datum_ta,target_real_anchor,pacc,replace,0.6214285714285714,0.6214285714285714,0.000679491241766863
2027,P3,datum_ta,target_real_anchor,pcc,append,0.7110510683623823,0.7110510683623823,0.0009255659977082967
2027,P3,datum_ta,target_real_anchor,pcc,replace,0.6114676098760662,0.6074924297817985,0.000679491241766863
2027,P3,datum_transformer,oracle_target,cc,append,0.2750091379630159,-0.2750091379630159,0.0
2027,P3,datum_transformer,oracle_target,cc,replace,0.37857142857142856,-0.37857142857142856,0.0
2027,P3,datum_transformer,oracle_target,dys,append,0.7249849011759976,0.7249849011759976,0.0
2027,P3,datum_transformer,oracle_target,dys,replace,0.6214243136707238,0.6214226105675849,0.0
2027,P3,datum_transformer,oracle_target,emq,append,0.30832419537031747,0.22499086203698412,0.0
2027,P3,datum_transformer,oracle_target,emq,replace,0.3357142857142857,0.12142857142857143,0.0
2027,P3,datum_transformer,oracle_target,hdy,append,0.7249849011759976,0.7249849011759976,0.0
2027,P3,datum_transformer,oracle_target,hdy,replace,0.6214243136707238,0.6214226105675849,0.0
2027,P3,datum_transformer,oracle_target,pcc,append,0.30832419537031747,0.22499086203698412,0.0
2027,P3,datum_transformer,oracle_target,pcc,replace,0.3357142857142857,0.12142857142857143,0.0
2027,P3,datum_transformer,source_only,acc,append,0.7249908620369842,0.7249908620369842,
2027,P3,datum_transformer,source_only,acc,replace,0.6214285714285714,0.6214285714285714,
2027,P3,datum_transformer,source_only,cc,append,0.7247995323953224,0.7247995323953224,
2027,P3,datum_transformer,source_only,cc,replace,0.6212814285714285,0.6212814285714285,
2027,P3,datum_transformer,source_only,dys,append,0.7249849011759976,0.7249849011759976,
2027,P3,datum_transformer,source_only,dys,replace,0.6214243136707238,0.6214226105675849,
2027,P3,datum_transformer,source_only,emq,append,0.7249908619146146,0.7249908619146146,
2027,P3,datum_transformer,source_only,emq,replace,0.6214285713409078,0.6214285713072661,
2027,P3,datum_transformer,source_only,hdy,append,0.7249849011759976,0.7249849011759976,
2027,P3,datum_transformer,source_only,hdy,replace,0.6214243136707238,0.6214226105675849,
2027,P3,datum_transformer,source_only,kdey,append,0.7249849011759976,0.7249849011759976,
2027,P3,datum_transformer,source_only,kdey,replace,0.6214243136707238,0.6214226105675849,
2027,P3,datum_transformer,source_only,median_sweep,append,0.7249908620369842,0.7249908620369842,
2027,P3,datum_transformer,source_only,median_sweep,replace,0.6214285714285714,0.6214285714285714,
2027,P3,datum_transformer,source_only,pacc,append,0.7249908620369842,0.7249908620369842,
2027,P3,datum_transformer,source_only,pacc,replace,0.6214285714285714,0.6214285714285714,
2027,P3,datum_transformer,source_only,pcc,append,0.7032642920875529,0.7032642920875529,
2027,P3,datum_transformer,source_only,pcc,replace,0.605907820178808,0.5997194135296893,
2027,P3,datum_transformer,target_real_anchor,acc,append,0.25002966966985263,-0.21269320323805607,0.0003927367332575935
2027,P3,datum_transformer,target_real_anchor,acc,replace,0.3556431744464814,-0.32374221548441684,0.0005866333911516885
2027,P3,datum_transformer,target_real_anchor,cc,append,0.261461477346152,-0.2501781440128187,0.0003927367332575935
2027,P3,datum_transformer,target_real_anchor,cc,replace,0.36634857142857147,-0.35667714285714286,0.0005866333911516885
2027,P3,datum_transformer,target_real_anchor,dys,append,0.7249849011759976,0.7249849011759976,0.0006613363414863276
2027,P3,datum_transformer,target_real_anchor,dys,replace,0.6214243136707238,0.6214226105675849,0.0011014892317341087
2027,P3,datum_transformer,target_real_anchor,emq,append,0.7249908619146146,0.7249908619146146,0.0006613363414863276
2027,P3,datum_transformer,target_real_anchor,emq,replace,0.6214285713409078,0.6214285713072661,0.0011014892317341087
2027,P3,datum_transformer,target_real_anchor,hdy,append,0.7249849011759976,0.7249849011759976,0.0006613363414863276
2027,P3,datum_transformer,target_real_anchor,hdy,replace,0.6214243136707238,0.6214226105675849,0.0011014892317341087
2027,P3,datum_transformer,target_real_anchor,kdey,append,0.7249849011759976,0.7249849011759976,0.0006613363414863276
2027,P3,datum_transformer,target_real_anchor,kdey,replace,0.6214243136707238,0.6214226105675849,0.0011014892317341087
2027,P3,datum_transformer,target_real_anchor,median_sweep,append,0.7249908620369842,0.7249908620369842,0.0006613363414863276
2027,P3,datum_transformer,target_real_anchor,median_sweep,replace,0.6214285714285714,0.6214285714285714,0.0011014892317341087
2027,P3,datum_transformer,target_real_anchor,pacc,append,0.7249908620369842,0.7249908620369842,0.0006613363414863276
2027,P3,datum_transformer,target_real_anchor,pacc,replace,0.6214285714285714,0.6214285714285714,0.0011014892317341087
2027,P3,datum_transformer,target_real_anchor,pcc,append,0.7032642920875529,0.7032642920875529,0.0006613363414863276
2027,P3,datum_transformer,target_real_anchor,pcc,replace,0.605907820178808,0.5997194135296893,0.0011014892317341087
2027,P3,flat_transformer,oracle_target,acc,append,0.023924349510880853,0.004592145504471197,0.00124502981475974
2027,P3,flat_transformer,oracle_target,acc,replace,0.03177873821609858,-0.0025655692530819098,0.0011156443918888658
2027,P3,flat_transformer,oracle_target,cc,append,0.1904876838596077,-0.1690568988010449,0.0008725676262776133
2027,P3,flat_transformer,oracle_target,cc,replace,0.27053,-0.25247,0.0008150323445409457
2027,P3,flat_transformer,oracle_target,dys,append,0.03028654355058935,0.02679043399197898,0.0010956892455989034
2027,P3,flat_transformer,oracle_target,dys,replace,0.029493468864289878,0.021744004717725942,0.0012473962671753743
2027,P3,flat_transformer,oracle_target,emq,append,0.03153841432990695,-0.016386643776421312,0.0011481794830753
2027,P3,flat_transformer,oracle_target,emq,replace,0.03285973292284883,-0.015941253675897406,0.0011776657705361373
2027,P3,flat_transformer,oracle_target,hdy,append,0.03089352868206819,0.027888936440379642,0.0009954852298162667
2027,P3,flat_transformer,oracle_target,hdy,replace,0.030166887569319973,0.0248728209793557,0.0011615071107902572
2027,P3,flat_transformer,oracle_target,kdey,append,0.4316853098880853,0.4316853098880853,0.0015743514305240935
2027,P3,flat_transformer,oracle_target,kdey,replace,0.3698392451816118,0.3698375420784727,0.0013277104681764628
2027,P3,flat_transformer,oracle_target,median_sweep,append,0.021915653361603667,0.006369019845737884,0.00093313719362696
2027,P3,flat_transformer,oracle_target,median_sweep,replace,0.023854540742888047,0.0057929766464818,0.0011829358455476
2027,P3,flat_transformer,oracle_target,pacc,append,0.02740346812635569,0.015319221263846782,0.00107668503570909
2027,P3,flat_transformer,oracle_target,pacc,replace,0.028834895323459484,0.013708058462997025,0.0011681273703087857
2027,P3,flat_transformer,oracle_target,pcc,append,0.2711366542747888,0.19827787014930562,0.0015743514305240935
2027,P3,flat_transformer,oracle_target,pcc,replace,0.295101732282175,0.10771664364717094,0.0013277104681764628
2027,P3,flat_transformer,source_only,acc,append,0.7249908620369842,0.7249908620369842,0.035444223406174286
2027,P3,flat_transformer,source_only,acc,replace,0.6214285714285714,0.6214285714285714,0.04796200174289944
2027,P3,flat_transformer,source_only,cc,append,0.6092056483753635,0.6092056483753635,0.035444223406174286
2027,P3,flat_transformer,source_only,cc,replace,0.5231142857142858,0.5217657142857143,0.04796200174289944
2027,P3,flat_transformer,source_only,dys,append,0.7249849011759976,0.7249849011759976,0.035444223406174286
2027,P3,flat_transformer,source_only,dys,replace,0.6214243136707238,0.6214226105675849,0.04796200174289944
2027,P3,flat_transformer,source_only,emq,append,0.7246080221350928,0.7246080221350928,0.035444223406174286
2027,P3,flat_transformer,source_only,emq,replace,0.6211615944300438,0.6211615943813943,0.04796200174289944
2027,P3,flat_transformer,source_only,hdy,append,0.7225836335842164,0.7225836335842164,0.035444223406174286
2027,P3,flat_transformer,source_only,hdy,replace,0.6195406256737498,0.6195389225706107,0.04796200174289944
2027,P3,flat_transformer,source_only,kdey,append,0.7198684708016129,0.7198684708016129,0.035444223406174286
2027,P3,flat_transformer,source_only,kdey,replace,0.6173595707981325,0.6173578676949936,0.04796200174289944
2027,P3,flat_transformer,source_only,median_sweep,append,0.7249908620369842,0.7249908620369842,0.035444223406174286
2027,P3,flat_transformer,source_only,median_sweep,replace,0.6214285714285714,0.6214285714285714,0.04796200174289944
2027,P3,flat_transformer,source_only,pacc,append,0.7249908620369842,0.7249908620369842,0.035444223406174286
2027,P3,flat_transformer,source_only,pacc,replace,0.6214285714285714,0.6214285714285714,0.04796200174289944
2027,P3,flat_transformer,source_only,pcc,append,0.5977869188356667,0.5977869188356667,0.035444223406174286
2027,P3,flat_transformer,source_only,pcc,replace,0.518069827297888,0.5072989733491277,0.04796200174289944
2027,P3,flat_transformer,target_real_anchor,acc,append,0.13356832729525656,-0.06219262777018352,0.0011277016847181047
2027,P3,flat_transformer,target_real_anchor,acc,replace,0.18430263755137086,-0.12416057780776545,0.00102448516049226
2027,P3,flat_transformer,target_real_anchor,cc,append,0.1954010900694094,-0.1769162720890359,0.0005505631394547766
2027,P3,flat_transformer,target_real_anchor,cc,replace,0.2773457142857143,-0.26172285714285715,0.0008601981940193086
2027,P3,flat_transformer,target_real_anchor,dys,append,0.7249849011759976,0.7249849011759976,0.0013059550758770949
2027,P3,flat_transformer,target_real_anchor,dys,replace,0.6214243136707238,0.6214226105675849,0.001139207289254143
2027,P3,flat_transformer,target_real_anchor,emq,append,0.7246080221350928,0.7246080221350928,0.0013059550758770949
2027,P3,flat_transformer,target_real_anchor,emq,replace,0.6211615944300438,0.6211615943813943,0.001139207289254143
2027,P3,flat_transformer,target_real_anchor,hdy,append,0.7225836335842164,0.7225836335842164,0.0013059550758770949
2027,P3,flat_transformer,target_real_anchor,hdy,replace,0.6195406256737498,0.6195389225706107,0.001139207289254143
2027,P3,flat_transformer,target_real_anchor,kdey,append,0.7198684708016129,0.7198684708016129,0.0013059550758770949
2027,P3,flat_transformer,target_real_anchor,kdey,replace,0.6173595707981325,0.6173578676949936,0.001139207289254143
2027,P3,flat_transformer,target_real_anchor,median_sweep,append,0.7249908620369842,0.7249908620369842,0.0013059550758770949
2027,P3,flat_transformer,target_real_anchor,median_sweep,replace,0.6214285714285714,0.6214285714285714,0.001139207289254143
2027,P3,flat_transformer,target_real_anchor,pacc,append,0.7249908620369842,0.7249908620369842,0.0013059550758770949
2027,P3,flat_transformer,target_real_anchor,pacc,replace,0.6214285714285714,0.6214285714285714,0.001139207289254143
2027,P3,flat_transformer,target_real_anchor,pcc,append,0.5977869188356667,0.5977869188356667,0.0013059550758770949
2027,P3,flat_transformer,target_real_anchor,pcc,replace,0.518069827297888,0.5072989733491277,0.001139207289254143
2027,P4,char3gram,oracle_target,acc,append,0.05574757290089907,-0.03032056537157575,0.0007099139475148266
2027,P4,char3gram,oracle_target,acc,replace,0.06565996981891345,-0.038270492957746496,0.0011686935767149485
2027,P4,char3gram,oracle_target,cc,append,0.21977699585683813,-0.20188884770868998,0.00078288198334844
2027,P4,char3gram,oracle_target,cc,replace,0.31138714285714286,-0.29605857142857145,0.0014409081950755031
2027,P4,char3gram,oracle_target,dys,append,0.03677404120310388,-0.00542490893872894,0.00093679575809773
2027,P4,char3gram,oracle_target,dys,replace,0.04278189498773667,-0.007428528227776922,0.0010608094791662971
2027,P4,char3gram,oracle_target,emq,append,0.06847656955331845,-0.024320633349543767,0.0008698745163199667
2027,P4,char3gram,oracle_target,emq,replace,0.06312268386642444,-0.013874002434221216,0.001285506313745829
2027,P4,char3gram,oracle_target,hdy,append,0.03411912434134372,0.021190430446456368,0.0009163687731359533
2027,P4,char3gram,oracle_target,hdy,replace,0.038378865993666564,0.025492248402510072,0.0011505314173779343
2027,P4,char3gram,oracle_target,kdey,append,0.04891337306582725,0.046928049284833226,0.0009550885804515567
2027,P4,char3gram,oracle_target,kdey,replace,0.050015529313081675,0.04383040482984615,0.0011194336193764286
2027,P4,char3gram,oracle_target,pacc,append,0.03653885575888472,0.02263298687202095,0.0010008206363361233
2027,P4,char3gram,oracle_target,pacc,replace,0.04105561537957636,0.021291871295199938,0.0012244866848941315
2027,P4,char3gram,oracle_target,pcc,append,0.29197596268659093,0.2130117936195858,0.0015582435841736367
2027,P4,char3gram,oracle_target,pcc,replace,0.3176491921125033,0.11555241818729568,0.0015301945898977686
2027,P4,char3gram,source_only,acc,append,0.7249908620369842,0.7249908620369842,
2027,P4,char3gram,source_only,acc,replace,0.6214285714285714,0.6214285714285714,
2027,P4,char3gram,source_only,cc,append,0.7247858672942942,0.7247858672942942,
2027,P4,char3gram,source_only,cc,replace,0.6212642857142857,0.6212642857142857,
2027,P4,char3gram,source_only,dys,append,0.7249849011759976,0.7249849011759976,
2027,P4,char3gram,source_only,dys,replace,0.6214243136707238,0.6214226105675849,
2027,P4,char3gram,source_only,emq,append,0.7249908619711226,0.7249908619711226,
2027,P4,char3gram,source_only,emq,replace,0.6214285713757896,0.6214285713692814,
2027,P4,char3gram,source_only,hdy,append,0.7249849011759976,0.7249849011759976,
2027,P4,char3gram,source_only,hdy,replace,0.6214243136707238,0.6214226105675849,
2027,P4,char3gram,source_only,kdey,append,0.7249849011759976,0.7249849011759976,
2027,P4,char3gram,source_only,kdey,replace,0.6214243136707238,0.6214226105675849,
2027,P4,char3gram,source_only,median_sweep,append,0.7249908620369842,0.7249908620369842,
2027,P4,char3gram,source_only,median_sweep,replace,0.6214285714285714,0.6214285714285714,
2027,P4,char3gram,source_only,pacc,append,0.7249908620369842,0.7249908620369842,
2027,P4,char3gram,source_only,pacc,replace,0.6214285714285714,0.6214285714285714,
2027,P4,char3gram,source_only,pcc,append,0.6914419931011268,0.6914419931011268,
2027,P4,char3gram,source_only,pcc,replace,0.5968874860203981,0.5885318145064431,
2027,P4,char3gram,target_real_anchor,acc,append,0.7249908620369842,0.7249908620369842,0.0014195230146570933
2027,P4,char3gram,target_real_anchor,acc,replace,0.6214285714285714,0.6214285714285714,0.0013102016239234886
2027,P4,char3gram,target_real_anchor,cc,append,0.2268713783087705,-0.21329125485198036,0.0012730279956401935
2027,P4,char3gram,target_real_anchor,cc,replace,0.3201157142857143,-0.30847857142857144,0.0009776642461342456
2027,P4,char3gram,target_real_anchor,dys,append,0.7249849011759976,0.7249849011759976,0.0014195230146570933
2027,P4,char3gram,target_real_anchor,dys,replace,0.6214243136707238,0.6214226105675849,0.0013102016239234886
2027,P4,char3gram,target_real_anchor,emq,append,0.7249908619711226,0.7249908619711226,0.0014195230146570933
2027,P4,char3gram,target_real_anchor,emq,replace,0.6214285713757896,0.6214285713692814,0.0013102016239234886
2027,P4,char3gram,target_real_anchor,hdy,append,0.7249849011759976,0.7249849011759976,0.0014195230146570933
2027,P4,char3gram,target_real_anchor,hdy,replace,0.6214243136707238,0.6214226105675849,0.0013102016239234886
2027,P4,char3gram,target_real_anchor,kdey,append,0.7249849011759976,0.7249849011759976,0.0014195230146570933
2027,P4,char3gram,target_real_anchor,kdey,replace,0.6214243136707238,0.6214226105675849,0.0013102016239234886
2027,P4,char3gram,target_real_anchor,median_sweep,append,0.7249908620369842,0.7249908620369842,0.0014195230146570933
2027,P4,char3gram,target_real_anchor,median_sweep,replace,0.6214285714285714,0.6214285714285714,0.0013102016239234886
2027,P4,char3gram,target_real_anchor,pacc,append,0.7249908620369842,0.7249908620369842,0.0014195230146570933
2027,P4,char3gram,target_real_anchor,pacc,replace,0.6214285714285714,0.6214285714285714,0.0013102016239234886
2027,P4,char3gram,target_real_anchor,pcc,append,0.6914419931011268,0.6914419931011268,0.0014195230146570933
2027,P4,char3gram,target_real_anchor,pcc,replace,0.5968874860203981,0.5885318145064431,0.0013102016239234886
2027,P4,column_positional_ablation,oracle_target,cc,append,0.2750091379630159,-0.2750091379630159,0.0
2027,P4,column_positional_ablation,oracle_target,cc,replace,0.37857142857142856,-0.37857142857142856,0.0
2027,P4,column_positional_ablation,oracle_target,dys,append,0.7249849011759976,0.7249849011759976,0.0
2027,P4,column_positional_ablation,oracle_target,dys,replace,0.6214243136707238,0.6214226105675849,0.0
2027,P4,column_positional_ablation,oracle_target,emq,append,0.30832419537031747,0.22499086203698412,0.0
2027,P4,column_positional_ablation,oracle_target,emq,replace,0.3357142857142857,0.12142857142857143,0.0
2027,P4,column_positional_ablation,oracle_target,hdy,append,0.7249849011759976,0.7249849011759976,0.0
2027,P4,column_positional_ablation,oracle_target,hdy,replace,0.6214243136707238,0.6214226105675849,0.0
2027,P4,column_positional_ablation,oracle_target,pcc,append,0.30832419537031747,0.22499086203698412,0.0
2027,P4,column_positional_ablation,oracle_target,pcc,replace,0.3357142857142857,0.12142857142857143,0.0
2027,P4,column_positional_ablation,source_only,acc,append,0.7249908620369842,0.7249908620369842,
2027,P4,column_positional_ablation,source_only,acc,replace,0.6214285714285714,0.6214285714285714,
2027,P4,column_positional_ablation,source_only,cc,append,0.7249908620369842,0.7249908620369842,
2027,P4,column_positional_ablation,source_only,cc,replace,0.6214285714285714,0.6214285714285714,
2027,P4,column_positional_ablation,source_only,dys,append,0.7249849011759976,0.7249849011759976,
2027,P4,column_positional_ablation,source_only,dys,replace,0.6214243136707238,0.6214226105675849,
2027,P4,column_positional_ablation,source_only,emq,append,0.7249908619672506,0.7249908619672506,
2027,P4,column_positional_ablation,source_only,emq,replace,0.6214285713783159,0.6214285713589258,
2027,P4,column_positional_ablation,source_only,hdy,append,0.7249849011759976,0.7249849011759976,
2027,P4,column_positional_ablation,source_only,hdy,replace,0.6214243136707238,0.6214226105675849,
2027,P4,column_positional_ablation,source_only,kdey,append,0.7249849011759976,0.7249849011759976,
2027,P4,column_positional_ablation,source_only,kdey,replace,0.6214243136707238,0.6214226105675849,
2027,P4,column_positional_ablation,source_only,median_sweep,append,0.7249908620369842,0.7249908620369842,
2027,P4,column_positional_ablation,source_only,median_sweep,replace,0.6214285714285714,0.6214285714285714,
2027,P4,column_positional_ablation,source_only,pacc,append,0.7249908620369842,0.7249908620369842,
2027,P4,column_positional_ablation,source_only,pacc,replace,0.6214285714285714,0.6214285714285714,
2027,P4,column_positional_ablation,source_only,pcc,append,0.6908350196286591,0.6908350196286591,
2027,P4,column_positional_ablation,source_only,pcc,replace,0.5970113656810128,0.5872781236671532,
2027,P4,column_positional_ablation,target_real_anchor,acc,append,0.24224088916337952,-0.21684284326904654,0.0001762716687372974
2027,P4,column_positional_ablation,target_real_anchor,acc,replace,0.3444495175793089,-0.3228098984643362,0.0003917277244055457
2027,P4,column_positional_ablation,target_real_anchor,cc,append,0.2540995965507128,-0.24199959655071282,0.0001762716687372974
2027,P4,column_positional_ablation,target_real_anchor,cc,replace,0.35724999999999996,-0.3468785714285714,0.0003917277244055457
2027,P4,column_positional_ablation,target_real_anchor,dys,append,0.7249849011759976,0.7249849011759976,0.00082688638378845
2027,P4,column_positional_ablation,target_real_anchor,dys,replace,0.6214243136707238,0.6214226105675849,0.001043257080574401
2027,P4,column_positional_ablation,target_real_anchor,emq,append,0.7249908619672506,0.7249908619672506,0.00082688638378845
2027,P4,column_positional_ablation,target_real_anchor,emq,replace,0.6214285713783159,0.6214285713589258,0.001043257080574401
2027,P4,column_positional_ablation,target_real_anchor,hdy,append,0.7249849011759976,0.7249849011759976,0.00082688638378845
2027,P4,column_positional_ablation,target_real_anchor,hdy,replace,0.6214243136707238,0.6214226105675849,0.001043257080574401
2027,P4,column_positional_ablation,target_real_anchor,kdey,append,0.7249849011759976,0.7249849011759976,0.00082688638378845
2027,P4,column_positional_ablation,target_real_anchor,kdey,replace,0.6214243136707238,0.6214226105675849,0.001043257080574401
2027,P4,column_positional_ablation,target_real_anchor,median_sweep,append,0.7249908620369842,0.7249908620369842,0.00082688638378845
2027,P4,column_positional_ablation,target_real_anchor,median_sweep,replace,0.6214285714285714,0.6214285714285714,0.001043257080574401
2027,P4,column_positional_ablation,target_real_anchor,pacc,append,0.7249908620369842,0.7249908620369842,0.00082688638378845
2027,P4,column_positional_ablation,target_real_anchor,pacc,replace,0.6214285714285714,0.6214285714285714,0.001043257080574401
2027,P4,column_positional_ablation,target_real_anchor,pcc,append,0.6908350196286591,0.6908350196286591,0.00082688638378845
2027,P4,column_positional_ablation,target_real_anchor,pcc,replace,0.5970113656810128,0.5872781236671532,0.001043257080574401
2027,P4,datum_ta,oracle_target,acc,append,0.06179018885999067,-0.007202061855957266,0.0018568739090998848
2027,P4,datum_ta,oracle_target,acc,replace,0.08312989134808847,-0.03042782293762572,0.002170704698315386
2027,P4,datum_ta,oracle_target,cc,append,0.2149006029261081,-0.19264469599353454,0.0010729756578429066
2027,P4,datum_ta,oracle_target,cc,replace,0.3056614285714286,-0.2864271428571428,0.0019708338369303427
2027,P4,datum_ta,oracle_target,dys,append,0.03338258034976631,0.0053748610482799285,0.0015568716224970912
2027,P4,datum_ta,oracle_target,dys,replace,0.03803911477905908,-0.002120697648602774,0.0017933063514203231
2027,P4,datum_ta,oracle_target,emq,append,0.02664108591722755,0.010874714315275154,0.0015939145877635881
2027,P4,datum_ta,oracle_target,emq,replace,0.02903552949129842,0.007488909126293875,0.00195881283938354
2027,P4,datum_ta,oracle_target,hdy,append,0.027583912469489113,0.01642205350853865,0.0015939145877635881
2027,P4,datum_ta,oracle_target,hdy,replace,0.0314132645328428,0.011071492971968291,0.0020155205886804115
2027,P4,datum_ta,oracle_target,kdey,append,0.04145663402450207,0.03964039893422678,0.0015565667421245215
2027,P4,datum_ta,oracle_target,kdey,replace,0.03835547795835473,0.03378987740508822,0.0017827662013974086
2027,P4,datum_ta,oracle_target,median_sweep,append,0.028104232309166133,0.0069190202468368545,0.0014250108613632416
2027,P4,datum_ta,oracle_target,median_sweep,replace,0.03531428869499955,-0.000317218902225174,0.0016044547377865172
2027,P4,datum_ta,oracle_target,pacc,append,0.027994495756532328,0.008831458794298757,0.0014308035884419514
2027,P4,datum_ta,oracle_target,pacc,replace,0.035034261084221294,0.0009243165319604103,0.0016044547377865172
2027,P4,datum_ta,oracle_target,pcc,append,0.25989371849246273,0.18834872211664833,0.0022567753311127548
2027,P4,datum_ta,oracle_target,pcc,replace,0.2839797218656308,0.10100157490204398,0.00230276145397446
2027,P4,datum_ta,source_only,acc,append,0.43399139013816534,0.43399139013816534,0.013737147386794067
2027,P4,datum_ta,source_only,acc,replace,0.37187002937538643,0.37187002937538643,0.020762309817256852
2027,P4,datum_ta,source_only,cc,append,0.2951039125749575,0.28229307924162417,0.013737147386794067
2027,P4,datum_ta,source_only,cc,replace,0.28300142857142857,0.21247285714285713,0.020762309817256852
2027,P4,datum_ta,source_only,dys,append,0.3782376867462681,0.3782376867462681,0.013737147386794067
2027,P4,datum_ta,source_only,dys,replace,0.3268723486941956,0.3267813048719146,0.020762309817256852
2027,P4,datum_ta,source_only,emq,append,0.48523397023937764,0.48523397023937764,0.013737147386794067
2027,P4,datum_ta,source_only,emq,replace,0.41649785831279285,0.41649785482850915,0.020762309817256852
2027,P4,datum_ta,source_only,hdy,append,0.41450310230440324,0.41450310230440324,0.013737147386794067
2027,P4,datum_ta,source_only,hdy,replace,0.355596561428157,0.3555948583250179,0.020762309817256852
2027,P4,datum_ta,source_only,kdey,append,0.48056086258979225,0.48056086258979225,0.013737147386794067
2027,P4,datum_ta,source_only,kdey,replace,0.4125506331521074,0.4125489300489683,0.020762309817256852
2027,P4,datum_ta,source_only,median_sweep,append,0.4726937324187244,0.4726937324187244,0.013737147386794067
2027,P4,datum_ta,source_only,median_sweep,replace,0.4050880522378352,0.4050880522378352,0.020762309817256852
2027,P4,datum_ta,source_only,pacc,append,0.43163919284917446,0.43163919284917446,0.013737147386794067
2027,P4,datum_ta,source_only,pacc,replace,0.3705859546829684,0.369657461378653,0.020762309817256852
2027,P4,datum_ta,source_only,pcc,append,0.35227528160062105,0.3485474729978046,0.013737147386794067
2027,P4,datum_ta,source_only,pcc,replace,0.3310016541350204,0.270297578918518,0.020762309817256852
2027,P4,datum_ta,target_real_anchor,acc,append,0.1944988399728367,-0.15632062271887887,0.0014001631109992931
2027,P4,datum_ta,target_real_anchor,acc,replace,0.27791279790604767,-0.24446484823437573,0.0019484033523774456
2027,P4,datum_ta,target_real_anchor,cc,append,0.2182893477693512,-0.19906722684500808,0.00092917374878364
2027,P4,datum_ta,target_real_anchor,cc,replace,0.3102028571428571,-0.2933428571428571,0.0017874265156637458
2027,P4,datum_ta,target_real_anchor,dys,append,0.3782376867462681,0.3782376867462681,0.002168817343628086
2027,P4,datum_ta,target_real_anchor,dys,replace,0.3268723486941956,0.3267813048719146,0.002207159680006263
2027,P4,datum_ta,target_real_anchor,emq,append,0.48523397023937764,0.48523397023937764,0.002168817343628086
2027,P4,datum_ta,target_real_anchor,emq,replace,0.41649785831279285,0.41649785482850915,0.002207159680006263
2027,P4,datum_ta,target_real_anchor,hdy,append,0.41450310230440324,0.41450310230440324,0.002168817343628086
2027,P4,datum_ta,target_real_anchor,hdy,replace,0.355596561428157,0.3555948583250179,0.002207159680006263
2027,P4,datum_ta,target_real_anchor,kdey,append,0.48056086258979225,0.48056086258979225,0.002168817343628086
2027,P4,datum_ta,target_real_anchor,kdey,replace,0.4125506331521074,0.4125489300489683,0.002207159680006263
2027,P4,datum_ta,target_real_anchor,median_sweep,append,0.4726937324187244,0.4726937324187244,0.002168817343628086
2027,P4,datum_ta,target_real_anchor,median_sweep,replace,0.4050880522378352,0.4050880522378352,0.002207159680006263
2027,P4,datum_ta,target_real_anchor,pacc,append,0.43163919284917446,0.43163919284917446,0.002168817343628086
2027,P4,datum_ta,target_real_anchor,pacc,replace,0.3705859546829684,0.369657461378653,0.002207159680006263
2027,P4,datum_ta,target_real_anchor,pcc,append,0.35227528160062105,0.3485474729978046,0.002168817343628086
2027,P4,datum_ta,target_real_anchor,pcc,replace,0.3310016541350204,0.270297578918518,0.002207159680006263
2027,P4,datum_transformer,oracle_target,cc,append,0.2750091379630159,-0.2750091379630159,0.0
2027,P4,datum_transformer,oracle_target,cc,replace,0.37857142857142856,-0.37857142857142856,0.0
2027,P4,datum_transformer,oracle_target,dys,append,0.7249849011759976,0.7249849011759976,0.0
2027,P4,datum_transformer,oracle_target,dys,replace,0.6214243136707238,0.6214226105675849,0.0
2027,P4,datum_transformer,oracle_target,emq,append,0.30832419537031747,0.22499086203698412,0.0
2027,P4,datum_transformer,oracle_target,emq,replace,0.3357142857142857,0.12142857142857143,0.0
2027,P4,datum_transformer,oracle_target,hdy,append,0.7249849011759976,0.7249849011759976,0.0
2027,P4,datum_transformer,oracle_target,hdy,replace,0.6214243136707238,0.6214226105675849,0.0
2027,P4,datum_transformer,oracle_target,pcc,append,0.30832419537031747,0.22499086203698412,0.0
2027,P4,datum_transformer,oracle_target,pcc,replace,0.3357142857142857,0.12142857142857143,0.0
2027,P4,datum_transformer,source_only,acc,append,0.7249908620369842,0.7249908620369842,
2027,P4,datum_transformer,source_only,acc,replace,0.6214285714285714,0.6214285714285714,
2027,P4,datum_transformer,source_only,cc,append,0.7249908620369842,0.7249908620369842,
2027,P4,datum_transformer,source_only,cc,replace,0.6214285714285714,0.6214285714285714,
2027,P4,datum_transformer,source_only,dys,append,0.7249849011759976,0.7249849011759976,
2027,P4,datum_transformer,source_only,dys,replace,0.6214243136707238,0.6214226105675849,
2027,P4,datum_transformer,source_only,emq,append,0.7249908620209463,0.7249908620209463,
2027,P4,datum_transformer,source_only,emq,replace,0.62142857141711,0.6214285714125393,
2027,P4,datum_transformer,source_only,hdy,append,0.7249849011759976,0.7249849011759976,
2027,P4,datum_transformer,source_only,hdy,replace,0.6214243136707238,0.6214226105675849,
2027,P4,datum_transformer,source_only,kdey,append,0.7249849011759976,0.7249849011759976,
2027,P4,datum_transformer,source_only,kdey,replace,0.6214243136707238,0.6214226105675849,
2027,P4,datum_transformer,source_only,median_sweep,append,0.7249908620369842,0.7249908620369842,
2027,P4,datum_transformer,source_only,median_sweep,replace,0.6214285714285714,0.6214285714285714,
2027,P4,datum_transformer,source_only,pacc,append,0.7249908620369842,0.7249908620369842,
2027,P4,datum_transformer,source_only,pacc,replace,0.6214285714285714,0.6214285714285714,
2027,P4,datum_transformer,source_only,pcc,append,0.6970918125309474,0.6970918125309474,
2027,P4,datum_transformer,source_only,pcc,replace,0.6014993018178428,0.5935308970535332,
2027,P4,datum_transformer,target_real_anchor,acc,append,0.22528958141314642,-0.11740107965126453,0.001132427330492835
2027,P4,datum_transformer,target_real_anchor,acc,replace,0.3130441075021558,-0.22223578135479544,0.0008034468903835143
2027,P4,datum_transformer,target_real_anchor,cc,append,0.24478024981238722,-0.22951182626063035,0.00034685223718673594
2027,P4,datum_transformer,target_real_anchor,cc,replace,0.3464585714285714,-0.33344142857142856,0.000839771209057536
2027,P4,datum_transformer,target_real_anchor,dys,append,0.7249849011759976,0.7249849011759976,0.001132427330492835
2027,P4,datum_transformer,target_real_anchor,dys,replace,0.6214243136707238,0.6214226105675849,0.0008155114422692514
2027,P4,datum_transformer,target_real_anchor,emq,append,0.7249908620209463,0.7249908620209463,0.001132427330492835
2027,P4,datum_transformer,target_real_anchor,emq,replace,0.62142857141711,0.6214285714125393,0.0008155114422692514
2027,P4,datum_transformer,target_real_anchor,hdy,append,0.7249849011759976,0.7249849011759976,0.001132427330492835
2027,P4,datum_transformer,target_real_anchor,hdy,replace,0.6214243136707238,0.6214226105675849,0.0008155114422692514
2027,P4,datum_transformer,target_real_anchor,kdey,append,0.7249849011759976,0.7249849011759976,0.001132427330492835
2027,P4,datum_transformer,target_real_anchor,kdey,replace,0.6214243136707238,0.6214226105675849,0.0008155114422692514
2027,P4,datum_transformer,target_real_anchor,median_sweep,append,0.7249908620369842,0.7249908620369842,0.001132427330492835
2027,P4,datum_transformer,target_real_anchor,median_sweep,replace,0.6214285714285714,0.6214285714285714,0.0008155114422692514
2027,P4,datum_transformer,target_real_anchor,pacc,append,0.7249908620369842,0.7249908620369842,0.001132427330492835
2027,P4,datum_transformer,target_real_anchor,pacc,replace,0.6214285714285714,0.6214285714285714,0.0008155114422692514
2027,P4,datum_transformer,target_real_anchor,pcc,append,0.6970918125309474,0.6970918125309474,0.001132427330492835
2027,P4,datum_transformer,target_real_anchor,pcc,replace,0.6014993018178428,0.5935308970535332,0.0008155114422692514
2027,P4,flat_transformer,oracle_target,acc,append,0.02487193967771935,-0.009147682508962819,0.0013112396690014997
2027,P4,flat_transformer,oracle_target,acc,replace,0.03279361770623736,-0.017221255533199146,0.00267297333494482
2027,P4,flat_transformer,oracle_target,cc,append,0.18216994323659172,-0.16076161781715523,0.001394827704479403
2027,P4,flat_transformer,oracle_target,cc,replace,0.2590142857142857,-0.24100285714285713,0.0026804211269031656
2027,P4,flat_transformer,oracle_target,dys,append,0.02559003854801962,0.021674404147697463,0.0012284646478504329
2027,P4,flat_transformer,oracle_target,dys,replace,0.026723417774940177,0.01647584985779707,0.0026214049976425974
2027,P4,flat_transformer,oracle_target,emq,append,0.0163889032482868,-0.0044507275984678645,0.0013100201475112496
2027,P4,flat_transformer,oracle_target,emq,replace,0.019889609543718385,-0.006802168389374731,0.00253743223217074
2027,P4,flat_transformer,oracle_target,hdy,append,0.024601326978707115,0.020387359228392382,0.0012284646478504329
2027,P4,flat_transformer,oracle_target,hdy,replace,0.024540523363178492,0.01686401838513751,0.0026214049976425974
2027,P4,flat_transformer,oracle_target,kdey,append,0.259681221147867,0.259681221147867,0.0018844655828169064
2027,P4,flat_transformer,oracle_target,kdey,replace,0.22273424992382213,0.22273254682068314,0.0028056398513490255
2027,P4,flat_transformer,oracle_target,median_sweep,append,0.019954923352821962,0.009365812967204483,0.0013207925873418363
2027,P4,flat_transformer,oracle_target,median_sweep,replace,0.022070137982834886,0.006132877486527153,0.0025982776436666885
2027,P4,flat_transformer,oracle_target,pacc,append,0.020191294444261473,0.011256913971431748,0.0013207925873418363
2027,P4,flat_transformer,oracle_target,pacc,replace,0.02214900455047036,0.007931560146965699,0.0025982776436666885
2027,P4,flat_transformer,oracle_target,pcc,append,0.23344720081324985,0.17033407828608713,0.0018844655828169064
2027,P4,flat_transformer,oracle_target,pcc,replace,0.25398316240157537,0.09241445201347782,0.0028056398513490255
2027,P4,flat_transformer,source_only,acc,append,0.5804662148253935,0.5804662148253935,0.010558261368861987
2027,P4,flat_transformer,source_only,acc,replace,0.49737495507009066,0.49737495507009066,0.016311274149519814
2027,P4,flat_transformer,source_only,cc,append,0.3865046328999993,0.3865046328999993,0.010558261368861987
2027,P4,flat_transformer,source_only,cc,replace,0.33865999999999996,0.32409142857142853,0.016311274149519814
2027,P4,flat_transformer,source_only,dys,append,0.5537687675852503,0.5537687675852503,0.010558261368861987
2027,P4,flat_transformer,source_only,dys,replace,0.47475970635965953,0.4747580032565205,0.016311274149519814
2027,P4,flat_transformer,source_only,emq,append,0.5154196363597775,0.5154196363597775,0.010558261368861987
2027,P4,flat_transformer,source_only,emq,replace,0.442025251752682,0.44202525111252905,0.016311274149519814
2027,P4,flat_transformer,source_only,hdy,append,0.5326125951242777,0.5326125951242777,0.010558261368861987
2027,P4,flat_transformer,source_only,hdy,replace,0.45660849736489534,0.4566067942617563,0.016311274149519814
2027,P4,flat_transformer,source_only,kdey,append,0.5109443110179335,0.5109443110179335,0.010558261368861987
2027,P4,flat_transformer,source_only,kdey,replace,0.4382855822531803,0.43828387915004124,0.016311274149519814
2027,P4,flat_transformer,source_only,median_sweep,append,0.5731771775807,0.5731771775807,0.010558261368861987
2027,P4,flat_transformer,source_only,median_sweep,replace,0.4914068685005682,0.4914068685005682,0.016311274149519814
2027,P4,flat_transformer,source_only,pacc,append,0.5489767310119394,0.5489767310119394,0.010558261368861987
2027,P4,flat_transformer,source_only,pacc,replace,0.4708511893385444,0.4708511893385444,0.016311274149519814
2027,P4,flat_transformer,source_only,pcc,append,0.41747919675039236,0.41747919675039236,0.010558261368861987
2027,P4,flat_transformer,source_only,pcc,replace,0.3696928959283355,0.3463172024599184,0.016311274149519814
2027,P4,flat_transformer,target_real_anchor,acc,append,0.11836962535925612,-0.04476950197342215,0.002027911798108163
2027,P4,flat_transformer,target_real_anchor,acc,replace,0.16101642697940988,-0.09965331935894718,0.0030434029876098313
2027,P4,flat_transformer,target_real_anchor,cc,append,0.17610479301056126,-0.15191037705614532,0.0016016890372639498
2027,P4,flat_transformer,target_real_anchor,cc,replace,0.2504128571428571,-0.23010142857142857,0.0030413994880186942
2027,P4,flat_transformer,target_real_anchor,dys,append,0.5537687675852503,0.5537687675852503,0.0021851284435602464
2027,P4,flat_transformer,target_real_anchor,dys,replace,0.47475970635965953,0.4747580032565205,0.0032714535062875714
2027,P4,flat_transformer,target_real_anchor,emq,append,0.5154196363597775,0.5154196363597775,0.0021851284435602464
2027,P4,flat_transformer,target_real_anchor,emq,replace,0.442025251752682,0.44202525111252905,0.0032714535062875714
2027,P4,flat_transformer,target_real_anchor,hdy,append,0.5326125951242777,0.5326125951242777,0.0021851284435602464
2027,P4,flat_transformer,target_real_anchor,hdy,replace,0.45660849736489534,0.4566067942617563,0.0032714535062875714
2027,P4,flat_transformer,target_real_anchor,kdey,append,0.5109443110179335,0.5109443110179335,0.0021851284435602464
2027,P4,flat_transformer,target_real_anchor,kdey,replace,0.4382855822531803,0.43828387915004124,0.0032714535062875714
2027,P4,flat_transformer,target_real_anchor,median_sweep,append,0.5731771775807,0.5731771775807,0.0021851284435602464
2027,P4,flat_transformer,target_real_anchor,median_sweep,replace,0.4914068685005682,0.4914068685005682,0.0032714535062875714
2027,P4,flat_transformer,target_real_anchor,pacc,append,0.5489767310119394,0.5489767310119394,0.0021851284435602464
2027,P4,flat_transformer,target_real_anchor,pacc,replace,0.4708511893385444,0.4708511893385444,0.0032714535062875714
2027,P4,flat_transformer,target_real_anchor,pcc,append,0.41747919675039236,0.41747919675039236,0.0021851284435602464
2027,P4,flat_transformer,target_real_anchor,pcc,replace,0.3696928959283355,0.3463172024599184,0.0032714535062875714
2028,P1,c2st_lr,oracle_target,acc,append,0.03705738246290804,0.018638885137705504,0.0006782318276542528
2028,P1,c2st_lr,oracle_target,acc,replace,0.04568175122385399,0.01476604583889626,0.0007048557509369668
2028,P1,c2st_lr,oracle_target,cc,append,0.2067903119771997,-0.18660430691230576,0.0005374993674583696
2028,P1,c2st_lr,oracle_target,cc,replace,0.29350571428571426,-0.27592,0.0006939569766547493
2028,P1,c2st_lr,oracle_target,dys,append,0.027980041827744693,0.010430296973055322,0.0007781135998748667
2028,P1,c2st_lr,oracle_target,dys,replace,0.031501417070409286,0.005710047206175278,0.0007103287967776583
2028,P1,c2st_lr,oracle_target,emq,append,0.024617979688601254,0.013147292925821558,0.0007851244611895362
2028,P1,c2st_lr,oracle_target,emq,replace,0.02768554606931937,0.010017674714110766,0.0006933418504651611
2028,P1,c2st_lr,oracle_target,hdy,append,0.025901934106727895,0.014978993592249306,0.0007822722735155862
2028,P1,c2st_lr,oracle_target,hdy,replace,0.03043833462922167,0.009970730954153642,0.0007045087566761669
2028,P1,c2st_lr,oracle_target,kdey,append,0.023151417613186016,0.008985457917460127,0.0007705323010253996
2028,P1,c2st_lr,oracle_target,kdey,replace,0.02660862086132959,0.006477376378714713,0.0007162592441439498
2028,P1,c2st_lr,oracle_target,median_sweep,append,0.024780958221043092,0.00835792174708884,0.0007851244611895362
2028,P1,c2st_lr,oracle_target,median_sweep,replace,0.030509416216925784,0.004565771389863603,0.0007063068178457269
2028,P1,c2st_lr,oracle_target,pacc,append,0.025195814622911792,0.012754716851909174,0.0007927793648821995
2028,P1,c2st_lr,oracle_target,pacc,replace,0.029287912889205858,0.00854617418481845,0.0007063068178457269
2028,P1,c2st_lr,oracle_target,pcc,append,0.27123390558108973,0.19800365547861765,0.0007809841887596
2028,P1,c2st_lr,oracle_target,pcc,replace,0.29527162291490455,0.10720764188872137,0.0006743044835207001
2028,P1,c2st_lr,source_only,acc,append,0.03705738246290804,0.018638885137705504,0.0006782318276542528
2028,P1,c2st_lr,source_only,acc,replace,0.04568175122385399,0.01476604583889626,0.0007048557509369668
2028,P1,c2st_lr,source_only,cc,append,0.2067903119771997,-0.18660430691230576,0.0005374993674583696
2028,P1,c2st_lr,source_only,cc,replace,0.29350571428571426,-0.27592,0.0006939569766547493
2028,P1,c2st_lr,source_only,dys,append,0.027980041827744693,0.010430296973055322,0.0007781135998748667
2028,P1,c2st_lr,source_only,dys,replace,0.031501417070409286,0.005710047206175278,0.0007103287967776583
2028,P1,c2st_lr,source_only,emq,append,0.024617979688601254,0.013147292925821558,0.0007851244611895362
2028,P1,c2st_lr,source_only,emq,replace,0.02768554606931937,0.010017674714110766,0.0006933418504651611
2028,P1,c2st_lr,source_only,hdy,append,0.025901934106727895,0.014978993592249306,0.0007822722735155862
2028,P1,c2st_lr,source_only,hdy,replace,0.03043833462922167,0.009970730954153642,0.0007045087566761669
2028,P1,c2st_lr,source_only,kdey,append,0.023151417613186016,0.008985457917460127,0.0007705323010253996
2028,P1,c2st_lr,source_only,kdey,replace,0.02660862086132959,0.006477376378714713,0.0007162592441439498
2028,P1,c2st_lr,source_only,median_sweep,append,0.024780958221043092,0.00835792174708884,0.0007851244611895362
2028,P1,c2st_lr,source_only,median_sweep,replace,0.030509416216925784,0.004565771389863603,0.0007063068178457269
2028,P1,c2st_lr,source_only,pacc,append,0.025195814622911792,0.012754716851909174,0.0007927793648821995
2028,P1,c2st_lr,source_only,pacc,replace,0.029287912889205858,0.00854617418481845,0.0007063068178457269
2028,P1,c2st_lr,source_only,pcc,append,0.27123390558108973,0.19800365547861765,0.0007809841887596
2028,P1,c2st_lr,source_only,pcc,replace,0.29527162291490455,0.10720764188872137,0.0006743044835207001
2028,P1,c2st_lr,target_real_anchor,acc,append,0.03704525807637233,0.018836759201739713,0.0006999268551870374
2028,P1,c2st_lr,target_real_anchor,acc,replace,0.045371958315240955,0.01649627008250107,0.0007487978423265572
2028,P1,c2st_lr,target_real_anchor,cc,append,0.20435200425032532,-0.18227268484545037,0.0005728664946153275
2028,P1,c2st_lr,target_real_anchor,cc,replace,0.29007999999999995,-0.27090285714285717,0.0007115905940896343
2028,P1,c2st_lr,target_real_anchor,dys,append,0.027980041827744693,0.010430296973055322,0.0008125606664918133
2028,P1,c2st_lr,target_real_anchor,dys,replace,0.031501417070409286,0.005710047206175278,0.0007273946054221428
2028,P1,c2st_lr,target_real_anchor,emq,append,0.024617979688601254,0.013147292925821558,0.0008180626285209107
2028,P1,c2st_lr,target_real_anchor,emq,replace,0.02768554606931937,0.010017674714110766,0.0007447443184618257
2028,P1,c2st_lr,target_real_anchor,hdy,append,0.025901934106727895,0.014978993592249306,0.0008172897776673241
2028,P1,c2st_lr,target_real_anchor,hdy,replace,0.03043833462922167,0.009970730954153642,0.0007533718575824687
2028,P1,c2st_lr,target_real_anchor,kdey,append,0.023151417613186016,0.008985457917460127,0.0008034704683567741
2028,P1,c2st_lr,target_real_anchor,kdey,replace,0.02660862086132959,0.006477376378714713,0.0007333250527884343
2028,P1,c2st_lr,target_real_anchor,median_sweep,append,0.024780958221043092,0.00835792174708884,0.0008180626285209107
2028,P1,c2st_lr,target_real_anchor,median_sweep,replace,0.030509416216925784,0.004565771389863603,0.0007196503244198858
2028,P1,c2st_lr,target_real_anchor,pacc,append,0.025195814622911792,0.012754716851909174,0.0008292137622655119
2028,P1,c2st_lr,target_real_anchor,pacc,replace,0.029287912889205858,0.00854617418481845,0.0007196503244198858
2028,P1,c2st_lr,target_real_anchor,pcc,append,0.27123390558108973,0.19800365547861765,0.0008196267314388773
2028,P1,c2st_lr,target_real_anchor,pcc,replace,0.29527162291490455,0.10720764188872137,0.0007199184563486633
2028,P1,c2st_xgb,oracle_target,acc,append,0.006935721011337317,0.002105199107587713,0.00047701458755985304
2028,P1,c2st_xgb,oracle_target,acc,replace,0.008040915307299352,0.0013526198714779974,0.0075388761723378305
2028,P1,c2st_xgb,oracle_target,cc,append,0.05896342329362432,-0.024013029569591452,0.000522207961283843
2028,P1,c2st_xgb,oracle_target,cc,replace,0.08051999999999995,-0.05113999999999999,0.007556304747709525
2028,P1,c2st_xgb,oracle_target,dys,append,0.0067722097057998495,0.004344143664007953,0.0005008073531238263
2028,P1,c2st_xgb,oracle_target,dys,replace,0.007939532764418762,0.0031666367249344163,0.007511242811205534
2028,P1,c2st_xgb,oracle_target,emq,append,0.005312887718512024,-0.0005248638986786833,0.0004954526007811264
2028,P1,c2st_xgb,oracle_target,emq,replace,0.006489656972380829,-0.0007984987101389507,0.007469146098384684
2028,P1,c2st_xgb,oracle_target,hdy,append,0.0047655426042097085,0.001641329530436692,0.00048176209994617303
2028,P1,c2st_xgb,oracle_target,hdy,replace,0.006283198567963615,0.0009357832343623456,0.007511242811205534
2028,P1,c2st_xgb,oracle_target,kdey,append,0.004764159940130653,0.0014712539216773064,0.0005008073531238263
2028,P1,c2st_xgb,oracle_target,kdey,replace,0.006512001125000537,0.0004018008408395653,0.007511242811205534
2028,P1,c2st_xgb,oracle_target,median_sweep,append,0.006074770140499219,0.0021478423457184787,0.000465016998118473
2028,P1,c2st_xgb,oracle_target,median_sweep,replace,0.007563072127588778,0.0014901010023520133,0.00749881410768255
2028,P1,c2st_xgb,oracle_target,pacc,append,0.006350889932466174,0.002412901178437651,0.0004834550113397464
2028,P1,c2st_xgb,oracle_target,pacc,replace,0.007694052174392318,0.0015241009169901266,0.00749881410768255
2028,P1,c2st_xgb,oracle_target,pcc,append,0.11792492622760781,0.08687464666020572,0.0009138041283116131
2028,P1,c2st_xgb,oracle_target,pcc,replace,0.12778167849556246,0.04771516961146782,0.007774232915954406
2028,P1,c2st_xgb,source_only,acc,append,0.006935721011337317,0.002105199107587713,0.00047701458755985304
2028,P1,c2st_xgb,source_only,acc,replace,0.008040915307299352,0.0013526198714779974,0.0075388761723378305
2028,P1,c2st_xgb,source_only,cc,append,0.05896342329362432,-0.024013029569591452,0.000522207961283843
2028,P1,c2st_xgb,source_only,cc,replace,0.08051999999999995,-0.05113999999999999,0.007556304747709525
2028,P1,c2st_xgb,source_only,dys,append,0.0067722097057998495,0.004344143664007953,0.0005008073531238263
2028,P1,c2st_xgb,source_only,dys,replace,0.007939532764418762,0.0031666367249344163,0.007511242811205534
2028,P1,c2st_xgb,source_only,emq,append,0.005312887718512024,-0.0005248638986786833,0.0004954526007811264
2028,P1,c2st_xgb,source_only,emq,replace,0.006489656972380829,-0.0007984987101389507,0.007469146098384684
2028,P1,c2st_xgb,source_only,hdy,append,0.0047655426042097085,0.001641329530436692,0.00048176209994617303
2028,P1,c2st_xgb,source_only,hdy,replace,0.006283198567963615,0.0009357832343623456,0.007511242811205534
2028,P1,c2st_xgb,source_only,kdey,append,0.004764159940130653,0.0014712539216773064,0.0005008073531238263
2028,P1,c2st_xgb,source_only,kdey,replace,0.006512001125000537,0.0004018008408395653,0.007511242811205534
2028,P1,c2st_xgb,source_only,median_sweep,append,0.006074770140499219,0.0021478423457184787,0.000465016998118473
2028,P1,c2st_xgb,source_only,median_sweep,replace,0.007563072127588778,0.0014901010023520133,0.00749881410768255
2028,P1,c2st_xgb,source_only,pacc,append,0.006350889932466174,0.002412901178437651,0.0004834550113397464
2028,P1,c2st_xgb,source_only,pacc,replace,0.007694052174392318,0.0015241009169901266,0.00749881410768255
2028,P1,c2st_xgb,source_only,pcc,append,0.11792492622760781,0.08687464666020572,0.0009138041283116131
2028,P1,c2st_xgb,source_only,pcc,replace,0.12778167849556246,0.04771516961146782,0.007774232915954406
2028,P1,c2st_xgb,target_real_anchor,acc,append,0.006777541561667517,0.0021658360895230604,0.00039982150825524
2028,P1,c2st_xgb,target_real_anchor,acc,replace,0.00791887018238834,0.0014068424527523093,0.006940989288523723
2028,P1,c2st_xgb,target_real_anchor,cc,append,0.05923996015208412,-0.02978611886767079,0.0004576381125878067
2028,P1,c2st_xgb,target_real_anchor,cc,replace,0.08182857142857138,-0.05708285714285713,0.006964837257720098
2028,P1,c2st_xgb,target_real_anchor,dys,append,0.0067722097057998495,0.004344143664007953,0.00042584082032597
2028,P1,c2st_xgb,target_real_anchor,dys,replace,0.007939532764418762,0.0031666367249344163,0.006917330588924152
2028,P1,c2st_xgb,target_real_anchor,emq,append,0.005312887718512024,-0.0005248638986786833,0.0004216637454744433
2028,P1,c2st_xgb,target_real_anchor,emq,replace,0.006489656972380829,-0.0007984987101389507,0.006904444483875581
2028,P1,c2st_xgb,target_real_anchor,hdy,append,0.0047655426042097085,0.001641329530436692,0.00040697957925631
2028,P1,c2st_xgb,target_real_anchor,hdy,replace,0.006283198567963615,0.0009357832343623456,0.006917330588924152
2028,P1,c2st_xgb,target_real_anchor,kdey,append,0.004764159940130653,0.0014712539216773064,0.00042584082032597
2028,P1,c2st_xgb,target_real_anchor,kdey,replace,0.006512001125000537,0.0004018008408395653,0.006917330588924152
2028,P1,c2st_xgb,target_real_anchor,median_sweep,append,0.006074770140499219,0.0021478423457184787,0.00039041848953661
2028,P1,c2st_xgb,target_real_anchor,median_sweep,replace,0.007563072127588778,0.0014901010023520133,0.006940989288523723
2028,P1,c2st_xgb,target_real_anchor,pacc,append,0.006350889932466174,0.002412901178437651,0.00041226072675581337
2028,P1,c2st_xgb,target_real_anchor,pacc,replace,0.007694052174392318,0.0015241009169901266,0.006940989288523723
2028,P1,c2st_xgb,target_real_anchor,pcc,append,0.11792492622760781,0.08687464666020572,0.0007163775376419708
2028,P1,c2st_xgb,target_real_anchor,pcc,replace,0.12778167849556246,0.04771516961146782,0.0070760962357037
2028,P1,char3gram,oracle_target,acc,append,0.01004003790922157,0.005367091602140222,0.00020787847840388006
2028,P1,char3gram,oracle_target,acc,replace,0.01180061398608498,0.004812220303692063,0.004463024409863249
2028,P1,char3gram,oracle_target,cc,append,0.08993567503069255,-0.059875034795728914,0.0002479379143147601
2028,P1,char3gram,oracle_target,cc,replace,0.12598571428571423,-0.10058285714285714,0.004413372685636943
2028,P1,char3gram,oracle_target,dys,append,0.008695860352196745,0.003068710691204837,0.0002478091058391632
2028,P1,char3gram,oracle_target,dys,replace,0.01153885243650681,0.002425944874245942,0.004316655921673883
2028,P1,char3gram,oracle_target,emq,append,0.00834757447683639,-0.00502058230309045,0.00019032372330100324
2028,P1,char3gram,oracle_target,emq,replace,0.010912009534382464,-0.005387461456150382,0.00437326330358246
2028,P1,char3gram,oracle_target,hdy,append,0.00641729994983515,0.001251128632409348,0.0002479379143147601
2028,P1,char3gram,oracle_target,hdy,replace,0.008567990691717988,0.0007590365401473675,0.004463024409863249
2028,P1,char3gram,oracle_target,kdey,append,0.006320216842093001,-0.00043990077865685694,0.00023051196768748006
2028,P1,char3gram,oracle_target,kdey,replace,0.008876925713160509,-0.000922437618984813,0.004463024409863249
2028,P1,char3gram,oracle_target,median_sweep,append,0.007667815776846318,1.456973354927129e-05,0.00019477681631452343
2028,P1,char3gram,oracle_target,median_sweep,replace,0.009707709905934255,-6.673231990400447e-05,0.004463024409863249
2028,P1,char3gram,oracle_target,pacc,append,0.008238397688047738,0.0019519183980744718,0.00019477681631452343
2028,P1,char3gram,oracle_target,pacc,replace,0.010062771610886461,0.0017831377820803364,0.004420848834710403
2028,P1,char3gram,oracle_target,pcc,append,0.1564733134272116,0.11396294347658409,0.0004702061395639579
2028,P1,char3gram,oracle_target,pcc,replace,0.1703593441349124,0.06218094256919336,0.00450255021066093
2028,P1,char3gram,source_only,acc,append,0.01004003790922157,0.005367091602140222,0.00020787847840388006
2028,P1,char3gram,source_only,acc,replace,0.01180061398608498,0.004812220303692063,0.004463024409863249
2028,P1,char3gram,source_only,cc,append,0.08993567503069255,-0.059875034795728914,0.0002479379143147601
2028,P1,char3gram,source_only,cc,replace,0.12598571428571423,-0.10058285714285714,0.004413372685636943
2028,P1,char3gram,source_only,dys,append,0.008695860352196745,0.003068710691204837,0.0002478091058391632
2028,P1,char3gram,source_only,dys,replace,0.01153885243650681,0.002425944874245942,0.004316655921673883
2028,P1,char3gram,source_only,emq,append,0.00834757447683639,-0.00502058230309045,0.00019032372330100324
2028,P1,char3gram,source_only,emq,replace,0.010912009534382464,-0.005387461456150382,0.00437326330358246
2028,P1,char3gram,source_only,hdy,append,0.00641729994983515,0.001251128632409348,0.0002479379143147601
2028,P1,char3gram,source_only,hdy,replace,0.008567990691717988,0.0007590365401473675,0.004463024409863249
2028,P1,char3gram,source_only,kdey,append,0.006320216842093001,-0.00043990077865685694,0.00023051196768748006
2028,P1,char3gram,source_only,kdey,replace,0.008876925713160509,-0.000922437618984813,0.004463024409863249
2028,P1,char3gram,source_only,median_sweep,append,0.007667815776846318,1.456973354927129e-05,0.00019477681631452343
2028,P1,char3gram,source_only,median_sweep,replace,0.009707709905934255,-6.673231990400447e-05,0.004463024409863249
2028,P1,char3gram,source_only,pacc,append,0.008238397688047738,0.0019519183980744718,0.00019477681631452343
2028,P1,char3gram,source_only,pacc,replace,0.010062771610886461,0.0017831377820803364,0.004420848834710403
2028,P1,char3gram,source_only,pcc,append,0.1564733134272116,0.11396294347658409,0.0004702061395639579
2028,P1,char3gram,source_only,pcc,replace,0.1703593441349124,0.06218094256919336,0.00450255021066093
2028,P1,char3gram,target_real_anchor,acc,append,0.00893637600212049,0.0021001755442669355,0.00037674638991244257
2028,P1,char3gram,target_real_anchor,acc,replace,0.011445806028833517,0.002227402883355173,0.004300268329084583
2028,P1,char3gram,target_real_anchor,cc,append,0.09569738261645498,-0.0769325120838177,0.0003685026474741926
2028,P1,char3gram,target_real_anchor,cc,replace,0.13544571428571425,-0.11931714285714287,0.004353137636456434
2028,P1,char3gram,target_real_anchor,dys,append,0.008695860352196745,0.003068710691204837,0.00035911802996635927
2028,P1,char3gram,target_real_anchor,dys,replace,0.01153885243650681,0.002425944874245942,0.00416328445840304
2028,P1,char3gram,target_real_anchor,emq,append,0.00834757447683639,-0.00502058230309045,0.00038073945265598594
2028,P1,char3gram,target_real_anchor,emq,replace,0.010912009534382464,-0.005387461456150382,0.00421673734703168
2028,P1,char3gram,target_real_anchor,hdy,append,0.00641729994983515,0.001251128632409348,0.0003673617724046092
2028,P1,char3gram,target_real_anchor,hdy,replace,0.008567990691717988,0.0007590365401473675,0.004300268329084583
2028,P1,char3gram,target_real_anchor,kdey,append,0.006320216842093001,-0.00043990077865685694,0.0003298233023732926
2028,P1,char3gram,target_real_anchor,kdey,replace,0.008876925713160509,-0.000922437618984813,0.004300268329084583
2028,P1,char3gram,target_real_anchor,median_sweep,append,0.007667815776846318,1.456973354927129e-05,0.00037959857758640257
2028,P1,char3gram,target_real_anchor,median_sweep,replace,0.009707709905934255,-6.673231990400447e-05,0.004300268329084583
2028,P1,char3gram,target_real_anchor,pacc,append,0.008238397688047738,0.0019519183980744718,0.00037959857758640257
2028,P1,char3gram,target_real_anchor,pacc,replace,0.010062771610886461,0.0017831377820803364,0.004242083700536022
2028,P1,char3gram,target_real_anchor,pcc,append,0.1564733134272116,0.11396294347658409,0.0003614917861595059
2028,P1,char3gram,target_real_anchor,pcc,replace,0.1703593441349124,0.06218094256919336,0.00426077407321968
2028,P1,column_positional_ablation,oracle_target,acc,append,0.011638478704349543,0.010133218739304934,0.00035716750162159667
2028,P1,column_positional_ablation,oracle_target,acc,replace,0.012001367229312426,0.007923881020996252,0.008757756603241611
2028,P1,column_positional_ablation,oracle_target,cc,append,0.06235636689940196,-0.01729117998731969,0.00041192950496140863
2028,P1,column_positional_ablation,oracle_target,cc,replace,0.08466999999999997,-0.046101428571428564,0.0086752192865719
2028,P1,column_positional_ablation,oracle_target,dys,append,0.005786730386871984,0.0011289207223844197,0.00036618409491343527
2028,P1,column_positional_ablation,oracle_target,dys,replace,0.008010627922199892,0.0005257127540541799,0.008768450335460622
2028,P1,column_positional_ablation,oracle_target,emq,append,0.006347750799827961,0.0032004359934039075,0.0003643439738334733
2028,P1,column_positional_ablation,oracle_target,emq,replace,0.007026818118424217,0.002795026729713232,0.008757756603241611
2028,P1,column_positional_ablation,oracle_target,hdy,append,0.006422041833709566,0.0037807207061675346,0.00036618409491343527
2028,P1,column_positional_ablation,oracle_target,hdy,replace,0.0073659623122938655,0.0031691104647020634,0.008807061333207128
2028,P1,column_positional_ablation,oracle_target,kdey,append,0.0072497981453265,-0.005707969135242989,0.0003643439738334733
2028,P1,column_positional_ablation,oracle_target,kdey,replace,0.008383467043400988,-0.0054638275571277,0.008744176509671459
2028,P1,column_positional_ablation,oracle_target,median_sweep,append,0.00926828105100391,0.007309141218342277,0.00035716750162159667
2028,P1,column_positional_ablation,oracle_target,median_sweep,replace,0.009912172164376475,0.0057316402334052895,0.008757756603241611
2028,P1,column_positional_ablation,oracle_target,pacc,append,0.009637622034101685,0.0079354339464785,0.00035716750162159667
2028,P1,column_positional_ablation,oracle_target,pacc,replace,0.01023258229785155,0.006346160116238444,0.008757756603241611
2028,P1,column_positional_ablation,oracle_target,pcc,append,0.12791272374965568,0.09517850032861963,0.0007057416377997253
2028,P1,column_positional_ablation,oracle_target,pcc,replace,0.1382579301247579,0.05318405480527878,0.00885453645707027
2028,P1,column_positional_ablation,source_only,acc,append,0.011638478704349543,0.010133218739304934,0.00035716750162159667
2028,P1,column_positional_ablation,source_only,acc,replace,0.012001367229312426,0.007923881020996252,0.008757756603241611
2028,P1,column_positional_ablation,source_only,cc,append,0.06235636689940196,-0.01729117998731969,0.00041192950496140863
2028,P1,column_positional_ablation,source_only,cc,replace,0.08466999999999997,-0.046101428571428564,0.0086752192865719
2028,P1,column_positional_ablation,source_only,dys,append,0.005786730386871984,0.0011289207223844197,0.00036618409491343527
2028,P1,column_positional_ablation,source_only,dys,replace,0.008010627922199892,0.0005257127540541799,0.008768450335460622
2028,P1,column_positional_ablation,source_only,emq,append,0.006347750799827961,0.0032004359934039075,0.0003643439738334733
2028,P1,column_positional_ablation,source_only,emq,replace,0.007026818118424217,0.002795026729713232,0.008757756603241611
2028,P1,column_positional_ablation,source_only,hdy,append,0.006422041833709566,0.0037807207061675346,0.00036618409491343527
2028,P1,column_positional_ablation,source_only,hdy,replace,0.0073659623122938655,0.0031691104647020634,0.008807061333207128
2028,P1,column_positional_ablation,source_only,kdey,append,0.0072497981453265,-0.005707969135242989,0.0003643439738334733
2028,P1,column_positional_ablation,source_only,kdey,replace,0.008383467043400988,-0.0054638275571277,0.008744176509671459
2028,P1,column_positional_ablation,source_only,median_sweep,append,0.00926828105100391,0.007309141218342277,0.00035716750162159667
2028,P1,column_positional_ablation,source_only,median_sweep,replace,0.009912172164376475,0.0057316402334052895,0.008757756603241611
2028,P1,column_positional_ablation,source_only,pacc,append,0.009637622034101685,0.0079354339464785,0.00035716750162159667
2028,P1,column_positional_ablation,source_only,pacc,replace,0.01023258229785155,0.006346160116238444,0.008757756603241611
2028,P1,column_positional_ablation,source_only,pcc,append,0.12791272374965568,0.09517850032861963,0.0007057416377997253
2028,P1,column_positional_ablation,source_only,pcc,replace,0.1382579301247579,0.05318405480527878,0.00885453645707027
2028,P1,column_positional_ablation,target_real_anchor,acc,append,0.009912510905289718,0.007927038465387273,0.0003580323585291807
2028,P1,column_positional_ablation,target_real_anchor,acc,replace,0.01055538483796292,0.0061663124173280395,0.00878972739263384
2028,P1,column_positional_ablation,target_real_anchor,cc,append,0.06202844298929643,-0.02148442335228894,0.0004017904378108033
2028,P1,column_positional_ablation,target_real_anchor,cc,replace,0.08505999999999996,-0.050168571428571423,0.008696417481413112
2028,P1,column_positional_ablation,target_real_anchor,dys,append,0.005786730386871984,0.0011289207223844197,0.00034831651922695667
2028,P1,column_positional_ablation,target_real_anchor,dys,replace,0.008010627922199892,0.0005257127540541799,0.008814158943087003
2028,P1,column_positional_ablation,target_real_anchor,emq,append,0.006347750799827961,0.0032004359934039075,0.0003505062633121174
2028,P1,column_positional_ablation,target_real_anchor,emq,replace,0.007026818118424217,0.002795026729713232,0.00878972739263384
2028,P1,column_positional_ablation,target_real_anchor,hdy,append,0.006422041833709566,0.0037807207061675346,0.00034831651922695667
2028,P1,column_positional_ablation,target_real_anchor,hdy,replace,0.0073659623122938655,0.0031691104647020634,0.008847533481988802
2028,P1,column_positional_ablation,target_real_anchor,kdey,append,0.0072497981453265,-0.005707969135242989,0.0003505062633121174
2028,P1,column_positional_ablation,target_real_anchor,kdey,replace,0.008383467043400988,-0.0054638275571277,0.008785500371638713
2028,P1,column_positional_ablation,target_real_anchor,median_sweep,append,0.00926828105100391,0.007309141218342277,0.0003580323585291807
2028,P1,column_positional_ablation,target_real_anchor,median_sweep,replace,0.009912172164376475,0.0057316402334052895,0.00878972739263384
2028,P1,column_positional_ablation,target_real_anchor,pacc,append,0.009637622034101685,0.0079354339464785,0.0003580323585291807
2028,P1,column_positional_ablation,target_real_anchor,pacc,replace,0.01023258229785155,0.006346160116238444,0.00878972739263384
2028,P1,column_positional_ablation,target_real_anchor,pcc,append,0.12791272374965568,0.09517850032861963,0.0007193217313699001
2028,P1,column_positional_ablation,target_real_anchor,pcc,replace,0.1382579301247579,0.05318405480527878,0.008940149404687934
2028,P1,datum_transformer,oracle_target,acc,append,0.007755263933424287,0.004230600181637684,0.0003273943425477333
2028,P1,datum_transformer,oracle_target,acc,replace,0.008356887425551511,0.0031601170203842052,0.006552166446837866
2028,P1,datum_transformer,oracle_target,cc,append,0.062122607060276884,-0.02571310374242375,0.00035921003602036665
2028,P1,datum_transformer,oracle_target,cc,replace,0.0850628571428571,-0.05426571428571428,0.006505322221630697
2028,P1,datum_transformer,oracle_target,dys,append,0.006546109550429752,0.0038451808796455098,0.0003273943425477333
2028,P1,datum_transformer,oracle_target,dys,replace,0.008206088819857515,0.002558736726261941,0.006553712148545041
2028,P1,datum_transformer,oracle_target,emq,append,0.00536134931839649,0.0018988495591231369,0.0003273943425477333
2028,P1,datum_transformer,oracle_target,emq,replace,0.006406261354151886,0.001383426837990059,0.006553712148545041
2028,P1,datum_transformer,oracle_target,hdy,append,0.006160831778917536,0.003702753650304751,0.0003273943425477333
2028,P1,datum_transformer,oracle_target,hdy,replace,0.007539155720793042,0.002493649712516842,0.006553712148545041
2028,P1,datum_transformer,oracle_target,kdey,append,0.006381289007351986,-0.0037523808424600414,0.00033688936732036666
2028,P1,datum_transformer,oracle_target,kdey,replace,0.007600955178059195,-0.004195919898178367,0.006516347175644112
2028,P1,datum_transformer,oracle_target,median_sweep,append,0.006843719181705762,0.004175320867712702,0.0003211379308758533
2028,P1,datum_transformer,oracle_target,median_sweep,replace,0.007881997067827733,0.00293168196402327,0.006553712148545041
2028,P1,datum_transformer,oracle_target,pacc,append,0.007458776693057012,0.004774666048755972,0.0003211379308758533
2028,P1,datum_transformer,oracle_target,pacc,replace,0.008430511591030929,0.0035505480650762423,0.006553712148545041
2028,P1,datum_transformer,oracle_target,pcc,append,0.12630697634812177,0.09322425430096869,0.0007256333466741966
2028,P1,datum_transformer,oracle_target,pcc,replace,0.1368073569020471,0.05147883859970804,0.00673302931904342
2028,P1,datum_transformer,source_only,acc,append,0.007755263933424287,0.004230600181637684,0.0003273943425477333
2028,P1,datum_transformer,source_only,acc,replace,0.008356887425551511,0.0031601170203842052,0.006552166446837866
2028,P1,datum_transformer,source_only,cc,append,0.062122607060276884,-0.02571310374242375,0.00035921003602036665
2028,P1,datum_transformer,source_only,cc,replace,0.0850628571428571,-0.05426571428571428,0.006505322221630697
2028,P1,datum_transformer,source_only,dys,append,0.006546109550429752,0.0038451808796455098,0.0003273943425477333
2028,P1,datum_transformer,source_only,dys,replace,0.008206088819857515,0.002558736726261941,0.006553712148545041
2028,P1,datum_transformer,source_only,emq,append,0.00536134931839649,0.0018988495591231369,0.0003273943425477333
2028,P1,datum_transformer,source_only,emq,replace,0.006406261354151886,0.001383426837990059,0.006553712148545041
2028,P1,datum_transformer,source_only,hdy,append,0.006160831778917536,0.003702753650304751,0.0003273943425477333
2028,P1,datum_transformer,source_only,hdy,replace,0.007539155720793042,0.002493649712516842,0.006553712148545041
2028,P1,datum_transformer,source_only,kdey,append,0.006381289007351986,-0.0037523808424600414,0.00033688936732036666
2028,P1,datum_transformer,source_only,kdey,replace,0.007600955178059195,-0.004195919898178367,0.006516347175644112
2028,P1,datum_transformer,source_only,median_sweep,append,0.006843719181705762,0.004175320867712702,0.0003211379308758533
2028,P1,datum_transformer,source_only,median_sweep,replace,0.007881997067827733,0.00293168196402327,0.006553712148545041
2028,P1,datum_transformer,source_only,pacc,append,0.007458776693057012,0.004774666048755972,0.0003211379308758533
2028,P1,datum_transformer,source_only,pacc,replace,0.008430511591030929,0.0035505480650762423,0.006553712148545041
2028,P1,datum_transformer,source_only,pcc,append,0.12630697634812177,0.09322425430096869,0.0007256333466741966
2028,P1,datum_transformer,source_only,pcc,replace,0.1368073569020471,0.05147883859970804,0.00673302931904342
2028,P1,datum_transformer,target_real_anchor,acc,append,0.0076153915506326645,0.0033788188220088495,0.00039358349779415337
2028,P1,datum_transformer,target_real_anchor,acc,replace,0.008204028329085324,0.0023760577445368215,0.0067254269902387856
2028,P1,datum_transformer,target_real_anchor,cc,append,0.06159617725244187,-0.019063984663036982,0.00040734760347229336
2028,P1,datum_transformer,target_real_anchor,cc,replace,0.08379428571428568,-0.047479999999999994,0.0067264522005547715
2028,P1,datum_transformer,target_real_anchor,dys,append,0.006546109550429752,0.0038451808796455098,0.00038418047907552
2028,P1,datum_transformer,target_real_anchor,dys,replace,0.008206088819857515,0.002558736726261941,0.006738328867753758
2028,P1,datum_transformer,target_real_anchor,emq,append,0.00536134931839649,0.0018988495591231369,0.00038418047907552
2028,P1,datum_transformer,target_real_anchor,emq,replace,0.006406261354151886,0.001383426837990059,0.006738328867753758
2028,P1,datum_transformer,target_real_anchor,hdy,append,0.006160831778917536,0.003702753650304751,0.00038418047907552
2028,P1,datum_transformer,target_real_anchor,hdy,replace,0.007539155720793042,0.002493649712516842,0.006738328867753758
2028,P1,datum_transformer,target_real_anchor,kdey,append,0.006381289007351986,-0.0037523808424600414,0.00039358349779415337
2028,P1,datum_transformer,target_real_anchor,kdey,replace,0.007600955178059195,-0.004195919898178367,0.006691011468554606
2028,P1,datum_transformer,target_real_anchor,median_sweep,append,0.006843719181705762,0.004175320867712702,0.00037676479112326
2028,P1,datum_transformer,target_real_anchor,median_sweep,replace,0.007881997067827733,0.00293168196402327,0.006738328867753758
2028,P1,datum_transformer,target_real_anchor,pacc,append,0.007458776693057012,0.004774666048755972,0.00037676479112326
2028,P1,datum_transformer,target_real_anchor,pacc,replace,0.008430511591030929,0.0035505480650762423,0.006738328867753758
2028,P1,datum_transformer,target_real_anchor,pcc,append,0.12630697634812177,0.09322425430096869,0.0008614710847973567
2028,P1,datum_transformer,target_real_anchor,pcc,replace,0.1368073569020471,0.05147883859970804,0.006951619930877123
2028,P1,flat_transformer,oracle_target,acc,append,0.008719463388782798,0.0010935992897857965,0.00020068360498119966
2028,P1,flat_transformer,oracle_target,acc,replace,0.009701099919610306,0.0010533475197427521,0.003160944218700963
2028,P1,flat_transformer,oracle_target,cc,append,0.07902481463181352,-0.050953892519659295,0.00038609420499867295
2028,P1,flat_transformer,oracle_target,cc,replace,0.11009857142857139,-0.08664428571428572,0.0031256769838311975
2028,P1,flat_transformer,oracle_target,dys,append,0.009492717284121157,0.005277630026907809,0.000236363552721763
2028,P1,flat_transformer,oracle_target,dys,replace,0.010477134959969407,0.00499622546555874,0.003160944218700963
2028,P1,flat_transformer,oracle_target,emq,append,0.011081805322129329,-0.00884838618359516,0.00020068360498119966
2028,P1,flat_transformer,oracle_target,emq,replace,0.012508706997551806,-0.008673897054812068,0.003038124022846363
2028,P1,flat_transformer,oracle_target,hdy,append,0.006743003943903791,0.000953396759069741,0.000236363552721763
2028,P1,flat_transformer,oracle_target,hdy,replace,0.008561038866020486,0.0005963741119994979,0.003160944218700963
2028,P1,flat_transformer,oracle_target,kdey,append,0.007755348530089261,-0.004483401155912576,0.00020068360498119966
2028,P1,flat_transformer,oracle_target,kdey,replace,0.009667434035401823,-0.0047848699681726625,0.003160944218700963
2028,P1,flat_transformer,oracle_target,median_sweep,append,0.009647533960695617,-0.00525999068663094,0.000236363552721763
2028,P1,flat_transformer,oracle_target,median_sweep,replace,0.010648226035636485,-0.004967985874918654,0.003038124022846363
2028,P1,flat_transformer,oracle_target,pacc,append,0.009369557668093326,-0.004645267461089526,0.000236363552721763
2028,P1,flat_transformer,oracle_target,pacc,replace,0.010395991612564772,-0.004683653563598439,0.003038124022846363
2028,P1,flat_transformer,oracle_target,pcc,append,0.15458048058604917,0.11164898145980638,0.0005014881979234132
2028,P1,flat_transformer,oracle_target,pcc,replace,0.16809221245471395,0.05976535843022898,0.0031698714346832116
2028,P1,flat_transformer,source_only,acc,append,0.008719463388782798,0.0010935992897857965,0.00020068360498119966
2028,P1,flat_transformer,source_only,acc,replace,0.009701099919610306,0.0010533475197427521,0.003160944218700963
2028,P1,flat_transformer,source_only,cc,append,0.07902481463181352,-0.050953892519659295,0.00038609420499867295
2028,P1,flat_transformer,source_only,cc,replace,0.11009857142857139,-0.08664428571428572,0.0031256769838311975
2028,P1,flat_transformer,source_only,dys,append,0.009492717284121157,0.005277630026907809,0.000236363552721763
2028,P1,flat_transformer,source_only,dys,replace,0.010477134959969407,0.00499622546555874,0.003160944218700963
2028,P1,flat_transformer,source_only,emq,append,0.011081805322129329,-0.00884838618359516,0.00020068360498119966
2028,P1,flat_transformer,source_only,emq,replace,0.012508706997551806,-0.008673897054812068,0.003038124022846363
2028,P1,flat_transformer,source_only,hdy,append,0.006743003943903791,0.000953396759069741,0.000236363552721763
2028,P1,flat_transformer,source_only,hdy,replace,0.008561038866020486,0.0005963741119994979,0.003160944218700963
2028,P1,flat_transformer,source_only,kdey,append,0.007755348530089261,-0.004483401155912576,0.00020068360498119966
2028,P1,flat_transformer,source_only,kdey,replace,0.009667434035401823,-0.0047848699681726625,0.003160944218700963
2028,P1,flat_transformer,source_only,median_sweep,append,0.009647533960695617,-0.00525999068663094,0.000236363552721763
2028,P1,flat_transformer,source_only,median_sweep,replace,0.010648226035636485,-0.004967985874918654,0.003038124022846363
2028,P1,flat_transformer,source_only,pacc,append,0.009369557668093326,-0.004645267461089526,0.000236363552721763
2028,P1,flat_transformer,source_only,pacc,replace,0.010395991612564772,-0.004683653563598439,0.003038124022846363
2028,P1,flat_transformer,source_only,pcc,append,0.15458048058604917,0.11164898145980638,0.0005014881979234132
2028,P1,flat_transformer,source_only,pcc,replace,0.16809221245471395,0.05976535843022898,0.0031698714346832116
2028,P1,flat_transformer,target_real_anchor,acc,append,0.008495444343130376,0.0018509465812935617,0.00024328240798243334
2028,P1,flat_transformer,target_real_anchor,acc,replace,0.00966201967213112,0.0016053180327869068,0.002993945344460782
2028,P1,flat_transformer,target_real_anchor,cc,append,0.07811766437663853,-0.04051168483566451,0.0004245711367807833
2028,P1,flat_transformer,target_real_anchor,cc,replace,0.10747857142857138,-0.07588142857142856,0.002957542492010236
2028,P1,flat_transformer,target_real_anchor,dys,append,0.009492717284121157,0.005277630026907809,0.00028146492039175336
2028,P1,flat_transformer,target_real_anchor,dys,replace,0.010477134959969407,0.00499622546555874,0.003000585552815062
2028,P1,flat_transformer,target_real_anchor,emq,append,0.011081805322129329,-0.00884838618359516,0.00024328240798243334
2028,P1,flat_transformer,target_real_anchor,emq,replace,0.012508706997551806,-0.008673897054812068,0.002883333037599562
2028,P1,flat_transformer,target_real_anchor,hdy,append,0.006743003943903791,0.000953396759069741,0.00028146492039175336
2028,P1,flat_transformer,target_real_anchor,hdy,replace,0.008561038866020486,0.0005963741119994979,0.003000585552815062
2028,P1,flat_transformer,target_real_anchor,kdey,append,0.007755348530089261,-0.004483401155912576,0.00024328240798243334
2028,P1,flat_transformer,target_real_anchor,kdey,replace,0.009667434035401823,-0.0047848699681726625,0.003000585552815062
2028,P1,flat_transformer,target_real_anchor,median_sweep,append,0.009647533960695617,-0.00525999068663094,0.00028146492039175336
2028,P1,flat_transformer,target_real_anchor,median_sweep,replace,0.010648226035636485,-0.004967985874918654,0.002883333037599562
2028,P1,flat_transformer,target_real_anchor,pacc,append,0.009369557668093326,-0.004645267461089526,0.00028146492039175336
2028,P1,flat_transformer,target_real_anchor,pacc,replace,0.010395991612564772,-0.004683653563598439,0.002883333037599562
2028,P1,flat_transformer,target_real_anchor,pcc,append,0.15458048058604917,0.11164898145980638,0.0005241584896285766
2028,P1,flat_transformer,target_real_anchor,pcc,replace,0.16809221245471395,0.05976535843022898,0.0030415781929879248
2028,P2,c2st_lr,oracle_target,acc,append,0.11387257272042096,-0.0928070227265644,0.00026701996991400134
2028,P2,c2st_lr,oracle_target,acc,replace,0.13134389782403028,-0.10020183538315992,0.0006144322010673721
2028,P2,c2st_lr,oracle_target,cc,append,0.23725059528534723,-0.22291634393998477,0.00029086793911036667
2028,P2,c2st_lr,oracle_target,cc,replace,0.3350228571428572,-0.32277142857142854,0.00023000987750704968
2028,P2,c2st_lr,oracle_target,dys,append,0.042869950691878496,-0.011013753616713508,0.00039606766125207697
2028,P2,c2st_lr,oracle_target,dys,replace,0.05231316941165117,-0.016609214244640957,0.0007408800641939131
2028,P2,c2st_lr,oracle_target,emq,append,0.03867442070382073,-0.023831699706640536,0.0003940251268533169
2028,P2,c2st_lr,oracle_target,emq,replace,0.04227782962165349,-0.022943968709776164,0.0006860076535892959
2028,P2,c2st_lr,oracle_target,hdy,append,0.035850396440362704,-0.010847174516999219,0.0003940251268533169
2028,P2,c2st_lr,oracle_target,hdy,replace,0.04091518990086787,-0.011762198650468262,0.000692537454678776
2028,P2,c2st_lr,oracle_target,kdey,append,0.03451687791088065,-0.00022787497543270169,0.0003940251268533169
2028,P2,c2st_lr,oracle_target,kdey,replace,0.03997197564751157,-0.0028156932678351826,0.000692537454678776
2028,P2,c2st_lr,oracle_target,pacc,append,0.039623800786630026,-0.02539866098588669,0.0003755687124212469
2028,P2,c2st_lr,oracle_target,pacc,replace,0.04511155659609446,-0.02696892682522492,0.0006860076535892959
2028,P2,c2st_lr,oracle_target,pcc,append,0.28901440667134193,0.20920154593786897,0.0006856291143956969
2028,P2,c2st_lr,oracle_target,pcc,replace,0.3152174442849777,0.11196484829331153,0.0008235751055276503
2028,P2,c2st_lr,source_only,acc,append,0.2760580253480327,-0.26439669270907523,0.0002680136352971775
2028,P2,c2st_lr,source_only,acc,replace,0.37876138184245656,-0.3684555963506898,0.000253857846703452
2028,P2,c2st_lr,source_only,cc,append,0.25354131486628223,-0.23552055196663044,0.00024699945256395747
2028,P2,c2st_lr,source_only,cc,replace,0.3594657142857143,-0.3438685714285714,0.00022341698655199485
2028,P2,c2st_lr,source_only,dys,append,0.27679059155774843,-0.2686370169788936,0.00024699945256395747
2028,P2,c2st_lr,source_only,dys,replace,0.3800173159762364,-0.37290692633447253,0.00022341698655199485
2028,P2,c2st_lr,source_only,emq,append,0.2765642482088894,-0.26828908786329453,0.00024699945256395747
2028,P2,c2st_lr,source_only,emq,replace,0.37985583195089623,-0.37263118977920245,0.00022341698655199485
2028,P2,c2st_lr,source_only,hdy,append,0.2768084316507364,-0.2677237864378606,0.00024699945256395747
2028,P2,c2st_lr,source_only,hdy,replace,0.3800179089047217,-0.3721093836476331,0.00022341698655199485
2028,P2,c2st_lr,source_only,kdey,append,0.27644451952621696,-0.2713218389208688,0.00024699945256395747
2028,P2,c2st_lr,source_only,kdey,replace,0.3795895880811471,-0.37515406364392334,0.00022341698655199485
2028,P2,c2st_lr,source_only,median_sweep,append,0.2769197470498411,-0.26952673623611223,0.00024699945256395747
2028,P2,c2st_lr,source_only,median_sweep,replace,0.38016060441788113,-0.37360885594365023,0.00022341698655199485
2028,P2,c2st_lr,source_only,pacc,append,0.2769497031111408,-0.2687235564169498,0.00024699945256395747
2028,P2,c2st_lr,source_only,pacc,replace,0.38024516172523176,-0.3731252372454858,0.00022341698655199485
2028,P2,c2st_lr,source_only,pcc,append,0.298228253687179,0.14465787484513074,0.0005168716101519118
2028,P2,c2st_lr,source_only,pcc,replace,0.34594504486098315,0.03362323756024502,0.000565269423299483
2028,P2,c2st_lr,target_real_anchor,acc,append,0.2761407979354092,-0.2661406033758464,0.00027964320052256
2028,P2,c2st_lr,target_real_anchor,acc,replace,0.37857667390360394,-0.3697449544072949,0.0002722485425255148
2028,P2,c2st_lr,target_real_anchor,cc,append,0.2528166729233911,-0.2334154161965788,0.00025686250155257666
2028,P2,c2st_lr,target_real_anchor,cc,replace,0.3587042857142857,-0.34187285714285714,0.00023800651797172622
2028,P2,c2st_lr,target_real_anchor,dys,append,0.27679059155774843,-0.2686370169788936,0.00025686250155257666
2028,P2,c2st_lr,target_real_anchor,dys,replace,0.3800173159762364,-0.37290692633447253,0.00023800651797172622
2028,P2,c2st_lr,target_real_anchor,emq,append,0.2765642482088894,-0.26828908786329453,0.00025686250155257666
2028,P2,c2st_lr,target_real_anchor,emq,replace,0.37985583195089623,-0.37263118977920245,0.00023800651797172622
2028,P2,c2st_lr,target_real_anchor,hdy,append,0.2768084316507364,-0.2677237864378606,0.00025686250155257666
2028,P2,c2st_lr,target_real_anchor,hdy,replace,0.3800179089047217,-0.3721093836476331,0.00023800651797172622
2028,P2,c2st_lr,target_real_anchor,kdey,append,0.27644451952621696,-0.2713218389208688,0.00025686250155257666
2028,P2,c2st_lr,target_real_anchor,kdey,replace,0.3795895880811471,-0.37515406364392334,0.00023800651797172622
2028,P2,c2st_lr,target_real_anchor,median_sweep,append,0.2769197470498411,-0.26952673623611223,0.00025686250155257666
2028,P2,c2st_lr,target_real_anchor,median_sweep,replace,0.38016060441788113,-0.37360885594365023,0.00023800651797172622
2028,P2,c2st_lr,target_real_anchor,pacc,append,0.2769497031111408,-0.2687235564169498,0.00025686250155257666
2028,P2,c2st_lr,target_real_anchor,pacc,replace,0.38024516172523176,-0.3731252372454858,0.00023800651797172622
2028,P2,c2st_lr,target_real_anchor,pcc,append,0.298228253687179,0.14465787484513074,0.000493502072436326
2028,P2,c2st_lr,target_real_anchor,pcc,replace,0.34594504486098315,0.03362323756024502,0.0005376360621671632
2028,P2,c2st_xgb,oracle_target,acc,append,0.011548895414201534,-0.005521173092375027,0.00030369358303775
2028,P2,c2st_xgb,oracle_target,acc,replace,0.01591013385038773,-0.007976484863647704,0.0020489853375208903
2028,P2,c2st_xgb,oracle_target,cc,append,0.12017694994864585,-0.09706722076775057,0.00030369358303775
2028,P2,c2st_xgb,oracle_target,cc,replace,0.17150142857142855,-0.15149857142857143,0.002062975515217439
2028,P2,c2st_xgb,oracle_target,dys,append,0.009134018479771253,-0.005214030564527646,0.00038732708612225334
2028,P2,c2st_xgb,oracle_target,dys,replace,0.013782322222588083,-0.0075817952751310634,0.0020489853375208903
2028,P2,c2st_xgb,oracle_target,emq,append,0.02508776078604354,-0.023336836159822728,0.00030369358303775
2028,P2,c2st_xgb,oracle_target,emq,replace,0.03423818129938418,-0.03061089345038,0.0020318564390107963
2028,P2,c2st_xgb,oracle_target,hdy,append,0.008524222278140254,-0.0038843422812693965,0.00038732708612225334
2028,P2,c2st_xgb,oracle_target,hdy,replace,0.012923231981747703,-0.006005108366626891,0.0020489853375208903
2028,P2,c2st_xgb,oracle_target,kdey,append,0.016468458871344988,-0.012622578349990737,0.00041871955174649
2028,P2,c2st_xgb,oracle_target,kdey,replace,0.02530496945560505,-0.021419980811314104,0.0020489853375208903
2028,P2,c2st_xgb,oracle_target,median_sweep,append,0.010154854278938119,-0.0032177121488126104,0.00038732708612225334
2028,P2,c2st_xgb,oracle_target,median_sweep,replace,0.015054843941603665,-0.00561990046370905,0.0020489853375208903
2028,P2,c2st_xgb,oracle_target,pacc,append,0.01181692430130116,-0.0028485564245973576,0.00037825528919801995
2028,P2,c2st_xgb,oracle_target,pacc,replace,0.016599298536683946,-0.005567418202376624,0.002062975515217439
2028,P2,c2st_xgb,oracle_target,pcc,append,0.22397115558110423,0.1615865443453383,0.0008273000363423501
2028,P2,c2st_xgb,oracle_target,pcc,replace,0.24414098203883144,0.08631338984623617,0.0022584752362419355
2028,P2,c2st_xgb,source_only,acc,append,0.09822117210785883,-0.09751760752717488,0.0003122133436379933
2028,P2,c2st_xgb,source_only,acc,replace,0.13440186933596965,-0.1337764475201845,0.0020229923128941493
2028,P2,c2st_xgb,source_only,cc,append,0.12007381978073907,-0.09664113413325694,0.0003122133436379933
2028,P2,c2st_xgb,source_only,cc,replace,0.17138285714285711,-0.15104571428571428,0.0020421400871034096
2028,P2,c2st_xgb,source_only,dys,append,0.07560002893072468,-0.07520225466703041,0.0003122133436379933
2028,P2,c2st_xgb,source_only,dys,replace,0.10514314544510348,-0.10480816595252034,0.0020229923128941493
2028,P2,c2st_xgb,source_only,emq,append,0.09863520687455662,-0.09863520442256202,0.0003122133436379933
2028,P2,c2st_xgb,source_only,emq,replace,0.14020613117312472,-0.14020612907141503,0.0020229923128941493
2028,P2,c2st_xgb,source_only,hdy,append,0.09539439689354379,-0.09502569600699148,0.0003122133436379933
2028,P2,c2st_xgb,source_only,hdy,replace,0.13690986890580267,-0.1365908360630377,0.0020229923128941493
2028,P2,c2st_xgb,source_only,kdey,append,0.09511803546276071,-0.09511032594179798,0.0003122133436379933
2028,P2,c2st_xgb,source_only,kdey,replace,0.13744620704610985,-0.1374392192939657,0.0020229923128941493
2028,P2,c2st_xgb,source_only,median_sweep,append,0.10526213983395488,-0.10443631168621911,0.0003122133436379933
2028,P2,c2st_xgb,source_only,median_sweep,replace,0.14441905079746187,-0.14371255125100746,0.0020229923128941493
2028,P2,c2st_xgb,source_only,pacc,append,0.10356125424607314,-0.10252342119048029,0.0003122133436379933
2028,P2,c2st_xgb,source_only,pacc,replace,0.14222588645642437,-0.1413415643905229,0.0020229923128941493
2028,P2,c2st_xgb,source_only,pcc,append,0.15055610177488327,0.021924689589856747,0.0008548834513310506
2028,P2,c2st_xgb,source_only,pcc,replace,0.1888333994943347,-0.04150970642393899,0.0022647369054026125
2028,P2,c2st_xgb,target_real_anchor,acc,append,0.09663633667053784,-0.09599363050186788,0.0002532374630250629
2028,P2,c2st_xgb,target_real_anchor,acc,replace,0.1323095163819427,-0.1317225955269456,0.0019223482047975653
2028,P2,c2st_xgb,target_real_anchor,cc,append,0.12067985519896211,-0.10122359486922544,0.0002532374630250629
2028,P2,c2st_xgb,target_real_anchor,cc,replace,0.17245,-0.15532714285714286,0.0019617320533976655
2028,P2,c2st_xgb,target_real_anchor,dys,append,0.07560002893072468,-0.07520225466703041,0.0002532374630250629
2028,P2,c2st_xgb,target_real_anchor,dys,replace,0.10514314544510348,-0.10480816595252034,0.0019223482047975653
2028,P2,c2st_xgb,target_real_anchor,emq,append,0.09863520687455662,-0.09863520442256202,0.0002532374630250629
2028,P2,c2st_xgb,target_real_anchor,emq,replace,0.14020613117312472,-0.14020612907141503,0.0019223482047975653
2028,P2,c2st_xgb,target_real_anchor,hdy,append,0.09539439689354379,-0.09502569600699148,0.0002532374630250629
2028,P2,c2st_xgb,target_real_anchor,hdy,replace,0.13690986890580267,-0.1365908360630377,0.0019223482047975653
2028,P2,c2st_xgb,target_real_anchor,kdey,append,0.09511803546276071,-0.09511032594179798,0.0002532374630250629
2028,P2,c2st_xgb,target_real_anchor,kdey,replace,0.13744620704610985,-0.1374392192939657,0.0019223482047975653
2028,P2,c2st_xgb,target_real_anchor,median_sweep,append,0.10526213983395488,-0.10443631168621911,0.0002532374630250629
2028,P2,c2st_xgb,target_real_anchor,median_sweep,replace,0.14441905079746187,-0.14371255125100746,0.0019223482047975653
2028,P2,c2st_xgb,target_real_anchor,pacc,append,0.10356125424607314,-0.10252342119048029,0.0002532374630250629
2028,P2,c2st_xgb,target_real_anchor,pacc,replace,0.14222588645642437,-0.1413415643905229,0.0019223482047975653
2028,P2,c2st_xgb,target_real_anchor,pcc,append,0.15055610177488327,0.021924689589856747,0.0006805319790042039
2028,P2,c2st_xgb,target_real_anchor,pcc,replace,0.1888333994943347,-0.04150970642393899,0.0020742843736260546
2028,P2,char3gram,oracle_target,acc,append,0.018522505252086895,-0.009353822747590158,0.0002861204267240432
2028,P2,char3gram,oracle_target,acc,replace,0.0259097096746648,-0.013900890615660482,0.0008037964326624086
2028,P2,char3gram,oracle_target,cc,append,0.15427670129427154,-0.13224150344685148,0.00026532705852041984
2028,P2,char3gram,oracle_target,cc,replace,0.21942,-0.20059714285714286,0.0007292242115245457
2028,P2,char3gram,oracle_target,dys,append,0.022191963686326078,-0.01495495660900474,0.0002861204267240432
2028,P2,char3gram,oracle_target,dys,replace,0.029197780891001855,-0.01924916069146431,0.0008160674115213943
2028,P2,char3gram,oracle_target,emq,append,0.029576190539071512,-0.027500852410740587,0.00026532705852041984
2028,P2,char3gram,oracle_target,emq,replace,0.039668235157184976,-0.033792802811678846,0.0008160674115213943
2028,P2,char3gram,oracle_target,hdy,append,0.016917620227787027,-0.011802161637832775,0.00026532705852041984
2028,P2,char3gram,oracle_target,hdy,replace,0.02344921386418597,-0.015579251392175671,0.0008160674115213943
2028,P2,char3gram,oracle_target,kdey,append,0.025145812302884162,-0.023875929925764303,0.00026532705852041984
2028,P2,char3gram,oracle_target,kdey,replace,0.03156495312472454,-0.02896726380708302,0.0008160674115213943
2028,P2,char3gram,oracle_target,median_sweep,append,0.018711032219137932,-0.00907474850268211,0.00025419432598661987
2028,P2,char3gram,oracle_target,median_sweep,replace,0.024760810454242416,-0.012437696969840694,0.0008037964326624086
2028,P2,char3gram,oracle_target,pacc,append,0.018718009825824056,-0.002291740968410385,0.00019589929017327332
2028,P2,char3gram,oracle_target,pacc,replace,0.025640630883206984,-0.005619173594820933,0.0008037964326624086
2028,P2,char3gram,oracle_target,pcc,append,0.2544458754928249,0.18381400379570875,0.00048097084788175444
2028,P2,char3gram,oracle_target,pcc,replace,0.2776861949330654,0.09850208131361758,0.0009092038256117092
2028,P2,char3gram,source_only,acc,append,0.11842193167843439,-0.11710693185117284,0.00026532705852041984
2028,P2,char3gram,source_only,acc,replace,0.16243518917271843,-0.16128371387943727,0.0007193191026255228
2028,P2,char3gram,source_only,cc,append,0.1543092075611304,-0.13230333861526145,0.00026532705852041984
2028,P2,char3gram,source_only,cc,replace,0.21946142857142856,-0.20068142857142857,0.0007193191026255228
2028,P2,char3gram,source_only,dys,append,0.12907756775183604,-0.12829715576291653,0.00026532705852041984
2028,P2,char3gram,source_only,dys,replace,0.1780835089791007,-0.1773810691429166,0.0007193191026255228
2028,P2,char3gram,source_only,emq,append,0.1350045048752029,-0.13500449456184951,0.00026532705852041984
2028,P2,char3gram,source_only,emq,replace,0.1789663232344968,-0.17896631439447958,0.0007193191026255228
2028,P2,char3gram,source_only,hdy,append,0.13140548403973204,-0.1310116706006675,0.00026532705852041984
2028,P2,char3gram,source_only,hdy,replace,0.17749064055223096,-0.17715308617588998,0.0007193191026255228
2028,P2,char3gram,source_only,kdey,append,0.12756226920153604,-0.12754302441499998,0.00026532705852041984
2028,P2,char3gram,source_only,kdey,replace,0.17232305384155433,-0.17230655831023772,0.0007193191026255228
2028,P2,char3gram,source_only,median_sweep,append,0.1219490810596852,-0.120741547558208,0.00026532705852041984
2028,P2,char3gram,source_only,median_sweep,replace,0.16642504846533676,-0.16540831186422505,0.0007193191026255228
2028,P2,char3gram,source_only,pacc,append,0.1227944310792892,-0.12083371808455105,0.00026532705852041984
2028,P2,char3gram,source_only,pacc,replace,0.16813219765300502,-0.16648172452714963,0.0007193191026255228
2028,P2,char3gram,source_only,pcc,append,0.18725778986768862,0.053107073553847424,0.00048097084788175444
2028,P2,char3gram,source_only,pcc,replace,0.22785033435706578,-0.021700628724189475,0.0009007497836214599
2028,P2,char3gram,target_real_anchor,acc,append,0.12559698786394252,-0.12479293648779574,0.00030512887748011336
2028,P2,char3gram,target_real_anchor,acc,replace,0.17130514914809955,-0.17059684089121885,0.0007093666763273029
2028,P2,char3gram,target_real_anchor,cc,append,0.16367495389997697,-0.14962364019310773,0.00030512887748011336
2028,P2,char3gram,target_real_anchor,cc,replace,0.23217285714285713,-0.2200242857142857,0.0007093666763273029
2028,P2,char3gram,target_real_anchor,dys,append,0.12907756775183604,-0.12829715576291653,0.00030512887748011336
2028,P2,char3gram,target_real_anchor,dys,replace,0.1780835089791007,-0.1773810691429166,0.0007093666763273029
2028,P2,char3gram,target_real_anchor,emq,append,0.1350045048752029,-0.13500449456184951,0.00030512887748011336
2028,P2,char3gram,target_real_anchor,emq,replace,0.1789663232344968,-0.17896631439447958,0.0007093666763273029
2028,P2,char3gram,target_real_anchor,hdy,append,0.13140548403973204,-0.1310116706006675,0.00030512887748011336
2028,P2,char3gram,target_real_anchor,hdy,replace,0.17749064055223096,-0.17715308617588998,0.0007093666763273029
2028,P2,char3gram,target_real_anchor,kdey,append,0.12756226920153604,-0.12754302441499998,0.00030512887748011336
2028,P2,char3gram,target_real_anchor,kdey,replace,0.17232305384155433,-0.17230655831023772,0.0007093666763273029
2028,P2,char3gram,target_real_anchor,median_sweep,append,0.1219490810596852,-0.120741547558208,0.00030512887748011336
2028,P2,char3gram,target_real_anchor,median_sweep,replace,0.16642504846533676,-0.16540831186422505,0.0007093666763273029
2028,P2,char3gram,target_real_anchor,pacc,append,0.1227944310792892,-0.12083371808455105,0.00030512887748011336
2028,P2,char3gram,target_real_anchor,pacc,replace,0.16813219765300502,-0.16648172452714963,0.0007093666763273029
2028,P2,char3gram,target_real_anchor,pcc,append,0.18725778986768862,0.053107073553847424,0.0003226652313721733
2028,P2,char3gram,target_real_anchor,pcc,replace,0.22785033435706578,-0.021700628724189475,0.0007051869727313728
2028,P2,column_positional_ablation,oracle_target,acc,append,0.015076942910380338,-0.0122528254354467,0.00034533552307740545
2028,P2,column_positional_ablation,oracle_target,acc,replace,0.01822042730933343,-0.013963066891039065,0.005939500762007266
2028,P2,column_positional_ablation,oracle_target,cc,append,0.11690918668442182,-0.09520340047902068,0.00034533552307740545
2028,P2,column_positional_ablation,oracle_target,cc,replace,0.16621714285714284,-0.14748571428571428,0.005939500762007266
2028,P2,column_positional_ablation,oracle_target,dys,append,0.010073363813792173,-0.0045373428183319645,0.00036277987091549546
2028,P2,column_positional_ablation,oracle_target,dys,replace,0.013834854828021714,-0.006352779428697683,0.005973790103960258
2028,P2,column_positional_ablation,oracle_target,emq,append,0.02089957346003971,-0.019160479975147204,0.0002913095681695755
2028,P2,column_positional_ablation,oracle_target,emq,replace,0.026967926832397605,-0.02327696499119978,0.00594670877915194
2028,P2,column_positional_ablation,oracle_target,hdy,append,0.009368911030461202,-0.003246066395097231,0.00036277987091549546
2028,P2,column_positional_ablation,oracle_target,hdy,replace,0.012442830109223823,-0.004036586297227784,0.005919233142683637
2028,P2,column_positional_ablation,oracle_target,kdey,append,0.030231242471507404,-0.030179694718283495,0.0002913095681695755
2028,P2,column_positional_ablation,oracle_target,kdey,replace,0.03705141305770517,-0.03681038771221509,0.00594670877915194
2028,P2,column_positional_ablation,oracle_target,median_sweep,append,0.012942781853152308,-0.005290782352471545,0.0003414712688094788
2028,P2,column_positional_ablation,oracle_target,median_sweep,replace,0.017046367084195303,-0.007910187738166303,0.005943633148203997
2028,P2,column_positional_ablation,oracle_target,pacc,append,0.012983700567872274,-0.002460782162815544,0.0003414712688094788
2028,P2,column_positional_ablation,oracle_target,pacc,replace,0.017363592939560513,-0.005345619039104628,0.005936425131059323
2028,P2,column_positional_ablation,oracle_target,pcc,append,0.2216694576435223,0.15957954401445196,0.0006101841501170537
2028,P2,column_positional_ablation,oracle_target,pcc,replace,0.24187494518931738,0.08513178325067208,0.005999530769124598
2028,P2,column_positional_ablation,source_only,acc,append,0.08817747116234617,-0.08765162338431542,0.00030328875640014876
2028,P2,column_positional_ablation,source_only,acc,replace,0.11891141873690507,-0.1184669128148116,0.005959358297204503
2028,P2,column_positional_ablation,source_only,cc,append,0.11680736874004813,-0.09465698509199671,0.0003573147113079788
2028,P2,column_positional_ablation,source_only,cc,replace,0.1661285714285714,-0.14700571428571427,0.005952150280059828
2028,P2,column_positional_ablation,source_only,dys,append,0.0772430792241487,-0.07673448436923556,0.00030328875640014876
2028,P2,column_positional_ablation,source_only,dys,replace,0.1044623027081906,-0.10402040568880425,0.005959358297204503
2028,P2,column_positional_ablation,source_only,emq,append,0.09359799567626644,-0.09359798446298617,0.00030328875640014876
2028,P2,column_positional_ablation,source_only,emq,replace,0.12914708352779886,-0.12914707391641578,0.005959358297204503
2028,P2,column_positional_ablation,source_only,hdy,append,0.08226673027599048,-0.08178978549708309,0.00030328875640014876
2028,P2,column_positional_ablation,source_only,hdy,replace,0.11738698579578373,-0.11696725502790112,0.005959358297204503
2028,P2,column_positional_ablation,source_only,kdey,append,0.09403471421808868,-0.0940327272644265,0.00030328875640014876
2028,P2,column_positional_ablation,source_only,kdey,replace,0.13017578398989124,-0.13017408088675222,0.005959358297204503
2028,P2,column_positional_ablation,source_only,median_sweep,append,0.0937709211011483,-0.09258457802872606,0.00030328875640014876
2028,P2,column_positional_ablation,source_only,median_sweep,replace,0.1279442084447552,-0.12682437214169703,0.005959358297204503
2028,P2,column_positional_ablation,source_only,pacc,append,0.09220342311987458,-0.0903976236390752,0.00030328875640014876
2028,P2,column_positional_ablation,source_only,pacc,replace,0.12654594152893722,-0.12492803558211689,0.005959358297204503
2028,P2,column_positional_ablation,source_only,pcc,append,0.1609339173849298,0.045838930422090765,0.0005851032997971004
2028,P2,column_positional_ablation,source_only,pcc,replace,0.19552539267975477,-0.018542348827758473,0.006001344602760564
2028,P2,column_positional_ablation,target_real_anchor,acc,append,0.09054138774876845,-0.08984037841413875,0.00027484048450385684
2028,P2,column_positional_ablation,target_real_anchor,acc,replace,0.12272215476190472,-0.12207464455782309,0.003770802404512489
2028,P2,column_positional_ablation,target_real_anchor,cc,append,0.11604707745248083,-0.08405400578918916,0.0003671961615074036
2028,P2,column_positional_ablation,target_real_anchor,cc,replace,0.1647842857142857,-0.13712142857142856,0.0038093029949941965
2028,P2,column_positional_ablation,target_real_anchor,dys,append,0.0772430792241487,-0.07673448436923556,0.00027484048450385684
2028,P2,column_positional_ablation,target_real_anchor,dys,replace,0.1044623027081906,-0.10402040568880425,0.003770802404512489
2028,P2,column_positional_ablation,target_real_anchor,emq,append,0.09359799567626644,-0.09359798446298617,0.00027484048450385684
2028,P2,column_positional_ablation,target_real_anchor,emq,replace,0.12914708352779886,-0.12914707391641578,0.003770802404512489
2028,P2,column_positional_ablation,target_real_anchor,hdy,append,0.08226673027599048,-0.08178978549708309,0.00027484048450385684
2028,P2,column_positional_ablation,target_real_anchor,hdy,replace,0.11738698579578373,-0.11696725502790112,0.003770802404512489
2028,P2,column_positional_ablation,target_real_anchor,kdey,append,0.09403471421808868,-0.0940327272644265,0.00027484048450385684
2028,P2,column_positional_ablation,target_real_anchor,kdey,replace,0.13017578398989124,-0.13017408088675222,0.003770802404512489
2028,P2,column_positional_ablation,target_real_anchor,median_sweep,append,0.0937709211011483,-0.09258457802872606,0.00027484048450385684
2028,P2,column_positional_ablation,target_real_anchor,median_sweep,replace,0.1279442084447552,-0.12682437214169703,0.003770802404512489
2028,P2,column_positional_ablation,target_real_anchor,pacc,append,0.09220342311987458,-0.0903976236390752,0.00027484048450385684
2028,P2,column_positional_ablation,target_real_anchor,pacc,replace,0.12654594152893722,-0.12492803558211689,0.003770802404512489
2028,P2,column_positional_ablation,target_real_anchor,pcc,append,0.1609339173849298,0.045838930422090765,0.0008142903803069832
2028,P2,column_positional_ablation,target_real_anchor,pcc,replace,0.19552539267975477,-0.018542348827758473,0.004072892453466281
2028,P2,datum_transformer,oracle_target,acc,append,0.013917983870954316,0.000550529118567166,0.0004181307130008957
2028,P2,datum_transformer,oracle_target,acc,replace,0.01913674118202187,-0.0034170018874601243,0.002628087213852928
2028,P2,datum_transformer,oracle_target,cc,append,0.1153977763876195,-0.08671806824016658,0.0004181307130008957
2028,P2,datum_transformer,oracle_target,cc,replace,0.16415285714285713,-0.13927,0.002628087213852928
2028,P2,datum_transformer,oracle_target,dys,append,0.010910678561027815,-0.00511383700248221,0.00045912861066255573
2028,P2,datum_transformer,oracle_target,dys,replace,0.015310328580383928,-0.0078111923015021225,0.0026096492006316622
2028,P2,datum_transformer,oracle_target,emq,append,0.015333961302611773,-0.0124182040297579,0.0004464501764215824
2028,P2,datum_transformer,oracle_target,emq,replace,0.022185864751237676,-0.017175911201707895,0.0025685461531939967
2028,P2,datum_transformer,oracle_target,hdy,append,0.00913601249309274,-0.0002744431772490379,0.00044155545434887243
2028,P2,datum_transformer,oracle_target,hdy,replace,0.013346119775820895,-0.002488312779068147,0.002631636018792865
2028,P2,datum_transformer,oracle_target,kdey,append,0.02205965818644899,-0.021339382530640133,0.00044050658533329243
2028,P2,datum_transformer,oracle_target,kdey,replace,0.028245397549377656,-0.027121968104693285,0.0025685461531939967
2028,P2,datum_transformer,oracle_target,median_sweep,append,0.012964254317673325,0.0002561946175244476,0.0003995086876716324
2028,P2,datum_transformer,oracle_target,median_sweep,replace,0.017993374671827374,-0.0032552823460321807,0.0026538751964164647
2028,P2,datum_transformer,oracle_target,pacc,append,0.013377796073451442,0.0010848387974577017,0.0004357038693145791
2028,P2,datum_transformer,oracle_target,pacc,replace,0.01818085059305827,-0.002400196941834409,0.0026538751964164647
2028,P2,datum_transformer,oracle_target,pcc,append,0.21453183914883392,0.15464037468624103,0.0008346973230838133
2028,P2,datum_transformer,oracle_target,pcc,replace,0.23413127460443478,0.08268775141780198,0.0028000386425426457
2028,P2,datum_transformer,source_only,acc,append,0.08407195738318105,-0.0798500806373816,0.00045248577356386
2028,P2,datum_transformer,source_only,acc,replace,0.11693825567403837,-0.11328788597983482,0.00245861206238796
2028,P2,datum_transformer,source_only,cc,append,0.11547578009827475,-0.08426299241494803,0.0004243135198295734
2028,P2,datum_transformer,source_only,cc,replace,0.16407714285714284,-0.1370542857142857,0.002414054844808757
2028,P2,datum_transformer,source_only,dys,append,0.07406921216480734,-0.07330019005123234,0.00045248577356386
2028,P2,datum_transformer,source_only,dys,replace,0.10162650836695036,-0.10096224306142322,0.00245861206238796
2028,P2,datum_transformer,source_only,emq,append,0.08692332119204225,-0.08688910226777453,0.00045248577356386
2028,P2,datum_transformer,source_only,emq,replace,0.12198745298948814,-0.12193810689889575,0.00245861206238796
2028,P2,datum_transformer,source_only,hdy,append,0.08325180615251702,-0.08237825402566507,0.00045248577356386
2028,P2,datum_transformer,source_only,hdy,replace,0.11746957009286886,-0.11671266787218372,0.00245861206238796
2028,P2,datum_transformer,source_only,kdey,append,0.09048873044882184,-0.09039924369535847,0.00045248577356386
2028,P2,datum_transformer,source_only,kdey,replace,0.12625806724193073,-0.12615256682909914,0.00245861206238796
2028,P2,datum_transformer,source_only,median_sweep,append,0.08682516808229031,-0.08386516107077421,0.00045248577356386
2028,P2,datum_transformer,source_only,median_sweep,replace,0.12056037499473832,-0.11803183140334682,0.00245861206238796
2028,P2,datum_transformer,source_only,pacc,append,0.08781485416568187,-0.08461936790077236,0.00045248577356386
2028,P2,datum_transformer,source_only,pacc,replace,0.12136855147163518,-0.11865793890933976,0.00245861206238796
2028,P2,datum_transformer,source_only,pcc,append,0.1556180645248518,0.042108009177846246,0.0008745175432542977
2028,P2,datum_transformer,source_only,pcc,replace,0.1898049179028054,-0.020410387477218742,0.002679111142656001
2028,P2,datum_transformer,target_real_anchor,acc,append,0.08369097487295536,-0.07937928153613476,0.00044768305754516665
2028,P2,datum_transformer,target_real_anchor,acc,replace,0.11650490578567271,-0.11276142774134633,0.0025807540421873853
2028,P2,datum_transformer,target_real_anchor,cc,append,0.11545041223726656,-0.08479423974537352,0.00041868274932489003
2028,P2,datum_transformer,target_real_anchor,cc,replace,0.16410428571428567,-0.13756142857142858,0.0025370012203945742
2028,P2,datum_transformer,target_real_anchor,dys,append,0.07406921216480734,-0.07330019005123234,0.00044768305754516665
2028,P2,datum_transformer,target_real_anchor,dys,replace,0.10162650836695036,-0.10096224306142322,0.0025807540421873853
2028,P2,datum_transformer,target_real_anchor,emq,append,0.08692332119204225,-0.08688910226777453,0.00044768305754516665
2028,P2,datum_transformer,target_real_anchor,emq,replace,0.12198745298948814,-0.12193810689889575,0.0025807540421873853
2028,P2,datum_transformer,target_real_anchor,hdy,append,0.08325180615251702,-0.08237825402566507,0.00044768305754516665
2028,P2,datum_transformer,target_real_anchor,hdy,replace,0.11746957009286886,-0.11671266787218372,0.0025807540421873853
2028,P2,datum_transformer,target_real_anchor,kdey,append,0.09048873044882184,-0.09039924369535847,0.00044768305754516665
2028,P2,datum_transformer,target_real_anchor,kdey,replace,0.12625806724193073,-0.12615256682909914,0.0025807540421873853
2028,P2,datum_transformer,target_real_anchor,median_sweep,append,0.08682516808229031,-0.08386516107077421,0.00044768305754516665
2028,P2,datum_transformer,target_real_anchor,median_sweep,replace,0.12056037499473832,-0.11803183140334682,0.0025807540421873853
2028,P2,datum_transformer,target_real_anchor,pacc,append,0.08781485416568187,-0.08461936790077236,0.00044768305754516665
2028,P2,datum_transformer,target_real_anchor,pacc,replace,0.12136855147163518,-0.11865793890933976,0.0025807540421873853
2028,P2,datum_transformer,target_real_anchor,pcc,append,0.1556180645248518,0.042108009177846246,0.0008736342851359334
2028,P2,datum_transformer,target_real_anchor,pcc,replace,0.1898049179028054,-0.020410387477218742,0.002799139611957877
2028,P2,flat_transformer,oracle_target,acc,append,0.012160189690512545,-0.007784205465487652,0.00042309903991681743
2028,P2,flat_transformer,oracle_target,acc,replace,0.016871388961038923,-0.009728848701298703,0.001929398497278252
2028,P2,flat_transformer,oracle_target,cc,append,0.12483019263758682,-0.10247680704831567,0.00034193129907947073
2028,P2,flat_transformer,oracle_target,cc,replace,0.17759571428571425,-0.15842142857142857,0.001956874133746555
2028,P2,flat_transformer,oracle_target,dys,append,0.011962783758855634,-0.007371269672098677,0.00042309903991681743
2028,P2,flat_transformer,oracle_target,dys,replace,0.0164170622835222,-0.009312663226478179,0.001929398497278252
2028,P2,flat_transformer,oracle_target,emq,append,0.03745852638760296,-0.03635417589342583,0.00034193129907947073
2028,P2,flat_transformer,oracle_target,emq,replace,0.04736758830711732,-0.04426726865880497,0.0019279001129702718
2028,P2,flat_transformer,oracle_target,hdy,append,0.01159219009929708,-0.00659758208977909,0.00042309903991681743
2028,P2,flat_transformer,oracle_target,hdy,replace,0.01552373186572492,-0.007751447036225988,0.001929398497278252
2028,P2,flat_transformer,oracle_target,kdey,append,0.031283785738173836,-0.03126305006904561,0.00034193129907947073
2028,P2,flat_transformer,oracle_target,kdey,replace,0.03581412795866806,-0.035351450639023646,0.0019279001129702718
2028,P2,flat_transformer,oracle_target,median_sweep,append,0.014951112864190612,-0.008736151310321787,0.00036353432055828407
2028,P2,flat_transformer,oracle_target,median_sweep,replace,0.01947327570483195,-0.011025216903627559,0.001956874133746555
2028,P2,flat_transformer,oracle_target,pacc,append,0.017345381198613695,-0.010130468158380108,0.00036353432055828407
2028,P2,flat_transformer,oracle_target,pacc,replace,0.02289986309198694,-0.012789724846423435,0.002010674016635986
2028,P2,flat_transformer,oracle_target,pcc,append,0.25209899931617863,0.1817431522446769,0.00044525409771960407
2028,P2,flat_transformer,oracle_target,pcc,replace,0.2749832470082424,0.0968104387275336,0.0020559567676695658
2028,P2,flat_transformer,source_only,acc,append,0.08425635714425735,-0.08358746736653731,0.00036198861885111406
2028,P2,flat_transformer,source_only,acc,replace,0.1140685495579339,-0.11351728013029314,0.0019758168658926094
2028,P2,flat_transformer,source_only,cc,append,0.12487244442932405,-0.102525224698804,0.00036198861885111406
2028,P2,flat_transformer,source_only,cc,replace,0.1776442857142857,-0.15847285714285714,0.002004790886668892
2028,P2,flat_transformer,source_only,dys,append,0.07245875140690938,-0.07119839913849647,0.00036198861885111406
2028,P2,flat_transformer,source_only,dys,replace,0.09973765501776406,-0.09866588230114967,0.001922016983003178
2028,P2,flat_transformer,source_only,emq,append,0.11594713943029625,-0.11594712911379605,0.00036198861885111406
2028,P2,flat_transformer,source_only,emq,replace,0.15840080034340298,-0.15840079150068853,0.0019758168658926094
2028,P2,flat_transformer,source_only,hdy,append,0.09174187184264347,-0.09060364391270528,0.00036198861885111406
2028,P2,flat_transformer,source_only,hdy,replace,0.1318083843426024,-0.13084437743691082,0.0019758168658926094
2028,P2,flat_transformer,source_only,kdey,append,0.09848093152903675,-0.09837591045317698,0.00036198861885111406
2028,P2,flat_transformer,source_only,kdey,replace,0.13957164253685178,-0.13949866710928996,0.0019758168658926094
2028,P2,flat_transformer,source_only,median_sweep,append,0.11573210451721133,-0.11491765391895754,0.00036198861885111406
2028,P2,flat_transformer,source_only,median_sweep,replace,0.15733540792838344,-0.156612087729782,0.0019758168658926094
2028,P2,flat_transformer,source_only,pacc,append,0.11372764771819957,-0.11287487744635838,0.00036198861885111406
2028,P2,flat_transformer,source_only,pacc,replace,0.1545177427849794,-0.1537819254732937,0.0019758168658926094
2028,P2,flat_transformer,source_only,pcc,append,0.18293063989901487,0.05778256328840285,0.00046755636520880406
2028,P2,flat_transformer,source_only,pcc,replace,0.22073824546407078,-0.0148414094847041,0.0021038735205919025
2028,P2,flat_transformer,target_real_anchor,acc,append,0.08303802427418841,-0.08237704191131608,0.00030455843994531674
2028,P2,flat_transformer,target_real_anchor,acc,replace,0.11250361998132581,-0.11196862278244628,0.001916670116893683
2028,P2,flat_transformer,target_real_anchor,cc,append,0.12511376257467616,-0.10380588789262107,0.00030455843994531674
2028,P2,flat_transformer,target_real_anchor,cc,replace,0.17799714285714283,-0.1596942857142857,0.0019208182755568086
2028,P2,flat_transformer,target_real_anchor,dys,append,0.07245875140690938,-0.07119839913849647,0.00030455843994531674
2028,P2,flat_transformer,target_real_anchor,dys,replace,0.09973765501776406,-0.09866588230114967,0.001863406497861837
2028,P2,flat_transformer,target_real_anchor,emq,append,0.11594713943029625,-0.11594712911379605,0.00030455843994531674
2028,P2,flat_transformer,target_real_anchor,emq,replace,0.15840080034340298,-0.15840079150068853,0.001916670116893683
2028,P2,flat_transformer,target_real_anchor,hdy,append,0.09174187184264347,-0.09060364391270528,0.00030455843994531674
2028,P2,flat_transformer,target_real_anchor,hdy,replace,0.1318083843426024,-0.13084437743691082,0.001916670116893683
2028,P2,flat_transformer,target_real_anchor,kdey,append,0.09848093152903675,-0.09837591045317698,0.00030455843994531674
2028,P2,flat_transformer,target_real_anchor,kdey,replace,0.13957164253685178,-0.13949866710928996,0.001916670116893683
2028,P2,flat_transformer,target_real_anchor,median_sweep,append,0.11573210451721133,-0.11491765391895754,0.00030455843994531674
2028,P2,flat_transformer,target_real_anchor,median_sweep,replace,0.15733540792838344,-0.156612087729782,0.001916670116893683
2028,P2,flat_transformer,target_real_anchor,pacc,append,0.11372764771819957,-0.11287487744635838,0.00030455843994531674
2028,P2,flat_transformer,target_real_anchor,pacc,replace,0.1545177427849794,-0.1537819254732937,0.001916670116893683
2028,P2,flat_transformer,target_real_anchor,pcc,append,0.18293063989901487,0.05778256328840285,0.0004569204653665804
2028,P2,flat_transformer,target_real_anchor,pcc,replace,0.22073824546407078,-0.0148414094847041,0.0020184656150374603
2028,P3,char3gram,oracle_target,acc,append,0.16208233246141224,-0.15178141429236655,0.0009788854274835432
2028,P3,char3gram,oracle_target,acc,replace,0.1776102197802198,-0.15681527472527476,0.0010132451734587912
2028,P3,char3gram,oracle_target,cc,append,0.24025961696413772,-0.2264424912914565,0.0021541808831528103
2028,P3,char3gram,oracle_target,cc,replace,0.3385985714285714,-0.3268042857142857,0.003095047364740263
2028,P3,char3gram,oracle_target,dys,append,0.041446047348556884,-0.0027183477656617756,0.0006376897591850767
2028,P3,char3gram,oracle_target,dys,replace,0.04831819167946703,-0.0019406792961862498,0.0006695064318562314
2028,P3,char3gram,oracle_target,emq,append,0.06511448868867084,-0.042752421187514156,0.0009236018394896733
2028,P3,char3gram,oracle_target,emq,replace,0.06105166475159728,-0.02517914317855505,0.0008116642295547486
2028,P3,char3gram,oracle_target,hdy,append,0.037963865876271555,-0.014980640715881463,0.0006376897591850767
2028,P3,char3gram,oracle_target,hdy,replace,0.04191382884162632,-0.005619824626520451,0.0006695064318562314
2028,P3,char3gram,oracle_target,kdey,append,0.07426645029480337,0.07266038208743957,0.00045176284428621004
2028,P3,char3gram,oracle_target,kdey,replace,0.07486858927414553,0.06630071053203457,0.00031957954521372856
2028,P3,char3gram,oracle_target,pacc,append,0.037813344372393067,-0.02307478776780757,0.0005395836423873667
2028,P3,char3gram,oracle_target,pacc,replace,0.04045167164823844,-0.012670036818344865,0.0006695064318562314
2028,P3,char3gram,oracle_target,pcc,append,0.2971218498656,0.2160547860490064,0.00046526232507541
2028,P3,char3gram,oracle_target,pcc,replace,0.32355362782434965,0.11659480334317941,0.00016190900036026858
2028,P3,char3gram,source_only,acc,append,0.7249908620369842,0.7249908620369842,
2028,P3,char3gram,source_only,acc,replace,0.6214285714285714,0.6214285714285714,
2028,P3,char3gram,source_only,cc,append,0.7245584535441277,0.7245584535441277,
2028,P3,char3gram,source_only,cc,replace,0.6210342857142856,0.6210342857142856,
2028,P3,char3gram,source_only,dys,append,0.7249849011759976,0.7249849011759976,
2028,P3,char3gram,source_only,dys,replace,0.6214243136707238,0.6214226105675849,
2028,P3,char3gram,source_only,emq,append,0.7249908618531152,0.7249908618531152,
2028,P3,char3gram,source_only,emq,replace,0.6214285712807726,0.6214285712623242,
2028,P3,char3gram,source_only,hdy,append,0.7249849011759976,0.7249849011759976,
2028,P3,char3gram,source_only,hdy,replace,0.6214243136707238,0.6214226105675849,
2028,P3,char3gram,source_only,kdey,append,0.7249849011759976,0.7249849011759976,
2028,P3,char3gram,source_only,kdey,replace,0.6214243136707238,0.6214226105675849,
2028,P3,char3gram,source_only,median_sweep,append,0.7249908620369842,0.7249908620369842,
2028,P3,char3gram,source_only,median_sweep,replace,0.6214285714285714,0.6214285714285714,
2028,P3,char3gram,source_only,pacc,append,0.7249908620369842,0.7249908620369842,
2028,P3,char3gram,source_only,pacc,replace,0.6214285714285714,0.6214285714285714,
2028,P3,char3gram,source_only,pcc,append,0.6864722954404706,0.6864722954404706,
2028,P3,char3gram,source_only,pcc,replace,0.5932699775172077,0.5836384493155407,
2028,P3,char3gram,target_real_anchor,acc,append,0.7249908620369842,0.7249908620369842,0.00022444741136329332
2028,P3,char3gram,target_real_anchor,acc,replace,0.6214285714285714,0.6214285714285714,0.0001747515205459114
2028,P3,char3gram,target_real_anchor,cc,append,0.2273676621262989,-0.20182620280372848,0.00350996390248722
2028,P3,char3gram,target_real_anchor,cc,replace,0.3222285714285714,-0.3003857142857143,0.003679996609235537
2028,P3,char3gram,target_real_anchor,dys,append,0.7249849011759976,0.7249849011759976,0.00022444741136329332
2028,P3,char3gram,target_real_anchor,dys,replace,0.6214243136707238,0.6214226105675849,0.0001747515205459114
2028,P3,char3gram,target_real_anchor,emq,append,0.7249908618531152,0.7249908618531152,0.00022444741136329332
2028,P3,char3gram,target_real_anchor,emq,replace,0.6214285712807726,0.6214285712623242,0.0001747515205459114
2028,P3,char3gram,target_real_anchor,hdy,append,0.7249849011759976,0.7249849011759976,0.00022444741136329332
2028,P3,char3gram,target_real_anchor,hdy,replace,0.6214243136707238,0.6214226105675849,0.0001747515205459114
2028,P3,char3gram,target_real_anchor,kdey,append,0.7249849011759976,0.7249849011759976,0.00022444741136329332
2028,P3,char3gram,target_real_anchor,kdey,replace,0.6214243136707238,0.6214226105675849,0.0001747515205459114
2028,P3,char3gram,target_real_anchor,median_sweep,append,0.7249908620369842,0.7249908620369842,0.00022444741136329332
2028,P3,char3gram,target_real_anchor,median_sweep,replace,0.6214285714285714,0.6214285714285714,0.0001747515205459114
2028,P3,char3gram,target_real_anchor,pacc,append,0.7249908620369842,0.7249908620369842,0.00022444741136329332
2028,P3,char3gram,target_real_anchor,pacc,replace,0.6214285714285714,0.6214285714285714,0.0001747515205459114
2028,P3,char3gram,target_real_anchor,pcc,append,0.6864722954404706,0.6864722954404706,0.00022444741136329332
2028,P3,char3gram,target_real_anchor,pcc,replace,0.5932699775172077,0.5836384493155407,0.0001747515205459114
2028,P3,column_positional_ablation,oracle_target,acc,append,0.08792483577287785,0.0037441459583343675,0.0008897789645453067
2028,P3,column_positional_ablation,oracle_target,acc,replace,0.11259876373626371,-0.012740961538461507,0.0010456269735308404
2028,P3,column_positional_ablation,oracle_target,cc,append,0.233349900918201,-0.21650016682513354,0.0019451614498343234
2028,P3,column_positional_ablation,oracle_target,cc,replace,0.3309457142857143,-0.3165142857142857,0.0019062029796341857
2028,P3,column_positional_ablation,oracle_target,dys,append,0.06148465221118089,-0.04870636424282128,0.0013294268901745433
2028,P3,column_positional_ablation,oracle_target,dys,replace,0.06451932043103237,-0.04797152487023505,0.001246784071884195
2028,P3,column_positional_ablation,oracle_target,emq,append,0.07689088741543047,0.02652641542065632,0.00106403599861543
2028,P3,column_positional_ablation,oracle_target,emq,replace,0.08311620146574647,0.02684887779352273,0.0009201686905291661
2028,P3,column_positional_ablation,oracle_target,hdy,append,0.05328544471778431,-0.02867669473957005,0.0012525342431884401
2028,P3,column_positional_ablation,oracle_target,hdy,replace,0.04937566766184994,-0.014055423504159007,0.000994511200118669
2028,P3,column_positional_ablation,oracle_target,kdey,append,0.6416302745735311,0.6416302745735311,0.00041304455323146
2028,P3,column_positional_ablation,oracle_target,kdey,replace,0.5517801480255221,0.5496772517864907,0.00045728696463007184
2028,P3,column_positional_ablation,oracle_target,pacc,append,0.08216583418106467,0.048107558341885986,0.0008595658408742466
2028,P3,column_positional_ablation,oracle_target,pacc,replace,0.0862590457471272,0.03950341484691926,0.0007844109606459376
2028,P3,column_positional_ablation,oracle_target,pcc,append,0.30669218185015745,0.22379351494950228,0.00041304455323146
2028,P3,column_positional_ablation,oracle_target,pcc,replace,0.333949858904415,0.12079282041054899,0.00045728696463007184
2028,P3,column_positional_ablation,source_only,acc,append,0.7249908620369842,0.7249908620369842,
2028,P3,column_positional_ablation,source_only,acc,replace,0.6214285714285714,0.6214285714285714,
2028,P3,column_positional_ablation,source_only,cc,append,0.7221514638679615,0.7221514638679615,
2028,P3,column_positional_ablation,source_only,cc,replace,0.6189642857142856,0.6189642857142856,
2028,P3,column_positional_ablation,source_only,dys,append,0.7249849011759976,0.7249849011759976,
2028,P3,column_positional_ablation,source_only,dys,replace,0.6214243136707238,0.6214226105675849,
2028,P3,column_positional_ablation,source_only,emq,append,0.7249908618130326,0.7249908618130326,
2028,P3,column_positional_ablation,source_only,emq,replace,0.6214285712640121,0.6214285712434626,
2028,P3,column_positional_ablation,source_only,hdy,append,0.7249849011759976,0.7249849011759976,
2028,P3,column_positional_ablation,source_only,hdy,replace,0.6214243136707238,0.6214226105675849,
2028,P3,column_positional_ablation,source_only,kdey,append,0.7249849011759976,0.7249849011759976,
2028,P3,column_positional_ablation,source_only,kdey,replace,0.6214243136707238,0.6214226105675849,
2028,P3,column_positional_ablation,source_only,median_sweep,append,0.7249908620369842,0.7249908620369842,
2028,P3,column_positional_ablation,source_only,median_sweep,replace,0.6214285714285714,0.6214285714285714,
2028,P3,column_positional_ablation,source_only,pacc,append,0.7249908620369842,0.7249908620369842,
2028,P3,column_positional_ablation,source_only,pacc,replace,0.6214285714285714,0.6214285714285714,
2028,P3,column_positional_ablation,source_only,pcc,append,0.6875418693994084,0.6875418693994084,
2028,P3,column_positional_ablation,source_only,pcc,replace,0.5941988514442021,0.5843897358457306,
2028,P3,column_positional_ablation,target_real_anchor,acc,append,0.20310332505914588,-0.12247957720192858,0.00064431587796073
2028,P3,column_positional_ablation,target_real_anchor,acc,replace,0.285461875044576,-0.21661880393695174,0.0006712018140589358
2028,P3,column_positional_ablation,target_real_anchor,cc,append,0.23257025848279986,-0.2154705687075545,0.00191974484497845
2028,P3,column_positional_ablation,target_real_anchor,cc,replace,0.32999285714285714,-0.31537857142857145,0.0018752198698793858
2028,P3,column_positional_ablation,target_real_anchor,dys,append,0.7249849011759976,0.7249849011759976,0.00041709934233298665
2028,P3,column_positional_ablation,target_real_anchor,dys,replace,0.6214243136707238,0.6214226105675849,0.00047644478352087006
2028,P3,column_positional_ablation,target_real_anchor,emq,append,0.7249908618130326,0.7249908618130326,0.00041709934233298665
2028,P3,column_positional_ablation,target_real_anchor,emq,replace,0.6214285712640121,0.6214285712434626,0.00047644478352087006
2028,P3,column_positional_ablation,target_real_anchor,hdy,append,0.7249849011759976,0.7249849011759976,0.00041709934233298665
2028,P3,column_positional_ablation,target_real_anchor,hdy,replace,0.6214243136707238,0.6214226105675849,0.00047644478352087006
2028,P3,column_positional_ablation,target_real_anchor,kdey,append,0.7249849011759976,0.7249849011759976,0.00041709934233298665
2028,P3,column_positional_ablation,target_real_anchor,kdey,replace,0.6214243136707238,0.6214226105675849,0.00047644478352087006
2028,P3,column_positional_ablation,target_real_anchor,median_sweep,append,0.7249908620369842,0.7249908620369842,0.00041709934233298665
2028,P3,column_positional_ablation,target_real_anchor,median_sweep,replace,0.6214285714285714,0.6214285714285714,0.00047644478352087006
2028,P3,column_positional_ablation,target_real_anchor,pacc,append,0.7249908620369842,0.7249908620369842,0.00041709934233298665
2028,P3,column_positional_ablation,target_real_anchor,pacc,replace,0.6214285714285714,0.6214285714285714,0.00047644478352087006
2028,P3,column_positional_ablation,target_real_anchor,pcc,append,0.6875418693994084,0.6875418693994084,0.00041709934233298665
2028,P3,column_positional_ablation,target_real_anchor,pcc,replace,0.5941988514442021,0.5843897358457306,0.00047644478352087006
2028,P3,datum_ta,oracle_target,cc,append,0.2750091379630159,-0.2750091379630159,0.0
2028,P3,datum_ta,oracle_target,cc,replace,0.37857142857142856,-0.37857142857142856,0.0
2028,P3,datum_ta,oracle_target,dys,append,0.7249849011759976,0.7249849011759976,0.0
2028,P3,datum_ta,oracle_target,dys,replace,0.6214243136707238,0.6214226105675849,0.0
2028,P3,datum_ta,oracle_target,emq,append,0.30832419537031747,0.22499086203698412,0.0
2028,P3,datum_ta,oracle_target,emq,replace,0.3357142857142857,0.12142857142857143,0.0
2028,P3,datum_ta,oracle_target,hdy,append,0.7249849011759976,0.7249849011759976,0.0
2028,P3,datum_ta,oracle_target,hdy,replace,0.6214243136707238,0.6214226105675849,0.0
2028,P3,datum_ta,oracle_target,pcc,append,0.30832419537031747,0.22499086203698412,0.0
2028,P3,datum_ta,oracle_target,pcc,replace,0.3357142857142857,0.12142857142857143,0.0
2028,P3,datum_ta,source_only,acc,append,0.7249908620369842,0.7249908620369842,
2028,P3,datum_ta,source_only,acc,replace,0.6214285714285714,0.6214285714285714,
2028,P3,datum_ta,source_only,cc,append,0.7249908620369842,0.7249908620369842,
2028,P3,datum_ta,source_only,cc,replace,0.6214285714285714,0.6214285714285714,
2028,P3,datum_ta,source_only,dys,append,0.7249849011759976,0.7249849011759976,
2028,P3,datum_ta,source_only,dys,replace,0.6214243136707238,0.6214226105675849,
2028,P3,datum_ta,source_only,emq,append,0.7249908620255728,0.7249908620255728,
2028,P3,datum_ta,source_only,emq,replace,0.6214285714204149,0.6214285714171657,
2028,P3,datum_ta,source_only,hdy,append,0.7249849011759976,0.7249849011759976,
2028,P3,datum_ta,source_only,hdy,replace,0.6214243136707238,0.6214226105675849,
2028,P3,datum_ta,source_only,kdey,append,0.7249849011759976,0.7249849011759976,
2028,P3,datum_ta,source_only,kdey,replace,0.6214243136707238,0.6214226105675849,
2028,P3,datum_ta,source_only,median_sweep,append,0.7249908620369842,0.7249908620369842,
2028,P3,datum_ta,source_only,median_sweep,replace,0.6214285714285714,0.6214285714285714,
2028,P3,datum_ta,source_only,pacc,append,0.7249908620369842,0.7249908620369842,
2028,P3,datum_ta,source_only,pacc,replace,0.6214285714285714,0.6214285714285714,
2028,P3,datum_ta,source_only,pcc,append,0.6983806372398658,0.6983806372398658,
2028,P3,datum_ta,source_only,pcc,replace,0.6024194344910757,0.5948201483915477,
2028,P3,datum_ta,target_real_anchor,cc,append,0.23106649803320367,-0.21035149011930684,0.0002703357563170567
2028,P3,datum_ta,target_real_anchor,cc,replace,0.3286257142857143,-0.31103142857142857,0.00022421429631041143
2028,P3,datum_ta,target_real_anchor,dys,append,0.7249849011759976,0.7249849011759976,0.00198818177322849
2028,P3,datum_ta,target_real_anchor,dys,replace,0.6214243136707238,0.6214226105675849,0.0025037828215397915
2028,P3,datum_ta,target_real_anchor,emq,append,0.7249908620255728,0.7249908620255728,0.00198818177322849
2028,P3,datum_ta,target_real_anchor,emq,replace,0.6214285714204149,0.6214285714171657,0.0025037828215397915
2028,P3,datum_ta,target_real_anchor,hdy,append,0.7249849011759976,0.7249849011759976,0.00198818177322849
2028,P3,datum_ta,target_real_anchor,hdy,replace,0.6214243136707238,0.6214226105675849,0.0025037828215397915
2028,P3,datum_ta,target_real_anchor,kdey,append,0.7249849011759976,0.7249849011759976,0.00198818177322849
2028,P3,datum_ta,target_real_anchor,kdey,replace,0.6214243136707238,0.6214226105675849,0.0025037828215397915
2028,P3,datum_ta,target_real_anchor,median_sweep,append,0.7249908620369842,0.7249908620369842,0.00198818177322849
2028,P3,datum_ta,target_real_anchor,median_sweep,replace,0.6214285714285714,0.6214285714285714,0.0025037828215397915
2028,P3,datum_ta,target_real_anchor,pacc,append,0.7249908620369842,0.7249908620369842,0.00198818177322849
2028,P3,datum_ta,target_real_anchor,pacc,replace,0.6214285714285714,0.6214285714285714,0.0025037828215397915
2028,P3,datum_ta,target_real_anchor,pcc,append,0.6983806372398658,0.6983806372398658,0.00198818177322849
2028,P3,datum_ta,target_real_anchor,pcc,replace,0.6024194344910757,0.5948201483915477,0.0025037828215397915
2028,P3,datum_transformer,oracle_target,cc,append,0.2750091379630159,-0.2750091379630159,0.0
2028,P3,datum_transformer,oracle_target,cc,replace,0.37857142857142856,-0.37857142857142856,0.0
2028,P3,datum_transformer,oracle_target,dys,append,0.7249849011759976,0.7249849011759976,0.0
2028,P3,datum_transformer,oracle_target,dys,replace,0.6214243136707238,0.6214226105675849,0.0
2028,P3,datum_transformer,oracle_target,emq,append,0.30832419537031747,0.22499086203698412,0.0
2028,P3,datum_transformer,oracle_target,emq,replace,0.3357142857142857,0.12142857142857143,0.0
2028,P3,datum_transformer,oracle_target,hdy,append,0.7249849011759976,0.7249849011759976,0.0
2028,P3,datum_transformer,oracle_target,hdy,replace,0.6214243136707238,0.6214226105675849,0.0
2028,P3,datum_transformer,oracle_target,pcc,append,0.30832419537031747,0.22499086203698412,0.0
2028,P3,datum_transformer,oracle_target,pcc,replace,0.3357142857142857,0.12142857142857143,0.0
2028,P3,datum_transformer,source_only,acc,append,0.7249908620369842,0.7249908620369842,
2028,P3,datum_transformer,source_only,acc,replace,0.6214285714285714,0.6214285714285714,
2028,P3,datum_transformer,source_only,cc,append,0.7249908620369842,0.7249908620369842,
2028,P3,datum_transformer,source_only,cc,replace,0.6214285714285714,0.6214285714285714,
2028,P3,datum_transformer,source_only,dys,append,0.7249849011759976,0.7249849011759976,
2028,P3,datum_transformer,source_only,dys,replace,0.6214243136707238,0.6214226105675849,
2028,P3,datum_transformer,source_only,emq,append,0.724990861982659,0.724990861982659,
2028,P3,datum_transformer,source_only,emq,replace,0.6214285713897718,0.6214285713742428,
2028,P3,datum_transformer,source_only,hdy,append,0.7249849011759976,0.7249849011759976,
2028,P3,datum_transformer,source_only,hdy,replace,0.6214243136707238,0.6214226105675849,
2028,P3,datum_transformer,source_only,kdey,append,0.7249849011759976,0.7249849011759976,
2028,P3,datum_transformer,source_only,kdey,replace,0.6214243136707238,0.6214226105675849,
2028,P3,datum_transformer,source_only,median_sweep,append,0.7249908620369842,0.7249908620369842,
2028,P3,datum_transformer,source_only,median_sweep,replace,0.6214285714285714,0.6214285714285714,
2028,P3,datum_transformer,source_only,pacc,append,0.7249908620369842,0.7249908620369842,
2028,P3,datum_transformer,source_only,pacc,replace,0.6214285714285714,0.6214285714285714,
2028,P3,datum_transformer,source_only,pcc,append,0.6919552882745464,0.6919552882745464,
2028,P3,datum_transformer,source_only,pcc,replace,0.5978320645855266,0.5883926868655018,
2028,P3,datum_transformer,target_real_anchor,acc,append,0.25435479673858663,-0.0801331686569736,0.0012787914750531256
2028,P3,datum_transformer,target_real_anchor,acc,replace,0.34719341748259996,-0.19756184971098267,0.001130311314556943
2028,P3,datum_transformer,target_real_anchor,cc,append,0.24849542843365688,-0.22931798620510355,0.00034782178707410663
2028,P3,datum_transformer,target_real_anchor,cc,replace,0.35271142857142856,-0.3361314285714286,0.0005081908152669005
2028,P3,datum_transformer,target_real_anchor,dys,append,0.7249849011759976,0.7249849011759976,0.0012787914750531256
2028,P3,datum_transformer,target_real_anchor,dys,replace,0.6214243136707238,0.6214226105675849,0.0011175111789263716
2028,P3,datum_transformer,target_real_anchor,emq,append,0.724990861982659,0.724990861982659,0.0012787914750531256
2028,P3,datum_transformer,target_real_anchor,emq,replace,0.6214285713897718,0.6214285713742428,0.0011175111789263716
2028,P3,datum_transformer,target_real_anchor,hdy,append,0.7249849011759976,0.7249849011759976,0.0012787914750531256
2028,P3,datum_transformer,target_real_anchor,hdy,replace,0.6214243136707238,0.6214226105675849,0.0011175111789263716
2028,P3,datum_transformer,target_real_anchor,kdey,append,0.7249849011759976,0.7249849011759976,0.0012787914750531256
2028,P3,datum_transformer,target_real_anchor,kdey,replace,0.6214243136707238,0.6214226105675849,0.0011175111789263716
2028,P3,datum_transformer,target_real_anchor,median_sweep,append,0.7249908620369842,0.7249908620369842,0.0012787914750531256
2028,P3,datum_transformer,target_real_anchor,median_sweep,replace,0.6214285714285714,0.6214285714285714,0.0011175111789263716
2028,P3,datum_transformer,target_real_anchor,pacc,append,0.7249908620369842,0.7249908620369842,0.0012787914750531256
2028,P3,datum_transformer,target_real_anchor,pacc,replace,0.6214285714285714,0.6214285714285714,0.0011175111789263716
2028,P3,datum_transformer,target_real_anchor,pcc,append,0.6919552882745464,0.6919552882745464,0.0012787914750531256
2028,P3,datum_transformer,target_real_anchor,pcc,replace,0.5978320645855266,0.5883926868655018,0.0011175111789263716
2028,P3,flat_transformer,oracle_target,acc,append,0.024031502407678273,-0.012882033045442344,0.0017602729565345998
2028,P3,flat_transformer,oracle_target,acc,replace,0.03032561983471072,-0.015112368358913846,0.002221247377455611
2028,P3,flat_transformer,oracle_target,cc,append,0.18961289246050972,-0.17148939451812292,0.0016005043762052735
2028,P3,flat_transformer,oracle_target,cc,replace,0.26954285714285714,-0.25368285714285715,0.0021375802657511165
2028,P3,flat_transformer,oracle_target,dys,append,0.04412560558123591,-0.041980872164464715,0.0015666320526133233
2028,P3,flat_transformer,oracle_target,dys,replace,0.03924550916738363,-0.03361172771929662,0.0022268845232796706
2028,P3,flat_transformer,oracle_target,emq,append,0.0926033791817207,-0.07445789692758704,0.0016451565049695467
2028,P3,flat_transformer,oracle_target,emq,replace,0.08488964868333437,-0.06580073122131737,0.0020677305189988394
2028,P3,flat_transformer,oracle_target,hdy,append,0.041936059602965384,-0.039231722100424755,0.0015666320526133233
2028,P3,flat_transformer,oracle_target,hdy,replace,0.03711752858005742,-0.028719861849100223,0.0022268845232796706
2028,P3,flat_transformer,oracle_target,kdey,append,0.43242572922408246,0.43242572922408246,0.0021314345052662466
2028,P3,flat_transformer,oracle_target,kdey,replace,0.3702615250335185,0.36969056759082575,0.00232373323161036
2028,P3,flat_transformer,oracle_target,pacc,append,0.05624756104246426,-0.05092501250531838,0.0017091925035849901
2028,P3,flat_transformer,oracle_target,pacc,replace,0.05378257076907826,-0.04643422780725342,0.002024201580943865
2028,P3,flat_transformer,oracle_target,pcc,append,0.29716857499947885,0.2154624054188938,0.0021314345052662466
2028,P3,flat_transformer,oracle_target,pcc,replace,0.3239677135255993,0.11532766545712804,0.00232373323161036
2028,P3,flat_transformer,source_only,acc,append,0.7249908620369842,0.7249908620369842,0.07371623893586507
2028,P3,flat_transformer,source_only,acc,replace,0.6214285714285714,0.6214285714285714,0.08016469048678657
2028,P3,flat_transformer,source_only,cc,append,0.6975937242507103,0.6975937242507103,0.07371623893586507
2028,P3,flat_transformer,source_only,cc,replace,0.59771,0.59771,0.08016469048678657
2028,P3,flat_transformer,source_only,dys,append,0.7249849011759976,0.7249849011759976,0.07371623893586507
2028,P3,flat_transformer,source_only,dys,replace,0.6214243136707238,0.6214226105675849,0.08016469048678657
2028,P3,flat_transformer,source_only,emq,append,0.7249908608379889,0.7249908608379889,0.07371623893586507
2028,P3,flat_transformer,source_only,emq,replace,0.6214285703316444,0.6214285703043299,0.08016469048678657
2028,P3,flat_transformer,source_only,hdy,append,0.7249849011759976,0.7249849011759976,0.07371623893586507
2028,P3,flat_transformer,source_only,hdy,replace,0.6214243136707238,0.6214226105675849,0.08016469048678657
2028,P3,flat_transformer,source_only,kdey,append,0.7249849011759976,0.7249849011759976,0.07371623893586507
2028,P3,flat_transformer,source_only,kdey,replace,0.6214243136707238,0.6214226105675849,0.08016469048678657
2028,P3,flat_transformer,source_only,median_sweep,append,0.7249908620369842,0.7249908620369842,0.07371623893586507
2028,P3,flat_transformer,source_only,median_sweep,replace,0.6214285714285714,0.6214285714285714,0.08016469048678657
2028,P3,flat_transformer,source_only,pacc,append,0.7249908620369842,0.7249908620369842,0.07371623893586507
2028,P3,flat_transformer,source_only,pacc,replace,0.6214285714285714,0.6214285714285714,0.08016469048678657
2028,P3,flat_transformer,source_only,pcc,append,0.6356563796998305,0.6356563796998305,0.07371623893586507
2028,P3,flat_transformer,source_only,pcc,replace,0.554848721749122,0.534411843902789,0.08016469048678657
2028,P3,flat_transformer,target_real_anchor,acc,append,0.0981465795415111,0.053828975735282766,0.001608317262522842
2028,P3,flat_transformer,target_real_anchor,acc,replace,0.11260223924864059,0.020182347998022748,0.0019813931803250467
2028,P3,flat_transformer,target_real_anchor,cc,append,0.19721460251137046,-0.18223642270763513,0.0013937101320278685
2028,P3,flat_transformer,target_real_anchor,cc,replace,0.2792614285714286,-0.26623857142857144,0.0018298260114014205
2028,P3,flat_transformer,target_real_anchor,dys,append,0.7249849011759976,0.7249849011759976,0.001608317262522842
2028,P3,flat_transformer,target_real_anchor,dys,replace,0.6214243136707238,0.6214226105675849,0.0019813931803250467
2028,P3,flat_transformer,target_real_anchor,emq,append,0.7249908608379889,0.7249908608379889,0.001608317262522842
2028,P3,flat_transformer,target_real_anchor,emq,replace,0.6214285703316444,0.6214285703043299,0.0019813931803250467
2028,P3,flat_transformer,target_real_anchor,hdy,append,0.7249849011759976,0.7249849011759976,0.001608317262522842
2028,P3,flat_transformer,target_real_anchor,hdy,replace,0.6214243136707238,0.6214226105675849,0.0019813931803250467
2028,P3,flat_transformer,target_real_anchor,kdey,append,0.7249849011759976,0.7249849011759976,0.001608317262522842
2028,P3,flat_transformer,target_real_anchor,kdey,replace,0.6214243136707238,0.6214226105675849,0.0019813931803250467
2028,P3,flat_transformer,target_real_anchor,median_sweep,append,0.7249908620369842,0.7249908620369842,0.001608317262522842
2028,P3,flat_transformer,target_real_anchor,median_sweep,replace,0.6214285714285714,0.6214285714285714,0.0019813931803250467
2028,P3,flat_transformer,target_real_anchor,pacc,append,0.7249908620369842,0.7249908620369842,0.001608317262522842
2028,P3,flat_transformer,target_real_anchor,pacc,replace,0.6214285714285714,0.6214285714285714,0.0019813931803250467
2028,P3,flat_transformer,target_real_anchor,pcc,append,0.6356563796998305,0.6356563796998305,0.001608317262522842
2028,P3,flat_transformer,target_real_anchor,pcc,replace,0.554848721749122,0.534411843902789,0.0019813931803250467
2028,P4,char3gram,oracle_target,acc,append,0.06478184967535959,-0.05535479730956439,0.0005944221925530196
2028,P4,char3gram,oracle_target,acc,replace,0.07828488721804508,-0.054697729323308256,0.001029054612499177
2028,P4,char3gram,oracle_target,cc,append,0.2276823497844435,-0.21360011173442772,0.0025730603767986494
2028,P4,char3gram,oracle_target,cc,replace,0.32154428571428567,-0.30951285714285715,0.0023253014601478917
2028,P4,char3gram,oracle_target,dys,append,0.03672192014490183,0.006581810271087154,0.0005320179993077034
2028,P4,char3gram,oracle_target,dys,replace,0.04391604648591244,0.009844963815174336,0.0007632186831118457
2028,P4,char3gram,oracle_target,emq,append,0.06787437522279957,-0.028281206308580314,0.0007827720911832862
2028,P4,char3gram,oracle_target,emq,replace,0.06307233448513734,-0.01646309870824717,0.0009352999766884658
2028,P4,char3gram,oracle_target,hdy,append,0.0297702487914504,0.0008565222250185505,0.00048345942738464953
2028,P4,char3gram,oracle_target,hdy,replace,0.035250867912431504,0.009223459971879408,0.0007324898806874543
2028,P4,char3gram,oracle_target,kdey,append,0.03937219362091832,0.027685422906739893,0.00042842308262868334
2028,P4,char3gram,oracle_target,kdey,replace,0.042117642023197954,0.029165870995616773,0.0007324898806874543
2028,P4,char3gram,oracle_target,pacc,append,0.030880392684716262,-0.008349724443411385,0.0004911734164070467
2028,P4,char3gram,oracle_target,pacc,replace,0.03421464875947074,-0.0022769254064999517,0.0007632186831118457
2028,P4,char3gram,oracle_target,pcc,append,0.29397333241195067,0.21426788134374528,0.00012100084062700334
2028,P4,char3gram,oracle_target,pcc,replace,0.31999253732031213,0.11589095676420158,0.0003274206879013086
2028,P4,char3gram,source_only,acc,append,0.7249908620369842,0.7249908620369842,
2028,P4,char3gram,source_only,acc,replace,0.6214285714285714,0.6214285714285714,
2028,P4,char3gram,source_only,cc,append,0.7245676202694298,0.7245676202694298,
2028,P4,char3gram,source_only,cc,replace,0.6210414285714285,0.6210414285714285,
2028,P4,char3gram,source_only,dys,append,0.7249849011759976,0.7249849011759976,
2028,P4,char3gram,source_only,dys,replace,0.6214243136707238,0.6214226105675849,
2028,P4,char3gram,source_only,emq,append,0.7249908618603746,0.7249908618603746,
2028,P4,char3gram,source_only,emq,replace,0.6214285712848626,0.6214285712698753,
2028,P4,char3gram,source_only,hdy,append,0.7249849011759976,0.7249849011759976,
2028,P4,char3gram,source_only,hdy,replace,0.6214243136707238,0.6214226105675849,
2028,P4,char3gram,source_only,kdey,append,0.7249849011759976,0.7249849011759976,
2028,P4,char3gram,source_only,kdey,replace,0.6214243136707238,0.6214226105675849,
2028,P4,char3gram,source_only,median_sweep,append,0.7249908620369842,0.7249908620369842,
2028,P4,char3gram,source_only,median_sweep,replace,0.6214285714285714,0.6214285714285714,
2028,P4,char3gram,source_only,pacc,append,0.7249908620369842,0.7249908620369842,
2028,P4,char3gram,source_only,pacc,replace,0.6214285714285714,0.6214285714285714,
2028,P4,char3gram,source_only,pcc,append,0.6867584676869121,0.6867584676869121,
2028,P4,char3gram,source_only,pcc,replace,0.593370493299196,0.5840037280082542,
2028,P4,char3gram,target_real_anchor,acc,append,0.7249908620369842,0.7249908620369842,0.00016501013697274667
2028,P4,char3gram,target_real_anchor,acc,replace,0.6214285714285714,0.6214285714285714,0.00035280903638712865
2028,P4,char3gram,target_real_anchor,cc,append,0.21393437128016596,-0.1874179198714923,0.00248192651930968
2028,P4,char3gram,target_real_anchor,cc,replace,0.3038585714285714,-0.2813014285714286,0.0024605505753703
2028,P4,char3gram,target_real_anchor,dys,append,0.7249849011759976,0.7249849011759976,0.00016501013697274667
2028,P4,char3gram,target_real_anchor,dys,replace,0.6214243136707238,0.6214226105675849,0.00035280903638712865
2028,P4,char3gram,target_real_anchor,emq,append,0.7249908618603746,0.7249908618603746,0.00016501013697274667
2028,P4,char3gram,target_real_anchor,emq,replace,0.6214285712848626,0.6214285712698753,0.00035280903638712865
2028,P4,char3gram,target_real_anchor,hdy,append,0.7249849011759976,0.7249849011759976,0.00016501013697274667
2028,P4,char3gram,target_real_anchor,hdy,replace,0.6214243136707238,0.6214226105675849,0.00035280903638712865
2028,P4,char3gram,target_real_anchor,kdey,append,0.7249849011759976,0.7249849011759976,0.00016501013697274667
2028,P4,char3gram,target_real_anchor,kdey,replace,0.6214243136707238,0.6214226105675849,0.00035280903638712865
2028,P4,char3gram,target_real_anchor,median_sweep,append,0.7249908620369842,0.7249908620369842,0.00016501013697274667
2028,P4,char3gram,target_real_anchor,median_sweep,replace,0.6214285714285714,0.6214285714285714,0.00035280903638712865
2028,P4,char3gram,target_real_anchor,pacc,append,0.7249908620369842,0.7249908620369842,0.00016501013697274667
2028,P4,char3gram,target_real_anchor,pacc,replace,0.6214285714285714,0.6214285714285714,0.00035280903638712865
2028,P4,char3gram,target_real_anchor,pcc,append,0.6867584676869121,0.6867584676869121,0.00016501013697274667
2028,P4,char3gram,target_real_anchor,pcc,replace,0.593370493299196,0.5840037280082542,0.00035280903638712865
2028,P4,column_positional_ablation,oracle_target,acc,append,0.10845782417341988,-0.01547320308785886,0.00057464273352122
2028,P4,column_positional_ablation,oracle_target,acc,replace,0.13968376537369911,-0.04909489120151368,0.0010279102295123485
2028,P4,column_positional_ablation,oracle_target,cc,append,0.23169225098230703,-0.21201425794653622,0.0020197794590317533
2028,P4,column_positional_ablation,oracle_target,cc,replace,0.32885285714285717,-0.3119328571428572,0.0024762328607455175
2028,P4,column_positional_ablation,oracle_target,dys,append,0.06455280127136125,-0.060444882403387155,0.0009689462493200467
2028,P4,column_positional_ablation,oracle_target,dys,replace,0.06218753276038259,-0.055287831305121105,0.0010691927861487
2028,P4,column_positional_ablation,oracle_target,emq,append,0.07088505656624623,-0.0628799597957705,0.00112134698116003
2028,P4,column_positional_ablation,oracle_target,emq,replace,0.06356603849529599,-0.05097859045391404,0.0015923453493546628
2028,P4,column_positional_ablation,oracle_target,hdy,append,0.044753312444857495,-0.03470143630642825,0.0008681204569054767
2028,P4,column_positional_ablation,oracle_target,hdy,replace,0.04174500761016239,-0.02300646480115041,0.0010504164282535142
2028,P4,column_positional_ablation,oracle_target,kdey,append,0.5011648092113571,0.5011648092113571,0.00039638035899716673
2028,P4,column_positional_ablation,oracle_target,kdey,replace,0.43141592233967013,0.42889914635304177,0.0008352300421726229
2028,P4,column_positional_ablation,oracle_target,pacc,append,0.04757428086681864,-0.03828040594682703,0.0007475646541066834
2028,P4,column_positional_ablation,oracle_target,pacc,replace,0.046419016761050876,-0.03225859911656671,0.0010504164282535142
2028,P4,column_positional_ablation,oracle_target,pcc,append,0.294337835703499,0.21336793570198,0.00039638035899716673
2028,P4,column_positional_ablation,oracle_target,pcc,replace,0.3209862352299714,0.11431894642431542,0.0008352300421726229
2028,P4,column_positional_ablation,source_only,acc,append,0.7249908620369842,0.7249908620369842,0.15418122929337877
2028,P4,column_positional_ablation,source_only,acc,replace,0.6214285714285714,0.6214285714285714,0.16844187311477027
2028,P4,column_positional_ablation,source_only,cc,append,0.6861061839092852,0.6861061839092852,0.15418122929337877
2028,P4,column_positional_ablation,source_only,cc,replace,0.5879842857142857,0.5878557142857143,0.16844187311477027
2028,P4,column_positional_ablation,source_only,dys,append,0.7249849011759976,0.7249849011759976,0.15418122929337877
2028,P4,column_positional_ablation,source_only,dys,replace,0.6214243136707238,0.6214226105675849,0.16844187311477027
2028,P4,column_positional_ablation,source_only,emq,append,0.7249908606029407,0.7249908606029407,0.15418122929337877
2028,P4,column_positional_ablation,source_only,emq,replace,0.6214285701963601,0.6214285701645641,0.16844187311477027
2028,P4,column_positional_ablation,source_only,hdy,append,0.7249849011759976,0.7249849011759976,0.15418122929337877
2028,P4,column_positional_ablation,source_only,hdy,replace,0.6214243136707238,0.6214226105675849,0.16844187311477027
2028,P4,column_positional_ablation,source_only,kdey,append,0.7249849011759976,0.7249849011759976,0.15418122929337877
2028,P4,column_positional_ablation,source_only,kdey,replace,0.6214243136707238,0.6214226105675849,0.16844187311477027
2028,P4,column_positional_ablation,source_only,median_sweep,append,0.7249908620369842,0.7249908620369842,0.15418122929337877
2028,P4,column_positional_ablation,source_only,median_sweep,replace,0.6214285714285714,0.6214285714285714,0.16844187311477027
2028,P4,column_positional_ablation,source_only,pacc,append,0.7249908620369842,0.7249908620369842,0.15418122929337877
2028,P4,column_positional_ablation,source_only,pacc,replace,0.6214285714285714,0.6214285714285714,0.16844187311477027
2028,P4,column_positional_ablation,source_only,pcc,append,0.6451100218794004,0.6451100218794004,0.15418122929337877
2028,P4,column_positional_ablation,source_only,pcc,replace,0.5604200045193874,0.5454149142460764,0.16844187311477027
2028,P4,column_positional_ablation,target_real_anchor,acc,append,0.21381262449991434,-0.17216486685107552,0.0008171389012510301
2028,P4,column_positional_ablation,target_real_anchor,acc,replace,0.3056635651629072,-0.2694249060150376,0.0014157289083857544
2028,P4,column_positional_ablation,target_real_anchor,cc,append,0.23795887156111065,-0.22332793139017046,0.0018279681550709267
2028,P4,column_positional_ablation,target_real_anchor,cc,replace,0.3363557142857143,-0.32383,0.002322334541293125
2028,P4,column_positional_ablation,target_real_anchor,dys,append,0.7249849011759976,0.7249849011759976,0.00042229145032880337
2028,P4,column_positional_ablation,target_real_anchor,dys,replace,0.6214243136707238,0.6214226105675849,0.0007874626486108286
2028,P4,column_positional_ablation,target_real_anchor,emq,append,0.7249908606029407,0.7249908606029407,0.00042229145032880337
2028,P4,column_positional_ablation,target_real_anchor,emq,replace,0.6214285701963601,0.6214285701645641,0.0007874626486108286
2028,P4,column_positional_ablation,target_real_anchor,hdy,append,0.7249849011759976,0.7249849011759976,0.00042229145032880337
2028,P4,column_positional_ablation,target_real_anchor,hdy,replace,0.6214243136707238,0.6214226105675849,0.0007874626486108286
2028,P4,column_positional_ablation,target_real_anchor,kdey,append,0.7249849011759976,0.7249849011759976,0.00042229145032880337
2028,P4,column_positional_ablation,target_real_anchor,kdey,replace,0.6214243136707238,0.6214226105675849,0.0007874626486108286
2028,P4,column_positional_ablation,target_real_anchor,median_sweep,append,0.7249908620369842,0.7249908620369842,0.00042229145032880337
2028,P4,column_positional_ablation,target_real_anchor,median_sweep,replace,0.6214285714285714,0.6214285714285714,0.0007874626486108286
2028,P4,column_positional_ablation,target_real_anchor,pacc,append,0.7249908620369842,0.7249908620369842,0.00042229145032880337
2028,P4,column_positional_ablation,target_real_anchor,pacc,replace,0.6214285714285714,0.6214285714285714,0.0007874626486108286
2028,P4,column_positional_ablation,target_real_anchor,pcc,append,0.6451100218794004,0.6451100218794004,0.00042229145032880337
2028,P4,column_positional_ablation,target_real_anchor,pcc,replace,0.5604200045193874,0.5454149142460764,0.0007874626486108286
2028,P4,datum_ta,oracle_target,acc,append,0.4574999200471326,0.38692923892047193,0.0009300301636750133
2028,P4,datum_ta,oracle_target,acc,replace,0.41421742857142857,0.2692968571428571,0.0011008540487845858
2028,P4,datum_ta,oracle_target,cc,append,0.2453059217840116,-0.22863320256907016,0.00038975424022152406
2028,P4,datum_ta,oracle_target,cc,replace,0.3472071428571428,-0.33269857142857145,0.0003793417678597965
2028,P4,datum_ta,oracle_target,dys,append,0.3093793753427736,0.24697633100139044,0.0017034070118182134
2028,P4,datum_ta,oracle_target,dys,replace,0.3408205281836084,0.16845943737174393,0.0015562760929916687
2028,P4,datum_ta,oracle_target,emq,append,0.3178636057324962,0.2351247445768333,0.0021698066557879403
2028,P4,datum_ta,oracle_target,emq,replace,0.34426530925064314,0.1313696004900896,0.0017961726746772916
2028,P4,datum_ta,oracle_target,hdy,append,0.30937930734485986,0.24697625009424523,0.0017034070118182134
2028,P4,datum_ta,oracle_target,hdy,replace,0.34082051468573293,0.1684594490828211,0.0015562760929916687
2028,P4,datum_ta,oracle_target,kdey,append,0.15368326262274257,0.08206388149941246,0.0010823814468674067
2028,P4,datum_ta,oracle_target,kdey,replace,0.1822407916634567,0.04122095871581134,0.0012725538813655832
2028,P4,datum_ta,oracle_target,pacc,append,0.5238973709988429,0.31157987571039,0.0021047816842209234
2028,P4,datum_ta,oracle_target,pacc,replace,0.509145754932158,0.1820126781648906,0.0013174391251827519
2028,P4,datum_ta,oracle_target,pcc,append,0.3083434559353998,0.22501131817771186,0.0021698066557879403
2028,P4,datum_ta,oracle_target,pcc,replace,0.33573156286872596,0.12144868061436077,0.0017961726746772916
2028,P4,datum_ta,source_only,acc,append,0.7249908620369842,0.7249908620369842,0.06790278395885864
2028,P4,datum_ta,source_only,acc,replace,0.6214285714285714,0.6214285714285714,0.06989155911585813
2028,P4,datum_ta,source_only,cc,append,0.6453246667523274,0.6453246667523274,0.06790278395885864
2028,P4,datum_ta,source_only,cc,replace,0.5641957142857144,0.5413957142857143,0.06989155911585813
2028,P4,datum_ta,source_only,dys,append,0.7249849664325105,0.7249849664325105,0.06790278395885864
2028,P4,datum_ta,source_only,dys,replace,0.6214243667117652,0.6214226740513775,0.06989155911585813
2028,P4,datum_ta,source_only,emq,append,0.7249908594637865,0.7249908594637865,0.06790278395885864
2028,P4,datum_ta,source_only,emq,replace,0.6214285695276892,0.6214285689198346,0.06989155911585813
2028,P4,datum_ta,source_only,hdy,append,0.7249849011759976,0.7249849011759976,0.06790278395885864
2028,P4,datum_ta,source_only,hdy,replace,0.6214243136707238,0.6214226105675849,0.06989155911585813
2028,P4,datum_ta,source_only,kdey,append,0.7249849011759976,0.7249849011759976,0.06790278395885864
2028,P4,datum_ta,source_only,kdey,replace,0.6214243136707238,0.6214226105675849,0.06989155911585813
2028,P4,datum_ta,source_only,median_sweep,append,0.7249908620369842,0.7249908620369842,0.06790278395885864
2028,P4,datum_ta,source_only,median_sweep,replace,0.6214285714285714,0.6214285714285714,0.06989155911585813
2028,P4,datum_ta,source_only,pacc,append,0.7249908620369842,0.7249908620369842,0.06790278395885864
2028,P4,datum_ta,source_only,pacc,replace,0.6214285714285714,0.6214285714285714,0.06989155911585813
2028,P4,datum_ta,source_only,pcc,append,0.6135855977079503,0.6135855977079503,0.06790278395885864
2028,P4,datum_ta,source_only,pcc,replace,0.5416752764722903,0.5100309325124421,0.06989155911585813
2028,P4,datum_ta,target_real_anchor,acc,append,0.6150740614859288,0.6150740614859288,0.00011289126242396223
2028,P4,datum_ta,target_real_anchor,acc,replace,0.5209269432773109,0.5205628151260504,0.0003899802911818743
2028,P4,datum_ta,target_real_anchor,cc,append,0.24040579561660508,-0.22636051546465827,0.0026724521584334236
2028,P4,datum_ta,target_real_anchor,cc,replace,0.33957714285714286,-0.32756857142857143,0.0026729819653717713
2028,P4,datum_ta,target_real_anchor,dys,append,0.7249849664325105,0.7249849664325105,0.00011289126242396223
2028,P4,datum_ta,target_real_anchor,dys,replace,0.6214243667117652,0.6214226740513775,0.0003899802911818743
2028,P4,datum_ta,target_real_anchor,emq,append,0.7249908594637865,0.7249908594637865,0.00011289126242396223
2028,P4,datum_ta,target_real_anchor,emq,replace,0.6214285695276892,0.6214285689198346,0.0003899802911818743
2028,P4,datum_ta,target_real_anchor,hdy,append,0.7249849011759976,0.7249849011759976,0.00011289126242396223
2028,P4,datum_ta,target_real_anchor,hdy,replace,0.6214243136707238,0.6214226105675849,0.0003899802911818743
2028,P4,datum_ta,target_real_anchor,kdey,append,0.7249849011759976,0.7249849011759976,0.00011289126242396223
2028,P4,datum_ta,target_real_anchor,kdey,replace,0.6214243136707238,0.6214226105675849,0.0003899802911818743
2028,P4,datum_ta,target_real_anchor,median_sweep,append,0.7249908620369842,0.7249908620369842,0.00011289126242396223
2028,P4,datum_ta,target_real_anchor,median_sweep,replace,0.6214285714285714,0.6214285714285714,0.0003899802911818743
2028,P4,datum_ta,target_real_anchor,pacc,append,0.7249908620369842,0.7249908620369842,0.00011289126242396223
2028,P4,datum_ta,target_real_anchor,pacc,replace,0.6214285714285714,0.6214285714285714,0.0003899802911818743
2028,P4,datum_ta,target_real_anchor,pcc,append,0.6135855977079503,0.6135855977079503,0.00011289126242396223
2028,P4,datum_ta,target_real_anchor,pcc,replace,0.5416752764722903,0.5100309325124421,0.0003899802911818743
2028,P4,datum_transformer,oracle_target,cc,append,0.2750091379630159,-0.2750091379630159,0.0
2028,P4,datum_transformer,oracle_target,cc,replace,0.37857142857142856,-0.37857142857142856,0.0
2028,P4,datum_transformer,oracle_target,dys,append,0.7249849011759976,0.7249849011759976,0.0
2028,P4,datum_transformer,oracle_target,dys,replace,0.6214243136707238,0.6214226105675849,0.0
2028,P4,datum_transformer,oracle_target,emq,append,0.30832419537031747,0.22499086203698412,0.0
2028,P4,datum_transformer,oracle_target,emq,replace,0.3357142857142857,0.12142857142857143,0.0
2028,P4,datum_transformer,oracle_target,hdy,append,0.7249849011759976,0.7249849011759976,0.0
2028,P4,datum_transformer,oracle_target,hdy,replace,0.6214243136707238,0.6214226105675849,0.0
2028,P4,datum_transformer,oracle_target,pcc,append,0.30832419537031747,0.22499086203698412,0.0
2028,P4,datum_transformer,oracle_target,pcc,replace,0.3357142857142857,0.12142857142857143,0.0
2028,P4,datum_transformer,source_only,acc,append,0.7249908620369842,0.7249908620369842,
2028,P4,datum_transformer,source_only,acc,replace,0.6214285714285714,0.6214285714285714,
2028,P4,datum_transformer,source_only,cc,append,0.7249908620369842,0.7249908620369842,
2028,P4,datum_transformer,source_only,cc,replace,0.6214285714285714,0.6214285714285714,
2028,P4,datum_transformer,source_only,dys,append,0.7249849011759976,0.7249849011759976,
2028,P4,datum_transformer,source_only,dys,replace,0.6214243136707238,0.6214226105675849,
2028,P4,datum_transformer,source_only,emq,append,0.7249908620137436,0.7249908620137436,
2028,P4,datum_transformer,source_only,emq,replace,0.6214285714119485,0.6214285714053528,
2028,P4,datum_transformer,source_only,hdy,append,0.7249849011759976,0.7249849011759976,
2028,P4,datum_transformer,source_only,hdy,replace,0.6214243136707238,0.6214226105675849,
2028,P4,datum_transformer,source_only,kdey,append,0.7249849011759976,0.7249849011759976,
2028,P4,datum_transformer,source_only,kdey,replace,0.6214243136707238,0.6214226105675849,
2028,P4,datum_transformer,source_only,median_sweep,append,0.7249908620369842,0.7249908620369842,
2028,P4,datum_transformer,source_only,median_sweep,replace,0.6214285714285714,0.6214285714285714,
2028,P4,datum_transformer,source_only,pacc,append,0.7249908620369842,0.7249908620369842,
2028,P4,datum_transformer,source_only,pacc,replace,0.6214285714285714,0.6214285714285714,
2028,P4,datum_transformer,source_only,pcc,append,0.6802306729180398,0.6802306729180398,
2028,P4,datum_transformer,source_only,pcc,replace,0.5894518196980305,0.5766734136573622,
2028,P4,datum_transformer,target_real_anchor,acc,append,0.2834763129418426,0.08846779021456992,0.0004885031894377477
2028,P4,datum_transformer,target_real_anchor,acc,replace,0.3451287277537277,-0.023512181337181314,0.00046190688113248424
2028,P4,datum_transformer,target_real_anchor,cc,append,0.24804821671671617,-0.23301392105353164,0.0006433269050091353
2028,P4,datum_transformer,target_real_anchor,cc,replace,0.35039,-0.33754428571428574,0.0005071735859452723
2028,P4,datum_transformer,target_real_anchor,dys,append,0.7249849011759976,0.7249849011759976,0.0004885031894377477
2028,P4,datum_transformer,target_real_anchor,dys,replace,0.6214243136707238,0.6214226105675849,0.00046190688113248424
2028,P4,datum_transformer,target_real_anchor,emq,append,0.7249908620137436,0.7249908620137436,0.0004885031894377477
2028,P4,datum_transformer,target_real_anchor,emq,replace,0.6214285714119485,0.6214285714053528,0.00046190688113248424
2028,P4,datum_transformer,target_real_anchor,hdy,append,0.7249849011759976,0.7249849011759976,0.0004885031894377477
2028,P4,datum_transformer,target_real_anchor,hdy,replace,0.6214243136707238,0.6214226105675849,0.00046190688113248424
2028,P4,datum_transformer,target_real_anchor,kdey,append,0.7249849011759976,0.7249849011759976,0.0004885031894377477
2028,P4,datum_transformer,target_real_anchor,kdey,replace,0.6214243136707238,0.6214226105675849,0.00046190688113248424
2028,P4,datum_transformer,target_real_anchor,median_sweep,append,0.7249908620369842,0.7249908620369842,0.0004885031894377477
2028,P4,datum_transformer,target_real_anchor,median_sweep,replace,0.6214285714285714,0.6214285714285714,0.00046190688113248424
2028,P4,datum_transformer,target_real_anchor,pacc,append,0.7249908620369842,0.7249908620369842,0.0004885031894377477
2028,P4,datum_transformer,target_real_anchor,pacc,replace,0.6214285714285714,0.6214285714285714,0.00046190688113248424
2028,P4,datum_transformer,target_real_anchor,pcc,append,0.6802306729180398,0.6802306729180398,0.0004885031894377477
2028,P4,datum_transformer,target_real_anchor,pcc,replace,0.5894518196980305,0.5766734136573622,0.00046190688113248424
2028,P4,flat_transformer,oracle_target,acc,append,0.016658913487813183,-0.012297348573271373,0.0008875043267566467
2028,P4,flat_transformer,oracle_target,acc,replace,0.0231240613739393,-0.017871791235615483,0.002072562358276591
2028,P4,flat_transformer,oracle_target,cc,append,0.13676052816038645,-0.11518022654617945,0.0009608366711170267
2028,P4,flat_transformer,oracle_target,cc,replace,0.1959842857142857,-0.17733285714285715,0.0020931612520397025
2028,P4,flat_transformer,oracle_target,dys,append,0.014272897291628051,-0.00688849748503848,0.0010225485832962267
2028,P4,flat_transformer,oracle_target,dys,replace,0.016122300885131835,-0.007216061874559421,0.002110920380613254
2028,P4,flat_transformer,oracle_target,emq,append,0.09928242409686655,-0.053395716197676524,0.0011539830885624969
2028,P4,flat_transformer,oracle_target,emq,replace,0.08816755696894116,-0.04966706882766575,0.0018236378663614515
2028,P4,flat_transformer,oracle_target,hdy,append,0.014213054914367697,-0.006650002603969569,0.0010225485832962267
2028,P4,flat_transformer,oracle_target,hdy,replace,0.015126481924317375,-0.005811097533873309,0.002110920380613254
2028,P4,flat_transformer,oracle_target,kdey,append,0.0878497339701128,0.0878497339701128,0.0005085793403550384
2028,P4,flat_transformer,oracle_target,kdey,replace,0.07662581311227722,0.07308857342535696,0.0019497743022442214
2028,P4,flat_transformer,oracle_target,median_sweep,append,0.015717675502340725,-0.01199207603819066,0.0010225485832962267
2028,P4,flat_transformer,oracle_target,median_sweep,replace,0.016696239925730747,-0.011914900973340881,0.002110920380613254
2028,P4,flat_transformer,oracle_target,pacc,append,0.02676989719602926,-0.024372529054871524,0.0009146516342777867
2028,P4,flat_transformer,oracle_target,pacc,replace,0.025740794088628307,-0.022757558159036538,0.002110920380613254
2028,P4,flat_transformer,oracle_target,pcc,append,0.2746215883829619,0.1984740925336888,0.0004584878603570185
2028,P4,flat_transformer,oracle_target,pcc,replace,0.29987705200293785,0.10581978424062066,0.001906838747960204
2028,P4,flat_transformer,source_only,acc,append,0.7249908620369842,0.7249908620369842,0.14271304949809618
2028,P4,flat_transformer,source_only,acc,replace,0.6214285714285714,0.6214285714285714,0.145973891114078
2028,P4,flat_transformer,source_only,cc,append,0.7029812576569064,0.7029812576569064,0.14271304949809618
2028,P4,flat_transformer,source_only,cc,replace,0.6024142857142857,0.6022685714285715,0.145973891114078
2028,P4,flat_transformer,source_only,dys,append,0.7249849011759976,0.7249849011759976,0.14271304949809618
2028,P4,flat_transformer,source_only,dys,replace,0.6214243136707238,0.6214226105675849,0.145973891114078
2028,P4,flat_transformer,source_only,emq,append,0.7249908615089466,0.7249908615089466,0.14271304949809618
2028,P4,flat_transformer,source_only,emq,replace,0.6214285709941826,0.6214285709658356,0.145973891114078
2028,P4,flat_transformer,source_only,hdy,append,0.7249849011759976,0.7249849011759976,0.14271304949809618
2028,P4,flat_transformer,source_only,hdy,replace,0.6214243136707238,0.6214226105675849,0.145973891114078
2028,P4,flat_transformer,source_only,kdey,append,0.7249849011759976,0.7249849011759976,0.14271304949809618
2028,P4,flat_transformer,source_only,kdey,replace,0.6214243136707238,0.6214226105675849,0.145973891114078
2028,P4,flat_transformer,source_only,median_sweep,append,0.7249908620369842,0.7249908620369842,0.14271304949809618
2028,P4,flat_transformer,source_only,median_sweep,replace,0.6214285714285714,0.6214285714285714,0.145973891114078
2028,P4,flat_transformer,source_only,pacc,append,0.7249908620369842,0.7249908620369842,0.14271304949809618
2028,P4,flat_transformer,source_only,pacc,replace,0.6214285714285714,0.6214285714285714,0.145973891114078
2028,P4,flat_transformer,source_only,pcc,append,0.6392872481019306,0.6392872481019306,0.14271304949809618
2028,P4,flat_transformer,source_only,pcc,replace,0.5580801065820554,0.537567153812078,0.145973891114078
2028,P4,flat_transformer,target_real_anchor,acc,append,0.06412924719898938,0.06200451668489321,0.0004574494387578433
2028,P4,flat_transformer,target_real_anchor,acc,replace,0.06395150347165268,0.04555469629872615,0.001532328819378194
2028,P4,flat_transformer,target_real_anchor,cc,append,0.12857793875173,-0.10180164917405429,0.0007739207832665634
2028,P4,flat_transformer,target_real_anchor,cc,replace,0.18442999999999996,-0.16127,0.0014647678385995785
2028,P4,flat_transformer,target_real_anchor,dys,append,0.7249849011759976,0.7249849011759976,0.0004607624981456667
2028,P4,flat_transformer,target_real_anchor,dys,replace,0.6214243136707238,0.6214226105675849,0.001535168584567757
2028,P4,flat_transformer,target_real_anchor,emq,append,0.7249908615089466,0.7249908615089466,0.0004607624981456667
2028,P4,flat_transformer,target_real_anchor,emq,replace,0.6214285709941826,0.6214285709658356,0.001535168584567757
2028,P4,flat_transformer,target_real_anchor,hdy,append,0.7249849011759976,0.7249849011759976,0.0004607624981456667
2028,P4,flat_transformer,target_real_anchor,hdy,replace,0.6214243136707238,0.6214226105675849,0.001535168584567757
2028,P4,flat_transformer,target_real_anchor,kdey,append,0.7249849011759976,0.7249849011759976,0.0004607624981456667
2028,P4,flat_transformer,target_real_anchor,kdey,replace,0.6214243136707238,0.6214226105675849,0.001535168584567757
2028,P4,flat_transformer,target_real_anchor,median_sweep,append,0.7249908620369842,0.7249908620369842,0.0004607624981456667
2028,P4,flat_transformer,target_real_anchor,median_sweep,replace,0.6214285714285714,0.6214285714285714,0.001535168584567757
2028,P4,flat_transformer,target_real_anchor,pacc,append,0.7249908620369842,0.7249908620369842,0.0004607624981456667
2028,P4,flat_transformer,target_real_anchor,pacc,replace,0.6214285714285714,0.6214285714285714,0.001535168584567757
2028,P4,flat_transformer,target_real_anchor,pcc,append,0.6392872481019306,0.6392872481019306,0.0004607624981456667
2028,P4,flat_transformer,target_real_anchor,pcc,replace,0.5580801065820554,0.537567153812078,0.001535168584567757
2029,P1,c2st_lr,oracle_target,acc,append,0.030945726640348923,-0.005860555706194394,0.00038555775416386896
2029,P1,c2st_lr,oracle_target,acc,replace,0.04209040377441296,-0.007412980030721951,0.00043526117097922193
2029,P1,c2st_lr,oracle_target,cc,append,0.2063647812716749,-0.18929032416499558,0.0006364980148601089
2029,P1,c2st_lr,oracle_target,cc,replace,0.29283857142857145,-0.2779442857142857,0.0005447517119858248
2029,P1,c2st_lr,oracle_target,dys,append,0.026406076366532125,-0.006150769036147807,0.0005667223611432655
2029,P1,c2st_lr,oracle_target,dys,replace,0.02970917109722605,-0.008204970156789747,0.0004392895091809048
2029,P1,c2st_lr,oracle_target,emq,append,0.021143059114549844,-0.004255702932736146,0.0005461768073649689
2029,P1,c2st_lr,oracle_target,emq,replace,0.024049786243429072,-0.0050354995103545006,0.0004310013190877905
2029,P1,c2st_lr,oracle_target,hdy,append,0.02199713658868401,-0.008093646902919083,0.0005667223611432655
2029,P1,c2st_lr,oracle_target,hdy,replace,0.025464017816896067,-0.010208476821849648,0.0004310013190877905
2029,P1,c2st_lr,oracle_target,kdey,append,0.023081832275616956,-0.009423406420925437,0.0005461768073649689
2029,P1,c2st_lr,oracle_target,kdey,replace,0.02606554295261088,-0.00952385624952719,0.0004310013190877905
2029,P1,c2st_lr,oracle_target,median_sweep,append,0.023672086981414164,-0.0011889762594548055,0.0005667223611432655
2029,P1,c2st_lr,oracle_target,median_sweep,replace,0.027355098121936063,-0.002885978609142464,0.0004310013190877905
2029,P1,c2st_lr,oracle_target,pacc,append,0.02203397177948111,-0.008196796708293097,0.0005667223611432655
2029,P1,c2st_lr,oracle_target,pacc,replace,0.026092317835805866,-0.010050520843174898,0.0004310013190877905
2029,P1,c2st_lr,oracle_target,pcc,append,0.2696164190818911,0.1958760127802227,0.00028983456057453454
2029,P1,c2st_lr,oracle_target,pcc,replace,0.29342138949044944,0.10513662920233278,0.0002804402495192664
2029,P1,c2st_lr,source_only,acc,append,0.030945726640348923,-0.005860555706194394,0.00038555775416386896
2029,P1,c2st_lr,source_only,acc,replace,0.04209040377441296,-0.007412980030721951,0.00043526117097922193
2029,P1,c2st_lr,source_only,cc,append,0.2063647812716749,-0.18929032416499558,0.0006364980148601089
2029,P1,c2st_lr,source_only,cc,replace,0.29283857142857145,-0.2779442857142857,0.0005447517119858248
2029,P1,c2st_lr,source_only,dys,append,0.026406076366532125,-0.006150769036147807,0.0005667223611432655
2029,P1,c2st_lr,source_only,dys,replace,0.02970917109722605,-0.008204970156789747,0.0004392895091809048
2029,P1,c2st_lr,source_only,emq,append,0.021143059114549844,-0.004255702932736146,0.0005461768073649689
2029,P1,c2st_lr,source_only,emq,replace,0.024049786243429072,-0.0050354995103545006,0.0004310013190877905
2029,P1,c2st_lr,source_only,hdy,append,0.02199713658868401,-0.008093646902919083,0.0005667223611432655
2029,P1,c2st_lr,source_only,hdy,replace,0.025464017816896067,-0.010208476821849648,0.0004310013190877905
2029,P1,c2st_lr,source_only,kdey,append,0.023081832275616956,-0.009423406420925437,0.0005461768073649689
2029,P1,c2st_lr,source_only,kdey,replace,0.02606554295261088,-0.00952385624952719,0.0004310013190877905
2029,P1,c2st_lr,source_only,median_sweep,append,0.023672086981414164,-0.0011889762594548055,0.0005667223611432655
2029,P1,c2st_lr,source_only,median_sweep,replace,0.027355098121936063,-0.002885978609142464,0.0004310013190877905
2029,P1,c2st_lr,source_only,pacc,append,0.02203397177948111,-0.008196796708293097,0.0005667223611432655
2029,P1,c2st_lr,source_only,pacc,replace,0.026092317835805866,-0.010050520843174898,0.0004310013190877905
2029,P1,c2st_lr,source_only,pcc,append,0.2696164190818911,0.1958760127802227,0.00028983456057453454
2029,P1,c2st_lr,source_only,pcc,replace,0.29342138949044944,0.10513662920233278,0.0002804402495192664
2029,P1,c2st_lr,target_real_anchor,acc,append,0.03223099632915802,-0.0046526955120117005,0.0005385960202127431
2029,P1,c2st_lr,target_real_anchor,acc,replace,0.042133690103000415,-0.005703551276309922,0.00044944524303799617
2029,P1,c2st_lr,target_real_anchor,cc,append,0.20668250316551168,-0.1899526551123303,0.000649264708662733
2029,P1,c2st_lr,target_real_anchor,cc,replace,0.2932285714285714,-0.2786342857142857,0.0005454616873010448
2029,P1,c2st_lr,target_real_anchor,dys,append,0.026406076366532125,-0.006150769036147807,0.0005591415739910397
2029,P1,c2st_lr,target_real_anchor,dys,replace,0.02970917109722605,-0.008204970156789747,0.000450788022438559
2029,P1,c2st_lr,target_real_anchor,emq,append,0.021143059114549844,-0.004255702932736146,0.0005385960202127431
2029,P1,c2st_lr,target_real_anchor,emq,replace,0.024049786243429072,-0.0050354995103545006,0.00044518539114656475
2029,P1,c2st_lr,target_real_anchor,hdy,append,0.02199713658868401,-0.008093646902919083,0.0005591415739910397
2029,P1,c2st_lr,target_real_anchor,hdy,replace,0.025464017816896067,-0.010208476821849648,0.00044518539114656475
2029,P1,c2st_lr,target_real_anchor,kdey,append,0.023081832275616956,-0.009423406420925437,0.0005385960202127431
2029,P1,c2st_lr,target_real_anchor,kdey,replace,0.02606554295261088,-0.00952385624952719,0.00044518539114656475
2029,P1,c2st_lr,target_real_anchor,median_sweep,append,0.023672086981414164,-0.0011889762594548055,0.0005591415739910397
2029,P1,c2st_lr,target_real_anchor,median_sweep,replace,0.027355098121936063,-0.002885978609142464,0.00044518539114656475
2029,P1,c2st_lr,target_real_anchor,pacc,append,0.02203397177948111,-0.008196796708293097,0.0005591415739910397
2029,P1,c2st_lr,target_real_anchor,pacc,replace,0.026092317835805866,-0.010050520843174898,0.00044518539114656475
2029,P1,c2st_lr,target_real_anchor,pcc,append,0.2696164190818911,0.1958760127802227,0.0002617982527455782
2029,P1,c2st_lr,target_real_anchor,pcc,replace,0.29342138949044944,0.10513662920233278,0.00029405325447665525
2029,P1,c2st_xgb,oracle_target,acc,append,0.0067810093370757555,0.0019141161246183547,0.00072968227498519
2029,P1,c2st_xgb,oracle_target,acc,replace,0.007829105919765128,0.0012400436236138278,0.004912813102007903
2029,P1,c2st_xgb,oracle_target,cc,append,0.05719545440170123,-0.02196922926921648,0.0006797139036137767
2029,P1,c2st_xgb,oracle_target,cc,replace,0.0785185714285714,-0.04832714285714286,0.004733374558204332
2029,P1,c2st_xgb,oracle_target,dys,append,0.005914344443258569,0.001344249652546694,0.0007747528456311968
2029,P1,c2st_xgb,oracle_target,dys,replace,0.007031446716091016,0.000791479140809578,0.0048529745303300745
2029,P1,c2st_xgb,oracle_target,emq,append,0.006007390700559655,-8.584870891460696e-05,0.0007675321908852667
2029,P1,c2st_xgb,oracle_target,emq,replace,0.005946805074782937,0.00017485542721858518,0.004912813102007903
2029,P1,c2st_xgb,oracle_target,hdy,append,0.005217673908330024,0.0011802057702682339,0.00078463848018359
2029,P1,c2st_xgb,oracle_target,hdy,replace,0.00541497756578619,0.0011669970579476637,0.004896915828644951
2029,P1,c2st_xgb,oracle_target,kdey,append,0.0049734555711696375,0.0020360354661165814,0.00078463848018359
2029,P1,c2st_xgb,oracle_target,kdey,replace,0.00557961602216767,0.0018507964712071673,0.004896915828644951
2029,P1,c2st_xgb,oracle_target,median_sweep,append,0.006396749381274521,0.001449102920769564,0.0007675321908852667
2029,P1,c2st_xgb,oracle_target,median_sweep,replace,0.0068286035883580514,0.0011363353697196041,0.004912813102007903
2029,P1,c2st_xgb,oracle_target,pacc,append,0.0066566707525759295,0.0009851961825222155,0.0007675321908852667
2029,P1,c2st_xgb,oracle_target,pacc,replace,0.006939466680039795,0.0006882074641649466,0.00492963643012986
2029,P1,c2st_xgb,oracle_target,pcc,append,0.11315419341635981,0.08348050327108575,0.0006821087841155301
2029,P1,c2st_xgb,oracle_target,pcc,replace,0.12269874192395219,0.04608438223808842,0.004713279169933872
2029,P1,c2st_xgb,source_only,acc,append,0.0067810093370757555,0.0019141161246183547,0.00072968227498519
2029,P1,c2st_xgb,source_only,acc,replace,0.007829105919765128,0.0012400436236138278,0.004912813102007903
2029,P1,c2st_xgb,source_only,cc,append,0.05719545440170123,-0.02196922926921648,0.0006797139036137767
2029,P1,c2st_xgb,source_only,cc,replace,0.0785185714285714,-0.04832714285714286,0.004733374558204332
2029,P1,c2st_xgb,source_only,dys,append,0.005914344443258569,0.001344249652546694,0.0007747528456311968
2029,P1,c2st_xgb,source_only,dys,replace,0.007031446716091016,0.000791479140809578,0.0048529745303300745
2029,P1,c2st_xgb,source_only,emq,append,0.006007390700559655,-8.584870891460696e-05,0.0007675321908852667
2029,P1,c2st_xgb,source_only,emq,replace,0.005946805074782937,0.00017485542721858518,0.004912813102007903
2029,P1,c2st_xgb,source_only,hdy,append,0.005217673908330024,0.0011802057702682339,0.00078463848018359
2029,P1,c2st_xgb,source_only,hdy,replace,0.00541497756578619,0.0011669970579476637,0.004896915828644951
2029,P1,c2st_xgb,source_only,kdey,append,0.0049734555711696375,0.0020360354661165814,0.00078463848018359
2029,P1,c2st_xgb,source_only,kdey,replace,0.00557961602216767,0.0018507964712071673,0.004896915828644951
2029,P1,c2st_xgb,source_only,median_sweep,append,0.006396749381274521,0.001449102920769564,0.0007675321908852667
2029,P1,c2st_xgb,source_only,median_sweep,replace,0.0068286035883580514,0.0011363353697196041,0.004912813102007903
2029,P1,c2st_xgb,source_only,pacc,append,0.0066566707525759295,0.0009851961825222155,0.0007675321908852667
2029,P1,c2st_xgb,source_only,pacc,replace,0.006939466680039795,0.0006882074641649466,0.00492963643012986
2029,P1,c2st_xgb,source_only,pcc,append,0.11315419341635981,0.08348050327108575,0.0006821087841155301
2029,P1,c2st_xgb,source_only,pcc,replace,0.12269874192395219,0.04608438223808842,0.004713279169933872
2029,P1,c2st_xgb,target_real_anchor,acc,append,0.0078271769292679,0.0026263215994111674,0.0007194004947858966
2029,P1,c2st_xgb,target_real_anchor,acc,replace,0.00814798686464874,0.0021298625275352904,0.004736770092320683
2029,P1,c2st_xgb,target_real_anchor,cc,append,0.055944354528437344,-0.01478475087291297,0.0007069399135285766
2029,P1,c2st_xgb,target_real_anchor,cc,replace,0.07600142857142854,-0.04050142857142857,0.004545833035259439
2029,P1,c2st_xgb,target_real_anchor,dys,append,0.005914344443258569,0.001344249652546694,0.00072712533490061
2029,P1,c2st_xgb,target_real_anchor,dys,replace,0.007031446716091016,0.000791479140809578,0.004683290429988031
2029,P1,c2st_xgb,target_real_anchor,emq,append,0.006007390700559655,-8.584870891460696e-05,0.00070684988042702
2029,P1,c2st_xgb,target_real_anchor,emq,replace,0.005946805074782937,0.00017485542721858518,0.004736770092320683
2029,P1,c2st_xgb,target_real_anchor,hdy,append,0.005217673908330024,0.0011802057702682339,0.0007194004947858966
2029,P1,c2st_xgb,target_real_anchor,hdy,replace,0.00541497756578619,0.0011669970579476637,0.004726923043383243
2029,P1,c2st_xgb,target_real_anchor,kdey,append,0.0049734555711696375,0.0020360354661165814,0.0007194004947858966
2029,P1,c2st_xgb,target_real_anchor,kdey,replace,0.00557961602216767,0.0018507964712071673,0.004726923043383243
2029,P1,c2st_xgb,target_real_anchor,median_sweep,append,0.006396749381274521,0.001449102920769564,0.00070684988042702
2029,P1,c2st_xgb,target_real_anchor,median_sweep,replace,0.0068286035883580514,0.0011363353697196041,0.004736770092320683
2029,P1,c2st_xgb,target_real_anchor,pacc,append,0.0066566707525759295,0.0009851961825222155,0.00070684988042702
2029,P1,c2st_xgb,target_real_anchor,pacc,replace,0.006939466680039795,0.0006882074641649466,0.004753423643736823
2029,P1,c2st_xgb,target_real_anchor,pcc,append,0.11315419341635981,0.08348050327108575,0.0006508853044910166
2029,P1,c2st_xgb,target_real_anchor,pcc,replace,0.12269874192395219,0.04608438223808842,0.004504808809435428
2029,P1,char3gram,oracle_target,acc,append,0.008374578267192297,-0.0011094509419640325,0.000968053914702263
2029,P1,char3gram,oracle_target,acc,replace,0.01063427378881985,-0.002916288198757806,0.002207529334520794
2029,P1,char3gram,oracle_target,cc,append,0.0883962407405671,-0.0602829894410782,0.000968053914702263
2029,P1,char3gram,oracle_target,cc,replace,0.1258871428571428,-0.10161571428571428,0.0021227335870877342
2029,P1,char3gram,oracle_target,dys,append,0.008644836202358801,0.0009586897526435117,0.000958348346353
2029,P1,char3gram,oracle_target,dys,replace,0.009938318993446294,0.0006441151141804859,0.0022215436298737654
2029,P1,char3gram,oracle_target,emq,append,0.010315486534860896,-0.006585078080915627,0.0009103967164567534
2029,P1,char3gram,oracle_target,emq,replace,0.010810210978721342,-0.006375431533452725,0.00219348417067586
2029,P1,char3gram,oracle_target,hdy,append,0.006987752021753479,-0.00031877355004458974,0.0009356239915167
2029,P1,char3gram,oracle_target,hdy,replace,0.007812317313209759,-0.0006654007216932279,0.0022215436298737654
2029,P1,char3gram,oracle_target,kdey,append,0.007665205305437566,-0.002331526302629301,0.0009356239915167
2029,P1,char3gram,oracle_target,kdey,replace,0.00826586857943426,-0.0023958679511184256,0.00219348417067586
2029,P1,char3gram,oracle_target,median_sweep,append,0.008300090178847792,-0.0020869158714132206,0.0009283313102895201
2029,P1,char3gram,oracle_target,median_sweep,replace,0.009142193703811634,-0.002369322765835529,0.002207498466028831
2029,P1,char3gram,oracle_target,pacc,append,0.008376811820028836,-0.0017596908754911804,0.0009283313102895201
2029,P1,char3gram,oracle_target,pacc,replace,0.009167975271748985,-0.0019983469375403013,0.002207498466028831
2029,P1,char3gram,oracle_target,pcc,append,0.15384100670189035,0.11188888846190466,0.0010076144595321764
2029,P1,char3gram,oracle_target,pcc,replace,0.1679027750821306,0.0602757343678521,0.0022379193648622143
2029,P1,char3gram,source_only,acc,append,0.008374578267192297,-0.0011094509419640325,0.000968053914702263
2029,P1,char3gram,source_only,acc,replace,0.01063427378881985,-0.002916288198757806,0.002207529334520794
2029,P1,char3gram,source_only,cc,append,0.0883962407405671,-0.0602829894410782,0.000968053914702263
2029,P1,char3gram,source_only,cc,replace,0.1258871428571428,-0.10161571428571428,0.0021227335870877342
2029,P1,char3gram,source_only,dys,append,0.008644836202358801,0.0009586897526435117,0.000958348346353
2029,P1,char3gram,source_only,dys,replace,0.009938318993446294,0.0006441151141804859,0.0022215436298737654
2029,P1,char3gram,source_only,emq,append,0.010315486534860896,-0.006585078080915627,0.0009103967164567534
2029,P1,char3gram,source_only,emq,replace,0.010810210978721342,-0.006375431533452725,0.00219348417067586
2029,P1,char3gram,source_only,hdy,append,0.006987752021753479,-0.00031877355004458974,0.0009356239915167
2029,P1,char3gram,source_only,hdy,replace,0.007812317313209759,-0.0006654007216932279,0.0022215436298737654
2029,P1,char3gram,source_only,kdey,append,0.007665205305437566,-0.002331526302629301,0.0009356239915167
2029,P1,char3gram,source_only,kdey,replace,0.00826586857943426,-0.0023958679511184256,0.00219348417067586
2029,P1,char3gram,source_only,median_sweep,append,0.008300090178847792,-0.0020869158714132206,0.0009283313102895201
2029,P1,char3gram,source_only,median_sweep,replace,0.009142193703811634,-0.002369322765835529,0.002207498466028831
2029,P1,char3gram,source_only,pacc,append,0.008376811820028836,-0.0017596908754911804,0.0009283313102895201
2029,P1,char3gram,source_only,pacc,replace,0.009167975271748985,-0.0019983469375403013,0.002207498466028831
2029,P1,char3gram,source_only,pcc,append,0.15384100670189035,0.11188888846190466,0.0010076144595321764
2029,P1,char3gram,source_only,pcc,replace,0.1679027750821306,0.0602757343678521,0.0022379193648622143
2029,P1,char3gram,target_real_anchor,acc,append,0.009576276248859216,0.0037675127274973143,0.0010522708779109246
2029,P1,char3gram,target_real_anchor,acc,replace,0.010220420363429291,0.0022356331546235257,0.0024278068931966154
2029,P1,char3gram,target_real_anchor,cc,append,0.08024711038571788,-0.025797678311456348,0.0009822611381299978
2029,P1,char3gram,target_real_anchor,cc,replace,0.11029999999999995,-0.06332857142857141,0.0023375474226854103
2029,P1,char3gram,target_real_anchor,dys,append,0.008644836202358801,0.0009586897526435117,0.0009694584310867278
2029,P1,char3gram,target_real_anchor,dys,replace,0.009938318993446294,0.0006441151141804859,0.00237675040748337
2029,P1,char3gram,target_real_anchor,emq,append,0.010315486534860896,-0.006585078080915627,0.0009558454261293245
2029,P1,char3gram,target_real_anchor,emq,replace,0.010810210978721342,-0.006375431533452725,0.0024067700159211753
2029,P1,char3gram,target_real_anchor,hdy,append,0.006987752021753479,-0.00031877355004458974,0.0010257111129477379
2029,P1,char3gram,target_real_anchor,hdy,replace,0.007812317313209759,-0.0006654007216932279,0.00237675040748337
2029,P1,char3gram,target_real_anchor,kdey,append,0.007665205305437566,-0.002331526302629301,0.0010257111129477379
2029,P1,char3gram,target_real_anchor,kdey,replace,0.00826586857943426,-0.0023958679511184256,0.0024067700159211753
2029,P1,char3gram,target_real_anchor,median_sweep,append,0.008300090178847792,-0.0020869158714132206,0.0009825132308143945
2029,P1,char3gram,target_real_anchor,median_sweep,replace,0.009142193703811634,-0.002369322765835529,0.0024011673846291866
2029,P1,char3gram,target_real_anchor,pacc,append,0.008376811820028836,-0.0017596908754911804,0.0009825132308143945
2029,P1,char3gram,target_real_anchor,pacc,replace,0.009167975271748985,-0.0019983469375403013,0.0024011673846291866
2029,P1,char3gram,target_real_anchor,pcc,append,0.15384100670189035,0.11188888846190466,0.0010596896054803167
2029,P1,char3gram,target_real_anchor,pcc,replace,0.1679027750821306,0.0602757343678521,0.0023511141249048747
2029,P1,column_positional_ablation,oracle_target,acc,append,0.008534291078835143,0.003929119787903652,0.0012214790890018204
2029,P1,column_positional_ablation,oracle_target,acc,replace,0.010270050727088234,0.0030702826223489303,0.004542915962768552
2029,P1,column_positional_ablation,oracle_target,cc,append,0.08325849128548975,-0.0521644890590563,0.001183665186342377
2029,P1,column_positional_ablation,oracle_target,cc,replace,0.11724857142857138,-0.09043142857142857,0.0044987894535018745
2029,P1,column_positional_ablation,oracle_target,dys,append,0.007105482604643515,0.0019093454094662773,0.0011464274955329803
2029,P1,column_positional_ablation,oracle_target,dys,replace,0.00920384663490777,0.0014973088759773568,0.004685188842243983
2029,P1,column_positional_ablation,oracle_target,emq,append,0.007050599241341395,-0.0011972938835356555,0.0012214790890018204
2029,P1,column_positional_ablation,oracle_target,emq,replace,0.009022223941274396,-0.0013090080092078324,0.004753577986196649
2029,P1,column_positional_ablation,oracle_target,hdy,append,0.006381429785977524,0.0006789493353213839,0.0011762284521526871
2029,P1,column_positional_ablation,oracle_target,hdy,replace,0.008792763372959882,-0.00012340012305241154,0.004653101044844397
2029,P1,column_positional_ablation,oracle_target,kdey,append,0.08634798754140326,-0.08634600058774108,0.0012074339251568836
2029,P1,column_positional_ablation,oracle_target,kdey,replace,0.11307844350581621,-0.11307674040267719,0.004717600758809231
2029,P1,column_positional_ablation,oracle_target,median_sweep,append,0.006936511813612616,0.0014664509402654631,0.0011464274955329803
2029,P1,column_positional_ablation,oracle_target,median_sweep,replace,0.009125722801923825,0.0010158801634241284,0.004653101044844397
2029,P1,column_positional_ablation,oracle_target,pacc,append,0.00674608911092649,0.0011735601615265186,0.0011464274955329803
2029,P1,column_positional_ablation,oracle_target,pacc,replace,0.008908609888413008,0.0006974661407112135,0.004653101044844397
2029,P1,column_positional_ablation,oracle_target,pcc,append,0.16871229669974575,0.12335757104401997,0.0011190394260353566
2029,P1,column_positional_ablation,oracle_target,pcc,replace,0.18386137408539618,0.06729939628259454,0.004370391961165566
2029,P1,column_positional_ablation,source_only,acc,append,0.008534291078835143,0.003929119787903652,0.0012214790890018204
2029,P1,column_positional_ablation,source_only,acc,replace,0.010270050727088234,0.0030702826223489303,0.004542915962768552
2029,P1,column_positional_ablation,source_only,cc,append,0.08325849128548975,-0.0521644890590563,0.001183665186342377
2029,P1,column_positional_ablation,source_only,cc,replace,0.11724857142857138,-0.09043142857142857,0.0044987894535018745
2029,P1,column_positional_ablation,source_only,dys,append,0.007105482604643515,0.0019093454094662773,0.0011464274955329803
2029,P1,column_positional_ablation,source_only,dys,replace,0.00920384663490777,0.0014973088759773568,0.004685188842243983
2029,P1,column_positional_ablation,source_only,emq,append,0.007050599241341395,-0.0011972938835356555,0.0012214790890018204
2029,P1,column_positional_ablation,source_only,emq,replace,0.009022223941274396,-0.0013090080092078324,0.004753577986196649
2029,P1,column_positional_ablation,source_only,hdy,append,0.006381429785977524,0.0006789493353213839,0.0011762284521526871
2029,P1,column_positional_ablation,source_only,hdy,replace,0.008792763372959882,-0.00012340012305241154,0.004653101044844397
2029,P1,column_positional_ablation,source_only,kdey,append,0.08634798754140326,-0.08634600058774108,0.0012074339251568836
2029,P1,column_positional_ablation,source_only,kdey,replace,0.11307844350581621,-0.11307674040267719,0.004717600758809231
2029,P1,column_positional_ablation,source_only,median_sweep,append,0.006936511813612616,0.0014664509402654631,0.0011464274955329803
2029,P1,column_positional_ablation,source_only,median_sweep,replace,0.009125722801923825,0.0010158801634241284,0.004653101044844397
2029,P1,column_positional_ablation,source_only,pacc,append,0.00674608911092649,0.0011735601615265186,0.0011464274955329803
2029,P1,column_positional_ablation,source_only,pacc,replace,0.008908609888413008,0.0006974661407112135,0.004653101044844397
2029,P1,column_positional_ablation,source_only,pcc,append,0.16871229669974575,0.12335757104401997,0.0011190394260353566
2029,P1,column_positional_ablation,source_only,pcc,replace,0.18386137408539618,0.06729939628259454,0.004370391961165566
2029,P1,column_positional_ablation,target_real_anchor,acc,append,0.009058938490287148,0.0054222102329925725,0.0011543504084711277
2029,P1,column_positional_ablation,target_real_anchor,acc,replace,0.010775515523745017,0.004340817777347934,0.004338936967851292
2029,P1,column_positional_ablation,target_real_anchor,cc,append,0.08358267246098629,-0.050706340842069424,0.0010732665971970778
2029,P1,column_positional_ablation,target_real_anchor,cc,replace,0.11753428571428567,-0.0891542857142857,0.004298190558454987
2029,P1,column_positional_ablation,target_real_anchor,dys,append,0.007105482604643515,0.0019093454094662773,0.0010537114075360545
2029,P1,column_positional_ablation,target_real_anchor,dys,replace,0.00920384663490777,0.0014973088759773568,0.004495116102957815
2029,P1,column_positional_ablation,target_real_anchor,emq,append,0.007050599241341395,-0.0011972938835356555,0.0011543504084711277
2029,P1,column_positional_ablation,target_real_anchor,emq,replace,0.009022223941274396,-0.0013090080092078324,0.004572163858907189
2029,P1,column_positional_ablation,target_real_anchor,hdy,append,0.006381429785977524,0.0006789493353213839,0.001083512364155761
2029,P1,column_positional_ablation,target_real_anchor,hdy,replace,0.008792763372959882,-0.00012340012305241154,0.004457086120854597
2029,P1,column_positional_ablation,target_real_anchor,kdey,append,0.08634798754140326,-0.08634600058774108,0.0011403052446261911
2029,P1,column_positional_ablation,target_real_anchor,kdey,replace,0.11307844350581621,-0.11307674040267719,0.004536001420567968
2029,P1,column_positional_ablation,target_real_anchor,median_sweep,append,0.006936511813612616,0.0014664509402654631,0.0010537114075360545
2029,P1,column_positional_ablation,target_real_anchor,median_sweep,replace,0.009125722801923825,0.0010158801634241284,0.004457086120854597
2029,P1,column_positional_ablation,target_real_anchor,pacc,append,0.00674608911092649,0.0011735601615265186,0.0010537114075360545
2029,P1,column_positional_ablation,target_real_anchor,pacc,replace,0.008908609888413008,0.0006974661407112135,0.004457086120854597
2029,P1,column_positional_ablation,target_real_anchor,pcc,append,0.16871229669974575,0.12335757104401997,0.0009911203953245067
2029,P1,column_positional_ablation,target_real_anchor,pcc,replace,0.18386137408539618,0.06729939628259454,0.00416127336233582
2029,P1,datum_transformer,oracle_target,acc,append,0.008228047524331338,0.000807274526931945,0.0014111248141491467
2029,P1,datum_transformer,oracle_target,acc,replace,0.009732031484962373,-9.153712406011568e-05,0.004747682104230977
2029,P1,datum_transformer,oracle_target,cc,append,0.07809458342734457,-0.04971500041776159,0.0015124840798967933
2029,P1,datum_transformer,oracle_target,cc,replace,0.11058142857142852,-0.08616142857142857,0.00477969273040066
2029,P1,datum_transformer,oracle_target,dys,append,0.006723136446924157,0.0018964095043595367,0.0014421682275705333
2029,P1,datum_transformer,oracle_target,dys,replace,0.008950092066740495,0.0014378335715771013,0.004833990407770428
2029,P1,datum_transformer,oracle_target,emq,append,0.007999183952973247,-0.002278171407746955,0.0013715462626989166
2029,P1,datum_transformer,oracle_target,emq,replace,0.010129250575929515,-0.003215000518228168,0.004747682104230977
2029,P1,datum_transformer,oracle_target,hdy,append,0.006143101955128041,0.001957200106809828,0.0014421682275705333
2029,P1,datum_transformer,oracle_target,hdy,replace,0.0083259431598246,0.0010386727608622185,0.004833990407770428
2029,P1,datum_transformer,oracle_target,kdey,append,0.03282447179509913,-0.03281803098565272,0.0013975658290526767
2029,P1,datum_transformer,oracle_target,kdey,replace,0.04154722566013122,-0.04154049738759111,0.004678845367144795
2029,P1,datum_transformer,oracle_target,median_sweep,append,0.007563542316988601,0.0030166425143519607,0.0014111248141491467
2029,P1,datum_transformer,oracle_target,median_sweep,replace,0.008863020291395284,0.001904594407987012,0.004808755415587486
2029,P1,datum_transformer,oracle_target,pacc,append,0.008178544544600945,0.0037698186190832234,0.0014111248141491467
2029,P1,datum_transformer,oracle_target,pacc,replace,0.009399725427491427,0.0029639740192980504,0.004808755415587486
2029,P1,datum_transformer,oracle_target,pcc,append,0.1547296642349908,0.11404401068828844,0.0019251237910129768
2029,P1,datum_transformer,oracle_target,pcc,replace,0.16820072879970213,0.06275002596928542,0.005010156891425526
2029,P1,datum_transformer,source_only,acc,append,0.008228047524331338,0.000807274526931945,0.0014111248141491467
2029,P1,datum_transformer,source_only,acc,replace,0.009732031484962373,-9.153712406011568e-05,0.004747682104230977
2029,P1,datum_transformer,source_only,cc,append,0.07809458342734457,-0.04971500041776159,0.0015124840798967933
2029,P1,datum_transformer,source_only,cc,replace,0.11058142857142852,-0.08616142857142857,0.00477969273040066
2029,P1,datum_transformer,source_only,dys,append,0.006723136446924157,0.0018964095043595367,0.0014421682275705333
2029,P1,datum_transformer,source_only,dys,replace,0.008950092066740495,0.0014378335715771013,0.004833990407770428
2029,P1,datum_transformer,source_only,emq,append,0.007999183952973247,-0.002278171407746955,0.0013715462626989166
2029,P1,datum_transformer,source_only,emq,replace,0.010129250575929515,-0.003215000518228168,0.004747682104230977
2029,P1,datum_transformer,source_only,hdy,append,0.006143101955128041,0.001957200106809828,0.0014421682275705333
2029,P1,datum_transformer,source_only,hdy,replace,0.0083259431598246,0.0010386727608622185,0.004833990407770428
2029,P1,datum_transformer,source_only,kdey,append,0.03282447179509913,-0.03281803098565272,0.0013975658290526767
2029,P1,datum_transformer,source_only,kdey,replace,0.04154722566013122,-0.04154049738759111,0.004678845367144795
2029,P1,datum_transformer,source_only,median_sweep,append,0.007563542316988601,0.0030166425143519607,0.0014111248141491467
2029,P1,datum_transformer,source_only,median_sweep,replace,0.008863020291395284,0.001904594407987012,0.004808755415587486
2029,P1,datum_transformer,source_only,pacc,append,0.008178544544600945,0.0037698186190832234,0.0014111248141491467
2029,P1,datum_transformer,source_only,pacc,replace,0.009399725427491427,0.0029639740192980504,0.004808755415587486
2029,P1,datum_transformer,source_only,pcc,append,0.1547296642349908,0.11404401068828844,0.0019251237910129768
2029,P1,datum_transformer,source_only,pcc,replace,0.16820072879970213,0.06275002596928542,0.005010156891425526
2029,P1,datum_transformer,target_real_anchor,acc,append,0.008507144755212966,0.002431665547510752,0.0009402877061780332
2029,P1,datum_transformer,target_real_anchor,acc,replace,0.010670939922480572,0.0007538404392764873,0.0043090408333813345
2029,P1,datum_transformer,target_real_anchor,cc,append,0.07770085853241303,-0.02200780988469119,0.0009801363569329666
2029,P1,datum_transformer,target_real_anchor,cc,replace,0.10569999999999997,-0.058288571428571426,0.004296045198263277
2029,P1,datum_transformer,target_real_anchor,dys,append,0.006723136446924157,0.0018964095043595367,0.00090991053770828
2029,P1,datum_transformer,target_real_anchor,dys,replace,0.008950092066740495,0.0014378335715771013,0.004302697358282137
2029,P1,datum_transformer,target_real_anchor,emq,append,0.007999183952973247,-0.002278171407746955,0.0008942987978960121
2029,P1,datum_transformer,target_real_anchor,emq,replace,0.010129250575929515,-0.003215000518228168,0.004252659532803795
2029,P1,datum_transformer,target_real_anchor,hdy,append,0.006143101955128041,0.001957200106809828,0.00090991053770828
2029,P1,datum_transformer,target_real_anchor,hdy,replace,0.0083259431598246,0.0010386727608622185,0.004302697358282137
2029,P1,datum_transformer,target_real_anchor,kdey,append,0.03282447179509913,-0.03281803098565272,0.0009099465509488922
2029,P1,datum_transformer,target_real_anchor,kdey,replace,0.04154722566013122,-0.04154049738759111,0.004186338577812914
2029,P1,datum_transformer,target_real_anchor,median_sweep,append,0.007563542316988601,0.0030166425143519607,0.0009402877061780332
2029,P1,datum_transformer,target_real_anchor,median_sweep,replace,0.008863020291395284,0.001904594407987012,0.004297079292744163
2029,P1,datum_transformer,target_real_anchor,pacc,append,0.008178544544600945,0.0037698186190832234,0.0009402877061780332
2029,P1,datum_transformer,target_real_anchor,pacc,replace,0.009399725427491427,0.0029639740192980504,0.004297079292744163
2029,P1,datum_transformer,target_real_anchor,pcc,append,0.1547296642349908,0.11404401068828844,0.0009735279272777152
2029,P1,datum_transformer,target_real_anchor,pcc,replace,0.16820072879970213,0.06275002596928542,0.004307296763585213
2029,P1,flat_transformer,oracle_target,acc,append,0.009602948343283723,-0.003646426442114885,0.0007541172587513133
2029,P1,flat_transformer,oracle_target,acc,replace,0.009714704555069778,-0.002586986790767612,0.0027129854562327857
2029,P1,flat_transformer,oracle_target,cc,append,0.07703619116213174,-0.05318756127350188,0.0007789663947846634
2029,P1,flat_transformer,oracle_target,cc,replace,0.10975857142857139,-0.08821,0.0027220762271170373
2029,P1,flat_transformer,oracle_target,dys,append,0.008005554083469327,0.0006610683971586963,0.0007541172587513133
2029,P1,flat_transformer,oracle_target,dys,replace,0.009442005435284158,0.0005739517070860938,0.0027169520574505343
2029,P1,flat_transformer,oracle_target,emq,append,0.013425217272476541,-0.010825257426487501,0.0007695669389807434
2029,P1,flat_transformer,oracle_target,emq,replace,0.012299114014365686,-0.008638760166888143,0.0027129854562327857
2029,P1,flat_transformer,oracle_target,hdy,append,0.0070714201047096265,-0.001887395129850897,0.0007541172587513133
2029,P1,flat_transformer,oracle_target,hdy,replace,0.007433925027573677,-0.0008790762583157969,0.0027220762271170373
2029,P1,flat_transformer,oracle_target,kdey,append,0.012648411546057762,-0.01007503095612936,0.0007695669389807434
2029,P1,flat_transformer,oracle_target,kdey,replace,0.011699812751972755,-0.008129374933163767,0.0027129854562327857
2029,P1,flat_transformer,oracle_target,median_sweep,append,0.009355035290128795,-0.004897976278486078,0.0007695669389807434
2029,P1,flat_transformer,oracle_target,median_sweep,replace,0.009750667282019725,-0.0038632229471098375,0.0027104388056455146
2029,P1,flat_transformer,oracle_target,pacc,append,0.009746010074356241,-0.005254159868964808,0.0007695669389807434
2029,P1,flat_transformer,oracle_target,pacc,replace,0.009824498108797519,-0.0042618041063342054,0.002718109625899289
2029,P1,flat_transformer,oracle_target,pcc,append,0.15337277614484152,0.11064354851475076,0.0006007548735367803
2029,P1,flat_transformer,oracle_target,pcc,replace,0.1677675251655695,0.05944900415245748,0.0025694778370786917
2029,P1,flat_transformer,source_only,acc,append,0.009602948343283723,-0.003646426442114885,0.0007541172587513133
2029,P1,flat_transformer,source_only,acc,replace,0.009714704555069778,-0.002586986790767612,0.0027129854562327857
2029,P1,flat_transformer,source_only,cc,append,0.07703619116213174,-0.05318756127350188,0.0007789663947846634
2029,P1,flat_transformer,source_only,cc,replace,0.10975857142857139,-0.08821,0.0027220762271170373
2029,P1,flat_transformer,source_only,dys,append,0.008005554083469327,0.0006610683971586963,0.0007541172587513133
2029,P1,flat_transformer,source_only,dys,replace,0.009442005435284158,0.0005739517070860938,0.0027169520574505343
2029,P1,flat_transformer,source_only,emq,append,0.013425217272476541,-0.010825257426487501,0.0007695669389807434
2029,P1,flat_transformer,source_only,emq,replace,0.012299114014365686,-0.008638760166888143,0.0027129854562327857
2029,P1,flat_transformer,source_only,hdy,append,0.0070714201047096265,-0.001887395129850897,0.0007541172587513133
2029,P1,flat_transformer,source_only,hdy,replace,0.007433925027573677,-0.0008790762583157969,0.0027220762271170373
2029,P1,flat_transformer,source_only,kdey,append,0.012648411546057762,-0.01007503095612936,0.0007695669389807434
2029,P1,flat_transformer,source_only,kdey,replace,0.011699812751972755,-0.008129374933163767,0.0027129854562327857
2029,P1,flat_transformer,source_only,median_sweep,append,0.009355035290128795,-0.004897976278486078,0.0007695669389807434
2029,P1,flat_transformer,source_only,median_sweep,replace,0.009750667282019725,-0.0038632229471098375,0.0027104388056455146
2029,P1,flat_transformer,source_only,pacc,append,0.009746010074356241,-0.005254159868964808,0.0007695669389807434
2029,P1,flat_transformer,source_only,pacc,replace,0.009824498108797519,-0.0042618041063342054,0.002718109625899289
2029,P1,flat_transformer,source_only,pcc,append,0.15337277614484152,0.11064354851475076,0.0006007548735367803
2029,P1,flat_transformer,source_only,pcc,replace,0.1677675251655695,0.05944900415245748,0.0025694778370786917
2029,P1,flat_transformer,target_real_anchor,acc,append,0.010211930435598171,-0.005064087838230493,0.0007518304179714185
2029,P1,flat_transformer,target_real_anchor,acc,replace,0.01050478434467706,-0.003990787408886203,0.002715207987654421
2029,P1,flat_transformer,target_real_anchor,cc,append,0.07486854037679841,-0.03458618142865289,0.0007405222604142156
2029,P1,flat_transformer,target_real_anchor,cc,replace,0.10434857142857139,-0.06878571428571427,0.002733188884225141
2029,P1,flat_transformer,target_real_anchor,dys,append,0.008005554083469327,0.0006610683971586963,0.0007457081670646518
2029,P1,flat_transformer,target_real_anchor,dys,replace,0.009442005435284158,0.0005739517070860938,0.0027631467556790182
2029,P1,flat_transformer,target_real_anchor,emq,append,0.013425217272476541,-0.010825257426487501,0.0007518304179714185
2029,P1,flat_transformer,target_real_anchor,emq,replace,0.012299114014365686,-0.008638760166888143,0.002715207987654421
2029,P1,flat_transformer,target_real_anchor,hdy,append,0.0070714201047096265,-0.001887395129850897,0.0007457081670646518
2029,P1,flat_transformer,target_real_anchor,hdy,replace,0.007433925027573677,-0.0008790762583157969,0.0027703854170452527
2029,P1,flat_transformer,target_real_anchor,kdey,append,0.012648411546057762,-0.01007503095612936,0.0007518304179714185
2029,P1,flat_transformer,target_real_anchor,kdey,replace,0.011699812751972755,-0.008129374933163767,0.002715207987654421
2029,P1,flat_transformer,target_real_anchor,median_sweep,append,0.009355035290128795,-0.004897976278486078,0.0007518304179714185
2029,P1,flat_transformer,target_real_anchor,median_sweep,replace,0.009750667282019725,-0.0038632229471098375,0.002729608139156975
2029,P1,flat_transformer,target_real_anchor,pacc,append,0.009746010074356241,-0.005254159868964808,0.0007518304179714185
2029,P1,flat_transformer,target_real_anchor,pacc,replace,0.009824498108797519,-0.0042618041063342054,0.0027224466490206553
2029,P1,flat_transformer,target_real_anchor,pcc,append,0.15337277614484152,0.11064354851475076,0.0006202920565774756
2029,P1,flat_transformer,target_real_anchor,pcc,replace,0.1677675251655695,0.05944900415245748,0.0027024593004721068
2029,P2,c2st_lr,oracle_target,acc,append,0.10243556879723344,0.050819263495597705,0.0005379657885018085
2029,P2,c2st_lr,oracle_target,acc,replace,0.12206972222222219,0.04283824603174607,0.0005309226275846686
2029,P2,c2st_lr,oracle_target,cc,append,0.23185280518783452,-0.213548180306543,0.00022452454869557705
2029,P2,c2st_lr,oracle_target,cc,replace,0.32835571428571425,-0.31267571428571433,0.0004042229023065286
2029,P2,c2st_lr,oracle_target,dys,append,0.06439572477363877,0.04128978767749783,0.00037102641157048667
2029,P2,c2st_lr,oracle_target,dys,replace,0.07442330390315059,0.03805386501892524,0.0004954392960687058
2029,P2,c2st_lr,oracle_target,emq,append,0.04950289552393315,0.03393169118072668,0.00037113445129238
2029,P2,c2st_lr,oracle_target,emq,replace,0.05244933667545811,0.03232498517936191,0.00041686354976696856
2029,P2,c2st_lr,oracle_target,hdy,append,0.047291032430784065,0.029144569688271324,0.0003568732080036733
2029,P2,c2st_lr,oracle_target,hdy,replace,0.05272803389990385,0.028030461432257014,0.00041686354976696856
2029,P2,c2st_lr,oracle_target,kdey,append,0.05553248447189715,0.045409684462548276,0.0004064994535891233
2029,P2,c2st_lr,oracle_target,kdey,replace,0.058105298471133104,0.04217234334672919,0.00048406425677890855
2029,P2,c2st_lr,oracle_target,pacc,append,0.048179926466153426,0.03164805754737458,0.0003568732080036733
2029,P2,c2st_lr,oracle_target,pacc,replace,0.053476206616226034,0.028398628444894852,0.00041686354976696856
2029,P2,c2st_lr,oracle_target,pcc,append,0.2936144835560501,0.21466833655806083,0.0007140525285526579
2029,P2,c2st_lr,oracle_target,pcc,replace,0.31971561727942066,0.11655751989975414,0.0007819297700135086
2029,P2,c2st_lr,source_only,acc,append,0.2757588427396398,-0.2724580917874193,0.00041568282994924996
2029,P2,c2st_lr,source_only,acc,replace,0.3785149264867237,-0.3757379416282642,0.0005070767175402228
2029,P2,c2st_lr,source_only,cc,append,0.25448613335610837,-0.23875070758846037,0.00041568282994924996
2029,P2,c2st_lr,source_only,cc,replace,0.3596114285714285,-0.3460685714285714,0.0005070767175402228
2029,P2,c2st_lr,source_only,dys,append,0.2756451392390905,-0.27341068911800076,0.00041568282994924996
2029,P2,c2st_lr,source_only,dys,replace,0.37906215800328796,-0.377148625413763,0.0005070767175402228
2029,P2,c2st_lr,source_only,emq,append,0.27577115217682086,-0.27305345076134024,0.00041568282994924996
2029,P2,c2st_lr,source_only,emq,replace,0.37900481421321314,-0.3766589645364267,0.0005070767175402228
2029,P2,c2st_lr,source_only,hdy,append,0.2753988110101855,-0.2728747491417284,0.00041568282994924996
2029,P2,c2st_lr,source_only,hdy,replace,0.37882733905331367,-0.37663262359684513,0.0005070767175402228
2029,P2,c2st_lr,source_only,kdey,append,0.27531356985827315,-0.2742648771659499,0.00041568282994924996
2029,P2,c2st_lr,source_only,kdey,replace,0.37871983748995547,-0.3778209580393926,0.0005070767175402228
2029,P2,c2st_lr,source_only,median_sweep,append,0.2761787044759245,-0.2727719727653388,0.00041568282994924996
2029,P2,c2st_lr,source_only,median_sweep,replace,0.3794830551542134,-0.37653813201078434,0.0005070767175402228
2029,P2,c2st_lr,source_only,pacc,append,0.2756494145175208,-0.2740064998295834,0.00041568282994924996
2029,P2,c2st_lr,source_only,pacc,replace,0.37885450112193625,-0.37741782039266825,0.0005070767175402228
2029,P2,c2st_lr,source_only,pcc,append,0.2958633717675928,0.14432689162782392,0.00038993336290020747
2029,P2,c2st_lr,source_only,pcc,replace,0.34274469851945827,0.03408137199966148,0.0005766851669256181
2029,P2,c2st_lr,target_real_anchor,acc,append,0.2756583480785035,-0.2728867203164542,0.00047591497489964004
2029,P2,c2st_lr,target_real_anchor,acc,replace,0.37847001791312135,-0.3761389923869234,0.0005391336464478455
2029,P2,c2st_lr,target_real_anchor,cc,append,0.25477888786877867,-0.2392551176883418,0.00047591497489964004
2029,P2,c2st_lr,target_real_anchor,cc,replace,0.35988857142857145,-0.34652285714285713,0.0005391336464478455
2029,P2,c2st_lr,target_real_anchor,dys,append,0.2756451392390905,-0.27341068911800076,0.00047591497489964004
2029,P2,c2st_lr,target_real_anchor,dys,replace,0.37906215800328796,-0.377148625413763,0.0005391336464478455
2029,P2,c2st_lr,target_real_anchor,emq,append,0.27577115217682086,-0.27305345076134024,0.00047591497489964004
2029,P2,c2st_lr,target_real_anchor,emq,replace,0.37900481421321314,-0.3766589645364267,0.0005391336464478455
2029,P2,c2st_lr,target_real_anchor,hdy,append,0.2753988110101855,-0.2728747491417284,0.00047591497489964004
2029,P2,c2st_lr,target_real_anchor,hdy,replace,0.37882733905331367,-0.37663262359684513,0.0005391336464478455
2029,P2,c2st_lr,target_real_anchor,kdey,append,0.27531356985827315,-0.2742648771659499,0.00047591497489964004
2029,P2,c2st_lr,target_real_anchor,kdey,replace,0.37871983748995547,-0.3778209580393926,0.0005391336464478455
2029,P2,c2st_lr,target_real_anchor,median_sweep,append,0.2761787044759245,-0.2727719727653388,0.00047591497489964004
2029,P2,c2st_lr,target_real_anchor,median_sweep,replace,0.3794830551542134,-0.37653813201078434,0.0005391336464478455
2029,P2,c2st_lr,target_real_anchor,pacc,append,0.2756494145175208,-0.2740064998295834,0.00047591497489964004
2029,P2,c2st_lr,target_real_anchor,pacc,replace,0.37885450112193625,-0.37741782039266825,0.0005391336464478455
2029,P2,c2st_lr,target_real_anchor,pcc,append,0.2958633717675928,0.14432689162782392,0.00036290542580884777
2029,P2,c2st_lr,target_real_anchor,pcc,replace,0.34274469851945827,0.03408137199966148,0.0005399516614850184
2029,P2,c2st_xgb,oracle_target,acc,append,0.012170428585884326,0.004154338558142571,0.00017221531668332486
2029,P2,c2st_xgb,oracle_target,acc,replace,0.013887528344671161,0.002927116294136729,0.0016595827336163612
2029,P2,c2st_xgb,oracle_target,cc,append,0.1202891046621338,-0.0972033722712309,0.0002101552656849715
2029,P2,c2st_xgb,oracle_target,cc,replace,0.17086285714285712,-0.15128571428571427,0.0015940489251706326
2029,P2,c2st_xgb,oracle_target,dys,append,0.009408901261712913,0.005365568626740837,0.00022555092605346151
2029,P2,c2st_xgb,oracle_target,dys,replace,0.011133259069686341,0.003778853705051776,0.0015794944312082497
2029,P2,c2st_xgb,oracle_target,emq,append,0.021764437309203803,-0.016445631360960576,0.0002058696900502315
2029,P2,c2st_xgb,oracle_target,emq,replace,0.027430689682875833,-0.02019275833974726,0.0016632406499144385
2029,P2,c2st_xgb,oracle_target,hdy,append,0.008460106269032026,0.0038480472584031785,0.00022555092605346151
2029,P2,c2st_xgb,oracle_target,hdy,replace,0.010661367494623373,0.002362914596168208,0.0015794944312082497
2029,P2,c2st_xgb,oracle_target,kdey,append,0.008841900136523119,-0.0014310623783566657,0.00018761097705181484
2029,P2,c2st_xgb,oracle_target,kdey,replace,0.014047911197964518,-0.005659055177356158,0.0016450282396539783
2029,P2,c2st_xgb,oracle_target,median_sweep,append,0.011615405706432635,0.004152263874059132,0.0002101552656849715
2029,P2,c2st_xgb,oracle_target,median_sweep,replace,0.01285254366291293,0.0030964767425885865,0.0015940489251706326
2029,P2,c2st_xgb,oracle_target,pacc,append,0.012652074299139183,0.0015065673700311525,0.0002058696900502315
2029,P2,c2st_xgb,oracle_target,pacc,replace,0.014372404103444134,0.0006180681277208217,0.0016632406499144385
2029,P2,c2st_xgb,oracle_target,pcc,append,0.22585406301196903,0.16552782077986777,0.00021433280159782706
2029,P2,c2st_xgb,oracle_target,pcc,replace,0.24526507963002192,0.09032186032683104,0.0016785822904220075
2029,P2,c2st_xgb,source_only,acc,append,0.10012813464057871,-0.0993032215010166,0.00020790443814571485
2029,P2,c2st_xgb,source_only,acc,replace,0.13660825057077622,-0.13591801899869532,0.0016563724104518194
2029,P2,c2st_xgb,source_only,cc,append,0.12018410729753476,-0.09652578824340714,0.00020534749806112152
2029,P2,c2st_xgb,source_only,cc,replace,0.1707842857142857,-0.15069571428571427,0.0015871806857080137
2029,P2,c2st_xgb,source_only,dys,append,0.07824135879918391,-0.0781858664441971,0.00020790443814571485
2029,P2,c2st_xgb,source_only,dys,replace,0.10908969049099085,-0.10904000079702852,0.0016563724104518194
2029,P2,c2st_xgb,source_only,emq,append,0.10001597365367833,-0.10001597132752324,0.00020790443814571485
2029,P2,c2st_xgb,source_only,emq,replace,0.14138544451577187,-0.14138544252192467,0.0016563724104518194
2029,P2,c2st_xgb,source_only,hdy,append,0.09871911346752024,-0.09868167841480101,0.00020790443814571485
2029,P2,c2st_xgb,source_only,hdy,replace,0.14057058631574348,-0.14053849912769845,0.0016563724104518194
2029,P2,c2st_xgb,source_only,kdey,append,0.09726521967234807,-0.09726323271868588,0.00020790443814571485
2029,P2,c2st_xgb,source_only,kdey,replace,0.13964517732495454,-0.139640664662815,0.0016563724104518194
2029,P2,c2st_xgb,source_only,median_sweep,append,0.10479707873923666,-0.10429833387802333,0.00020790443814571485
2029,P2,c2st_xgb,source_only,median_sweep,replace,0.1430729556963654,-0.14265031815724505,0.0016563724104518194
2029,P2,c2st_xgb,source_only,pacc,append,0.10657271785745816,-0.10595510243300432,0.00020790443814571485
2029,P2,c2st_xgb,source_only,pacc,replace,0.14494279440082225,-0.14441340975129038,0.0016563724104518194
2029,P2,c2st_xgb,source_only,pcc,append,0.14642899593665706,0.016168856435519612,0.00020046770395601703
2029,P2,c2st_xgb,source_only,pcc,replace,0.18576518022787736,-0.04633531266817295,0.0016743996097604971
2029,P2,c2st_xgb,target_real_anchor,acc,append,0.10236813409365639,-0.10172019707435445,0.00017824753448851562
2029,P2,c2st_xgb,target_real_anchor,acc,replace,0.13919857713959366,-0.13865659949416656,0.0017353957498870743
2029,P2,c2st_xgb,target_real_anchor,cc,append,0.11955896944494285,-0.0916023898040728,0.0001363641356380989
2029,P2,c2st_xgb,target_real_anchor,cc,replace,0.16993999999999998,-0.1460142857142857,0.0017110096412332341
2029,P2,c2st_xgb,target_real_anchor,dys,append,0.07824135879918391,-0.0781858664441971,0.00017824753448851562
2029,P2,c2st_xgb,target_real_anchor,dys,replace,0.10908969049099085,-0.10904000079702852,0.0017353957498870743
2029,P2,c2st_xgb,target_real_anchor,emq,append,0.10001597365367833,-0.10001597132752324,0.00017824753448851562
2029,P2,c2st_xgb,target_real_anchor,emq,replace,0.14138544451577187,-0.14138544252192467,0.0017353957498870743
2029,P2,c2st_xgb,target_real_anchor,hdy,append,0.09871911346752024,-0.09868167841480101,0.00017824753448851562
2029,P2,c2st_xgb,target_real_anchor,hdy,replace,0.14057058631574348,-0.14053849912769845,0.0017353957498870743
2029,P2,c2st_xgb,target_real_anchor,kdey,append,0.09726521967234807,-0.09726323271868588,0.00017824753448851562
2029,P2,c2st_xgb,target_real_anchor,kdey,replace,0.13964517732495454,-0.139640664662815,0.0017353957498870743
2029,P2,c2st_xgb,target_real_anchor,median_sweep,append,0.10479707873923666,-0.10429833387802333,0.00017824753448851562
2029,P2,c2st_xgb,target_real_anchor,median_sweep,replace,0.1430729556963654,-0.14265031815724505,0.0017353957498870743
2029,P2,c2st_xgb,target_real_anchor,pacc,append,0.10657271785745816,-0.10595510243300432,0.00017824753448851562
2029,P2,c2st_xgb,target_real_anchor,pacc,replace,0.14494279440082225,-0.14441340975129038,0.0017353957498870743
2029,P2,c2st_xgb,target_real_anchor,pcc,append,0.14642899593665706,0.016168856435519612,0.00018953768542541335
2029,P2,c2st_xgb,target_real_anchor,pcc,replace,0.18576518022787736,-0.04633531266817295,0.0017418472647081618
2029,P2,char3gram,oracle_target,acc,append,0.018223514073079157,0.007508866526438468,0.00044651016392683663
2029,P2,char3gram,oracle_target,acc,replace,0.019544021910604694,0.004720032427695001,0.001469679771036025
2029,P2,char3gram,oracle_target,cc,append,0.1498707879606685,-0.12902353509863015,0.00044651016392683663
2029,P2,char3gram,oracle_target,cc,replace,0.21341,-0.19570142857142858,0.0014149962375166736
2029,P2,char3gram,oracle_target,dys,append,0.015957667376004323,-0.003621596753497475,0.00044651016392683663
2029,P2,char3gram,oracle_target,dys,replace,0.019924500650850642,-0.0054230988908392334,0.0014149962375166736
2029,P2,char3gram,oracle_target,emq,append,0.028308696182346105,-0.02373066701096889,0.00043808306561987664
2029,P2,char3gram,oracle_target,emq,replace,0.03530529001284346,-0.028283904092543305,0.0014149962375166736
2029,P2,char3gram,oracle_target,hdy,append,0.013103000161507125,-0.0007568326681834854,0.0004009354079120467
2029,P2,char3gram,oracle_target,hdy,replace,0.01670148423950844,-0.0029825259395269274,0.0014149962375166736
2029,P2,char3gram,oracle_target,kdey,append,0.016243846092686295,-0.011931553781555733,0.00044651016392683663
2029,P2,char3gram,oracle_target,kdey,replace,0.020344687314350497,-0.01390963465486546,0.0014149962375166736
2029,P2,char3gram,oracle_target,median_sweep,append,0.01654005296828908,-0.007225449494701007,0.00044651016392683663
2029,P2,char3gram,oracle_target,median_sweep,replace,0.02039819150356362,-0.007244147155569443,0.0014149962375166736
2029,P2,char3gram,oracle_target,pacc,append,0.01703988443908156,-0.004672431555231242,0.00044651016392683663
2029,P2,char3gram,oracle_target,pacc,replace,0.020491014099829237,-0.0052554684232333495,0.0014495689485195993
2029,P2,char3gram,oracle_target,pcc,append,0.2545601535787843,0.18520862000766403,0.0005157816322749033
2029,P2,char3gram,oracle_target,pcc,replace,0.2773360175299462,0.09993503921941295,0.0015737837601944092
2029,P2,char3gram,source_only,acc,append,0.11562786344107863,-0.1147682213330918,0.00043808306561987664
2029,P2,char3gram,source_only,acc,replace,0.15818715279503107,-0.1574338201242236,0.0014148573293028216
2029,P2,char3gram,source_only,cc,append,0.14986520006573406,-0.1289822871847024,0.00044651016392683663
2029,P2,char3gram,source_only,cc,replace,0.21337142857142855,-0.19564285714285717,0.0014149962375166736
2029,P2,char3gram,source_only,dys,append,0.13037374213035674,-0.12931349718045876,0.00043808306561987664
2029,P2,char3gram,source_only,dys,replace,0.17830165700443093,-0.17739619527587486,0.0014148573293028216
2029,P2,char3gram,source_only,emq,append,0.13405876953838608,-0.1340587594927564,0.00043808306561987664
2029,P2,char3gram,source_only,emq,replace,0.17777770101772988,-0.17777769240719013,0.0014148573293028216
2029,P2,char3gram,source_only,hdy,append,0.1292074071168092,-0.12883911839641965,0.00043808306561987664
2029,P2,char3gram,source_only,hdy,replace,0.17446226727312591,-0.17414659122707776,0.0014148573293028216
2029,P2,char3gram,source_only,kdey,append,0.12643129814706358,-0.12642931119340137,0.00043808306561987664
2029,P2,char3gram,source_only,kdey,replace,0.17056195553782844,-0.17056025243468942,0.0014148573293028216
2029,P2,char3gram,source_only,median_sweep,append,0.12429962879978226,-0.12373340660616423,0.00043808306561987664
2029,P2,char3gram,source_only,median_sweep,replace,0.1673949499292451,-0.16688420226843764,0.0014149962375166736
2029,P2,char3gram,source_only,pacc,append,0.12565350639687212,-0.12487975069458698,0.00043808306561987664
2029,P2,char3gram,source_only,pacc,replace,0.17010828087380978,-0.16942576922185013,0.0014149962375166736
2029,P2,char3gram,source_only,pcc,append,0.18433328354904235,0.05087092743236104,0.00052094953230503
2029,P2,char3gram,source_only,pcc,replace,0.22513950141461217,-0.023340438990310883,0.0015782133887916605
2029,P2,char3gram,target_real_anchor,acc,append,0.11098921656124444,-0.10967842669704597,0.00048243337145331184
2029,P2,char3gram,target_real_anchor,acc,replace,0.15197329411206525,-0.1508079280732552,0.0013717957830089525
2029,P2,char3gram,target_real_anchor,cc,append,0.1387779042018657,-0.097606626153833,0.0005344004776795918
2029,P2,char3gram,target_real_anchor,cc,replace,0.1974042857142857,-0.16157000000000002,0.0013708234255120067
2029,P2,char3gram,target_real_anchor,dys,append,0.13037374213035674,-0.12931349718045876,0.00048243337145331184
2029,P2,char3gram,target_real_anchor,dys,replace,0.17830165700443093,-0.17739619527587486,0.0014110450705448608
2029,P2,char3gram,target_real_anchor,emq,append,0.13405876953838608,-0.1340587594927564,0.00048243337145331184
2029,P2,char3gram,target_real_anchor,emq,replace,0.17777770101772988,-0.17777769240719013,0.0014110450705448608
2029,P2,char3gram,target_real_anchor,hdy,append,0.1292074071168092,-0.12883911839641965,0.00048243337145331184
2029,P2,char3gram,target_real_anchor,hdy,replace,0.17446226727312591,-0.17414659122707776,0.0014110450705448608
2029,P2,char3gram,target_real_anchor,kdey,append,0.12643129814706358,-0.12642931119340137,0.00048243337145331184
2029,P2,char3gram,target_real_anchor,kdey,replace,0.17056195553782844,-0.17056025243468942,0.0014110450705448608
2029,P2,char3gram,target_real_anchor,median_sweep,append,0.12429962879978226,-0.12373340660616423,0.00048243337145331184
2029,P2,char3gram,target_real_anchor,median_sweep,replace,0.1673949499292451,-0.16688420226843764,0.0013717957830089525
2029,P2,char3gram,target_real_anchor,pacc,append,0.12565350639687212,-0.12487975069458698,0.00048243337145331184
2029,P2,char3gram,target_real_anchor,pacc,replace,0.17010828087380978,-0.16942576922185013,0.0013717957830089525
2029,P2,char3gram,target_real_anchor,pcc,append,0.18433328354904235,0.05087092743236104,0.00055255115095615
2029,P2,char3gram,target_real_anchor,pcc,replace,0.22513950141461217,-0.023340438990310883,0.0014381784749837915
2029,P2,column_positional_ablation,oracle_target,acc,append,0.011779471561718708,0.004969109662090993,0.00038593589319047667
2029,P2,column_positional_ablation,oracle_target,acc,replace,0.014034354934405661,0.00308770980288751,0.0027494720137376883
2029,P2,column_positional_ablation,oracle_target,cc,append,0.12294098121777852,-0.09848259057244621,0.00038593589319047667
2029,P2,column_positional_ablation,oracle_target,cc,replace,0.1753042857142857,-0.15414714285714284,0.0027494720137376883
2029,P2,column_positional_ablation,oracle_target,dys,append,0.011006465216636951,0.007456338834422507,0.00038593589319047667
2029,P2,column_positional_ablation,oracle_target,dys,replace,0.012096944946726423,0.0058717690215484225,0.0028359192254909823
2029,P2,column_positional_ablation,oracle_target,emq,append,0.010011977429624043,0.003685685165040067,0.00038593589319047667
2029,P2,column_positional_ablation,oracle_target,emq,replace,0.011699587978517896,0.0022055444666227706,0.002839067811671608
2029,P2,column_positional_ablation,oracle_target,hdy,append,0.011143264320499406,0.007751867715702672,0.00038809668762815444
2029,P2,column_positional_ablation,oracle_target,hdy,replace,0.012476409960270322,0.0068381096326322055,0.0028359192254909823
2029,P2,column_positional_ablation,oracle_target,kdey,append,0.14751971545265494,-0.14751772849899272,0.0003327983566437933
2029,P2,column_positional_ablation,oracle_target,kdey,replace,0.1893503310719456,-0.18934862796880658,0.00249079405105508
2029,P2,column_positional_ablation,oracle_target,median_sweep,append,0.011169512059281033,0.007249324712752144,0.00038593589319047667
2029,P2,column_positional_ablation,oracle_target,median_sweep,replace,0.012392054952653051,0.005444663320147602,0.002839067811671608
2029,P2,column_positional_ablation,oracle_target,pacc,append,0.010901059572428743,0.006771889184744829,0.00038593589319047667
2029,P2,column_positional_ablation,oracle_target,pacc,replace,0.012218538834548036,0.005026507290994999,0.002839067811671608
2029,P2,column_positional_ablation,oracle_target,pcc,append,0.217925783942111,0.16023538654092973,0.0006726192952100445
2029,P2,column_positional_ablation,oracle_target,pcc,replace,0.23624360647551843,0.08794627640245016,0.0030053255094053244
2029,P2,column_positional_ablation,source_only,acc,append,0.05737545478204518,-0.054907035226204715,0.00034407050096035515
2029,P2,column_positional_ablation,source_only,acc,replace,0.07819658951175404,-0.07623968018599843,0.002707830418074357
2029,P2,column_positional_ablation,source_only,cc,append,0.1228656527228258,-0.09784851661890202,0.0003818663969994919
2029,P2,column_positional_ablation,source_only,cc,replace,0.17516285714285712,-0.15356,0.0027580380202585227
2029,P2,column_positional_ablation,source_only,dys,append,0.049292038609466585,-0.0481174246334483,0.00034407050096035515
2029,P2,column_positional_ablation,source_only,dys,replace,0.06746588861767538,-0.06647811653373288,0.002707830418074357
2029,P2,column_positional_ablation,source_only,emq,append,0.051542890069611866,-0.051333770581406035,0.00034407050096035515
2029,P2,column_positional_ablation,source_only,emq,replace,0.07075472445650162,-0.07060539326211705,0.002707830418074357
2029,P2,column_positional_ablation,source_only,hdy,append,0.05091243394772948,-0.04984813223545712,0.00034407050096035515
2029,P2,column_positional_ablation,source_only,hdy,replace,0.06969429902017582,-0.06882422233380503,0.002707830418074357
2029,P2,column_positional_ablation,source_only,kdey,append,0.1464038867666833,-0.14640189981302115,0.00030242118817402187
2029,P2,column_positional_ablation,source_only,kdey,replace,0.19062188209571482,-0.19062017899257577,0.0026123233039287773
2029,P2,column_positional_ablation,source_only,median_sweep,append,0.04983350515383694,-0.04804319922410894,0.00034407050096035515
2029,P2,column_positional_ablation,source_only,median_sweep,replace,0.06833249743009683,-0.0668463202429666,0.002707830418074357
2029,P2,column_positional_ablation,source_only,pacc,append,0.050948734819712384,-0.049351136458620465,0.00034407050096035515
2029,P2,column_positional_ablation,source_only,pacc,replace,0.06979511309354923,-0.06847048606817735,0.002707830418074357
2029,P2,column_positional_ablation,source_only,pcc,append,0.192999368123371,0.11238130971086252,0.0006803081220841112
2029,P2,column_positional_ablation,source_only,pcc,replace,0.2183386777983837,0.04346045577936829,0.003011468339306761
2029,P2,column_positional_ablation,target_real_anchor,acc,append,0.054186023566035,-0.05273878120458957,0.0003079312139901141
2029,P2,column_positional_ablation,target_real_anchor,acc,replace,0.07351065780730891,-0.07225867518527979,0.002170734092096267
2029,P2,column_positional_ablation,target_real_anchor,cc,append,0.1241604484764018,-0.1097039844054933,0.0003079312139901141
2029,P2,column_positional_ablation,target_real_anchor,cc,replace,0.17608999999999997,-0.16383,0.002170734092096267
2029,P2,column_positional_ablation,target_real_anchor,dys,append,0.049292038609466585,-0.0481174246334483,0.0003079312139901141
2029,P2,column_positional_ablation,target_real_anchor,dys,replace,0.06746588861767538,-0.06647811653373288,0.002170734092096267
2029,P2,column_positional_ablation,target_real_anchor,emq,append,0.051542890069611866,-0.051333770581406035,0.0003079312139901141
2029,P2,column_positional_ablation,target_real_anchor,emq,replace,0.07075472445650162,-0.07060539326211705,0.002170734092096267
2029,P2,column_positional_ablation,target_real_anchor,hdy,append,0.05091243394772948,-0.04984813223545712,0.0003079312139901141
2029,P2,column_positional_ablation,target_real_anchor,hdy,replace,0.06969429902017582,-0.06882422233380503,0.002170734092096267
2029,P2,column_positional_ablation,target_real_anchor,kdey,append,0.1464038867666833,-0.14640189981302115,0.0002902667194620541
2029,P2,column_positional_ablation,target_real_anchor,kdey,replace,0.19062188209571482,-0.19062017899257577,0.0021487248573238697
2029,P2,column_positional_ablation,target_real_anchor,median_sweep,append,0.04983350515383694,-0.04804319922410894,0.0003079312139901141
2029,P2,column_positional_ablation,target_real_anchor,median_sweep,replace,0.06833249743009683,-0.0668463202429666,0.002170734092096267
2029,P2,column_positional_ablation,target_real_anchor,pacc,append,0.050948734819712384,-0.049351136458620465,0.0003079312139901141
2029,P2,column_positional_ablation,target_real_anchor,pacc,replace,0.06979511309354923,-0.06847048606817735,0.002170734092096267
2029,P2,column_positional_ablation,target_real_anchor,pcc,append,0.192999368123371,0.11238130971086252,0.00038082201302127666
2029,P2,column_positional_ablation,target_real_anchor,pcc,replace,0.2183386777983837,0.04346045577936829,0.002282694112460232
2029,P2,datum_transformer,oracle_target,acc,append,0.01211325296286344,0.00139732179911794,0.0004375248603901367
2029,P2,datum_transformer,oracle_target,acc,replace,0.01378477183919461,0.0009687628319756482,0.00215522267488292
2029,P2,datum_transformer,oracle_target,cc,append,0.1231869910260366,-0.1007361286349542,0.00036949584884375333
2029,P2,datum_transformer,oracle_target,cc,replace,0.17499285714285712,-0.1556557142857143,0.002103934675479903
2029,P2,datum_transformer,oracle_target,dys,append,0.009631175345166446,0.002442619787609284,0.00038492752245287667
2029,P2,datum_transformer,oracle_target,dys,replace,0.011826295028435903,0.0014887971908436565,0.00215522267488292
2029,P2,datum_transformer,oracle_target,emq,append,0.0103030816259321,-0.001008407313551847,0.00038492752245287667
2029,P2,datum_transformer,oracle_target,emq,replace,0.012768141063575898,-0.0017102080036897082,0.002103934675479903
2029,P2,datum_transformer,oracle_target,hdy,append,0.008286973379698054,0.001669846872260687,0.00047984041812809
2029,P2,datum_transformer,oracle_target,hdy,replace,0.010847751587191153,0.000728239921161298,0.002077758194291986
2029,P2,datum_transformer,oracle_target,kdey,append,0.12890803430152936,-0.12890604734786715,0.00036949584884375333
2029,P2,datum_transformer,oracle_target,kdey,replace,0.17098679952522988,-0.17098509642209087,0.002103934675479903
2029,P2,datum_transformer,oracle_target,median_sweep,append,0.009648657593149765,0.0024587569412719504,0.00038492752245287667
2029,P2,datum_transformer,oracle_target,median_sweep,replace,0.011820386785872767,0.0015522122883774132,0.00215522267488292
2029,P2,datum_transformer,oracle_target,pacc,append,0.009363741731585117,0.0022404707173302035,0.00038492752245287667
2029,P2,datum_transformer,oracle_target,pacc,replace,0.01161880311670065,0.0013086174725781574,0.00215522267488292
2029,P2,datum_transformer,oracle_target,pcc,append,0.21642036052872285,0.15854507978589355,0.0005968294303083166
2029,P2,datum_transformer,oracle_target,pcc,replace,0.23496105259402708,0.08660597383139396,0.0022417007551281875
2029,P2,datum_transformer,source_only,acc,append,0.06423551895034053,-0.06320610654740401,0.0003748438150770233
2029,P2,datum_transformer,source_only,acc,replace,0.08566945078350824,-0.08484176580962519,0.00210475269051702
2029,P2,datum_transformer,source_only,cc,append,0.12316944896876712,-0.10040813463505457,0.0003748438150770233
2029,P2,datum_transformer,source_only,cc,replace,0.17498571428571424,-0.15536285714285714,0.002080073331189497
2029,P2,datum_transformer,source_only,dys,append,0.05397443378987418,-0.053551950574244646,0.0003748438150770233
2029,P2,datum_transformer,source_only,dys,replace,0.07259425495391865,-0.0722505837902348,0.00210475269051702
2029,P2,datum_transformer,source_only,emq,append,0.05538356782209545,-0.055383171146527,0.0003748438150770233
2029,P2,datum_transformer,source_only,emq,replace,0.07445477538756871,-0.07442806546162965,0.00210475269051702
2029,P2,datum_transformer,source_only,hdy,append,0.0531950204477316,-0.05308057870085001,0.0003748438150770233
2029,P2,datum_transformer,source_only,hdy,replace,0.07194021237263284,-0.07180676922965643,0.00210475269051702
2029,P2,datum_transformer,source_only,kdey,append,0.1304048271416751,-0.1304028401880129,0.0003748438150770233
2029,P2,datum_transformer,source_only,kdey,replace,0.1749004054095967,-0.17489870230645768,0.00210475269051702
2029,P2,datum_transformer,source_only,median_sweep,append,0.053761751440764984,-0.05333927274930016,0.0003748438150770233
2029,P2,datum_transformer,source_only,median_sweep,replace,0.07226266906815151,-0.07191906446531572,0.00210475269051702
2029,P2,datum_transformer,source_only,pacc,append,0.05400322120808414,-0.053648123601576454,0.0003748438150770233
2029,P2,datum_transformer,source_only,pacc,replace,0.07263752402180362,-0.0723417727287606,0.00210475269051702
2029,P2,datum_transformer,source_only,pcc,append,0.19131322050058105,0.10969750184128202,0.0006086957930952767
2029,P2,datum_transformer,source_only,pcc,replace,0.21686208934558562,0.04120064169830431,0.0022448802098007847
2029,P2,datum_transformer,target_real_anchor,acc,append,0.06186429787329797,-0.060277145041544467,0.0003532538773205078
2029,P2,datum_transformer,target_real_anchor,acc,replace,0.08326259602782539,-0.08197705716302048,0.002096479934669875
2029,P2,datum_transformer,target_real_anchor,cc,append,0.12370176365833778,-0.10354435106522664,0.0003532538773205078
2029,P2,datum_transformer,target_real_anchor,cc,replace,0.17555714285714283,-0.15827999999999998,0.002096479934669875
2029,P2,datum_transformer,target_real_anchor,dys,append,0.05397443378987418,-0.053551950574244646,0.0003532538773205078
2029,P2,datum_transformer,target_real_anchor,dys,replace,0.07259425495391865,-0.0722505837902348,0.002096479934669875
2029,P2,datum_transformer,target_real_anchor,emq,append,0.05538356782209545,-0.055383171146527,0.0003532538773205078
2029,P2,datum_transformer,target_real_anchor,emq,replace,0.07445477538756871,-0.07442806546162965,0.002096479934669875
2029,P2,datum_transformer,target_real_anchor,hdy,append,0.0531950204477316,-0.05308057870085001,0.0003532538773205078
2029,P2,datum_transformer,target_real_anchor,hdy,replace,0.07194021237263284,-0.07180676922965643,0.002096479934669875
2029,P2,datum_transformer,target_real_anchor,kdey,append,0.1304048271416751,-0.1304028401880129,0.0003532538773205078
2029,P2,datum_transformer,target_real_anchor,kdey,replace,0.1749004054095967,-0.17489870230645768,0.002096479934669875
2029,P2,datum_transformer,target_real_anchor,median_sweep,append,0.053761751440764984,-0.05333927274930016,0.0003532538773205078
2029,P2,datum_transformer,target_real_anchor,median_sweep,replace,0.07226266906815151,-0.07191906446531572,0.002096479934669875
2029,P2,datum_transformer,target_real_anchor,pacc,append,0.05400322120808414,-0.053648123601576454,0.0003532538773205078
2029,P2,datum_transformer,target_real_anchor,pacc,replace,0.07263752402180362,-0.0723417727287606,0.002096479934669875
2029,P2,datum_transformer,target_real_anchor,pcc,append,0.19131322050058105,0.10969750184128202,0.0005180864796750967
2029,P2,datum_transformer,target_real_anchor,pcc,replace,0.21686208934558562,0.04120064169830431,0.0021885760804531457
2029,P2,flat_transformer,oracle_target,acc,append,0.01217556657606231,-0.0012273109923565614,0.00028463064730377
2029,P2,flat_transformer,oracle_target,acc,replace,0.014413439077636757,-0.0013962061672806681,0.0023717034090467927
2029,P2,flat_transformer,oracle_target,cc,append,0.12657533407156274,-0.10654431054470866,0.00022072515180929667
2029,P2,flat_transformer,oracle_target,cc,replace,0.18041571428571426,-0.16276428571428572,0.0023326547667086644
2029,P2,flat_transformer,oracle_target,dys,append,0.011743390083079728,0.0002745281337466628,0.00028463064730377
2029,P2,flat_transformer,oracle_target,dys,replace,0.013594184609943376,-0.0003857424349749567,0.0023326547667086644
2029,P2,flat_transformer,oracle_target,emq,append,0.023766698424933307,-0.01851040252248962,0.00022072515180929667
2029,P2,flat_transformer,oracle_target,emq,replace,0.03015476994527029,-0.02188252313002929,0.0023326547667086644
2029,P2,flat_transformer,oracle_target,hdy,append,0.012343269918399725,0.0023119498087336133,0.00025592809452322333
2029,P2,flat_transformer,oracle_target,hdy,replace,0.013738388690639682,0.002540960181891263,0.0023757471814944498
2029,P2,flat_transformer,oracle_target,kdey,append,0.056609399904352105,-0.056607412950689925,0.00022072515180929667
2029,P2,flat_transformer,oracle_target,kdey,replace,0.06044169217822195,-0.06043998907508294,0.0023326547667086644
2029,P2,flat_transformer,oracle_target,median_sweep,append,0.014560875898751189,0.00238389112439937,0.00028463064730377
2029,P2,flat_transformer,oracle_target,median_sweep,replace,0.016788279582367272,0.002234172749457088,0.0023717034090467927
2029,P2,flat_transformer,oracle_target,pacc,append,0.014778282930098837,-4.158933718331695e-05,0.00028463064730377
2029,P2,flat_transformer,oracle_target,pacc,replace,0.01783504962084417,-0.0003773688871262428,0.0023717034090467927
2029,P2,flat_transformer,oracle_target,pcc,append,0.2482791022860727,0.18127858065682056,0.0005535595216937315
2029,P2,flat_transformer,oracle_target,pcc,replace,0.2701574529588188,0.09840533200963784,0.002626816060907227
2029,P2,flat_transformer,source_only,acc,append,0.0881960962641601,-0.08791260155364812,0.00022819789923960744
2029,P2,flat_transformer,source_only,acc,replace,0.11810822398877714,-0.11787976104746314,0.0023512067303807574
2029,P2,flat_transformer,source_only,cc,append,0.12630977074504102,-0.10592880363123565,0.00022819789923960744
2029,P2,flat_transformer,source_only,cc,replace,0.18009714285714284,-0.1621057142857143,0.0023512067303807574
2029,P2,flat_transformer,source_only,dys,append,0.08985800445458107,-0.08962517752572682,0.00022819789923960744
2029,P2,flat_transformer,source_only,dys,replace,0.12013081946204433,-0.11994166142493579,0.0023512067303807574
2029,P2,flat_transformer,source_only,emq,append,0.10753234082643869,-0.10753231908390863,0.00022819789923960744
2029,P2,flat_transformer,source_only,emq,replace,0.14875424061173362,-0.148743050430203,0.0023512067303807574
2029,P2,flat_transformer,source_only,hdy,append,0.10274274270796768,-0.10247330268613843,0.00022819789923960744
2029,P2,flat_transformer,source_only,hdy,replace,0.14278491916593336,-0.14256438453561962,0.0023512067303807574
2029,P2,flat_transformer,source_only,kdey,append,0.11844341352085284,-0.11844142656719067,0.00022819789923960744
2029,P2,flat_transformer,source_only,kdey,replace,0.16069014503640047,-0.16068844193326146,0.0023512067303807574
2029,P2,flat_transformer,source_only,median_sweep,append,0.10254731488719217,-0.10156812957778305,0.00022819789923960744
2029,P2,flat_transformer,source_only,median_sweep,replace,0.1388071424112225,-0.13792198243129733,0.0023512067303807574
2029,P2,flat_transformer,source_only,pacc,append,0.11015304945012197,-0.10925469304345235,0.00022819789923960744
2029,P2,flat_transformer,source_only,pacc,replace,0.14904006624240754,-0.14821967081151582,0.0023512067303807574
2029,P2,flat_transformer,source_only,pcc,append,0.18134644747358178,0.05878454325640111,0.0005542437732656467
2029,P2,flat_transformer,source_only,pcc,replace,0.21904625918402307,-0.012712662831844168,0.0026370798344862285
2029,P2,flat_transformer,target_real_anchor,acc,append,0.09540729300816561,-0.09510590321697548,0.00021186589461479413
2029,P2,flat_transformer,target_real_anchor,acc,replace,0.1276584341277494,-0.12736906369105014,0.002282416296032518
2029,P2,flat_transformer,target_real_anchor,cc,append,0.12494971743952567,-0.09371771193413184,0.0002554239091544241
2029,P2,flat_transformer,target_real_anchor,cc,replace,0.1777242857142857,-0.15048714285714287,0.0024221579591666795
2029,P2,flat_transformer,target_real_anchor,dys,append,0.08985800445458107,-0.08962517752572682,0.00021186589461479413
2029,P2,flat_transformer,target_real_anchor,dys,replace,0.12013081946204433,-0.11994166142493579,0.002282416296032518
2029,P2,flat_transformer,target_real_anchor,emq,append,0.10753234082643869,-0.10753231908390863,0.00021186589461479413
2029,P2,flat_transformer,target_real_anchor,emq,replace,0.14875424061173362,-0.148743050430203,0.002282416296032518
2029,P2,flat_transformer,target_real_anchor,hdy,append,0.10274274270796768,-0.10247330268613843,0.00021186589461479413
2029,P2,flat_transformer,target_real_anchor,hdy,replace,0.14278491916593336,-0.14256438453561962,0.002282416296032518
2029,P2,flat_transformer,target_real_anchor,kdey,append,0.11844341352085284,-0.11844142656719067,0.00021186589461479413
2029,P2,flat_transformer,target_real_anchor,kdey,replace,0.16069014503640047,-0.16068844193326146,0.002282416296032518
2029,P2,flat_transformer,target_real_anchor,median_sweep,append,0.10254731488719217,-0.10156812957778305,0.00021186589461479413
2029,P2,flat_transformer,target_real_anchor,median_sweep,replace,0.1388071424112225,-0.13792198243129733,0.002282416296032518
2029,P2,flat_transformer,target_real_anchor,pacc,append,0.11015304945012197,-0.10925469304345235,0.00021186589461479413
2029,P2,flat_transformer,target_real_anchor,pacc,replace,0.14904006624240754,-0.14821967081151582,0.002282416296032518
2029,P2,flat_transformer,target_real_anchor,pcc,append,0.18134644747358178,0.05878454325640111,0.00060707519726701
2029,P2,flat_transformer,target_real_anchor,pcc,replace,0.21904625918402307,-0.012712662831844168,0.0025327134631461384
2029,P3,char3gram,oracle_target,acc,append,0.07284333948371295,0.007085757034044414,0.0016271645767304832
2029,P3,char3gram,oracle_target,acc,replace,0.08835299003322257,0.002077973421926882,0.0013019449201755657
2029,P3,char3gram,oracle_target,cc,append,0.22769527986508947,-0.20890029727566245,0.00503632508076486
2029,P3,char3gram,oracle_target,cc,replace,0.32267714285714283,-0.3062742857142857,0.003392783322506297
2029,P3,char3gram,oracle_target,dys,append,0.035366176547243014,-0.020041980949260737,0.0016195091329444
2029,P3,char3gram,oracle_target,dys,replace,0.03812804550312711,-0.012615165638649381,0.0015519498415322828
2029,P3,char3gram,oracle_target,emq,append,0.06871274816669742,-0.01161554608205061,0.00210897907001665
2029,P3,char3gram,oracle_target,emq,replace,0.06547873563228197,-7.78638567508145e-05,0.0018931228961199626
2029,P3,char3gram,oracle_target,hdy,append,0.032468025253747396,0.017458320831773455,0.0016223799243641733
2029,P3,char3gram,oracle_target,hdy,replace,0.04062068011916085,0.025191498005655732,0.0012864836578147627
2029,P3,char3gram,oracle_target,kdey,append,0.07995523154600652,0.07986085402035772,0.0012457799366128966
2029,P3,char3gram,oracle_target,kdey,replace,0.07584335021716616,0.07472407905916281,0.0007929536014488343
2029,P3,char3gram,oracle_target,pacc,append,0.04092346630768015,0.033158980645984944,0.0018791722168633666
2029,P3,char3gram,oracle_target,pacc,replace,0.044681696186681906,0.03375801722592729,0.0012746313903816801
2029,P3,char3gram,oracle_target,pcc,append,0.2930399882630153,0.21435744348032898,0.0004063605254696567
2029,P3,char3gram,oracle_target,pcc,replace,0.318510134028067,0.11678102440034083,0.00019111268594526284
2029,P3,char3gram,source_only,acc,append,0.7249908620369842,0.7249908620369842,
2029,P3,char3gram,source_only,acc,replace,0.6214285714285714,0.6214285714285714,
2029,P3,char3gram,source_only,cc,append,0.7247147735433118,0.7247147735433118,
2029,P3,char3gram,source_only,cc,replace,0.6212342857142856,0.6212342857142856,
2029,P3,char3gram,source_only,dys,append,0.7249849011759976,0.7249849011759976,
2029,P3,char3gram,source_only,dys,replace,0.6214243136707238,0.6214226105675849,
2029,P3,char3gram,source_only,emq,append,0.7249908619246269,0.7249908619246269,
2029,P3,char3gram,source_only,emq,replace,0.6214285713383207,0.6214285713279022,
2029,P3,char3gram,source_only,hdy,append,0.7249849011759976,0.7249849011759976,
2029,P3,char3gram,source_only,hdy,replace,0.6214243136707238,0.6214226105675849,
2029,P3,char3gram,source_only,kdey,append,0.7249849011759976,0.7249849011759976,
2029,P3,char3gram,source_only,kdey,replace,0.6214243136707238,0.6214226105675849,
2029,P3,char3gram,source_only,median_sweep,append,0.7249908620369842,0.7249908620369842,
2029,P3,char3gram,source_only,median_sweep,replace,0.6214285714285714,0.6214285714285714,
2029,P3,char3gram,source_only,pacc,append,0.7249908620369842,0.7249908620369842,
2029,P3,char3gram,source_only,pacc,replace,0.6214285714285714,0.6214285714285714,
2029,P3,char3gram,source_only,pcc,append,0.6889332932245283,0.6889332932245283,
2029,P3,char3gram,source_only,pcc,replace,0.5950295297855651,0.5861151823919096,
2029,P3,char3gram,target_real_anchor,acc,append,0.7249908620369842,0.7249908620369842,0.0003314328694134329
2029,P3,char3gram,target_real_anchor,acc,replace,0.6214285714285714,0.6214285714285714,0.00022433184380269428
2029,P3,char3gram,target_real_anchor,cc,append,0.22441622599103653,-0.20257808417400586,0.00415317394699364
2029,P3,char3gram,target_real_anchor,cc,replace,0.3184057142857143,-0.29921428571428577,0.0032304605733708336
2029,P3,char3gram,target_real_anchor,dys,append,0.7249849011759976,0.7249849011759976,0.0003314328694134329
2029,P3,char3gram,target_real_anchor,dys,replace,0.6214243136707238,0.6214226105675849,0.00022433184380269428
2029,P3,char3gram,target_real_anchor,emq,append,0.7249908619246269,0.7249908619246269,0.0003314328694134329
2029,P3,char3gram,target_real_anchor,emq,replace,0.6214285713383207,0.6214285713279022,0.00022433184380269428
2029,P3,char3gram,target_real_anchor,hdy,append,0.7249849011759976,0.7249849011759976,0.0003314328694134329
2029,P3,char3gram,target_real_anchor,hdy,replace,0.6214243136707238,0.6214226105675849,0.00022433184380269428
2029,P3,char3gram,target_real_anchor,kdey,append,0.7249849011759976,0.7249849011759976,0.0003314328694134329
2029,P3,char3gram,target_real_anchor,kdey,replace,0.6214243136707238,0.6214226105675849,0.00022433184380269428
2029,P3,char3gram,target_real_anchor,median_sweep,append,0.7249908620369842,0.7249908620369842,0.0003314328694134329
2029,P3,char3gram,target_real_anchor,median_sweep,replace,0.6214285714285714,0.6214285714285714,0.00022433184380269428
2029,P3,char3gram,target_real_anchor,pacc,append,0.7249908620369842,0.7249908620369842,0.0003314328694134329
2029,P3,char3gram,target_real_anchor,pacc,replace,0.6214285714285714,0.6214285714285714,0.00022433184380269428
2029,P3,char3gram,target_real_anchor,pcc,append,0.6889332932245283,0.6889332932245283,0.0003314328694134329
2029,P3,char3gram,target_real_anchor,pcc,replace,0.5950295297855651,0.5861151823919096,0.00022433184380269428
2029,P3,column_positional_ablation,oracle_target,acc,append,0.0289066580710405,0.008423280219537487,0.0004932976589652633
2029,P3,column_positional_ablation,oracle_target,acc,replace,0.03778008950086055,0.00734234767641999,0.0009640117587616287
2029,P3,column_positional_ablation,oracle_target,cc,append,0.2038822069601541,-0.18524870901776727,0.000583057737357
2029,P3,column_positional_ablation,oracle_target,cc,replace,0.2890442857142857,-0.27314428571428573,0.0010573945025164199
2029,P3,column_positional_ablation,oracle_target,dys,append,0.017073982631137123,-0.008276416300808574,0.0004944938220568333
2029,P3,column_positional_ablation,oracle_target,dys,replace,0.019159441290653244,-0.009627884589175247,0.000981523586422283
2029,P3,column_positional_ablation,oracle_target,emq,append,0.07890247829797828,-0.013964740460567343,0.0008992754122456101
2029,P3,column_positional_ablation,oracle_target,emq,replace,0.07096578700388649,-0.01315979241496365,0.0010160551060716114
2029,P3,column_positional_ablation,oracle_target,hdy,append,0.017064941797496503,-0.008244333514446022,0.0004944938220568333
2029,P3,column_positional_ablation,oracle_target,hdy,replace,0.019150943891373777,-0.009574378868210958,0.000981523586422283
2029,P3,column_positional_ablation,oracle_target,kdey,append,0.014790779599934958,-0.00963692689541487,0.00039502089936151
2029,P3,column_positional_ablation,oracle_target,kdey,replace,0.015225437258025425,-0.00868454190510497,0.000981523586422283
2029,P3,column_positional_ablation,oracle_target,median_sweep,append,0.017058295909273477,-0.00818154203975413,0.0004944938220568333
2029,P3,column_positional_ablation,oracle_target,median_sweep,replace,0.019142678571428567,-0.009533797619047683,0.000981523586422283
2029,P3,column_positional_ablation,oracle_target,pacc,append,0.016115881763502836,-0.0009448884088630397,0.00057755538713577
2029,P3,column_positional_ablation,oracle_target,pacc,replace,0.016982383482613588,-0.0022770296220793735,0.0008987627709206686
2029,P3,column_positional_ablation,oracle_target,pcc,append,0.3068701076639673,0.22393589190478777,0.0008722899728997199
2029,P3,column_positional_ablation,oracle_target,pcc,replace,0.33411993568785625,0.12086937281826185,0.0011041473913528314
2029,P3,column_positional_ablation,source_only,acc,append,0.7249908620369842,0.7249908620369842,
2029,P3,column_positional_ablation,source_only,acc,replace,0.6214285714285714,0.6214285714285714,
2029,P3,column_positional_ablation,source_only,cc,append,0.7249908620369842,0.7249908620369842,
2029,P3,column_positional_ablation,source_only,cc,replace,0.6214285714285714,0.6214285714285714,
2029,P3,column_positional_ablation,source_only,dys,append,0.7249849011759976,0.7249849011759976,
2029,P3,column_positional_ablation,source_only,dys,replace,0.6214243136707238,0.6214226105675849,
2029,P3,column_positional_ablation,source_only,emq,append,0.7249908612074227,0.7249908612074227,
2029,P3,column_positional_ablation,source_only,emq,replace,0.6214285708184585,0.6214285706163206,
2029,P3,column_positional_ablation,source_only,hdy,append,0.7249849011759976,0.7249849011759976,
2029,P3,column_positional_ablation,source_only,hdy,replace,0.6214243136707238,0.6214226105675849,
2029,P3,column_positional_ablation,source_only,kdey,append,0.7249849011759976,0.7249849011759976,
2029,P3,column_positional_ablation,source_only,kdey,replace,0.6214243136707238,0.6214226105675849,
2029,P3,column_positional_ablation,source_only,median_sweep,append,0.7249908620369842,0.7249908620369842,
2029,P3,column_positional_ablation,source_only,median_sweep,replace,0.6214285714285714,0.6214285714285714,
2029,P3,column_positional_ablation,source_only,pacc,append,0.7249908620369842,0.7249908620369842,
2029,P3,column_positional_ablation,source_only,pacc,replace,0.6214285714285714,0.6214285714285714,
2029,P3,column_positional_ablation,source_only,pcc,append,0.5950076984004672,0.5950076984004672,
2029,P3,column_positional_ablation,source_only,pcc,replace,0.52835226568004,0.49167373470416165,
2029,P3,column_positional_ablation,target_real_anchor,acc,append,0.17705546452846452,-0.1611003357137735,0.0007659749973205666
2029,P3,column_positional_ablation,target_real_anchor,acc,replace,0.24998041239537286,-0.23634024028966427,0.0008671840653030919
2029,P3,column_positional_ablation,target_real_anchor,cc,append,0.20138120553830674,-0.1816780748007316,0.0006032968168664465
2029,P3,column_positional_ablation,target_real_anchor,cc,replace,0.2854528571428571,-0.2685814285714286,0.000840526716405149
2029,P3,column_positional_ablation,target_real_anchor,dys,append,0.7249849011759976,0.7249849011759976,0.0009680308667493367
2029,P3,column_positional_ablation,target_real_anchor,dys,replace,0.6214243136707238,0.6214226105675849,0.0008278542228521347
2029,P3,column_positional_ablation,target_real_anchor,emq,append,0.7249908612074227,0.7249908612074227,0.0009680308667493367
2029,P3,column_positional_ablation,target_real_anchor,emq,replace,0.6214285708184585,0.6214285706163206,0.0008278542228521347
2029,P3,column_positional_ablation,target_real_anchor,hdy,append,0.7249849011759976,0.7249849011759976,0.0009680308667493367
2029,P3,column_positional_ablation,target_real_anchor,hdy,replace,0.6214243136707238,0.6214226105675849,0.0008278542228521347
2029,P3,column_positional_ablation,target_real_anchor,kdey,append,0.7249849011759976,0.7249849011759976,0.0009680308667493367
2029,P3,column_positional_ablation,target_real_anchor,kdey,replace,0.6214243136707238,0.6214226105675849,0.0008278542228521347
2029,P3,column_positional_ablation,target_real_anchor,median_sweep,append,0.7249908620369842,0.7249908620369842,0.0009680308667493367
2029,P3,column_positional_ablation,target_real_anchor,median_sweep,replace,0.6214285714285714,0.6214285714285714,0.0008278542228521347
2029,P3,column_positional_ablation,target_real_anchor,pacc,append,0.7249908620369842,0.7249908620369842,0.0009680308667493367
2029,P3,column_positional_ablation,target_real_anchor,pacc,replace,0.6214285714285714,0.6214285714285714,0.0008278542228521347
2029,P3,column_positional_ablation,target_real_anchor,pcc,append,0.5950076984004672,0.5950076984004672,0.0009680308667493367
2029,P3,column_positional_ablation,target_real_anchor,pcc,replace,0.52835226568004,0.49167373470416165,0.0008278542228521347
2029,P3,datum_ta,oracle_target,acc,append,0.08759384182920217,0.07123327749506875,0.00037994924440768336
2029,P3,datum_ta,oracle_target,acc,replace,0.08956449420849416,0.06433820849420845,0.00042364679094733
2029,P3,datum_ta,oracle_target,cc,append,0.2233736014931395,-0.20348928683660267,0.0009364521611317133
2029,P3,datum_ta,oracle_target,cc,replace,0.31659714285714285,-0.29958,0.0007318057442075315
2029,P3,datum_ta,oracle_target,dys,append,0.020465501925254,-0.0001014248559954852,0.00049525936643545
2029,P3,datum_ta,oracle_target,dys,replace,0.020119006684303904,-0.0016513338294268179,0.0005819504320951029
2029,P3,datum_ta,oracle_target,emq,append,0.10723932762073664,-0.030769474362203706,0.0006171723087286966
2029,P3,datum_ta,oracle_target,emq,replace,0.09369926614424949,-0.026199421975926944,0.00039735854380333716
2029,P3,datum_ta,oracle_target,hdy,append,0.01592706964675125,-0.005380102501853512,0.0005879859292942966
2029,P3,datum_ta,oracle_target,hdy,replace,0.016511003980199945,-0.003305586033702854,0.0005922032585943085
2029,P3,datum_ta,oracle_target,kdey,append,0.017877053239614228,0.008496333260353357,0.00054095279653359
2029,P3,datum_ta,oracle_target,kdey,replace,0.01701731877254663,0.007246736327906823,0.0005781363806374
2029,P3,datum_ta,oracle_target,median_sweep,append,0.01738889867691585,0.0003888105075659182,0.0005879859292942966
2029,P3,datum_ta,oracle_target,median_sweep,replace,0.017315769477871668,-2.7307398017991347e-06,0.0005819504320951029
2029,P3,datum_ta,oracle_target,pacc,append,0.019346856956976077,-0.01032888429973371,0.0005879859292942966
2029,P3,datum_ta,oracle_target,pacc,replace,0.020567721525042184,-0.008980531510732003,0.0005922032585943085
2029,P3,datum_ta,oracle_target,pcc,append,0.2762848012875061,0.20110933001025325,0.0003740162754734833
2029,P3,datum_ta,oracle_target,pcc,replace,0.3010011766998447,0.10833324630986815,0.0005917111229223625
2029,P3,datum_ta,source_only,acc,append,0.2750091379630159,-0.2750091379630159,0.00020325203252029265
2029,P3,datum_ta,source_only,acc,replace,0.37857142857142856,-0.37857142857142856,0.00018450986567975788
2029,P3,datum_ta,source_only,cc,append,0.27284617931776,-0.27132617931776,0.00020325203252029265
2029,P3,datum_ta,source_only,cc,replace,0.37631571428571425,-0.37501285714285715,0.00018450986567975788
2029,P3,datum_ta,source_only,dys,append,0.2750051640556915,-0.27500317710202926,0.00020325203252029265
2029,P3,datum_ta,source_only,dys,replace,0.378567170813581,-0.37856546771044197,0.00018450986567975788
2029,P3,datum_ta,source_only,emq,append,0.7249908136892977,0.7249908136892977,0.0001546878110024063
2029,P3,datum_ta,source_only,emq,replace,0.6214285336406484,0.6214285264189837,0.00011798952735290174
2029,P3,datum_ta,source_only,hdy,append,0.2893092763378541,-0.07056678435635787,0.0002139218072971663
2029,P3,datum_ta,source_only,hdy,replace,0.38593951726608355,-0.19846592139925384,0.00021182339547367218
2029,P3,datum_ta,source_only,kdey,append,0.7048326068557422,0.6404742900017246,0.0001546878110024063
2029,P3,datum_ta,source_only,kdey,replace,0.7412368850862676,0.4121597915493799,0.0001738059148146031
2029,P3,datum_ta,source_only,median_sweep,append,0.2750091379630159,-0.2750091379630159,0.00020325203252029265
2029,P3,datum_ta,source_only,median_sweep,replace,0.37857142857142856,-0.37857142857142856,0.00018450986567975788
2029,P3,datum_ta,source_only,pacc,append,0.38956541723371113,0.3719937659871339,0.0001546878110024063
2029,P3,datum_ta,source_only,pacc,replace,0.3732914855191773,0.2794080682740102,0.00011798952735290174
2029,P3,datum_ta,source_only,pcc,append,0.33545676119168955,0.27409964458437563,0.0001546878110024063
2029,P3,datum_ta,source_only,pcc,replace,0.3482563155614332,0.17420913149084663,0.00011798952735290174
2029,P3,datum_ta,target_real_anchor,acc,append,0.2750091379630159,-0.2750091379630159,0.0012679807235924877
2029,P3,datum_ta,target_real_anchor,acc,replace,0.3778486762681351,-0.3778486762681351,0.0010942226553015924
2029,P3,datum_ta,target_real_anchor,cc,append,0.2210729730627059,-0.1998920677129117,0.0008548738382863611
2029,P3,datum_ta,target_real_anchor,cc,replace,0.31336857142857144,-0.29520857142857143,0.0006063931704692209
2029,P3,datum_ta,target_real_anchor,dys,append,0.2750051640556915,-0.27500317710202926,0.0012679807235924877
2029,P3,datum_ta,target_real_anchor,dys,replace,0.378567170813581,-0.37856546771044197,0.0010942226553015924
2029,P3,datum_ta,target_real_anchor,emq,append,0.7249908136892977,0.7249908136892977,0.00039310703841502
2029,P3,datum_ta,target_real_anchor,emq,replace,0.6214285336406484,0.6214285264189837,0.0005785054823913922
2029,P3,datum_ta,target_real_anchor,hdy,append,0.2893092763378541,-0.07056678435635787,0.0008062139237211466
2029,P3,datum_ta,target_real_anchor,hdy,replace,0.38593951726608355,-0.19846592139925384,0.0010607984409141864
2029,P3,datum_ta,target_real_anchor,kdey,append,0.7048326068557422,0.6404742900017246,0.00039310703841502
2029,P3,datum_ta,target_real_anchor,kdey,replace,0.7412368850862676,0.4121597915493799,0.0009096717783158493
2029,P3,datum_ta,target_real_anchor,median_sweep,append,0.2750091379630159,-0.2750091379630159,0.0012679807235924877
2029,P3,datum_ta,target_real_anchor,median_sweep,replace,0.37857142857142856,-0.37857142857142856,0.0010942226553015924
2029,P3,datum_ta,target_real_anchor,pacc,append,0.38956541723371113,0.3719937659871339,0.00039310703841502
2029,P3,datum_ta,target_real_anchor,pacc,replace,0.3732914855191773,0.2794080682740102,0.0005785054823913922
2029,P3,datum_ta,target_real_anchor,pcc,append,0.33545676119168955,0.27409964458437563,0.00039310703841502
2029,P3,datum_ta,target_real_anchor,pcc,replace,0.3482563155614332,0.17420913149084663,0.0005785054823913922
2029,P3,datum_transformer,oracle_target,cc,append,0.24390008484821743,-0.22705697310399459,0.0007632477454717733
2029,P3,datum_transformer,oracle_target,cc,replace,0.3460042857142857,-0.3315557142857143,0.0004986974809215171
2029,P3,datum_transformer,oracle_target,dys,append,0.08501886996972392,-0.04293282192922782,0.0008607589606969307
2029,P3,datum_transformer,oracle_target,dys,replace,0.10033569950159561,-0.05568221503028039,0.00089515377599293
2029,P3,datum_transformer,oracle_target,emq,append,0.06471175093070337,-0.019115604706498004,0.000971810742118694
2029,P3,datum_transformer,oracle_target,emq,replace,0.07058973846326792,-0.022639990880050056,0.0008279362454641128
2029,P3,datum_transformer,oracle_target,hdy,append,0.07361829956001893,-0.03604604284523833,0.0007413818841578006
2029,P3,datum_transformer,oracle_target,hdy,replace,0.07309382215735463,-0.029433093509942748,0.0009101639139877729
2029,P3,datum_transformer,oracle_target,kdey,append,0.2773866458354966,0.2773866458354966,0.000735353222176284
2029,P3,datum_transformer,oracle_target,kdey,replace,0.24172332818376033,0.23208760360498534,0.0008289205168080471
2029,P3,datum_transformer,oracle_target,pacc,append,0.060975759677671715,-0.027028399729950834,0.0008650651478265906
2029,P3,datum_transformer,oracle_target,pacc,replace,0.0696872255837338,-0.03261611834127505,0.00086501046608525
2029,P3,datum_transformer,oracle_target,pcc,append,0.3071188523126976,0.22396041739990602,0.000735353222176284
2029,P3,datum_transformer,oracle_target,pcc,replace,0.33440158205422515,0.12076704819939885,0.0008289205168080471
2029,P3,datum_transformer,source_only,acc,append,0.7249908620369842,0.7249908620369842,
2029,P3,datum_transformer,source_only,acc,replace,0.6214285714285714,0.6214285714285714,
2029,P3,datum_transformer,source_only,cc,append,0.7249908620369842,0.7249908620369842,
2029,P3,datum_transformer,source_only,cc,replace,0.6214285714285714,0.6214285714285714,
2029,P3,datum_transformer,source_only,dys,append,0.7249849011759976,0.7249849011759976,
2029,P3,datum_transformer,source_only,dys,replace,0.6214243136707238,0.6214226105675849,
2029,P3,datum_transformer,source_only,emq,append,0.7249908618598081,0.7249908618598081,
2029,P3,datum_transformer,source_only,emq,replace,0.6214285713372614,0.6214285712127541,
2029,P3,datum_transformer,source_only,hdy,append,0.7249849011759976,0.7249849011759976,
2029,P3,datum_transformer,source_only,hdy,replace,0.6214243136707238,0.6214226105675849,
2029,P3,datum_transformer,source_only,kdey,append,0.7249849011759976,0.7249849011759976,
2029,P3,datum_transformer,source_only,kdey,replace,0.6214243136707238,0.6214226105675849,
2029,P3,datum_transformer,source_only,median_sweep,append,0.7249908620369842,0.7249908620369842,
2029,P3,datum_transformer,source_only,median_sweep,replace,0.6214285714285714,0.6214285714285714,
2029,P3,datum_transformer,source_only,pacc,append,0.7249908620369842,0.7249908620369842,
2029,P3,datum_transformer,source_only,pacc,replace,0.6214285714285714,0.6214285714285714,
2029,P3,datum_transformer,source_only,pcc,append,0.6801991031600043,0.6801991031600043,
2029,P3,datum_transformer,source_only,pcc,replace,0.5893092354972709,0.5767457637038341,
2029,P3,datum_transformer,target_real_anchor,acc,append,0.22943985157002397,-0.17717332732041927,0.0009603754229632379
2029,P3,datum_transformer,target_real_anchor,acc,replace,0.32690572199057283,-0.2828153575960841,0.0010210174740972228
2029,P3,datum_transformer,target_real_anchor,cc,append,0.2391826728419556,-0.21433566746050584,0.000765257299465622
2029,P3,datum_transformer,target_real_anchor,cc,replace,0.34043571428571423,-0.31916714285714287,0.0007654760264309372
2029,P3,datum_transformer,target_real_anchor,dys,append,0.7249849011759976,0.7249849011759976,0.0007486545557545926
2029,P3,datum_transformer,target_real_anchor,dys,replace,0.6214243136707238,0.6214226105675849,0.0010065404830803485
2029,P3,datum_transformer,target_real_anchor,emq,append,0.7249908618598081,0.7249908618598081,0.0007486545557545926
2029,P3,datum_transformer,target_real_anchor,emq,replace,0.6214285713372614,0.6214285712127541,0.0010065404830803485
2029,P3,datum_transformer,target_real_anchor,hdy,append,0.7249849011759976,0.7249849011759976,0.0007486545557545926
2029,P3,datum_transformer,target_real_anchor,hdy,replace,0.6214243136707238,0.6214226105675849,0.0010065404830803485
2029,P3,datum_transformer,target_real_anchor,kdey,append,0.7249849011759976,0.7249849011759976,0.0007486545557545926
2029,P3,datum_transformer,target_real_anchor,kdey,replace,0.6214243136707238,0.6214226105675849,0.0010065404830803485
2029,P3,datum_transformer,target_real_anchor,median_sweep,append,0.7249908620369842,0.7249908620369842,0.0007486545557545926
2029,P3,datum_transformer,target_real_anchor,median_sweep,replace,0.6214285714285714,0.6214285714285714,0.0010065404830803485
2029,P3,datum_transformer,target_real_anchor,pacc,append,0.7249908620369842,0.7249908620369842,0.0007486545557545926
2029,P3,datum_transformer,target_real_anchor,pacc,replace,0.6214285714285714,0.6214285714285714,0.0010065404830803485
2029,P3,datum_transformer,target_real_anchor,pcc,append,0.6801991031600043,0.6801991031600043,0.0007486545557545926
2029,P3,datum_transformer,target_real_anchor,pcc,replace,0.5893092354972709,0.5767457637038341,0.0010065404830803485
2029,P3,flat_transformer,oracle_target,acc,append,0.03629323750056989,0.018537305342052345,0.0008507590372513834
2029,P3,flat_transformer,oracle_target,acc,replace,0.047913145604395566,0.011202445054945014,0.0017925221625097226
2029,P3,flat_transformer,oracle_target,cc,append,0.20520313147560348,-0.1833786901967178,0.0011152067735366465
2029,P3,flat_transformer,oracle_target,cc,replace,0.29177,-0.27295285714285716,0.0017961311574374425
2029,P3,flat_transformer,oracle_target,dys,append,0.040234761319508636,0.010382836504399605,0.0009487008711894968
2029,P3,flat_transformer,oracle_target,dys,replace,0.05200468779982454,0.004196597163316256,0.0019099785428846657
2029,P3,flat_transformer,oracle_target,emq,append,0.028620059085815316,0.007040968067633068,0.0009178398634268733
2029,P3,flat_transformer,oracle_target,emq,replace,0.038974484858539285,0.004685369536443731,0.0018725762318155485
2029,P3,flat_transformer,oracle_target,hdy,append,0.030092994039934276,-0.001072870204205564,0.0009568347802122034
2029,P3,flat_transformer,oracle_target,hdy,replace,0.04285900557403899,-0.007676753702412122,0.0018725762318155485
2029,P3,flat_transformer,oracle_target,kdey,append,0.22953764078579914,-0.22953565383213695,0.0012675979514032267
2029,P3,flat_transformer,oracle_target,kdey,replace,0.2919389279857328,-0.29193722488259377,0.0017932193547116682
2029,P3,flat_transformer,oracle_target,pacc,append,0.030993547075884986,0.014083630548587968,0.0009568347802122034
2029,P3,flat_transformer,oracle_target,pacc,replace,0.041778110817286766,0.009735456172093761,0.0019099785428846657
2029,P3,flat_transformer,oracle_target,pcc,append,0.29328390477129146,0.21404934949393217,0.0005919571907583566
2029,P3,flat_transformer,oracle_target,pcc,replace,0.31944977172747224,0.11576969316361793,0.0017603282873022142
2029,P3,flat_transformer,source_only,acc,append,0.23459440663085754,-0.23450427480411554,0.0006235358963758944
2029,P3,flat_transformer,source_only,acc,replace,0.3198997336561743,-0.31982247780468115,0.0010476338116891953
2029,P3,flat_transformer,source_only,cc,append,0.2137797499437948,-0.19923753405269,0.0007446832942905511
2029,P3,flat_transformer,source_only,cc,replace,0.30263142857142855,-0.2899942857142857,0.0012515830364114612
2029,P3,flat_transformer,source_only,dys,append,0.23301011874993496,-0.23013601824936625,0.0006235358963758944
2029,P3,flat_transformer,source_only,dys,replace,0.32221908674879224,-0.3197555720340191,0.0003764837890509528
2029,P3,flat_transformer,source_only,emq,append,0.24614098385185354,-0.24614097607912072,0.0006120048841731211
2029,P3,flat_transformer,source_only,emq,replace,0.3333775531283814,-0.333377546466039,0.00046654461702000995
2029,P3,flat_transformer,source_only,hdy,append,0.21822991241676082,-0.21288077898436286,0.0006901861038384244
2029,P3,flat_transformer,source_only,hdy,replace,0.30341845418449087,-0.2988297996062993,0.001222752088295684
2029,P3,flat_transformer,source_only,kdey,append,0.24697421220413196,-0.24697222525046977,0.0006759278397868443
2029,P3,flat_transformer,source_only,kdey,replace,0.3345547753404587,-0.33455307223731967,0.0002963066858271386
2029,P3,flat_transformer,source_only,median_sweep,append,0.24524758604116179,-0.24524758604116179,0.0006120048841731211
2029,P3,flat_transformer,source_only,median_sweep,replace,0.33137835694082224,-0.33137835694082224,0.00046654461702000995
2029,P3,flat_transformer,source_only,pacc,append,0.26525952235457567,-0.26525952235457567,0.0007224346607872577
2029,P3,flat_transformer,source_only,pacc,replace,0.35502822813726675,-0.35502822813726675,0.0004153625071359586
2029,P3,flat_transformer,source_only,pcc,append,0.20001972036630042,-0.07198656588827576,0.0007299465650023701
2029,P3,flat_transformer,source_only,pcc,replace,0.27368013350448894,-0.16385678178924679,0.0016868360269558771
2029,P3,flat_transformer,target_real_anchor,acc,append,0.26218518524115597,-0.26218518524115597,0.0018694115260361284
2029,P3,flat_transformer,target_real_anchor,acc,replace,0.35019224148406175,-0.35019224148406175,0.000922836407540797
2029,P3,flat_transformer,target_real_anchor,cc,append,0.19672121868731482,-0.1650143779149185,0.0010281261004700232
2029,P3,flat_transformer,target_real_anchor,cc,replace,0.2806342857142857,-0.25304000000000004,0.0017600412081602262
2029,P3,flat_transformer,target_real_anchor,dys,append,0.23301011874993496,-0.23013601824936625,0.0014233862324498634
2029,P3,flat_transformer,target_real_anchor,dys,replace,0.32221908674879224,-0.3197555720340191,0.0010933204065696487
2029,P3,flat_transformer,target_real_anchor,emq,append,0.24614098385185354,-0.24614097607912072,0.0014919024543352465
2029,P3,flat_transformer,target_real_anchor,emq,replace,0.3333775531283814,-0.333377546466039,0.001175055939421343
2029,P3,flat_transformer,target_real_anchor,hdy,append,0.21822991241676082,-0.21288077898436286,0.0013844391621882098
2029,P3,flat_transformer,target_real_anchor,hdy,replace,0.30341845418449087,-0.2988297996062993,0.001780177759404666
2029,P3,flat_transformer,target_real_anchor,kdey,append,0.24697421220413196,-0.24697222525046977,0.0017424746987582515
2029,P3,flat_transformer,target_real_anchor,kdey,replace,0.3345547753404587,-0.33455307223731967,0.0009626173743577284
2029,P3,flat_transformer,target_real_anchor,median_sweep,append,0.24524758604116179,-0.24524758604116179,0.0014919024543352465
2029,P3,flat_transformer,target_real_anchor,median_sweep,replace,0.33137835694082224,-0.33137835694082224,0.001175055939421343
2029,P3,flat_transformer,target_real_anchor,pacc,append,0.26525952235457567,-0.26525952235457567,0.0018694115260361284
2029,P3,flat_transformer,target_real_anchor,pacc,replace,0.35502822813726675,-0.35502822813726675,0.0009230824753767773
2029,P3,flat_transformer,target_real_anchor,pcc,append,0.20001972036630042,-0.07198656588827576,0.0005967896896483
2029,P3,flat_transformer,target_real_anchor,pcc,replace,0.27368013350448894,-0.16385678178924679,0.0015406307210771518
2029,P4,char3gram,oracle_target,acc,append,0.043863620416976216,0.0030520038816506776,0.0015491747431598366
2029,P4,char3gram,oracle_target,acc,replace,0.05281904141461142,0.0021148813401582253,0.002720813073748143
2029,P4,char3gram,oracle_target,cc,append,0.21570611981772336,-0.1961855531827123,0.0026814627256441835
2029,P4,char3gram,oracle_target,cc,replace,0.30533,-0.28835571428571427,0.0031609053984002003
2029,P4,char3gram,oracle_target,dys,append,0.03654092289346153,-0.014143336517975582,0.0017969240426867234
2029,P4,char3gram,oracle_target,dys,replace,0.04153339562505154,-0.011642373202125394,0.002858652073203517
2029,P4,char3gram,oracle_target,emq,append,0.06515748110545776,-0.02602712384274933,0.0023224224120772003
2029,P4,char3gram,oracle_target,emq,replace,0.060176101355129005,-0.014721108422316265,0.0029184055460409085
2029,P4,char3gram,oracle_target,hdy,append,0.02419627130249513,0.007591282902199077,0.0016740063233965333
2029,P4,char3gram,oracle_target,hdy,replace,0.02979208885213313,0.012645876081921649,0.0027516535758577657
2029,P4,char3gram,oracle_target,kdey,append,0.04211206535258889,0.03995529802203412,0.00172013037220764
2029,P4,char3gram,oracle_target,kdey,replace,0.04464542878487715,0.03727526818804571,0.0024358665196821112
2029,P4,char3gram,oracle_target,median_sweep,append,0.03029084087371855,-0.0017692774960468163,0.0015711841440448034
2029,P4,char3gram,oracle_target,median_sweep,replace,0.034584658979871,0.0015837600156340989,0.0029749191257045482
2029,P4,char3gram,oracle_target,pacc,append,0.03222200913150278,0.01912711218481697,0.0016740063233965333
2029,P4,char3gram,oracle_target,pacc,replace,0.03495414097722242,0.01900234981193269,0.0025972049974736715
2029,P4,char3gram,oracle_target,pcc,append,0.2864335477256019,0.20901161805191845,0.0003563609082418333
2029,P4,char3gram,oracle_target,pcc,replace,0.31146622859262746,0.11359973743674766,0.0015259896848363085
2029,P4,char3gram,source_only,acc,append,0.7249908620369842,0.7249908620369842,
2029,P4,char3gram,source_only,acc,replace,0.6214285714285714,0.6214285714285714,
2029,P4,char3gram,source_only,cc,append,0.7247147735433118,0.7247147735433118,
2029,P4,char3gram,source_only,cc,replace,0.6212342857142856,0.6212342857142856,
2029,P4,char3gram,source_only,dys,append,0.7249849011759976,0.7249849011759976,
2029,P4,char3gram,source_only,dys,replace,0.6214243136707238,0.6214226105675849,
2029,P4,char3gram,source_only,emq,append,0.7249908619282726,0.7249908619282726,
2029,P4,char3gram,source_only,emq,replace,0.6214285713403767,0.621428571331837,
2029,P4,char3gram,source_only,hdy,append,0.7249849011759976,0.7249849011759976,
2029,P4,char3gram,source_only,hdy,replace,0.6214243136707238,0.6214226105675849,
2029,P4,char3gram,source_only,kdey,append,0.7249849011759976,0.7249849011759976,
2029,P4,char3gram,source_only,kdey,replace,0.6214243136707238,0.6214226105675849,
2029,P4,char3gram,source_only,median_sweep,append,0.7249908620369842,0.7249908620369842,
2029,P4,char3gram,source_only,median_sweep,replace,0.6214285714285714,0.6214285714285714,
2029,P4,char3gram,source_only,pacc,append,0.7249908620369842,0.7249908620369842,
2029,P4,char3gram,source_only,pacc,replace,0.6214285714285714,0.6214285714285714,
2029,P4,char3gram,source_only,pcc,append,0.6891626606425207,0.6891626606425207,
2029,P4,char3gram,source_only,pcc,replace,0.5951008401843175,0.586426403891648,
2029,P4,char3gram,target_real_anchor,acc,append,0.7249908620369842,0.7249908620369842,0.00034023662976742327
2029,P4,char3gram,target_real_anchor,acc,replace,0.6214285714285714,0.6214285714285714,0.0016496387724167685
2029,P4,char3gram,target_real_anchor,cc,append,0.21256083117285016,-0.18982683623774413,0.0022126146402706767
2029,P4,char3gram,target_real_anchor,cc,replace,0.3011985714285714,-0.28136714285714287,0.0032848825764286286
2029,P4,char3gram,target_real_anchor,dys,append,0.7249849011759976,0.7249849011759976,0.00034023662976742327
2029,P4,char3gram,target_real_anchor,dys,replace,0.6214243136707238,0.6214226105675849,0.0016496387724167685
2029,P4,char3gram,target_real_anchor,emq,append,0.7249908619282726,0.7249908619282726,0.00034023662976742327
2029,P4,char3gram,target_real_anchor,emq,replace,0.6214285713403767,0.621428571331837,0.0016496387724167685
2029,P4,char3gram,target_real_anchor,hdy,append,0.7249849011759976,0.7249849011759976,0.00034023662976742327
2029,P4,char3gram,target_real_anchor,hdy,replace,0.6214243136707238,0.6214226105675849,0.0016496387724167685
2029,P4,char3gram,target_real_anchor,kdey,append,0.7249849011759976,0.7249849011759976,0.00034023662976742327
2029,P4,char3gram,target_real_anchor,kdey,replace,0.6214243136707238,0.6214226105675849,0.0016496387724167685
2029,P4,char3gram,target_real_anchor,median_sweep,append,0.7249908620369842,0.7249908620369842,0.00034023662976742327
2029,P4,char3gram,target_real_anchor,median_sweep,replace,0.6214285714285714,0.6214285714285714,0.0016496387724167685
2029,P4,char3gram,target_real_anchor,pacc,append,0.7249908620369842,0.7249908620369842,0.00034023662976742327
2029,P4,char3gram,target_real_anchor,pacc,replace,0.6214285714285714,0.6214285714285714,0.0016496387724167685
2029,P4,char3gram,target_real_anchor,pcc,append,0.6891626606425207,0.6891626606425207,0.00034023662976742327
2029,P4,char3gram,target_real_anchor,pcc,replace,0.5951008401843175,0.586426403891648,0.0016496387724167685
2029,P4,column_positional_ablation,oracle_target,acc,append,0.0665481194854402,-0.06141833653987123,0.0003694230092018134
2029,P4,column_positional_ablation,oracle_target,acc,replace,0.08216150375939846,-0.07468822055137841,0.000836753676253447
2029,P4,column_positional_ablation,oracle_target,cc,append,0.2133964168924966,-0.19693312471142663,0.0002743998132071433
2029,P4,column_positional_ablation,oracle_target,cc,replace,0.30212,-0.2879971428571429,0.0008900683740493299
2029,P4,column_positional_ablation,oracle_target,dys,append,0.035896129364581086,0.026920794340948392,0.00048224511199911
2029,P4,column_positional_ablation,oracle_target,dys,replace,0.0346335114785945,0.01819250624327123,0.0006984225411261172
2029,P4,column_positional_ablation,oracle_target,emq,append,0.06514166463330408,-0.006797965242775019,0.00038028417007331003
2029,P4,column_positional_ablation,oracle_target,emq,replace,0.056446997610751226,-0.009737764158858825,0.0008543885378320813
2029,P4,column_positional_ablation,oracle_target,hdy,append,0.039847997541281856,0.03304743925651482,0.00046411127953084
2029,P4,column_positional_ablation,oracle_target,hdy,replace,0.03714775824881933,0.027000452833838742,0.0006736107009980315
2029,P4,column_positional_ablation,oracle_target,kdey,append,0.39037329735412146,0.39037329735412146,0.0007314776537595433
2029,P4,column_positional_ablation,oracle_target,kdey,replace,0.33452830001092676,0.3332146398666159,0.0008426593043169972
2029,P4,column_positional_ablation,oracle_target,pacc,append,0.06880350144142017,0.06640933416538343,0.00051712522774942
2029,P4,column_positional_ablation,oracle_target,pacc,replace,0.05967730039980648,0.05251983085393119,0.0006983405185141228
2029,P4,column_positional_ablation,oracle_target,pcc,append,0.2960160109699236,0.21712869235317286,0.0007314776537595433
2029,P4,column_positional_ablation,oracle_target,pcc,replace,0.3215736471881404,0.11799514422575309,0.0008426593043169972
2029,P4,column_positional_ablation,source_only,acc,append,0.7249908620369842,0.7249908620369842,0.1736864959672823
2029,P4,column_positional_ablation,source_only,acc,replace,0.6214285714285714,0.6214285714285714,0.17683584089409135
2029,P4,column_positional_ablation,source_only,cc,append,0.7149250634418655,0.7149250634418655,0.1736864959672823
2029,P4,column_positional_ablation,source_only,cc,replace,0.6126442857142858,0.6126442857142858,0.17683584089409135
2029,P4,column_positional_ablation,source_only,dys,append,0.7249849011759976,0.7249849011759976,0.1736864959672823
2029,P4,column_positional_ablation,source_only,dys,replace,0.6214243136707238,0.6214226105675849,0.17683584089409135
2029,P4,column_positional_ablation,source_only,emq,append,0.724990861890085,0.724990861890085,0.1736864959672823
2029,P4,column_positional_ablation,source_only,emq,replace,0.6214285713054281,0.621428571298691,0.17683584089409135
2029,P4,column_positional_ablation,source_only,hdy,append,0.7249849011759976,0.7249849011759976,0.1736864959672823
2029,P4,column_positional_ablation,source_only,hdy,replace,0.6214243136707238,0.6214226105675849,0.17683584089409135
2029,P4,column_positional_ablation,source_only,kdey,append,0.7249849011759976,0.7249849011759976,0.1736864959672823
2029,P4,column_positional_ablation,source_only,kdey,replace,0.6214243136707238,0.6214226105675849,0.17683584089409135
2029,P4,column_positional_ablation,source_only,median_sweep,append,0.7249908620369842,0.7249908620369842,0.1736864959672823
2029,P4,column_positional_ablation,source_only,median_sweep,replace,0.6214285714285714,0.6214285714285714,0.17683584089409135
2029,P4,column_positional_ablation,source_only,pacc,append,0.7249908620369842,0.7249908620369842,0.1736864959672823
2029,P4,column_positional_ablation,source_only,pacc,replace,0.6214285714285714,0.6214285714285714,0.17683584089409135
2029,P4,column_positional_ablation,source_only,pcc,append,0.6830231278002519,0.6830231278002519,0.1736864959672823
2029,P4,column_positional_ablation,source_only,pcc,replace,0.5895099713147102,0.5811009790975079,0.17683584089409135
2029,P4,column_positional_ablation,target_real_anchor,acc,append,0.19242018934867253,-0.16573604984609222,0.00034468635646806874
2029,P4,column_positional_ablation,target_real_anchor,acc,replace,0.27313530224282434,-0.25041197499648826,0.0009069650321200286
2029,P4,column_positional_ablation,target_real_anchor,cc,append,0.221331272959998,-0.20871829733480018,0.0005296131704254821
2029,P4,column_positional_ablation,target_real_anchor,cc,replace,0.3119242857142857,-0.30112428571428573,0.0010921720900017341
2029,P4,column_positional_ablation,target_real_anchor,dys,append,0.7249849011759976,0.7249849011759976,0.0005497565568875668
2029,P4,column_positional_ablation,target_real_anchor,dys,replace,0.6214243136707238,0.6214226105675849,0.00066343989711082
2029,P4,column_positional_ablation,target_real_anchor,emq,append,0.724990861890085,0.724990861890085,0.0005497565568875668
2029,P4,column_positional_ablation,target_real_anchor,emq,replace,0.6214285713054281,0.621428571298691,0.00066343989711082
2029,P4,column_positional_ablation,target_real_anchor,hdy,append,0.7249849011759976,0.7249849011759976,0.0005497565568875668
2029,P4,column_positional_ablation,target_real_anchor,hdy,replace,0.6214243136707238,0.6214226105675849,0.00066343989711082
2029,P4,column_positional_ablation,target_real_anchor,kdey,append,0.7249849011759976,0.7249849011759976,0.0005497565568875668
2029,P4,column_positional_ablation,target_real_anchor,kdey,replace,0.6214243136707238,0.6214226105675849,0.00066343989711082
2029,P4,column_positional_ablation,target_real_anchor,median_sweep,append,0.7249908620369842,0.7249908620369842,0.0005497565568875668
2029,P4,column_positional_ablation,target_real_anchor,median_sweep,replace,0.6214285714285714,0.6214285714285714,0.00066343989711082
2029,P4,column_positional_ablation,target_real_anchor,pacc,append,0.7249908620369842,0.7249908620369842,0.0005497565568875668
2029,P4,column_positional_ablation,target_real_anchor,pacc,replace,0.6214285714285714,0.6214285714285714,0.00066343989711082
2029,P4,column_positional_ablation,target_real_anchor,pcc,append,0.6830231278002519,0.6830231278002519,0.0005497565568875668
2029,P4,column_positional_ablation,target_real_anchor,pcc,replace,0.5895099713147102,0.5811009790975079,0.00066343989711082
2029,P4,datum_ta,oracle_target,cc,append,0.2750091379630159,-0.2750091379630159,0.0
2029,P4,datum_ta,oracle_target,cc,replace,0.37857142857142856,-0.37857142857142856,0.0
2029,P4,datum_ta,oracle_target,dys,append,0.7249849011759976,0.7249849011759976,0.0
2029,P4,datum_ta,oracle_target,dys,replace,0.6214243136707238,0.6214226105675849,0.0
2029,P4,datum_ta,oracle_target,emq,append,0.30832419537031747,0.22499086203698412,0.0
2029,P4,datum_ta,oracle_target,emq,replace,0.3357142857142857,0.12142857142857143,0.0
2029,P4,datum_ta,oracle_target,hdy,append,0.7249849011759976,0.7249849011759976,0.0
2029,P4,datum_ta,oracle_target,hdy,replace,0.6214243136707238,0.6214226105675849,0.0
2029,P4,datum_ta,oracle_target,pcc,append,0.30832419537031747,0.22499086203698412,0.0
2029,P4,datum_ta,oracle_target,pcc,replace,0.3357142857142857,0.12142857142857143,0.0
2029,P4,datum_ta,source_only,acc,append,0.2750091379630159,-0.2750091379630159,0.0
2029,P4,datum_ta,source_only,acc,replace,0.37857142857142856,-0.37857142857142856,0.0
2029,P4,datum_ta,source_only,cc,append,0.2750091379630159,-0.2750091379630159,0.0
2029,P4,datum_ta,source_only,cc,replace,0.37857142857142856,-0.37857142857142856,0.0
2029,P4,datum_ta,source_only,dys,append,0.2750051640556915,-0.27500317710202926,0.0
2029,P4,datum_ta,source_only,dys,replace,0.378567170813581,-0.37856546771044197,0.0
2029,P4,datum_ta,source_only,emq,append,0.27500913497711316,-0.2750091334868804,0.0
2029,P4,datum_ta,source_only,emq,replace,0.37857142537054983,-0.3785714240932075,0.0
2029,P4,datum_ta,source_only,hdy,append,0.2750051640556915,-0.27500317710202926,0.0
2029,P4,datum_ta,source_only,hdy,replace,0.378567170813581,-0.37856546771044197,0.0
2029,P4,datum_ta,source_only,kdey,append,0.2750051640556915,-0.27500317710202926,0.0
2029,P4,datum_ta,source_only,kdey,replace,0.378567170813581,-0.37856546771044197,0.0
2029,P4,datum_ta,source_only,median_sweep,append,0.2750091379630159,-0.2750091379630159,0.0
2029,P4,datum_ta,source_only,median_sweep,replace,0.37857142857142856,-0.37857142857142856,0.0
2029,P4,datum_ta,source_only,pacc,append,0.2750091379630159,-0.2750091379630159,0.0
2029,P4,datum_ta,source_only,pacc,replace,0.37857142857142856,-0.37857142857142856,0.0
2029,P4,datum_ta,source_only,pcc,append,0.23694264633228404,0.010876204827165389,0.0
2029,P4,datum_ta,source_only,pcc,replace,0.3051133793120291,-0.09268156233346639,0.0
2029,P4,datum_ta,target_real_anchor,cc,append,0.19301126420317505,-0.16502813030004118,0.00077817586085463
2029,P4,datum_ta,target_real_anchor,cc,replace,0.2740571428571429,-0.25015714285714286,0.0013115415657788201
2029,P4,datum_ta,target_real_anchor,dys,append,0.2750051640556915,-0.27500317710202926,0.0016261597997335399
2029,P4,datum_ta,target_real_anchor,dys,replace,0.378567170813581,-0.37856546771044197,0.0012207425343018176
2029,P4,datum_ta,target_real_anchor,emq,append,0.27500913497711316,-0.2750091334868804,0.0016261597997335399
2029,P4,datum_ta,target_real_anchor,emq,replace,0.37857142537054983,-0.3785714240932075,0.0012207425343018176
2029,P4,datum_ta,target_real_anchor,hdy,append,0.2750051640556915,-0.27500317710202926,0.0016261597997335399
2029,P4,datum_ta,target_real_anchor,hdy,replace,0.378567170813581,-0.37856546771044197,0.0012207425343018176
2029,P4,datum_ta,target_real_anchor,kdey,append,0.2750051640556915,-0.27500317710202926,0.0016261597997335399
2029,P4,datum_ta,target_real_anchor,kdey,replace,0.378567170813581,-0.37856546771044197,0.0012207425343018176
2029,P4,datum_ta,target_real_anchor,median_sweep,append,0.2750091379630159,-0.2750091379630159,0.0016261597997335399
2029,P4,datum_ta,target_real_anchor,median_sweep,replace,0.37857142857142856,-0.37857142857142856,0.0012207425343018176
2029,P4,datum_ta,target_real_anchor,pacc,append,0.2750091379630159,-0.2750091379630159,0.0016261597997335399
2029,P4,datum_ta,target_real_anchor,pacc,replace,0.37857142857142856,-0.37857142857142856,0.0012207425343018176
2029,P4,datum_ta,target_real_anchor,pcc,append,0.23694264633228404,0.010876204827165389,0.00028717483502516995
2029,P4,datum_ta,target_real_anchor,pcc,replace,0.3051133793120291,-0.09268156233346639,0.0010907777055978573
2029,P4,datum_transformer,oracle_target,acc,append,0.07704082320762144,-0.050223975126739054,0.00087353398251494
2029,P4,datum_transformer,oracle_target,acc,replace,0.08466830357142854,-0.0495497321428571,0.0005007890575273512
2029,P4,datum_transformer,oracle_target,cc,append,0.25276540614319415,-0.2356455612555715,0.0010001837306508367
2029,P4,datum_transformer,oracle_target,cc,replace,0.35793142857142857,-0.3432914285714286,0.0006704118191302841
2029,P4,datum_transformer,oracle_target,dys,append,0.06971475743890067,-0.036983169348662595,0.0008987491004853366
2029,P4,datum_transformer,oracle_target,dys,replace,0.08902935564556147,-0.03768010450194577,0.0006078285661790964
2029,P4,datum_transformer,oracle_target,emq,append,0.08599557787093456,-0.05486985712592027,0.0007981757077457567
2029,P4,datum_transformer,oracle_target,emq,replace,0.0968210940228011,-0.05491195231038849,0.0005649307401064049
2029,P4,datum_transformer,oracle_target,hdy,append,0.051171582537602935,-0.01759407593944713,0.0007143964448118866
2029,P4,datum_transformer,oracle_target,hdy,replace,0.059304316102265824,-0.009707651725693088,0.0006331325419791478
2029,P4,datum_transformer,oracle_target,kdey,append,0.04427352753069667,-0.006770943711498202,0.0007837260575995367
2029,P4,datum_transformer,oracle_target,kdey,replace,0.043119316737427714,-0.009386459457144182,0.0006081156453210741
2029,P4,datum_transformer,oracle_target,pacc,append,0.09171675272640213,-0.06721034552968053,0.0009157346163856867
2029,P4,datum_transformer,oracle_target,pacc,replace,0.10243492101675333,-0.07198772973553182,0.0006221825232779878
2029,P4,datum_transformer,oracle_target,pcc,append,0.30611775990553064,0.2228001785031271,0.00040076248220107316
2029,P4,datum_transformer,oracle_target,pcc,replace,0.3334494946745056,0.11987051137733204,0.00040195181007498805
2029,P4,datum_transformer,source_only,acc,append,0.7249908620369842,0.7249908620369842,
2029,P4,datum_transformer,source_only,acc,replace,0.6214285714285714,0.6214285714285714,
2029,P4,datum_transformer,source_only,cc,append,0.7249908620369842,0.7249908620369842,
2029,P4,datum_transformer,source_only,cc,replace,0.6214285714285714,0.6214285714285714,
2029,P4,datum_transformer,source_only,dys,append,0.7249849011759976,0.7249849011759976,
2029,P4,datum_transformer,source_only,dys,replace,0.6214243136707238,0.6214226105675849,
2029,P4,datum_transformer,source_only,emq,append,0.7249908608132151,0.7249908608132151,
2029,P4,datum_transformer,source_only,emq,replace,0.6214285706031668,0.6214285701548361,
2029,P4,datum_transformer,source_only,hdy,append,0.7249849011759976,0.7249849011759976,
2029,P4,datum_transformer,source_only,hdy,replace,0.6214243136707238,0.6214226105675849,
2029,P4,datum_transformer,source_only,kdey,append,0.7249849011759976,0.7249849011759976,
2029,P4,datum_transformer,source_only,kdey,replace,0.6214243136707238,0.6214226105675849,
2029,P4,datum_transformer,source_only,median_sweep,append,0.7249908620369842,0.7249908620369842,
2029,P4,datum_transformer,source_only,median_sweep,replace,0.6214285714285714,0.6214285714285714,
2029,P4,datum_transformer,source_only,pacc,append,0.7249908620369842,0.7249908620369842,
2029,P4,datum_transformer,source_only,pacc,replace,0.6214285714285714,0.6214285714285714,
2029,P4,datum_transformer,source_only,pcc,append,0.5549012487203804,0.5549012487203804,
2029,P4,datum_transformer,source_only,pcc,replace,0.5003871255024801,0.4509007756774542,
2029,P4,datum_transformer,target_real_anchor,acc,append,0.26725804575283213,-0.25710697757938733,0.0006216698819530067
2029,P4,datum_transformer,target_real_anchor,acc,replace,0.37141113752743227,-0.36271089716793814,0.0008609093354855679
2029,P4,datum_transformer,target_real_anchor,cc,append,0.2556516192255634,-0.24240528810812123,0.0006216698819530067
2029,P4,datum_transformer,target_real_anchor,cc,replace,0.35983857142857145,-0.3484842857142857,0.0008609093354855679
2029,P4,datum_transformer,target_real_anchor,dys,append,0.7249849011759976,0.7249849011759976,0.00072764993186651
2029,P4,datum_transformer,target_real_anchor,dys,replace,0.6214243136707238,0.6214226105675849,0.00047979126885697144
2029,P4,datum_transformer,target_real_anchor,emq,append,0.7249908608132151,0.7249908608132151,0.00072764993186651
2029,P4,datum_transformer,target_real_anchor,emq,replace,0.6214285706031668,0.6214285701548361,0.00047979126885697144
2029,P4,datum_transformer,target_real_anchor,hdy,append,0.7249849011759976,0.7249849011759976,0.00072764993186651
2029,P4,datum_transformer,target_real_anchor,hdy,replace,0.6214243136707238,0.6214226105675849,0.00047979126885697144
2029,P4,datum_transformer,target_real_anchor,kdey,append,0.7249849011759976,0.7249849011759976,0.00072764993186651
2029,P4,datum_transformer,target_real_anchor,kdey,replace,0.6214243136707238,0.6214226105675849,0.00047979126885697144
2029,P4,datum_transformer,target_real_anchor,median_sweep,append,0.7249908620369842,0.7249908620369842,0.00072764993186651
2029,P4,datum_transformer,target_real_anchor,median_sweep,replace,0.6214285714285714,0.6214285714285714,0.00047979126885697144
2029,P4,datum_transformer,target_real_anchor,pacc,append,0.7249908620369842,0.7249908620369842,0.00072764993186651
2029,P4,datum_transformer,target_real_anchor,pacc,replace,0.6214285714285714,0.6214285714285714,0.00047979126885697144
2029,P4,datum_transformer,target_real_anchor,pcc,append,0.5549012487203804,0.5549012487203804,0.00072764993186651
2029,P4,datum_transformer,target_real_anchor,pcc,replace,0.5003871255024801,0.4509007756774542,0.00047979126885697144
2029,P4,flat_transformer,oracle_target,acc,append,0.32153121201383,-0.0037957163160356354,0.0006668848468145461
2029,P4,flat_transformer,oracle_target,acc,replace,0.3369467857142857,-0.04627964285714288,0.0011569289421707368
2029,P4,flat_transformer,oracle_target,cc,append,0.24299625767815294,-0.22487912883991304,0.000474493975165716
2029,P4,flat_transformer,oracle_target,cc,replace,0.3444271428571428,-0.3288785714285714,0.0005226480836236712
2029,P4,flat_transformer,oracle_target,dys,append,0.12469878800801211,0.08613606653041074,0.0010039636060202226
2029,P4,flat_transformer,oracle_target,dys,replace,0.14502415636623994,0.0638924931595645,0.001285950510836797
2029,P4,flat_transformer,oracle_target,emq,append,0.10027236314481028,0.061850687632508186,0.0008040608301563134
2029,P4,flat_transformer,oracle_target,emq,replace,0.11437533850303613,0.04847459712687248,0.0011776396516991572
2029,P4,flat_transformer,oracle_target,hdy,append,0.1318247504234258,0.1027956136060117,0.00090597392555845
2029,P4,flat_transformer,oracle_target,hdy,replace,0.13983513332380051,0.09278872703507042,0.001202656548357223
2029,P4,flat_transformer,oracle_target,kdey,append,0.7211841535366431,0.7211841535366431,0.0008264051567069166
2029,P4,flat_transformer,oracle_target,kdey,replace,0.6187359896352509,0.6180191061681518,0.0013902012506807628
2029,P4,flat_transformer,oracle_target,pacc,append,0.0985489203579702,0.03328602180233111,0.0007734869015356666
2029,P4,flat_transformer,oracle_target,pacc,replace,0.1129124701864876,0.027966776844294532,0.0011376946396582314
2029,P4,flat_transformer,oracle_target,pcc,append,0.3065480650961639,0.22368161479312604,0.0008264051567069166
2029,P4,flat_transformer,oracle_target,pcc,replace,0.333832071127811,0.12075074401244111,0.0013902012506807628
2029,P4,flat_transformer,source_only,acc,append,0.7249908620369842,0.7249908620369842,0.09249601438457883
2029,P4,flat_transformer,source_only,acc,replace,0.6214285714285714,0.6214285714285714,0.09832354115640661
2029,P4,flat_transformer,source_only,cc,append,0.7013882147013661,0.7013882147013661,0.09249601438457883
2029,P4,flat_transformer,source_only,cc,replace,0.6024457142857143,0.60004,0.09832354115640661
2029,P4,flat_transformer,source_only,dys,append,0.7249849011759976,0.7249849011759976,0.09249601438457883
2029,P4,flat_transformer,source_only,dys,replace,0.6214243136707238,0.6214226105675849,0.09832354115640661
2029,P4,flat_transformer,source_only,emq,append,0.7249908606330743,0.7249908606330743,0.09249601438457883
2029,P4,flat_transformer,source_only,emq,replace,0.6214285702519976,0.6214285701477739,0.09832354115640661
2029,P4,flat_transformer,source_only,hdy,append,0.7249849011759976,0.7249849011759976,0.09249601438457883
2029,P4,flat_transformer,source_only,hdy,replace,0.6214243136707238,0.6214226105675849,0.09832354115640661
2029,P4,flat_transformer,source_only,kdey,append,0.7249849011759976,0.7249849011759976,0.09249601438457883
2029,P4,flat_transformer,source_only,kdey,replace,0.6214243136707238,0.6214226105675849,0.09832354115640661
2029,P4,flat_transformer,source_only,median_sweep,append,0.7249908620369842,0.7249908620369842,0.09249601438457883
2029,P4,flat_transformer,source_only,median_sweep,replace,0.6214285714285714,0.6214285714285714,0.09832354115640661
2029,P4,flat_transformer,source_only,pacc,append,0.7249908620369842,0.7249908620369842,0.09249601438457883
2029,P4,flat_transformer,source_only,pacc,replace,0.6214285714285714,0.6214285714285714,0.09832354115640661
2029,P4,flat_transformer,source_only,pcc,append,0.645495696878344,0.645495696878344,0.09249601438457883
2029,P4,flat_transformer,source_only,pcc,replace,0.5629430303295718,0.543564714337394,0.09832354115640661
2029,P4,flat_transformer,target_real_anchor,acc,append,0.23080791523354602,-0.0636327777947694,0.0012640573086521657
2029,P4,flat_transformer,target_real_anchor,acc,replace,0.3133991662034463,-0.1690722067815453,0.0016111701673917254
2029,P4,flat_transformer,target_real_anchor,cc,append,0.23821990296047768,-0.2111287222070747,0.00042937470335154
2029,P4,flat_transformer,target_real_anchor,cc,replace,0.3383942857142857,-0.31525142857142857,0.0004297984868468526
2029,P4,flat_transformer,target_real_anchor,dys,append,0.7249849011759976,0.7249849011759976,0.0012640573086521657
2029,P4,flat_transformer,target_real_anchor,dys,replace,0.6214243136707238,0.6214226105675849,0.0016111701673917254
2029,P4,flat_transformer,target_real_anchor,emq,append,0.7249908606330743,0.7249908606330743,0.0012640573086521657
2029,P4,flat_transformer,target_real_anchor,emq,replace,0.6214285702519976,0.6214285701477739,0.0016111701673917254
2029,P4,flat_transformer,target_real_anchor,hdy,append,0.7249849011759976,0.7249849011759976,0.0012640573086521657
2029,P4,flat_transformer,target_real_anchor,hdy,replace,0.6214243136707238,0.6214226105675849,0.0016111701673917254
2029,P4,flat_transformer,target_real_anchor,kdey,append,0.7249849011759976,0.7249849011759976,0.0012640573086521657
2029,P4,flat_transformer,target_real_anchor,kdey,replace,0.6214243136707238,0.6214226105675849,0.0016111701673917254
2029,P4,flat_transformer,target_real_anchor,median_sweep,append,0.7249908620369842,0.7249908620369842,0.0012640573086521657
2029,P4,flat_transformer,target_real_anchor,median_sweep,replace,0.6214285714285714,0.6214285714285714,0.0016111701673917254
2029,P4,flat_transformer,target_real_anchor,pacc,append,0.7249908620369842,0.7249908620369842,0.0012640573086521657
2029,P4,flat_transformer,target_real_anchor,pacc,replace,0.6214285714285714,0.6214285714285714,0.0016111701673917254
2029,P4,flat_transformer,target_real_anchor,pcc,append,0.645495696878344,0.645495696878344,0.0012640573086521657
2029,P4,flat_transformer,target_real_anchor,pcc,replace,0.5629430303295718,0.543564714337394,0.0016111701673917254
2030,P1,c2st_lr,oracle_target,acc,append,0.034476587508221475,0.024838805412480444,0.0008913865271837124
2030,P1,c2st_lr,oracle_target,acc,replace,0.03894174303683734,0.016023820305480673,0.0006724521864794464
2030,P1,c2st_lr,oracle_target,cc,append,0.19695798514578913,-0.1753076590932409,0.0006751660652424032
2030,P1,c2st_lr,oracle_target,cc,replace,0.2806642857142857,-0.26199285714285714,0.000446020755692552
2030,P1,c2st_lr,oracle_target,dys,append,0.02886310562520426,0.0065000210659468755,0.0008900530732915407
2030,P1,c2st_lr,oracle_target,dys,replace,0.03407894360932564,-0.0010955278637285988,0.0006951235121452891
2030,P1,c2st_lr,oracle_target,emq,append,0.020382078738046195,0.0049203352379345346,0.000898492192444769
2030,P1,c2st_lr,oracle_target,emq,replace,0.023501412367862674,0.00274524397109126,0.0006204396561880577
2030,P1,c2st_lr,oracle_target,hdy,append,0.020743706603715117,0.003420798503786251,0.0009000448442370383
2030,P1,c2st_lr,oracle_target,hdy,replace,0.024564463965430872,0.0007097877401058563,0.000652693061486152
2030,P1,c2st_lr,oracle_target,kdey,append,0.020176470987460077,-0.0034379756917900036,0.00090581705560592
2030,P1,c2st_lr,oracle_target,kdey,replace,0.023664196654196428,-0.004951006646571571,0.0006204396561880577
2030,P1,c2st_lr,oracle_target,median_sweep,append,0.024545373096473002,0.0008017518147377157,0.0008900530732915407
2030,P1,c2st_lr,oracle_target,median_sweep,replace,0.030957200923813193,-0.004189341718958888,0.0006204396561880577
2030,P1,c2st_lr,oracle_target,pacc,append,0.020852667093332958,0.003455547405988238,0.0008900530732915407
2030,P1,c2st_lr,oracle_target,pacc,replace,0.025067303223045297,0.0003215935934076466,0.0006204396561880577
2030,P1,c2st_lr,oracle_target,pcc,append,0.26830671269002826,0.19545259347407232,0.0009843812362943889
2030,P1,c2st_lr,oracle_target,pcc,replace,0.2922409425988919,0.10538592775139191,0.0008399037251508333
2030,P1,c2st_lr,source_only,acc,append,0.034476587508221475,0.024838805412480444,0.0008913865271837124
2030,P1,c2st_lr,source_only,acc,replace,0.03894174303683734,0.016023820305480673,0.0006724521864794464
2030,P1,c2st_lr,source_only,cc,append,0.19695798514578913,-0.1753076590932409,0.0006751660652424032
2030,P1,c2st_lr,source_only,cc,replace,0.2806642857142857,-0.26199285714285714,0.000446020755692552
2030,P1,c2st_lr,source_only,dys,append,0.02886310562520426,0.0065000210659468755,0.0008900530732915407
2030,P1,c2st_lr,source_only,dys,replace,0.03407894360932564,-0.0010955278637285988,0.0006951235121452891
2030,P1,c2st_lr,source_only,emq,append,0.020382078738046195,0.0049203352379345346,0.000898492192444769
2030,P1,c2st_lr,source_only,emq,replace,0.023501412367862674,0.00274524397109126,0.0006204396561880577
2030,P1,c2st_lr,source_only,hdy,append,0.020743706603715117,0.003420798503786251,0.0009000448442370383
2030,P1,c2st_lr,source_only,hdy,replace,0.024564463965430872,0.0007097877401058563,0.000652693061486152
2030,P1,c2st_lr,source_only,kdey,append,0.020176470987460077,-0.0034379756917900036,0.00090581705560592
2030,P1,c2st_lr,source_only,kdey,replace,0.023664196654196428,-0.004951006646571571,0.0006204396561880577
2030,P1,c2st_lr,source_only,median_sweep,append,0.024545373096473002,0.0008017518147377157,0.0008900530732915407
2030,P1,c2st_lr,source_only,median_sweep,replace,0.030957200923813193,-0.004189341718958888,0.0006204396561880577
2030,P1,c2st_lr,source_only,pacc,append,0.020852667093332958,0.003455547405988238,0.0008900530732915407
2030,P1,c2st_lr,source_only,pacc,replace,0.025067303223045297,0.0003215935934076466,0.0006204396561880577
2030,P1,c2st_lr,source_only,pcc,append,0.26830671269002826,0.19545259347407232,0.0009843812362943889
2030,P1,c2st_lr,source_only,pcc,replace,0.2922409425988919,0.10538592775139191,0.0008399037251508333
2030,P1,c2st_lr,target_real_anchor,acc,append,0.038658652128443834,0.026702614200025312,0.0006370073641361011
2030,P1,c2st_lr,target_real_anchor,acc,replace,0.039208720238095206,0.019317857142857154,0.0006117187111632823
2030,P1,c2st_lr,target_real_anchor,cc,append,0.20810787698324132,-0.19488014668884437,0.0004830756388020244
2030,P1,c2st_lr,target_real_anchor,cc,replace,0.29461857142857145,-0.28329571428571426,0.00044113577391925073
2030,P1,c2st_lr,target_real_anchor,dys,append,0.02886310562520426,0.0065000210659468755,0.0006183938091206322
2030,P1,c2st_lr,target_real_anchor,dys,replace,0.03407894360932564,-0.0010955278637285988,0.000592570208891648
2030,P1,c2st_lr,target_real_anchor,emq,append,0.020382078738046195,0.0049203352379345346,0.0006489536496906823
2030,P1,c2st_lr,target_real_anchor,emq,replace,0.023501412367862674,0.00274524397109126,0.0006233518568605993
2030,P1,c2st_lr,target_real_anchor,hdy,append,0.020743706603715117,0.003420798503786251,0.0006369525646610845
2030,P1,c2st_lr,target_real_anchor,hdy,replace,0.024564463965430872,0.0007097877401058563,0.0006312116672779021
2030,P1,c2st_lr,target_real_anchor,kdey,append,0.020176470987460077,-0.0034379756917900036,0.0006862538256883311
2030,P1,c2st_lr,target_real_anchor,kdey,replace,0.023664196654196428,-0.004951006646571571,0.0006233518568605993
2030,P1,c2st_lr,target_real_anchor,median_sweep,append,0.024545373096473002,0.0008017518147377157,0.0006183938091206322
2030,P1,c2st_lr,target_real_anchor,median_sweep,replace,0.030957200923813193,-0.004189341718958888,0.0006233518568605993
2030,P1,c2st_lr,target_real_anchor,pacc,append,0.020852667093332958,0.003455547405988238,0.0006183938091206322
2030,P1,c2st_lr,target_real_anchor,pacc,replace,0.025067303223045297,0.0003215935934076466,0.0006233518568605993
2030,P1,c2st_lr,target_real_anchor,pcc,append,0.26830671269002826,0.19545259347407232,0.0007107126580393933
2030,P1,c2st_lr,target_real_anchor,pcc,replace,0.2922409425988919,0.10538592775139191,0.0006845863559483744
2030,P1,c2st_xgb,oracle_target,acc,append,0.006719550434782386,0.002666606277581828,0.00058145896295645
2030,P1,c2st_xgb,oracle_target,acc,replace,0.00841935832964552,0.0009347487629239614,0.005581076019005992
2030,P1,c2st_xgb,oracle_target,cc,append,0.057178295105738526,-0.01821849971796737,0.0007658957293855507
2030,P1,c2st_xgb,oracle_target,cc,replace,0.07857142857142854,-0.04507714285714285,0.0055180722797246754
2030,P1,c2st_xgb,oracle_target,dys,append,0.005507192144502968,0.002503724497742571,0.0005836692084489639
2030,P1,c2st_xgb,oracle_target,dys,replace,0.008070380357299168,0.0009340286693960238,0.005542763357469864
2030,P1,c2st_xgb,oracle_target,emq,append,0.004906894244103479,-0.00025310380523343003,0.0005836692084489639
2030,P1,c2st_xgb,oracle_target,emq,replace,0.006194355643602528,-0.001097204354720972,0.005581076019005992
2030,P1,c2st_xgb,oracle_target,hdy,append,0.005039024010327882,0.002659642939555768,0.0006085664366001807
2030,P1,c2st_xgb,oracle_target,hdy,replace,0.006774904079413916,0.001164043507722482,0.005542763357469864
2030,P1,c2st_xgb,oracle_target,kdey,append,0.005900725989463801,0.0029235574300716803,0.0007658957293855507
2030,P1,c2st_xgb,oracle_target,kdey,replace,0.0075491829579699575,0.0008522207812831242,0.005542763357469864
2030,P1,c2st_xgb,oracle_target,median_sweep,append,0.007140877594199933,0.004769834342727238,0.0006085664366001807
2030,P1,c2st_xgb,oracle_target,median_sweep,replace,0.008250889157955002,0.0027991335438860747,0.005481622800339261
2030,P1,c2st_xgb,oracle_target,pacc,append,0.007125350095791993,0.004616788944489689,0.0006894139287478707
2030,P1,c2st_xgb,oracle_target,pacc,replace,0.008276107906446367,0.0028748100504698286,0.005542763357469864
2030,P1,c2st_xgb,oracle_target,pcc,append,0.11357395462211306,0.08358233216990635,0.0007544426391061638
2030,P1,c2st_xgb,oracle_target,pcc,replace,0.12328765460829424,0.04570850647633171,0.005587056990279705
2030,P1,c2st_xgb,source_only,acc,append,0.006719550434782386,0.002666606277581828,0.00058145896295645
2030,P1,c2st_xgb,source_only,acc,replace,0.00841935832964552,0.0009347487629239614,0.005581076019005992
2030,P1,c2st_xgb,source_only,cc,append,0.057178295105738526,-0.01821849971796737,0.0007658957293855507
2030,P1,c2st_xgb,source_only,cc,replace,0.07857142857142854,-0.04507714285714285,0.0055180722797246754
2030,P1,c2st_xgb,source_only,dys,append,0.005507192144502968,0.002503724497742571,0.0005836692084489639
2030,P1,c2st_xgb,source_only,dys,replace,0.008070380357299168,0.0009340286693960238,0.005542763357469864
2030,P1,c2st_xgb,source_only,emq,append,0.004906894244103479,-0.00025310380523343003,0.0005836692084489639
2030,P1,c2st_xgb,source_only,emq,replace,0.006194355643602528,-0.001097204354720972,0.005581076019005992
2030,P1,c2st_xgb,source_only,hdy,append,0.005039024010327882,0.002659642939555768,0.0006085664366001807
2030,P1,c2st_xgb,source_only,hdy,replace,0.006774904079413916,0.001164043507722482,0.005542763357469864
2030,P1,c2st_xgb,source_only,kdey,append,0.005900725989463801,0.0029235574300716803,0.0007658957293855507
2030,P1,c2st_xgb,source_only,kdey,replace,0.0075491829579699575,0.0008522207812831242,0.005542763357469864
2030,P1,c2st_xgb,source_only,median_sweep,append,0.007140877594199933,0.004769834342727238,0.0006085664366001807
2030,P1,c2st_xgb,source_only,median_sweep,replace,0.008250889157955002,0.0027991335438860747,0.005481622800339261
2030,P1,c2st_xgb,source_only,pacc,append,0.007125350095791993,0.004616788944489689,0.0006894139287478707
2030,P1,c2st_xgb,source_only,pacc,replace,0.008276107906446367,0.0028748100504698286,0.005542763357469864
2030,P1,c2st_xgb,source_only,pcc,append,0.11357395462211306,0.08358233216990635,0.0007544426391061638
2030,P1,c2st_xgb,source_only,pcc,replace,0.12328765460829424,0.04570850647633171,0.005587056990279705
2030,P1,c2st_xgb,target_real_anchor,acc,append,0.007541897946917056,0.005211991049631822,0.0006294815695665448
2030,P1,c2st_xgb,target_real_anchor,acc,replace,0.008927751703560291,0.0033792972057578264,0.005480824293703221
2030,P1,c2st_xgb,target_real_anchor,cc,append,0.05810323691201828,-0.028986109424340753,0.0006520954862585482
2030,P1,c2st_xgb,target_real_anchor,cc,replace,0.08112142857142852,-0.0561242857142857,0.005527889214249855
2030,P1,c2st_xgb,target_real_anchor,dys,append,0.005507192144502968,0.002503724497742571,0.0005503145946528382
2030,P1,c2st_xgb,target_real_anchor,dys,replace,0.008070380357299168,0.0009340286693960238,0.005480824293703221
2030,P1,c2st_xgb,target_real_anchor,emq,append,0.004906894244103479,-0.00025310380523343003,0.0005503145946528382
2030,P1,c2st_xgb,target_real_anchor,emq,replace,0.006194355643602528,-0.001097204354720972,0.005512936786065541
2030,P1,c2st_xgb,target_real_anchor,hdy,append,0.005039024010327882,0.002659642939555768,0.0005540044259709183
2030,P1,c2st_xgb,target_real_anchor,hdy,replace,0.006774904079413916,0.001164043507722482,0.005480824293703221
2030,P1,c2st_xgb,target_real_anchor,kdey,append,0.005900725989463801,0.0029235574300716803,0.0006520954862585482
2030,P1,c2st_xgb,target_real_anchor,kdey,replace,0.0075491829579699575,0.0008522207812831242,0.005480824293703221
2030,P1,c2st_xgb,target_real_anchor,median_sweep,append,0.007140877594199933,0.004769834342727238,0.0005540044259709183
2030,P1,c2st_xgb,target_real_anchor,median_sweep,replace,0.008250889157955002,0.0027991335438860747,0.0054875881146201014
2030,P1,c2st_xgb,target_real_anchor,pacc,append,0.007125350095791993,0.004616788944489689,0.0005729285113448416
2030,P1,c2st_xgb,target_real_anchor,pacc,replace,0.008276107906446367,0.0028748100504698286,0.005480824293703221
2030,P1,c2st_xgb,target_real_anchor,pcc,append,0.11357395462211306,0.08358233216990635,0.0006508533648247405
2030,P1,c2st_xgb,target_real_anchor,pcc,replace,0.12328765460829424,0.04570850647633171,0.0056054539568939
2030,P1,char3gram,oracle_target,acc,append,0.008960915222288063,0.0011122451431813014,0.0002737964436967209
2030,P1,char3gram,oracle_target,acc,replace,0.011318346556339686,-0.0009239712825504549,0.003304768454603886
2030,P1,char3gram,oracle_target,cc,append,0.08718279609260522,-0.05514177279939273,0.00045167553961496736
2030,P1,char3gram,oracle_target,cc,replace,0.12285428571428568,-0.09534285714285713,0.0031358608155962115
2030,P1,char3gram,oracle_target,dys,append,0.008516714022193284,-0.0009375687393277643,0.00027671908236450403
2030,P1,char3gram,oracle_target,dys,replace,0.010312387345885382,-0.0026955075829410364,0.003304768454603886
2030,P1,char3gram,oracle_target,emq,append,0.00898205104326946,-0.006607691469504605,0.0003390808849384376
2030,P1,char3gram,oracle_target,emq,replace,0.010669345747829328,-0.007430426854879473,0.003294419182321343
2030,P1,char3gram,oracle_target,hdy,append,0.00660758360918306,-0.0003481819364347429,0.0002737964436967209
2030,P1,char3gram,oracle_target,hdy,replace,0.007902072587691562,-0.0012944283384883236,0.003304768454603886
2030,P1,char3gram,oracle_target,kdey,append,0.006625015191405177,-0.0019074059503115179,0.0002737964436967209
2030,P1,char3gram,oracle_target,kdey,replace,0.007884491944556347,-0.002685133735700478,0.003304768454603886
2030,P1,char3gram,oracle_target,median_sweep,append,0.007903576278340716,-0.001672028732023294,0.0003390808849384376
2030,P1,char3gram,oracle_target,median_sweep,replace,0.009044801823645109,-0.0023502418150997176,0.003304768454603886
2030,P1,char3gram,oracle_target,pacc,append,0.008132784473527402,-0.0024598688039513777,0.0003390808849384376
2030,P1,char3gram,oracle_target,pacc,replace,0.009461130171329697,-0.0031613102608410667,0.003304768454603886
2030,P1,char3gram,oracle_target,pcc,append,0.1516208189946613,0.10905845278550565,0.0004404781802189998
2030,P1,char3gram,oracle_target,pcc,replace,0.16516003774481894,0.05812906475384,0.003086478660105823
2030,P1,char3gram,source_only,acc,append,0.008960915222288063,0.0011122451431813014,0.0002737964436967209
2030,P1,char3gram,source_only,acc,replace,0.011318346556339686,-0.0009239712825504549,0.003304768454603886
2030,P1,char3gram,source_only,cc,append,0.08718279609260522,-0.05514177279939273,0.00045167553961496736
2030,P1,char3gram,source_only,cc,replace,0.12285428571428568,-0.09534285714285713,0.0031358608155962115
2030,P1,char3gram,source_only,dys,append,0.008516714022193284,-0.0009375687393277643,0.00027671908236450403
2030,P1,char3gram,source_only,dys,replace,0.010312387345885382,-0.0026955075829410364,0.003304768454603886
2030,P1,char3gram,source_only,emq,append,0.00898205104326946,-0.006607691469504605,0.0003390808849384376
2030,P1,char3gram,source_only,emq,replace,0.010669345747829328,-0.007430426854879473,0.003294419182321343
2030,P1,char3gram,source_only,hdy,append,0.00660758360918306,-0.0003481819364347429,0.0002737964436967209
2030,P1,char3gram,source_only,hdy,replace,0.007902072587691562,-0.0012944283384883236,0.003304768454603886
2030,P1,char3gram,source_only,kdey,append,0.006625015191405177,-0.0019074059503115179,0.0002737964436967209
2030,P1,char3gram,source_only,kdey,replace,0.007884491944556347,-0.002685133735700478,0.003304768454603886
2030,P1,char3gram,source_only,median_sweep,append,0.007903576278340716,-0.001672028732023294,0.0003390808849384376
2030,P1,char3gram,source_only,median_sweep,replace,0.009044801823645109,-0.0023502418150997176,0.003304768454603886
2030,P1,char3gram,source_only,pacc,append,0.008132784473527402,-0.0024598688039513777,0.0003390808849384376
2030,P1,char3gram,source_only,pacc,replace,0.009461130171329697,-0.0031613102608410667,0.003304768454603886
2030,P1,char3gram,source_only,pcc,append,0.1516208189946613,0.10905845278550565,0.0004404781802189998
2030,P1,char3gram,source_only,pcc,replace,0.16516003774481894,0.05812906475384,0.003086478660105823
2030,P1,char3gram,target_real_anchor,acc,append,0.008982288988978784,0.0033177220505350553,0.00031277713692836
2030,P1,char3gram,target_real_anchor,acc,replace,0.010972377112135136,0.0014551728110599245,0.0035675710798118818
2030,P1,char3gram,target_real_anchor,cc,append,0.08472588903584596,-0.045907140471530855,0.0005099273815623447
2030,P1,char3gram,target_real_anchor,cc,replace,0.11832142857142854,-0.08493285714285714,0.0033769941626816073
2030,P1,char3gram,target_real_anchor,dys,append,0.008516714022193284,-0.0009375687393277643,0.0003160285724462747
2030,P1,char3gram,target_real_anchor,dys,replace,0.010312387345885382,-0.0026955075829410364,0.0035675710798118818
2030,P1,char3gram,target_real_anchor,emq,append,0.00898205104326946,-0.006607691469504605,0.0003840164544556967
2030,P1,char3gram,target_real_anchor,emq,replace,0.010669345747829328,-0.007430426854879473,0.0035576602033295076
2030,P1,char3gram,target_real_anchor,hdy,append,0.00660758360918306,-0.0003481819364347429,0.00031277713692836
2030,P1,char3gram,target_real_anchor,hdy,replace,0.007902072587691562,-0.0012944283384883236,0.0035675710798118818
2030,P1,char3gram,target_real_anchor,kdey,append,0.006625015191405177,-0.0019074059503115179,0.00031277713692836
2030,P1,char3gram,target_real_anchor,kdey,replace,0.007884491944556347,-0.002685133735700478,0.0035675710798118818
2030,P1,char3gram,target_real_anchor,median_sweep,append,0.007903576278340716,-0.001672028732023294,0.0003840164544556967
2030,P1,char3gram,target_real_anchor,median_sweep,replace,0.009044801823645109,-0.0023502418150997176,0.0035675710798118818
2030,P1,char3gram,target_real_anchor,pacc,append,0.008132784473527402,-0.0024598688039513777,0.0003840164544556967
2030,P1,char3gram,target_real_anchor,pacc,replace,0.009461130171329697,-0.0031613102608410667,0.0035675710798118818
2030,P1,char3gram,target_real_anchor,pcc,append,0.1516208189946613,0.10905845278550565,0.0005167407829566115
2030,P1,char3gram,target_real_anchor,pcc,replace,0.16516003774481894,0.05812906475384,0.0034023428341270427
2030,P1,column_positional_ablation,oracle_target,acc,append,0.007860043534567597,0.004499270972863368,0.0007047577817537767
2030,P1,column_positional_ablation,oracle_target,acc,replace,0.008943826827242481,0.002153320182724244,0.008222864767812643
2030,P1,column_positional_ablation,oracle_target,cc,append,0.0632561146644388,-0.02342436358012231,0.0009211609086118134
2030,P1,column_positional_ablation,oracle_target,cc,replace,0.08655142857142853,-0.05303999999999999,0.00826875541389454
2030,P1,column_positional_ablation,oracle_target,dys,append,0.007135986889271359,0.0014948030190312794,0.0007825913027753099
2030,P1,column_positional_ablation,oracle_target,dys,replace,0.009485095897576963,-0.0007788951798221739,0.008161364099846186
2030,P1,column_positional_ablation,oracle_target,emq,append,0.006296908977769285,-0.0028858496549665855,0.0007533283831140834
2030,P1,column_positional_ablation,oracle_target,emq,replace,0.007918776555275652,-0.004072690169854049,0.00822234808704815
2030,P1,column_positional_ablation,oracle_target,hdy,append,0.006380436630971031,0.0020861635569872582,0.0007047577817537767
2030,P1,column_positional_ablation,oracle_target,hdy,replace,0.007774450299955664,0.0005784720450757338,0.008161364099846186
2030,P1,column_positional_ablation,oracle_target,kdey,append,0.006957783331415623,-0.002272929091939318,0.0007047577817537767
2030,P1,column_positional_ablation,oracle_target,kdey,replace,0.009493695308529835,-0.005144676384189947,0.008161364099846186
2030,P1,column_positional_ablation,oracle_target,median_sweep,append,0.006251892673981102,0.0017639059009720637,0.00067549486209255
2030,P1,column_positional_ablation,oracle_target,median_sweep,replace,0.007734787721083521,0.00024017963049429155,0.008161364099846186
2030,P1,column_positional_ablation,oracle_target,pacc,append,0.006259882284534564,0.0009879581527344698,0.0007047577817537767
2030,P1,column_positional_ablation,oracle_target,pacc,replace,0.007760253905620038,-0.0004125606713246308,0.008161364099846186
2030,P1,column_positional_ablation,oracle_target,pcc,append,0.12794096724529017,0.09289938955462805,0.0012814491903833801
2030,P1,column_positional_ablation,oracle_target,pcc,replace,0.13882373786031627,0.049933395572464796,0.008479154083989549
2030,P1,column_positional_ablation,source_only,acc,append,0.007860043534567597,0.004499270972863368,0.0007047577817537767
2030,P1,column_positional_ablation,source_only,acc,replace,0.008943826827242481,0.002153320182724244,0.008222864767812643
2030,P1,column_positional_ablation,source_only,cc,append,0.0632561146644388,-0.02342436358012231,0.0009211609086118134
2030,P1,column_positional_ablation,source_only,cc,replace,0.08655142857142853,-0.05303999999999999,0.00826875541389454
2030,P1,column_positional_ablation,source_only,dys,append,0.007135986889271359,0.0014948030190312794,0.0007825913027753099
2030,P1,column_positional_ablation,source_only,dys,replace,0.009485095897576963,-0.0007788951798221739,0.008161364099846186
2030,P1,column_positional_ablation,source_only,emq,append,0.006296908977769285,-0.0028858496549665855,0.0007533283831140834
2030,P1,column_positional_ablation,source_only,emq,replace,0.007918776555275652,-0.004072690169854049,0.00822234808704815
2030,P1,column_positional_ablation,source_only,hdy,append,0.006380436630971031,0.0020861635569872582,0.0007047577817537767
2030,P1,column_positional_ablation,source_only,hdy,replace,0.007774450299955664,0.0005784720450757338,0.008161364099846186
2030,P1,column_positional_ablation,source_only,kdey,append,0.006957783331415623,-0.002272929091939318,0.0007047577817537767
2030,P1,column_positional_ablation,source_only,kdey,replace,0.009493695308529835,-0.005144676384189947,0.008161364099846186
2030,P1,column_positional_ablation,source_only,median_sweep,append,0.006251892673981102,0.0017639059009720637,0.00067549486209255
2030,P1,column_positional_ablation,source_only,median_sweep,replace,0.007734787721083521,0.00024017963049429155,0.008161364099846186
2030,P1,column_positional_ablation,source_only,pacc,append,0.006259882284534564,0.0009879581527344698,0.0007047577817537767
2030,P1,column_positional_ablation,source_only,pacc,replace,0.007760253905620038,-0.0004125606713246308,0.008161364099846186
2030,P1,column_positional_ablation,source_only,pcc,append,0.12794096724529017,0.09289938955462805,0.0012814491903833801
2030,P1,column_positional_ablation,source_only,pcc,replace,0.13882373786031627,0.049933395572464796,0.008479154083989549
2030,P1,column_positional_ablation,target_real_anchor,acc,append,0.006906849145127834,0.003535740931458496,0.00070483084772045
2030,P1,column_positional_ablation,target_real_anchor,acc,replace,0.008057023495413953,0.001888103614356914,0.007987023484314997
2030,P1,column_positional_ablation,target_real_anchor,cc,append,0.06331590785169437,-0.03826644188515472,0.0009359385003758
2030,P1,column_positional_ablation,target_real_anchor,cc,replace,0.08914999999999997,-0.06781285714285715,0.00802153149658538
2030,P1,column_positional_ablation,target_real_anchor,dys,append,0.007135986889271359,0.0014948030190312794,0.00076733878222777
2030,P1,column_positional_ablation,target_real_anchor,dys,replace,0.009485095897576963,-0.0007788951798221739,0.007918038773759952
2030,P1,column_positional_ablation,target_real_anchor,emq,append,0.006296908977769285,-0.0028858496549665855,0.0007408889022842966
2030,P1,column_positional_ablation,target_real_anchor,emq,replace,0.007918776555275652,-0.004072690169854049,0.007993505479360336
2030,P1,column_positional_ablation,target_real_anchor,hdy,append,0.006380436630971031,0.0020861635569872582,0.00070483084772045
2030,P1,column_positional_ablation,target_real_anchor,hdy,replace,0.007774450299955664,0.0005784720450757338,0.007918038773759952
2030,P1,column_positional_ablation,target_real_anchor,kdey,append,0.006957783331415623,-0.002272929091939318,0.00070483084772045
2030,P1,column_positional_ablation,target_real_anchor,kdey,replace,0.009493695308529835,-0.005144676384189947,0.007918038773759952
2030,P1,column_positional_ablation,target_real_anchor,median_sweep,append,0.006251892673981102,0.0017639059009720637,0.0006783809677769766
2030,P1,column_positional_ablation,target_real_anchor,median_sweep,replace,0.007734787721083521,0.00024017963049429155,0.007918038773759952
2030,P1,column_positional_ablation,target_real_anchor,pacc,append,0.006259882284534564,0.0009879581527344698,0.00070483084772045
2030,P1,column_positional_ablation,target_real_anchor,pacc,replace,0.007760253905620038,-0.0004125606713246308,0.007918038773759952
2030,P1,column_positional_ablation,target_real_anchor,pcc,append,0.12794096724529017,0.09289938955462805,0.0010893587639430014
2030,P1,column_positional_ablation,target_real_anchor,pcc,replace,0.13882373786031627,0.049933395572464796,0.008076033488741995
2030,P1,datum_transformer,oracle_target,acc,append,0.006271107770442292,-0.0013916845743597792,0.00046216050583569335
2030,P1,datum_transformer,oracle_target,acc,replace,0.008514367178970321,-0.0028063710422440956,0.005579275464826732
2030,P1,datum_transformer,oracle_target,cc,append,0.0635391086445107,-0.030141098282220932,0.0007269333026456166
2030,P1,datum_transformer,oracle_target,cc,replace,0.08815857142857139,-0.059881428571428565,0.005695419037885597
2030,P1,datum_transformer,oracle_target,dys,append,0.006205574796345973,-0.0015451509006619965,0.0005057260884774067
2030,P1,datum_transformer,oracle_target,dys,replace,0.00868846060315947,-0.00336555668883094,0.005650342555432578
2030,P1,datum_transformer,oracle_target,emq,append,0.010437230539190955,-0.009122310168590114,0.0005241387120844767
2030,P1,datum_transformer,oracle_target,emq,replace,0.012065669602266009,-0.010280159373391804,0.005659282698357431
2030,P1,datum_transformer,oracle_target,hdy,append,0.005460759512994487,-0.0013571058253189453,0.0005057260884774067
2030,P1,datum_transformer,oracle_target,hdy,replace,0.007417876592314789,-0.002606095500812243,0.005650342555432578
2030,P1,datum_transformer,oracle_target,kdey,append,0.007687271197203337,-0.005849826990497595,0.00056770429472619
2030,P1,datum_transformer,oracle_target,kdey,replace,0.010101513722977252,-0.00809059411534562,0.005579275464826732
2030,P1,datum_transformer,oracle_target,median_sweep,append,0.006841192934383313,-0.00338570719159826,0.00056770429472619
2030,P1,datum_transformer,oracle_target,median_sweep,replace,0.008683338261642288,-0.004387947899078437,0.005618715429849005
2030,P1,datum_transformer,oracle_target,pacc,append,0.006870040314524931,-0.003064461919938306,0.00056770429472619
2030,P1,datum_transformer,oracle_target,pacc,replace,0.008661958827169042,-0.004127567864709966,0.005618715429849005
2030,P1,datum_transformer,oracle_target,pcc,append,0.12779261530058755,0.09108847738013323,0.00099640058781566
2030,P1,datum_transformer,oracle_target,pcc,replace,0.13959858643669235,0.047785354830773334,0.005640165510071537
2030,P1,datum_transformer,source_only,acc,append,0.006271107770442292,-0.0013916845743597792,0.00046216050583569335
2030,P1,datum_transformer,source_only,acc,replace,0.008514367178970321,-0.0028063710422440956,0.005579275464826732
2030,P1,datum_transformer,source_only,cc,append,0.0635391086445107,-0.030141098282220932,0.0007269333026456166
2030,P1,datum_transformer,source_only,cc,replace,0.08815857142857139,-0.059881428571428565,0.005695419037885597
2030,P1,datum_transformer,source_only,dys,append,0.006205574796345973,-0.0015451509006619965,0.0005057260884774067
2030,P1,datum_transformer,source_only,dys,replace,0.00868846060315947,-0.00336555668883094,0.005650342555432578
2030,P1,datum_transformer,source_only,emq,append,0.010437230539190955,-0.009122310168590114,0.0005241387120844767
2030,P1,datum_transformer,source_only,emq,replace,0.012065669602266009,-0.010280159373391804,0.005659282698357431
2030,P1,datum_transformer,source_only,hdy,append,0.005460759512994487,-0.0013571058253189453,0.0005057260884774067
2030,P1,datum_transformer,source_only,hdy,replace,0.007417876592314789,-0.002606095500812243,0.005650342555432578
2030,P1,datum_transformer,source_only,kdey,append,0.007687271197203337,-0.005849826990497595,0.00056770429472619
2030,P1,datum_transformer,source_only,kdey,replace,0.010101513722977252,-0.00809059411534562,0.005579275464826732
2030,P1,datum_transformer,source_only,median_sweep,append,0.006841192934383313,-0.00338570719159826,0.00056770429472619
2030,P1,datum_transformer,source_only,median_sweep,replace,0.008683338261642288,-0.004387947899078437,0.005618715429849005
2030,P1,datum_transformer,source_only,pacc,append,0.006870040314524931,-0.003064461919938306,0.00056770429472619
2030,P1,datum_transformer,source_only,pacc,replace,0.008661958827169042,-0.004127567864709966,0.005618715429849005
2030,P1,datum_transformer,source_only,pcc,append,0.12779261530058755,0.09108847738013323,0.00099640058781566
2030,P1,datum_transformer,source_only,pcc,replace,0.13959858643669235,0.047785354830773334,0.005640165510071537
2030,P1,datum_transformer,target_real_anchor,acc,append,0.005993166869664399,-0.0017837580734737276,0.0007146764867325966
2030,P1,datum_transformer,target_real_anchor,acc,replace,0.008401644815256208,-0.0032286327260343693,0.005996847464486998
2030,P1,datum_transformer,target_real_anchor,cc,append,0.06757187939950135,-0.05432976442732039,0.0007146764867325966
2030,P1,datum_transformer,target_real_anchor,cc,replace,0.09647571428571425,-0.08520714285714286,0.005996847464486998
2030,P1,datum_transformer,target_real_anchor,dys,append,0.006205574796345973,-0.0015451509006619965,0.00075093547270484
2030,P1,datum_transformer,target_real_anchor,dys,replace,0.00868846060315947,-0.00336555668883094,0.005996847464486998
2030,P1,datum_transformer,target_real_anchor,emq,append,0.010437230539190955,-0.009122310168590114,0.0007146764867325966
2030,P1,datum_transformer,target_real_anchor,emq,replace,0.012065669602266009,-0.010280159373391804,0.006021882996075175
2030,P1,datum_transformer,target_real_anchor,hdy,append,0.005460759512994487,-0.0013571058253189453,0.00075093547270484
2030,P1,datum_transformer,target_real_anchor,hdy,replace,0.007417876592314789,-0.002606095500812243,0.005996847464486998
2030,P1,datum_transformer,target_real_anchor,kdey,append,0.007687271197203337,-0.005849826990497595,0.00076056191381687
2030,P1,datum_transformer,target_real_anchor,kdey,replace,0.010101513722977252,-0.00809059411534562,0.005945195045031461
2030,P1,datum_transformer,target_real_anchor,median_sweep,append,0.006841192934383313,-0.00338570719159826,0.00076056191381687
2030,P1,datum_transformer,target_real_anchor,median_sweep,replace,0.008683338261642288,-0.004387947899078437,0.005989050282041146
2030,P1,datum_transformer,target_real_anchor,pacc,append,0.006870040314524931,-0.003064461919938306,0.00076056191381687
2030,P1,datum_transformer,target_real_anchor,pacc,replace,0.008661958827169042,-0.004127567864709966,0.005989050282041146
2030,P1,datum_transformer,target_real_anchor,pcc,append,0.12779261530058755,0.09108847738013323,0.000887294833048819
2030,P1,datum_transformer,target_real_anchor,pcc,replace,0.13959858643669235,0.047785354830773334,0.006034518189315723
2030,P1,flat_transformer,oracle_target,acc,append,0.007490186689348204,0.0005750668200802475,0.0004978714970576979
2030,P1,flat_transformer,oracle_target,acc,replace,0.010217099580481299,-0.0011621285051887978,0.002984191525730864
2030,P1,flat_transformer,oracle_target,cc,append,0.07307662286379425,-0.038502481287243456,0.0005801620420476112
2030,P1,flat_transformer,oracle_target,cc,replace,0.10221714285714281,-0.07235714285714286,0.0030767400105449552
2030,P1,flat_transformer,oracle_target,dys,append,0.00872698686258536,0.006246035929034954,0.0004623797037357546
2030,P1,flat_transformer,oracle_target,dys,replace,0.010593693256412733,0.0045862654300414885,0.003018088915279587
2030,P1,flat_transformer,oracle_target,emq,append,0.005888338789821069,-0.0010227408709214715,0.0004101740705323912
2030,P1,flat_transformer,oracle_target,emq,replace,0.007534632090813305,-0.0013678171751253783,0.0029654814192593983
2030,P1,flat_transformer,oracle_target,hdy,append,0.00722453750265118,0.004109065543409685,0.0004623797037357546
2030,P1,flat_transformer,oracle_target,hdy,replace,0.008924045217199188,0.0030993540193792724,0.0029654814192593983
2030,P1,flat_transformer,oracle_target,kdey,append,0.013316734651188374,-0.012515108816266142,0.0004101740705323912
2030,P1,flat_transformer,oracle_target,kdey,replace,0.016809442171711642,-0.015837488754904424,0.0030056729199391097
2030,P1,flat_transformer,oracle_target,median_sweep,append,0.006878219696166569,0.0013039849237299309,0.00038008915874584125
2030,P1,flat_transformer,oracle_target,median_sweep,replace,0.008947137715926947,0.00017795769407740714,0.002984191525730864
2030,P1,flat_transformer,oracle_target,pacc,append,0.00698884587109547,0.00117184956986201,0.00038008915874584125
2030,P1,flat_transformer,oracle_target,pacc,replace,0.009007922617966147,0.00014052898057731364,0.0029654814192593983
2030,P1,flat_transformer,oracle_target,pcc,append,0.14391902119759695,0.10433078072440746,0.0007215081546185267
2030,P1,flat_transformer,oracle_target,pcc,replace,0.15675918601841796,0.05629550783553446,0.0032246203081374054
2030,P1,flat_transformer,source_only,acc,append,0.007490186689348204,0.0005750668200802475,0.0004978714970576979
2030,P1,flat_transformer,source_only,acc,replace,0.010217099580481299,-0.0011621285051887978,0.002984191525730864
2030,P1,flat_transformer,source_only,cc,append,0.07307662286379425,-0.038502481287243456,0.0005801620420476112
2030,P1,flat_transformer,source_only,cc,replace,0.10221714285714281,-0.07235714285714286,0.0030767400105449552
2030,P1,flat_transformer,source_only,dys,append,0.00872698686258536,0.006246035929034954,0.0004623797037357546
2030,P1,flat_transformer,source_only,dys,replace,0.010593693256412733,0.0045862654300414885,0.003018088915279587
2030,P1,flat_transformer,source_only,emq,append,0.005888338789821069,-0.0010227408709214715,0.0004101740705323912
2030,P1,flat_transformer,source_only,emq,replace,0.007534632090813305,-0.0013678171751253783,0.0029654814192593983
2030,P1,flat_transformer,source_only,hdy,append,0.00722453750265118,0.004109065543409685,0.0004623797037357546
2030,P1,flat_transformer,source_only,hdy,replace,0.008924045217199188,0.0030993540193792724,0.0029654814192593983
2030,P1,flat_transformer,source_only,kdey,append,0.013316734651188374,-0.012515108816266142,0.0004101740705323912
2030,P1,flat_transformer,source_only,kdey,replace,0.016809442171711642,-0.015837488754904424,0.0030056729199391097
2030,P1,flat_transformer,source_only,median_sweep,append,0.006878219696166569,0.0013039849237299309,0.00038008915874584125
2030,P1,flat_transformer,source_only,median_sweep,replace,0.008947137715926947,0.00017795769407740714,0.002984191525730864
2030,P1,flat_transformer,source_only,pacc,append,0.00698884587109547,0.00117184956986201,0.00038008915874584125
2030,P1,flat_transformer,source_only,pacc,replace,0.009007922617966147,0.00014052898057731364,0.0029654814192593983
2030,P1,flat_transformer,source_only,pcc,append,0.14391902119759695,0.10433078072440746,0.0007215081546185267
2030,P1,flat_transformer,source_only,pcc,replace,0.15675918601841796,0.05629550783553446,0.0032246203081374054
2030,P1,flat_transformer,target_real_anchor,acc,append,0.007758189840026577,0.001997850848305638,0.0006433823697302182
2030,P1,flat_transformer,target_real_anchor,acc,replace,0.010293674738946861,0.0001764803377027274,0.002610646990001797
2030,P1,flat_transformer,target_real_anchor,cc,append,0.07413607016972118,-0.04639268241784061,0.0007711199460042316
2030,P1,flat_transformer,target_real_anchor,cc,replace,0.1047528571428571,-0.08070714285714285,0.002722829343866277
2030,P1,flat_transformer,target_real_anchor,dys,append,0.00872698686258536,0.006246035929034954,0.0006770109809014548
2030,P1,flat_transformer,target_real_anchor,dys,replace,0.010593693256412733,0.0045862654300414885,0.002665493436001417
2030,P1,flat_transformer,target_real_anchor,emq,append,0.005888338789821069,-0.0010227408709214715,0.0005492734046274415
2030,P1,flat_transformer,target_real_anchor,emq,replace,0.007534632090813305,-0.0013678171751253783,0.002610646990001797
2030,P1,flat_transformer,target_real_anchor,hdy,append,0.00722453750265118,0.004109065543409685,0.0006770109809014548
2030,P1,flat_transformer,target_real_anchor,hdy,replace,0.008924045217199188,0.0030993540193792724,0.002610646990001797
2030,P1,flat_transformer,target_real_anchor,kdey,append,0.013316734651188374,-0.012515108816266142,0.0005492734046274415
2030,P1,flat_transformer,target_real_anchor,kdey,replace,0.016809442171711642,-0.015837488754904424,0.0026600448024850314
2030,P1,flat_transformer,target_real_anchor,median_sweep,append,0.006878219696166569,0.0013039849237299309,0.0005989582619798382
2030,P1,flat_transformer,target_real_anchor,median_sweep,replace,0.008947137715926947,0.00017795769407740714,0.0026387512921911514
2030,P1,flat_transformer,target_real_anchor,pacc,append,0.00698884587109547,0.00117184956986201,0.0005989582619798382
2030,P1,flat_transformer,target_real_anchor,pacc,replace,0.009007922617966147,0.00014052898057731364,0.002610646990001797
2030,P1,flat_transformer,target_real_anchor,pcc,append,0.14391902119759695,0.10433078072440746,0.0008914413266587248
2030,P1,flat_transformer,target_real_anchor,pcc,replace,0.15675918601841796,0.05629550783553446,0.0029740927653341058
2030,P2,c2st_lr,oracle_target,acc,append,0.17862606952180243,0.13762129045169533,0.0005651652523835311
2030,P2,c2st_lr,oracle_target,acc,replace,0.17900706766917288,0.096415939849624,0.0006990690743468165
2030,P2,c2st_lr,oracle_target,cc,append,0.23382479949288254,-0.2139610578024742,0.0006639139063714283
2030,P2,c2st_lr,oracle_target,cc,replace,0.33201,-0.3148985714285714,0.0006040311276674743
2030,P2,c2st_lr,oracle_target,dys,append,0.04678538173530322,-0.01592664233229648,0.0005975334756292845
2030,P2,c2st_lr,oracle_target,dys,replace,0.059903286960431644,-0.025848100983983054,0.0006581103810168223
2030,P2,c2st_lr,oracle_target,emq,append,0.0394271151239204,0.012922811921021293,0.000535135140072011
2030,P2,c2st_lr,oracle_target,emq,replace,0.04475969232659328,0.010105312236232431,0.0007122679193304537
2030,P2,c2st_lr,oracle_target,hdy,append,0.03867005968787174,-0.00541034384540492,0.000586317849741645
2030,P2,c2st_lr,oracle_target,hdy,replace,0.04586938530283657,-0.005893564920539942,0.0006800145140323628
2030,P2,c2st_lr,oracle_target,kdey,append,0.03858265783638576,0.01427650645923911,0.000535135140072011
2030,P2,c2st_lr,oracle_target,kdey,replace,0.044529748178311304,0.011725106870821959,0.0007122679193304537
2030,P2,c2st_lr,oracle_target,pacc,append,0.036993530427716866,0.003542699969708086,0.0005407794859991717
2030,P2,c2st_lr,oracle_target,pacc,replace,0.04462836873947983,0.0001113777689700438,0.0007118921515017371
2030,P2,c2st_lr,oracle_target,pcc,append,0.2929094481769827,0.21337395897415523,0.00024389419682690707
2030,P2,c2st_lr,oracle_target,pcc,replace,0.3191854824873386,0.11508967131151852,0.0007188908273115708
2030,P2,c2st_lr,source_only,acc,append,0.2750882766261848,-0.26428813450123745,7.476475042035093e-05
2030,P2,c2st_lr,source_only,acc,replace,0.3788750763701707,-0.36946572506738545,0.00014955559582880917
2030,P2,c2st_lr,source_only,cc,append,0.25175228348624745,-0.23303326480945102,7.476475042035093e-05
2030,P2,c2st_lr,source_only,cc,replace,0.35738142857142857,-0.3412271428571429,0.00014955559582880917
2030,P2,c2st_lr,source_only,dys,append,0.27645003738192936,-0.26796707649877,7.476475042035093e-05
2030,P2,c2st_lr,source_only,dys,replace,0.37964139839094757,-0.37234918563733993,0.00014955559582880917
2030,P2,c2st_lr,source_only,emq,append,0.27576573543268323,-0.2712147403767343,7.476475042035093e-05
2030,P2,c2st_lr,source_only,emq,replace,0.37936644278220905,-0.37537903915438264,0.00014955559582880917
2030,P2,c2st_lr,source_only,hdy,append,0.27562803622113835,-0.27150724000603965,7.476475042035093e-05
2030,P2,c2st_lr,source_only,hdy,replace,0.3793527600625411,-0.37568041652577344,0.00014955559582880917
2030,P2,c2st_lr,source_only,kdey,append,0.27550182568528814,-0.27308793975109313,7.476475042035093e-05
2030,P2,c2st_lr,source_only,kdey,replace,0.37915630241734105,-0.377038362712391,0.00014955559582880917
2030,P2,c2st_lr,source_only,median_sweep,append,0.27604848109375046,-0.2703368112202961,7.476475042035093e-05
2030,P2,c2st_lr,source_only,median_sweep,replace,0.3796309947635097,-0.3745740118826671,0.00014955559582880917
2030,P2,c2st_lr,source_only,pacc,append,0.27589162464025285,-0.271569992658925,7.476475042035093e-05
2030,P2,c2st_lr,source_only,pacc,replace,0.37941774314090243,-0.37564700891739855,0.00014955559582880917
2030,P2,c2st_lr,source_only,pcc,append,0.2956304838204875,0.14172948873438215,0.000497195636865754
2030,P2,c2st_lr,source_only,pcc,replace,0.3434194376978736,0.031407732156900944,0.0003708202189708402
2030,P2,c2st_lr,target_real_anchor,acc,append,0.27558236617005033,-0.2686123930548401,0.00010965374951708237
2030,P2,c2st_lr,target_real_anchor,acc,replace,0.37935032738095237,-0.3732111011904762,0.00011554860733002874
2030,P2,c2st_lr,target_real_anchor,cc,append,0.2580080058978283,-0.24507467256449497,0.00010965374951708237
2030,P2,c2st_lr,target_real_anchor,cc,replace,0.36321714285714285,-0.35212571428571426,0.00011554860733002874
2030,P2,c2st_lr,target_real_anchor,dys,append,0.27645003738192936,-0.26796707649877,0.00010965374951708237
2030,P2,c2st_lr,target_real_anchor,dys,replace,0.37964139839094757,-0.37234918563733993,0.00011554860733002874
2030,P2,c2st_lr,target_real_anchor,emq,append,0.27576573543268323,-0.2712147403767343,0.00010965374951708237
2030,P2,c2st_lr,target_real_anchor,emq,replace,0.37936644278220905,-0.37537903915438264,0.00011554860733002874
2030,P2,c2st_lr,target_real_anchor,hdy,append,0.27562803622113835,-0.27150724000603965,0.00010965374951708237
2030,P2,c2st_lr,target_real_anchor,hdy,replace,0.3793527600625411,-0.37568041652577344,0.00011554860733002874
2030,P2,c2st_lr,target_real_anchor,kdey,append,0.27550182568528814,-0.27308793975109313,0.00010965374951708237
2030,P2,c2st_lr,target_real_anchor,kdey,replace,0.37915630241734105,-0.377038362712391,0.00011554860733002874
2030,P2,c2st_lr,target_real_anchor,median_sweep,append,0.27604848109375046,-0.2703368112202961,0.00010965374951708237
2030,P2,c2st_lr,target_real_anchor,median_sweep,replace,0.3796309947635097,-0.3745740118826671,0.00011554860733002874
2030,P2,c2st_lr,target_real_anchor,pacc,append,0.27589162464025285,-0.271569992658925,0.00010965374951708237
2030,P2,c2st_lr,target_real_anchor,pacc,replace,0.37941774314090243,-0.37564700891739855,0.00011554860733002874
2030,P2,c2st_lr,target_real_anchor,pcc,append,0.2956304838204875,0.14172948873438215,0.0004239835382376733
2030,P2,c2st_lr,target_real_anchor,pcc,replace,0.3434194376978736,0.031407732156900944,0.0002299699111739443
2030,P2,c2st_xgb,oracle_target,acc,append,0.012290153283358399,0.0070692374960288126,0.00038651896381497025
2030,P2,c2st_xgb,oracle_target,acc,replace,0.014181026608794058,0.003911636157765582,0.0008007455860001315
2030,P2,c2st_xgb,oracle_target,cc,append,0.11789435346978773,-0.09083287372067322,0.00038651896381497025
2030,P2,c2st_xgb,oracle_target,cc,replace,0.16808571428571425,-0.14518285714285714,0.0007913983612608228
2030,P2,c2st_xgb,oracle_target,dys,append,0.00854991204316522,0.003589612638284465,0.0002614300288336302
2030,P2,c2st_xgb,oracle_target,dys,replace,0.01104102665772912,0.0010349518071655942,0.0007511442326096572
2030,P2,c2st_xgb,oracle_target,emq,append,0.019964666863962876,-0.013626577439726357,0.00016914771289822022
2030,P2,c2st_xgb,oracle_target,emq,replace,0.027916731557604428,-0.02022385980496627,0.0007823955903645028
2030,P2,c2st_xgb,oracle_target,hdy,append,0.008955621476088258,0.00525797960595949,0.00038651896381497025
2030,P2,c2st_xgb,oracle_target,hdy,replace,0.010824443073967325,0.003200502616384194,0.0007511442326096572
2030,P2,c2st_xgb,oracle_target,kdey,append,0.014571702245585374,-0.008771391332156719,0.0003854595072978984
2030,P2,c2st_xgb,oracle_target,kdey,replace,0.02349893772581937,-0.018206552548677046,0.0007913983612608228
2030,P2,c2st_xgb,oracle_target,median_sweep,append,0.012770742210630945,0.009141603719707502,0.00043702581329268023
2030,P2,c2st_xgb,oracle_target,median_sweep,replace,0.014628597986982095,0.006052532157921242,0.0008007455860001315
2030,P2,c2st_xgb,oracle_target,pacc,append,0.013608196803885824,0.009061914377172338,0.00047684676514129506
2030,P2,c2st_xgb,oracle_target,pacc,replace,0.0159110624225585,0.005969202986875037,0.0007913983612608228
2030,P2,c2st_xgb,oracle_target,pcc,append,0.22432969087467408,0.1646869559216845,0.0005869023774752016
2030,P2,c2st_xgb,oracle_target,pcc,replace,0.2435732355943171,0.08984717912092768,0.0008871878435975857
2030,P2,c2st_xgb,source_only,acc,append,0.09606182856681535,-0.09460925323547693,0.00016914771289822022
2030,P2,c2st_xgb,source_only,acc,replace,0.1334919608158667,-0.13230490203966683,0.0007823955903645028
2030,P2,c2st_xgb,source_only,cc,append,0.11789435346978773,-0.09083287372067322,0.00038651896381497025
2030,P2,c2st_xgb,source_only,cc,replace,0.16808571428571425,-0.14518285714285714,0.0007913983612608228
2030,P2,c2st_xgb,source_only,dys,append,0.07109883898935995,-0.07033618934752939,0.00016914771289822022
2030,P2,c2st_xgb,source_only,dys,replace,0.10117413725502154,-0.10051965722750922,0.0007823955903645028
2030,P2,c2st_xgb,source_only,emq,append,0.0956145946567528,-0.09561459237587344,0.00016914771289822022
2030,P2,c2st_xgb,source_only,emq,replace,0.13773679670124778,-0.1377367947462083,0.0007823955903645028
2030,P2,c2st_xgb,source_only,hdy,append,0.09296496591887761,-0.0922949049182724,0.00016914771289822022
2030,P2,c2st_xgb,source_only,hdy,replace,0.134868171629214,-0.1342986247135899,0.0007823955903645028
2030,P2,c2st_xgb,source_only,kdey,append,0.09164438693114528,-0.09147753857363822,0.00016914771289822022
2030,P2,c2st_xgb,source_only,kdey,replace,0.13459269231796575,-0.13448956749801888,0.0007823955903645028
2030,P2,c2st_xgb,source_only,median_sweep,append,0.09967189354027726,-0.0974043062757808,0.00016914771289822022
2030,P2,c2st_xgb,source_only,median_sweep,replace,0.13952059018968468,-0.13763652830541115,0.0007823955903645028
2030,P2,c2st_xgb,source_only,pacc,append,0.09981221032130595,-0.09739261754761791,0.00016914771289822022
2030,P2,c2st_xgb,source_only,pacc,replace,0.1389305650640147,-0.1369152682364611,0.0007823955903645028
2030,P2,c2st_xgb,source_only,pcc,append,0.14636246473149495,0.018200583437399845,0.0005869023774752016
2030,P2,c2st_xgb,source_only,pcc,replace,0.1849417651568881,-0.044289791996177795,0.0008871878435975857
2030,P2,c2st_xgb,target_real_anchor,acc,append,0.09093516684975957,-0.08864158807081467,0.0001354825687436452
2030,P2,c2st_xgb,target_real_anchor,acc,replace,0.1271052530139913,-0.12525400266118297,0.0008025617971722443
2030,P2,c2st_xgb,target_real_anchor,cc,append,0.1185562947929058,-0.0988879868310555,0.00026616105017712857
2030,P2,c2st_xgb,target_real_anchor,cc,replace,0.16930571428571425,-0.15257142857142858,0.0008025617971722443
2030,P2,c2st_xgb,target_real_anchor,dys,append,0.07109883898935995,-0.07033618934752939,0.0001354825687436452
2030,P2,c2st_xgb,target_real_anchor,dys,replace,0.10117413725502154,-0.10051965722750922,0.0008025617971722443
2030,P2,c2st_xgb,target_real_anchor,emq,append,0.0956145946567528,-0.09561459237587344,0.0001354825687436452
2030,P2,c2st_xgb,target_real_anchor,emq,replace,0.13773679670124778,-0.1377367947462083,0.0008025617971722443
2030,P2,c2st_xgb,target_real_anchor,hdy,append,0.09296496591887761,-0.0922949049182724,0.0001354825687436452
2030,P2,c2st_xgb,target_real_anchor,hdy,replace,0.134868171629214,-0.1342986247135899,0.0008025617971722443
2030,P2,c2st_xgb,target_real_anchor,kdey,append,0.09164438693114528,-0.09147753857363822,0.0001354825687436452
2030,P2,c2st_xgb,target_real_anchor,kdey,replace,0.13459269231796575,-0.13448956749801888,0.0008025617971722443
2030,P2,c2st_xgb,target_real_anchor,median_sweep,append,0.09967189354027726,-0.0974043062757808,0.0001354825687436452
2030,P2,c2st_xgb,target_real_anchor,median_sweep,replace,0.13952059018968468,-0.13763652830541115,0.0008025617971722443
2030,P2,c2st_xgb,target_real_anchor,pacc,append,0.09981221032130595,-0.09739261754761791,0.0001354825687436452
2030,P2,c2st_xgb,target_real_anchor,pacc,replace,0.1389305650640147,-0.1369152682364611,0.0008025617971722443
2030,P2,c2st_xgb,target_real_anchor,pcc,append,0.14636246473149495,0.018200583437399845,0.0005255452319433134
2030,P2,c2st_xgb,target_real_anchor,pcc,replace,0.1849417651568881,-0.044289791996177795,0.0009571589447030027
2030,P2,char3gram,oracle_target,acc,append,0.01731639982543558,0.011725687221455915,0.0003294727103180833
2030,P2,char3gram,oracle_target,acc,replace,0.019606282061924083,0.007146643977753771,0.0006696182707712303
2030,P2,char3gram,oracle_target,cc,append,0.14601722531259648,-0.1217706467971951,0.00015690916347685667
2030,P2,char3gram,oracle_target,cc,replace,0.20839285714285713,-0.1879214285714286,0.0006945598604022217
2030,P2,char3gram,oracle_target,dys,append,0.01567989222070071,0.0027838578062075897,0.00019835583308443333
2030,P2,char3gram,oracle_target,dys,replace,0.019477339542306862,-0.0010294866848071871,0.0006945598604022217
2030,P2,char3gram,oracle_target,emq,append,0.02352356305498925,-0.01743062398992165,0.00015690916347685667
2030,P2,char3gram,oracle_target,emq,replace,0.031920567208981225,-0.023325964067233657,0.0006945598604022217
2030,P2,char3gram,oracle_target,hdy,append,0.014458504306176704,0.008736147556867625,0.0003294727103180833
2030,P2,char3gram,oracle_target,hdy,replace,0.016430106372662075,0.004310524487297236,0.0005911923935197132
2030,P2,char3gram,oracle_target,kdey,append,0.011888475821719762,-0.0023675591117216905,0.00019835583308443333
2030,P2,char3gram,oracle_target,kdey,replace,0.01747738240480017,-0.006473482578859596,0.0006696182707712303
2030,P2,char3gram,oracle_target,median_sweep,append,0.015025375494171395,0.0032381231094506455,0.00019835583308443333
2030,P2,char3gram,oracle_target,median_sweep,replace,0.018168541841840347,0.0003067663227879168,0.0006696182707712303
2030,P2,char3gram,oracle_target,pacc,append,0.01629301476822381,0.0003606883452556745,0.0002821624968832567
2030,P2,char3gram,oracle_target,pacc,replace,0.019398759037259412,-0.001970822347008012,0.0006696182707712303
2030,P2,char3gram,oracle_target,pcc,append,0.2506048042445839,0.18287082821274456,0.0004971956368657833
2030,P2,char3gram,oracle_target,pcc,replace,0.27258689010123444,0.09877435333435748,0.0005575611728496702
2030,P2,char3gram,source_only,acc,append,0.10905339818020575,-0.10676326550392808,0.00015480851693438466
2030,P2,char3gram,source_only,acc,replace,0.15172278267218295,-0.14973487904599656,0.0006917572586797132
2030,P2,char3gram,source_only,cc,append,0.14598463445934393,-0.1216993981408403,0.00015480851693438466
2030,P2,char3gram,source_only,cc,replace,0.20833571428571426,-0.18783285714285716,0.0006917572586797132
2030,P2,char3gram,source_only,dys,append,0.1234245067243964,-0.12251375921330952,0.00015480851693438466
2030,P2,char3gram,source_only,dys,replace,0.17026592536076351,-0.16949859981606527,0.0006917572586797132
2030,P2,char3gram,source_only,emq,append,0.12645626529843487,-0.12645625362145346,0.00015480851693438466
2030,P2,char3gram,source_only,emq,replace,0.16968755365156377,-0.16968754364272257,0.0006917572586797132
2030,P2,char3gram,source_only,hdy,append,0.12129096807527648,-0.12051627119008368,0.00015480851693438466
2030,P2,char3gram,source_only,hdy,replace,0.16602536187924466,-0.16536133597765085,0.0006917572586797132
2030,P2,char3gram,source_only,kdey,append,0.11847089443251593,-0.11836888500244475,0.00015480851693438466
2030,P2,char3gram,source_only,kdey,replace,0.16239834866084926,-0.16231091200650258,0.0006917572586797132
2030,P2,char3gram,source_only,median_sweep,append,0.11681506303987618,-0.11577868772621763,0.00015480851693438466
2030,P2,char3gram,source_only,median_sweep,replace,0.15977039859962508,-0.15892323797388058,0.0006917572586797132
2030,P2,char3gram,source_only,pacc,append,0.11834471316512736,-0.11740245477351031,0.00015480851693438466
2030,P2,char3gram,source_only,pacc,replace,0.16210611078078485,-0.16132798489717945,0.0006917572586797132
2030,P2,char3gram,source_only,pcc,append,0.18125415424478747,0.050904480027920036,0.0005012873310006933
2030,P2,char3gram,source_only,pcc,replace,0.22080776606392752,-0.02237237947860731,0.0005547585711271617
2030,P2,char3gram,target_real_anchor,acc,append,0.1067853933385782,-0.1042558136005367,0.00015961260424456666
2030,P2,char3gram,target_real_anchor,acc,replace,0.1488138714477726,-0.14667085877496158,0.0006675202337275586
2030,P2,char3gram,target_real_anchor,cc,append,0.14223588588159594,-0.11320561474052174,0.00020825627157157668
2030,P2,char3gram,target_real_anchor,cc,replace,0.20302142857142855,-0.17847,0.0006675202337275586
2030,P2,char3gram,target_real_anchor,dys,append,0.1234245067243964,-0.12251375921330952,0.00015961260424456666
2030,P2,char3gram,target_real_anchor,dys,replace,0.17026592536076351,-0.16949859981606527,0.0006675202337275586
2030,P2,char3gram,target_real_anchor,emq,append,0.12645626529843487,-0.12645625362145346,0.00015961260424456666
2030,P2,char3gram,target_real_anchor,emq,replace,0.16968755365156377,-0.16968754364272257,0.0006675202337275586
2030,P2,char3gram,target_real_anchor,hdy,append,0.12129096807527648,-0.12051627119008368,0.00015961260424456666
2030,P2,char3gram,target_real_anchor,hdy,replace,0.16602536187924466,-0.16536133597765085,0.0006675202337275586
2030,P2,char3gram,target_real_anchor,kdey,append,0.11847089443251593,-0.11836888500244475,0.00015961260424456666
2030,P2,char3gram,target_real_anchor,kdey,replace,0.16239834866084926,-0.16231091200650258,0.0006675202337275586
2030,P2,char3gram,target_real_anchor,median_sweep,append,0.11681506303987618,-0.11577868772621763,0.00015961260424456666
2030,P2,char3gram,target_real_anchor,median_sweep,replace,0.15977039859962508,-0.15892323797388058,0.0006675202337275586
2030,P2,char3gram,target_real_anchor,pacc,append,0.11834471316512736,-0.11740245477351031,0.00015961260424456666
2030,P2,char3gram,target_real_anchor,pacc,replace,0.16210611078078485,-0.16132798489717945,0.0006675202337275586
2030,P2,char3gram,target_real_anchor,pcc,append,0.18125415424478747,0.050904480027920036,0.0005459123701594767
2030,P2,char3gram,target_real_anchor,pcc,replace,0.22080776606392752,-0.02237237947860731,0.0006125015608064574
2030,P2,column_positional_ablation,oracle_target,acc,append,0.009423999090824201,-0.0009178434367193152,0.00022065921941799915
2030,P2,column_positional_ablation,oracle_target,acc,replace,0.013700156017388146,-0.0032760304888941427,0.0014196508568876372
2030,P2,column_positional_ablation,oracle_target,cc,append,0.11204215365964314,-0.08850810918397052,0.00022065921941799915
2030,P2,column_positional_ablation,oracle_target,cc,replace,0.15992142857142855,-0.14005,0.0014196508568876372
2030,P2,column_positional_ablation,oracle_target,dys,append,0.009848961105778818,0.0055021328635811734,0.00024747442919496583
2030,P2,column_positional_ablation,oracle_target,dys,replace,0.012696526856279011,0.0026473574659439357,0.0013876636204682258
2030,P2,column_positional_ablation,oracle_target,emq,append,0.017104085518701,-0.013895763761130709,8.680236843329582e-05
2030,P2,column_positional_ablation,oracle_target,emq,replace,0.02393936654980001,-0.01917159383115714,0.0013981694626793914
2030,P2,column_positional_ablation,oracle_target,hdy,append,0.010154503953464279,0.00647463435522536,0.00024747442919496583
2030,P2,column_positional_ablation,oracle_target,hdy,replace,0.012447458014744969,0.004133786811650811,0.0013876636204682258
2030,P2,column_positional_ablation,oracle_target,kdey,append,0.024611207214269272,-0.024021042940098193,0.00022065921941799915
2030,P2,column_positional_ablation,oracle_target,kdey,replace,0.03469991456001826,-0.03407970953210484,0.0013981694626793914
2030,P2,column_positional_ablation,oracle_target,median_sweep,append,0.009537699809859726,-0.0011526837866159215,0.0001770205708095925
2030,P2,column_positional_ablation,oracle_target,median_sweep,replace,0.014026286923661114,-0.0033393203983621738,0.00143178502635658
2030,P2,column_positional_ablation,oracle_target,pacc,append,0.00980199573235065,-0.0011955286563806015,0.0001770205708095925
2030,P2,column_positional_ablation,oracle_target,pacc,replace,0.014431700694033841,-0.0037443056402845375,0.0013876636204682258
2030,P2,column_positional_ablation,oracle_target,pcc,append,0.21521278328272017,0.156190997829542,0.0007181288536588967
2030,P2,column_positional_ablation,oracle_target,pcc,replace,0.23430218026766458,0.08372515258838621,0.001487179467106395
2030,P2,column_positional_ablation,source_only,acc,append,0.08335652710812047,-0.08282261071198675,8.680236843329582e-05
2030,P2,column_positional_ablation,source_only,acc,replace,0.1142470819864825,-0.1138269929893791,0.0013981694626793914
2030,P2,column_positional_ablation,source_only,cc,append,0.11204215365964314,-0.08850810918397052,0.00022065921941799915
2030,P2,column_positional_ablation,source_only,cc,replace,0.15992142857142855,-0.14005,0.0014196508568876372
2030,P2,column_positional_ablation,source_only,dys,append,0.06726521230148373,-0.06568470289749859,8.680236843329582e-05
2030,P2,column_positional_ablation,source_only,dys,replace,0.09409947359805135,-0.09277366541063868,0.0013981694626793914
2030,P2,column_positional_ablation,source_only,emq,append,0.08707620636072512,-0.08707619437569462,8.680236843329582e-05
2030,P2,column_positional_ablation,source_only,emq,replace,0.12289854908042377,-0.1228985388075405,0.0013981694626793914
2030,P2,column_positional_ablation,source_only,hdy,append,0.08020028234579199,-0.0787193712787835,8.680236843329582e-05
2030,P2,column_positional_ablation,source_only,hdy,replace,0.11560701431109126,-0.11437657003682147,0.0013981694626793914
2030,P2,column_positional_ablation,source_only,kdey,append,0.08784292922573522,-0.0877840008298163,8.680236843329582e-05
2030,P2,column_positional_ablation,source_only,kdey,replace,0.1245469669360108,-0.12449835506354116,0.0013981694626793914
2030,P2,column_positional_ablation,source_only,median_sweep,append,0.08866209581433995,-0.0880199057840611,8.680236843329582e-05
2030,P2,column_positional_ablation,source_only,median_sweep,replace,0.12211658032688882,-0.12157722627451335,0.0013981694626793914
2030,P2,column_positional_ablation,source_only,pacc,append,0.08908185663085426,-0.08839538488423267,8.680236843329582e-05
2030,P2,column_positional_ablation,source_only,pacc,replace,0.12255481903875634,-0.12196751575588188,0.0013981694626793914
2030,P2,column_positional_ablation,source_only,pcc,append,0.15208987416675052,0.03909552011538487,0.0007181288536588967
2030,P2,column_positional_ablation,source_only,pcc,replace,0.18617102543496378,-0.023006522523166286,0.001487179467106395
2030,P2,column_positional_ablation,target_real_anchor,acc,append,0.08097074469958894,-0.08015930444303522,8.550544752447667e-05
2030,P2,column_positional_ablation,target_real_anchor,acc,replace,0.11148476078365421,-0.11084047591019924,0.0013763592716210058
2030,P2,column_positional_ablation,target_real_anchor,cc,append,0.11216988084029812,-0.08977301940771615,0.00021936229850917999
2030,P2,column_positional_ablation,target_real_anchor,cc,replace,0.1600528571428571,-0.14118714285714287,0.0013961966815786173
2030,P2,column_positional_ablation,target_real_anchor,dys,append,0.06726521230148373,-0.06568470289749859,8.550544752447667e-05
2030,P2,column_positional_ablation,target_real_anchor,dys,replace,0.09409947359805135,-0.09277366541063868,0.0013763592716210058
2030,P2,column_positional_ablation,target_real_anchor,emq,append,0.08707620636072512,-0.08707619437569462,8.550544752447667e-05
2030,P2,column_positional_ablation,target_real_anchor,emq,replace,0.12289854908042377,-0.1228985388075405,0.0013763592716210058
2030,P2,column_positional_ablation,target_real_anchor,hdy,append,0.08020028234579199,-0.0787193712787835,8.550544752447667e-05
2030,P2,column_positional_ablation,target_real_anchor,hdy,replace,0.11560701431109126,-0.11437657003682147,0.0013763592716210058
2030,P2,column_positional_ablation,target_real_anchor,kdey,append,0.08784292922573522,-0.0877840008298163,8.550544752447667e-05
2030,P2,column_positional_ablation,target_real_anchor,kdey,replace,0.1245469669360108,-0.12449835506354116,0.0013763592716210058
2030,P2,column_positional_ablation,target_real_anchor,median_sweep,append,0.08866209581433995,-0.0880199057840611,8.550544752447667e-05
2030,P2,column_positional_ablation,target_real_anchor,median_sweep,replace,0.12211658032688882,-0.12157722627451335,0.0013763592716210058
2030,P2,column_positional_ablation,target_real_anchor,pacc,append,0.08908185663085426,-0.08839538488423267,8.550544752447667e-05
2030,P2,column_positional_ablation,target_real_anchor,pacc,replace,0.12255481903875634,-0.12196751575588188,0.0013763592716210058
2030,P2,column_positional_ablation,target_real_anchor,pcc,append,0.15208987416675052,0.03909552011538487,0.0007044472513952933
2030,P2,column_positional_ablation,target_real_anchor,pcc,replace,0.18617102543496378,-0.023006522523166286,0.0014591534498813459
2030,P2,datum_transformer,oracle_target,acc,append,0.010140147344725335,8.784518187525108e-05,0.00029814567709774006
2030,P2,datum_transformer,oracle_target,acc,replace,0.013731574455205765,-0.001430397699757882,0.00161824415436384
2030,P2,datum_transformer,oracle_target,cc,append,0.1130868071863843,-0.08935572014605633,0.00029814567709774006
2030,P2,datum_transformer,oracle_target,cc,replace,0.16140714285714283,-0.14099571428571428,0.00161824415436384
2030,P2,datum_transformer,oracle_target,dys,append,0.012063778683094025,0.009580073159356568,0.00030950743491877004
2030,P2,datum_transformer,oracle_target,dys,replace,0.013602586255950977,0.006808378726840132,0.0016754861202715287
2030,P2,datum_transformer,oracle_target,emq,append,0.014644881020290438,-0.010277186757927664,0.00016332070205432998
2030,P2,datum_transformer,oracle_target,emq,replace,0.02135194996336392,-0.015334937115953594,0.001686539957232897
2030,P2,datum_transformer,oracle_target,hdy,append,0.011970959517321276,0.009726616172167848,0.00030950743491877004
2030,P2,datum_transformer,oracle_target,hdy,replace,0.013311383845980353,0.007499753597469573,0.0016754861202715287
2030,P2,datum_transformer,oracle_target,kdey,append,0.04065494188543342,-0.04058450092230618,0.00016332070205432998
2030,P2,datum_transformer,oracle_target,kdey,replace,0.05693667177616259,-0.05679030804436491,0.001686539957232897
2030,P2,datum_transformer,oracle_target,median_sweep,append,0.009267705921260505,0.0018992472060711612,0.00019077523903987333
2030,P2,datum_transformer,oracle_target,median_sweep,replace,0.012979350702772141,0.00025434866822583426,0.00161824415436384
2030,P2,datum_transformer,oracle_target,pacc,append,0.009499384394141568,0.00016669739419292786,0.00029814567709774006
2030,P2,datum_transformer,oracle_target,pacc,replace,0.01346132424672905,-0.0015074460735873235,0.00161824415436384
2030,P2,datum_transformer,oracle_target,pcc,append,0.21427748428526447,0.1561523772121273,0.0007154984788578831
2030,P2,datum_transformer,oracle_target,pcc,replace,0.2330134757545157,0.08437018375446984,0.0018232255049282133
2030,P2,datum_transformer,source_only,acc,append,0.0878642812163333,-0.0872002819076496,0.00016332070205432998
2030,P2,datum_transformer,source_only,acc,replace,0.12002707305992644,-0.11946174947342335,0.0016902193505557372
2030,P2,datum_transformer,source_only,cc,append,0.11306698921722087,-0.08947638382619746,0.0002969035556639334
2030,P2,datum_transformer,source_only,cc,replace,0.16141571428571427,-0.14110142857142857,0.00162192354768668
2030,P2,datum_transformer,source_only,dys,append,0.07222980572301459,-0.07099329384457845,0.00016332070205432998
2030,P2,datum_transformer,source_only,dys,replace,0.10073270763801492,-0.09966750847313081,0.0016902193505557372
2030,P2,datum_transformer,source_only,emq,append,0.08615278446611428,-0.08611073253686734,0.00016332070205432998
2030,P2,datum_transformer,source_only,emq,replace,0.1225466478556169,-0.12251303364560394,0.0016902193505557372
2030,P2,datum_transformer,source_only,hdy,append,0.08351718679279274,-0.08232184213440888,0.00016332070205432998
2030,P2,datum_transformer,source_only,hdy,replace,0.11976605954974463,-0.11874859970635306,0.0016902193505557372
2030,P2,datum_transformer,source_only,kdey,append,0.0952433249386798,-0.09515710923337081,0.00016332070205432998
2030,P2,datum_transformer,source_only,kdey,replace,0.1338708025554002,-0.13379690337942107,0.0016902193505557372
2030,P2,datum_transformer,source_only,median_sweep,append,0.0878011883628954,-0.0871775897433883,0.00016332070205432998
2030,P2,datum_transformer,source_only,median_sweep,replace,0.1200250159261173,-0.11951146816929133,0.0016902193505557372
2030,P2,datum_transformer,source_only,pacc,append,0.0905413853043974,-0.08995246473637193,0.00016332070205432998
2030,P2,datum_transformer,source_only,pacc,replace,0.12392992930610983,-0.12344011783010002,0.0016902193505557372
2030,P2,datum_transformer,source_only,pcc,append,0.14998279523907093,0.03550081820892724,0.0007140919589990132
2030,P2,datum_transformer,source_only,pcc,replace,0.18457063469501542,-0.025956043155670478,0.0018230845919924449
2030,P2,datum_transformer,target_real_anchor,acc,append,0.08587654196194097,-0.08487365900950247,0.00016262657537073158
2030,P2,datum_transformer,target_real_anchor,acc,replace,0.11785350319521744,-0.11703562564419705,0.0017329942550578486
2030,P2,datum_transformer,target_real_anchor,cc,append,0.11397613549143817,-0.09364171005174324,0.00016262657537073158
2030,P2,datum_transformer,target_real_anchor,cc,replace,0.16254571428571427,-0.14513428571428572,0.0017189655894524715
2030,P2,datum_transformer,target_real_anchor,dys,append,0.07222980572301459,-0.07099329384457845,0.00016262657537073158
2030,P2,datum_transformer,target_real_anchor,dys,replace,0.10073270763801492,-0.09966750847313081,0.0017329942550578486
2030,P2,datum_transformer,target_real_anchor,emq,append,0.08615278446611428,-0.08611073253686734,0.00016262657537073158
2030,P2,datum_transformer,target_real_anchor,emq,replace,0.1225466478556169,-0.12251303364560394,0.0017329942550578486
2030,P2,datum_transformer,target_real_anchor,hdy,append,0.08351718679279274,-0.08232184213440888,0.00016262657537073158
2030,P2,datum_transformer,target_real_anchor,hdy,replace,0.11976605954974463,-0.11874859970635306,0.0017329942550578486
2030,P2,datum_transformer,target_real_anchor,kdey,append,0.0952433249386798,-0.09515710923337081,0.00016262657537073158
2030,P2,datum_transformer,target_real_anchor,kdey,replace,0.1338708025554002,-0.13379690337942107,0.0017329942550578486
2030,P2,datum_transformer,target_real_anchor,median_sweep,append,0.0878011883628954,-0.0871775897433883,0.00016262657537073158
2030,P2,datum_transformer,target_real_anchor,median_sweep,replace,0.1200250159261173,-0.11951146816929133,0.0017329942550578486
2030,P2,datum_transformer,target_real_anchor,pacc,append,0.0905413853043974,-0.08995246473637193,0.00016262657537073158
2030,P2,datum_transformer,target_real_anchor,pacc,replace,0.12392992930610983,-0.12344011783010002,0.0017329942550578486
2030,P2,datum_transformer,target_real_anchor,pcc,append,0.14998279523907093,0.03550081820892724,0.000718530716475695
2030,P2,datum_transformer,target_real_anchor,pcc,replace,0.18457063469501542,-0.025956043155670478,0.0017633218502337885
2030,P2,flat_transformer,oracle_target,acc,append,0.010899763338295405,-0.0006962319710259658,0.00020995505529724023
2030,P2,flat_transformer,oracle_target,acc,replace,0.014787116499736389,-0.002926238798102257,0.0013158606511977887
2030,P2,flat_transformer,oracle_target,cc,append,0.12390077084778515,-0.10130573276562937,0.00015955780476955688
2030,P2,flat_transformer,oracle_target,cc,replace,0.17711,-0.15768142857142856,0.0013732591870340971
2030,P2,flat_transformer,oracle_target,dys,append,0.01123882430081461,0.007590616268267375,0.0003042649518084235
2030,P2,flat_transformer,oracle_target,dys,replace,0.013305682211441029,0.004048724303566446,0.0013158606511977887
2030,P2,flat_transformer,oracle_target,emq,append,0.022428749161430894,-0.017433824339144675,0.00015955780476955688
2030,P2,flat_transformer,oracle_target,emq,replace,0.03130160021105912,-0.024438182825813694,0.0013449043729589173
2030,P2,flat_transformer,oracle_target,hdy,append,0.011218755724597912,0.007567784724022548,0.0003042649518084235
2030,P2,flat_transformer,oracle_target,hdy,replace,0.01306583312737283,0.004636580609401271,0.0013158606511977887
2030,P2,flat_transformer,oracle_target,kdey,append,0.03895985318184784,-0.03884133693587908,0.00015955780476955688
2030,P2,flat_transformer,oracle_target,kdey,replace,0.053690598104652584,-0.053556029993870595,0.0013449043729589173
2030,P2,flat_transformer,oracle_target,median_sweep,append,0.011634394586854504,0.0034546445219723818,0.00020995505529724023
2030,P2,flat_transformer,oracle_target,median_sweep,replace,0.015221555973305309,0.000943479026212121,0.00127073719776618
2030,P2,flat_transformer,oracle_target,pacc,append,0.012748589503957764,0.0033743636019439296,0.0003083749124350069
2030,P2,flat_transformer,oracle_target,pacc,replace,0.016635159016429733,0.000855299038172216,0.00127073719776618
2030,P2,flat_transformer,oracle_target,pcc,append,0.23781783708998527,0.17344429953507617,0.00057364090452011
2030,P2,flat_transformer,oracle_target,pcc,replace,0.25872364522881186,0.09379372175752979,0.001445798034969066
2030,P2,flat_transformer,source_only,acc,append,0.09188042192770694,-0.09092794813850544,0.00013517203838520002
2030,P2,flat_transformer,source_only,acc,replace,0.12592079507724996,-0.12508480145203413,0.0013463135023166
2030,P2,flat_transformer,source_only,cc,append,0.12386007559669142,-0.10104306805263219,0.00013517203838520002
2030,P2,flat_transformer,source_only,cc,replace,0.17701857142857141,-0.15741857142857144,0.00137466831639178
2030,P2,flat_transformer,source_only,dys,append,0.06158254561448119,-0.05959924233177559,0.00013517203838520002
2030,P2,flat_transformer,source_only,dys,replace,0.0868128467777979,-0.08520963409372177,0.0013463135023166
2030,P2,flat_transformer,source_only,emq,append,0.09816004329224441,-0.09816002627880972,0.00013517203838520002
2030,P2,flat_transformer,source_only,emq,replace,0.1402294615816337,-0.1402294469986897,0.0013463135023166
2030,P2,flat_transformer,source_only,hdy,append,0.08904416998579907,-0.0873005398238895,0.00013517203838520002
2030,P2,flat_transformer,source_only,hdy,replace,0.13104876843107702,-0.12962975980522914,0.0013463135023166
2030,P2,flat_transformer,source_only,kdey,append,0.10054985891090061,-0.10050523377998612,0.00013517203838520002
2030,P2,flat_transformer,source_only,kdey,replace,0.14381487284851913,-0.1437766227363067,0.0013463135023166
2030,P2,flat_transformer,source_only,median_sweep,append,0.09801378704109726,-0.09651020806703701,0.00013517203838520002
2030,P2,flat_transformer,source_only,median_sweep,replace,0.13584474299450108,-0.1345385249071581,0.0013463135023166
2030,P2,flat_transformer,source_only,pacc,append,0.10237350577979777,-0.10092635001959763,0.00013517203838520002
2030,P2,flat_transformer,source_only,pacc,replace,0.1412612506552818,-0.13995524159384198,0.0013463135023166
2030,P2,flat_transformer,source_only,pcc,append,0.17095267920068805,0.0490306463393912,0.0005996158556800834
2030,P2,flat_transformer,source_only,pcc,replace,0.20796896444006563,-0.019718337723546874,0.0014528906527360743
2030,P2,flat_transformer,target_real_anchor,acc,append,0.0899959400107487,-0.08898899920077988,0.00017506605620050332
2030,P2,flat_transformer,target_real_anchor,acc,replace,0.12338571784601687,-0.12249660792167331,0.00134570287959494
2030,P2,flat_transformer,target_real_anchor,cc,append,0.12420770895204541,-0.10283781245812254,0.00017506605620050332
2030,P2,flat_transformer,target_real_anchor,cc,replace,0.17741142857142855,-0.1590342857142857,0.0013830134935878342
2030,P2,flat_transformer,target_real_anchor,dys,append,0.06158254561448119,-0.05959924233177559,0.00017506605620050332
2030,P2,flat_transformer,target_real_anchor,dys,replace,0.0868128467777979,-0.08520963409372177,0.00134570287959494
2030,P2,flat_transformer,target_real_anchor,emq,append,0.09816004329224441,-0.09816002627880972,0.00017506605620050332
2030,P2,flat_transformer,target_real_anchor,emq,replace,0.1402294615816337,-0.1402294469986897,0.00134570287959494
2030,P2,flat_transformer,target_real_anchor,hdy,append,0.08904416998579907,-0.0873005398238895,0.00017506605620050332
2030,P2,flat_transformer,target_real_anchor,hdy,replace,0.13104876843107702,-0.12962975980522914,0.00134570287959494
2030,P2,flat_transformer,target_real_anchor,kdey,append,0.10054985891090061,-0.10050523377998612,0.00017506605620050332
2030,P2,flat_transformer,target_real_anchor,kdey,replace,0.14381487284851913,-0.1437766227363067,0.00134570287959494
2030,P2,flat_transformer,target_real_anchor,median_sweep,append,0.09801378704109726,-0.09651020806703701,0.00017506605620050332
2030,P2,flat_transformer,target_real_anchor,median_sweep,replace,0.13584474299450108,-0.1345385249071581,0.00134570287959494
2030,P2,flat_transformer,target_real_anchor,pacc,append,0.10237350577979777,-0.10092635001959763,0.00017506605620050332
2030,P2,flat_transformer,target_real_anchor,pacc,replace,0.1412612506552818,-0.13995524159384198,0.00134570287959494
2030,P2,flat_transformer,target_real_anchor,pcc,append,0.17095267920068805,0.0490306463393912,0.0005218919336085734
2030,P2,flat_transformer,target_real_anchor,pcc,replace,0.20796896444006563,-0.019718337723546874,0.001406874750711263
2030,P3,char3gram,oracle_target,acc,append,0.09994434357348861,0.0337487127432079,0.0010450713118407265
2030,P3,char3gram,oracle_target,acc,replace,0.1262902857142857,0.014067200000000002,0.0006932653465486428
2030,P3,char3gram,oracle_target,cc,append,0.2335427446392322,-0.2151736911412898,0.0038311027748889467
2030,P3,char3gram,oracle_target,cc,replace,0.33090857142857144,-0.3153057142857143,0.00266238830995176
2030,P3,char3gram,oracle_target,dys,append,0.049814295854809336,0.0023318272738846427,0.0014347484276729335
2030,P3,char3gram,oracle_target,dys,replace,0.059613418131571824,0.002320092951387478,0.0013627423930499057
2030,P3,char3gram,oracle_target,emq,append,0.07499701165540987,-0.014042384406767115,0.00213388715561496
2030,P3,char3gram,oracle_target,emq,replace,0.07198945453732196,7.749469356419261e-06,0.0012093122793612886
2030,P3,char3gram,oracle_target,hdy,append,0.05547702407606717,0.032263397794761096,0.0009416939038280367
2030,P3,char3gram,oracle_target,hdy,replace,0.062120349874881985,0.03368056163503728,0.0007174515921358771
2030,P3,char3gram,oracle_target,kdey,append,0.13032014706959527,0.13008115099095488,0.00040154178840851
2030,P3,char3gram,oracle_target,kdey,replace,0.12415187703716066,0.11667887699405634,0.0004217780560448714
2030,P3,char3gram,oracle_target,pacc,append,0.05507809671795073,0.03626628290311033,0.00068964698988097
2030,P3,char3gram,oracle_target,pacc,replace,0.061632114795272565,0.03629512391960331,0.0007174515921358771
2030,P3,char3gram,oracle_target,pcc,append,0.3013393640098284,0.22001313242230344,0.00040154178840851
2030,P3,char3gram,oracle_target,pcc,replace,0.328001529169412,0.11924944121478175,0.0005137476919158543
2030,P3,char3gram,source_only,acc,append,0.7249908620369842,0.7249908620369842,
2030,P3,char3gram,source_only,acc,replace,0.6214285714285714,0.6214285714285714,
2030,P3,char3gram,source_only,cc,append,0.7249677803069338,0.7249677803069338,
2030,P3,char3gram,source_only,cc,replace,0.6214114285714286,0.6214114285714286,
2030,P3,char3gram,source_only,dys,append,0.7249849011759976,0.7249849011759976,
2030,P3,char3gram,source_only,dys,replace,0.6214243136707238,0.6214226105675849,
2030,P3,char3gram,source_only,emq,append,0.7249908620021435,0.7249908620021435,
2030,P3,char3gram,source_only,emq,replace,0.6214285714016224,0.6214285713962572,
2030,P3,char3gram,source_only,hdy,append,0.7249849011759976,0.7249849011759976,
2030,P3,char3gram,source_only,hdy,replace,0.6214243136707238,0.6214226105675849,
2030,P3,char3gram,source_only,kdey,append,0.7249849011759976,0.7249849011759976,
2030,P3,char3gram,source_only,kdey,replace,0.6214243136707238,0.6214226105675849,
2030,P3,char3gram,source_only,median_sweep,append,0.7249908620369842,0.7249908620369842,
2030,P3,char3gram,source_only,median_sweep,replace,0.6214285714285714,0.6214285714285714,
2030,P3,char3gram,source_only,pacc,append,0.7249908620369842,0.7249908620369842,
2030,P3,char3gram,source_only,pacc,replace,0.6214285714285714,0.6214285714285714,
2030,P3,char3gram,source_only,pcc,append,0.6940934485026061,0.6940934485026061,
2030,P3,char3gram,source_only,pcc,replace,0.599046701057278,0.5909128469098803,
2030,P3,char3gram,target_real_anchor,acc,append,0.7249908620369842,0.7249908620369842,0.00039514518232389335
2030,P3,char3gram,target_real_anchor,acc,replace,0.6214285714285714,0.6214285714285714,0.0005295328649956342
2030,P3,char3gram,target_real_anchor,cc,append,0.23381987386377773,-0.21581693939084326,0.0037767316231696896
2030,P3,char3gram,target_real_anchor,cc,replace,0.33127285714285715,-0.3159842857142857,0.0026902002815685313
2030,P3,char3gram,target_real_anchor,dys,append,0.7249849011759976,0.7249849011759976,0.00039514518232389335
2030,P3,char3gram,target_real_anchor,dys,replace,0.6214243136707238,0.6214226105675849,0.0005295328649956342
2030,P3,char3gram,target_real_anchor,emq,append,0.7249908620021435,0.7249908620021435,0.00039514518232389335
2030,P3,char3gram,target_real_anchor,emq,replace,0.6214285714016224,0.6214285713962572,0.0005295328649956342
2030,P3,char3gram,target_real_anchor,hdy,append,0.7249849011759976,0.7249849011759976,0.00039514518232389335
2030,P3,char3gram,target_real_anchor,hdy,replace,0.6214243136707238,0.6214226105675849,0.0005295328649956342
2030,P3,char3gram,target_real_anchor,kdey,append,0.7249849011759976,0.7249849011759976,0.00039514518232389335
2030,P3,char3gram,target_real_anchor,kdey,replace,0.6214243136707238,0.6214226105675849,0.0005295328649956342
2030,P3,char3gram,target_real_anchor,median_sweep,append,0.7249908620369842,0.7249908620369842,0.00039514518232389335
2030,P3,char3gram,target_real_anchor,median_sweep,replace,0.6214285714285714,0.6214285714285714,0.0005295328649956342
2030,P3,char3gram,target_real_anchor,pacc,append,0.7249908620369842,0.7249908620369842,0.00039514518232389335
2030,P3,char3gram,target_real_anchor,pacc,replace,0.6214285714285714,0.6214285714285714,0.0005295328649956342
2030,P3,char3gram,target_real_anchor,pcc,append,0.6940934485026061,0.6940934485026061,0.00039514518232389335
2030,P3,char3gram,target_real_anchor,pcc,replace,0.599046701057278,0.5909128469098803,0.0005295328649956342
2030,P3,column_positional_ablation,oracle_target,acc,append,0.3315164070684033,0.2831678294642346,0.001063332590501661
2030,P3,column_positional_ablation,oracle_target,acc,replace,0.2956805494505494,0.21095967032967028,0.001157535143012763
2030,P3,column_positional_ablation,oracle_target,cc,append,0.23736751168157327,-0.21940954397027226,0.00025256276927646454
2030,P3,column_positional_ablation,oracle_target,cc,replace,0.3366642857142857,-0.32120714285714286,0.00032065567275785717
2030,P3,column_positional_ablation,oracle_target,dys,append,0.04379007229628972,-0.02074392117323518,0.00020923092160651105
2030,P3,column_positional_ablation,oracle_target,dys,replace,0.04657164639942532,-0.011349738943095431,0.0005410290694795201
2030,P3,column_positional_ablation,oracle_target,emq,append,0.07426736680872581,-0.03191881752410466,0.00033174656234009225
2030,P3,column_positional_ablation,oracle_target,emq,replace,0.06802738172910018,-0.02157627766163508,0.0007054247935989
2030,P3,column_positional_ablation,oracle_target,hdy,append,0.04170772507933712,-0.0074279407304101205,0.0005772936991366711
2030,P3,column_positional_ablation,oracle_target,hdy,replace,0.044635006196009276,0.006535775736005628,0.0007498620455461829
2030,P3,column_positional_ablation,oracle_target,kdey,append,0.5962319268596022,0.5962319268596022,0.001582902078277941
2030,P3,column_positional_ablation,oracle_target,kdey,replace,0.5135093190863845,0.5114546025999664,0.001327634753203
2030,P3,column_positional_ablation,oracle_target,pacc,append,0.05209541314224069,0.007631882886282286,0.0009846646527674476
2030,P3,column_positional_ablation,oracle_target,pacc,replace,0.05253452276954308,0.011014256639184362,0.0007464574003721114
2030,P3,column_positional_ablation,oracle_target,pcc,append,0.30185982305531117,0.22004206787985842,0.001582902078277941
2030,P3,column_positional_ablation,oracle_target,pcc,replace,0.32882448535428094,0.11885983259619264,0.001327634753203
2030,P3,column_positional_ablation,source_only,acc,append,0.7249908620369842,0.7249908620369842,0.14568002757762588
2030,P3,column_positional_ablation,source_only,acc,replace,0.6214285714285714,0.6214285714285714,0.13356364984152924
2030,P3,column_positional_ablation,source_only,cc,append,0.7196256082511823,0.7196256082511823,0.14568002757762588
2030,P3,column_positional_ablation,source_only,cc,replace,0.6168585714285714,0.6167957142857143,0.13356364984152924
2030,P3,column_positional_ablation,source_only,dys,append,0.7249849011759976,0.7249849011759976,0.14568002757762588
2030,P3,column_positional_ablation,source_only,dys,replace,0.6214243136707238,0.6214226105675849,0.13356364984152924
2030,P3,column_positional_ablation,source_only,emq,append,0.7249908618697841,0.7249908618697841,0.14568002757762588
2030,P3,column_positional_ablation,source_only,emq,replace,0.6214285712946505,0.6214285712843541,0.13356364984152924
2030,P3,column_positional_ablation,source_only,hdy,append,0.7249849011759976,0.7249849011759976,0.14568002757762588
2030,P3,column_positional_ablation,source_only,hdy,replace,0.6214243136707238,0.6214226105675849,0.13356364984152924
2030,P3,column_positional_ablation,source_only,kdey,append,0.7249849011759976,0.7249849011759976,0.14568002757762588
2030,P3,column_positional_ablation,source_only,kdey,replace,0.6214243136707238,0.6214226105675849,0.13356364984152924
2030,P3,column_positional_ablation,source_only,median_sweep,append,0.7249908620369842,0.7249908620369842,0.14568002757762588
2030,P3,column_positional_ablation,source_only,median_sweep,replace,0.6214285714285714,0.6214285714285714,0.13356364984152924
2030,P3,column_positional_ablation,source_only,pacc,append,0.7249908620369842,0.7249908620369842,0.14568002757762588
2030,P3,column_positional_ablation,source_only,pacc,replace,0.6214285714285714,0.6214285714285714,0.13356364984152924
2030,P3,column_positional_ablation,source_only,pcc,append,0.6870800400499355,0.6870800400499355,0.14568002757762588
2030,P3,column_positional_ablation,source_only,pcc,replace,0.5934381994661102,0.584533356233845,0.13356364984152924
2030,P3,column_positional_ablation,target_real_anchor,acc,append,0.22194217703003474,-0.1807530270893324,0.0006027253668762966
2030,P3,column_positional_ablation,target_real_anchor,acc,replace,0.3170773158858685,-0.28137674233661075,0.0006404712382650086
2030,P3,column_positional_ablation,target_real_anchor,cc,append,0.23812516604811643,-0.2207254762728711,0.0002514794730847179
2030,P3,column_positional_ablation,target_real_anchor,cc,replace,0.33755,-0.3226014285714286,0.0003317097155308103
2030,P3,column_positional_ablation,target_real_anchor,dys,append,0.7249849011759976,0.7249849011759976,0.0015450898826325568
2030,P3,column_positional_ablation,target_real_anchor,dys,replace,0.6214243136707238,0.6214226105675849,0.0012733815112733371
2030,P3,column_positional_ablation,target_real_anchor,emq,append,0.7249908618697841,0.7249908618697841,0.0015450898826325568
2030,P3,column_positional_ablation,target_real_anchor,emq,replace,0.6214285712946505,0.6214285712843541,0.0012733815112733371
2030,P3,column_positional_ablation,target_real_anchor,hdy,append,0.7249849011759976,0.7249849011759976,0.0015450898826325568
2030,P3,column_positional_ablation,target_real_anchor,hdy,replace,0.6214243136707238,0.6214226105675849,0.0012733815112733371
2030,P3,column_positional_ablation,target_real_anchor,kdey,append,0.7249849011759976,0.7249849011759976,0.0015450898826325568
2030,P3,column_positional_ablation,target_real_anchor,kdey,replace,0.6214243136707238,0.6214226105675849,0.0012733815112733371
2030,P3,column_positional_ablation,target_real_anchor,median_sweep,append,0.7249908620369842,0.7249908620369842,0.0015450898826325568
2030,P3,column_positional_ablation,target_real_anchor,median_sweep,replace,0.6214285714285714,0.6214285714285714,0.0012733815112733371
2030,P3,column_positional_ablation,target_real_anchor,pacc,append,0.7249908620369842,0.7249908620369842,0.0015450898826325568
2030,P3,column_positional_ablation,target_real_anchor,pacc,replace,0.6214285714285714,0.6214285714285714,0.0012733815112733371
2030,P3,column_positional_ablation,target_real_anchor,pcc,append,0.6870800400499355,0.6870800400499355,0.0015450898826325568
2030,P3,column_positional_ablation,target_real_anchor,pcc,replace,0.5934381994661102,0.584533356233845,0.0012733815112733371
2030,P3,datum_ta,oracle_target,cc,append,0.2750091379630159,-0.2750091379630159,0.0
2030,P3,datum_ta,oracle_target,cc,replace,0.37857142857142856,-0.37857142857142856,0.0
2030,P3,datum_ta,oracle_target,dys,append,0.7249849011759976,0.7249849011759976,0.0
2030,P3,datum_ta,oracle_target,dys,replace,0.6214243136707238,0.6214226105675849,0.0
2030,P3,datum_ta,oracle_target,emq,append,0.30832419537031747,0.22499086203698412,0.0
2030,P3,datum_ta,oracle_target,emq,replace,0.3357142857142857,0.12142857142857143,0.0
2030,P3,datum_ta,oracle_target,hdy,append,0.7249849011759976,0.7249849011759976,0.0
2030,P3,datum_ta,oracle_target,hdy,replace,0.6214243136707238,0.6214226105675849,0.0
2030,P3,datum_ta,oracle_target,pcc,append,0.30832419537031747,0.22499086203698412,0.0
2030,P3,datum_ta,oracle_target,pcc,replace,0.3357142857142857,0.12142857142857143,0.0
2030,P3,datum_ta,source_only,acc,append,0.25391346799003467,-0.25252336716510343,0.0015934771125306999
2030,P3,datum_ta,source_only,acc,replace,0.3472962518004452,-0.346104736807647,0.001449848250100776
2030,P3,datum_ta,source_only,cc,append,0.23380272834099694,-0.2170225700630609,0.0015934771125306999
2030,P3,datum_ta,source_only,cc,replace,0.33050285714285715,-0.3161457142857143,0.0013763609737461675
2030,P3,datum_ta,source_only,dys,append,0.7249849011759976,0.7249849011759976,0.00026298304693044
2030,P3,datum_ta,source_only,dys,replace,0.6214243136707238,0.6214226105675849,0.0005867043742173622
2030,P3,datum_ta,source_only,emq,append,0.7249908596973307,0.7249908596973307,0.00026298304693044
2030,P3,datum_ta,source_only,emq,replace,0.621428569756262,0.6214285690900303,0.0005867043742173622
2030,P3,datum_ta,source_only,hdy,append,0.7249849011759976,0.7249849011759976,0.00026298304693044
2030,P3,datum_ta,source_only,hdy,replace,0.6214243136707238,0.6214226105675849,0.0005867043742173622
2030,P3,datum_ta,source_only,kdey,append,0.7249849011759976,0.7249849011759976,0.00026298304693044
2030,P3,datum_ta,source_only,kdey,replace,0.6214243136707238,0.6214226105675849,0.0005867043742173622
2030,P3,datum_ta,source_only,median_sweep,append,0.7249908620369842,0.7249908620369842,0.00026298304693044
2030,P3,datum_ta,source_only,median_sweep,replace,0.6214285714285714,0.6214285714285714,0.0005867043742173622
2030,P3,datum_ta,source_only,pacc,append,0.7249908620369842,0.7249908620369842,0.00026298304693044
2030,P3,datum_ta,source_only,pacc,replace,0.6214285714285714,0.6214285714285714,0.0005867043742173622
2030,P3,datum_ta,source_only,pcc,append,0.530253847553723,0.530253847553723,0.00026298304693044
2030,P3,datum_ta,source_only,pcc,replace,0.48232529479311487,0.4266968897452573,0.0005867043742173622
2030,P3,datum_ta,target_real_anchor,acc,append,0.24268437027460354,-0.23951762241514088,0.0019734045626371793
2030,P3,datum_ta,target_real_anchor,acc,replace,0.3334004650132861,-0.33068610970517526,0.0021823775565789714
2030,P3,datum_ta,target_real_anchor,cc,append,0.22661760806929002,-0.20442505979451953,0.0019734045626371793
2030,P3,datum_ta,target_real_anchor,cc,replace,0.3215071428571429,-0.3025042857142857,0.0021823775565789714
2030,P3,datum_ta,target_real_anchor,dys,append,0.7249849011759976,0.7249849011759976,0.0004867610888261433
2030,P3,datum_ta,target_real_anchor,dys,replace,0.6214243136707238,0.6214226105675849,0.0007944761621778286
2030,P3,datum_ta,target_real_anchor,emq,append,0.7249908596973307,0.7249908596973307,0.0004867610888261433
2030,P3,datum_ta,target_real_anchor,emq,replace,0.621428569756262,0.6214285690900303,0.0007944761621778286
2030,P3,datum_ta,target_real_anchor,hdy,append,0.7249849011759976,0.7249849011759976,0.0004867610888261433
2030,P3,datum_ta,target_real_anchor,hdy,replace,0.6214243136707238,0.6214226105675849,0.0007944761621778286
2030,P3,datum_ta,target_real_anchor,kdey,append,0.7249849011759976,0.7249849011759976,0.0004867610888261433
2030,P3,datum_ta,target_real_anchor,kdey,replace,0.6214243136707238,0.6214226105675849,0.0007944761621778286
2030,P3,datum_ta,target_real_anchor,median_sweep,append,0.7249908620369842,0.7249908620369842,0.0004867610888261433
2030,P3,datum_ta,target_real_anchor,median_sweep,replace,0.6214285714285714,0.6214285714285714,0.0007944761621778286
2030,P3,datum_ta,target_real_anchor,pacc,append,0.7249908620369842,0.7249908620369842,0.0004867610888261433
2030,P3,datum_ta,target_real_anchor,pacc,replace,0.6214285714285714,0.6214285714285714,0.0007944761621778286
2030,P3,datum_ta,target_real_anchor,pcc,append,0.530253847553723,0.530253847553723,0.0004867610888261433
2030,P3,datum_ta,target_real_anchor,pcc,replace,0.48232529479311487,0.4266968897452573,0.0007944761621778286
2030,P3,datum_transformer,oracle_target,acc,append,0.2145698747330136,0.20468299331177417,0.000939733653576306
2030,P3,datum_transformer,oracle_target,acc,replace,0.19499091729323303,0.1741380451127819,0.0008697763015472028
2030,P3,datum_transformer,oracle_target,cc,append,0.2300988014928911,-0.20936811140108993,0.0009098140444708334
2030,P3,datum_transformer,oracle_target,cc,replace,0.3265414285714286,-0.30858142857142856,0.0009448111438900112
2030,P3,datum_transformer,oracle_target,dys,append,0.08318318701284275,0.047325064813913076,0.0006563227356014493
2030,P3,datum_transformer,oracle_target,dys,replace,0.09575962006257813,0.028015961634780817,0.0006319375172443057
2030,P3,datum_transformer,oracle_target,emq,append,0.14132280172479264,0.11502783381038394,0.001060753313854626
2030,P3,datum_transformer,oracle_target,emq,replace,0.17039529838319403,0.08504792373616536,0.0008944489250164399
2030,P3,datum_transformer,oracle_target,hdy,append,0.079436576105252,0.03596708385971574,0.0006265062975618627
2030,P3,datum_transformer,oracle_target,hdy,replace,0.0963238568994302,0.0109693551973392,0.0005985543080699829
2030,P3,datum_transformer,oracle_target,kdey,append,0.24702153304188498,-0.23787306287387233,0.0009098140444708334
2030,P3,datum_transformer,oracle_target,kdey,replace,0.34424476945936006,-0.33585611657860664,0.0011964011574024682
2030,P3,datum_transformer,oracle_target,pacc,append,0.12997401805945463,0.052327359809616156,0.0007309670017662966
2030,P3,datum_transformer,oracle_target,pacc,replace,0.14302280121414485,0.0457724163523695,0.0010146284780440172
2030,P3,datum_transformer,oracle_target,pcc,append,0.30776800759527834,0.2246275253505133,0.001060753313854626
2030,P3,datum_transformer,oracle_target,pcc,replace,0.3351018160989365,0.12131680804160498,0.0009489674639726543
2030,P3,datum_transformer,source_only,acc,append,0.7249908620369842,0.7249908620369842,
2030,P3,datum_transformer,source_only,acc,replace,0.6214285714285714,0.6214285714285714,
2030,P3,datum_transformer,source_only,cc,append,0.7213101130092257,0.7213101130092257,
2030,P3,datum_transformer,source_only,cc,replace,0.6188085714285714,0.61786,
2030,P3,datum_transformer,source_only,dys,append,0.7249849011759976,0.7249849011759976,
2030,P3,datum_transformer,source_only,dys,replace,0.6214243136707238,0.6214226105675849,
2030,P3,datum_transformer,source_only,emq,append,0.7249908616917992,0.7249908616917992,
2030,P3,datum_transformer,source_only,emq,replace,0.6214285711833333,0.6214285710945284,
2030,P3,datum_transformer,source_only,hdy,append,0.7249849011759976,0.7249849011759976,
2030,P3,datum_transformer,source_only,hdy,replace,0.6214243136707238,0.6214226105675849,
2030,P3,datum_transformer,source_only,kdey,append,0.7249849011759976,0.7249849011759976,
2030,P3,datum_transformer,source_only,kdey,replace,0.6214243136707238,0.6214226105675849,
2030,P3,datum_transformer,source_only,median_sweep,append,0.7249908620369842,0.7249908620369842,
2030,P3,datum_transformer,source_only,median_sweep,replace,0.6214285714285714,0.6214285714285714,
2030,P3,datum_transformer,source_only,pacc,append,0.7249908620369842,0.7249908620369842,
2030,P3,datum_transformer,source_only,pacc,replace,0.6214285714285714,0.6214285714285714,
2030,P3,datum_transformer,source_only,pcc,append,0.679210098916478,0.679210098916478,
2030,P3,datum_transformer,source_only,pcc,replace,0.5885743415159671,0.5759185477226836,
2030,P3,datum_transformer,target_real_anchor,acc,append,0.2150888083150746,-0.17291554645083212,0.00033989707654467997
2030,P3,datum_transformer,target_real_anchor,acc,replace,0.3066140395001588,-0.27008763369691835,0.0007059111714809252
2030,P3,datum_transformer,target_real_anchor,cc,append,0.2368482605747155,-0.22148570913438628,0.000590963865365859
2030,P3,datum_transformer,target_real_anchor,cc,replace,0.33501285714285717,-0.32171,0.0008006222099595771
2030,P3,datum_transformer,target_real_anchor,dys,append,0.7249849011759976,0.7249849011759976,0.0010434205747866234
2030,P3,datum_transformer,target_real_anchor,dys,replace,0.6214243136707238,0.6214226105675849,0.001053936654144648
2030,P3,datum_transformer,target_real_anchor,emq,append,0.7249908616917992,0.7249908616917992,0.0010434205747866234
2030,P3,datum_transformer,target_real_anchor,emq,replace,0.6214285711833333,0.6214285710945284,0.001053936654144648
2030,P3,datum_transformer,target_real_anchor,hdy,append,0.7249849011759976,0.7249849011759976,0.0010434205747866234
2030,P3,datum_transformer,target_real_anchor,hdy,replace,0.6214243136707238,0.6214226105675849,0.001053936654144648
2030,P3,datum_transformer,target_real_anchor,kdey,append,0.7249849011759976,0.7249849011759976,0.0010434205747866234
2030,P3,datum_transformer,target_real_anchor,kdey,replace,0.6214243136707238,0.6214226105675849,0.001053936654144648
2030,P3,datum_transformer,target_real_anchor,median_sweep,append,0.7249908620369842,0.7249908620369842,0.0010434205747866234
2030,P3,datum_transformer,target_real_anchor,median_sweep,replace,0.6214285714285714,0.6214285714285714,0.001053936654144648
2030,P3,datum_transformer,target_real_anchor,pacc,append,0.7249908620369842,0.7249908620369842,0.0010434205747866234
2030,P3,datum_transformer,target_real_anchor,pacc,replace,0.6214285714285714,0.6214285714285714,0.001053936654144648
2030,P3,datum_transformer,target_real_anchor,pcc,append,0.679210098916478,0.679210098916478,0.0010434205747866234
2030,P3,datum_transformer,target_real_anchor,pcc,replace,0.5885743415159671,0.5759185477226836,0.001053936654144648
2030,P3,flat_transformer,oracle_target,acc,append,0.0585039023558611,-0.038496494554874985,0.0004745869030522033
2030,P3,flat_transformer,oracle_target,acc,replace,0.07607907142857141,-0.03314824999999998,0.0008092885794935943
2030,P3,flat_transformer,oracle_target,cc,append,0.22897106097268516,-0.21476244748740503,0.0011686186632331168
2030,P3,flat_transformer,oracle_target,cc,replace,0.3232785714285714,-0.3109757142857143,0.0008367910379126885
2030,P3,flat_transformer,oracle_target,dys,append,0.04386128160145519,-0.04126295068221831,0.00052276779081859
2030,P3,flat_transformer,oracle_target,dys,replace,0.04271375647356554,-0.03836522759718948,0.0008794154268452229
2030,P3,flat_transformer,oracle_target,emq,append,0.03540332988225915,-0.019300964070635758,0.0006223278693936634
2030,P3,flat_transformer,oracle_target,emq,replace,0.03528071836589627,-0.01581273074507814,0.0009645757723680658
2030,P3,flat_transformer,oracle_target,hdy,append,0.04052570263394393,-0.03411797756799673,0.00052276779081859
2030,P3,flat_transformer,oracle_target,hdy,replace,0.04140614377462448,-0.0327224582537301,0.0008794154268452229
2030,P3,flat_transformer,oracle_target,kdey,append,0.03786263863078874,-0.03460449216620702,0.00052276779081859
2030,P3,flat_transformer,oracle_target,kdey,replace,0.033495864660772326,-0.026579971552747064,0.0008794154268452229
2030,P3,flat_transformer,oracle_target,median_sweep,append,0.03945596392477524,-0.03288547671768653,0.0006223278693936634
2030,P3,flat_transformer,oracle_target,median_sweep,replace,0.04221238267771697,-0.03272633105180184,0.0008794154268452229
2030,P3,flat_transformer,oracle_target,pacc,append,0.03744800067817385,-0.030235241770295792,0.0005947296092705267
2030,P3,flat_transformer,oracle_target,pacc,replace,0.04032982904155239,-0.029841954523468987,0.0008794154268452229
2030,P3,flat_transformer,oracle_target,pcc,append,0.27495411080506316,0.1970579656794024,0.0005994238927680834
2030,P3,flat_transformer,oracle_target,pcc,replace,0.3007089737399992,0.10479428088867128,0.0010699429080798628
2030,P3,flat_transformer,source_only,acc,append,0.19088297840689944,0.1181981058250542,0.0023450267419402467
2030,P3,flat_transformer,source_only,acc,replace,0.2157746910873724,0.05363994140624999,0.0031625174211714
2030,P3,flat_transformer,source_only,cc,append,0.19239418312180695,0.04759584978847362,0.0023450267419402467
2030,P3,flat_transformer,source_only,cc,replace,0.23756999999999998,-0.028901428571428578,0.0031625174211714
2030,P3,flat_transformer,source_only,dys,append,0.17668497867684277,-0.13795056493586205,0.0012407868238168268
2030,P3,flat_transformer,source_only,dys,replace,0.22030420588197183,-0.1861001080525885,0.0016980336184392085
2030,P3,flat_transformer,source_only,emq,append,0.17494996107875554,0.09562509034058135,0.0023450267419402467
2030,P3,flat_transformer,source_only,emq,replace,0.19905385732677347,0.036213935643324584,0.0031625174211714
2030,P3,flat_transformer,source_only,hdy,append,0.17023364003392522,0.01157992684171695,0.0023450267419402467
2030,P3,flat_transformer,source_only,hdy,replace,0.21739034164235319,-0.058752122229277136,0.0031625174211714
2030,P3,flat_transformer,source_only,kdey,append,0.178095596303358,0.09644688103171474,0.0023450267419402467
2030,P3,flat_transformer,source_only,kdey,replace,0.20297188514816392,0.03588455095952889,0.0031625174211714
2030,P3,flat_transformer,source_only,median_sweep,append,0.187721755239976,0.1314779957500564,0.0023450267419402467
2030,P3,flat_transformer,source_only,median_sweep,replace,0.20688409056483648,0.07095210829116501,0.0031625174211714
2030,P3,flat_transformer,source_only,pacc,append,0.16017468666000895,0.08069738359468019,0.0023450267419402467
2030,P3,flat_transformer,source_only,pacc,replace,0.18595756586198092,0.02396852590817402,0.0031625174211714
2030,P3,flat_transformer,source_only,pcc,append,0.2265848642776717,0.14536257026605628,0.0023450267419402467
2030,P3,flat_transformer,source_only,pcc,replace,0.2530927931668099,0.06763737364558865,0.0031625174211714
2030,P3,flat_transformer,target_real_anchor,acc,append,0.2162446038189727,-0.19601953790390397,0.000832693672724846
2030,P3,flat_transformer,target_real_anchor,acc,replace,0.30690427833387146,-0.2893309539185387,0.0009922108793004457
2030,P3,flat_transformer,target_real_anchor,cc,append,0.23496902669168904,-0.2228056933583557,0.00146100546393962
2030,P3,flat_transformer,target_real_anchor,cc,replace,0.33065285714285714,-0.32022142857142855,0.0009343319113412514
2030,P3,flat_transformer,target_real_anchor,dys,append,0.17668497867684277,-0.13795056493586205,0.0004004584922167749
2030,P3,flat_transformer,target_real_anchor,dys,replace,0.22030420588197183,-0.1861001080525885,0.0008205637031219999
2030,P3,flat_transformer,target_real_anchor,emq,append,0.17494996107875554,0.09562509034058135,0.0003637811782960873
2030,P3,flat_transformer,target_real_anchor,emq,replace,0.19905385732677347,0.036213935643324584,0.0008451036780779457
2030,P3,flat_transformer,target_real_anchor,hdy,append,0.17023364003392522,0.01157992684171695,0.0003637811782960873
2030,P3,flat_transformer,target_real_anchor,hdy,replace,0.21739034164235319,-0.058752122229277136,0.0008451036780779457
2030,P3,flat_transformer,target_real_anchor,kdey,append,0.178095596303358,0.09644688103171474,0.0003637811782960873
2030,P3,flat_transformer,target_real_anchor,kdey,replace,0.20297188514816392,0.03588455095952889,0.0008451036780779457
2030,P3,flat_transformer,target_real_anchor,median_sweep,append,0.187721755239976,0.1314779957500564,0.0003637811782960873
2030,P3,flat_transformer,target_real_anchor,median_sweep,replace,0.20688409056483648,0.07095210829116501,0.0008451036780779457
2030,P3,flat_transformer,target_real_anchor,pacc,append,0.16017468666000895,0.08069738359468019,0.0003637811782960873
2030,P3,flat_transformer,target_real_anchor,pacc,replace,0.18595756586198092,0.02396852590817402,0.0008451036780779457
2030,P3,flat_transformer,target_real_anchor,pcc,append,0.2265848642776717,0.14536257026605628,0.0003637811782960873
2030,P3,flat_transformer,target_real_anchor,pcc,replace,0.2530927931668099,0.06763737364558865,0.0008451036780779457
2030,P4,char3gram,oracle_target,acc,append,0.07938976491370972,-0.048812669543493385,0.0016535742584063366
2030,P4,char3gram,oracle_target,acc,replace,0.10158355753196219,-0.07236939410783771,0.001666640136963977
2030,P4,char3gram,oracle_target,cc,append,0.22452611877219908,-0.20562424476143618,0.0026286955875798085
2030,P4,char3gram,oracle_target,cc,replace,0.3180142857142857,-0.30218,0.0013927209570501514
2030,P4,char3gram,oracle_target,dys,append,0.05251540402518477,-0.012352218862452337,0.0016277299064031733
2030,P4,char3gram,oracle_target,dys,replace,0.06264182858956836,-0.021888422538192277,0.0017759867280740485
2030,P4,char3gram,oracle_target,emq,append,0.07575445690523921,-0.03787531404918282,0.0018873598936924934
2030,P4,char3gram,oracle_target,emq,replace,0.06868922146992444,-0.02324086630072077,0.0019149139376445485
2030,P4,char3gram,oracle_target,hdy,append,0.038806158450304586,0.00808970396139959,0.00133400188184021
2030,P4,char3gram,oracle_target,hdy,replace,0.0408337025872621,0.012886624389764118,0.0016513855579372999
2030,P4,char3gram,oracle_target,kdey,append,0.04535268346120376,0.035515953221497615,0.00123562827052276
2030,P4,char3gram,oracle_target,kdey,replace,0.05021990225351914,0.03185194272797805,0.0015964248572701715
2030,P4,char3gram,oracle_target,pacc,append,0.04656785573443879,0.01756704244639939,0.0008397093052047467
2030,P4,char3gram,oracle_target,pacc,replace,0.05252654557363366,0.013238199560299143,0.0013934284157876172
2030,P4,char3gram,oracle_target,pcc,append,0.2975805169017874,0.21673634996149915,0.00045250829495367337
2030,P4,char3gram,oracle_target,pcc,replace,0.3240380085776319,0.11711575984377814,0.0011873810584997373
2030,P4,char3gram,source_only,acc,append,0.7249908620369842,0.7249908620369842,
2030,P4,char3gram,source_only,acc,replace,0.6214285714285714,0.6214285714285714,
2030,P4,char3gram,source_only,cc,append,0.7249677803069338,0.7249677803069338,
2030,P4,char3gram,source_only,cc,replace,0.6214114285714286,0.6214114285714286,
2030,P4,char3gram,source_only,dys,append,0.7249849011759976,0.7249849011759976,
2030,P4,char3gram,source_only,dys,replace,0.6214243136707238,0.6214226105675849,
2030,P4,char3gram,source_only,emq,append,0.7249908620032719,0.7249908620032719,
2030,P4,char3gram,source_only,emq,replace,0.6214285714021472,0.621428571397512,
2030,P4,char3gram,source_only,hdy,append,0.7249849011759976,0.7249849011759976,
2030,P4,char3gram,source_only,hdy,replace,0.6214243136707238,0.6214226105675849,
2030,P4,char3gram,source_only,kdey,append,0.7249849011759976,0.7249849011759976,
2030,P4,char3gram,source_only,kdey,replace,0.6214243136707238,0.6214226105675849,
2030,P4,char3gram,source_only,median_sweep,append,0.7249908620369842,0.7249908620369842,
2030,P4,char3gram,source_only,median_sweep,replace,0.6214285714285714,0.6214285714285714,
2030,P4,char3gram,source_only,pacc,append,0.7249908620369842,0.7249908620369842,
2030,P4,char3gram,source_only,pacc,replace,0.6214285714285714,0.6214285714285714,
2030,P4,char3gram,source_only,pcc,append,0.694260669612027,0.694260669612027,
2030,P4,char3gram,source_only,pcc,replace,0.599101088678746,0.5911282398523794,
2030,P4,char3gram,target_real_anchor,acc,append,0.7249908620369842,0.7249908620369842,0.0004336279898974699
2030,P4,char3gram,target_real_anchor,acc,replace,0.6214285714285714,0.6214285714285714,0.001221427510240443
2030,P4,char3gram,target_real_anchor,cc,append,0.22491717862530067,-0.20643941034419902,0.0029434705095824952
2030,P4,char3gram,target_real_anchor,cc,replace,0.31848857142857145,-0.3029857142857143,0.0013565079129259487
2030,P4,char3gram,target_real_anchor,dys,append,0.7249849011759976,0.7249849011759976,0.0004336279898974699
2030,P4,char3gram,target_real_anchor,dys,replace,0.6214243136707238,0.6214226105675849,0.001221427510240443
2030,P4,char3gram,target_real_anchor,emq,append,0.7249908620032719,0.7249908620032719,0.0004336279898974699
2030,P4,char3gram,target_real_anchor,emq,replace,0.6214285714021472,0.621428571397512,0.001221427510240443
2030,P4,char3gram,target_real_anchor,hdy,append,0.7249849011759976,0.7249849011759976,0.0004336279898974699
2030,P4,char3gram,target_real_anchor,hdy,replace,0.6214243136707238,0.6214226105675849,0.001221427510240443
2030,P4,char3gram,target_real_anchor,kdey,append,0.7249849011759976,0.7249849011759976,0.0004336279898974699
2030,P4,char3gram,target_real_anchor,kdey,replace,0.6214243136707238,0.6214226105675849,0.001221427510240443
2030,P4,char3gram,target_real_anchor,median_sweep,append,0.7249908620369842,0.7249908620369842,0.0004336279898974699
2030,P4,char3gram,target_real_anchor,median_sweep,replace,0.6214285714285714,0.6214285714285714,0.001221427510240443
2030,P4,char3gram,target_real_anchor,pacc,append,0.7249908620369842,0.7249908620369842,0.0004336279898974699
2030,P4,char3gram,target_real_anchor,pacc,replace,0.6214285714285714,0.6214285714285714,0.001221427510240443
2030,P4,char3gram,target_real_anchor,pcc,append,0.694260669612027,0.694260669612027,0.0004336279898974699
2030,P4,char3gram,target_real_anchor,pcc,replace,0.599101088678746,0.5911282398523794,0.001221427510240443
2030,P4,column_positional_ablation,oracle_target,cc,append,0.2750091379630159,-0.2750091379630159,0.0
2030,P4,column_positional_ablation,oracle_target,cc,replace,0.37857142857142856,-0.37857142857142856,0.0
2030,P4,column_positional_ablation,oracle_target,dys,append,0.7249849011759976,0.7249849011759976,0.0
2030,P4,column_positional_ablation,oracle_target,dys,replace,0.6214243136707238,0.6214226105675849,0.0
2030,P4,column_positional_ablation,oracle_target,emq,append,0.30832419537031747,0.22499086203698412,0.0
2030,P4,column_positional_ablation,oracle_target,emq,replace,0.3357142857142857,0.12142857142857143,0.0
2030,P4,column_positional_ablation,oracle_target,hdy,append,0.7249849011759976,0.7249849011759976,0.0
2030,P4,column_positional_ablation,oracle_target,hdy,replace,0.6214243136707238,0.6214226105675849,0.0
2030,P4,column_positional_ablation,oracle_target,pcc,append,0.30832419537031747,0.22499086203698412,0.0
2030,P4,column_positional_ablation,oracle_target,pcc,replace,0.3357142857142857,0.12142857142857143,0.0
2030,P4,column_positional_ablation,source_only,acc,append,0.7249908620369842,0.7249908620369842,
2030,P4,column_positional_ablation,source_only,acc,replace,0.6214285714285714,0.6214285714285714,
2030,P4,column_positional_ablation,source_only,cc,append,0.7249908620369842,0.7249908620369842,
2030,P4,column_positional_ablation,source_only,cc,replace,0.6214285714285714,0.6214285714285714,
2030,P4,column_positional_ablation,source_only,dys,append,0.7249849011759976,0.7249849011759976,
2030,P4,column_positional_ablation,source_only,dys,replace,0.6214243136707238,0.6214226105675849,
2030,P4,column_positional_ablation,source_only,emq,append,0.7249908619569413,0.7249908619569413,
2030,P4,column_positional_ablation,source_only,emq,replace,0.6214285713713266,0.6214285713486062,
2030,P4,column_positional_ablation,source_only,hdy,append,0.7249849011759976,0.7249849011759976,
2030,P4,column_positional_ablation,source_only,hdy,replace,0.6214243136707238,0.6214226105675849,
2030,P4,column_positional_ablation,source_only,kdey,append,0.7249849011759976,0.7249849011759976,
2030,P4,column_positional_ablation,source_only,kdey,replace,0.6214243136707238,0.6214226105675849,
2030,P4,column_positional_ablation,source_only,median_sweep,append,0.7249908620369842,0.7249908620369842,
2030,P4,column_positional_ablation,source_only,median_sweep,replace,0.6214285714285714,0.6214285714285714,
2030,P4,column_positional_ablation,source_only,pacc,append,0.7249908620369842,0.7249908620369842,
2030,P4,column_positional_ablation,source_only,pacc,replace,0.6214285714285714,0.6214285714285714,
2030,P4,column_positional_ablation,source_only,pcc,append,0.6901402228601489,0.6901402228601489,
2030,P4,column_positional_ablation,source_only,pcc,replace,0.5965309636110379,0.5865825986156299,
2030,P4,column_positional_ablation,target_real_anchor,acc,append,0.23523604602460155,-0.20864792042612,0.0005317952590831736
2030,P4,column_positional_ablation,target_real_anchor,acc,replace,0.3348820735090152,-0.3118894640380424,0.00046148417768530865
2030,P4,column_positional_ablation,target_real_anchor,cc,append,0.2495796089449506,-0.23737394892595726,0.0005317952590831736
2030,P4,column_positional_ablation,target_real_anchor,cc,replace,0.3512028571428571,-0.34075714285714287,0.00046148417768530865
2030,P4,column_positional_ablation,target_real_anchor,dys,append,0.7249849011759976,0.7249849011759976,0.0015613909110417435
2030,P4,column_positional_ablation,target_real_anchor,dys,replace,0.6214243136707238,0.6214226105675849,0.0017918603334960085
2030,P4,column_positional_ablation,target_real_anchor,emq,append,0.7249908619569413,0.7249908619569413,0.0015613909110417435
2030,P4,column_positional_ablation,target_real_anchor,emq,replace,0.6214285713713266,0.6214285713486062,0.0017918603334960085
2030,P4,column_positional_ablation,target_real_anchor,hdy,append,0.7249849011759976,0.7249849011759976,0.0015613909110417435
2030,P4,column_positional_ablation,target_real_anchor,hdy,replace,0.6214243136707238,0.6214226105675849,0.0017918603334960085
2030,P4,column_positional_ablation,target_real_anchor,kdey,append,0.7249849011759976,0.7249849011759976,0.0015613909110417435
2030,P4,column_positional_ablation,target_real_anchor,kdey,replace,0.6214243136707238,0.6214226105675849,0.0017918603334960085
2030,P4,column_positional_ablation,target_real_anchor,median_sweep,append,0.7249908620369842,0.7249908620369842,0.0015613909110417435
2030,P4,column_positional_ablation,target_real_anchor,median_sweep,replace,0.6214285714285714,0.6214285714285714,0.0017918603334960085
2030,P4,column_positional_ablation,target_real_anchor,pacc,append,0.7249908620369842,0.7249908620369842,0.0015613909110417435
2030,P4,column_positional_ablation,target_real_anchor,pacc,replace,0.6214285714285714,0.6214285714285714,0.0017918603334960085
2030,P4,column_positional_ablation,target_real_anchor,pcc,append,0.6901402228601489,0.6901402228601489,0.0015613909110417435
2030,P4,column_positional_ablation,target_real_anchor,pcc,replace,0.5965309636110379,0.5865825986156299,0.0017918603334960085
2030,P4,datum_ta,oracle_target,acc,append,0.058990492334769336,-0.05357955124734076,0.00052405742914209
2030,P4,datum_ta,oracle_target,acc,replace,0.07404593709043249,-0.05696643512450853,0.0006115980785420514
2030,P4,datum_ta,oracle_target,cc,append,0.22536063112666568,-0.21193134654293663,0.0012504333184766702
2030,P4,datum_ta,oracle_target,cc,replace,0.31869857142857144,-0.30709857142857144,0.00116620151254676
2030,P4,datum_ta,oracle_target,dys,append,0.021063627489227306,-0.009875523706020222,0.00055433813697814
2030,P4,datum_ta,oracle_target,dys,replace,0.025726669012057845,-0.011900435880711817,0.0007102443562479
2030,P4,datum_ta,oracle_target,emq,append,0.04273203469452196,-0.03178602878003776,0.0006027253668762833
2030,P4,datum_ta,oracle_target,emq,replace,0.04019133398566266,-0.028557003839066484,0.0006115980785420514
2030,P4,datum_ta,oracle_target,hdy,append,0.01901787626918896,-0.009599451350534954,0.00055433813697814
2030,P4,datum_ta,oracle_target,hdy,replace,0.020373201904911396,-0.007859071580057381,0.0006115980785420514
2030,P4,datum_ta,oracle_target,kdey,append,0.1667501739392981,0.1667501739392981,0.00040272825566614335
2030,P4,datum_ta,oracle_target,kdey,replace,0.14307088511023167,0.14306918200709265,0.0005794971383294035
2030,P4,datum_ta,oracle_target,median_sweep,append,0.018843394517194682,-0.0007785388938139217,0.00041072401327190664
2030,P4,datum_ta,oracle_target,median_sweep,replace,0.021226518349988916,-0.001534714852316529,0.0006299035733740629
2030,P4,datum_ta,oracle_target,pacc,append,0.02085119383730686,-0.001337431825981219,0.00055433813697814
2030,P4,datum_ta,oracle_target,pacc,replace,0.022711836989475723,-0.0007033707455140895,0.0006549741423831257
2030,P4,datum_ta,oracle_target,pcc,append,0.2651085235790481,0.1931836930886835,0.00040272825566614335
2030,P4,datum_ta,oracle_target,pcc,replace,0.2890049218207466,0.10440782135158691,0.0005794971383294035
2030,P4,datum_ta,source_only,acc,append,0.7249908620369842,0.7249908620369842,0.05673026131167562
2030,P4,datum_ta,source_only,acc,replace,0.6214285714285714,0.6214285714285714,0.07655029824264806
2030,P4,datum_ta,source_only,cc,append,0.695158779980315,0.695158779980315,0.05673026131167562
2030,P4,datum_ta,source_only,cc,replace,0.5960371428571428,0.5954142857142857,0.07655029824264806
2030,P4,datum_ta,source_only,dys,append,0.7249849011759976,0.7249849011759976,0.05673026131167562
2030,P4,datum_ta,source_only,dys,replace,0.6214243136707238,0.6214226105675849,0.07655029824264806
2030,P4,datum_ta,source_only,emq,append,0.7249908615735741,0.7249908615735741,0.05673026131167562
2030,P4,datum_ta,source_only,emq,replace,0.6214285710338058,0.6214285710146895,0.07655029824264806
2030,P4,datum_ta,source_only,hdy,append,0.7249849011759976,0.7249849011759976,0.05673026131167562
2030,P4,datum_ta,source_only,hdy,replace,0.6214243136707238,0.6214226105675849,0.07655029824264806
2030,P4,datum_ta,source_only,kdey,append,0.7249849011759976,0.7249849011759976,0.05673026131167562
2030,P4,datum_ta,source_only,kdey,replace,0.6214243136707238,0.6214226105675849,0.07655029824264806
2030,P4,datum_ta,source_only,median_sweep,append,0.7249908620369842,0.7249908620369842,0.05673026131167562
2030,P4,datum_ta,source_only,median_sweep,replace,0.6214285714285714,0.6214285714285714,0.07655029824264806
2030,P4,datum_ta,source_only,pacc,append,0.7249908620369842,0.7249908620369842,0.05673026131167562
2030,P4,datum_ta,source_only,pacc,replace,0.6214285714285714,0.6214285714285714,0.07655029824264806
2030,P4,datum_ta,source_only,pcc,append,0.6563886554528965,0.6563886554528965,0.05673026131167562
2030,P4,datum_ta,source_only,pcc,replace,0.5673290619985716,0.5579537487791267,0.07655029824264806
2030,P4,datum_ta,target_real_anchor,acc,append,0.23348559469133212,0.23348559469133212,0.0006376487726769827
2030,P4,datum_ta,target_real_anchor,acc,replace,0.19993706563706565,0.19480586300586303,0.0007602528457527453
2030,P4,datum_ta,target_real_anchor,cc,append,0.2029966441343458,-0.176463883767141,0.0008580737549315467
2030,P4,datum_ta,target_real_anchor,cc,replace,0.28999571428571425,-0.2667957142857143,0.0005080438058449999
2030,P4,datum_ta,target_real_anchor,dys,append,0.7249849011759976,0.7249849011759976,0.0006376487726769827
2030,P4,datum_ta,target_real_anchor,dys,replace,0.6214243136707238,0.6214226105675849,0.0007602528457527453
2030,P4,datum_ta,target_real_anchor,emq,append,0.7249908615735741,0.7249908615735741,0.0006376487726769827
2030,P4,datum_ta,target_real_anchor,emq,replace,0.6214285710338058,0.6214285710146895,0.0007602528457527453
2030,P4,datum_ta,target_real_anchor,hdy,append,0.7249849011759976,0.7249849011759976,0.0006376487726769827
2030,P4,datum_ta,target_real_anchor,hdy,replace,0.6214243136707238,0.6214226105675849,0.0007602528457527453
2030,P4,datum_ta,target_real_anchor,kdey,append,0.7249849011759976,0.7249849011759976,0.0006376487726769827
2030,P4,datum_ta,target_real_anchor,kdey,replace,0.6214243136707238,0.6214226105675849,0.0007602528457527453
2030,P4,datum_ta,target_real_anchor,median_sweep,append,0.7249908620369842,0.7249908620369842,0.0006376487726769827
2030,P4,datum_ta,target_real_anchor,median_sweep,replace,0.6214285714285714,0.6214285714285714,0.0007602528457527453
2030,P4,datum_ta,target_real_anchor,pacc,append,0.7249908620369842,0.7249908620369842,0.0006376487726769827
2030,P4,datum_ta,target_real_anchor,pacc,replace,0.6214285714285714,0.6214285714285714,0.0007602528457527453
2030,P4,datum_ta,target_real_anchor,pcc,append,0.6563886554528965,0.6563886554528965,0.0006376487726769827
2030,P4,datum_ta,target_real_anchor,pcc,replace,0.5673290619985716,0.5579537487791267,0.0007602528457527453
2030,P4,datum_transformer,oracle_target,acc,append,0.07515231215158087,-0.01726077383849803,0.0013346724937684325
2030,P4,datum_transformer,oracle_target,acc,replace,0.09011124999999996,-0.014611785714285678,0.00037765031729524796
2030,P4,datum_transformer,oracle_target,cc,append,0.2507668280392357,-0.23258510280973269,3.069339209956266e-05
2030,P4,datum_transformer,oracle_target,cc,replace,0.3557728571428571,-0.3402557142857143,0.0005022514874319794
2030,P4,datum_transformer,oracle_target,dys,append,0.40331752613970356,0.2599609027879607,0.0013679967480479801
2030,P4,datum_transformer,oracle_target,dys,replace,0.3808756003371199,0.15796790983180897,0.0009679362013710314
2030,P4,datum_transformer,oracle_target,emq,append,0.25401504776802086,0.17564778869404854,0.0024991643143663133
2030,P4,datum_transformer,oracle_target,emq,replace,0.2789193688609845,0.08763853346943987,0.0013615043402593258
2030,P4,datum_transformer,oracle_target,hdy,append,0.28736194347197264,0.20569584438341645,0.00207703989831455
2030,P4,datum_transformer,oracle_target,hdy,replace,0.29138212304240746,0.18485103499747316,0.0011922890534909229
2030,P4,datum_transformer,oracle_target,kdey,append,0.6818585850469958,0.6818585850469958,0.0024991643143663133
2030,P4,datum_transformer,oracle_target,kdey,replace,0.5854729545585129,0.5838246303382845,0.0013615043402593258
2030,P4,datum_transformer,oracle_target,pacc,append,0.205793025582198,0.0958233063054175,0.0019003594479934799
2030,P4,datum_transformer,oracle_target,pacc,replace,0.22307209663762514,0.08188677182526433,0.0010855070003041771
2030,P4,datum_transformer,oracle_target,pcc,append,0.30820083735492576,0.22487656316991575,0.0024991643143663133
2030,P4,datum_transformer,oracle_target,pcc,replace,0.33558442730306703,0.12134287410169049,0.0013615043402593258
2030,P4,datum_transformer,source_only,acc,append,0.7249908620369842,0.7249908620369842,
2030,P4,datum_transformer,source_only,acc,replace,0.6214285714285714,0.6214285714285714,
2030,P4,datum_transformer,source_only,cc,append,0.7240632092904492,0.7240632092904492,
2030,P4,datum_transformer,source_only,cc,replace,0.6205657142857143,0.6205657142857143,
2030,P4,datum_transformer,source_only,dys,append,0.7249849011759976,0.7249849011759976,
2030,P4,datum_transformer,source_only,dys,replace,0.6214243136707238,0.6214226105675849,
2030,P4,datum_transformer,source_only,emq,append,0.7249908618977228,0.7249908618977228,
2030,P4,datum_transformer,source_only,emq,replace,0.6214285713121926,0.621428571292055,
2030,P4,datum_transformer,source_only,hdy,append,0.7249849011759976,0.7249849011759976,
2030,P4,datum_transformer,source_only,hdy,replace,0.6214243136707238,0.6214226105675849,
2030,P4,datum_transformer,source_only,kdey,append,0.7249849011759976,0.7249849011759976,
2030,P4,datum_transformer,source_only,kdey,replace,0.6214243136707238,0.6214226105675849,
2030,P4,datum_transformer,source_only,median_sweep,append,0.7249908620369842,0.7249908620369842,
2030,P4,datum_transformer,source_only,median_sweep,replace,0.6214285714285714,0.6214285714285714,
2030,P4,datum_transformer,source_only,pacc,append,0.7249908620369842,0.7249908620369842,
2030,P4,datum_transformer,source_only,pacc,replace,0.6214285714285714,0.6214285714285714,
2030,P4,datum_transformer,source_only,pcc,append,0.6899615982845563,0.6899615982845563,
2030,P4,datum_transformer,source_only,pcc,replace,0.5962474220386815,0.5864633532645073,
2030,P4,datum_transformer,target_real_anchor,acc,append,0.24865048230222328,-0.22317740661208063,2.1304825104403334e-05
2030,P4,datum_transformer,target_real_anchor,acc,replace,0.35408251727175777,-0.33208362080957016,0.0004728477336559083
2030,P4,datum_transformer,target_real_anchor,cc,append,0.2568337883097926,-0.24389712164312594,2.1304825104403334e-05
2030,P4,datum_transformer,target_real_anchor,cc,replace,0.36174142857142855,-0.3506471428571429,0.0004728477336559083
2030,P4,datum_transformer,target_real_anchor,dys,append,0.7249849011759976,0.7249849011759976,0.00182463188563687
2030,P4,datum_transformer,target_real_anchor,dys,replace,0.6214243136707238,0.6214226105675849,0.0009499844359077543
2030,P4,datum_transformer,target_real_anchor,emq,append,0.7249908618977228,0.7249908618977228,0.00182463188563687
2030,P4,datum_transformer,target_real_anchor,emq,replace,0.6214285713121926,0.621428571292055,0.0009499844359077543
2030,P4,datum_transformer,target_real_anchor,hdy,append,0.7249849011759976,0.7249849011759976,0.00182463188563687
2030,P4,datum_transformer,target_real_anchor,hdy,replace,0.6214243136707238,0.6214226105675849,0.0009499844359077543
2030,P4,datum_transformer,target_real_anchor,kdey,append,0.7249849011759976,0.7249849011759976,0.00182463188563687
2030,P4,datum_transformer,target_real_anchor,kdey,replace,0.6214243136707238,0.6214226105675849,0.0009499844359077543
2030,P4,datum_transformer,target_real_anchor,median_sweep,append,0.7249908620369842,0.7249908620369842,0.00182463188563687
2030,P4,datum_transformer,target_real_anchor,median_sweep,replace,0.6214285714285714,0.6214285714285714,0.0009499844359077543
2030,P4,datum_transformer,target_real_anchor,pacc,append,0.7249908620369842,0.7249908620369842,0.00182463188563687
2030,P4,datum_transformer,target_real_anchor,pacc,replace,0.6214285714285714,0.6214285714285714,0.0009499844359077543
2030,P4,datum_transformer,target_real_anchor,pcc,append,0.6899615982845563,0.6899615982845563,0.00182463188563687
2030,P4,datum_transformer,target_real_anchor,pcc,replace,0.5962474220386815,0.5864633532645073,0.0009499844359077543
2030,P4,flat_transformer,oracle_target,acc,append,0.15835921632697356,-0.1280701420256799,0.0005647584146321033
2030,P4,flat_transformer,oracle_target,acc,replace,0.19649616636528025,-0.16583027124773958,0.0007564060388677628
2030,P4,flat_transformer,oracle_target,cc,append,0.2460261166804403,-0.22655691756679677,6.128361313325927e-05
2030,P4,flat_transformer,oracle_target,cc,replace,0.3489257142857143,-0.3319457142857143,0.0003810107462982153
2030,P4,flat_transformer,oracle_target,dys,append,0.043809970245086045,-0.0068452711990085735,0.0010404286138760593
2030,P4,flat_transformer,oracle_target,dys,replace,0.04948170350286345,-0.005473026045220355,0.00101586653083456
2030,P4,flat_transformer,oracle_target,emq,append,0.04283871659980047,-0.016539982413601405,0.0009587687152313159
2030,P4,flat_transformer,oracle_target,emq,replace,0.048604140589027116,-0.013601385685825439,0.0007937687034403515
2030,P4,flat_transformer,oracle_target,hdy,append,0.04346072842698799,-0.012107980493093124,0.0010704513940473994
2030,P4,flat_transformer,oracle_target,hdy,replace,0.04984523176307067,-0.009614389093791151,0.0008993127038365257
2030,P4,flat_transformer,oracle_target,kdey,append,0.5828247320547527,0.5828247320547527,0.0016173612142821269
2030,P4,flat_transformer,oracle_target,kdey,replace,0.5038811192113881,0.5038794161082492,0.0017695311670946515
2030,P4,flat_transformer,oracle_target,pacc,append,0.04407327657192357,-0.01997920968479492,0.0009587687152313159
2030,P4,flat_transformer,oracle_target,pacc,replace,0.04917702736209289,-0.016580400661892748,0.0007937687034403515
2030,P4,flat_transformer,oracle_target,pcc,append,0.2968923286503623,0.21588823425919973,0.0016173612142821269
2030,P4,flat_transformer,oracle_target,pcc,replace,0.32376088395715824,0.11630673551604656,0.0017695311670946515
2030,P4,flat_transformer,source_only,acc,append,0.5756344485932748,0.5756344485932748,0.014908219019792297
2030,P4,flat_transformer,source_only,acc,replace,0.4952060821917808,0.49481114285714284,0.023768579635092744
2030,P4,flat_transformer,source_only,cc,append,0.3833260183965442,0.3756876850632109,0.014908219019792297
2030,P4,flat_transformer,source_only,cc,replace,0.36302142857142855,0.2899528571428571,0.023768579635092744
2030,P4,flat_transformer,source_only,dys,append,0.5293098649657749,0.5293098649657749,0.014908219019792297
2030,P4,flat_transformer,source_only,dys,replace,0.4555154800457631,0.4545151381946631,0.023768579635092744
2030,P4,flat_transformer,source_only,emq,append,0.4908416431687155,0.4908416431687155,0.014908219019792297
2030,P4,flat_transformer,source_only,emq,replace,0.433636148266557,0.40979189438483943,0.023768579635092744
2030,P4,flat_transformer,source_only,hdy,append,0.5125504910838378,0.5125504910838378,0.014908219019792297
2030,P4,flat_transformer,source_only,hdy,replace,0.4509215789201227,0.4304739336967067,0.023768579635092744
2030,P4,flat_transformer,source_only,kdey,append,0.4892965232199675,0.4892965232199675,0.014908219019792297
2030,P4,flat_transformer,source_only,kdey,replace,0.43289390782400744,0.4079509297281146,0.023768579635092744
2030,P4,flat_transformer,source_only,median_sweep,append,0.5677546722131414,0.5677546722131414,0.014908219019792297
2030,P4,flat_transformer,source_only,median_sweep,replace,0.48815857602768564,0.48718509735546206,0.023768579635092744
2030,P4,flat_transformer,source_only,pacc,append,0.53299865488885,0.53299865488885,0.014908219019792297
2030,P4,flat_transformer,source_only,pacc,replace,0.4609082819402363,0.4554662998605701,0.023768579635092744
2030,P4,flat_transformer,source_only,pcc,append,0.40401726368303065,0.4008045129337497,0.014908219019792297
2030,P4,flat_transformer,source_only,pcc,replace,0.37952684045389967,0.31213714359350025,0.023768579635092744
2030,P4,flat_transformer,target_real_anchor,acc,append,0.2396657825987901,-0.19783427547766338,0.00043099712771752717
2030,P4,flat_transformer,target_real_anchor,acc,replace,0.3416053155532083,-0.3051712305254819,0.0006202644480760543
2030,P4,flat_transformer,target_real_anchor,cc,append,0.2489991821583052,-0.2322679950737848,0.00010239728288680719
2030,P4,flat_transformer,target_real_anchor,cc,replace,0.35226714285714283,-0.33780714285714286,0.00037539529256955717
2030,P4,flat_transformer,target_real_anchor,dys,append,0.5293098649657749,0.5293098649657749,0.0014068406543521201
2030,P4,flat_transformer,target_real_anchor,dys,replace,0.4555154800457631,0.4545151381946631,0.0015033056009507858
2030,P4,flat_transformer,target_real_anchor,emq,append,0.4908416431687155,0.4908416431687155,0.0014068406543521201
2030,P4,flat_transformer,target_real_anchor,emq,replace,0.433636148266557,0.40979189438483943,0.0015033056009507858
2030,P4,flat_transformer,target_real_anchor,hdy,append,0.5125504910838378,0.5125504910838378,0.0014068406543521201
2030,P4,flat_transformer,target_real_anchor,hdy,replace,0.4509215789201227,0.4304739336967067,0.0015033056009507858
2030,P4,flat_transformer,target_real_anchor,kdey,append,0.4892965232199675,0.4892965232199675,0.0014068406543521201
2030,P4,flat_transformer,target_real_anchor,kdey,replace,0.43289390782400744,0.4079509297281146,0.0015033056009507858
2030,P4,flat_transformer,target_real_anchor,median_sweep,append,0.5677546722131414,0.5677546722131414,0.0014068406543521201
2030,P4,flat_transformer,target_real_anchor,median_sweep,replace,0.48815857602768564,0.48718509735546206,0.0015033056009507858
2030,P4,flat_transformer,target_real_anchor,pacc,append,0.53299865488885,0.53299865488885,0.0014068406543521201
2030,P4,flat_transformer,target_real_anchor,pacc,replace,0.4609082819402363,0.4554662998605701,0.0015033056009507858
2030,P4,flat_transformer,target_real_anchor,pcc,append,0.40401726368303065,0.4008045129337497,0.0014068406543521201
2030,P4,flat_transformer,target_real_anchor,pcc,replace,0.37952684045389967,0.31213714359350025,0.0015033056009507858
