protocol,detector,calibration_policy,metric,n_seeds,mean,std,ci95_low,ci95_high
P1,c2st_lr,oracle_target,source_validation_auroc,5,0.7062598962952442,0.0031889636379280307,0.702300274954448,0.7102195176360404
P1,c2st_lr,oracle_target,target_test_auroc,5,0.7025591795486675,0.004812292130375382,0.6965839296615411,0.7085344294357939
P1,c2st_lr,oracle_target,ranking_shift,5,-0.0037007167465767403,0.0072175766730754485,-0.012662521855809822,0.005261088362656342
P1,c2st_lr,oracle_target,source_validation_ece,5,0.01963320278244764,0.004832992721399444,0.013632249716705116,0.025634155848190163
P1,c2st_lr,oracle_target,target_test_ece,5,0.016453298997587677,0.005812394225301314,0.009236258344663576,0.02367033965051178
P1,c2st_lr,oracle_target,calibration_shift,5,-0.0031799037848599483,0.0067601264653022,-0.01157370944013016,0.005213901870410262
P1,c2st_lr,oracle_target,reference_fpr,5,0.04965314273701912,0.0003760467483708142,0.049186219027925485,0.05012006644611275
P1,c2st_lr,oracle_target,target_test_fpr,5,0.05107187894073136,0.004176431683320248,0.045886154078595066,0.05625760380286766
P1,c2st_lr,oracle_target,threshold_fpr_shift,5,0.0014187362037122598,0.004348499020030924,-0.003980638475684488,0.006818110883109008
P1,c2st_lr,oracle_target,prevalence_mae,5,0.024397769940746914,0.0018683943983888798,0.02207785188182186,0.026717687999671967
P1,c2st_lr,oracle_target,prevalence_decision_error_rate,5,0.08938461538461537,0.011165776113330313,0.07552047317268956,0.10324875759654117
P1,c2st_lr,oracle_target,governance_regret,5,0.0006440896071221348,0.00018228665209707562,0.00041775083386010135,0.0008704283803841683
P1,c2st_lr,source_only,source_validation_auroc,5,0.7062598962952442,0.0031889636379280307,0.702300274954448,0.7102195176360404
P1,c2st_lr,source_only,target_test_auroc,5,0.7025591795486675,0.004812292130375382,0.6965839296615411,0.7085344294357939
P1,c2st_lr,source_only,ranking_shift,5,-0.0037007167465767403,0.0072175766730754485,-0.012662521855809822,0.005261088362656342
P1,c2st_lr,source_only,source_validation_ece,5,0.01963320278244764,0.004832992721399444,0.013632249716705116,0.025634155848190163
P1,c2st_lr,source_only,target_test_ece,5,0.016453298997587677,0.005812394225301314,0.009236258344663576,0.02367033965051178
P1,c2st_lr,source_only,calibration_shift,5,-0.0031799037848599483,0.0067601264653022,-0.01157370944013016,0.005213901870410262
P1,c2st_lr,source_only,reference_fpr,5,0.04965314273701912,0.0003760467483708142,0.049186219027925485,0.05012006644611275
P1,c2st_lr,source_only,target_test_fpr,5,0.05107187894073136,0.004176431683320248,0.045886154078595066,0.05625760380286766
P1,c2st_lr,source_only,threshold_fpr_shift,5,0.0014187362037122598,0.004348499020030924,-0.003980638475684488,0.006818110883109008
P1,c2st_lr,source_only,prevalence_mae,5,0.024397769940746914,0.0018683943983888798,0.02207785188182186,0.026717687999671967
P1,c2st_lr,source_only,prevalence_decision_error_rate,5,0.08938461538461537,0.011165776113330313,0.07552047317268956,0.10324875759654117
P1,c2st_lr,source_only,governance_regret,5,0.0006440896071221348,0.00018228665209707562,0.00041775083386010135,0.0008704283803841683
P1,c2st_lr,target_real_anchor,source_validation_auroc,5,0.7062598962952442,0.0031889636379280307,0.702300274954448,0.7102195176360404
P1,c2st_lr,target_real_anchor,target_test_auroc,5,0.7025591795486675,0.004812292130375382,0.6965839296615411,0.7085344294357939
P1,c2st_lr,target_real_anchor,ranking_shift,5,-0.0037007167465767403,0.0072175766730754485,-0.012662521855809822,0.005261088362656342
P1,c2st_lr,target_real_anchor,source_validation_ece,5,0.01963320278244764,0.004832992721399444,0.013632249716705116,0.025634155848190163
P1,c2st_lr,target_real_anchor,target_test_ece,5,0.016453298997587677,0.005812394225301314,0.009236258344663576,0.02367033965051178
P1,c2st_lr,target_real_anchor,calibration_shift,5,-0.0031799037848599483,0.0067601264653022,-0.01157370944013016,0.005213901870410262
P1,c2st_lr,target_real_anchor,reference_fpr,5,0.05,0.0,0.05,0.05
P1,c2st_lr,target_real_anchor,target_test_fpr,5,0.052206809583858725,0.009064984280618247,0.040951144958332,0.06346247420938544
P1,c2st_lr,target_real_anchor,threshold_fpr_shift,5,0.0022068095838587605,0.009064984280618199,-0.009048855041667903,0.013462474209385424
P1,c2st_lr,target_real_anchor,prevalence_mae,5,0.024397769940746914,0.0018683943983888798,0.02207785188182186,0.026717687999671967
P1,c2st_lr,target_real_anchor,prevalence_decision_error_rate,5,0.08938461538461537,0.011165776113330313,0.07552047317268956,0.10324875759654117
P1,c2st_lr,target_real_anchor,governance_regret,5,0.0006514714942604733,0.00022424193213275412,0.0003730383602435807,0.000929904628277366
P1,c2st_xgb,oracle_target,source_validation_auroc,5,0.9400864791092193,0.0026785643726823394,0.9367606021607884,0.9434123560576502
P1,c2st_xgb,oracle_target,target_test_auroc,5,0.938834630809622,0.0021382941163372734,0.9361795879877951,0.941489673631449
P1,c2st_xgb,oracle_target,ranking_shift,5,-0.0012518482995972802,0.00349596504572917,-0.005592662235857967,0.003088965636663407
P1,c2st_xgb,oracle_target,source_validation_ece,5,0.01786577255692392,0.0031043112606913446,0.014011261025304936,0.0217202840885429
P1,c2st_xgb,oracle_target,target_test_ece,5,0.01995472790428298,0.002586660298375707,0.016742964936206858,0.023166490872359103
P1,c2st_xgb,oracle_target,calibration_shift,5,0.00208895534735902,0.0035508421605398963,-0.00231999752668744,0.00649790822140548
P1,c2st_xgb,oracle_target,reference_fpr,5,0.049737229346226576,0.00011514033161770134,0.04959426374171563,0.04988019495073752
P1,c2st_xgb,oracle_target,target_test_fpr,5,0.047919293820933115,0.0028460703160888487,0.044385430773089186,0.05145315686877704
P1,c2st_xgb,oracle_target,threshold_fpr_shift,5,-0.00181793552529342,0.0028600080573885347,-0.005369104564725448,0.0017332335141386082
P1,c2st_xgb,oracle_target,prevalence_mae,5,0.007632012070511481,0.0007194354066416741,0.006738715027051429,0.008525309113971534
P1,c2st_xgb,oracle_target,prevalence_decision_error_rate,5,0.07892307692307692,0.004666384888647103,0.07312899480508173,0.0847171590410721
P1,c2st_xgb,oracle_target,governance_regret,5,0.0034269479117098657,0.0009346951974177774,0.0022663705357822517,0.00458752528763748
P1,c2st_xgb,source_only,source_validation_auroc,5,0.9400864791092193,0.0026785643726823394,0.9367606021607884,0.9434123560576502
P1,c2st_xgb,source_only,target_test_auroc,5,0.938834630809622,0.0021382941163372734,0.9361795879877951,0.941489673631449
P1,c2st_xgb,source_only,ranking_shift,5,-0.0012518482995972802,0.00349596504572917,-0.005592662235857967,0.003088965636663407
P1,c2st_xgb,source_only,source_validation_ece,5,0.01786577255692392,0.0031043112606913446,0.014011261025304936,0.0217202840885429
P1,c2st_xgb,source_only,target_test_ece,5,0.01995472790428298,0.002586660298375707,0.016742964936206858,0.023166490872359103
P1,c2st_xgb,source_only,calibration_shift,5,0.00208895534735902,0.0035508421605398963,-0.00231999752668744,0.00649790822140548
P1,c2st_xgb,source_only,reference_fpr,5,0.049737229346226576,0.00011514033161770134,0.04959426374171563,0.04988019495073752
P1,c2st_xgb,source_only,target_test_fpr,5,0.047919293820933115,0.0028460703160888487,0.044385430773089186,0.05145315686877704
P1,c2st_xgb,source_only,threshold_fpr_shift,5,-0.00181793552529342,0.0028600080573885347,-0.005369104564725448,0.0017332335141386082
P1,c2st_xgb,source_only,prevalence_mae,5,0.007632012070511481,0.0007194354066416741,0.006738715027051429,0.008525309113971534
P1,c2st_xgb,source_only,prevalence_decision_error_rate,5,0.07892307692307692,0.004666384888647103,0.07312899480508173,0.0847171590410721
P1,c2st_xgb,source_only,governance_regret,5,0.0034269479117098657,0.0009346951974177774,0.0022663705357822517,0.00458752528763748
P1,c2st_xgb,target_real_anchor,source_validation_auroc,5,0.9400864791092193,0.0026785643726823394,0.9367606021607884,0.9434123560576502
P1,c2st_xgb,target_real_anchor,target_test_auroc,5,0.938834630809622,0.0021382941163372734,0.9361795879877951,0.941489673631449
P1,c2st_xgb,target_real_anchor,ranking_shift,5,-0.0012518482995972802,0.00349596504572917,-0.005592662235857967,0.003088965636663407
P1,c2st_xgb,target_real_anchor,source_validation_ece,5,0.01786577255692392,0.0031043112606913446,0.014011261025304936,0.0217202840885429
P1,c2st_xgb,target_real_anchor,target_test_ece,5,0.01995472790428298,0.002586660298375707,0.016742964936206858,0.023166490872359103
P1,c2st_xgb,target_real_anchor,calibration_shift,5,0.00208895534735902,0.0035508421605398963,-0.00231999752668744,0.00649790822140548
P1,c2st_xgb,target_real_anchor,reference_fpr,5,0.05,0.0,0.05,0.05
P1,c2st_xgb,target_real_anchor,target_test_fpr,5,0.04854981084489278,0.01225662495352694,0.03333120090061249,0.06376842078917307
P1,c2st_xgb,target_real_anchor,threshold_fpr_shift,5,-0.0014501891551071803,0.012256624953526904,-0.01666879909938742,0.01376842078917306
P1,c2st_xgb,target_real_anchor,prevalence_mae,5,0.007632012070511481,0.0007194354066416741,0.006738715027051429,0.008525309113971534
P1,c2st_xgb,target_real_anchor,prevalence_decision_error_rate,5,0.07892307692307692,0.004666384888647103,0.07312899480508173,0.0847171590410721
P1,c2st_xgb,target_real_anchor,governance_regret,5,0.0034806157883636585,0.0012566327522056644,0.001920300140986173,0.005040931435741144
P1,char3gram,oracle_target,source_validation_auroc,5,0.9005078737511238,0.0016722040285232023,0.8984315582112553,0.9025841892909924
P1,char3gram,oracle_target,target_test_auroc,5,0.8987714260498147,0.002910281972016727,0.8951578337005401,0.9023850183990894
P1,char3gram,oracle_target,ranking_shift,5,-0.0017364477013092398,0.003976148547486811,-0.006673488204233802,0.0032005928016153227
P1,char3gram,oracle_target,source_validation_ece,5,0.01982555455493006,0.00240445223015707,0.016840032785343274,0.022811076324516844
P1,char3gram,oracle_target,target_test_ece,5,0.02447400842517106,0.0045628419975879755,0.018808491787273923,0.030139525063068197
P1,char3gram,oracle_target,calibration_shift,5,0.004648453870240979,0.00637069213331328,-0.0032618051953340567,0.012558712935816015
P1,char3gram,oracle_target,reference_fpr,5,0.0498213159554341,0.0,0.0498213159554341,0.0498213159554341
P1,char3gram,oracle_target,target_test_fpr,5,0.0492433795712484,0.0032258202376510775,0.04523799471747995,0.05324876442501685
P1,char3gram,oracle_target,threshold_fpr_shift,5,-0.0005779363841856578,0.003225820237651031,-0.004583321237954054,0.003427448469582738
P1,char3gram,oracle_target,prevalence_mae,5,0.009379947709605584,0.0006075663982086057,0.008625554386431627,0.010134341032779541
P1,char3gram,oracle_target,prevalence_decision_error_rate,5,0.07815384615384616,0.003245388170727536,0.0741241645020574,0.08218352780563491
P1,char3gram,oracle_target,governance_regret,5,0.0022627427466534885,0.0004670620898592979,0.001682808564749387,0.00284267692855759
P1,char3gram,source_only,source_validation_auroc,5,0.9005078737511238,0.0016722040285232023,0.8984315582112553,0.9025841892909924
P1,char3gram,source_only,target_test_auroc,5,0.8987714260498147,0.002910281972016727,0.8951578337005401,0.9023850183990894
P1,char3gram,source_only,ranking_shift,5,-0.0017364477013092398,0.003976148547486811,-0.006673488204233802,0.0032005928016153227
P1,char3gram,source_only,source_validation_ece,5,0.01982555455493006,0.00240445223015707,0.016840032785343274,0.022811076324516844
P1,char3gram,source_only,target_test_ece,5,0.02447400842517106,0.0045628419975879755,0.018808491787273923,0.030139525063068197
P1,char3gram,source_only,calibration_shift,5,0.004648453870240979,0.00637069213331328,-0.0032618051953340567,0.012558712935816015
P1,char3gram,source_only,reference_fpr,5,0.0498213159554341,0.0,0.0498213159554341,0.0498213159554341
P1,char3gram,source_only,target_test_fpr,5,0.0492433795712484,0.0032258202376510775,0.04523799471747995,0.05324876442501685
P1,char3gram,source_only,threshold_fpr_shift,5,-0.0005779363841856578,0.003225820237651031,-0.004583321237954054,0.003427448469582738
P1,char3gram,source_only,prevalence_mae,5,0.009379947709605584,0.0006075663982086057,0.008625554386431627,0.010134341032779541
P1,char3gram,source_only,prevalence_decision_error_rate,5,0.07815384615384616,0.003245388170727536,0.0741241645020574,0.08218352780563491
P1,char3gram,source_only,governance_regret,5,0.0022627427466534885,0.0004670620898592979,0.001682808564749387,0.00284267692855759
P1,char3gram,target_real_anchor,source_validation_auroc,5,0.9005078737511238,0.0016722040285232023,0.8984315582112553,0.9025841892909924
P1,char3gram,target_real_anchor,target_test_auroc,5,0.8987714260498147,0.002910281972016727,0.8951578337005401,0.9023850183990894
P1,char3gram,target_real_anchor,ranking_shift,5,-0.0017364477013092398,0.003976148547486811,-0.006673488204233802,0.0032005928016153227
P1,char3gram,target_real_anchor,source_validation_ece,5,0.01982555455493006,0.00240445223015707,0.016840032785343274,0.022811076324516844
P1,char3gram,target_real_anchor,target_test_ece,5,0.02447400842517106,0.0045628419975879755,0.018808491787273923,0.030139525063068197
P1,char3gram,target_real_anchor,calibration_shift,5,0.004648453870240979,0.00637069213331328,-0.0032618051953340567,0.012558712935816015
P1,char3gram,target_real_anchor,reference_fpr,5,0.05,0.0,0.05,0.05
P1,char3gram,target_real_anchor,target_test_fpr,5,0.05264817150063048,0.018106106291686606,0.030166471170592565,0.0751298718306684
P1,char3gram,target_real_anchor,threshold_fpr_shift,5,0.00264817150063052,0.018106106291686564,-0.019833528829407348,0.02512987183066839
P1,char3gram,target_real_anchor,prevalence_mae,5,0.009379947709605584,0.0006075663982086057,0.008625554386431627,0.010134341032779541
P1,char3gram,target_real_anchor,prevalence_decision_error_rate,5,0.07815384615384616,0.003245388170727536,0.0741241645020574,0.08218352780563491
P1,char3gram,target_real_anchor,governance_regret,5,0.0022301213738403587,0.0003474545694963852,0.0017986995438853094,0.002661543203795408
P1,column_positional_ablation,oracle_target,source_validation_auroc,5,0.9076585940487378,0.04107952041959051,0.8566516324802559,0.9586655556172198
P1,column_positional_ablation,oracle_target,target_test_auroc,5,0.906644679406344,0.04156882370213502,0.8550301675677237,0.9582591912449643
P1,column_positional_ablation,oracle_target,ranking_shift,5,-0.00101391464239396,0.0038442774611345295,-0.005787215564990875,0.003759386280202956
P1,column_positional_ablation,oracle_target,source_validation_ece,5,0.019748199436818457,0.009127520025103183,0.008414886428763917,0.031081512444872998
P1,column_positional_ablation,oracle_target,target_test_ece,5,0.0233599524108134,0.010405806447111324,0.010439437173158648,0.03628046764846815
P1,column_positional_ablation,oracle_target,calibration_shift,5,0.0036117529739948797,0.0023392626212433093,0.0007071747948532948,0.006516331153136465
P1,column_positional_ablation,oracle_target,reference_fpr,5,0.04969518604162283,0.00018802337418543467,0.049461724187075985,0.04992864789616968
P1,column_positional_ablation,oracle_target,target_test_fpr,5,0.05050441361916769,0.0033910445925661526,0.046293875632274745,0.05471495160606063
P1,column_positional_ablation,oracle_target,threshold_fpr_shift,5,0.0008092275775448422,0.003289193320103743,-0.0032748453511602846,0.004893300506249969
P1,column_positional_ablation,oracle_target,prevalence_mae,5,0.009104967400692197,0.0019678438391061695,0.006661566551586985,0.011548368249797408
P1,column_positional_ablation,oracle_target,prevalence_decision_error_rate,5,0.07923076923076923,0.0047729514023041745,0.07330436730935197,0.08515717115218649
P1,column_positional_ablation,oracle_target,governance_regret,5,0.0036587792493640663,0.00107816922915562,0.002320055333550429,0.0049975031651777035
P1,column_positional_ablation,source_only,source_validation_auroc,5,0.9076585940487378,0.04107952041959051,0.8566516324802559,0.9586655556172198
P1,column_positional_ablation,source_only,target_test_auroc,5,0.906644679406344,0.04156882370213502,0.8550301675677237,0.9582591912449643
P1,column_positional_ablation,source_only,ranking_shift,5,-0.00101391464239396,0.0038442774611345295,-0.005787215564990875,0.003759386280202956
P1,column_positional_ablation,source_only,source_validation_ece,5,0.019748199436818457,0.009127520025103183,0.008414886428763917,0.031081512444872998
P1,column_positional_ablation,source_only,target_test_ece,5,0.0233599524108134,0.010405806447111324,0.010439437173158648,0.03628046764846815
P1,column_positional_ablation,source_only,calibration_shift,5,0.0036117529739948797,0.0023392626212433093,0.0007071747948532948,0.006516331153136465
P1,column_positional_ablation,source_only,reference_fpr,5,0.04969518604162283,0.00018802337418543467,0.049461724187075985,0.04992864789616968
P1,column_positional_ablation,source_only,target_test_fpr,5,0.05050441361916769,0.0033910445925661526,0.046293875632274745,0.05471495160606063
P1,column_positional_ablation,source_only,threshold_fpr_shift,5,0.0008092275775448422,0.003289193320103743,-0.0032748453511602846,0.004893300506249969
P1,column_positional_ablation,source_only,prevalence_mae,5,0.009104967400692197,0.0019678438391061695,0.006661566551586985,0.011548368249797408
P1,column_positional_ablation,source_only,prevalence_decision_error_rate,5,0.07923076923076923,0.0047729514023041745,0.07330436730935197,0.08515717115218649
P1,column_positional_ablation,source_only,governance_regret,5,0.0036587792493640663,0.00107816922915562,0.002320055333550429,0.0049975031651777035
P1,column_positional_ablation,target_real_anchor,source_validation_auroc,5,0.9076585940487378,0.04107952041959051,0.8566516324802559,0.9586655556172198
P1,column_positional_ablation,target_real_anchor,target_test_auroc,5,0.906644679406344,0.04156882370213502,0.8550301675677237,0.9582591912449643
P1,column_positional_ablation,target_real_anchor,ranking_shift,5,-0.00101391464239396,0.0038442774611345295,-0.005787215564990875,0.003759386280202956
P1,column_positional_ablation,target_real_anchor,source_validation_ece,5,0.019748199436818457,0.009127520025103183,0.008414886428763917,0.031081512444872998
P1,column_positional_ablation,target_real_anchor,target_test_ece,5,0.0233599524108134,0.010405806447111324,0.010439437173158648,0.03628046764846815
P1,column_positional_ablation,target_real_anchor,calibration_shift,5,0.0036117529739948797,0.0023392626212433093,0.0007071747948532948,0.006516331153136465
P1,column_positional_ablation,target_real_anchor,reference_fpr,5,0.05,0.0,0.05,0.05
P1,column_positional_ablation,target_real_anchor,target_test_fpr,5,0.04861286254728873,0.005041179776736276,0.042353411110042406,0.05487231398453505
P1,column_positional_ablation,target_real_anchor,threshold_fpr_shift,5,-0.0013871374527112397,0.005041179776736237,-0.007646588889957515,0.004872313984535035
P1,column_positional_ablation,target_real_anchor,prevalence_mae,5,0.009104967400692197,0.0019678438391061695,0.006661566551586985,0.011548368249797408
P1,column_positional_ablation,target_real_anchor,prevalence_decision_error_rate,5,0.07923076923076923,0.0047729514023041745,0.07330436730935197,0.08515717115218649
P1,column_positional_ablation,target_real_anchor,governance_regret,5,0.0036586841018700703,0.0010533561714480043,0.0023507696664973317,0.004966598537242808
P1,datum_transformer,oracle_target,source_validation_auroc,5,0.9042492594363996,0.035848499825443476,0.8597374678135324,0.9487610510592667
P1,datum_transformer,oracle_target,target_test_auroc,5,0.8996020308531936,0.04020887191732126,0.8496761221850694,0.9495279395213178
P1,datum_transformer,oracle_target,ranking_shift,5,-0.00464722858320596,0.005568427941363038,-0.011561345084588344,0.002266887918176425
P1,datum_transformer,oracle_target,source_validation_ece,5,0.024616422574197,0.013529696581323657,0.00781708542254687,0.04141575972584713
P1,datum_transformer,oracle_target,target_test_ece,5,0.026303186051915638,0.01657372452008004,0.005724188999185295,0.04688218310464598
P1,datum_transformer,oracle_target,calibration_shift,5,0.00168676347771862,0.003307423925285109,-0.0024199457371056757,0.005793472692542915
P1,datum_transformer,oracle_target,reference_fpr,5,0.04969518604162286,0.00028203506127812,0.04934499325980263,0.05004537882344309
P1,datum_transformer,oracle_target,target_test_fpr,5,0.05138713745271116,0.0028547872440533926,0.04784245090923872,0.0549318239961836
P1,datum_transformer,oracle_target,threshold_fpr_shift,5,0.0016919514110883202,0.002954047747820461,-0.001975983326355258,0.005359886148531898
P1,datum_transformer,oracle_target,prevalence_mae,5,0.009436596861815794,0.0022618860195999933,0.006628094423238069,0.01224509930039352
P1,datum_transformer,oracle_target,prevalence_decision_error_rate,5,0.07938461538461539,0.0029492753096432016,0.07572260641184017,0.0830466243573906
P1,datum_transformer,oracle_target,governance_regret,5,0.003498848979483324,0.0005799199642913973,0.0027787832379830837,0.004218914720983564
P1,datum_transformer,source_only,source_validation_auroc,5,0.9042492594363996,0.035848499825443476,0.8597374678135324,0.9487610510592667
P1,datum_transformer,source_only,target_test_auroc,5,0.8996020308531936,0.04020887191732126,0.8496761221850694,0.9495279395213178
P1,datum_transformer,source_only,ranking_shift,5,-0.00464722858320596,0.005568427941363038,-0.011561345084588344,0.002266887918176425
P1,datum_transformer,source_only,source_validation_ece,5,0.024616422574197,0.013529696581323657,0.00781708542254687,0.04141575972584713
P1,datum_transformer,source_only,target_test_ece,5,0.026303186051915638,0.01657372452008004,0.005724188999185295,0.04688218310464598
P1,datum_transformer,source_only,calibration_shift,5,0.00168676347771862,0.003307423925285109,-0.0024199457371056757,0.005793472692542915
P1,datum_transformer,source_only,reference_fpr,5,0.04969518604162286,0.00028203506127812,0.04934499325980263,0.05004537882344309
P1,datum_transformer,source_only,target_test_fpr,5,0.05138713745271116,0.0028547872440533926,0.04784245090923872,0.0549318239961836
P1,datum_transformer,source_only,threshold_fpr_shift,5,0.0016919514110883202,0.002954047747820461,-0.001975983326355258,0.005359886148531898
P1,datum_transformer,source_only,prevalence_mae,5,0.009436596861815794,0.0022618860195999933,0.006628094423238069,0.01224509930039352
P1,datum_transformer,source_only,prevalence_decision_error_rate,5,0.07938461538461539,0.0029492753096432016,0.07572260641184017,0.0830466243573906
P1,datum_transformer,source_only,governance_regret,5,0.003498848979483324,0.0005799199642913973,0.0027787832379830837,0.004218914720983564
P1,datum_transformer,target_real_anchor,source_validation_auroc,5,0.9042492594363996,0.035848499825443476,0.8597374678135324,0.9487610510592667
P1,datum_transformer,target_real_anchor,target_test_auroc,5,0.8996020308531936,0.04020887191732126,0.8496761221850694,0.9495279395213178
P1,datum_transformer,target_real_anchor,ranking_shift,5,-0.00464722858320596,0.005568427941363038,-0.011561345084588344,0.002266887918176425
P1,datum_transformer,target_real_anchor,source_validation_ece,5,0.024616422574197,0.013529696581323657,0.00781708542254687,0.04141575972584713
P1,datum_transformer,target_real_anchor,target_test_ece,5,0.026303186051915638,0.01657372452008004,0.005724188999185295,0.04688218310464598
P1,datum_transformer,target_real_anchor,calibration_shift,5,0.00168676347771862,0.003307423925285109,-0.0024199457371056757,0.005793472692542915
P1,datum_transformer,target_real_anchor,reference_fpr,5,0.05,0.0,0.05,0.05
P1,datum_transformer,target_real_anchor,target_test_fpr,5,0.05535939470365694,0.017048170631286375,0.03419129499555391,0.07652749441175996
P1,datum_transformer,target_real_anchor,threshold_fpr_shift,5,0.005359394703656961,0.017048170631286344,-0.015808705004446033,0.02652749441175995
P1,datum_transformer,target_real_anchor,prevalence_mae,5,0.009436596861815794,0.0022618860195999933,0.006628094423238069,0.01224509930039352
P1,datum_transformer,target_real_anchor,prevalence_decision_error_rate,5,0.07938461538461539,0.0029492753096432016,0.07572260641184017,0.0830466243573906
P1,datum_transformer,target_real_anchor,governance_regret,5,0.003464904051441579,0.0006563862136220558,0.002649892921069787,0.00427991518181337
P1,flat_transformer,oracle_target,source_validation_auroc,5,0.9047238485364542,0.005924561680132124,0.8973675335930965,0.9120801634798118
P1,flat_transformer,oracle_target,target_test_auroc,5,0.9014358375381054,0.005337538275257987,0.8948084084226829,0.9080632666535279
P1,flat_transformer,oracle_target,ranking_shift,5,-0.0032880109983488203,0.0035289355629978705,-0.007669763238904208,0.001093741242206567
P1,flat_transformer,oracle_target,source_validation_ece,5,0.0383313208290373,0.015386501068965318,0.019226456393379332,0.057436185264695266
P1,flat_transformer,oracle_target,target_test_ece,5,0.03944517602422748,0.017872528159770147,0.017253501251357915,0.06163685079709705
P1,flat_transformer,oracle_target,calibration_shift,5,0.0011138551951901201,0.003987856709426328,-0.003837722910899881,0.006065433301280121
P1,flat_transformer,oracle_target,reference_fpr,5,0.04969518604162283,0.00018802337418543467,0.049461724187075985,0.04992864789616968
P1,flat_transformer,oracle_target,target_test_fpr,5,0.0491803278688524,0.00631304678262948,0.04134164495988527,0.05701901077781953
P1,flat_transformer,oracle_target,threshold_fpr_shift,5,-0.0005148581727703987,0.006391468095703433,-0.008450914002873322,0.007421197657332524
P1,flat_transformer,oracle_target,prevalence_mae,5,0.009772218165742804,0.001009382038474902,0.008518904828134992,0.011025531503350616
P1,flat_transformer,oracle_target,prevalence_decision_error_rate,5,0.07692307692307691,0.0012162606385262976,0.07541288987578648,0.07843326397036735
P1,flat_transformer,oracle_target,governance_regret,5,0.0022176003443509142,0.0006069400628733809,0.001463984719213508,0.0029712159694883205
P1,flat_transformer,source_only,source_validation_auroc,5,0.9047238485364542,0.005924561680132124,0.8973675335930965,0.9120801634798118
P1,flat_transformer,source_only,target_test_auroc,5,0.9014358375381054,0.005337538275257987,0.8948084084226829,0.9080632666535279
P1,flat_transformer,source_only,ranking_shift,5,-0.0032880109983488203,0.0035289355629978705,-0.007669763238904208,0.001093741242206567
P1,flat_transformer,source_only,source_validation_ece,5,0.0383313208290373,0.015386501068965318,0.019226456393379332,0.057436185264695266
P1,flat_transformer,source_only,target_test_ece,5,0.03944517602422748,0.017872528159770147,0.017253501251357915,0.06163685079709705
P1,flat_transformer,source_only,calibration_shift,5,0.0011138551951901201,0.003987856709426328,-0.003837722910899881,0.006065433301280121
P1,flat_transformer,source_only,reference_fpr,5,0.04969518604162283,0.00018802337418543467,0.049461724187075985,0.04992864789616968
P1,flat_transformer,source_only,target_test_fpr,5,0.0491803278688524,0.00631304678262948,0.04134164495988527,0.05701901077781953
P1,flat_transformer,source_only,threshold_fpr_shift,5,-0.0005148581727703987,0.006391468095703433,-0.008450914002873322,0.007421197657332524
P1,flat_transformer,source_only,prevalence_mae,5,0.009772218165742804,0.001009382038474902,0.008518904828134992,0.011025531503350616
P1,flat_transformer,source_only,prevalence_decision_error_rate,5,0.07692307692307691,0.0012162606385262976,0.07541288987578648,0.07843326397036735
P1,flat_transformer,source_only,governance_regret,5,0.0022176003443509142,0.0006069400628733809,0.001463984719213508,0.0029712159694883205
P1,flat_transformer,target_real_anchor,source_validation_auroc,5,0.9047238485364542,0.005924561680132124,0.8973675335930965,0.9120801634798118
P1,flat_transformer,target_real_anchor,target_test_auroc,5,0.9014358375381054,0.005337538275257987,0.8948084084226829,0.9080632666535279
P1,flat_transformer,target_real_anchor,ranking_shift,5,-0.0032880109983488203,0.0035289355629978705,-0.007669763238904208,0.001093741242206567
P1,flat_transformer,target_real_anchor,source_validation_ece,5,0.0383313208290373,0.015386501068965318,0.019226456393379332,0.057436185264695266
P1,flat_transformer,target_real_anchor,target_test_ece,5,0.03944517602422748,0.017872528159770147,0.017253501251357915,0.06163685079709705
P1,flat_transformer,target_real_anchor,calibration_shift,5,0.0011138551951901201,0.003987856709426328,-0.003837722910899881,0.006065433301280121
P1,flat_transformer,target_real_anchor,reference_fpr,5,0.05,0.0,0.05,0.05
P1,flat_transformer,target_real_anchor,target_test_fpr,5,0.04943253467843626,0.011718545217664595,0.03488203897033924,0.06398303038653327
P1,flat_transformer,target_real_anchor,threshold_fpr_shift,5,-0.0005674653215637007,0.011718545217664529,-0.015117961029660638,0.013983030386533236
P1,flat_transformer,target_real_anchor,prevalence_mae,5,0.009772218165742804,0.001009382038474902,0.008518904828134992,0.011025531503350616
P1,flat_transformer,target_real_anchor,prevalence_decision_error_rate,5,0.07692307692307691,0.0012162606385262976,0.07541288987578648,0.07843326397036735
P1,flat_transformer,target_real_anchor,governance_regret,5,0.0021994309586477008,0.0006577425401672593,0.0013827357264349217,0.00301612619086048
P2,c2st_lr,oracle_target,source_validation_auroc,5,0.29374010370475573,0.003188963637928045,0.2897804823639596,0.29769972504555187
P2,c2st_lr,oracle_target,target_test_auroc,5,0.6309930722637708,0.00953404702175218,0.6191549893196793,0.6428311552078623
P2,c2st_lr,oracle_target,ranking_shift,5,0.337252968559015,0.011303033323211472,0.32321839901108584,0.35128753810694413
P2,c2st_lr,oracle_target,source_validation_ece,5,0.26466731789792175,0.0063375871487031605,0.2567981640998982,0.2725364716959453
P2,c2st_lr,oracle_target,target_test_ece,5,0.014326043459406301,0.003408750366280401,0.010093520850732033,0.018558566068080568
P2,c2st_lr,oracle_target,calibration_shift,5,-0.25034127443851545,0.008531688926323352,-0.2609347654222049,-0.239747783454826
P2,c2st_lr,oracle_target,reference_fpr,5,0.0498213159554341,0.0,0.0498213159554341,0.0498213159554341
P2,c2st_lr,oracle_target,target_test_fpr,5,0.04943253467843626,0.004855390493865943,0.04340377110498212,0.0554612982518904
P2,c2st_lr,oracle_target,threshold_fpr_shift,5,-0.00038878127699778,0.00485539049386589,-0.006417544850451849,0.005639982296456289
P2,c2st_lr,oracle_target,prevalence_mae,5,0.04426344705513874,0.003940707648841978,0.039370412240125455,0.04915648187015202
P2,c2st_lr,oracle_target,prevalence_decision_error_rate,5,0.13261538461538463,0.02730281646611295,0.09871446035984727,0.166516308870922
P2,c2st_lr,oracle_target,governance_regret,5,0.0005001440061904053,9.365171484667347e-05,0.0003838600434952459,0.0006164279688855647
P2,c2st_lr,source_only,source_validation_auroc,5,0.7062598962952442,0.0031889636379280307,0.702300274954448,0.7102195176360404
P2,c2st_lr,source_only,target_test_auroc,5,0.3690069277362292,0.009534047021752137,0.35716884479213773,0.3808450106803206
P2,c2st_lr,source_only,ranking_shift,5,-0.337252968559015,0.011303033323211446,-0.3512875381069441,-0.3232183990110859
P2,c2st_lr,source_only,source_validation_ece,5,0.01963320278244764,0.004832992721399444,0.013632249716705116,0.025634155848190163
P2,c2st_lr,source_only,target_test_ece,5,0.2324103052982461,0.011297521655757637,0.21838257938936448,0.24643803120712773
P2,c2st_lr,source_only,calibration_shift,5,0.21277710251579843,0.010684327496253298,0.19951075771868215,0.2260434473129147
P2,c2st_lr,source_only,reference_fpr,5,0.04965314273701912,0.0003760467483708142,0.049186219027925485,0.05012006644611275
P2,c2st_lr,source_only,target_test_fpr,5,0.05107187894073136,0.004176431683320248,0.045886154078595066,0.05625760380286766
P2,c2st_lr,source_only,threshold_fpr_shift,5,0.0014187362037122598,0.004348499020030924,-0.003980638475684488,0.006818110883109008
P2,c2st_lr,source_only,prevalence_mae,5,0.3317386707341215,0.0005312955074337877,0.33107898023013355,0.33239836123810945
P2,c2st_lr,source_only,prevalence_decision_error_rate,5,0.616,0.000842650088469459,0.6149537117220643,0.6170462882779357
P2,c2st_lr,source_only,governance_regret,5,0.00023844790187774312,0.00014474916249453143,5.871807803813691e-05,0.0004181777257173493
P2,c2st_lr,target_real_anchor,source_validation_auroc,5,0.7062598962952442,0.0031889636379280307,0.702300274954448,0.7102195176360404
P2,c2st_lr,target_real_anchor,target_test_auroc,5,0.3690069277362292,0.009534047021752137,0.35716884479213773,0.3808450106803206
P2,c2st_lr,target_real_anchor,ranking_shift,5,-0.337252968559015,0.011303033323211446,-0.3512875381069441,-0.3232183990110859
P2,c2st_lr,target_real_anchor,source_validation_ece,5,0.01963320278244764,0.004832992721399444,0.013632249716705116,0.025634155848190163
P2,c2st_lr,target_real_anchor,target_test_ece,5,0.2324103052982461,0.011297521655757637,0.21838257938936448,0.24643803120712773
P2,c2st_lr,target_real_anchor,calibration_shift,5,0.21277710251579843,0.010684327496253298,0.19951075771868215,0.2260434473129147
P2,c2st_lr,target_real_anchor,reference_fpr,5,0.05,0.0,0.05,0.05
P2,c2st_lr,target_real_anchor,target_test_fpr,5,0.052206809583858725,0.009064984280618247,0.040951144958332,0.06346247420938544
P2,c2st_lr,target_real_anchor,threshold_fpr_shift,5,0.0022068095838587605,0.009064984280618199,-0.009048855041667903,0.013462474209385424
P2,c2st_lr,target_real_anchor,prevalence_mae,5,0.3317386707341215,0.0005312955074337877,0.33107898023013355,0.33239836123810945
P2,c2st_lr,target_real_anchor,prevalence_decision_error_rate,5,0.616,0.000842650088469459,0.6149537117220643,0.6170462882779357
P2,c2st_lr,target_real_anchor,governance_regret,5,0.00025298477838957593,0.00015998389408445915,5.433853681245887e-05,0.000451631019966693
P2,c2st_xgb,oracle_target,source_validation_auroc,5,0.9400864791092193,0.0026785643726823394,0.9367606021607884,0.9434123560576502
P2,c2st_xgb,oracle_target,target_test_auroc,5,0.7389938900276537,0.009248516116681132,0.7275103405287635,0.7504774395265439
P2,c2st_xgb,oracle_target,ranking_shift,5,-0.20109258908156558,0.008487507845597974,-0.21163122200791656,-0.1905539561552146
P2,c2st_xgb,oracle_target,source_validation_ece,5,0.13383869155666145,0.002483278776740473,0.13075529370207933,0.13692208941124356
P2,c2st_xgb,oracle_target,target_test_ece,5,0.09408294747336207,0.007826447789754032,0.08436512901900307,0.10380076592772107
P2,c2st_xgb,oracle_target,calibration_shift,5,-0.03975574408329932,0.007884802858467085,-0.04954601992559203,-0.029965468241006613
P2,c2st_xgb,oracle_target,reference_fpr,5,0.04931679630018916,0.00048395477961833217,0.04871588707357844,0.04991770552679988
P2,c2st_xgb,oracle_target,target_test_fpr,5,0.04785624211853716,0.0027338566694424596,0.04446171071584121,0.05125077352123311
P2,c2st_xgb,oracle_target,threshold_fpr_shift,5,-0.00146055418165198,0.0028201760488061486,-0.004962265250051116,0.0020411568867471563
P2,c2st_xgb,oracle_target,prevalence_mae,5,0.014626239063849767,0.0006658863872045251,0.013799431909963937,0.015453046217735597
P2,c2st_xgb,oracle_target,prevalence_decision_error_rate,5,0.08261538461538462,0.004602546246662027,0.07690056864083653,0.08833020058993271
P2,c2st_xgb,oracle_target,governance_regret,5,0.0009275773524464994,0.00023623195078408292,0.0006342566439324602,0.0012208980609605385
P2,c2st_xgb,source_only,source_validation_auroc,5,0.9400864791092193,0.0026785643726823394,0.9367606021607884,0.9434123560576502
P2,c2st_xgb,source_only,target_test_auroc,5,0.7389938900276537,0.009248516116681132,0.7275103405287635,0.7504774395265439
P2,c2st_xgb,source_only,ranking_shift,5,-0.20109258908156558,0.008487507845597974,-0.21163122200791656,-0.1905539561552146
P2,c2st_xgb,source_only,source_validation_ece,5,0.01786577255692392,0.0031043112606913446,0.014011261025304936,0.0217202840885429
P2,c2st_xgb,source_only,target_test_ece,5,0.16861841699020766,0.004711356464272819,0.16276849528581552,0.1744683386945998
P2,c2st_xgb,source_only,calibration_shift,5,0.15075264443328368,0.0045067005782090065,0.14515683657463746,0.1563484522919299
P2,c2st_xgb,source_only,reference_fpr,5,0.049737229346226576,0.00011514033161770134,0.04959426374171563,0.04988019495073752
P2,c2st_xgb,source_only,target_test_fpr,5,0.047919293820933115,0.0028460703160888487,0.044385430773089186,0.05145315686877704
P2,c2st_xgb,source_only,threshold_fpr_shift,5,-0.00181793552529342,0.0028600080573885347,-0.005369104564725448,0.0017332335141386082
P2,c2st_xgb,source_only,prevalence_mae,5,0.12494812556615456,0.0037319159090669,0.12031433993754231,0.1295819111947668
P2,c2st_xgb,source_only,prevalence_decision_error_rate,5,0.07707692307692307,0.0003440104580768858,0.07664977767612341,0.07750406847772273
P2,c2st_xgb,source_only,governance_regret,5,0.0008854118238212025,0.00026662238355375126,0.0005543564090472341,0.0012164672385951707
P2,c2st_xgb,target_real_anchor,source_validation_auroc,5,0.9400864791092193,0.0026785643726823394,0.9367606021607884,0.9434123560576502
P2,c2st_xgb,target_real_anchor,target_test_auroc,5,0.7389938900276537,0.009248516116681132,0.7275103405287635,0.7504774395265439
P2,c2st_xgb,target_real_anchor,ranking_shift,5,-0.20109258908156558,0.008487507845597974,-0.21163122200791656,-0.1905539561552146
P2,c2st_xgb,target_real_anchor,source_validation_ece,5,0.01786577255692392,0.0031043112606913446,0.014011261025304936,0.0217202840885429
P2,c2st_xgb,target_real_anchor,target_test_ece,5,0.16861841699020766,0.004711356464272819,0.16276849528581552,0.1744683386945998
P2,c2st_xgb,target_real_anchor,calibration_shift,5,0.15075264443328368,0.0045067005782090065,0.14515683657463746,0.1563484522919299
P2,c2st_xgb,target_real_anchor,reference_fpr,5,0.05,0.0,0.05,0.05
P2,c2st_xgb,target_real_anchor,target_test_fpr,5,0.04854981084489278,0.01225662495352694,0.03333120090061249,0.06376842078917307
P2,c2st_xgb,target_real_anchor,threshold_fpr_shift,5,-0.0014501891551071803,0.012256624953526904,-0.01666879909938742,0.01376842078917306
P2,c2st_xgb,target_real_anchor,prevalence_mae,5,0.12494812556615456,0.0037319159090669,0.12031433993754231,0.1295819111947668
P2,c2st_xgb,target_real_anchor,prevalence_decision_error_rate,5,0.07707692307692307,0.0003440104580768858,0.07664977767612341,0.07750406847772273
P2,c2st_xgb,target_real_anchor,governance_regret,5,0.0008835704358410616,0.00026617520250665533,0.0005530702696739513,0.0012140706020081719
P2,char3gram,oracle_target,source_validation_auroc,5,0.9005078737511238,0.0016722040285232023,0.8984315582112553,0.9025841892909924
P2,char3gram,oracle_target,target_test_auroc,5,0.7180436798023054,0.009422874964201399,0.706343635199681,0.7297437244049298
P2,char3gram,oracle_target,ranking_shift,5,-0.18246419394881852,0.009284097200380875,-0.19399192319835581,-0.17093646469928123
P2,char3gram,oracle_target,source_validation_ece,5,0.13683280617362945,0.0036933459712314505,0.13224691144824044,0.14141870089901845
P2,char3gram,oracle_target,target_test_ece,5,0.0697718175058064,0.0070593875456933,0.061006430140950994,0.07853720487066179
P2,char3gram,oracle_target,calibration_shift,5,-0.067060988667823,0.0077923423164704105,-0.07673645958386402,-0.05738551775178197
P2,char3gram,oracle_target,reference_fpr,5,0.0498213159554341,0.0,0.0498213159554341,0.0498213159554341
P2,char3gram,oracle_target,target_test_fpr,5,0.0492433795712484,0.0032258202376510775,0.04523799471747995,0.05324876442501685
P2,char3gram,oracle_target,threshold_fpr_shift,5,-0.0005779363841856578,0.003225820237651031,-0.004583321237954054,0.003427448469582738
P2,char3gram,oracle_target,prevalence_mae,5,0.01954231324369488,0.0017606736424241997,0.017356148169310463,0.021728478318079295
P2,char3gram,oracle_target,prevalence_decision_error_rate,5,0.08184615384615385,0.006357216465044425,0.07395262703271999,0.0897396806595877
P2,char3gram,oracle_target,governance_regret,5,0.0006823501779708773,0.00020725108634943825,0.0004250139654621602,0.0009396863904795943
P2,char3gram,source_only,source_validation_auroc,5,0.9005078737511238,0.0016722040285232023,0.8984315582112553,0.9025841892909924
P2,char3gram,source_only,target_test_auroc,5,0.7180436798023054,0.009422874964201399,0.706343635199681,0.7297437244049298
P2,char3gram,source_only,ranking_shift,5,-0.18246419394881852,0.009284097200380875,-0.19399192319835581,-0.17093646469928123
P2,char3gram,source_only,source_validation_ece,5,0.01982555455493006,0.00240445223015707,0.016840032785343274,0.022811076324516844
P2,char3gram,source_only,target_test_ece,5,0.13685938695898497,0.004204972505479758,0.13163822398549407,0.14208054993247587
P2,char3gram,source_only,calibration_shift,5,0.11703383240405481,0.004232250090367801,0.11177879983545048,0.12228886497265913
P2,char3gram,source_only,reference_fpr,5,0.0498213159554341,0.0,0.0498213159554341,0.0498213159554341
P2,char3gram,source_only,target_test_fpr,5,0.0492433795712484,0.0032258202376510775,0.04523799471747995,0.05324876442501685
P2,char3gram,source_only,threshold_fpr_shift,5,-0.0005779363841856578,0.003225820237651031,-0.004583321237954054,0.003427448469582738
P2,char3gram,source_only,prevalence_mae,5,0.14543485754080565,0.005375988288007263,0.13875968642882194,0.15211002865278936
P2,char3gram,source_only,prevalence_decision_error_rate,5,0.07769230769230769,0.0005439282932204183,0.07701693151301148,0.0783676838716039
P2,char3gram,source_only,governance_regret,5,0.0006409158749411105,0.00021430287435093208,0.0003748237111479733,0.0009070080387342477
P2,char3gram,target_real_anchor,source_validation_auroc,5,0.9005078737511238,0.0016722040285232023,0.8984315582112553,0.9025841892909924
P2,char3gram,target_real_anchor,target_test_auroc,5,0.7180436798023054,0.009422874964201399,0.706343635199681,0.7297437244049298
P2,char3gram,target_real_anchor,ranking_shift,5,-0.18246419394881852,0.009284097200380875,-0.19399192319835581,-0.17093646469928123
P2,char3gram,target_real_anchor,source_validation_ece,5,0.01982555455493006,0.00240445223015707,0.016840032785343274,0.022811076324516844
P2,char3gram,target_real_anchor,target_test_ece,5,0.13685938695898497,0.004204972505479758,0.13163822398549407,0.14208054993247587
P2,char3gram,target_real_anchor,calibration_shift,5,0.11703383240405481,0.004232250090367801,0.11177879983545048,0.12228886497265913
P2,char3gram,target_real_anchor,reference_fpr,5,0.05,0.0,0.05,0.05
P2,char3gram,target_real_anchor,target_test_fpr,5,0.05264817150063048,0.018106106291686606,0.030166471170592565,0.0751298718306684
P2,char3gram,target_real_anchor,threshold_fpr_shift,5,0.00264817150063052,0.018106106291686564,-0.019833528829407348,0.02512987183066839
P2,char3gram,target_real_anchor,prevalence_mae,5,0.14543485754080565,0.005375988288007263,0.13875968642882194,0.15211002865278936
P2,char3gram,target_real_anchor,prevalence_decision_error_rate,5,0.07769230769230769,0.0005439282932204183,0.07701693151301148,0.0783676838716039
P2,char3gram,target_real_anchor,governance_regret,5,0.0006228912614510911,0.0002149738142086011,0.0003559660157917263,0.0008898165071104559
P2,column_positional_ablation,oracle_target,source_validation_auroc,5,0.9117459907396019,0.032915900690384685,0.8708755018839008,0.952616479595303
P2,column_positional_ablation,oracle_target,target_test_auroc,5,0.7688575774947563,0.021710591853087217,0.741900317211082,0.7958148377784305
P2,column_positional_ablation,oracle_target,ranking_shift,5,-0.14288841324484575,0.015493059176995836,-0.16212558704696192,-0.12365123944272957
P2,column_positional_ablation,oracle_target,source_validation_ece,5,0.10435110604592598,0.03356801604643777,0.06267090902993795,0.14603130306191403
P2,column_positional_ablation,oracle_target,target_test_ece,5,0.05471195744232562,0.029830503362776702,0.017672495368469467,0.09175141951618176
P2,column_positional_ablation,oracle_target,calibration_shift,5,-0.049639148603600344,0.007113502529790431,-0.05847172859597252,-0.04080656861122817
P2,column_positional_ablation,oracle_target,reference_fpr,5,0.0494008829093966,0.00025746160844892385,0.04908120209926594,0.04972056371952726
P2,column_positional_ablation,oracle_target,target_test_fpr,5,0.050693568726355574,0.0037922860362410086,0.04598482368426426,0.05540231376844689
P2,column_positional_ablation,oracle_target,threshold_fpr_shift,5,0.00129268581695892,0.003946435503157356,-0.0036074610685447256,0.006192832702462565
P2,column_positional_ablation,oracle_target,prevalence_mae,5,0.013657252645278603,0.0018634429246220064,0.011343482653067928,0.015971022637489278
P2,column_positional_ablation,oracle_target,prevalence_decision_error_rate,5,0.078,0.004634575486582176,0.07224541447135321,0.08375458552864679
P2,column_positional_ablation,oracle_target,governance_regret,5,0.0018431685594292057,0.000923891681565178,0.0006960055201897879,0.0029903315986686235
P2,column_positional_ablation,source_only,source_validation_auroc,5,0.9117459907396019,0.032915900690384685,0.8708755018839008,0.952616479595303
P2,column_positional_ablation,source_only,target_test_auroc,5,0.7688575774947563,0.021710591853087217,0.741900317211082,0.7958148377784305
P2,column_positional_ablation,source_only,ranking_shift,5,-0.14288841324484575,0.015493059176995836,-0.16212558704696192,-0.12365123944272957
P2,column_positional_ablation,source_only,source_validation_ece,5,0.02658602599127228,0.010584120547643315,0.013444104554614868,0.03972794742792969
P2,column_positional_ablation,source_only,target_test_ece,5,0.11955758314823758,0.038680802892981536,0.0715290227744064,0.16758614352206877
P2,column_positional_ablation,source_only,calibration_shift,5,0.09297155715696526,0.03070919247336776,0.054841058448874505,0.13110205586505602
P2,column_positional_ablation,source_only,reference_fpr,5,0.049653142737019054,9.401168709273769e-05,0.049536411809745606,0.0497698736642925
P2,column_positional_ablation,source_only,target_test_fpr,5,0.051450189155107115,0.0040335845148958315,0.04644183247924877,0.05645854583096546
P2,column_positional_ablation,source_only,threshold_fpr_shift,5,0.0017970464180880198,0.00399008401861648,-0.003157297257636261,0.006751390093812301
P2,column_positional_ablation,source_only,prevalence_mae,5,0.10065307899133735,0.02278562676312373,0.07236098656305845,0.12894517141961626
P2,column_positional_ablation,source_only,prevalence_decision_error_rate,5,0.07692307692307693,0.0005439282932204183,0.07624770074378072,0.07759845310237314
P2,column_positional_ablation,source_only,governance_regret,5,0.00181029782593353,0.0009363349826427396,0.000647684387727294,0.0029729112641397656
P2,column_positional_ablation,target_real_anchor,source_validation_auroc,5,0.9117459907396019,0.032915900690384685,0.8708755018839008,0.952616479595303
P2,column_positional_ablation,target_real_anchor,target_test_auroc,5,0.7688575774947563,0.021710591853087217,0.741900317211082,0.7958148377784305
P2,column_positional_ablation,target_real_anchor,ranking_shift,5,-0.14288841324484575,0.015493059176995836,-0.16212558704696192,-0.12365123944272957
P2,column_positional_ablation,target_real_anchor,source_validation_ece,5,0.02658602599127228,0.010584120547643315,0.013444104554614868,0.03972794742792969
P2,column_positional_ablation,target_real_anchor,target_test_ece,5,0.11955758314823758,0.038680802892981536,0.0715290227744064,0.16758614352206877
P2,column_positional_ablation,target_real_anchor,calibration_shift,5,0.09297155715696526,0.03070919247336776,0.054841058448874505,0.13110205586505602
P2,column_positional_ablation,target_real_anchor,reference_fpr,5,0.05,0.0,0.05,0.05
P2,column_positional_ablation,target_real_anchor,target_test_fpr,5,0.05113493064312732,0.009947892303368441,0.03878299091202641,0.06348687037422823
P2,column_positional_ablation,target_real_anchor,threshold_fpr_shift,5,0.00113493064312736,0.00994789230336839,-0.011217009087973488,0.013486870374228207
P2,column_positional_ablation,target_real_anchor,prevalence_mae,5,0.10065307899133735,0.02278562676312373,0.07236098656305845,0.12894517141961626
P2,column_positional_ablation,target_real_anchor,prevalence_decision_error_rate,5,0.07692307692307693,0.0005439282932204183,0.07624770074378072,0.07759845310237314
P2,column_positional_ablation,target_real_anchor,governance_regret,5,0.0015564003899631276,0.0005540784892775566,0.0008684210776480553,0.0022443797022782
P2,datum_transformer,oracle_target,source_validation_auroc,5,0.8931250491348532,0.04606694601702574,0.8359253807583161,0.9503247175113904
P2,datum_transformer,oracle_target,target_test_auroc,5,0.7537994415193472,0.031139521203085017,0.7151346191201737,0.7924642639185207
P2,datum_transformer,oracle_target,ranking_shift,5,-0.1393256076155059,0.021854814549597392,-0.16646194402916079,-0.11218927120185099
P2,datum_transformer,oracle_target,source_validation_ece,5,0.09078852272998632,0.03647611500692344,0.04549744393154944,0.1360796015284232
P2,datum_transformer,oracle_target,target_test_ece,5,0.04666930850169236,0.03735625277125374,0.00028539432782699603,0.09305322267555773
P2,datum_transformer,oracle_target,calibration_shift,5,-0.04411921422829394,0.008636416105460558,-0.054842741179951485,-0.0333956872766364
P2,datum_transformer,oracle_target,reference_fpr,5,0.0485600168173218,0.001551904883354353,0.04663307239502409,0.05048696123961951
P2,datum_transformer,oracle_target,target_test_fpr,5,0.048486759142496796,0.003882930450870638,0.043665464194121616,0.05330805409087198
P2,datum_transformer,oracle_target,threshold_fpr_shift,5,-7.325767482500003e-05,0.0028936278734860857,-0.0036661712295315884,0.0035196558798815886
P2,datum_transformer,oracle_target,prevalence_mae,5,0.013014464459138975,0.002331826998812842,0.010119118824673538,0.015909810093604412
P2,datum_transformer,oracle_target,prevalence_decision_error_rate,5,0.07553846153846153,0.003499788666485331,0.07119289994996512,0.07988402312695793
P2,datum_transformer,oracle_target,governance_regret,5,0.0013817230295120973,0.00038908310170170855,0.0008986125498196321,0.0018648335092045624
P2,datum_transformer,source_only,source_validation_auroc,5,0.8931250491348532,0.04606694601702574,0.8359253807583161,0.9503247175113904
P2,datum_transformer,source_only,target_test_auroc,5,0.7537994415193472,0.031139521203085017,0.7151346191201737,0.7924642639185207
P2,datum_transformer,source_only,ranking_shift,5,-0.1393256076155059,0.021854814549597392,-0.16646194402916079,-0.11218927120185099
P2,datum_transformer,source_only,source_validation_ece,5,0.02003167632146382,0.011295428778035098,0.006006549063502904,0.034056803579424734
P2,datum_transformer,source_only,target_test_ece,5,0.10420998184695551,0.050216242847987265,0.041858280977552474,0.16656168271635854
P2,datum_transformer,source_only,calibration_shift,5,0.08417830552549166,0.045668252002148364,0.027473681153527066,0.14088292989745627
P2,datum_transformer,source_only,reference_fpr,5,0.04944292621400036,0.0005018850698470984,0.04881975359153523,0.050066098836465484
P2,datum_transformer,source_only,target_test_fpr,5,0.04962168978562418,0.003069523693477437,0.0458103727237998,0.05343300684744856
P2,datum_transformer,source_only,threshold_fpr_shift,5,0.00017876357162376216,0.0026650496161282275,-0.0031303325901494198,0.0034878597333969437
P2,datum_transformer,source_only,prevalence_mae,5,0.09395057437358614,0.023871597988535425,0.06431007057162832,0.12359107817554396
P2,datum_transformer,source_only,prevalence_decision_error_rate,5,0.07646153846153846,0.0006880209161537839,0.07560724765993913,0.07731582926313778
P2,datum_transformer,source_only,governance_regret,5,0.001326574653332625,0.0003691193791053761,0.0008682524092581529,0.0017848968974070972
P2,datum_transformer,target_real_anchor,source_validation_auroc,5,0.8931250491348532,0.04606694601702574,0.8359253807583161,0.9503247175113904
P2,datum_transformer,target_real_anchor,target_test_auroc,5,0.7537994415193472,0.031139521203085017,0.7151346191201737,0.7924642639185207
P2,datum_transformer,target_real_anchor,ranking_shift,5,-0.1393256076155059,0.021854814549597392,-0.16646194402916079,-0.11218927120185099
P2,datum_transformer,target_real_anchor,source_validation_ece,5,0.02003167632146382,0.011295428778035098,0.006006549063502904,0.034056803579424734
P2,datum_transformer,target_real_anchor,target_test_ece,5,0.10420998184695551,0.050216242847987265,0.041858280977552474,0.16656168271635854
P2,datum_transformer,target_real_anchor,calibration_shift,5,0.08417830552549166,0.045668252002148364,0.027473681153527066,0.14088292989745627
P2,datum_transformer,target_real_anchor,reference_fpr,5,0.05,0.0,0.05,0.05
P2,datum_transformer,target_real_anchor,target_test_fpr,5,0.05031525851197975,0.009168550085264019,0.03893099995537937,0.06169951706858014
P2,datum_transformer,target_real_anchor,threshold_fpr_shift,5,0.0003152585119798202,0.00916855008526397,-0.011069000044620504,0.011699517068580145
P2,datum_transformer,target_real_anchor,prevalence_mae,5,0.09395057437358614,0.023871597988535425,0.06431007057162832,0.12359107817554396
P2,datum_transformer,target_real_anchor,prevalence_decision_error_rate,5,0.07646153846153846,0.0006880209161537839,0.07560724765993913,0.07731582926313778
P2,datum_transformer,target_real_anchor,governance_regret,5,0.0013318073762397912,0.0003858987614406939,0.0008526507772074587,0.0018109639752721238
P2,flat_transformer,oracle_target,source_validation_auroc,5,0.9037541966522765,0.00475843167560033,0.8978458233527712,0.9096625699517819
P2,flat_transformer,oracle_target,target_test_auroc,5,0.7062376361415857,0.006080870315726372,0.6986872383928023,0.7137880338903692
P2,flat_transformer,oracle_target,ranking_shift,5,-0.19751656051069072,0.007563981119221081,-0.20690848354952054,-0.1881246374718609
P2,flat_transformer,oracle_target,source_validation_ece,5,0.14100242688122896,0.015816811870886762,0.12136326101478695,0.16064159274767098
P2,flat_transformer,oracle_target,target_test_ece,5,0.10012020908184738,0.02677255489724289,0.066877691526007,0.13336272663768775
P2,flat_transformer,oracle_target,calibration_shift,5,-0.0408822177993815,0.015781825693702078,-0.06047794258917851,-0.021286493009584483
P2,flat_transformer,oracle_target,reference_fpr,5,0.049190666386377896,0.0003932791030874246,0.048702345882828374,0.04967898688992742
P2,flat_transformer,oracle_target,target_test_fpr,5,0.05012610340479188,0.007802250107669974,0.04043833034111663,0.05981387646846713
P2,flat_transformer,oracle_target,threshold_fpr_shift,5,0.00093543701841396,0.007447340541653985,-0.008311657614521113,0.010182531651349034
P2,flat_transformer,oracle_target,prevalence_mae,5,0.01819375796400908,0.002464892548802876,0.015133189626719832,0.021254326301298324
P2,flat_transformer,oracle_target,prevalence_decision_error_rate,5,0.07830769230769231,0.0037841150388457966,0.07360909289889606,0.08300629171648857
P2,flat_transformer,oracle_target,governance_regret,5,0.0010978755335174107,0.00023646794474794456,0.000804261799794651,0.0013914892672401704
P2,flat_transformer,source_only,source_validation_auroc,5,0.9037541966522765,0.00475843167560033,0.8978458233527712,0.9096625699517819
P2,flat_transformer,source_only,target_test_auroc,5,0.7062376361415857,0.006080870315726372,0.6986872383928023,0.7137880338903692
P2,flat_transformer,source_only,ranking_shift,5,-0.19751656051069072,0.007563981119221081,-0.20690848354952054,-0.1881246374718609
P2,flat_transformer,source_only,source_validation_ece,5,0.04126827590037482,0.013426244182666096,0.024597391867665613,0.05793915993308403
P2,flat_transformer,source_only,target_test_ece,5,0.17095037430123558,0.017926886333477356,0.14869120494106566,0.1932095436614055
P2,flat_transformer,source_only,calibration_shift,5,0.12968209840086073,0.010455161634846225,0.11670030060347096,0.14266389619825048
P2,flat_transformer,source_only,reference_fpr,5,0.049653142737019096,0.00027408881249541337,0.04931281652623312,0.04999346894780507
P2,flat_transformer,source_only,target_test_fpr,5,0.05050441361916767,0.007671866251200481,0.04097853349601756,0.06003029374231779
P2,flat_transformer,source_only,threshold_fpr_shift,5,0.00085127088214858,0.007535610518760428,-0.008505425403481833,0.010207967167778992
P2,flat_transformer,source_only,prevalence_mae,5,0.12996335539102755,0.004738936683298445,0.12407918832160872,0.13584752246044637
P2,flat_transformer,source_only,prevalence_decision_error_rate,5,0.07707692307692307,0.0010029542161850197,0.07583159093483946,0.07832225521900668
P2,flat_transformer,source_only,governance_regret,5,0.0010748340082962697,0.0002318677428004938,0.0007869321797161265,0.001362735836876413
P2,flat_transformer,target_real_anchor,source_validation_auroc,5,0.9037541966522765,0.00475843167560033,0.8978458233527712,0.9096625699517819
P2,flat_transformer,target_real_anchor,target_test_auroc,5,0.7062376361415857,0.006080870315726372,0.6986872383928023,0.7137880338903692
P2,flat_transformer,target_real_anchor,ranking_shift,5,-0.19751656051069072,0.007563981119221081,-0.20690848354952054,-0.1881246374718609
P2,flat_transformer,target_real_anchor,source_validation_ece,5,0.04126827590037482,0.013426244182666096,0.024597391867665613,0.05793915993308403
P2,flat_transformer,target_real_anchor,target_test_ece,5,0.17095037430123558,0.017926886333477356,0.14869120494106566,0.1932095436614055
P2,flat_transformer,target_real_anchor,calibration_shift,5,0.12968209840086073,0.010455161634846225,0.11670030060347096,0.14266389619825048
P2,flat_transformer,target_real_anchor,reference_fpr,5,0.05,0.0,0.05,0.05
P2,flat_transformer,target_real_anchor,target_test_fpr,5,0.054035308953341674,0.004517116547183362,0.0484265679610136,0.05964404994566975
P2,flat_transformer,target_real_anchor,threshold_fpr_shift,5,0.0040353089533417,0.004517116547183326,-0.0015734320389863303,0.009644049945669732
P2,flat_transformer,target_real_anchor,prevalence_mae,5,0.12996335539102755,0.004738936683298445,0.12407918832160872,0.13584752246044637
P2,flat_transformer,target_real_anchor,prevalence_decision_error_rate,5,0.07707692307692307,0.0010029542161850197,0.07583159093483946,0.07832225521900668
P2,flat_transformer,target_real_anchor,governance_regret,5,0.0010465763604194944,0.00021215177428109206,0.0007831551401396112,0.0013099975806993777
P3,char3gram,oracle_target,source_validation_auroc,5,0.8995279831391759,0.002220280490711506,0.8967711407879453,0.9022848254904066
P3,char3gram,oracle_target,target_test_auroc,5,0.6211835758467591,0.01868223274096745,0.5979865200462362,0.644380631647282
P3,char3gram,oracle_target,ranking_shift,5,-0.27834440729241683,0.020084442637038694,-0.30328253663881644,-0.2534062779460172
P3,char3gram,oracle_target,source_validation_ece,5,0.38410675335484934,0.01007469835726733,0.3715973631118679,0.39661614359783076
P3,char3gram,oracle_target,target_test_ece,5,0.02523082337806134,0.007301236924461684,0.01616514034660129,0.034296506409521386
P3,char3gram,oracle_target,calibration_shift,5,-0.3588759299767879,0.008308985009057341,-0.3691928975241492,-0.34855896242942663
P3,char3gram,oracle_target,reference_fpr,5,0.04982888432580419,0.0003061010236139243,0.04944880970496946,0.050208958946638925
P3,char3gram,oracle_target,target_test_fpr,5,0.05133470225872686,0.008205527393812017,0.04114619430755572,0.061523210209898004
P3,char3gram,oracle_target,threshold_fpr_shift,5,0.0015058179329226198,0.008275172403621115,-0.008769165719583024,0.011780801585428265
P3,char3gram,oracle_target,prevalence_mae,5,0.04836956790046768,0.007537707061695699,0.03901026841295385,0.05772886738798151
P3,char3gram,oracle_target,prevalence_decision_error_rate,5,0.1733846153846154,0.04931663185493097,0.11214992909767868,0.2346193016715521
P3,char3gram,oracle_target,governance_regret,5,0.0008645149188982388,0.00039738153992124474,0.0003711005672272573,0.0013579292705692201
P3,char3gram,source_only,source_validation_auroc,5,0.8995279831391759,0.002220280490711506,0.8967711407879453,0.9022848254904066
P3,char3gram,source_only,target_test_auroc,5,0.6211835758467591,0.01868223274096745,0.5979865200462362,0.644380631647282
P3,char3gram,source_only,ranking_shift,5,-0.27834440729241683,0.020084442637038694,-0.30328253663881644,-0.2534062779460172
P3,char3gram,source_only,source_validation_ece,5,0.019649026541901638,0.0025861349560421082,0.016437915872487878,0.0228601372113154
P3,char3gram,source_only,target_test_ece,5,0.46687582839005504,0.0030678223400963686,0.46306662383747216,0.4706850329426379
P3,char3gram,source_only,calibration_shift,5,0.44722680184815333,0.0024297224842703396,0.44420990291380863,0.45024370078249804
P3,char3gram,source_only,reference_fpr,5,0.04987415295256532,0.0001060450256544587,0.04974248066202159,0.05000582524310906
P3,char3gram,source_only,target_test_fpr,5,0.999794661190965,0.0002811717440991274,0.999445540359005,1.000143782022925
P3,char3gram,source_only,threshold_fpr_shift,5,0.9499205082383998,0.00028348570018094896,0.9495685142504795,0.9502725022263201
P3,char3gram,source_only,prevalence_mae,5,0.6692265517093773,0.0,0.6692265517093773,0.6692265517093773
P3,char3gram,source_only,prevalence_decision_error_rate,5,0.38461538461538464,0.0,0.38461538461538464,0.38461538461538464
P3,char3gram,source_only,governance_regret,0,,,,
P3,char3gram,target_real_anchor,source_validation_auroc,5,0.8995279831391759,0.002220280490711506,0.8967711407879453,0.9022848254904066
P3,char3gram,target_real_anchor,target_test_auroc,5,0.6211835758467591,0.01868223274096745,0.5979865200462362,0.644380631647282
P3,char3gram,target_real_anchor,ranking_shift,5,-0.27834440729241683,0.020084442637038694,-0.30328253663881644,-0.2534062779460172
P3,char3gram,target_real_anchor,source_validation_ece,5,0.019649026541901638,0.0025861349560421082,0.016437915872487878,0.0228601372113154
P3,char3gram,target_real_anchor,target_test_ece,5,0.46687582839005504,0.0030678223400963686,0.46306662383747216,0.4706850329426379
P3,char3gram,target_real_anchor,calibration_shift,5,0.44722680184815333,0.0024297224842703396,0.44420990291380863,0.45024370078249804
P3,char3gram,target_real_anchor,reference_fpr,5,0.05,0.0,0.05,0.05
P3,char3gram,target_real_anchor,target_test_fpr,5,0.0550308008213552,0.01581158830111557,0.03539812087344017,0.07466348076927022
P3,char3gram,target_real_anchor,threshold_fpr_shift,5,0.005030800821355219,0.015811588301115537,-0.01460187912655976,0.024663480769270198
P3,char3gram,target_real_anchor,prevalence_mae,5,0.6692265517093773,0.0,0.6692265517093773,0.6692265517093773
P3,char3gram,target_real_anchor,prevalence_decision_error_rate,5,0.38461538461538464,0.0,0.38461538461538464,0.38461538461538464
P3,char3gram,target_real_anchor,governance_regret,5,0.00048331964306476985,0.00038967629523558136,-5.273836826724426e-07,0.0009671666698122122
P3,column_positional_ablation,oracle_target,source_validation_auroc,3,0.9071720228272119,0.05275145579301748,0.7761301421420468,1.038213903512377
P3,column_positional_ablation,oracle_target,target_test_auroc,3,0.6778228727897266,0.11177985317598284,0.40014632410135276,0.9554994214781005
P3,column_positional_ablation,oracle_target,ranking_shift,3,-0.22934915003748527,0.16321863684578097,-0.6348067210865718,0.1761084210116012
P3,column_positional_ablation,oracle_target,source_validation_ece,3,0.26757112984264403,0.03668196733018842,0.1764480714565294,0.35869418822875865
P3,column_positional_ablation,oracle_target,target_test_ece,3,0.10419115390837597,0.11089393451338041,-0.17128465082068378,0.3796669586374357
P3,column_positional_ablation,oracle_target,calibration_shift,3,-0.16337997593426806,0.14536910692993416,-0.5244968565823838,0.19773690471384758
P3,column_positional_ablation,oracle_target,reference_fpr,3,0.0498516997490303,0.000197587361118962,0.049360865533909455,0.05034253396415115
P3,column_positional_ablation,oracle_target,target_test_fpr,3,0.049110198494182,0.007480319299929636,0.030528055225292963,0.06769234176307104
P3,column_positional_ablation,oracle_target,threshold_fpr_shift,3,-0.0007415012548482331,0.007320738386926874,-0.01892722355967156,0.017444221049975096
P3,column_positional_ablation,oracle_target,prevalence_mae,3,0.051094729192713746,0.03391063483948068,-0.03314395764143482,0.1353334160268623
P3,column_positional_ablation,oracle_target,prevalence_decision_error_rate,3,0.16076923076923075,0.07353701318174614,-0.021906836885025954,0.3434452984234875
P3,column_positional_ablation,oracle_target,governance_regret,3,0.0008086700822624566,5.3707677911180485e-05,0.0006752528141527529,0.0009420873503721602
P3,column_positional_ablation,source_only,source_validation_auroc,5,0.9206581756535772,0.04179579532245463,0.868761841325392,0.9725545099817624
P3,column_positional_ablation,source_only,target_test_auroc,5,0.6331979516715928,0.10432836577734017,0.5036571758944358,0.7627387274487497
P3,column_positional_ablation,source_only,ranking_shift,5,-0.28746022398198434,0.14421694681798836,-0.46652921477674736,-0.1083912331872213
P3,column_positional_ablation,source_only,source_validation_ece,5,0.02921148915744528,0.006722222998335672,0.020864746872514515,0.03755823144237604
P3,column_positional_ablation,source_only,target_test_ece,5,0.44517428730951936,0.04188327097395873,0.3931693376141421,0.49717923700489663
P3,column_positional_ablation,source_only,calibration_shift,5,0.41596279815207404,0.04465059277060182,0.3605217646103605,0.4714038316937876
P3,column_positional_ablation,source_only,reference_fpr,5,0.04971926427879958,0.0004197383037498666,0.04919809033836625,0.05024043821923291
P3,column_positional_ablation,source_only,target_test_fpr,5,0.997741273100616,0.0037827789377701576,0.9930443326804234,1.0024382135208088
P3,column_positional_ablation,source_only,threshold_fpr_shift,5,0.9480220088218164,0.0039432302638978105,0.9431258417665069,0.9529181758771259
P3,column_positional_ablation,source_only,prevalence_mae,5,0.6692265517093773,0.0,0.6692265517093773,0.6692265517093773
P3,column_positional_ablation,source_only,prevalence_decision_error_rate,5,0.38461538461538464,0.0,0.38461538461538464,0.38461538461538464
P3,column_positional_ablation,source_only,governance_regret,1,0.141641234998927,,,
P3,column_positional_ablation,target_real_anchor,source_validation_auroc,5,0.9206581756535772,0.04179579532245463,0.868761841325392,0.9725545099817624
P3,column_positional_ablation,target_real_anchor,target_test_auroc,5,0.6331979516715928,0.10432836577734017,0.5036571758944358,0.7627387274487497
P3,column_positional_ablation,target_real_anchor,ranking_shift,5,-0.28746022398198434,0.14421694681798836,-0.46652921477674736,-0.1083912331872213
P3,column_positional_ablation,target_real_anchor,source_validation_ece,5,0.02921148915744528,0.006722222998335672,0.020864746872514515,0.03755823144237604
P3,column_positional_ablation,target_real_anchor,target_test_ece,5,0.44517428730951936,0.04188327097395873,0.3931693376141421,0.49717923700489663
P3,column_positional_ablation,target_real_anchor,calibration_shift,5,0.41596279815207404,0.04465059277060182,0.3605217646103605,0.4714038316937876
P3,column_positional_ablation,target_real_anchor,reference_fpr,5,0.05,0.0,0.05,0.05
P3,column_positional_ablation,target_real_anchor,target_test_fpr,5,0.04394250513347018,0.012167515688653905,0.028834538955289146,0.05905047131165121
P3,column_positional_ablation,target_real_anchor,threshold_fpr_shift,5,-0.00605749486652974,0.012167515688653872,-0.02116546104471073,0.009050471311651253
P3,column_positional_ablation,target_real_anchor,prevalence_mae,5,0.6692265517093773,0.0,0.6692265517093773,0.6692265517093773
P3,column_positional_ablation,target_real_anchor,prevalence_decision_error_rate,5,0.38461538461538464,0.0,0.38461538461538464,0.38461538461538464
P3,column_positional_ablation,target_real_anchor,governance_regret,5,0.0008412630302468603,0.00036892992209102516,0.00038317602812631485,0.0012993500323674057
P3,datum_ta,oracle_target,source_validation_auroc,3,0.8563566425418436,0.06459329642499509,0.6958979989662455,1.0168152861174418
P3,datum_ta,oracle_target,target_test_auroc,3,0.6677401803495959,0.07818288083875508,0.47352313764476217,0.8619572230544297
P3,datum_ta,oracle_target,ranking_shift,3,-0.18861646219224762,0.1350985774820473,-0.5242199333192252,0.14698700893472996
P3,datum_ta,oracle_target,source_validation_ece,3,0.09420530996084975,0.09595450678498434,-0.1441588989561328,0.33256951887783226
P3,datum_ta,oracle_target,target_test_ece,3,0.05490544210552345,0.0615396049411374,-0.09796741129497291,0.2077782955060198
P3,datum_ta,oracle_target,calibration_shift,3,-0.03929986785532622,0.03593844055220017,-0.128575903332544,0.049976167621891575
P3,datum_ta,oracle_target,reference_fpr,3,0.0498516997490303,0.000197587361118962,0.049360865533909455,0.05034253396415115
P3,datum_ta,oracle_target,target_test_fpr,3,0.056468172484599566,0.004475255588850779,0.04535102130661391,0.06758532366258521
P3,datum_ta,oracle_target,threshold_fpr_shift,3,0.0066164727355692,0.004595764790892925,-0.004800039895822286,0.018032985366960685
P3,datum_ta,oracle_target,prevalence_mae,3,0.05222880181857072,0.040703139165660464,-0.0488834011694683,0.15334100480660975
P3,datum_ta,oracle_target,prevalence_decision_error_rate,3,0.1558974358974359,0.1161241259311525,-0.13257088457218444,0.4443657563670562
P3,datum_ta,oracle_target,governance_regret,3,0.001040203898440775,0.0004288297211975835,-2.506818390552194e-05,0.002105475980787072
P3,datum_ta,source_only,source_validation_auroc,5,0.8627598935046656,0.061356369933150634,0.7865758978982006,0.9389438891111307
P3,datum_ta,source_only,target_test_auroc,5,0.6372632489912256,0.0758834278913852,0.5430415285182012,0.7314849694642499
P3,datum_ta,source_only,ranking_shift,5,-0.22549664451343981,0.12930039105759522,-0.3860442850433237,-0.06494900398355591
P3,datum_ta,source_only,source_validation_ece,5,0.01565390540501294,0.010473758614385171,0.0026490164076543327,0.028658794402371547
P3,datum_ta,source_only,target_test_ece,5,0.28565314260095415,0.19982341212786098,0.03753960576355575,0.5337666794383525
P3,datum_ta,source_only,calibration_shift,5,0.26999923719594116,0.19702057881250568,0.02536587757918557,0.5146325968126968
P3,datum_ta,source_only,reference_fpr,5,0.04979670861568246,0.00025243765363805557,0.049483265869369054,0.05011015136199586
P3,datum_ta,source_only,target_test_fpr,5,0.4178644763860369,0.5316787180948959,-0.24230184648352343,1.0780307992555973
P3,datum_ta,source_only,threshold_fpr_shift,5,0.3680677677703545,0.5315308448602909,-0.291914946227499,1.028050481768208
P3,datum_ta,source_only,prevalence_mae,5,0.5235648733027414,0.20651879639239737,0.26713791886992816,0.7799918277355546
P3,datum_ta,source_only,prevalence_decision_error_rate,5,0.38461538461538464,0.0,0.38461538461538464,0.38461538461538464
P3,datum_ta,source_only,governance_regret,3,0.0003398249098342319,0.00017751647082205968,-0.00010115044979167368,0.0007808002694601375
P3,datum_ta,target_real_anchor,source_validation_auroc,5,0.8627598935046656,0.061356369933150634,0.7865758978982006,0.9389438891111307
P3,datum_ta,target_real_anchor,target_test_auroc,5,0.6372632489912256,0.0758834278913852,0.5430415285182012,0.7314849694642499
P3,datum_ta,target_real_anchor,ranking_shift,5,-0.22549664451343981,0.12930039105759522,-0.3860442850433237,-0.06494900398355591
P3,datum_ta,target_real_anchor,source_validation_ece,5,0.01565390540501294,0.010473758614385171,0.0026490164076543327,0.028658794402371547
P3,datum_ta,target_real_anchor,target_test_ece,5,0.28565314260095415,0.19982341212786098,0.03753960576355575,0.5337666794383525
P3,datum_ta,target_real_anchor,calibration_shift,5,0.26999923719594116,0.19702057881250568,0.02536587757918557,0.5146325968126968
P3,datum_ta,target_real_anchor,reference_fpr,5,0.0496,0.0008944271909999167,0.04848942195792088,0.05071057804207912
P3,datum_ta,target_real_anchor,target_test_fpr,5,0.0539014373716632,0.0060522721368334535,0.04638654895202533,0.06141632579130106
P3,datum_ta,target_real_anchor,threshold_fpr_shift,5,0.0043014373716632,0.006404953331321097,-0.0036513625900134704,0.01225423733333987
P3,datum_ta,target_real_anchor,prevalence_mae,5,0.5235648733027414,0.20651879639239737,0.26713791886992816,0.7799918277355546
P3,datum_ta,target_real_anchor,prevalence_decision_error_rate,5,0.38461538461538464,0.0,0.38461538461538464,0.38461538461538464
P3,datum_ta,target_real_anchor,governance_regret,5,0.0009204179147366355,0.0007671308473928226,-3.2100840382578055e-05,0.0018729366698558491
P3,datum_transformer,oracle_target,source_validation_auroc,3,0.9281319490064402,0.012878745930978359,0.8961393705592458,0.9601245274536347
P3,datum_transformer,oracle_target,target_test_auroc,3,0.5703111933543873,0.02759710451287111,0.5017561852988489,0.6388662014099257
P3,datum_transformer,oracle_target,ranking_shift,3,-0.3578207556520529,0.027179523625203643,-0.4253384352768303,-0.2903030760272755
P3,datum_transformer,oracle_target,source_validation_ece,3,0.2693482446472392,0.017806291762054092,0.22511496377469142,0.313581525519787
P3,datum_transformer,oracle_target,target_test_ece,3,0.0549763979161161,0.014015253694995912,0.020160577672628598,0.08979221815960362
P3,datum_transformer,oracle_target,calibration_shift,3,-0.21437184673112317,0.028489442518240597,-0.2851435452774279,-0.14360014818481842
P3,datum_transformer,oracle_target,reference_fpr,3,0.04939539128450827,0.0009879368055948623,0.046941220208903914,0.05184956236011262
P3,datum_transformer,oracle_target,target_test_fpr,3,0.052019164955509865,0.007480319299929652,0.033437021686620785,0.07060130822439895
P3,datum_transformer,oracle_target,threshold_fpr_shift,3,0.002623773671001634,0.00845999308146771,-0.018392014183819187,0.02363956152582246
P3,datum_transformer,oracle_target,prevalence_mae,3,0.08411820805864212,0.04648887834125001,-0.031366567805830164,0.1996029839231144
P3,datum_transformer,oracle_target,prevalence_decision_error_rate,3,0.17153846153846156,0.04397417208601986,0.062300562316580946,0.2807763607603422
P3,datum_transformer,oracle_target,governance_regret,3,0.0007693235892189278,0.00018218811753289144,0.00031674321582267063,0.001221903962615185
P3,datum_transformer,source_only,source_validation_auroc,5,0.9331024085151286,0.011440420718813996,0.9188972499842728,0.9473075670459844
P3,datum_transformer,source_only,target_test_auroc,5,0.4973558411934107,0.10451280122592321,0.3675860585597556,0.6271256238270657
P3,datum_transformer,source_only,ranking_shift,5,-0.4357465673217179,0.11126463773835338,-0.5738998622746152,-0.2975932723688206
P3,datum_transformer,source_only,source_validation_ece,5,0.032107354332562045,0.006025205499733885,0.024626073581763164,0.039588635083360926
P3,datum_transformer,source_only,target_test_ece,5,0.46522646962171416,0.009178592732652301,0.4538297414714051,0.4766231977720232
P3,datum_transformer,source_only,calibration_shift,5,0.43311911528915203,0.015060291919083209,0.41441929301078734,0.45181893756751673
P3,datum_transformer,source_only,reference_fpr,5,0.04979670861568244,0.0001619864523783612,0.049595575869567476,0.0499978413617974
P3,datum_transformer,source_only,target_test_fpr,5,0.999281314168378,0.0016070303739731103,0.9972859224089956,1.0012767059277603
P3,datum_transformer,source_only,threshold_fpr_shift,5,0.9494846055526953,0.0015934909943438704,0.9475060251535566,0.951463185951834
P3,datum_transformer,source_only,prevalence_mae,5,0.6692265517093773,0.0,0.6692265517093773,0.6692265517093773
P3,datum_transformer,source_only,prevalence_decision_error_rate,5,0.38461538461538464,0.0,0.38461538461538464,0.38461538461538464
P3,datum_transformer,source_only,governance_regret,0,,,,
P3,datum_transformer,target_real_anchor,source_validation_auroc,5,0.9331024085151286,0.011440420718813996,0.9188972499842728,0.9473075670459844
P3,datum_transformer,target_real_anchor,target_test_auroc,5,0.4973558411934107,0.10451280122592321,0.3675860585597556,0.6271256238270657
P3,datum_transformer,target_real_anchor,ranking_shift,5,-0.4357465673217179,0.11126463773835338,-0.5738998622746152,-0.2975932723688206
P3,datum_transformer,target_real_anchor,source_validation_ece,5,0.032107354332562045,0.006025205499733885,0.024626073581763164,0.039588635083360926
P3,datum_transformer,target_real_anchor,target_test_ece,5,0.46522646962171416,0.009178592732652301,0.4538297414714051,0.4766231977720232
P3,datum_transformer,target_real_anchor,calibration_shift,5,0.43311911528915203,0.015060291919083209,0.41441929301078734,0.45181893756751673
P3,datum_transformer,target_real_anchor,reference_fpr,5,0.05,0.0,0.05,0.05
P3,datum_transformer,target_real_anchor,target_test_fpr,5,0.051232032854209394,0.019349165428172964,0.027206870746758104,0.07525719496166068
P3,datum_transformer,target_real_anchor,threshold_fpr_shift,5,0.00123203285420946,0.01934916542817292,-0.022793129253241774,0.025257194961660696
P3,datum_transformer,target_real_anchor,prevalence_mae,5,0.6692265517093773,0.0,0.6692265517093773,0.6692265517093773
P3,datum_transformer,target_real_anchor,prevalence_decision_error_rate,5,0.38461538461538464,0.0,0.38461538461538464,0.38461538461538464
P3,datum_transformer,target_real_anchor,governance_regret,5,0.0009977260876424953,0.000126172663570632,0.0008410620337293659,0.0011543901415556246
P3,flat_transformer,oracle_target,source_validation_auroc,4,0.9177545265671374,0.005435186835715985,0.9091059314352119,0.9264031216990629
P3,flat_transformer,oracle_target,target_test_auroc,4,0.7252551516534622,0.10046250301718795,0.5653968908801607,0.8851134124267638
P3,flat_transformer,oracle_target,ranking_shift,4,-0.19249937491367508,0.09836935523982601,-0.3490269704817375,-0.03597177934561266
P3,flat_transformer,oracle_target,source_validation_ece,4,0.2576588654342838,0.05093066528409783,0.1766168116547746,0.338700919213793
P3,flat_transformer,oracle_target,target_test_ece,4,0.035063930976727824,0.031849131357551595,-0.015615144230939952,0.08574300618439559
P3,flat_transformer,oracle_target,calibration_shift,4,-0.2225949344575559,0.03431162142082717,-0.2771923808670583,-0.16799748804805353
P3,flat_transformer,oracle_target,reference_fpr,4,0.04988021902806292,0.0001711156741957508,0.049607935805502726,0.05015250225062312
P3,flat_transformer,oracle_target,target_test_fpr,4,0.0503080082135523,0.009353627904665629,0.035424298930451445,0.06519171749665316
P3,flat_transformer,oracle_target,threshold_fpr_shift,4,0.00042778918548942496,0.009311271636148312,-0.014388521822487165,0.015244100193466016
P3,flat_transformer,oracle_target,prevalence_mae,4,0.039723717369171366,0.011156373246675158,0.021971437959547684,0.057475996778795044
P3,flat_transformer,oracle_target,prevalence_decision_error_rate,4,0.11115384615384614,0.021707214372612173,0.07661282406478565,0.14569486824290664
P3,flat_transformer,oracle_target,governance_regret,4,0.001305706000375743,0.00048263130247559494,0.0005377318976868827,0.0020736801030646033
P3,flat_transformer,source_only,source_validation_auroc,5,0.9174661382508864,0.004750976853143565,0.9115670213360386,0.9233652551657342
P3,flat_transformer,source_only,target_test_auroc,5,0.7394923293094797,0.0926446006111737,0.6244588641026189,0.8545257945163406
P3,flat_transformer,source_only,ranking_shift,5,-0.17797380894140655,0.09117213319758369,-0.29117896437228447,-0.06476865351052864
P3,flat_transformer,source_only,source_validation_ece,5,0.03922626161199022,0.009732565044436809,0.027141685986136616,0.051310837237843826
P3,flat_transformer,source_only,target_test_ece,5,0.35882961678625924,0.08516637035286469,0.25308160086141873,0.46457763271109975
P3,flat_transformer,source_only,calibration_shift,5,0.3196033551742689,0.08361118390548045,0.21578635827163983,0.423420352076898
P3,flat_transformer,source_only,reference_fpr,5,0.04987415295256532,0.00010604502565445872,0.04974248066202159,0.05000582524310906
P3,flat_transformer,source_only,target_test_fpr,5,0.62217659137577,0.43622703443077165,0.08052918767988704,1.163823995071653
P3,flat_transformer,source_only,threshold_fpr_shift,5,0.5723024384232047,0.4362245980438303,0.030658059901272572,1.1139468169451368
P3,flat_transformer,source_only,prevalence_mae,5,0.49906678967304546,0.23816649372097745,0.20334402884128494,0.7947895505048059
P3,flat_transformer,source_only,prevalence_decision_error_rate,5,0.42184615384615387,0.08325053085460757,0.31847696685263605,0.5252153408396717
P3,flat_transformer,source_only,governance_regret,4,0.030468674808494838,0.03622428164956125,-0.027172240840106467,0.08810959045709614
P3,flat_transformer,target_real_anchor,source_validation_auroc,5,0.9174661382508864,0.004750976853143565,0.9115670213360386,0.9233652551657342
P3,flat_transformer,target_real_anchor,target_test_auroc,5,0.7394923293094797,0.0926446006111737,0.6244588641026189,0.8545257945163406
P3,flat_transformer,target_real_anchor,ranking_shift,5,-0.17797380894140655,0.09117213319758369,-0.29117896437228447,-0.06476865351052864
P3,flat_transformer,target_real_anchor,source_validation_ece,5,0.03922626161199022,0.009732565044436809,0.027141685986136616,0.051310837237843826
P3,flat_transformer,target_real_anchor,target_test_ece,5,0.35882961678625924,0.08516637035286469,0.25308160086141873,0.46457763271109975
P3,flat_transformer,target_real_anchor,calibration_shift,5,0.3196033551742689,0.08361118390548045,0.21578635827163983,0.423420352076898
P3,flat_transformer,target_real_anchor,reference_fpr,5,0.05,0.0,0.05,0.05
P3,flat_transformer,target_real_anchor,target_test_fpr,5,0.04671457905544144,0.016998686539834152,0.02560792196217846,0.06782123614870442
P3,flat_transformer,target_real_anchor,threshold_fpr_shift,5,-0.00328542094455848,0.01699868653983411,-0.02439207803782141,0.01782123614870445
P3,flat_transformer,target_real_anchor,prevalence_mae,5,0.49906678967304546,0.23816649372097745,0.20334402884128494,0.7947895505048059
P3,flat_transformer,target_real_anchor,prevalence_decision_error_rate,5,0.42184615384615387,0.08325053085460757,0.31847696685263605,0.5252153408396717
P3,flat_transformer,target_real_anchor,governance_regret,5,0.0011227414349808615,0.0005131943773925634,0.0004855264524919198,0.001759956417469803
P4,char3gram,oracle_target,source_validation_auroc,5,0.8995279831391759,0.002220280490711506,0.8967711407879453,0.9022848254904066
P4,char3gram,oracle_target,target_test_auroc,5,0.6607478738789639,0.017873682918292836,0.6385547652840101,0.6829409824739178
P4,char3gram,oracle_target,ranking_shift,5,-0.23878010926021193,0.01928710079247482,-0.2627282079439552,-0.21483201057646867
P4,char3gram,oracle_target,source_validation_ece,5,0.3987065901640784,0.01074669164229733,0.3853628100520405,0.4120503702761163
P4,char3gram,oracle_target,target_test_ece,5,0.03276707964999326,0.003680359488181605,0.028197309773070528,0.03733684952691599
P4,char3gram,oracle_target,calibration_shift,5,-0.36593951051408513,0.00766287887003018,-0.37545423132959793,-0.35642478969857233
P4,char3gram,oracle_target,reference_fpr,5,0.0499657768651608,0.0,0.0499657768651608,0.0499657768651608
P4,char3gram,oracle_target,target_test_fpr,5,0.0514373716632443,0.008232780368266728,0.04121502467484878,0.06165971865163983
P4,char3gram,oracle_target,threshold_fpr_shift,5,0.0014715947980834798,0.008232780368266655,-0.008750752190311952,0.011693941786478911
P4,char3gram,oracle_target,prevalence_mae,5,0.03875099808924286,0.006784362751916115,0.030327099109434003,0.047174897069051716
P4,char3gram,oracle_target,prevalence_decision_error_rate,5,0.14923076923076922,0.03961725163636336,0.10003945416611768,0.19842208429542077
P4,char3gram,oracle_target,governance_regret,5,0.001266721723127395,0.0005593319046916616,0.0005722194340250197,0.0019612240122297703
P4,char3gram,source_only,source_validation_auroc,5,0.8995279831391759,0.002220280490711506,0.8967711407879453,0.9022848254904066
P4,char3gram,source_only,target_test_auroc,5,0.6607478738789639,0.017873682918292836,0.6385547652840101,0.6829409824739178
P4,char3gram,source_only,ranking_shift,5,-0.23878010926021193,0.01928710079247482,-0.2627282079439552,-0.21483201057646867
P4,char3gram,source_only,source_validation_ece,5,0.019649026541901638,0.0025861349560421082,0.016437915872487878,0.0228601372113154
P4,char3gram,source_only,target_test_ece,5,0.4673940071275136,0.002962455272897607,0.46371563306886776,0.47107238118615946
P4,char3gram,source_only,calibration_shift,5,0.44774498058561196,0.0023914640503281187,0.444775585771321,0.45071437539990294
P4,char3gram,source_only,reference_fpr,5,0.04987415295256532,0.0001060450256544587,0.04974248066202159,0.05000582524310906
P4,char3gram,source_only,target_test_fpr,5,0.999794661190965,0.0002811717440991274,0.999445540359005,1.000143782022925
P4,char3gram,source_only,threshold_fpr_shift,5,0.9499205082383998,0.00028348570018094896,0.9495685142504795,0.9502725022263201
P4,char3gram,source_only,prevalence_mae,5,0.6692265517093773,0.0,0.6692265517093773,0.6692265517093773
P4,char3gram,source_only,prevalence_decision_error_rate,5,0.38461538461538464,0.0,0.38461538461538464,0.38461538461538464
P4,char3gram,source_only,governance_regret,0,,,,
P4,char3gram,target_real_anchor,source_validation_auroc,5,0.8995279831391759,0.002220280490711506,0.8967711407879453,0.9022848254904066
P4,char3gram,target_real_anchor,target_test_auroc,5,0.6607478738789639,0.017873682918292836,0.6385547652840101,0.6829409824739178
P4,char3gram,target_real_anchor,ranking_shift,5,-0.23878010926021193,0.01928710079247482,-0.2627282079439552,-0.21483201057646867
P4,char3gram,target_real_anchor,source_validation_ece,5,0.019649026541901638,0.0025861349560421082,0.016437915872487878,0.0228601372113154
P4,char3gram,target_real_anchor,target_test_ece,5,0.4673940071275136,0.002962455272897607,0.46371563306886776,0.47107238118615946
P4,char3gram,target_real_anchor,calibration_shift,5,0.44774498058561196,0.0023914640503281187,0.444775585771321,0.45071437539990294
P4,char3gram,target_real_anchor,reference_fpr,5,0.05,0.0,0.05,0.05
P4,char3gram,target_real_anchor,target_test_fpr,5,0.0550308008213552,0.01581158830111557,0.03539812087344017,0.07466348076927022
P4,char3gram,target_real_anchor,threshold_fpr_shift,5,0.005030800821355219,0.015811588301115537,-0.01460187912655976,0.024663480769270198
P4,char3gram,target_real_anchor,prevalence_mae,5,0.6692265517093773,0.0,0.6692265517093773,0.6692265517093773
P4,char3gram,target_real_anchor,prevalence_decision_error_rate,5,0.38461538461538464,0.0,0.38461538461538464,0.38461538461538464
P4,char3gram,target_real_anchor,governance_regret,5,0.0009292097293222855,0.0004121075176797703,0.0004175106612301935,0.0014409087974143774
P4,column_positional_ablation,oracle_target,source_validation_auroc,3,0.8837053766524315,0.03674990380659379,0.7924135547032749,0.9749971986015882
P4,column_positional_ablation,oracle_target,target_test_auroc,3,0.7158915864496063,0.08967422074593155,0.49312847292281387,0.9386546999763987
P4,column_positional_ablation,oracle_target,ranking_shift,3,-0.16781379020282539,0.11708268281303047,-0.4586632979715766,0.12303571756592585
P4,column_positional_ablation,oracle_target,source_validation_ece,3,0.29541727388207634,0.02765286282079747,0.22672375451107474,0.36411079325307794
P4,column_positional_ablation,oracle_target,target_test_ece,3,0.040179715113850704,0.027911904739029898,-0.029157300055156217,0.10951673028285763
P4,column_positional_ablation,oracle_target,calibration_shift,3,-0.25523755876822557,0.006807517847230146,-0.2721483705759434,-0.23832674696050773
P4,column_positional_ablation,oracle_target,reference_fpr,3,0.0498516997490303,0.000197587361118962,0.049360865533909455,0.05034253396415115
P4,column_positional_ablation,oracle_target,target_test_fpr,3,0.05373032169746746,0.010474459919782918,0.027710320800517378,0.07975032259441756
P4,column_positional_ablation,oracle_target,threshold_fpr_shift,3,0.003878621948437133,0.010327129830554733,-0.021775390717785677,0.029532634614659943
P4,column_positional_ablation,oracle_target,prevalence_mae,3,0.048012262263800114,0.015374540167648037,0.009819787232525384,0.08620473729507484
P4,column_positional_ablation,oracle_target,prevalence_decision_error_rate,3,0.15333333333333332,0.0843959859576234,-0.05631791810435027,0.3629845847710169
P4,column_positional_ablation,oracle_target,governance_regret,3,0.000917938332888684,0.00030695056888688796,0.00015543084907354815,0.00168044581670382
P4,column_positional_ablation,source_only,source_validation_auroc,5,0.9050424772441662,0.03912887337149332,0.856457563888509,0.9536273905998234
P4,column_positional_ablation,source_only,target_test_auroc,5,0.6582104954694753,0.10662957807014983,0.5258123872361127,0.7906086037028379
P4,column_positional_ablation,source_only,ranking_shift,5,-0.24683198177469085,0.140613961280629,-0.42142727514166595,-0.07223668840771574
P4,column_positional_ablation,source_only,source_validation_ece,5,0.016059818687071282,0.010368623107763592,0.0031854726632176023,0.028934164710924963
P4,column_positional_ablation,source_only,target_test_ece,5,0.4463810218259997,0.023903515598856156,0.4167008870763979,0.4760611565756015
P4,column_positional_ablation,source_only,calibration_shift,5,0.43032120313892835,0.02643008878022587,0.3975039134311927,0.46313849284666403
P4,column_positional_ablation,source_only,reference_fpr,5,0.04944820909970956,0.0007695878766448085,0.04849263953982562,0.0504037786595935
P4,column_positional_ablation,source_only,target_test_fpr,5,0.9723819301848049,0.02896978762234573,0.9364111878585292,1.0083526725110805
P4,column_positional_ablation,source_only,threshold_fpr_shift,5,0.9229337210850954,0.02861277274704429,0.8874062712763047,0.9584611708938862
P4,column_positional_ablation,source_only,prevalence_mae,5,0.6692265517093773,0.0,0.6692265517093773,0.6692265517093773
P4,column_positional_ablation,source_only,prevalence_decision_error_rate,5,0.38461538461538464,0.0,0.38461538461538464,0.38461538461538464
P4,column_positional_ablation,source_only,governance_regret,3,0.15329615910615058,0.0266198372993168,0.08716881739025965,0.21942350082204148
P4,column_positional_ablation,target_real_anchor,source_validation_auroc,5,0.9050424772441662,0.03912887337149332,0.856457563888509,0.9536273905998234
P4,column_positional_ablation,target_real_anchor,target_test_auroc,5,0.6582104954694753,0.10662957807014983,0.5258123872361127,0.7906086037028379
P4,column_positional_ablation,target_real_anchor,ranking_shift,5,-0.24683198177469085,0.140613961280629,-0.42142727514166595,-0.07223668840771574
P4,column_positional_ablation,target_real_anchor,source_validation_ece,5,0.016059818687071282,0.010368623107763592,0.0031854726632176023,0.028934164710924963
P4,column_positional_ablation,target_real_anchor,target_test_ece,5,0.4463810218259997,0.023903515598856156,0.4167008870763979,0.4760611565756015
P4,column_positional_ablation,target_real_anchor,calibration_shift,5,0.43032120313892835,0.02643008878022587,0.3975039134311927,0.46313849284666403
P4,column_positional_ablation,target_real_anchor,reference_fpr,5,0.05,0.0,0.05,0.05
P4,column_positional_ablation,target_real_anchor,target_test_fpr,5,0.041375770020533845,0.010549250088634186,0.028277145977428905,0.054474394063638784
P4,column_positional_ablation,target_real_anchor,threshold_fpr_shift,5,-0.0086242299794661,0.010549250088634141,-0.021722854022570983,0.004474394063638781
P4,column_positional_ablation,target_real_anchor,prevalence_mae,5,0.6692265517093773,0.0,0.6692265517093773,0.6692265517093773
P4,column_positional_ablation,target_real_anchor,prevalence_decision_error_rate,5,0.38461538461538464,0.0,0.38461538461538464,0.38461538461538464
P4,column_positional_ablation,target_real_anchor,governance_regret,5,0.0009579435231299031,0.0004374900396862309,0.00041472789127877424,0.0015011591549810319
P4,datum_ta,oracle_target,source_validation_auroc,3,0.6391155439393216,0.4943010770514066,-0.5887964025228832,1.8670274904015263
P4,datum_ta,oracle_target,target_test_auroc,3,0.6602301962594886,0.14424509649378525,0.3019055123242114,1.018554880194766
P4,datum_ta,oracle_target,ranking_shift,3,0.021114652320167192,0.35059326814430136,-0.8498073065628875,0.8920366112032219
P4,datum_ta,oracle_target,source_validation_ece,3,0.2595737811380097,0.11555159264391572,-0.027472287801553363,0.5466198500775727
P4,datum_ta,oracle_target,target_test_ece,3,0.03793436118986163,0.030003657895254398,-0.036598856878195356,0.11246757925791862
P4,datum_ta,oracle_target,calibration_shift,3,-0.22163941994814804,0.13282611563507596,-0.5515977829025503,0.1083189430062543
P4,datum_ta,oracle_target,reference_fpr,3,0.0499657768651608,0.0,0.0499657768651608,0.0499657768651608
P4,datum_ta,oracle_target,target_test_fpr,3,0.04739904175222443,0.007445006816497977,0.028904619555123533,0.06589346394932533
P4,datum_ta,oracle_target,threshold_fpr_shift,3,-0.002566735112936333,0.007445006816497928,-0.021061157310037108,0.01592768708416444
P4,datum_ta,oracle_target,prevalence_mae,3,0.18986413678454048,0.2824459330263092,-0.5117704569766223,0.8914987305457033
P4,datum_ta,oracle_target,prevalence_decision_error_rate,3,0.2317948717948718,0.21930543038162964,-0.31299001820777095,0.7765797617975145
P4,datum_ta,oracle_target,governance_regret,3,0.0012712209357772526,0.0005792212927370119,-0.00016764452095953636,0.0027100863925140417
P4,datum_ta,source_only,source_validation_auroc,5,0.9005146487312681,0.056906968671434514,0.8298553144850384,0.9711739829774978
P4,datum_ta,source_only,target_test_auroc,5,0.632618169954758,0.18364652316385416,0.4045908937469066,0.8606454461626093
P4,datum_ta,source_only,ranking_shift,5,-0.2678964787765099,0.21806385307057657,-0.5386585144438402,0.0028655568908203533
P4,datum_ta,source_only,source_validation_ece,5,0.01827410221049196,0.009086283823762404,0.006991990709064949,0.029556213711918973
P4,datum_ta,source_only,target_test_ece,5,0.3492884476293649,0.1339575117109334,0.18295822804893977,0.51561866720979
P4,datum_ta,source_only,calibration_shift,5,0.3310143454188729,0.13099614597303835,0.1683611470607062,0.49366754377703964
P4,datum_ta,source_only,reference_fpr,5,0.04991287512100676,8.658540087125854e-05,0.04980536514597488,0.05002038509603864
P4,datum_ta,source_only,target_test_fpr,5,0.672381930184805,0.42943149162774213,0.1391723073356964,1.2055915530339134
P4,datum_ta,source_only,threshold_fpr_shift,5,0.6224690550637981,0.4294594579396188,0.08922470745206978,1.1557134026755265
P4,datum_ta,source_only,prevalence_mae,5,0.547443495143379,0.16848199412168394,0.33824546869690586,0.7566415215898521
P4,datum_ta,source_only,prevalence_decision_error_rate,5,0.43076923076923085,0.10320313742306722,0.3026256105293327,0.558912851009129
P4,datum_ta,source_only,governance_regret,4,0.03824147585227163,0.03480057740091581,-0.017134008633370473,0.09361696033791374
P4,datum_ta,target_real_anchor,source_validation_auroc,5,0.9005146487312681,0.056906968671434514,0.8298553144850384,0.9711739829774978
P4,datum_ta,target_real_anchor,target_test_auroc,5,0.632618169954758,0.18364652316385416,0.4045908937469066,0.8606454461626093
P4,datum_ta,target_real_anchor,ranking_shift,5,-0.2678964787765099,0.21806385307057657,-0.5386585144438402,0.0028655568908203533
P4,datum_ta,target_real_anchor,source_validation_ece,5,0.01827410221049196,0.009086283823762404,0.006991990709064949,0.029556213711918973
P4,datum_ta,target_real_anchor,target_test_ece,5,0.3492884476293649,0.1339575117109334,0.18295822804893977,0.51561866720979
P4,datum_ta,target_real_anchor,calibration_shift,5,0.3310143454188729,0.13099614597303835,0.1683611470607062,0.49366754377703964
P4,datum_ta,target_real_anchor,reference_fpr,5,0.05,0.0,0.05,0.05
P4,datum_ta,target_real_anchor,target_test_fpr,5,0.052874743326488685,0.01486048750116029,0.03442301100054093,0.07132647565243644
P4,datum_ta,target_real_anchor,threshold_fpr_shift,5,0.00287474332648872,0.014860487501160221,-0.015576988999458943,0.021326475652436384
P4,datum_ta,target_real_anchor,prevalence_mae,5,0.547443495143379,0.16848199412168394,0.33824546869690586,0.7566415215898521
P4,datum_ta,target_real_anchor,prevalence_decision_error_rate,5,0.43076923076923085,0.10320313742306722,0.3026256105293327,0.558912851009129
P4,datum_ta,target_real_anchor,governance_regret,5,0.0017182236160552546,0.0014835156935668566,-0.0001238044114169987,0.0035602516435275077
P4,datum_transformer,oracle_target,source_validation_auroc,3,0.6802467585490369,0.44338247294748245,-0.4211763632289248,1.7816698803269988
P4,datum_transformer,oracle_target,target_test_auroc,3,0.5491271958673632,0.08355773272769945,0.3415582808901303,0.7566961108445962
P4,datum_transformer,oracle_target,ranking_shift,3,-0.13111956268167382,0.4251529755994976,-1.1872581026312539,0.9250189772679062
P4,datum_transformer,oracle_target,source_validation_ece,3,0.37012200013796176,0.16124023225088494,-0.030420941447843297,0.7706649417237668
P4,datum_transformer,oracle_target,target_test_ece,3,0.0283489211751322,0.03011474003458619,-0.046460240224340796,0.1031580825746052
P4,datum_transformer,oracle_target,calibration_shift,3,-0.34177307896282955,0.16537690569291594,-0.7525920870471798,0.0690459291215208
P4,datum_transformer,oracle_target,reference_fpr,3,0.04779831165868123,0.0031798676396911562,0.03989908253654992,0.05569754078081254
P4,datum_transformer,oracle_target,target_test_fpr,3,0.05373032169746742,0.0051420188916211,0.040956838654258816,0.06650380474067603
P4,datum_transformer,oracle_target,threshold_fpr_shift,3,0.005932010038786167,0.008228392745631483,-0.014508450687729841,0.026372470765302174
P4,datum_transformer,oracle_target,prevalence_mae,3,0.11976616812440773,0.0863742753768292,-0.09479942666428164,0.3343317629130971
P4,datum_transformer,oracle_target,prevalence_decision_error_rate,3,0.20307692307692307,0.0944463781369898,-0.031540886591405165,0.4376947327452513
P4,datum_transformer,oracle_target,governance_regret,3,0.001317781274053428,0.0005038430338498122,6.616579286441147e-05,0.002569396755242445
P4,datum_transformer,source_only,source_validation_auroc,5,0.9162366063186858,0.04737957967350626,0.8574070879880662,0.9750661246493053
P4,datum_transformer,source_only,target_test_auroc,5,0.5425618177333462,0.07064673914782242,0.45484230514300267,0.6302813303236898
P4,datum_transformer,source_only,ranking_shift,5,-0.3736747885853395,0.06562417701070966,-0.45515796659128877,-0.2921916105793902
P4,datum_transformer,source_only,source_validation_ece,5,0.0304722723867575,0.005758182482257803,0.0233225445034504,0.0376220002700646
P4,datum_transformer,source_only,target_test_ece,5,0.4374677837413648,0.0613346275141007,0.3613107849138679,0.5136247825688617
P4,datum_transformer,source_only,calibration_shift,5,0.4069955113546072,0.058839435070256345,0.33393670315322194,0.4800543195559925
P4,datum_transformer,source_only,reference_fpr,5,0.04964181994191672,0.00025975620261371767,0.04931929001682114,0.0499643498670123
P4,datum_transformer,source_only,target_test_fpr,5,0.9998973305954826,0.00022957576771042305,0.9996122746298566,1.0001823865611086
P4,datum_transformer,source_only,threshold_fpr_shift,5,0.9502555106535657,0.0004468668229196626,0.9497006522075547,0.9508103690995767
P4,datum_transformer,source_only,prevalence_mae,5,0.6692265517093773,0.0,0.6692265517093773,0.6692265517093773
P4,datum_transformer,source_only,prevalence_decision_error_rate,5,0.38461538461538464,0.0,0.38461538461538464,0.38461538461538464
P4,datum_transformer,source_only,governance_regret,0,,,,
P4,datum_transformer,target_real_anchor,source_validation_auroc,5,0.9162366063186858,0.04737957967350626,0.8574070879880662,0.9750661246493053
P4,datum_transformer,target_real_anchor,target_test_auroc,5,0.5425618177333462,0.07064673914782242,0.45484230514300267,0.6302813303236898
P4,datum_transformer,target_real_anchor,ranking_shift,5,-0.3736747885853395,0.06562417701070966,-0.45515796659128877,-0.2921916105793902
P4,datum_transformer,target_real_anchor,source_validation_ece,5,0.0304722723867575,0.005758182482257803,0.0233225445034504,0.0376220002700646
P4,datum_transformer,target_real_anchor,target_test_ece,5,0.4374677837413648,0.0613346275141007,0.3613107849138679,0.5136247825688617
P4,datum_transformer,target_real_anchor,calibration_shift,5,0.4069955113546072,0.058839435070256345,0.33393670315322194,0.4800543195559925
P4,datum_transformer,target_real_anchor,reference_fpr,5,0.048799999999999996,0.00268328157299975,0.04546826587376264,0.05213173412623735
P4,datum_transformer,target_real_anchor,target_test_fpr,5,0.0456878850102669,0.00671288338327616,0.03735273938911261,0.05402303063142119
P4,datum_transformer,target_real_anchor,threshold_fpr_shift,5,-0.0031121149897330603,0.007542077069398708,-0.012476840558483587,0.006252610579017466
P4,datum_transformer,target_real_anchor,prevalence_mae,5,0.6692265517093773,0.0,0.6692265517093773,0.6692265517093773
P4,datum_transformer,target_real_anchor,prevalence_decision_error_rate,5,0.38461538461538464,0.0,0.38461538461538464,0.38461538461538464
P4,datum_transformer,target_real_anchor,governance_regret,5,0.0009396132693885447,0.0004025634176855287,0.0004397647666545593,0.0014394617721225301
P4,flat_transformer,oracle_target,source_validation_auroc,4,0.918524064065884,0.0046931941797449545,0.9110561448272299,0.9259919833045382
P4,flat_transformer,oracle_target,target_test_auroc,4,0.6989835702600254,0.2010926247579477,0.3790003299196586,1.0189668106003924
P4,flat_transformer,oracle_target,ranking_shift,4,-0.21954049380585844,0.20224598432962787,-0.5413589866000039,0.10227799898828699
P4,flat_transformer,oracle_target,source_validation_ece,4,0.24192311158981525,0.05002100460149934,0.16232853094950478,0.3215176922301257
P4,flat_transformer,oracle_target,target_test_ece,4,0.06068849502837843,0.08721158500264828,-0.0780845982064286,0.19946158826318544
P4,flat_transformer,oracle_target,calibration_shift,4,-0.18123461656143675,0.05587681904271806,-0.2701471047181889,-0.09232212840468454
P4,flat_transformer,oracle_target,reference_fpr,4,0.0495379876796714,0.000855578370978799,0.04817657156687034,0.050899403792472465
P4,flat_transformer,oracle_target,target_test_fpr,4,0.049024640657084145,0.005662351850709887,0.040014575293830124,0.05803470602033817
P4,flat_transformer,oracle_target,threshold_fpr_shift,4,-0.0005133470225872747,0.0061458880890033285,-0.01029282644335517,0.00926613239818062
P4,flat_transformer,oracle_target,prevalence_mae,4,0.05014145009105502,0.039031308622647275,-0.01196607186721095,0.112248972049321
P4,flat_transformer,oracle_target,prevalence_decision_error_rate,4,0.12442307692307691,0.05974757882577675,0.02935134618120676,0.21949480766494706
P4,flat_transformer,oracle_target,governance_regret,4,0.0013517467038840253,0.000533106688103334,0.0005034549989457808,0.00220003840882227
P4,flat_transformer,source_only,source_validation_auroc,5,0.9181959068081482,0.0041301319150382106,0.9130676707014129,0.9233241429148835
P4,flat_transformer,source_only,target_test_auroc,5,0.7182354671141674,0.1793930334807993,0.4954895959124964,0.9409813383158384
P4,flat_transformer,source_only,ranking_shift,5,-0.1999604396939807,0.18053938968606092,-0.4241297001248425,0.024208820736881104
P4,flat_transformer,source_only,source_validation_ece,5,0.033005656445176355,0.008297397816688219,0.022703076297420077,0.043308236592932634
P4,flat_transformer,source_only,target_test_ece,5,0.37692376455702903,0.07939038639003339,0.2783475799730385,0.47549994914101956
P4,flat_transformer,source_only,calibration_shift,5,0.34391810811185264,0.07715312500852009,0.24811985043985876,0.43971636578384654
P4,flat_transformer,source_only,reference_fpr,5,0.04979670861568244,0.00021209005130891362,0.04953336403459497,0.050060053196769906
P4,flat_transformer,source_only,target_test_fpr,5,0.8186858316221766,0.2198433422377402,0.5457142683207856,1.0916573949235675
P4,flat_transformer,source_only,threshold_fpr_shift,5,0.7688891230064941,0.21983178024958458,0.4959319158095437,1.0418463302034446
P4,flat_transformer,source_only,prevalence_mae,5,0.6017539097080296,0.0925002518101995,0.4868996772105223,0.7166081422055368
P4,flat_transformer,source_only,prevalence_decision_error_rate,5,0.38461538461538464,0.0,0.38461538461538464,0.38461538461538464
P4,flat_transformer,source_only,governance_regret,4,0.06827000329796162,0.06287961289649587,-0.031785492572099894,0.16832549916802314
P4,flat_transformer,target_real_anchor,source_validation_auroc,5,0.9181959068081482,0.0041301319150382106,0.9130676707014129,0.9233241429148835
P4,flat_transformer,target_real_anchor,target_test_auroc,5,0.7182354671141674,0.1793930334807993,0.4954895959124964,0.9409813383158384
P4,flat_transformer,target_real_anchor,ranking_shift,5,-0.1999604396939807,0.18053938968606092,-0.4241297001248425,0.024208820736881104
P4,flat_transformer,target_real_anchor,source_validation_ece,5,0.033005656445176355,0.008297397816688219,0.022703076297420077,0.043308236592932634
P4,flat_transformer,target_real_anchor,target_test_ece,5,0.37692376455702903,0.07939038639003339,0.2783475799730385,0.47549994914101956
P4,flat_transformer,target_real_anchor,calibration_shift,5,0.34391810811185264,0.07715312500852009,0.24811985043985876,0.43971636578384654
P4,flat_transformer,target_real_anchor,reference_fpr,5,0.05,0.0,0.05,0.05
P4,flat_transformer,target_real_anchor,target_test_fpr,5,0.049075975359342855,0.01199299943233766,0.034184699733731005,0.0639672509849547
P4,flat_transformer,target_real_anchor,threshold_fpr_shift,5,-0.0009240246406570799,0.011992999432337588,-0.015815300266268845,0.013967250984954684
P4,flat_transformer,target_real_anchor,prevalence_mae,5,0.6017539097080296,0.0925002518101995,0.4868996772105223,0.7166081422055368
P4,flat_transformer,target_real_anchor,prevalence_decision_error_rate,5,0.38461538461538464,0.0,0.38461538461538464,0.38461538461538464
P4,flat_transformer,target_real_anchor,governance_regret,5,0.0015012252521539933,0.0007644899942544171,0.0005519855493012812,0.0024504649550067055
