seed,protocol,detector,calibration_policy,contamination_mode,true_prevalence,contaminated_utility_delta,detector_cleanup_delta,oracle_cleanup_delta,decision_regret
2026,P1,c2st_lr,oracle_target,append,0.0,1.3225949088019936e-05,-0.0007934448609621999,1.3225949088019936e-05,0.0
2026,P1,c2st_lr,oracle_target,append,0.050332383665717,-4.8196255150997465e-06,-0.0002758394975036716,0.00019760464611897995,0.00030330015450822
2026,P1,c2st_lr,oracle_target,append,0.0999099909990999,0.0021619943386213003,0.00123438455343664,0.0013623848403723719,0.00029029837404888
2026,P1,c2st_lr,oracle_target,append,0.2498124531132783,-0.0014377054995850201,-0.00251517201299502,-0.00233606127873626,0.0011535717628227801
2026,P1,c2st_lr,oracle_target,append,0.5,0.00143008376621228,0.0012290045063499,0.00091763428121174,0.0005712937500104199
2026,P1,c2st_lr,oracle_target,append,0.75,0.00296597512512804,0.0015432889236598802,0.0006700400309128799,0.0014226862014680998
2026,P1,c2st_lr,oracle_target,replace,0.0,1.3225949088019936e-05,-0.0007934448609621999,1.3225949088019936e-05,0.0
2026,P1,c2st_lr,oracle_target,replace,0.05,0.00013920871836632003,-0.0008800860359196401,3.384946291999898e-05,0.0
2026,P1,c2st_lr,oracle_target,replace,0.1,0.00046582241024993994,-8.921911418635995e-05,0.0016783505223969797,0.00020780431872072003
2026,P1,c2st_lr,oracle_target,replace,0.25,-0.0040113855246470195,-0.00521304145830654,-0.00535370727275882,0.00181610214467724
2026,P1,c2st_lr,oracle_target,replace,0.5,-0.004276577012291642,-0.00466909628098632,-0.0054329508829721,0.0005357630223759399
2026,P1,c2st_lr,oracle_target,replace,0.75,-0.00435626895976238,-0.0057613579238846805,-0.013026775261422699,0.00225861101755176
2026,P1,c2st_lr,oracle_target,replace,1.0,-0.00977969267601864,-0.01129496052110228,,0.00220447429374256
2026,P1,c2st_lr,source_only,append,0.0,1.3225949088019936e-05,-0.0007934448609621999,1.3225949088019936e-05,0.0
2026,P1,c2st_lr,source_only,append,0.050332383665717,-4.8196255150997465e-06,-0.0002758394975036716,0.00019760464611897995,0.00030330015450822
2026,P1,c2st_lr,source_only,append,0.0999099909990999,0.0021619943386213003,0.00123438455343664,0.0013623848403723719,0.00029029837404888
2026,P1,c2st_lr,source_only,append,0.2498124531132783,-0.0014377054995850201,-0.00251517201299502,-0.00233606127873626,0.0011535717628227801
2026,P1,c2st_lr,source_only,append,0.5,0.00143008376621228,0.0012290045063499,0.00091763428121174,0.0005712937500104199
2026,P1,c2st_lr,source_only,append,0.75,0.00296597512512804,0.0015432889236598802,0.0006700400309128799,0.0014226862014680998
2026,P1,c2st_lr,source_only,replace,0.0,1.3225949088019936e-05,-0.0007934448609621999,1.3225949088019936e-05,0.0
2026,P1,c2st_lr,source_only,replace,0.05,0.00013920871836632003,-0.0008800860359196401,3.384946291999898e-05,0.0
2026,P1,c2st_lr,source_only,replace,0.1,0.00046582241024993994,-8.921911418635995e-05,0.0016783505223969797,0.00020780431872072003
2026,P1,c2st_lr,source_only,replace,0.25,-0.0040113855246470195,-0.00521304145830654,-0.00535370727275882,0.00181610214467724
2026,P1,c2st_lr,source_only,replace,0.5,-0.004276577012291642,-0.00466909628098632,-0.0054329508829721,0.0005357630223759399
2026,P1,c2st_lr,source_only,replace,0.75,-0.00435626895976238,-0.0057613579238846805,-0.013026775261422699,0.00225861101755176
2026,P1,c2st_lr,source_only,replace,1.0,-0.00977969267601864,-0.01129496052110228,,0.00220447429374256
2026,P1,c2st_lr,target_real_anchor,append,0.0,1.3225949088019936e-05,-0.0006880856055159399,1.3225949088019936e-05,9.000370438656e-05
2026,P1,c2st_lr,target_real_anchor,append,0.050332383665717,-4.8196255150997465e-06,-0.0008379423337411603,0.00019760464611897995,0.0001130930731333
2026,P1,c2st_lr,target_real_anchor,append,0.0999099909990999,0.0021619943386213003,0.00130869645382048,0.0013623848403723719,0.00020074300691950002
2026,P1,c2st_lr,target_real_anchor,append,0.2498124531132783,-0.0014377054995850201,-0.0030004970939339,-0.00233606127873626,0.0015772504708941397
2026,P1,c2st_lr,target_real_anchor,append,0.5,0.00143008376621228,0.0011480796314220002,0.00091763428121174,0.0007616129156996401
2026,P1,c2st_lr,target_real_anchor,append,0.75,0.00296597512512804,0.00145743233890252,0.0006700400309128799,0.0015593169806055
2026,P1,c2st_lr,target_real_anchor,replace,0.0,1.3225949088019936e-05,-0.0006880856055159399,1.3225949088019936e-05,9.000370438656e-05
2026,P1,c2st_lr,target_real_anchor,replace,0.05,0.00013920871836632003,-0.00057387168923952,3.384946291999898e-05,0.0
2026,P1,c2st_lr,target_real_anchor,replace,0.1,0.00046582241024993994,-0.0004930588986257797,0.0016783505223969797,0.00020511429517733386
2026,P1,c2st_lr,target_real_anchor,replace,0.25,-0.0040113855246470195,-0.00550412442255558,-0.00535370727275882,0.0020420641223153
2026,P1,c2st_lr,target_real_anchor,replace,0.5,-0.004276577012291642,-0.00492072556660018,-0.0054329508829721,0.000798376570791659
2026,P1,c2st_lr,target_real_anchor,replace,0.75,-0.00435626895976238,-0.00569085689018706,-0.013026775261422699,0.00201561222413936
2026,P1,c2st_lr,target_real_anchor,replace,1.0,-0.00977969267601864,-0.012190065855138819,,0.00312177232201138
2026,P1,c2st_xgb,oracle_target,append,0.0,1.3225949088019936e-05,-0.00057050915981034,1.3225949088019936e-05,5.043794143702001e-05
2026,P1,c2st_xgb,oracle_target,append,0.050332383665717,-4.8196255150997465e-06,0.00029556633682126,0.00019760464611897995,0.00049193805548284
2026,P1,c2st_xgb,oracle_target,append,0.0999099909990999,0.0021619943386213003,0.0006029015266445202,0.0013623848403723719,0.0015590928119768
2026,P1,c2st_xgb,oracle_target,append,0.2498124531132783,-0.0014377054995850201,-0.00284615699313648,-0.00233606127873626,0.00164741525164884
2026,P1,c2st_xgb,oracle_target,append,0.5,0.00143008376621228,0.00056860372646724,0.00091763428121174,0.00093590402444326
2026,P1,c2st_xgb,oracle_target,append,0.75,0.00296597512512804,0.00142122910538218,0.0006700400309128799,0.0015736637728364998
2026,P1,c2st_xgb,oracle_target,replace,0.0,1.3225949088019936e-05,-0.00057050915981034,1.3225949088019936e-05,5.043794143702001e-05
2026,P1,c2st_xgb,oracle_target,replace,0.05,0.00013920871836632003,-0.0011841707806279202,3.384946291999898e-05,0.00015904764199822
2026,P1,c2st_xgb,oracle_target,replace,0.1,0.00046582241024993994,0.00047008161419358,0.0016783505223969797,0.0006013323462440801
2026,P1,c2st_xgb,oracle_target,replace,0.25,-0.0040113855246470195,-0.00583163478895358,-0.00535370727275882,0.0019873669769346603
2026,P1,c2st_xgb,oracle_target,replace,0.5,-0.004276577012291642,-0.0043990851678265604,-0.0054329508829721,0.0012848224948735
2026,P1,c2st_xgb,oracle_target,replace,0.75,-0.00435626895976238,-0.011150483839963778,-0.013026775261422699,0.007706693282955099
2026,P1,c2st_xgb,oracle_target,replace,1.0,-0.00977969267601864,-0.04911243233610048,,0.0393327396600818
2026,P1,c2st_xgb,source_only,append,0.0,1.3225949088019936e-05,-0.00057050915981034,1.3225949088019936e-05,5.043794143702001e-05
2026,P1,c2st_xgb,source_only,append,0.050332383665717,-4.8196255150997465e-06,0.00029556633682126,0.00019760464611897995,0.00049193805548284
2026,P1,c2st_xgb,source_only,append,0.0999099909990999,0.0021619943386213003,0.0006029015266445202,0.0013623848403723719,0.0015590928119768
2026,P1,c2st_xgb,source_only,append,0.2498124531132783,-0.0014377054995850201,-0.00284615699313648,-0.00233606127873626,0.00164741525164884
2026,P1,c2st_xgb,source_only,append,0.5,0.00143008376621228,0.00056860372646724,0.00091763428121174,0.00093590402444326
2026,P1,c2st_xgb,source_only,append,0.75,0.00296597512512804,0.00142122910538218,0.0006700400309128799,0.0015736637728364998
2026,P1,c2st_xgb,source_only,replace,0.0,1.3225949088019936e-05,-0.00057050915981034,1.3225949088019936e-05,5.043794143702001e-05
2026,P1,c2st_xgb,source_only,replace,0.05,0.00013920871836632003,-0.0011841707806279202,3.384946291999898e-05,0.00015904764199822
2026,P1,c2st_xgb,source_only,replace,0.1,0.00046582241024993994,0.00047008161419358,0.0016783505223969797,0.0006013323462440801
2026,P1,c2st_xgb,source_only,replace,0.25,-0.0040113855246470195,-0.00583163478895358,-0.00535370727275882,0.0019873669769346603
2026,P1,c2st_xgb,source_only,replace,0.5,-0.004276577012291642,-0.0043990851678265604,-0.0054329508829721,0.0012848224948735
2026,P1,c2st_xgb,source_only,replace,0.75,-0.00435626895976238,-0.011150483839963778,-0.013026775261422699,0.007706693282955099
2026,P1,c2st_xgb,source_only,replace,1.0,-0.00977969267601864,-0.04911243233610048,,0.0393327396600818
2026,P1,c2st_xgb,target_real_anchor,append,0.0,1.3225949088019936e-05,-0.0005394618047478999,1.3225949088019936e-05,5.2791712037459996e-05
2026,P1,c2st_xgb,target_real_anchor,append,0.050332383665717,-4.8196255150997465e-06,-0.0006495286013951604,0.00019760464611897995,0.00029153130150622
2026,P1,c2st_xgb,target_real_anchor,append,0.0999099909990999,0.0021619943386213003,0.000212287691293,0.0013623848403723719,0.0019497066473283201
2026,P1,c2st_xgb,target_real_anchor,append,0.2498124531132783,-0.0014377054995850201,-0.0028961465973163054,-0.00233606127873626,0.0016077374043849998
2026,P1,c2st_xgb,target_real_anchor,append,0.5,0.00143008376621228,0.00019951007946226,0.00091763428121174,0.00123057368674998
2026,P1,c2st_xgb,target_real_anchor,append,0.75,0.00296597512512804,0.00107253480358058,0.0006700400309128799,0.0018934403215474598
2026,P1,c2st_xgb,target_real_anchor,replace,0.0,1.3225949088019936e-05,-0.0005394618047478999,1.3225949088019936e-05,5.2791712037459996e-05
2026,P1,c2st_xgb,target_real_anchor,replace,0.05,0.00013920871836632003,-0.0017216150677185002,3.384946291999898e-05,3.721199234912e-05
2026,P1,c2st_xgb,target_real_anchor,replace,0.1,0.00046582241024993994,0.00023638581886845992,0.0016783505223969797,0.0005572832107223833
2026,P1,c2st_xgb,target_real_anchor,replace,0.25,-0.0040113855246470195,-0.00620184927910164,-0.00535370727275882,0.0021904637544546
2026,P1,c2st_xgb,target_real_anchor,replace,0.5,-0.004276577012291642,-0.00567527717049864,-0.0054329508829721,0.00224022919000582
2026,P1,c2st_xgb,target_real_anchor,replace,0.75,-0.00435626895976238,-0.01197632106776008,-0.013026775261422699,0.008046196670983741
2026,P1,c2st_xgb,target_real_anchor,replace,1.0,-0.00977969267601864,-0.05932779674182107,,0.0495481040658024
2026,P1,char3gram,oracle_target,append,0.0,1.3225949088019936e-05,-0.0015166128568554096,1.3225949088019936e-05,4.617873749348e-05
2026,P1,char3gram,oracle_target,append,0.050332383665717,-4.8196255150997465e-06,-3.6987823720500016e-05,0.00019760464611897995,0.00041437570998405996
2026,P1,char3gram,oracle_target,append,0.0999099909990999,0.0021619943386213003,0.0006291292561917599,0.0013623848403723719,0.0015855447101526803
2026,P1,char3gram,oracle_target,append,0.2498124531132783,-0.0014377054995850201,-0.0031661577104760397,-0.00233606127873626,0.00172845221089096
2026,P1,char3gram,oracle_target,append,0.5,0.00143008376621228,0.0003752582842918198,0.00091763428121174,0.00155528194529046
2026,P1,char3gram,oracle_target,append,0.75,0.00296597512512804,0.00175815455418174,0.0006700400309128799,0.00120782057094624
2026,P1,char3gram,oracle_target,replace,0.0,1.3225949088019936e-05,-0.0015166128568554096,1.3225949088019936e-05,4.617873749348e-05
2026,P1,char3gram,oracle_target,replace,0.05,0.00013920871836632003,-0.001465390325218217,3.384946291999898e-05,0.0
2026,P1,char3gram,oracle_target,replace,0.1,0.00046582241024993994,0.0007276513684654361,0.0016783505223969797,0.0006619699602828601
2026,P1,char3gram,oracle_target,replace,0.25,-0.0040113855246470195,-0.0047014886478204,-0.00535370727275882,0.0011922408512579235
2026,P1,char3gram,oracle_target,replace,0.5,-0.004276577012291642,-0.0045206966488471004,-0.0054329508829721,0.00110649635081494
2026,P1,char3gram,oracle_target,replace,0.75,-0.00435626895976238,-0.01112156608687324,-0.013026775261422699,0.00691167924159262
2026,P1,char3gram,oracle_target,replace,1.0,-0.00977969267601864,-0.02877596643298962,,0.018996273756970918
2026,P1,char3gram,source_only,append,0.0,1.3225949088019936e-05,-0.0015166128568554096,1.3225949088019936e-05,4.617873749348e-05
2026,P1,char3gram,source_only,append,0.050332383665717,-4.8196255150997465e-06,-3.6987823720500016e-05,0.00019760464611897995,0.00041437570998405996
2026,P1,char3gram,source_only,append,0.0999099909990999,0.0021619943386213003,0.0006291292561917599,0.0013623848403723719,0.0015855447101526803
2026,P1,char3gram,source_only,append,0.2498124531132783,-0.0014377054995850201,-0.0031661577104760397,-0.00233606127873626,0.00172845221089096
2026,P1,char3gram,source_only,append,0.5,0.00143008376621228,0.0003752582842918198,0.00091763428121174,0.00155528194529046
2026,P1,char3gram,source_only,append,0.75,0.00296597512512804,0.00175815455418174,0.0006700400309128799,0.00120782057094624
2026,P1,char3gram,source_only,replace,0.0,1.3225949088019936e-05,-0.0015166128568554096,1.3225949088019936e-05,4.617873749348e-05
2026,P1,char3gram,source_only,replace,0.05,0.00013920871836632003,-0.001465390325218217,3.384946291999898e-05,0.0
2026,P1,char3gram,source_only,replace,0.1,0.00046582241024993994,0.0007276513684654361,0.0016783505223969797,0.0006619699602828601
2026,P1,char3gram,source_only,replace,0.25,-0.0040113855246470195,-0.0047014886478204,-0.00535370727275882,0.0011922408512579235
2026,P1,char3gram,source_only,replace,0.5,-0.004276577012291642,-0.0045206966488471004,-0.0054329508829721,0.00110649635081494
2026,P1,char3gram,source_only,replace,0.75,-0.00435626895976238,-0.01112156608687324,-0.013026775261422699,0.00691167924159262
2026,P1,char3gram,source_only,replace,1.0,-0.00977969267601864,-0.02877596643298962,,0.018996273756970918
2026,P1,char3gram,target_real_anchor,append,0.0,1.3225949088019936e-05,-0.0015439614295457683,1.3225949088019936e-05,4.606665317916e-05
2026,P1,char3gram,target_real_anchor,append,0.050332383665717,-4.8196255150997465e-06,-7.50964905842029e-06,0.00019760464611897995,0.00044060343953134586
2026,P1,char3gram,target_real_anchor,append,0.0999099909990999,0.0021619943386213003,0.0006164637286753,0.0013623848403723719,0.0016022452729841398
2026,P1,char3gram,target_real_anchor,append,0.2498124531132783,-0.0014377054995850201,-0.0031293940553841606,-0.00233606127873626,0.00169168855579914
2026,P1,char3gram,target_real_anchor,append,0.5,0.00143008376621228,0.00037794830783512005,0.00091763428121174,0.0015723187610648
2026,P1,char3gram,target_real_anchor,append,0.75,0.00296597512512804,0.0018724805547724438,0.0006700400309128799,0.0010934945703555798
2026,P1,char3gram,target_real_anchor,replace,0.0,1.3225949088019936e-05,-0.0015439614295457683,1.3225949088019936e-05,4.606665317916e-05
2026,P1,char3gram,target_real_anchor,replace,0.05,0.00013920871836632003,-0.0013333550029673972,3.384946291999898e-05,0.0
2026,P1,char3gram,target_real_anchor,replace,0.1,0.00046582241024993994,0.0006100749227599961,0.0016783505223969797,0.00070164780754668
2026,P1,char3gram,target_real_anchor,replace,0.25,-0.0040113855246470195,-0.00480113160323716,-0.00535370727275882,0.0012622935476983
2026,P1,char3gram,target_real_anchor,replace,0.5,-0.004276577012291642,-0.0046493694416686725,-0.0054329508829721,0.001199638416002
2026,P1,char3gram,target_real_anchor,replace,0.75,-0.00435626895976238,-0.01113389536144668,-0.013026775261422699,0.0069608842555723
2026,P1,char3gram,target_real_anchor,replace,1.0,-0.00977969267601864,-0.027634611860425817,,0.01785491918440712
2026,P1,column_positional_ablation,oracle_target,append,0.0,1.3225949088019936e-05,-0.0009707622461921,1.3225949088019936e-05,5.940468658116593e-06
2026,P1,column_positional_ablation,oracle_target,append,0.050332383665717,-4.8196255150997465e-06,0.00033199373897023997,0.00019760464611897995,0.00057745838729728
2026,P1,column_positional_ablation,oracle_target,append,0.0999099909990999,0.0021619943386213003,0.0009227901596697598,0.0013623848403723719,0.00145832901341698
2026,P1,column_positional_ablation,oracle_target,append,0.2498124531132783,-0.0014377054995850201,-0.00286218505008204,-0.00233606127873626,0.00142447955049696
2026,P1,column_positional_ablation,oracle_target,append,0.5,0.00143008376621228,-0.00011410183196204037,0.00091763428121174,0.0017322630775774
2026,P1,column_positional_ablation,oracle_target,append,0.75,0.00296597512512804,0.0023460367827093003,0.0006700400309128799,0.00102758899354452
2026,P1,column_positional_ablation,oracle_target,replace,0.0,1.3225949088019936e-05,-0.0009707622461921,1.3225949088019936e-05,5.940468658116593e-06
2026,P1,column_positional_ablation,oracle_target,replace,0.05,0.00013920871836632003,-0.00149128180182256,3.384946291999898e-05,0.0
2026,P1,column_positional_ablation,oracle_target,replace,0.1,0.00046582241024993994,0.0011999746689451,0.0016783505223969797,0.0
2026,P1,column_positional_ablation,oracle_target,replace,0.25,-0.0040113855246470195,-0.00493955573140332,-0.00535370727275882,0.00157209459243616
2026,P1,column_positional_ablation,oracle_target,replace,0.5,-0.004276577012291642,-0.0027785701516108,-0.0054329508829721,0.00015064131842534
2026,P1,column_positional_ablation,oracle_target,replace,0.75,-0.00435626895976238,-0.01046833870310602,-0.013026775261422699,0.006970635590916779
2026,P1,column_positional_ablation,oracle_target,replace,1.0,-0.00977969267601864,-0.0267832194089682,,0.01711661980608288
2026,P1,column_positional_ablation,source_only,append,0.0,1.3225949088019936e-05,-0.0009707622461921,1.3225949088019936e-05,5.940468658116593e-06
2026,P1,column_positional_ablation,source_only,append,0.050332383665717,-4.8196255150997465e-06,0.00033199373897023997,0.00019760464611897995,0.00057745838729728
2026,P1,column_positional_ablation,source_only,append,0.0999099909990999,0.0021619943386213003,0.0009227901596697598,0.0013623848403723719,0.00145832901341698
2026,P1,column_positional_ablation,source_only,append,0.2498124531132783,-0.0014377054995850201,-0.00286218505008204,-0.00233606127873626,0.00142447955049696
2026,P1,column_positional_ablation,source_only,append,0.5,0.00143008376621228,-0.00011410183196204037,0.00091763428121174,0.0017322630775774
2026,P1,column_positional_ablation,source_only,append,0.75,0.00296597512512804,0.0023460367827093003,0.0006700400309128799,0.00102758899354452
2026,P1,column_positional_ablation,source_only,replace,0.0,1.3225949088019936e-05,-0.0009707622461921,1.3225949088019936e-05,5.940468658116593e-06
2026,P1,column_positional_ablation,source_only,replace,0.05,0.00013920871836632003,-0.00149128180182256,3.384946291999898e-05,0.0
2026,P1,column_positional_ablation,source_only,replace,0.1,0.00046582241024993994,0.0011999746689451,0.0016783505223969797,0.0
2026,P1,column_positional_ablation,source_only,replace,0.25,-0.0040113855246470195,-0.00493955573140332,-0.00535370727275882,0.00157209459243616
2026,P1,column_positional_ablation,source_only,replace,0.5,-0.004276577012291642,-0.0027785701516108,-0.0054329508829721,0.00015064131842534
2026,P1,column_positional_ablation,source_only,replace,0.75,-0.00435626895976238,-0.01046833870310602,-0.013026775261422699,0.006970635590916779
2026,P1,column_positional_ablation,source_only,replace,1.0,-0.00977969267601864,-0.0267832194089682,,0.01711661980608288
2026,P1,column_positional_ablation,target_real_anchor,append,0.0,1.3225949088019936e-05,-0.0009642613559623399,1.3225949088019936e-05,1.0535925544630232e-05
2026,P1,column_positional_ablation,target_real_anchor,append,0.050332383665717,-4.8196255150997465e-06,0.00034947889200170006,0.00019760464611897995,0.0005756650382683399
2026,P1,column_positional_ablation,target_real_anchor,append,0.0999099909990999,0.0021619943386213003,0.0008758268319761601,0.0013623848403723719,0.00148534133316438
2026,P1,column_positional_ablation,target_real_anchor,append,0.2498124531132783,-0.0014377054995850201,-0.00301686140382236,-0.00233606127873626,0.00157915590423728
2026,P1,column_positional_ablation,target_real_anchor,append,0.5,0.00143008376621228,-0.00015064131842534005,0.00091763428121174,0.0017639829385255798
2026,P1,column_positional_ablation,target_real_anchor,append,0.75,0.00296597512512804,0.002376523716200187,0.0006700400309128799,0.0010058446365694
2026,P1,column_positional_ablation,target_real_anchor,replace,0.0,1.3225949088019936e-05,-0.0009642613559623399,1.3225949088019936e-05,1.0535925544630232e-05
2026,P1,column_positional_ablation,target_real_anchor,replace,0.05,0.00013920871836632003,-0.00147704709390588,3.384946291999898e-05,0.0
2026,P1,column_positional_ablation,target_real_anchor,replace,0.1,0.00046582241024993994,0.0012514213692108199,0.0016783505223969797,0.0
2026,P1,column_positional_ablation,target_real_anchor,replace,0.25,-0.0040113855246470195,-0.0048730897330207,-0.00535370727275882,0.0015056285940535802
2026,P1,column_positional_ablation,target_real_anchor,replace,0.5,-0.004276577012291642,-0.00273541769060352,-0.0054329508829721,0.00015064131842534
2026,P1,column_positional_ablation,target_real_anchor,replace,0.75,-0.00435626895976238,-0.01053390802697424,-0.013026775261422699,0.007015805569581581
2026,P1,column_positional_ablation,target_real_anchor,replace,1.0,-0.00977969267601864,-0.02677526142265258,,0.01711661980608288
2026,P1,datum_transformer,oracle_target,append,0.0,1.3225949088019936e-05,-0.00242404746546534,1.3225949088019936e-05,0.0
2026,P1,datum_transformer,oracle_target,append,0.050332383665717,-4.8196255150997465e-06,-0.00274012523180434,0.00019760464611897995,0.0
2026,P1,datum_transformer,oracle_target,append,0.0999099909990999,0.0021619943386213003,-0.0016113241024427402,0.0013623848403723719,0.0030689806099740203
2026,P1,datum_transformer,oracle_target,append,0.2498124531132783,-0.0014377054995850201,-0.00368522017002072,-0.00233606127873626,0.0022534551390938
2026,P1,datum_transformer,oracle_target,append,0.5,0.00143008376621228,0.00019413003237557999,0.00091763428121174,0.00151683702548396
2026,P1,datum_transformer,oracle_target,append,0.75,0.00296597512512804,0.00286184879713902,0.0006700400309128799,0.00052915004783196
2026,P1,datum_transformer,oracle_target,replace,0.0,1.3225949088019936e-05,-0.00242404746546534,1.3225949088019936e-05,0.0
2026,P1,datum_transformer,oracle_target,replace,0.05,0.00013920871836632003,-0.0022934692393005397,3.384946291999898e-05,0.0
2026,P1,datum_transformer,oracle_target,replace,0.1,0.00046582241024993994,-0.001025459391572597,0.0016783505223969797,0.0009764785462215663
2026,P1,datum_transformer,oracle_target,replace,0.25,-0.0040113855246470195,-0.00434214633615992,-0.00535370727275882,0.00161412621030044
2026,P1,datum_transformer,oracle_target,replace,0.5,-0.004276577012291642,-0.00288964570708672,-0.0054329508829721,0.0008222505297385
2026,P1,datum_transformer,oracle_target,replace,0.75,-0.00435626895976238,-0.010300996821849321,-0.013026775261422699,0.006501114398294899
2026,P1,datum_transformer,oracle_target,replace,1.0,-0.00977969267601864,-0.02985970966800064,,0.020197145100430282
2026,P1,datum_transformer,source_only,append,0.0,1.3225949088019936e-05,-0.00242404746546534,1.3225949088019936e-05,0.0
2026,P1,datum_transformer,source_only,append,0.050332383665717,-4.8196255150997465e-06,-0.00274012523180434,0.00019760464611897995,0.0
2026,P1,datum_transformer,source_only,append,0.0999099909990999,0.0021619943386213003,-0.0016113241024427402,0.0013623848403723719,0.0030689806099740203
2026,P1,datum_transformer,source_only,append,0.2498124531132783,-0.0014377054995850201,-0.00368522017002072,-0.00233606127873626,0.0022534551390938
2026,P1,datum_transformer,source_only,append,0.5,0.00143008376621228,0.00019413003237557999,0.00091763428121174,0.00151683702548396
2026,P1,datum_transformer,source_only,append,0.75,0.00296597512512804,0.00286184879713902,0.0006700400309128799,0.00052915004783196
2026,P1,datum_transformer,source_only,replace,0.0,1.3225949088019936e-05,-0.00242404746546534,1.3225949088019936e-05,0.0
2026,P1,datum_transformer,source_only,replace,0.05,0.00013920871836632003,-0.0022934692393005397,3.384946291999898e-05,0.0
2026,P1,datum_transformer,source_only,replace,0.1,0.00046582241024993994,-0.001025459391572597,0.0016783505223969797,0.0009764785462215663
2026,P1,datum_transformer,source_only,replace,0.25,-0.0040113855246470195,-0.00434214633615992,-0.00535370727275882,0.00161412621030044
2026,P1,datum_transformer,source_only,replace,0.5,-0.004276577012291642,-0.00288964570708672,-0.0054329508829721,0.0008222505297385
2026,P1,datum_transformer,source_only,replace,0.75,-0.00435626895976238,-0.010300996821849321,-0.013026775261422699,0.006501114398294899
2026,P1,datum_transformer,source_only,replace,1.0,-0.00977969267601864,-0.02985970966800064,,0.020197145100430282
2026,P1,datum_transformer,target_real_anchor,append,0.0,1.3225949088019936e-05,-0.00242404746546534,1.3225949088019936e-05,0.0
2026,P1,datum_transformer,target_real_anchor,append,0.050332383665717,-4.8196255150997465e-06,-0.00274012523180434,0.00019760464611897995,0.0
2026,P1,datum_transformer,target_real_anchor,append,0.0999099909990999,0.0021619943386213003,-0.0016113241024427402,0.0013623848403723719,0.0030689806099740203
2026,P1,datum_transformer,target_real_anchor,append,0.2498124531132783,-0.0014377054995850201,-0.00368522017002072,-0.00233606127873626,0.0022534551390938
2026,P1,datum_transformer,target_real_anchor,append,0.5,0.00143008376621228,0.00028267664067619985,0.00091763428121174,0.00142829041718334
2026,P1,datum_transformer,target_real_anchor,append,0.75,0.00296597512512804,0.00286184879713902,0.0006700400309128799,0.00052915004783196
2026,P1,datum_transformer,target_real_anchor,replace,0.0,1.3225949088019936e-05,-0.00242404746546534,1.3225949088019936e-05,0.0
2026,P1,datum_transformer,target_real_anchor,replace,0.05,0.00013920871836632003,-0.0022934692393005397,3.384946291999898e-05,0.0
2026,P1,datum_transformer,target_real_anchor,replace,0.1,0.00046582241024993994,-0.001017277236628397,0.0016783505223969797,0.0009682963912773356
2026,P1,datum_transformer,target_real_anchor,replace,0.25,-0.0040113855246470195,-0.004344836359703201,-0.00535370727275882,0.00161681623384374
2026,P1,datum_transformer,target_real_anchor,replace,0.5,-0.004276577012291642,-0.00288964570708672,-0.0054329508829721,0.0008222505297385
2026,P1,datum_transformer,target_real_anchor,replace,0.75,-0.00435626895976238,-0.010300996821849321,-0.013026775261422699,0.006501114398294899
2026,P1,datum_transformer,target_real_anchor,replace,1.0,-0.00977969267601864,-0.02985970966800064,,0.020197145100430282
2026,P1,flat_transformer,oracle_target,append,0.0,1.3225949088019936e-05,-0.00021733148543663988,1.3225949088019936e-05,0.00023066951883882251
2026,P1,flat_transformer,oracle_target,append,0.050332383665717,-4.8196255150997465e-06,0.0006374234954502399,0.00019760464611897995,0.0008662996652602196
2026,P1,flat_transformer,oracle_target,append,0.0999099909990999,0.0021619943386213003,0.0008945449124650201,0.0013623848403723719,0.0011117643135872355
2026,P1,flat_transformer,oracle_target,append,0.2498124531132783,-0.0014377054995850201,-0.0025308638169977,-0.00233606127873626,0.0010931583174126325
2026,P1,flat_transformer,oracle_target,append,0.5,0.00143008376621228,2.5331055032900077e-05,0.00091763428121174,0.0015912610101822201
2026,P1,flat_transformer,oracle_target,append,0.75,0.00296597512512804,-0.00048476465936740014,0.0006700400309128799,0.00345073978449542
2026,P1,flat_transformer,oracle_target,replace,0.0,1.3225949088019936e-05,-0.00021733148543663988,1.3225949088019936e-05,0.00023066951883882251
2026,P1,flat_transformer,oracle_target,replace,0.05,0.00013920871836632003,-0.0005070694379139534,3.384946291999898e-05,0.00033064872719858
2026,P1,flat_transformer,oracle_target,replace,0.1,0.00046582241024993994,0.0008453398984852801,0.0016783505223969797,0.0006219558600761801
2026,P1,flat_transformer,oracle_target,replace,0.25,-0.0040113855246470195,-0.00413535077626792,-0.00535370727275882,0.00123079785537866
2026,P1,flat_transformer,oracle_target,replace,0.5,-0.004276577012291642,-0.00497194809823738,-0.0054329508829721,0.0017172437794606599
2026,P1,flat_transformer,oracle_target,replace,0.75,-0.00435626895976238,-0.01140816567855,-0.013026775261422699,0.00746481533268574
2026,P1,flat_transformer,oracle_target,replace,1.0,-0.00977969267601864,-0.0256818789366113,,0.01597223895703298
2026,P1,flat_transformer,source_only,append,0.0,1.3225949088019936e-05,-0.00021733148543663988,1.3225949088019936e-05,0.00023066951883882251
2026,P1,flat_transformer,source_only,append,0.050332383665717,-4.8196255150997465e-06,0.0006374234954502399,0.00019760464611897995,0.0008662996652602196
2026,P1,flat_transformer,source_only,append,0.0999099909990999,0.0021619943386213003,0.0008945449124650201,0.0013623848403723719,0.0011117643135872355
2026,P1,flat_transformer,source_only,append,0.2498124531132783,-0.0014377054995850201,-0.0025308638169977,-0.00233606127873626,0.0010931583174126325
2026,P1,flat_transformer,source_only,append,0.5,0.00143008376621228,2.5331055032900077e-05,0.00091763428121174,0.0015912610101822201
2026,P1,flat_transformer,source_only,append,0.75,0.00296597512512804,-0.00048476465936740014,0.0006700400309128799,0.00345073978449542
2026,P1,flat_transformer,source_only,replace,0.0,1.3225949088019936e-05,-0.00021733148543663988,1.3225949088019936e-05,0.00023066951883882251
2026,P1,flat_transformer,source_only,replace,0.05,0.00013920871836632003,-0.0005070694379139534,3.384946291999898e-05,0.00033064872719858
2026,P1,flat_transformer,source_only,replace,0.1,0.00046582241024993994,0.0008453398984852801,0.0016783505223969797,0.0006219558600761801
2026,P1,flat_transformer,source_only,replace,0.25,-0.0040113855246470195,-0.00413535077626792,-0.00535370727275882,0.00123079785537866
2026,P1,flat_transformer,source_only,replace,0.5,-0.004276577012291642,-0.00497194809823738,-0.0054329508829721,0.0017172437794606599
2026,P1,flat_transformer,source_only,replace,0.75,-0.00435626895976238,-0.01140816567855,-0.013026775261422699,0.00746481533268574
2026,P1,flat_transformer,source_only,replace,1.0,-0.00977969267601864,-0.0256818789366113,,0.01597223895703298
2026,P1,flat_transformer,target_real_anchor,append,0.0,1.3225949088019936e-05,-0.00024389546792676005,1.3225949088019936e-05,0.00015478843805459045
2026,P1,flat_transformer,target_real_anchor,append,0.050332383665717,-4.8196255150997465e-06,0.00072597010375072,0.00019760464611897995,0.0009270493636132001
2026,P1,flat_transformer,target_real_anchor,append,0.0999099909990999,0.0021619943386213003,0.0007358335234097096,0.0013623848403723719,0.0012103985101753
2026,P1,flat_transformer,target_real_anchor,append,0.2498124531132783,-0.0014377054995850201,-0.00280659123018696,-0.00233606127873626,0.00136888573060188
2026,P1,flat_transformer,target_real_anchor,append,0.5,0.00143008376621228,-1.3898454973739969e-05,0.00091763428121174,0.00169987071074334
2026,P1,flat_transformer,target_real_anchor,append,0.75,0.00296597512512804,-0.00031125814082391993,0.0006700400309128799,0.00327723326595198
2026,P1,flat_transformer,target_real_anchor,replace,0.0,1.3225949088019936e-05,-0.00024389546792676005,1.3225949088019936e-05,0.00015478843805459045
2026,P1,flat_transformer,target_real_anchor,replace,0.05,0.00013920871836632003,-0.0004944039103975545,3.384946291999898e-05,0.00036629153914744005
2026,P1,flat_transformer,target_real_anchor,replace,0.1,0.00046582241024993994,0.0007867198021039799,0.0016783505223969797,0.0006479594209948
2026,P1,flat_transformer,target_real_anchor,replace,0.25,-0.0040113855246470195,-0.004280724131921,-0.00535370727275882,0.00111490267438776
2026,P1,flat_transformer,target_real_anchor,replace,0.5,-0.004276577012291642,-0.0049708272550942605,-0.0054329508829721,0.00169359398914234
2026,P1,flat_transformer,target_real_anchor,replace,0.75,-0.00435626895976238,-0.01133542295856634,-0.013026775261422699,0.00742267163050722
2026,P1,flat_transformer,target_real_anchor,replace,1.0,-0.00977969267601864,-0.025797886201916496,,0.01601819352589782
2026,P2,c2st_lr,oracle_target,append,0.0,1.3225949088019936e-05,-0.00037772413920646,1.3225949088019936e-05,0.00023066951883880002
2026,P2,c2st_lr,oracle_target,append,0.050332383665717,0.0004269291531862401,0.0004291708394723001,0.00019760464611897995,0.00040742648249715997
2026,P2,c2st_lr,oracle_target,append,0.0999099909990999,0.00201729348885406,0.0011792390707986201,0.0013623848403723719,0.0006148945482749745
2026,P2,c2st_lr,oracle_target,append,0.2498124531132783,-0.00072350424883608,-0.0014890401155364798,-0.00233606127873626,0.0008001699198204599
2026,P2,c2st_lr,oracle_target,append,0.5,0.0010268044033443801,0.0015101119666258,0.00091763428121174,4.561831592194e-05
2026,P2,c2st_lr,oracle_target,append,0.75,-0.0009690809814775599,0.00040910774721170004,0.0006700400309128799,0.0
2026,P2,c2st_lr,oracle_target,replace,0.0,1.3225949088019936e-05,-0.00037772413920646,1.3225949088019936e-05,0.00023066951883880002
2026,P2,c2st_lr,oracle_target,replace,0.05,-0.0005766737970970402,-0.00084612448868534,3.384946291999898e-05,0.00021038225794964
2026,P2,c2st_lr,oracle_target,replace,0.1,0.00229918553933014,0.00145552690555946,0.0016783505223969797,0.00047972086522364
2026,P2,c2st_lr,oracle_target,replace,0.25,-0.00251606868750942,-0.00267567675107912,-0.00535370727275882,0.00062901717187736
2026,P2,c2st_lr,oracle_target,replace,0.5,-0.00473276017151136,-0.00527547242137416,-0.0054329508829721,0.0011040304959001601
2026,P2,c2st_lr,oracle_target,replace,0.75,-0.007157816395805619,-0.0076870785279518,-0.013026775261422699,0.0008611437868021
2026,P2,c2st_lr,oracle_target,replace,1.0,-0.013168561919018001,-0.010406131908666998,,0.00014414042819568
2026,P2,c2st_lr,source_only,append,0.0,1.3225949088019936e-05,-0.0007934448609621999,1.3225949088019936e-05,0.0
2026,P2,c2st_lr,source_only,append,0.050332383665717,0.0004269291531862401,0.00054125515377686,0.00019760464611897995,0.00045416564156214
2026,P2,c2st_lr,source_only,append,0.0999099909990999,0.00201729348885406,0.00168216138908334,0.0013623848403723719,1.8942249117492872e-05
2026,P2,c2st_lr,source_only,append,0.2498124531132783,-0.00072350424883608,-0.0009578725500469801,-0.00233606127873626,8.238197101388728e-05
2026,P2,c2st_lr,source_only,append,0.5,0.0010268044033443801,0.00082146593953836,0.00091763428121174,0.00020085509123381998
2026,P2,c2st_lr,source_only,append,0.75,-0.0009690809814775599,-0.00085845376325898,0.0006700400309128799,0.0002283157482383978
2026,P2,c2st_lr,source_only,replace,0.0,1.3225949088019936e-05,-0.0007934448609621999,1.3225949088019936e-05,0.0
2026,P2,c2st_lr,source_only,replace,0.05,-0.0005766737970970402,-0.00145070728004426,3.384946291999898e-05,0.0
2026,P2,c2st_lr,source_only,replace,0.1,0.00229918553933014,0.0016983015303431888,0.0016783505223969797,0.00010804927898959999
2026,P2,c2st_lr,source_only,replace,0.25,-0.00251606868750942,-0.0036342218070121004,-0.00535370727275882,0.0
2026,P2,c2st_lr,source_only,replace,0.5,-0.00473276017151136,-0.00506811643991074,-0.0054329508829721,0.00020365719909140001
2026,P2,c2st_lr,source_only,replace,0.75,-0.007157816395805619,-0.00764571941597348,-0.013026775261422699,7.677775529862e-05
2026,P2,c2st_lr,source_only,replace,1.0,-0.013168561919018001,-0.01387839188150892,,6.0525529724459996e-05
2026,P2,c2st_lr,target_real_anchor,append,0.0,1.3225949088019936e-05,-0.0006880856055159399,1.3225949088019936e-05,9.000370438656e-05
2026,P2,c2st_lr,target_real_anchor,append,0.050332383665717,0.0004269291531862401,0.00012822445556447988,0.00019760464611897995,0.00013382867127965998
2026,P2,c2st_lr,target_real_anchor,append,0.0999099909990999,0.00201729348885406,0.0018674367606288198,0.0013623848403723719,0.00032829495659816
2026,P2,c2st_lr,target_real_anchor,append,0.2498124531132783,-0.00072350424883608,-0.00101402679151356,-0.00233606127873626,0.0001355099359942
2026,P2,c2st_lr,target_real_anchor,append,0.5,0.0010268044033443801,0.0006048069599875799,0.00091763428121174,0.00021609855797924
2026,P2,c2st_lr,target_real_anchor,append,0.75,-0.0009690809814775599,-0.00104709166423356,0.0006700400309128799,0.00018572370880262
2026,P2,c2st_lr,target_real_anchor,replace,0.0,1.3225949088019936e-05,-0.0006880856055159399,1.3225949088019936e-05,9.000370438656e-05
2026,P2,c2st_lr,target_real_anchor,replace,0.05,-0.0005766737970970402,-0.00148646217630752,3.384946291999898e-05,0.0
2026,P2,c2st_lr,target_real_anchor,replace,0.1,0.00229918553933014,0.0016721858851102799,0.0016783505223969797,0.00016095307534138
2026,P2,c2st_lr,target_real_anchor,replace,0.25,-0.00251606868750942,-0.00415070632732768,-0.00535370727275882,0.0
2026,P2,c2st_lr,target_real_anchor,replace,0.5,-0.00473276017151136,-0.00527457574685974,-0.0054329508829721,5.67146630381e-05
2026,P2,c2st_lr,target_real_anchor,replace,0.75,-0.007157816395805619,-0.00752063332120956,-0.013026775261422699,0.00019513879120428002
2026,P2,c2st_lr,target_real_anchor,replace,1.0,-0.013168561919018001,-0.01420791976556442,,3.373737860568e-05
2026,P2,c2st_xgb,oracle_target,append,0.0,1.3225949088019936e-05,-0.00057050915981034,1.3225949088019936e-05,5.043794143702001e-05
2026,P2,c2st_xgb,oracle_target,append,0.050332383665717,0.0004269291531862401,-0.0004204282629564,0.00019760464611897995,0.00014514918702446
2026,P2,c2st_xgb,oracle_target,append,0.0999099909990999,0.00201729348885406,0.0014201082622392002,0.0013623848403723719,0.00055492944012198
2026,P2,c2st_xgb,oracle_target,append,0.2498124531132783,-0.00072350424883608,-0.00250631735216498,-0.00233606127873626,0.0020824144754649824
2026,P2,c2st_xgb,oracle_target,append,0.5,0.0010268044033443801,0.00130320432241952,0.00091763428121174,0.00023492872278238
2026,P2,c2st_xgb,oracle_target,append,0.75,-0.0009690809814775599,-0.0009107971380391131,0.0006700400309128799,0.00048185046719536
2026,P2,c2st_xgb,oracle_target,replace,0.0,1.3225949088019936e-05,-0.00057050915981034,1.3225949088019936e-05,5.043794143702001e-05
2026,P2,c2st_xgb,oracle_target,replace,0.05,-0.0005766737970970402,-0.0011681427236824343,3.384946291999898e-05,8.484782592856557e-05
2026,P2,c2st_xgb,oracle_target,replace,0.1,0.00229918553933014,0.0018238359623644,0.0016783505223969797,0.00022797949529552
2026,P2,c2st_xgb,oracle_target,replace,0.25,-0.00251606868750942,-0.00466405248684266,-0.00535370727275882,0.00216177016999266
2026,P2,c2st_xgb,oracle_target,replace,0.5,-0.00473276017151136,-0.00436153692253452,-0.0054329508829721,0.00081305961596544
2026,P2,c2st_xgb,oracle_target,replace,0.75,-0.007157816395805619,-0.005463774069406039,-0.013026775261422699,0.0007168912742921
2026,P2,c2st_xgb,oracle_target,replace,1.0,-0.013168561919018001,-0.01631151817643304,,0.00398885657747174
2026,P2,c2st_xgb,source_only,append,0.0,1.3225949088019936e-05,-0.00057050915981034,1.3225949088019936e-05,5.043794143702001e-05
2026,P2,c2st_xgb,source_only,append,0.050332383665717,0.0004269291531862401,-0.0004102285903547002,0.00019760464611897995,0.00014514918702446
2026,P2,c2st_xgb,source_only,append,0.0999099909990999,0.00201729348885406,0.00140699439746558,0.0013623848403723719,0.00014671836742469999
2026,P2,c2st_xgb,source_only,append,0.2498124531132783,-0.00072350424883608,-0.0025055327619648597,-0.00233606127873626,0.0020816298852648608
2026,P2,c2st_xgb,source_only,append,0.5,0.0010268044033443801,0.0012927804811891802,0.00091763428121174,0.00023492872278238
2026,P2,c2st_xgb,source_only,append,0.75,-0.0009690809814775599,-0.00110234923118572,0.0006700400309128799,0.00061444621101774
2026,P2,c2st_xgb,source_only,replace,0.0,1.3225949088019936e-05,-0.00057050915981034,1.3225949088019936e-05,5.043794143702001e-05
2026,P2,c2st_xgb,source_only,replace,0.05,-0.0005766737970970402,-0.0011959396336299745,3.384946291999898e-05,9.022787301518558e-05
2026,P2,c2st_xgb,source_only,replace,0.1,0.00229918553933014,0.0016885501949987,0.0016783505223969797,0.00015445218511171997
2026,P2,c2st_xgb,source_only,replace,0.25,-0.00251606868750942,-0.00470630827333552,-0.00535370727275882,0.00220402595648552
2026,P2,c2st_xgb,source_only,replace,0.5,-0.00473276017151136,-0.00435604479113362,-0.0054329508829721,0.00081305961596544
2026,P2,c2st_xgb,source_only,replace,0.75,-0.007157816395805619,-0.0055368530423326595,-0.013026775261422699,0.0007899702472186999
2026,P2,c2st_xgb,source_only,replace,1.0,-0.013168561919018001,-0.01641250614362148,,0.004089844544660199
2026,P2,c2st_xgb,target_real_anchor,append,0.0,1.3225949088019936e-05,-0.0005394618047478999,1.3225949088019936e-05,5.2791712037459996e-05
2026,P2,c2st_xgb,target_real_anchor,append,0.050332383665717,0.0004269291531862401,-0.0011422512470780398,0.00019760464611897995,0.00012945738302174
2026,P2,c2st_xgb,target_real_anchor,append,0.0999099909990999,0.00201729348885406,0.00114258750002104,0.0013623848403723719,6.42243120965e-05
2026,P2,c2st_xgb,target_real_anchor,append,0.2498124531132783,-0.00072350424883608,-0.00267276255890723,-0.00233606127873626,0.00214462126990402
2026,P2,c2st_xgb,target_real_anchor,append,0.5,0.0010268044033443801,0.0009380336264151201,0.00091763428121174,0.0003981234844099153
2026,P2,c2st_xgb,target_real_anchor,append,0.75,-0.0009690809814775599,-0.00124323921426656,0.0006700400309128799,0.00068898228003028
2026,P2,c2st_xgb,target_real_anchor,replace,0.0,1.3225949088019936e-05,-0.0005394618047478999,1.3225949088019936e-05,5.2791712037459996e-05
2026,P2,c2st_xgb,target_real_anchor,replace,0.05,-0.0005766737970970402,-0.00173887605212144,3.384946291999898e-05,0.0
2026,P2,c2st_xgb,target_real_anchor,replace,0.1,0.00229918553933014,0.0014121502759236603,0.0016783505223969797,0.00011398974764776
2026,P2,c2st_xgb,target_real_anchor,replace,0.25,-0.00251606868750942,-0.00517672614047192,-0.00535370727275882,0.0026606574529624604
2026,P2,c2st_xgb,target_real_anchor,replace,0.5,-0.00473276017151136,-0.00469689319093396,-0.0054329508829721,0.0009615713324191
2026,P2,c2st_xgb,target_real_anchor,replace,0.75,-0.007157816395805619,-0.005448194349717659,-0.013026775261422699,0.00070568284286168
2026,P2,c2st_xgb,target_real_anchor,replace,1.0,-0.013168561919018001,-0.017946828322137,,0.0053218753274962
2026,P2,char3gram,oracle_target,append,0.0,1.3225949088019936e-05,-0.0015166128568554096,1.3225949088019936e-05,4.617873749348e-05
2026,P2,char3gram,oracle_target,append,0.050332383665717,0.0004269291531862401,-0.0004179624080418214,0.00019760464611897995,0.00015613344982627495
2026,P2,char3gram,oracle_target,append,0.0999099909990999,0.00201729348885406,0.00108026862126772,0.0013623848403723719,0.00037492203134884005
2026,P2,char3gram,oracle_target,append,0.2498124531132783,-0.00072350424883608,-0.0026022615252097,-0.00233606127873626,0.0019486978884996002
2026,P2,char3gram,oracle_target,append,0.5,0.0010268044033443801,0.0007949019570482798,0.00091763428121174,0.000641794783708009
2026,P2,char3gram,oracle_target,append,0.75,-0.0009690809814775599,-0.00150103313716706,0.0006700400309128799,0.0007332555841805799
2026,P2,char3gram,oracle_target,replace,0.0,1.3225949088019936e-05,-0.0015166128568554096,1.3225949088019936e-05,4.617873749348e-05
2026,P2,char3gram,oracle_target,replace,0.05,-0.0005766737970970402,-0.00203814117131468,3.384946291999898e-05,0.0
2026,P2,char3gram,oracle_target,replace,0.1,0.00229918553933014,0.00196125133170178,0.0016783505223969797,0.0003806383313784
2026,P2,char3gram,oracle_target,replace,0.25,-0.00251606868750942,-0.00449020971535622,-0.00535370727275882,0.0019741410278468
2026,P2,char3gram,oracle_target,replace,0.5,-0.00473276017151136,-0.00457079833734126,-0.0054329508829721,0.00137818872868924
2026,P2,char3gram,oracle_target,replace,0.75,-0.007157816395805619,-0.006104223841342441,-0.013026775261422699,0.00102523522294408
2026,P2,char3gram,oracle_target,replace,1.0,-0.013168561919018001,-0.013598293180061779,,0.0016347497241324318
2026,P2,char3gram,source_only,append,0.0,1.3225949088019936e-05,-0.0015166128568554096,1.3225949088019936e-05,4.617873749348e-05
2026,P2,char3gram,source_only,append,0.050332383665717,0.0004269291531862401,-0.0004179624080418214,0.00019760464611897995,0.00015613344982627495
2026,P2,char3gram,source_only,append,0.0999099909990999,0.00201729348885406,0.00108026862126772,0.0013623848403723719,0.00011824895159138
2026,P2,char3gram,source_only,append,0.2498124531132783,-0.00072350424883608,-0.0025179741208526405,-0.00233606127873626,0.00186441048414254
2026,P2,char3gram,source_only,append,0.5,0.0010268044033443801,0.0007949019570482798,0.00091763428121174,0.000641794783708009
2026,P2,char3gram,source_only,append,0.75,-0.0009690809814775599,-0.0014596740251887,0.0006700400309128799,0.00074211024501066
2026,P2,char3gram,source_only,replace,0.0,1.3225949088019936e-05,-0.0015166128568554096,1.3225949088019936e-05,4.617873749348e-05
2026,P2,char3gram,source_only,replace,0.05,-0.0005766737970970402,-0.00203814117131468,3.384946291999898e-05,0.0
2026,P2,char3gram,source_only,replace,0.1,0.00229918553933014,0.00196125133170178,0.0016783505223969797,0.00013775162228032
2026,P2,char3gram,source_only,replace,0.25,-0.00251606868750942,-0.00449020971535622,-0.00535370727275882,0.0019741410278468
2026,P2,char3gram,source_only,replace,0.5,-0.00473276017151136,-0.00457079833734126,-0.0054329508829721,0.00137818872868924
2026,P2,char3gram,source_only,replace,0.75,-0.007157816395805619,-0.006104223841342441,-0.013026775261422699,0.00102523522294408
2026,P2,char3gram,source_only,replace,1.0,-0.013168561919018001,-0.013598293180061779,,0.0016347497241324318
2026,P2,char3gram,target_real_anchor,append,0.0,1.3225949088019936e-05,-0.0015439614295457683,1.3225949088019936e-05,4.606665317916e-05
2026,P2,char3gram,target_real_anchor,append,0.050332383665717,0.0004269291531862401,-0.00048375590053855984,0.00019760464611897995,0.00015097757136828
2026,P2,char3gram,target_real_anchor,append,0.0999099909990999,0.00201729348885406,0.00103509864260294,0.0013623848403723719,0.0001228444084778
2026,P2,char3gram,target_real_anchor,append,0.2498124531132783,-0.00072350424883608,-0.0026687275235922404,-0.00233606127873626,0.0020109046829386197
2026,P2,char3gram,target_real_anchor,append,0.5,0.0010268044033443801,0.0008724643025469937,0.00091763428121174,0.0006268875699055401
2026,P2,char3gram,target_real_anchor,append,0.75,-0.0009690809814775599,-0.00146337280756094,0.0006700400309128799,0.0007273151155225732
2026,P2,char3gram,target_real_anchor,replace,0.0,1.3225949088019936e-05,-0.0015439614295457683,1.3225949088019936e-05,4.606665317916e-05
2026,P2,char3gram,target_real_anchor,replace,0.05,-0.0005766737970970402,-0.00201774182611126,3.384946291999898e-05,0.0
2026,P2,char3gram,target_real_anchor,replace,0.1,0.00229918553933014,0.0018836889862030401,0.0016783505223969797,0.00013719120070878
2026,P2,char3gram,target_real_anchor,replace,0.25,-0.00251606868750942,-0.00472558677539584,-0.00535370727275882,0.0022095180878864
2026,P2,char3gram,target_real_anchor,replace,0.5,-0.00473276017151136,-0.00466887211235778,-0.0054329508829721,0.0014075548190370401
2026,P2,char3gram,target_real_anchor,replace,0.75,-0.007157816395805619,-0.0059061708579662,-0.013026775261422699,0.00088131896337696
2026,P2,char3gram,target_real_anchor,replace,1.0,-0.013168561919018001,-0.01363102179983868,,0.0008126112787081869
2026,P2,column_positional_ablation,oracle_target,append,0.0,1.3225949088019936e-05,-0.0008796376986623599,1.3225949088019936e-05,0.0
2026,P2,column_positional_ablation,oracle_target,append,0.050332383665717,0.0004269291531862401,-0.00041112526486920006,0.00019760464611897995,8.977953575798001e-05
2026,P2,column_positional_ablation,oracle_target,append,0.0999099909990999,0.00201729348885406,0.0010720864663234801,0.0013623848403723719,0.00063832016996454
2026,P2,column_positional_ablation,oracle_target,append,0.2498124531132783,-0.00072350424883608,-0.0023814554260295794,-0.00233606127873626,0.0018408727781385602
2026,P2,column_positional_ablation,oracle_target,append,0.5,0.0010268044033443801,0.00098118608742244,0.00091763428121174,0.00039341594320906
2026,P2,column_positional_ablation,oracle_target,append,0.75,-0.0009690809814775599,-0.00184322654873902,0.0006700400309128799,0.00112442984110362
2026,P2,column_positional_ablation,oracle_target,replace,0.0,1.3225949088019936e-05,-0.0008796376986623599,1.3225949088019936e-05,0.0
2026,P2,column_positional_ablation,oracle_target,replace,0.05,-0.0005766737970970402,-0.002143164173818049,3.384946291999898e-05,3.340112566278e-05
2026,P2,column_positional_ablation,oracle_target,replace,0.1,0.00229918553933014,0.00228618375887086,0.0016783505223969797,0.00031887987419658003
2026,P2,column_positional_ablation,oracle_target,replace,0.25,-0.00251606868750942,-0.00482074635824052,-0.00535370727275882,0.00230467767073104
2026,P2,column_positional_ablation,oracle_target,replace,0.5,-0.00473276017151136,-0.0038042537118121596,-0.0054329508829721,0.0010320723661166801
2026,P2,column_positional_ablation,oracle_target,replace,0.75,-0.007157816395805619,-0.00881599174162776,-0.013026775261422699,0.0021670381327649597
2026,P2,column_positional_ablation,oracle_target,replace,1.0,-0.013168561919018001,-0.026112058534912302,,0.01294349661589422
2026,P2,column_positional_ablation,source_only,append,0.0,1.3225949088019936e-05,-0.0008796376986623599,1.3225949088019936e-05,0.0
2026,P2,column_positional_ablation,source_only,append,0.050332383665717,0.0004269291531862401,-0.00041112526486920006,0.00019760464611897995,8.977953575798001e-05
2026,P2,column_positional_ablation,source_only,append,0.0999099909990999,0.00201729348885406,0.0010720864663234801,0.0013623848403723719,0.00025431930915708
2026,P2,column_positional_ablation,source_only,append,0.2498124531132783,-0.00072350424883608,-0.0023814554260295794,-0.00233606127873626,0.0018408727781385602
2026,P2,column_positional_ablation,source_only,append,0.5,0.0010268044033443801,0.00098118608742244,0.00091763428121174,0.00039341594320906
2026,P2,column_positional_ablation,source_only,append,0.75,-0.0009690809814775599,-0.00184322654873902,0.0006700400309128799,0.00112442984110362
2026,P2,column_positional_ablation,source_only,replace,0.0,1.3225949088019936e-05,-0.0008796376986623599,1.3225949088019936e-05,0.0
2026,P2,column_positional_ablation,source_only,replace,0.05,-0.0005766737970970402,-0.002143164173818049,3.384946291999898e-05,3.340112566278e-05
2026,P2,column_positional_ablation,source_only,replace,0.1,0.00229918553933014,0.00228618375887086,0.0016783505223969797,0.00028895336227726
2026,P2,column_positional_ablation,source_only,replace,0.25,-0.00251606868750942,-0.00482074635824052,-0.00535370727275882,0.00230467767073104
2026,P2,column_positional_ablation,source_only,replace,0.5,-0.00473276017151136,-0.0038042537118121596,-0.0054329508829721,0.0010320723661166801
2026,P2,column_positional_ablation,source_only,replace,0.75,-0.007157816395805619,-0.00881599174162776,-0.013026775261422699,0.0021670381327649597
2026,P2,column_positional_ablation,source_only,replace,1.0,-0.013168561919018001,-0.026112058534912302,,0.01294349661589422
2026,P2,column_positional_ablation,target_real_anchor,append,0.0,1.3225949088019936e-05,-0.0008223626140527799,1.3225949088019936e-05,0.0
2026,P2,column_positional_ablation,target_real_anchor,append,0.050332383665717,0.0004269291531862401,-0.0005632236793806,0.00019760464611897995,7.95798631558764e-06
2026,P2,column_positional_ablation,target_real_anchor,append,0.0999099909990999,0.00201729348885406,0.0009092279576389601,0.0013623848403723719,0.00023078160315316
2026,P2,column_positional_ablation,target_real_anchor,append,0.2498124531132783,-0.00072350424883608,-0.00239243968883152,-0.00233606127873626,0.00184860659582558
2026,P2,column_positional_ablation,target_real_anchor,append,0.5,0.0010268044033443801,0.00108430365658264,0.00091763428121174,0.00038288001766447567
2026,P2,column_positional_ablation,target_real_anchor,append,0.75,-0.0009690809814775599,-0.0019223580746380998,0.0006700400309128799,0.0011156872645878399
2026,P2,column_positional_ablation,target_real_anchor,replace,0.0,1.3225949088019936e-05,-0.0008223626140527799,1.3225949088019936e-05,0.0
2026,P2,column_positional_ablation,target_real_anchor,replace,0.05,-0.0005766737970970402,-0.0020183022476827797,3.384946291999898e-05,5.828384343820048e-06
2026,P2,column_positional_ablation,target_real_anchor,replace,0.1,0.00229918553933014,0.0027356418592322804,0.0016783505223969797,0.0006124286933603
2026,P2,column_positional_ablation,target_real_anchor,replace,0.25,-0.00251606868750942,-0.004845965328959,-0.00535370727275882,0.00232989664144954
2026,P2,column_positional_ablation,target_real_anchor,replace,0.5,-0.00473276017151136,-0.0040112734403327,-0.0054329508829721,0.0011707206629114598
2026,P2,column_positional_ablation,target_real_anchor,replace,0.75,-0.007157816395805619,-0.00887169764583708,-0.013026775261422699,0.00223182286643296
2026,P2,column_positional_ablation,target_real_anchor,replace,1.0,-0.013168561919018001,-0.02933470673979794,,0.01616614482077986
2026,P2,datum_transformer,oracle_target,append,0.0,1.3225949088019936e-05,0.00014862380076789998,1.3225949088019936e-05,0.0004495701846757
2026,P2,datum_transformer,oracle_target,append,0.050332383665717,0.0004269291531862401,-0.00036987823720512,0.00019760464611897995,0.00032694994482648
2026,P2,datum_transformer,oracle_target,append,0.0999099909990999,0.00201729348885406,0.0013953376287779199,0.0013623848403723719,0.0006219558600761156
2026,P2,datum_transformer,oracle_target,append,0.2498124531132783,-0.00072350424883608,-0.00232451659436296,-0.00233606127873626,0.00175591286789576
2026,P2,datum_transformer,oracle_target,append,0.5,0.0010268044033443801,0.00121656314746208,0.00091763428121174,0.00047837585345198
2026,P2,datum_transformer,oracle_target,append,0.75,-0.0009690809814775599,-0.00165324363599272,0.0006700400309128799,0.0008541945593152399
2026,P2,datum_transformer,oracle_target,replace,0.0,1.3225949088019936e-05,0.00014862380076789998,1.3225949088019936e-05,0.0004495701846757
2026,P2,datum_transformer,oracle_target,replace,0.05,-0.0005766737970970402,-0.00073874771558158,3.384946291999898e-05,0.0002690023543309663
2026,P2,datum_transformer,oracle_target,replace,0.1,0.00229918553933014,0.00209227789512382,0.0016783505223969797,0.0004712024573365
2026,P2,datum_transformer,oracle_target,replace,0.25,-0.00251606868750942,-0.00469431525170492,-0.00535370727275882,0.00218127284068168
2026,P2,datum_transformer,oracle_target,replace,0.5,-0.00473276017151136,-0.004967240557036521,-0.0054329508829721,0.0015627915943489203
2026,P2,datum_transformer,oracle_target,replace,0.75,-0.007157816395805619,-0.00900328463083078,-0.013026775261422699,0.002648664431331865
2026,P2,datum_transformer,oracle_target,replace,1.0,-0.013168561919018001,-0.025510502020039537,,0.012717086300998959
2026,P2,datum_transformer,source_only,append,0.0,1.3225949088019936e-05,0.00021497771483619982,1.3225949088019936e-05,0.0005495493930353799
2026,P2,datum_transformer,source_only,append,0.050332383665717,0.0004269291531862401,-0.0004175140707845999,0.00019760464611897995,0.00029366090347798
2026,P2,datum_transformer,source_only,append,0.0999099909990999,0.00201729348885406,0.00136821322471618,0.0013623848403723719,0.0
2026,P2,datum_transformer,source_only,append,0.2498124531132783,-0.00072350424883608,-0.00238705964174486,-0.00233606127873626,0.00175333492866672
2026,P2,datum_transformer,source_only,append,0.5,0.0010268044033443801,0.0011722898433117798,0.00091763428121174,0.00050314648691326
2026,P2,datum_transformer,source_only,append,0.75,-0.0009690809814775599,-0.0018070233152187001,0.0006700400309128799,0.00094767287744526
2026,P2,datum_transformer,source_only,replace,0.0,1.3225949088019936e-05,0.00021497771483619982,1.3225949088019936e-05,0.0005495493930353799
2026,P2,datum_transformer,source_only,replace,0.05,-0.0005766737970970402,-0.00092929104989934,3.384946291999898e-05,0.00020914933049238
2026,P2,datum_transformer,source_only,replace,0.1,0.00229918553933014,0.00212814487570138,0.0016783505223969797,0.00025958727192948005
2026,P2,datum_transformer,source_only,replace,0.25,-0.00251606868750942,-0.0044171307424296005,-0.00535370727275882,0.00190408833140636
2026,P2,datum_transformer,source_only,replace,0.5,-0.00473276017151136,-0.0048089775052384195,-0.0054329508829721,0.0015428405864026601
2026,P2,datum_transformer,source_only,replace,0.75,-0.007157816395805619,-0.0090007066916018,-0.013026775261422699,0.002644068974445385
2026,P2,datum_transformer,source_only,replace,1.0,-0.013168561919018001,-0.025510502020039537,,0.012717086300998959
2026,P2,datum_transformer,target_real_anchor,append,0.0,1.3225949088019936e-05,0.00023369579532507993,1.3225949088019936e-05,0.0005346421792328399
2026,P2,datum_transformer,target_real_anchor,append,0.050332383665717,0.0004269291531862401,-0.00036315317834686013,0.00019760464611897995,0.00033367500368474
2026,P2,datum_transformer,target_real_anchor,append,0.0999099909990999,0.00201729348885406,0.00138894882286252,0.0013623848403723719,0.0
2026,P2,datum_transformer,target_real_anchor,append,0.2498124531132783,-0.00072350424883608,-0.00234794221605258,-0.00233606127873626,0.0017509811580663601
2026,P2,datum_transformer,target_real_anchor,append,0.5,0.0010268044033443801,0.00119739672971596,0.00091763428121174,0.00047837585345198
2026,P2,datum_transformer,target_real_anchor,append,0.75,-0.0009690809814775599,-0.0017154504304317398,0.0006700400309128799,0.0009164013537542599
2026,P2,datum_transformer,target_real_anchor,replace,0.0,1.3225949088019936e-05,0.00023369579532507993,1.3225949088019936e-05,0.0005346421792328399
2026,P2,datum_transformer,target_real_anchor,replace,0.05,-0.0005766737970970402,-0.0008071191473073399,3.384946291999898e-05,0.00022697073646677418
2026,P2,datum_transformer,target_real_anchor,replace,0.1,0.00229918553933014,0.00207636192249264,0.0016783505223969797,0.00026250146410138
2026,P2,datum_transformer,target_real_anchor,replace,0.25,-0.00251606868750942,-0.00440861233454244,-0.00535370727275882,0.0018955699235192
2026,P2,datum_transformer,target_real_anchor,replace,0.5,-0.00473276017151136,-0.00476918757366032,-0.0054329508829721,0.00157612962775118
2026,P2,datum_transformer,target_real_anchor,replace,0.75,-0.007157816395805619,-0.00900328463083078,-0.013026775261422699,0.002648664431331865
2026,P2,datum_transformer,target_real_anchor,replace,1.0,-0.013168561919018001,-0.025510502020039537,,0.012717086300998959
2026,P2,flat_transformer,oracle_target,append,0.0,1.3225949088019936e-05,-0.0006498648543379801,1.3225949088019936e-05,1.99510079462506e-05
2026,P2,flat_transformer,oracle_target,append,0.050332383665717,0.0004269291531862401,-0.00114180290982082,0.00019760464611897995,3.48582217487e-05
2026,P2,flat_transformer,oracle_target,append,0.0999099909990999,0.00201729348885406,0.0015853205415242,0.0013623848403723719,0.0004699695298791
2026,P2,flat_transformer,oracle_target,append,0.2498124531132783,-0.00072350424883608,-0.0031893591635371197,-0.00233606127873626,0.0024658549147009803
2026,P2,flat_transformer,oracle_target,append,0.5,0.0010268044033443801,0.0010485487603195602,0.00091763428121174,0.00046750367496436497
2026,P2,flat_transformer,oracle_target,append,0.75,-0.0009690809814775599,-0.00231095439233212,0.0006700400309128799,0.0013418734108545187
2026,P2,flat_transformer,oracle_target,replace,0.0,1.3225949088019936e-05,-0.0006498648543379801,1.3225949088019936e-05,1.99510079462506e-05
2026,P2,flat_transformer,oracle_target,replace,0.05,-0.0005766737970970402,-0.0012997297086760398,3.384946291999898e-05,0.0
2026,P2,flat_transformer,oracle_target,replace,0.1,0.00229918553933014,0.00238190376328698,0.0016783505223969797,0.00025633682681454
2026,P2,flat_transformer,oracle_target,replace,0.25,-0.00251606868750942,-0.0036642604032457197,-0.00535370727275882,0.0011865245512284201
2026,P2,flat_transformer,oracle_target,replace,0.5,-0.00473276017151136,-0.00361404663043728,-0.0054329508829721,0.0010669305878654
2026,P2,flat_transformer,oracle_target,replace,0.75,-0.007157816395805619,-0.0080710793887594,-0.013026775261422699,0.00152412250591376
2026,P2,flat_transformer,oracle_target,replace,1.0,-0.013168561919018001,-0.01808334701695996,,0.0051756052973287395
2026,P2,flat_transformer,source_only,append,0.0,1.3225949088019936e-05,-0.0006860680878583,1.3225949088019936e-05,9.527166715916912e-06
2026,P2,flat_transformer,source_only,append,0.050332383665717,0.0004269291531862401,-0.0011383282960774,0.00019760464611897995,3.48582217487e-05
2026,P2,flat_transformer,source_only,append,0.0999099909990999,0.00201729348885406,0.0015982102376692002,0.0013623848403723719,4.304037669298e-05
2026,P2,flat_transformer,source_only,append,0.2498124531132783,-0.00072350424883608,-0.00316694230067614,-0.00233606127873626,0.0024434380518399998
2026,P2,flat_transformer,source_only,append,0.5,0.0010268044033443801,0.0010485487603195602,0.00091763428121174,0.00046750367496436497
2026,P2,flat_transformer,source_only,append,0.75,-0.0009690809814775599,-0.00236845364557038,0.0006700400309128799,0.00141203819160922
2026,P2,flat_transformer,source_only,replace,0.0,1.3225949088019936e-05,-0.0006860680878583,1.3225949088019936e-05,9.527166715916912e-06
2026,P2,flat_transformer,source_only,replace,0.05,-0.0005766737970970402,-0.0013035405753624202,3.384946291999898e-05,0.0
2026,P2,flat_transformer,source_only,replace,0.1,0.00229918553933014,0.0023415534101373,0.0016783505223969797,0.00021329645012159999
2026,P2,flat_transformer,source_only,replace,0.25,-0.00251606868750942,-0.00376603296063426,-0.00535370727275882,0.00124996427312478
2026,P2,flat_transformer,source_only,replace,0.5,-0.00473276017151136,-0.0037984253274683,-0.0054329508829721,0.0010669305878654
2026,P2,flat_transformer,source_only,replace,0.75,-0.007157816395805619,-0.00805863802987162,-0.013026775261422699,0.0015116811470259801
2026,P2,flat_transformer,source_only,replace,1.0,-0.013168561919018001,-0.01808334701695996,,0.0051756052973287395
2026,P2,flat_transformer,target_real_anchor,append,0.0,1.3225949088019936e-05,-0.0006498648543379801,1.3225949088019936e-05,1.99510079462506e-05
2026,P2,flat_transformer,target_real_anchor,append,0.050332383665717,0.0004269291531862401,-0.00114180290982082,0.00019760464611897995,3.48582217487e-05
2026,P2,flat_transformer,target_real_anchor,append,0.0999099909990999,0.00201729348885406,0.0015853205415242,0.0013623848403723719,4.304037669298e-05
2026,P2,flat_transformer,target_real_anchor,append,0.2498124531132783,-0.00072350424883608,-0.0031893591635371197,-0.00233606127873626,0.0024658549147009803
2026,P2,flat_transformer,target_real_anchor,append,0.5,0.0010268044033443801,0.0010485487603195602,0.00091763428121174,0.00046750367496436497
2026,P2,flat_transformer,target_real_anchor,append,0.75,-0.0009690809814775599,-0.00231095439233212,0.0006700400309128799,0.0013418734108545187
2026,P2,flat_transformer,target_real_anchor,replace,0.0,1.3225949088019936e-05,-0.0006498648543379801,1.3225949088019936e-05,1.99510079462506e-05
2026,P2,flat_transformer,target_real_anchor,replace,0.05,-0.0005766737970970402,-0.0012997297086760398,3.384946291999898e-05,0.0
2026,P2,flat_transformer,target_real_anchor,replace,0.1,0.00229918553933014,0.00238190376328698,0.0016783505223969797,0.00026799359550226003
2026,P2,flat_transformer,target_real_anchor,replace,0.25,-0.00251606868750942,-0.0036642604032457197,-0.00535370727275882,0.0011865245512284201
2026,P2,flat_transformer,target_real_anchor,replace,0.5,-0.00473276017151136,-0.00361404663043728,-0.0054329508829721,0.0010669305878654
2026,P2,flat_transformer,target_real_anchor,replace,0.75,-0.007157816395805619,-0.0080710793887594,-0.013026775261422699,0.00152412250591376
2026,P2,flat_transformer,target_real_anchor,replace,1.0,-0.013168561919018001,-0.01808334701695996,,0.0051756052973287395
2026,P3,char3gram,oracle_target,append,0.0,-0.00096825076438882,-0.0009679517369754802,-0.00096825076438882,0.00105736093356356
2026,P3,char3gram,oracle_target,append,0.050332383665717,0.00064918851435708,0.0036355752913647802,0.00149005360066378,0.00041176074816656
2026,P3,char3gram,oracle_target,append,0.0999099909990999,0.006550793543998179,0.011154320572338481,0.00637556347978202,0.00164764104749302
2026,P3,char3gram,oracle_target,append,0.2498124531132783,-0.0006530758707304803,0.002570140617641101,-0.0084756330036556,0.00018689213333629998
2026,P3,char3gram,oracle_target,append,0.5,0.00588695268638746,0.00932516988494916,0.00200019436781866,0.0
2026,P3,char3gram,oracle_target,append,0.75,-0.00308267360410266,0.0021900767752883006,-0.0028377701525787798,0.0
2026,P3,char3gram,oracle_target,replace,0.0,-0.00096825076438882,-0.0009679517369754802,-0.00096825076438882,0.00105736093356356
2026,P3,char3gram,oracle_target,replace,0.05,-0.00204385237016604,0.0016924951594937,-0.0043888253455635195,0.0012128551884994
2026,P3,char3gram,oracle_target,replace,0.1,0.0022151950780087003,0.00466094029170122,0.0012831266306338493,0.00114976040428504
2026,P3,char3gram,oracle_target,replace,0.25,-0.0023371982626506998,0.00019167657194971987,-0.0027358018046304403,0.0
2026,P3,char3gram,oracle_target,replace,0.5,-0.0002419131773905389,0.0012179386545261,-0.00828963795255932,0.0008582086762803601
2026,P3,char3gram,oracle_target,replace,0.75,0.00051133687680816,0.00480387539527678,-0.015602951400569559,0.0
2026,P3,char3gram,oracle_target,replace,1.0,-0.00551645772126152,-0.00315862656709048,,0.00032085641451178
2026,P3,char3gram,source_only,append,0.0,-0.00096825076438882,,-0.00096825076438882,
2026,P3,char3gram,source_only,append,0.050332383665717,0.00064918851435708,,0.00149005360066378,
2026,P3,char3gram,source_only,append,0.0999099909990999,0.006550793543998179,,0.00637556347978202,
2026,P3,char3gram,source_only,append,0.2498124531132783,-0.0006530758707304803,,-0.0084756330036556,
2026,P3,char3gram,source_only,append,0.5,0.00588695268638746,,0.00200019436781866,
2026,P3,char3gram,source_only,append,0.75,-0.00308267360410266,,-0.0028377701525787798,
2026,P3,char3gram,source_only,replace,0.0,-0.00096825076438882,,-0.00096825076438882,
2026,P3,char3gram,source_only,replace,0.05,-0.00204385237016604,,-0.0043888253455635195,
2026,P3,char3gram,source_only,replace,0.1,0.0022151950780087003,,0.0012831266306338493,
2026,P3,char3gram,source_only,replace,0.25,-0.0023371982626506998,,-0.0027358018046304403,
2026,P3,char3gram,source_only,replace,0.5,-0.0002419131773905389,,-0.00828963795255932,
2026,P3,char3gram,source_only,replace,0.75,0.00051133687680816,,-0.015602951400569559,
2026,P3,char3gram,source_only,replace,1.0,-0.00551645772126152,,,
2026,P3,char3gram,target_real_anchor,append,0.0,-0.00096825076438882,-0.0008456495249202,-0.00096825076438882,0.00093685288598832
2026,P3,char3gram,target_real_anchor,append,0.050332383665717,0.00064918851435708,0.00363886459291156,0.00149005360066378,9.449266261482e-05
2026,P3,char3gram,target_real_anchor,append,0.0999099909990999,0.006550793543998179,0.01123386186428642,0.00637556347978202,0.0
2026,P3,char3gram,target_real_anchor,append,0.2498124531132783,-0.0006530758707304803,0.00258090560452132,-0.0084756330036556,0.00028587020715122003
2026,P3,char3gram,target_real_anchor,append,0.5,0.00588695268638746,0.0092827079922551,0.00200019436781866,0.0
2026,P3,char3gram,target_real_anchor,append,0.75,-0.00308267360410266,0.0019984002033386202,-0.0028377701525787798,0.0
2026,P3,char3gram,target_real_anchor,replace,0.0,-0.00096825076438882,-0.0008456495249202,-0.00096825076438882,0.00093685288598832
2026,P3,char3gram,target_real_anchor,replace,0.05,-0.00204385237016604,0.00169578446104044,-0.0043888253455635195,0.0
2026,P3,char3gram,target_real_anchor,replace,0.1,0.0022151950780087003,0.004320049040495761,0.0012831266306338493,0.0005872898397960401
2026,P3,char3gram,target_real_anchor,replace,0.25,-0.0023371982626506998,-0.00024669761600397985,-0.0027358018046304403,0.0
2026,P3,char3gram,target_real_anchor,replace,0.5,-0.0002419131773905389,0.0012290026688196402,-0.00828963795255932,0.0009999476702026399
2026,P3,char3gram,target_real_anchor,replace,0.75,0.00051133687680816,0.00476679599602284,-0.015602951400569559,0.0
2026,P3,char3gram,target_real_anchor,replace,1.0,-0.00551645772126152,-0.00311466953732982,,0.00031667003072506
2026,P3,column_positional_ablation,source_only,append,0.0,-0.00096825076438882,,-0.00096825076438882,
2026,P3,column_positional_ablation,source_only,append,0.050332383665717,0.00064918851435708,,0.00149005360066378,
2026,P3,column_positional_ablation,source_only,append,0.0999099909990999,0.006550793543998179,,0.00637556347978202,
2026,P3,column_positional_ablation,source_only,append,0.2498124531132783,-0.0006530758707304803,,-0.0084756330036556,
2026,P3,column_positional_ablation,source_only,append,0.5,0.00588695268638746,,0.00200019436781866,
2026,P3,column_positional_ablation,source_only,append,0.75,-0.00308267360410266,,-0.0028377701525787798,
2026,P3,column_positional_ablation,source_only,replace,0.0,-0.00096825076438882,,-0.00096825076438882,
2026,P3,column_positional_ablation,source_only,replace,0.05,-0.00204385237016604,,-0.0043888253455635195,
2026,P3,column_positional_ablation,source_only,replace,0.1,0.0022151950780087003,,0.0012831266306338493,
2026,P3,column_positional_ablation,source_only,replace,0.25,-0.0023371982626506998,,-0.0027358018046304403,
2026,P3,column_positional_ablation,source_only,replace,0.5,-0.0002419131773905389,,-0.00828963795255932,
2026,P3,column_positional_ablation,source_only,replace,0.75,0.00051133687680816,,-0.015602951400569559,
2026,P3,column_positional_ablation,source_only,replace,1.0,-0.00551645772126152,,,
2026,P3,column_positional_ablation,target_real_anchor,append,0.0,-0.00096825076438882,-0.00203667571224594,-0.00096825076438882,0.0012466452862066198
2026,P3,column_positional_ablation,target_real_anchor,append,0.050332383665717,0.00064918851435708,0.00013366525376213995,0.00149005360066378,0.00069165040705106
2026,P3,column_positional_ablation,target_real_anchor,append,0.0999099909990999,0.006550793543998179,0.00550569273438134,0.00637556347978202,0.00177831602712182
2026,P3,column_positional_ablation,target_real_anchor,append,0.2498124531132783,-0.0006530758707304803,-0.00150679913581082,-0.0084756330036556,0.0013109361800743
2026,P3,column_positional_ablation,target_real_anchor,append,0.5,0.00588695268638746,0.00595602801886856,0.00200019436781866,0.00044315862656708
2026,P3,column_positional_ablation,target_real_anchor,append,0.75,-0.00308267360410266,-0.00163059648493276,-0.0028377701525787798,0.0
2026,P3,column_positional_ablation,target_real_anchor,replace,0.0,-0.00096825076438882,-0.00203667571224594,-0.00096825076438882,0.0012466452862066198
2026,P3,column_positional_ablation,target_real_anchor,replace,0.05,-0.00204385237016604,-0.004260243557828161,-0.0043888253455635195,0.0022163911876620797
2026,P3,column_positional_ablation,target_real_anchor,replace,0.1,0.0022151950780087003,0.0015983015242922402,0.0012831266306338493,0.0013064507688742
2026,P3,column_positional_ablation,target_real_anchor,replace,0.25,-0.0023371982626506998,-0.0010005457250293196,-0.0027358018046304403,0.0
2026,P3,column_positional_ablation,target_real_anchor,replace,0.5,-0.0002419131773905389,0.0009344606666815407,-0.00828963795255932,0.0004467469555271599
2026,P3,column_positional_ablation,target_real_anchor,replace,0.75,0.00051133687680816,0.00012349832170868054,-0.015602951400569559,0.00073411229974504
2026,P3,column_positional_ablation,target_real_anchor,replace,1.0,-0.00551645772126152,-0.0050891475476014195,,0.00023742776619044
2026,P3,datum_ta,oracle_target,append,0.0,-0.00096825076438882,0.00198673813421846,-0.00096825076438882,0.0029549888986072402
2026,P3,datum_ta,oracle_target,append,0.050332383665717,0.00064918851435708,0.00212249657987394,0.00149005360066378,0.00157437933122512
2026,P3,datum_ta,oracle_target,append,0.0999099909990999,0.006550793543998179,0.0085130114303229,0.00637556347978202,0.0015893307018920802
2026,P3,datum_ta,oracle_target,append,0.2498124531132783,-0.0006530758707304803,0.0011264362660446602,-0.0084756330036556,0.0002410160951505022
2026,P3,datum_ta,oracle_target,append,0.5,0.00588695268638746,0.00832940859853324,0.00200019436781866,1.8240672213609698e-05
2026,P3,datum_ta,oracle_target,append,0.75,-0.00308267360410266,-0.0011506574865250403,-0.0028377701525787798,0.0
2026,P3,datum_ta,oracle_target,replace,0.0,-0.00096825076438882,0.00198673813421846,-0.00096825076438882,0.0029549888986072402
2026,P3,datum_ta,oracle_target,replace,0.05,-0.00204385237016604,-0.00156152115245168,-0.0043888253455635195,0.00086867463574722
2026,P3,datum_ta,oracle_target,replace,0.1,0.0022151950780087003,0.0022241659004088397,0.0012831266306338493,0.00110998975831108
2026,P3,datum_ta,oracle_target,replace,0.25,-0.0023371982626506998,-0.00276181718959086,-0.0027358018046304403,0.0008450514700935401
2026,P3,datum_ta,oracle_target,replace,0.5,-0.0002419131773905389,0.0002631441237374799,-0.00828963795255932,0.0015845462632786598
2026,P3,datum_ta,oracle_target,replace,0.75,0.00051133687680816,0.0020839220435532892,-0.015602951400569559,0.0
2026,P3,datum_ta,oracle_target,replace,1.0,-0.00551645772126152,-0.004009658585450779,,0.00037856870528604
2026,P3,datum_ta,source_only,append,0.0,-0.00096825076438882,0.00147898958637034,-0.00096825076438882,0.0
2026,P3,datum_ta,source_only,append,0.050332383665717,0.00064918851435708,0.0022866626297966,0.00149005360066378,0.0001121352800018
2026,P3,datum_ta,source_only,append,0.0999099909990999,0.006550793543998179,0.006805564900162241,0.00637556347978202,0.0010905529764441001
2026,P3,datum_ta,source_only,append,0.2498124531132783,-0.0006530758707304803,0.0007140774630514199,-0.0084756330036556,0.00021559876501676001
2026,P3,datum_ta,source_only,append,0.5,0.00588695268638746,0.007050468351686161,0.00200019436781866,1.2559151360158615e-05
2026,P3,datum_ta,source_only,append,0.75,-0.00308267360410266,-0.00242272010286546,-0.0028377701525787798,0.0
2026,P3,datum_ta,source_only,replace,0.0,-0.00096825076438882,0.00147898958637034,-0.00096825076438882,0.0
2026,P3,datum_ta,source_only,replace,0.05,-0.00204385237016604,-0.0018491855240828602,-0.0043888253455635195,0.00059596163478282
2026,P3,datum_ta,source_only,replace,0.1,0.0022151950780087003,0.00318015654085088,0.0012831266306338493,0.0007290288337182401
2026,P3,datum_ta,source_only,replace,0.25,-0.0023371982626506998,-0.0028311915494853,-0.0027358018046304403,0.0009123326380945801
2026,P3,datum_ta,source_only,replace,0.5,-0.0002419131773905389,-0.0008444534152669194,-0.00828963795255932,0.0012436550120732
2026,P3,datum_ta,source_only,replace,0.75,0.00051133687680816,0.0009302742828949,-0.015602951400569559,0.00022038320363017999
2026,P3,datum_ta,source_only,replace,1.0,-0.00551645772126152,-0.0057703319951856406,,0.00068208152982428
2026,P3,datum_ta,target_real_anchor,append,0.0,-0.00096825076438882,0.0013680504160219005,-0.00096825076438882,0.0
2026,P3,datum_ta,target_real_anchor,append,0.050332383665717,0.00064918851435708,0.00145716058519656,0.00149005360066378,0.00045093333931388
2026,P3,datum_ta,target_real_anchor,append,0.0999099909990999,0.006550793543998179,0.00744458648246576,0.00637556347978202,0.00094971106476184
2026,P3,datum_ta,target_real_anchor,append,0.2498124531132783,-0.0006530758707304803,0.0010540716320168804,-0.0084756330036556,0.00015579328234914
2026,P3,datum_ta,target_real_anchor,append,0.5,0.00588695268638746,0.00784049877772538,0.00200019436781866,7.685004522786e-05
2026,P3,datum_ta,target_real_anchor,append,0.75,-0.00308267360410266,-0.0011249411289780001,-0.0028377701525787798,0.0
2026,P3,datum_ta,target_real_anchor,replace,0.0,-0.00096825076438882,0.0013680504160219005,-0.00096825076438882,0.0
2026,P3,datum_ta,target_real_anchor,replace,0.05,-0.00204385237016604,-0.00235693407193102,-0.0043888253455635195,0.00049548842390118
2026,P3,datum_ta,target_real_anchor,replace,0.1,0.0022151950780087003,0.0025976511396682,0.0012831266306338493,0.0010911510312707601
2026,P3,datum_ta,target_real_anchor,replace,0.25,-0.0023371982626506998,-0.0031801565408508996,-0.0027358018046304403,0.00091113652844122
2026,P3,datum_ta,target_real_anchor,replace,0.5,-0.0002419131773905389,0.0004865176015011005,-0.00828963795255932,0.0008647872793738
2026,P3,datum_ta,target_real_anchor,replace,0.75,0.00051133687680816,0.0017699432595483099,-0.015602951400569559,9.89780738149e-05
2026,P3,datum_ta,target_real_anchor,replace,1.0,-0.00551645772126152,-0.00393968617072966,,7.685004522790001e-05
2026,P3,datum_transformer,oracle_target,append,0.0,-0.00096825076438882,-0.0023724834974246005,-0.00096825076438882,0.00015250398080243998
2026,P3,datum_transformer,oracle_target,append,0.050332383665717,0.00064918851435708,0.00045123236672714,0.00149005360066378,0.0008094672079062001
2026,P3,datum_transformer,oracle_target,append,0.0999099909990999,0.006550793543998179,0.006365396547728501,0.00637556347978202,0.00114377985601828
2026,P3,datum_transformer,oracle_target,append,0.2498124531132783,-0.0006530758707304803,-0.0012502336151667195,-0.0084756330036556,0.00070959205185132
2026,P3,datum_transformer,oracle_target,append,0.5,0.00588695268638746,0.006713763484267379,0.00200019436781866,6.578603093410073e-06
2026,P3,datum_transformer,oracle_target,append,0.75,-0.00308267360410266,-0.0029866858044211,-0.0028377701525787798,9.778196416157999e-05
2026,P3,datum_transformer,oracle_target,replace,0.0,-0.00096825076438882,-0.0023724834974246005,-0.00096825076438882,0.00015250398080243998
2026,P3,datum_transformer,oracle_target,replace,0.05,-0.00204385237016604,-0.0031427781141835794,-0.0043888253455635195,0.00014712148736234
2026,P3,datum_transformer,oracle_target,replace,0.1,0.0022151950780087003,0.00051941061696828,0.0012831266306338493,0.0015301232740511
2026,P3,datum_transformer,oracle_target,replace,0.25,-0.0023371982626506998,-0.0015848452906921003,-0.0027358018046304403,0.00012290026688196
2026,P3,datum_transformer,oracle_target,replace,0.5,-0.0002419131773905389,-0.0016915980772536996,-0.00828963795255932,0.00144968489986312
2026,P3,datum_transformer,oracle_target,replace,0.75,0.00051133687680816,-6.997241472109228e-05,-0.015602951400569559,0.00063692839041012
2026,P3,datum_transformer,oracle_target,replace,1.0,-0.00551645772126152,-0.00573833606195846,,0.00031098850987168003
2026,P3,datum_transformer,source_only,append,0.0,-0.00096825076438882,,-0.00096825076438882,
2026,P3,datum_transformer,source_only,append,0.050332383665717,0.00064918851435708,,0.00149005360066378,
2026,P3,datum_transformer,source_only,append,0.0999099909990999,0.006550793543998179,,0.00637556347978202,
2026,P3,datum_transformer,source_only,append,0.2498124531132783,-0.0006530758707304803,,-0.0084756330036556,
2026,P3,datum_transformer,source_only,append,0.5,0.00588695268638746,,0.00200019436781866,
2026,P3,datum_transformer,source_only,append,0.75,-0.00308267360410266,,-0.0028377701525787798,
2026,P3,datum_transformer,source_only,replace,0.0,-0.00096825076438882,,-0.00096825076438882,
2026,P3,datum_transformer,source_only,replace,0.05,-0.00204385237016604,,-0.0043888253455635195,
2026,P3,datum_transformer,source_only,replace,0.1,0.0022151950780087003,,0.0012831266306338493,
2026,P3,datum_transformer,source_only,replace,0.25,-0.0023371982626506998,,-0.0027358018046304403,
2026,P3,datum_transformer,source_only,replace,0.5,-0.0002419131773905389,,-0.00828963795255932,
2026,P3,datum_transformer,source_only,replace,0.75,0.00051133687680816,,-0.015602951400569559,
2026,P3,datum_transformer,source_only,replace,1.0,-0.00551645772126152,,,
2026,P3,datum_transformer,target_real_anchor,append,0.0,-0.00096825076438882,-0.00256774839833442,-0.00096825076438882,0.0016877107208803199
2026,P3,datum_transformer,target_real_anchor,append,0.050332383665717,0.00064918851435708,0.00067400778966406,0.00149005360066378,0.00090216570604108
2026,P3,datum_transformer,target_real_anchor,append,0.0999099909990999,0.006550793543998179,0.006071751627830461,0.00637556347978202,0.0015683987829584402
2026,P3,datum_transformer,target_real_anchor,append,0.2498124531132783,-0.0006530758707304803,-0.0012092668595393597,-0.0084756330036556,0.0008788415678007
2026,P3,datum_transformer,target_real_anchor,append,0.5,0.00588695268638746,0.0067861281182952,0.00200019436781866,2.691246720032403e-06
2026,P3,datum_transformer,target_real_anchor,append,0.75,-0.00308267360410266,-0.0025429291230273598,-0.0028377701525787798,0.0
2026,P3,datum_transformer,target_real_anchor,replace,0.0,-0.00096825076438882,-0.00256774839833442,-0.00096825076438882,0.0016877107208803199
2026,P3,datum_transformer,target_real_anchor,replace,0.05,-0.00204385237016604,-0.00348067909125572,-0.0043888253455635195,0.00165511673282648
2026,P3,datum_transformer,target_real_anchor,replace,0.1,0.0022151950780087003,0.00040697630955313993,0.0012831266306338493,0.0020567105489395403
2026,P3,datum_transformer,target_real_anchor,replace,0.25,-0.0023371982626506998,-0.0015755754408784996,-0.0027358018046304403,0.00067520389931746
2026,P3,datum_transformer,target_real_anchor,replace,0.5,-0.0002419131773905389,-0.0003932210485396395,-0.00828963795255932,0.00046080124395398
2026,P3,datum_transformer,target_real_anchor,replace,0.75,0.00051133687680816,0.00029872838592479993,-0.015602951400569559,0.00068208152982422
2026,P3,datum_transformer,target_real_anchor,replace,1.0,-0.00551645772126152,-0.00567972668894416,,0.000245202478937259
2026,P3,flat_transformer,source_only,append,0.0,-0.00096825076438882,,-0.00096825076438882,
2026,P3,flat_transformer,source_only,append,0.050332383665717,0.00064918851435708,,0.00149005360066378,
2026,P3,flat_transformer,source_only,append,0.0999099909990999,0.006550793543998179,,0.00637556347978202,
2026,P3,flat_transformer,source_only,append,0.2498124531132783,-0.0006530758707304803,,-0.0084756330036556,
2026,P3,flat_transformer,source_only,append,0.5,0.00588695268638746,,0.00200019436781866,
2026,P3,flat_transformer,source_only,append,0.75,-0.00308267360410266,,-0.0028377701525787798,
2026,P3,flat_transformer,source_only,replace,0.0,-0.00096825076438882,,-0.00096825076438882,
2026,P3,flat_transformer,source_only,replace,0.05,-0.00204385237016604,,-0.0043888253455635195,
2026,P3,flat_transformer,source_only,replace,0.1,0.0022151950780087003,,0.0012831266306338493,
2026,P3,flat_transformer,source_only,replace,0.25,-0.0023371982626506998,,-0.0027358018046304403,
2026,P3,flat_transformer,source_only,replace,0.5,-0.0002419131773905389,,-0.00828963795255932,
2026,P3,flat_transformer,source_only,replace,0.75,0.00051133687680816,,-0.015602951400569559,
2026,P3,flat_transformer,source_only,replace,1.0,-0.00551645772126152,,,
2026,P3,flat_transformer,target_real_anchor,append,0.0,-0.00096825076438882,-0.0005304746312617802,-0.00096825076438882,0.00049399328683452
2026,P3,flat_transformer,target_real_anchor,append,0.050332383665717,0.00064918851435708,0.00186264175768306,0.00149005360066378,0.0004619973536074
2026,P3,flat_transformer,target_real_anchor,append,0.0999099909990999,0.006550793543998179,0.00808540222924938,0.00637556347978202,0.0002942429747247
2026,P3,flat_transformer,target_real_anchor,append,0.2498124531132783,-0.0006530758707304803,-0.0024612946391861005,-0.0084756330036556,0.0018082187684555398
2026,P3,flat_transformer,target_real_anchor,append,0.5,0.00588695268638746,0.00870588411192592,0.00200019436781866,0.0
2026,P3,flat_transformer,target_real_anchor,append,0.75,-0.00308267360410266,0.00270560003588328,-0.0028377701525787798,0.0
2026,P3,flat_transformer,target_real_anchor,replace,0.0,-0.00096825076438882,-0.0005304746312617802,-0.00096825076438882,0.00049399328683452
2026,P3,flat_transformer,target_real_anchor,replace,0.05,-0.00204385237016604,-0.00306533001412908,-0.0043888253455635195,0.00125741027308684
2026,P3,flat_transformer,target_real_anchor,replace,0.1,0.0022151950780087003,0.00219306704942174,0.0012831266306338493,0.0005424357277952791
2026,P3,flat_transformer,target_real_anchor,replace,0.25,-0.0023371982626506998,-0.0018895542248835405,-0.0027358018046304403,0.00061181008768974
2026,P3,flat_transformer,target_real_anchor,replace,0.5,-0.0002419131773905389,0.002468471297106099,-0.00828963795255932,0.00029603713920474
2026,P3,flat_transformer,target_real_anchor,replace,0.75,0.00051133687680816,0.0029217968557267602,-0.015602951400569559,0.0009242937346280601
2026,P3,flat_transformer,target_real_anchor,replace,1.0,-0.00551645772126152,-0.0031646071153572804,,0.00068746402326436
2026,P4,char3gram,oracle_target,append,0.0,-0.00096825076438882,-0.0009679517369754802,-0.00096825076438882,0.00105736093356356
2026,P4,char3gram,oracle_target,append,0.050332383665717,0.0016700681034933398,0.0034881547765890997,0.00149005360066378,0.0004817331628877
2026,P4,char3gram,oracle_target,append,0.0999099909990999,0.008637107806858139,0.012585465772574638,0.00637556347978202,0.0011790650907922
2026,P4,char3gram,oracle_target,append,0.2498124531132783,0.00056635792086236,0.0026936389393497394,-0.0084756330036556,0.0001028654301882995
2026,P4,char3gram,oracle_target,append,0.5,0.01019025619173638,0.01279179468777796,0.00200019436781866,0.0
2026,P4,char3gram,oracle_target,append,0.75,0.010550883252222079,0.01405070009793144,-0.0028377701525787798,0.0
2026,P4,char3gram,oracle_target,replace,0.0,-0.00096825076438882,-0.0009679517369754802,-0.00096825076438882,0.00105736093356356
2026,P4,char3gram,oracle_target,replace,0.05,-0.0022274552019556602,0.0009649614628420798,-0.0043888253455635195,0.00159232097602548
2026,P4,char3gram,oracle_target,replace,0.1,0.00456943790321974,0.00652029274783756,0.0012831266306338493,0.0
2026,P4,char3gram,oracle_target,replace,0.25,-0.0003190622500317602,0.0007942168098260202,-0.0027358018046304403,0.0008854201708941906
2026,P4,char3gram,oracle_target,replace,0.5,0.00882669118691452,0.00881742133710104,-0.00828963795255932,0.0009512062018285285
2026,P4,char3gram,oracle_target,replace,0.75,0.0092557955250547,0.0104952641533412,-0.015602951400569559,0.00037557843115266
2026,P4,char3gram,oracle_target,replace,1.0,0.01090463268220108,0.0021332615667541003,,0.00877137111544692
2026,P4,char3gram,source_only,append,0.0,-0.00096825076438882,,-0.00096825076438882,
2026,P4,char3gram,source_only,append,0.050332383665717,0.0016700681034933398,,0.00149005360066378,
2026,P4,char3gram,source_only,append,0.0999099909990999,0.008637107806858139,,0.00637556347978202,
2026,P4,char3gram,source_only,append,0.2498124531132783,0.00056635792086236,,-0.0084756330036556,
2026,P4,char3gram,source_only,append,0.5,0.01019025619173638,,0.00200019436781866,
2026,P4,char3gram,source_only,append,0.75,0.010550883252222079,,-0.0028377701525787798,
2026,P4,char3gram,source_only,replace,0.0,-0.00096825076438882,,-0.00096825076438882,
2026,P4,char3gram,source_only,replace,0.05,-0.0022274552019556602,,-0.0043888253455635195,
2026,P4,char3gram,source_only,replace,0.1,0.00456943790321974,,0.0012831266306338493,
2026,P4,char3gram,source_only,replace,0.25,-0.0003190622500317602,,-0.0027358018046304403,
2026,P4,char3gram,source_only,replace,0.5,0.00882669118691452,,-0.00828963795255932,
2026,P4,char3gram,source_only,replace,0.75,0.0092557955250547,,-0.015602951400569559,
2026,P4,char3gram,source_only,replace,1.0,0.01090463268220108,,,
2026,P4,char3gram,target_real_anchor,append,0.0,-0.00096825076438882,-0.0008456495249202,-0.00096825076438882,0.00093685288598832
2026,P4,char3gram,target_real_anchor,append,0.050332383665717,0.0016700681034933398,0.0035264302854963597,0.00149005360066378,0.00021679487467012
2026,P4,char3gram,target_real_anchor,append,0.0999099909990999,0.008637107806858139,0.01254330290729396,0.00637556347978202,4.6349249067419995e-05
2026,P4,char3gram,target_real_anchor,append,0.2498124531132783,0.00056635792086236,0.0026840700621228804,-0.0084756330036556,4.0069673387280004e-05
2026,P4,char3gram,target_real_anchor,append,0.5,0.01019025619173638,0.012687135093109602,0.00200019436781866,0.0
2026,P4,char3gram,target_real_anchor,append,0.75,0.010550883252222079,0.014127849170572679,-0.0028377701525787798,0.0
2026,P4,char3gram,target_real_anchor,replace,0.0,-0.00096825076438882,-0.0008456495249202,-0.00096825076438882,0.00093685288598832
2026,P4,char3gram,target_real_anchor,replace,0.05,-0.0022274552019556602,0.0008073740160128601,-0.0043888253455635195,3.947161856062e-05
2026,P4,char3gram,target_real_anchor,replace,0.1,0.00456943790321974,0.00647185030687684,0.0012831266306338493,0.00070899399702466
2026,P4,char3gram,target_real_anchor,replace,0.25,-0.0003190622500317602,0.0006315458969701198,-0.0027358018046304403,0.0006288546502500401
2026,P4,char3gram,target_real_anchor,replace,0.5,0.00882669118691452,0.008724124784139493,-0.00828963795255932,0.00108576853783072
2026,P4,char3gram,target_real_anchor,replace,0.75,0.0092557955250547,0.01018068731450948,-0.015602951400569559,0.000520008671795
2026,P4,char3gram,target_real_anchor,replace,1.0,0.01090463268220108,0.0015549425493581602,,0.009349690132842859
2026,P4,column_positional_ablation,oracle_target,append,0.0,-0.00096825076438882,-0.0026768934042027998,-0.00096825076438882,2.182900117368e-05
2026,P4,column_positional_ablation,oracle_target,append,0.050332383665717,0.0016700681034933398,-0.0012903032885540201,0.00149005360066378,0.0003782696778727
2026,P4,column_positional_ablation,oracle_target,append,0.0999099909990999,0.008637107806858139,0.006461683374823421,0.00637556347978202,0.00123827251863314
2026,P4,column_positional_ablation,oracle_target,append,0.2498124531132783,0.00056635792086236,-0.0011674030216720199,-0.0084756330036556,0.0019954099292052397
2026,P4,column_positional_ablation,oracle_target,append,0.5,0.01019025619173638,0.00849626589517588,0.00200019436781866,0.00171761346221418
2026,P4,column_positional_ablation,oracle_target,append,0.75,0.010550883252222079,0.00938617147727014,-0.0028377701525787798,0.0012218260108994802
2026,P4,column_positional_ablation,oracle_target,replace,0.0,-0.00096825076438882,-0.0026768934042027998,-0.00096825076438882,2.182900117368e-05
2026,P4,column_positional_ablation,oracle_target,replace,0.05,-0.0022274552019556602,-0.00473779033692914,-0.0043888253455635195,0.0
2026,P4,column_positional_ablation,oracle_target,replace,0.1,0.00456943790321974,0.0006835766668909203,0.0012831266306338493,0.00166618074711992
2026,P4,column_positional_ablation,oracle_target,replace,0.25,-0.0003190622500317602,-0.0029206007460734,-0.0027358018046304403,0.0026015384960415998
2026,P4,column_positional_ablation,oracle_target,replace,0.5,0.00882669118691452,0.0075384810902539194,-0.00828963795255932,0.00138359984151544
2026,P4,column_positional_ablation,oracle_target,replace,0.75,0.0092557955250547,0.00823132760695832,-0.015602951400569559,0.00129359259010066
2026,P4,column_positional_ablation,oracle_target,replace,1.0,0.01090463268220108,0.00880127385678074,,0.00243019578819888
2026,P4,column_positional_ablation,source_only,append,0.0,-0.00096825076438882,-0.09433881301068267,-0.00096825076438882,0.09337056224629385
2026,P4,column_positional_ablation,source_only,append,0.050332383665717,0.0016700681034933398,-0.1159248544110281,0.00149005360066378,0.11759492251452142
2026,P4,column_positional_ablation,source_only,append,0.0999099909990999,0.008637107806858139,-0.12570798477950462,0.00637556347978202,0.1343450925863628
2026,P4,column_positional_ablation,source_only,append,0.2498124531132783,0.00056635792086236,-0.11962980406228738,-0.0084756330036556,0.12019616198314975
2026,P4,column_positional_ablation,source_only,append,0.5,0.01019025619173638,-0.14086149797782707,0.00200019436781866,0.1510517541695635
2026,P4,column_positional_ablation,source_only,append,0.75,0.010550883252222079,-0.09067796990289084,-0.0028377701525787798,0.10122885315511294
2026,P4,column_positional_ablation,source_only,replace,0.0,-0.00096825076438882,-0.09433881301068267,-0.00096825076438882,0.09337056224629385
2026,P4,column_positional_ablation,source_only,replace,0.05,-0.0022274552019556602,-0.11289346400831297,-0.0043888253455635195,0.11066600880635728
2026,P4,column_positional_ablation,source_only,replace,0.1,0.00456943790321974,-0.11076947229137224,0.0012831266306338493,0.11533891019459201
2026,P4,column_positional_ablation,source_only,replace,0.25,-0.0003190622500317602,-0.120249388862724,-0.0027358018046304403,0.1199303266126922
2026,P4,column_positional_ablation,source_only,replace,0.5,0.00882669118691452,-0.13763708537980218,-0.00828963795255932,0.14646377656671672
2026,P4,column_positional_ablation,source_only,replace,0.75,0.0092557955250547,-0.18530355020296482,-0.015602951400569559,0.19350063917109597
2026,P4,column_positional_ablation,source_only,replace,1.0,0.01090463268220108,,,
2026,P4,column_positional_ablation,target_real_anchor,append,0.0,-0.00096825076438882,-0.0011058033745243404,-0.00096825076438882,0.00057144138688912
2026,P4,column_positional_ablation,target_real_anchor,append,0.050332383665717,0.0016700681034933398,0.00132708366039452,0.00149005360066378,0.00063932060971688
2026,P4,column_positional_ablation,target_real_anchor,append,0.0999099909990999,0.008637107806858139,0.00798193874423432,0.00637556347978202,0.0008157467835863601
2026,P4,column_positional_ablation,target_real_anchor,append,0.2498124531132783,0.00056635792086236,0.0005508084953687799,-0.0084756330036556,0.00034687179947221625
2026,P4,column_positional_ablation,target_real_anchor,append,0.5,0.01019025619173638,0.009907974313545159,0.00200019436781866,0.00048771371115446
2026,P4,column_positional_ablation,target_real_anchor,append,0.75,0.010550883252222079,0.010136730284748841,-0.0028377701525787798,0.0004901059304610799
2026,P4,column_positional_ablation,target_real_anchor,replace,0.0,-0.00096825076438882,-0.0011058033745243404,-0.00096825076438882,0.00057144138688912
2026,P4,column_positional_ablation,target_real_anchor,replace,0.05,-0.0022274552019556602,-0.0018213759746425,-0.0043888253455635195,0.0005612744548356399
2026,P4,column_positional_ablation,target_real_anchor,replace,0.1,0.00456943790321974,0.00203338641069918,0.0012831266306338493,0.0028739524695926
2026,P4,column_positional_ablation,target_real_anchor,replace,0.25,-0.0003190622500317602,-0.00106992008492378,-0.0027358018046304403,0.00106962105751042
2026,P4,column_positional_ablation,target_real_anchor,replace,0.5,0.00882669118691452,0.00898397960633036,-0.00828963795255932,0.00061808966336984
2026,P4,column_positional_ablation,target_real_anchor,replace,0.75,0.0092557955250547,0.008958562276196621,-0.015602951400569559,0.0008327913461466
2026,P4,column_positional_ablation,target_real_anchor,replace,1.0,0.01090463268220108,0.0093132087884157,,0.00222386687299558
2026,P4,datum_ta,source_only,append,0.0,-0.00096825076438882,,-0.00096825076438882,
2026,P4,datum_ta,source_only,append,0.050332383665717,0.0016700681034933398,,0.00149005360066378,
2026,P4,datum_ta,source_only,append,0.0999099909990999,0.008637107806858139,,0.00637556347978202,
2026,P4,datum_ta,source_only,append,0.2498124531132783,0.00056635792086236,,-0.0084756330036556,
2026,P4,datum_ta,source_only,append,0.5,0.01019025619173638,,0.00200019436781866,
2026,P4,datum_ta,source_only,append,0.75,0.010550883252222079,,-0.0028377701525787798,
2026,P4,datum_ta,source_only,replace,0.0,-0.00096825076438882,,-0.00096825076438882,
2026,P4,datum_ta,source_only,replace,0.05,-0.0022274552019556602,,-0.0043888253455635195,
2026,P4,datum_ta,source_only,replace,0.1,0.00456943790321974,,0.0012831266306338493,
2026,P4,datum_ta,source_only,replace,0.25,-0.0003190622500317602,,-0.0027358018046304403,
2026,P4,datum_ta,source_only,replace,0.5,0.00882669118691452,,-0.00828963795255932,
2026,P4,datum_ta,source_only,replace,0.75,0.0092557955250547,,-0.015602951400569559,
2026,P4,datum_ta,source_only,replace,1.0,0.01090463268220108,,,
2026,P4,datum_ta,target_real_anchor,append,0.0,-0.00096825076438882,-0.005606764000089743,-0.00096825076438882,0.0046385132357008646
2026,P4,datum_ta,target_real_anchor,append,0.050332383665717,0.0016700681034933398,-0.00359789783728424,0.00149005360066378,0.005267965940777579
2026,P4,datum_ta,target_real_anchor,append,0.0999099909990999,0.008637107806858139,0.0026679225818026604,0.00637556347978202,0.00596918522505544
2026,P4,datum_ta,target_real_anchor,append,0.2498124531132783,0.00056635792086236,-0.003620922948111301,-0.0084756330036556,0.004187280868973639
2026,P4,datum_ta,target_real_anchor,append,0.5,0.01019025619173638,0.0078363123939387,0.00200019436781866,0.00235394379779768
2026,P4,datum_ta,target_real_anchor,append,0.75,0.010550883252222079,0.00783900364065876,-0.0028377701525787798,0.00271187961156326
2026,P4,datum_ta,target_real_anchor,replace,0.0,-0.00096825076438882,-0.005606764000089743,-0.00096825076438882,0.0046385132357008646
2026,P4,datum_ta,target_real_anchor,replace,0.05,-0.0022274552019556602,-0.00694311751029774,-0.0043888253455635195,0.00471566230834208
2026,P4,datum_ta,target_real_anchor,replace,0.1,0.00456943790321974,0.0004488401474205199,0.0012831266306338493,0.00433709360305604
2026,P4,datum_ta,target_real_anchor,replace,0.25,-0.0003190622500317602,-0.00499226266567986,-0.0027358018046304403,0.00467320041564806
2026,P4,datum_ta,target_real_anchor,replace,0.5,0.00882669118691452,0.006305292037647539,-0.00828963795255932,0.00307639402842246
2026,P4,datum_ta,target_real_anchor,replace,0.75,0.0092557955250547,0.00487534294706466,-0.015602951400569559,0.00438045257799001
2026,P4,datum_ta,target_real_anchor,replace,1.0,0.01090463268220108,0.0095309007453258,,0.00141439966508924
2026,P4,datum_transformer,oracle_target,append,0.0,-0.00096825076438882,-0.0009829031076423803,-0.00096825076438882,0.0011554419251384
2026,P4,datum_transformer,oracle_target,append,0.050332383665717,0.0016700681034933398,0.00332907219269322,0.00149005360066378,0.0022558628062226997
2026,P4,datum_transformer,oracle_target,append,0.0999099909990999,0.008637107806858139,0.011281108195593841,0.00637556347978202,0.00166259241815994
2026,P4,datum_transformer,oracle_target,append,0.2498124531132783,0.00056635792086236,0.0005950645525428601,-0.0084756330036556,0.0007601276847054799
2026,P4,datum_transformer,oracle_target,append,0.5,0.01019025619173638,0.010147794299042358,0.00200019436781866,0.0006336390888635
2026,P4,datum_transformer,oracle_target,append,0.75,0.010550883252222079,0.01069471543803778,-0.0028377701525787798,0.000378568705286
2026,P4,datum_transformer,oracle_target,replace,0.0,-0.00096825076438882,-0.0009829031076423803,-0.00096825076438882,0.0011554419251384
2026,P4,datum_transformer,oracle_target,replace,0.05,-0.0022274552019556602,-0.0015534474122915446,-0.0043888253455635195,0.0013815066496221
2026,P4,datum_transformer,oracle_target,replace,0.1,0.00456943790321974,0.00584867717748022,0.0012831266306338493,0.0018575582916563796
2026,P4,datum_transformer,oracle_target,replace,0.25,-0.0003190622500317602,7.356074368117978e-05,-0.0027358018046304403,0.00122391920279288
2026,P4,datum_transformer,oracle_target,replace,0.5,0.00882669118691452,0.00629901246196746,-0.00828963795255932,0.00276420940889748
2026,P4,datum_transformer,oracle_target,replace,0.75,0.0092557955250547,0.007009202568645441,-0.015602951400569559,0.0022465929564092
2026,P4,datum_transformer,oracle_target,replace,1.0,0.01090463268220108,0.00631187064074092,,0.0050676175738410805
2026,P4,datum_transformer,source_only,append,0.0,-0.00096825076438882,,-0.00096825076438882,
2026,P4,datum_transformer,source_only,append,0.050332383665717,0.0016700681034933398,,0.00149005360066378,
2026,P4,datum_transformer,source_only,append,0.0999099909990999,0.008637107806858139,,0.00637556347978202,
2026,P4,datum_transformer,source_only,append,0.2498124531132783,0.00056635792086236,,-0.0084756330036556,
2026,P4,datum_transformer,source_only,append,0.5,0.01019025619173638,,0.00200019436781866,
2026,P4,datum_transformer,source_only,append,0.75,0.010550883252222079,,-0.0028377701525787798,
2026,P4,datum_transformer,source_only,replace,0.0,-0.00096825076438882,,-0.00096825076438882,
2026,P4,datum_transformer,source_only,replace,0.05,-0.0022274552019556602,,-0.0043888253455635195,
2026,P4,datum_transformer,source_only,replace,0.1,0.00456943790321974,,0.0012831266306338493,
2026,P4,datum_transformer,source_only,replace,0.25,-0.0003190622500317602,,-0.0027358018046304403,
2026,P4,datum_transformer,source_only,replace,0.5,0.00882669118691452,,-0.00828963795255932,
2026,P4,datum_transformer,source_only,replace,0.75,0.0092557955250547,,-0.015602951400569559,
2026,P4,datum_transformer,source_only,replace,1.0,0.01090463268220108,,,
2026,P4,datum_transformer,target_real_anchor,append,0.0,-0.00096825076438882,-0.0013782173480753799,-0.00096825076438882,0.0011031121278043
2026,P4,datum_transformer,target_real_anchor,append,0.050332383665717,0.0016700681034933398,0.0019406879125644,0.00149005360066378,0.00144818976279646
2026,P4,datum_transformer,target_real_anchor,append,0.0999099909990999,0.008637107806858139,0.010499450537127902,0.00637556347978202,0.0
2026,P4,datum_transformer,target_real_anchor,append,0.2498124531132783,0.00056635792086236,-0.0005116359042215603,-0.0084756330036556,0.0014374247759163
2026,P4,datum_transformer,target_real_anchor,append,0.5,0.01019025619173638,0.009975853536372859,0.00200019436781866,0.00045900707947408
2026,P4,datum_transformer,target_real_anchor,append,0.75,0.010550883252222079,0.010674381573930742,-0.0028377701525787798,0.000251183027204
2026,P4,datum_transformer,target_real_anchor,replace,0.0,-0.00096825076438882,-0.0013782173480753799,-0.00096825076438882,0.0011031121278043
2026,P4,datum_transformer,target_real_anchor,replace,0.05,-0.0022274552019556602,-0.00135160390828828,-0.0043888253455635195,0.00025297719168402
2026,P4,datum_transformer,target_real_anchor,replace,0.1,0.00456943790321974,0.00360088811141756,0.0012831266306338493,0.00135429515500828
2026,P4,datum_transformer,target_real_anchor,replace,0.25,-0.0003190622500317602,-0.00034986207360561996,-0.0027358018046304403,0.00068537083137096
2026,P4,datum_transformer,target_real_anchor,replace,0.5,0.00882669118691452,0.00551496258419488,-0.00828963795255932,0.00374741154395324
2026,P4,datum_transformer,target_real_anchor,replace,0.75,0.0092557955250547,0.00790628480865976,-0.015602951400569559,0.00177383061592164
2026,P4,datum_transformer,target_real_anchor,replace,1.0,0.01090463268220108,0.007853057929085642,,0.00346931604954882
2026,P4,flat_transformer,source_only,append,0.0,-0.00096825076438882,,-0.00096825076438882,
2026,P4,flat_transformer,source_only,append,0.050332383665717,0.0016700681034933398,,0.00149005360066378,
2026,P4,flat_transformer,source_only,append,0.0999099909990999,0.008637107806858139,,0.00637556347978202,
2026,P4,flat_transformer,source_only,append,0.2498124531132783,0.00056635792086236,,-0.0084756330036556,
2026,P4,flat_transformer,source_only,append,0.5,0.01019025619173638,,0.00200019436781866,
2026,P4,flat_transformer,source_only,append,0.75,0.010550883252222079,,-0.0028377701525787798,
2026,P4,flat_transformer,source_only,replace,0.0,-0.00096825076438882,,-0.00096825076438882,
2026,P4,flat_transformer,source_only,replace,0.05,-0.0022274552019556602,,-0.0043888253455635195,
2026,P4,flat_transformer,source_only,replace,0.1,0.00456943790321974,,0.0012831266306338493,
2026,P4,flat_transformer,source_only,replace,0.25,-0.0003190622500317602,,-0.0027358018046304403,
2026,P4,flat_transformer,source_only,replace,0.5,0.00882669118691452,,-0.00828963795255932,
2026,P4,flat_transformer,source_only,replace,0.75,0.0092557955250547,,-0.015602951400569559,
2026,P4,flat_transformer,source_only,replace,1.0,0.01090463268220108,,,
2026,P4,flat_transformer,target_real_anchor,append,0.0,-0.00096825076438882,0.0011581331718585998,-0.00096825076438882,0.0
2026,P4,flat_transformer,target_real_anchor,append,0.050332383665717,0.0016700681034933398,0.0038595468239550597,0.00149005360066378,0.0
2026,P4,flat_transformer,target_real_anchor,append,0.0999099909990999,0.008637107806858139,0.00972257731727558,0.00637556347978202,0.00039770645973968003
2026,P4,flat_transformer,target_real_anchor,append,0.2498124531132783,0.00056635792086236,0.0025638610419609605,-0.0084756330036556,0.00018808824298968
2026,P4,flat_transformer,target_real_anchor,append,0.5,0.01019025619173638,0.0112736325102603,0.00200019436781866,0.00042222670763342
2026,P4,flat_transformer,target_real_anchor,append,0.75,0.010550883252222079,0.01066989616273066,-0.0028377701525787798,0.0007341122997450401
2026,P4,flat_transformer,target_real_anchor,replace,0.0,-0.00096825076438882,0.0011581331718585998,-0.00096825076438882,0.0
2026,P4,flat_transformer,target_real_anchor,replace,0.05,-0.0022274552019556602,-0.00232583522094384,-0.0043888253455635195,0.0006417128290235635
2026,P4,flat_transformer,target_real_anchor,replace,0.1,0.00456943790321974,0.00409189112411876,0.0012831266306338493,0.0009577848049219607
2026,P4,flat_transformer,target_real_anchor,replace,0.25,-0.0003190622500317602,-0.0004243198995268,-0.0027358018046304403,0.00088302795158744
2026,P4,flat_transformer,target_real_anchor,replace,0.5,0.00882669118691452,0.00888470250510214,-0.00828963795255932,0.00076042671211886
2026,P4,flat_transformer,target_real_anchor,replace,0.75,0.0092557955250547,0.00808839250338272,-0.015602951400569559,0.0014562635029566
2026,P4,flat_transformer,target_real_anchor,replace,1.0,0.01090463268220108,0.00802828799330174,,0.0037898734366472397
2027,P1,c2st_lr,oracle_target,append,0.0,-0.0006264286970282908,-0.00146848074556004,-0.0006264286970282908,9.143660981184e-05
2027,P1,c2st_lr,oracle_target,append,0.050332383665717,0.00316082732547908,0.0031753340953049997,0.00365647529453132,0.00040871724986807996
2027,P1,c2st_lr,oracle_target,append,0.0999099909990999,0.00192236680147704,0.00132583084227184,0.0019056620362229802,0.00038322050290136
2027,P1,c2st_lr,oracle_target,append,0.2498124531132783,0.0025862713205557,0.00216854228943216,0.0017127879374012,0.00081259890979422
2027,P1,c2st_lr,oracle_target,append,0.5,0.0017592755407068966,0.00206040091436614,-3.747582205035991e-05,3.912431862142e-05
2027,P1,c2st_lr,oracle_target,append,0.75,0.00032827061719708004,0.0008696368911552601,-0.0007985317390539201,0.0
2027,P1,c2st_lr,oracle_target,replace,0.0,-0.0006264286970282908,-0.00146848074556004,-0.0006264286970282908,9.143660981184e-05
2027,P1,c2st_lr,oracle_target,replace,0.05,0.001961381220327,0.0021686521892034004,0.0019977580446632797,0.0004437752769474071
2027,P1,c2st_lr,oracle_target,replace,0.1,-0.00039992526815545994,0.00038728679444342004,-0.0009409618427994,0.00108910673465786
2027,P1,c2st_lr,oracle_target,replace,0.25,0.00029716898188854,0.00021474415333222005,-0.0004424564796904599,0.0007508352382626799
2027,P1,c2st_lr,oracle_target,replace,0.5,-0.0009222788816599149,-3.8355020221588104e-05,-0.00270078688236322,0.00011429576226479313
2027,P1,c2st_lr,oracle_target,replace,0.75,-0.01037212062598906,-0.00923421839282568,-0.0161115262880253,0.00107580886231758
2027,P1,c2st_lr,oracle_target,replace,1.0,-0.0171883242482856,-0.015423773518551082,,0.0
2027,P1,c2st_lr,source_only,append,0.0,-0.0006264286970282908,-0.00146848074556004,-0.0006264286970282908,9.143660981184e-05
2027,P1,c2st_lr,source_only,append,0.050332383665717,0.00316082732547908,0.0031753340953049997,0.00365647529453132,0.00040871724986807996
2027,P1,c2st_lr,source_only,append,0.0999099909990999,0.00192236680147704,0.00132583084227184,0.0019056620362229802,0.00038322050290136
2027,P1,c2st_lr,source_only,append,0.2498124531132783,0.0025862713205557,0.00216854228943216,0.0017127879374012,0.00081259890979422
2027,P1,c2st_lr,source_only,append,0.5,0.0017592755407068966,0.00206040091436614,-3.747582205035991e-05,3.912431862142e-05
2027,P1,c2st_lr,source_only,append,0.75,0.00032827061719708004,0.0008696368911552601,-0.0007985317390539201,0.0
2027,P1,c2st_lr,source_only,replace,0.0,-0.0006264286970282908,-0.00146848074556004,-0.0006264286970282908,9.143660981184e-05
2027,P1,c2st_lr,source_only,replace,0.05,0.001961381220327,0.0021686521892034004,0.0019977580446632797,0.0004437752769474071
2027,P1,c2st_lr,source_only,replace,0.1,-0.00039992526815545994,0.00038728679444342004,-0.0009409618427994,0.00108910673465786
2027,P1,c2st_lr,source_only,replace,0.25,0.00029716898188854,0.00021474415333222005,-0.0004424564796904599,0.0007508352382626799
2027,P1,c2st_lr,source_only,replace,0.5,-0.0009222788816599149,-3.8355020221588104e-05,-0.00270078688236322,0.00011429576226479313
2027,P1,c2st_lr,source_only,replace,0.75,-0.01037212062598906,-0.00923421839282568,-0.0161115262880253,0.00107580886231758
2027,P1,c2st_lr,source_only,replace,1.0,-0.0171883242482856,-0.015423773518551082,,0.0
2027,P1,c2st_lr,target_real_anchor,append,0.0,-0.0006264286970282908,-0.0014543036750483602,-0.0006264286970282908,9.143660981184e-05
2027,P1,c2st_lr,target_real_anchor,append,0.050332383665717,0.00316082732547908,0.00318390627747488,0.00365647529453132,0.00041278354141022005
2027,P1,c2st_lr,target_real_anchor,append,0.0999099909990999,0.00192236680147704,0.00128450852822222,0.0019056620362229802,0.00033695269913844
2027,P1,c2st_lr,target_real_anchor,append,0.2498124531132783,0.0025862713205557,0.00225030771936002,0.0017127879374012,0.000744570951292362
2027,P1,c2st_lr,target_real_anchor,append,0.5,0.0017592755407068966,0.00213095656761026,-3.747582205035991e-05,5.659838227542e-05
2027,P1,c2st_lr,target_real_anchor,append,0.75,0.00032827061719708004,0.0008005099349393402,-0.0007985317390539201,4.132231404956993e-05
2027,P1,c2st_lr,target_real_anchor,replace,0.0,-0.0006264286970282908,-0.0014543036750483602,-0.0006264286970282908,9.143660981184e-05
2027,P1,c2st_lr,target_real_anchor,replace,0.05,0.001961381220327,0.0021629374010901,0.0019977580446632797,0.0004422366801476271
2027,P1,c2st_lr,target_real_anchor,replace,0.1,-0.00039992526815545994,0.00042827940917872004,-0.0009409618427994,0.0010693247758044
2027,P1,c2st_lr,target_real_anchor,replace,0.25,0.00029716898188854,0.00013451732020404,-0.0004424564796904599,0.00081974239493578
2027,P1,c2st_lr,target_real_anchor,replace,0.5,-0.0009222788816599149,2.2089854053100025e-05,-0.00270078688236322,0.00012440654123439606
2027,P1,c2st_lr,target_real_anchor,replace,0.75,-0.01037212062598906,-0.00906057675400034,-0.0161115262880253,0.00098206435730618
2027,P1,c2st_lr,target_real_anchor,replace,1.0,-0.0171883242482856,-0.01555917003692626,,0.0
2027,P1,c2st_xgb,oracle_target,append,0.0,-0.0006264286970282908,-0.00109504132231396,-0.0006264286970282908,0.0002102382627044363
2027,P1,c2st_xgb,oracle_target,append,0.050332383665717,0.00316082732547908,0.00318687357130288,0.00365647529453132,0.0006155486196588413
2027,P1,c2st_xgb,oracle_target,append,0.0999099909990999,0.00192236680147704,0.0026415509055740596,0.0019056620362229802,0.00068423597678916
2027,P1,c2st_xgb,oracle_target,append,0.2498124531132783,0.0025862713205557,0.00143693951116582,0.0017127879374012,0.0014512264814489201
2027,P1,c2st_xgb,oracle_target,append,0.5,0.0017592755407068966,0.0006204941093721602,-3.747582205035991e-05,0.00220579831193954
2027,P1,c2st_xgb,oracle_target,append,0.75,0.00032827061719708004,0.00281123615262874,-0.0007985317390539201,0.0
2027,P1,c2st_xgb,oracle_target,replace,0.0,-0.0006264286970282908,-0.00109504132231396,-0.0006264286970282908,0.0002102382627044363
2027,P1,c2st_xgb,oracle_target,replace,0.05,0.001961381220327,0.001263737471426,0.0019977580446632797,0.00012297784420602
2027,P1,c2st_xgb,oracle_target,replace,0.1,-0.00039992526815545994,-0.00149551608932658,-0.0009409618427994,0.0004719096184279888
2027,P1,c2st_xgb,oracle_target,replace,0.25,0.00029716898188854,0.0002451863900123601,-0.0004424564796904599,0.00088777035343764
2027,P1,c2st_xgb,oracle_target,replace,0.5,-0.0009222788816599149,-0.0004855371900826799,-0.00270078688236322,0.0008311719711622801
2027,P1,c2st_xgb,oracle_target,replace,0.75,-0.01037212062598906,-0.00995746878846484,-0.0161115262880253,0.00209787673641634
2027,P1,c2st_xgb,oracle_target,replace,1.0,-0.0171883242482856,-0.03324665904694922,,0.018140825567082762
2027,P1,c2st_xgb,source_only,append,0.0,-0.0006264286970282908,-0.00109504132231396,-0.0006264286970282908,0.0002102382627044363
2027,P1,c2st_xgb,source_only,append,0.050332383665717,0.00316082732547908,0.00318687357130288,0.00365647529453132,0.0006155486196588413
2027,P1,c2st_xgb,source_only,append,0.0999099909990999,0.00192236680147704,0.0026415509055740596,0.0019056620362229802,0.00068423597678916
2027,P1,c2st_xgb,source_only,append,0.2498124531132783,0.0025862713205557,0.00143693951116582,0.0017127879374012,0.0014512264814489201
2027,P1,c2st_xgb,source_only,append,0.5,0.0017592755407068966,0.0006204941093721602,-3.747582205035991e-05,0.00220579831193954
2027,P1,c2st_xgb,source_only,append,0.75,0.00032827061719708004,0.00281123615262874,-0.0007985317390539201,0.0
2027,P1,c2st_xgb,source_only,replace,0.0,-0.0006264286970282908,-0.00109504132231396,-0.0006264286970282908,0.0002102382627044363
2027,P1,c2st_xgb,source_only,replace,0.05,0.001961381220327,0.001263737471426,0.0019977580446632797,0.00012297784420602
2027,P1,c2st_xgb,source_only,replace,0.1,-0.00039992526815545994,-0.00149551608932658,-0.0009409618427994,0.0004719096184279888
2027,P1,c2st_xgb,source_only,replace,0.25,0.00029716898188854,0.0002451863900123601,-0.0004424564796904599,0.00088777035343764
2027,P1,c2st_xgb,source_only,replace,0.5,-0.0009222788816599149,-0.0004855371900826799,-0.00270078688236322,0.0008311719711622801
2027,P1,c2st_xgb,source_only,replace,0.75,-0.01037212062598906,-0.00995746878846484,-0.0161115262880253,0.00209787673641634
2027,P1,c2st_xgb,source_only,replace,1.0,-0.0171883242482856,-0.03324665904694922,,0.018140825567082762
2027,P1,c2st_xgb,target_real_anchor,append,0.0,-0.0006264286970282908,-0.0006881923685598597,-0.0006264286970282908,0.00029947687708802
2027,P1,c2st_xgb,target_real_anchor,append,0.050332383665717,0.00316082732547908,0.00320588623175654,0.00365647529453132,0.0006568709337084
2027,P1,c2st_xgb,target_real_anchor,append,0.0999099909990999,0.00192236680147704,0.0028292597151397198,0.0019056620362229802,0.0007235800949533784
2027,P1,c2st_xgb,target_real_anchor,append,0.2498124531132783,0.0025862713205557,0.0012492307016001999,0.0017127879374012,0.0013370406189554599
2027,P1,c2st_xgb,target_real_anchor,append,0.5,0.0017592755407068966,0.0009288728679444398,-3.747582205035991e-05,0.00206468700545104
2027,P1,c2st_xgb,target_real_anchor,append,0.75,0.00032827061719708004,0.0028149727448566397,-0.0007985317390539201,0.0
2027,P1,c2st_xgb,target_real_anchor,replace,0.0,-0.0006264286970282908,-0.0006881923685598597,-0.0006264286970282908,0.00029947687708802
2027,P1,c2st_xgb,target_real_anchor,replace,0.05,0.001961381220327,0.0013009934939334801,0.0019977580446632797,0.00017133374362578
2027,P1,c2st_xgb,target_real_anchor,replace,0.1,-0.00039992526815545994,-0.00152376033057852,-0.0009409618427994,0.0004671839282574527
2027,P1,c2st_xgb,target_real_anchor,replace,0.25,0.00029716898188854,0.0005199358185336326,-0.0004424564796904599,0.00072896518375234
2027,P1,c2st_xgb,target_real_anchor,replace,0.5,-0.0009222788816599149,-0.00103437664849666,-0.00270078688236322,0.00094557763319854
2027,P1,c2st_xgb,target_real_anchor,replace,0.75,-0.01037212062598906,-0.00953787146122732,-0.0161115262880253,0.00184400826446274
2027,P1,c2st_xgb,target_real_anchor,replace,1.0,-0.0171883242482856,-0.03273100931950064,,0.01662486812027428
2027,P1,char3gram,oracle_target,append,0.0,-0.0006264286970282908,-0.0016871812906628799,-0.0006264286970282908,3.9563917706653126e-06
2027,P1,char3gram,oracle_target,append,0.050332383665717,0.00316082732547908,0.00237273606470884,0.00365647529453132,4.505890627746e-05
2027,P1,char3gram,oracle_target,append,0.0999099909990999,0.00192236680147704,0.00114856251098992,0.0019056620362229802,0.0007191841040970601
2027,P1,char3gram,oracle_target,append,0.2498124531132783,0.0025862713205557,0.0013866054158608598,0.0017127879374012,0.00119966590469478
2027,P1,char3gram,oracle_target,append,0.5,0.0017592755407068966,0.0004557543520309399,-3.747582205035991e-05,0.00172993230174084
2027,P1,char3gram,oracle_target,append,0.75,0.00032827061719708004,-4.385000879204006e-05,-0.0007985317390539201,0.00082281958853522
2027,P1,char3gram,oracle_target,replace,0.0,-0.0006264286970282908,-0.0016871812906628799,-0.0006264286970282908,3.9563917706653126e-06
2027,P1,char3gram,oracle_target,replace,0.05,0.001961381220327,0.0016288245120449998,0.0019977580446632797,0.00058609548092134
2027,P1,char3gram,oracle_target,replace,0.1,-0.00039992526815545994,-0.0017954325655002,-0.0009409618427994,0.00046476613328644
2027,P1,char3gram,oracle_target,replace,0.25,0.00029716898188854,0.0004979558642518799,-0.0004424564796904599,0.00134209600844022
2027,P1,char3gram,oracle_target,replace,0.5,-0.0009222788816599149,-0.0004742175136275199,-0.00270078688236322,0.00046026024265862
2027,P1,char3gram,oracle_target,replace,0.75,-0.01037212062598906,-0.011321434851415482,-0.0161115262880253,0.0030212546157904396
2027,P1,char3gram,oracle_target,replace,1.0,-0.0171883242482856,-0.039956149991208056,,0.02292179532266566
2027,P1,char3gram,source_only,append,0.0,-0.0006264286970282908,-0.0016871812906628799,-0.0006264286970282908,3.9563917706653126e-06
2027,P1,char3gram,source_only,append,0.050332383665717,0.00316082732547908,0.00237273606470884,0.00365647529453132,4.505890627746e-05
2027,P1,char3gram,source_only,append,0.0999099909990999,0.00192236680147704,0.00114856251098992,0.0019056620362229802,0.0007191841040970601
2027,P1,char3gram,source_only,append,0.2498124531132783,0.0025862713205557,0.0013866054158608598,0.0017127879374012,0.00119966590469478
2027,P1,char3gram,source_only,append,0.5,0.0017592755407068966,0.0004557543520309399,-3.747582205035991e-05,0.00172993230174084
2027,P1,char3gram,source_only,append,0.75,0.00032827061719708004,-4.385000879204006e-05,-0.0007985317390539201,0.00082281958853522
2027,P1,char3gram,source_only,replace,0.0,-0.0006264286970282908,-0.0016871812906628799,-0.0006264286970282908,3.9563917706653126e-06
2027,P1,char3gram,source_only,replace,0.05,0.001961381220327,0.0016288245120449998,0.0019977580446632797,0.00058609548092134
2027,P1,char3gram,source_only,replace,0.1,-0.00039992526815545994,-0.0017954325655002,-0.0009409618427994,0.00046476613328644
2027,P1,char3gram,source_only,replace,0.25,0.00029716898188854,0.0004979558642518799,-0.0004424564796904599,0.00134209600844022
2027,P1,char3gram,source_only,replace,0.5,-0.0009222788816599149,-0.0004742175136275199,-0.00270078688236322,0.00046026024265862
2027,P1,char3gram,source_only,replace,0.75,-0.01037212062598906,-0.011321434851415482,-0.0161115262880253,0.0030212546157904396
2027,P1,char3gram,source_only,replace,1.0,-0.0171883242482856,-0.039956149991208056,,0.02292179532266566
2027,P1,char3gram,target_real_anchor,append,0.0,-0.0006264286970282908,-0.0014790311236152001,-0.0006264286970282908,3.670652365042e-05
2027,P1,char3gram,target_real_anchor,append,0.050332383665717,0.00316082732547908,0.00250296729382796,0.00365647529453132,0.00015429927905751998
2027,P1,char3gram,target_real_anchor,append,0.0999099909990999,0.00192236680147704,0.00165135396518368,0.0019056620362229802,0.0004689423245999813
2027,P1,char3gram,target_real_anchor,append,0.2498124531132783,0.0025862713205557,0.00144507209425012,0.0017127879374012,0.00114119922630556
2027,P1,char3gram,target_real_anchor,append,0.5,0.0017592755407068966,0.00145254527870586,-3.747582205035991e-05,0.00121439247406364
2027,P1,char3gram,target_real_anchor,append,0.75,0.00032827061719708004,0.0007820467733427001,-0.0007985317390539201,0.00061653771760152
2027,P1,char3gram,target_real_anchor,replace,0.0,-0.0006264286970282908,-0.0014790311236152001,-0.0006264286970282908,3.670652365042e-05
2027,P1,char3gram,target_real_anchor,replace,0.05,0.001961381220327,0.0023503165113415805,0.0019977580446632797,0.0006021408475469601
2027,P1,char3gram,target_real_anchor,replace,0.1,-0.00039992526815545994,-0.0010613020924916602,-0.0009409618427994,0.00036717513627572
2027,P1,char3gram,target_real_anchor,replace,0.25,0.00029716898188854,0.00078677246351334,-0.0004424564796904599,0.0011655969755582402
2027,P1,char3gram,target_real_anchor,replace,0.5,-0.0009222788816599149,-0.0012939599085634,-0.00270078688236322,0.0010198698786706198
2027,P1,char3gram,target_real_anchor,replace,0.75,-0.01037212062598906,-0.010533123791102581,-0.0161115262880253,0.0017155354316863397
2027,P1,char3gram,target_real_anchor,replace,1.0,-0.0171883242482856,-0.03669861086688938,,0.01999439511165808
2027,P1,column_positional_ablation,oracle_target,append,0.0,-0.0006264286970282908,-0.00087216458589762,-0.0006264286970282908,0.00015078248637241998
2027,P1,column_positional_ablation,oracle_target,append,0.050332383665717,0.00316082732547908,0.00314214436433964,0.00365647529453132,0.00040750835238261994
2027,P1,column_positional_ablation,oracle_target,append,0.0999099909990999,0.00192236680147704,0.00171685422894318,0.0019056620362229802,0.00020683136979076
2027,P1,column_positional_ablation,oracle_target,append,0.2498124531132783,0.0025862713205557,0.00151760594337968,0.0017127879374012,0.0012907728151924799
2027,P1,column_positional_ablation,oracle_target,append,0.5,0.0017592755407068966,0.00045509495340254004,-3.747582205035991e-05,0.0025148364691401
2027,P1,column_positional_ablation,oracle_target,append,0.75,0.00032827061719708004,0.001465623351503438,-0.0007985317390539201,0.00010374538420958001
2027,P1,column_positional_ablation,oracle_target,replace,0.0,-0.0006264286970282908,-0.00087216458589762,-0.0006264286970282908,0.00015078248637241998
2027,P1,column_positional_ablation,oracle_target,replace,0.05,0.001961381220327,0.0013466018990679598,0.0019977580446632797,0.00015803587128532002
2027,P1,column_positional_ablation,oracle_target,replace,0.1,-0.00039992526815545994,-0.0013023122911904,-0.0009409618427994,0.00037288992438898
2027,P1,column_positional_ablation,oracle_target,replace,0.25,0.00029716898188854,0.00039629857569902004,-0.0004424564796904599,0.00114064972744852
2027,P1,column_positional_ablation,oracle_target,replace,0.5,-0.0009222788816599149,-0.00105426850712152,-0.00270078688236322,0.00126472656936874
2027,P1,column_positional_ablation,oracle_target,replace,0.75,-0.01037212062598906,-0.012152936521892041,-0.0161115262880253,0.00322522859152456
2027,P1,column_positional_ablation,oracle_target,replace,1.0,-0.0171883242482856,-0.047724525232987494,,0.030536200984701823
2027,P1,column_positional_ablation,source_only,append,0.0,-0.0006264286970282908,-0.00087216458589762,-0.0006264286970282908,0.00015078248637241998
2027,P1,column_positional_ablation,source_only,append,0.050332383665717,0.00316082732547908,0.00314214436433964,0.00365647529453132,0.00040750835238261994
2027,P1,column_positional_ablation,source_only,append,0.0999099909990999,0.00192236680147704,0.00171685422894318,0.0019056620362229802,0.00020683136979076
2027,P1,column_positional_ablation,source_only,append,0.2498124531132783,0.0025862713205557,0.00151760594337968,0.0017127879374012,0.0012907728151924799
2027,P1,column_positional_ablation,source_only,append,0.5,0.0017592755407068966,0.00045509495340254004,-3.747582205035991e-05,0.0025148364691401
2027,P1,column_positional_ablation,source_only,append,0.75,0.00032827061719708004,0.001465623351503438,-0.0007985317390539201,0.00010374538420958001
2027,P1,column_positional_ablation,source_only,replace,0.0,-0.0006264286970282908,-0.00087216458589762,-0.0006264286970282908,0.00015078248637241998
2027,P1,column_positional_ablation,source_only,replace,0.05,0.001961381220327,0.0013466018990679598,0.0019977580446632797,0.00015803587128532002
2027,P1,column_positional_ablation,source_only,replace,0.1,-0.00039992526815545994,-0.0013023122911904,-0.0009409618427994,0.00037288992438898
2027,P1,column_positional_ablation,source_only,replace,0.25,0.00029716898188854,0.00039629857569902004,-0.0004424564796904599,0.00114064972744852
2027,P1,column_positional_ablation,source_only,replace,0.5,-0.0009222788816599149,-0.00105426850712152,-0.00270078688236322,0.00126472656936874
2027,P1,column_positional_ablation,source_only,replace,0.75,-0.01037212062598906,-0.012152936521892041,-0.0161115262880253,0.00322522859152456
2027,P1,column_positional_ablation,source_only,replace,1.0,-0.0171883242482856,-0.047724525232987494,,0.030536200984701823
2027,P1,column_positional_ablation,target_real_anchor,append,0.0,-0.0006264286970282908,-0.0009337084578863198,-0.0006264286970282908,9.978899243889998e-05
2027,P1,column_positional_ablation,target_real_anchor,append,0.050332383665717,0.00316082732547908,0.0030359811851590197,0.00365647529453132,0.00037981360998766
2027,P1,column_positional_ablation,target_real_anchor,append,0.0999099909990999,0.00192236680147704,0.00179741076138558,0.0019056620362229802,0.00030607086337261014
2027,P1,column_positional_ablation,target_real_anchor,append,0.2498124531132783,0.0025862713205557,0.0013937489010023801,0.0017127879374012,0.00135066819061008
2027,P1,column_positional_ablation,target_real_anchor,append,0.5,0.0017592755407068966,1.1759275540700054e-05,-3.747582205035991e-05,0.0026148452611219
2027,P1,column_positional_ablation,target_real_anchor,append,0.75,0.00032827061719708004,0.0010809741515738153,-0.0007985317390539201,0.00011154826797958001
2027,P1,column_positional_ablation,target_real_anchor,replace,0.0,-0.0006264286970282908,-0.0009337084578863198,-0.0006264286970282908,9.978899243889998e-05
2027,P1,column_positional_ablation,target_real_anchor,replace,0.05,0.001961381220327,0.001326160541586,0.0019977580446632797,0.00017496043608224
2027,P1,column_positional_ablation,target_real_anchor,replace,0.1,-0.00039992526815545994,-0.00139583699665914,-0.0009409618427994,0.0003766265166168
2027,P1,column_positional_ablation,target_real_anchor,replace,0.25,0.00029716898188854,-2.615614559514012e-05,-0.0004424564796904599,0.00139803499208716
2027,P1,column_positional_ablation,target_real_anchor,replace,0.5,-0.0009222788816599149,-0.0017101503428872996,-0.00270078688236322,0.00174850536310882
2027,P1,column_positional_ablation,target_real_anchor,replace,0.75,-0.01037212062598906,-0.01284002989273782,-0.0161115262880253,0.00406156585194302
2027,P1,column_positional_ablation,target_real_anchor,replace,1.0,-0.0171883242482856,-0.04920740284860212,,0.03201907860031644
2027,P1,datum_transformer,oracle_target,append,0.0,-0.0006264286970282908,-0.0007055565324424202,-0.0006264286970282908,0.00014759539300158
2027,P1,datum_transformer,oracle_target,append,0.050332383665717,0.00316082732547908,0.0032776507824863,0.00365647529453132,0.00056411552663968
2027,P1,datum_transformer,oracle_target,append,0.0999099909990999,0.00192236680147704,0.0024363680323544624,0.0019056620362229802,0.0006565412343942001
2027,P1,datum_transformer,oracle_target,append,0.2498124531132783,0.0025862713205557,0.00222261297696512,0.0017127879374012,0.00114207842447682
2027,P1,datum_transformer,oracle_target,append,0.5,0.0017592755407068966,0.0011986768067523002,-3.747582205035991e-05,0.00165816775101108
2027,P1,datum_transformer,oracle_target,append,0.75,0.00032827061719708004,0.00121790926674872,-0.0007985317390539201,0.0002336469140144
2027,P1,datum_transformer,oracle_target,replace,0.0,-0.0006264286970282908,-0.0007055565324424202,-0.0006264286970282908,0.00014759539300158
2027,P1,datum_transformer,oracle_target,replace,0.05,0.001961381220327,0.00194379725690162,0.0019977580446632797,0.00032772111834
2027,P1,datum_transformer,oracle_target,replace,0.1,-0.00039992526815545994,-0.00047663530859856,-0.0009409618427994,0.0004670740284860131
2027,P1,datum_transformer,oracle_target,replace,0.25,0.00029716898188854,0.0004980657640232201,-0.0004424564796904599,0.00136099876912256
2027,P1,datum_transformer,oracle_target,replace,0.5,-0.0009222788816599149,-0.00137396694214874,-0.00270078688236322,0.00152024353789338
2027,P1,datum_transformer,oracle_target,replace,0.75,-0.01037212062598906,-0.01258286442764196,-0.0161115262880253,0.00436972481097234
2027,P1,datum_transformer,oracle_target,replace,1.0,-0.0171883242482856,-0.06187038420960085,,0.04468205996131515
2027,P1,datum_transformer,source_only,append,0.0,-0.0006264286970282908,-0.0007055565324424202,-0.0006264286970282908,0.00014759539300158
2027,P1,datum_transformer,source_only,append,0.050332383665717,0.00316082732547908,0.0032776507824863,0.00365647529453132,0.00056411552663968
2027,P1,datum_transformer,source_only,append,0.0999099909990999,0.00192236680147704,0.0024363680323544624,0.0019056620362229802,0.0006565412343942001
2027,P1,datum_transformer,source_only,append,0.2498124531132783,0.0025862713205557,0.00222261297696512,0.0017127879374012,0.00114207842447682
2027,P1,datum_transformer,source_only,append,0.5,0.0017592755407068966,0.0011986768067523002,-3.747582205035991e-05,0.00165816775101108
2027,P1,datum_transformer,source_only,append,0.75,0.00032827061719708004,0.00121790926674872,-0.0007985317390539201,0.0002336469140144
2027,P1,datum_transformer,source_only,replace,0.0,-0.0006264286970282908,-0.0007055565324424202,-0.0006264286970282908,0.00014759539300158
2027,P1,datum_transformer,source_only,replace,0.05,0.001961381220327,0.00194379725690162,0.0019977580446632797,0.00032772111834
2027,P1,datum_transformer,source_only,replace,0.1,-0.00039992526815545994,-0.00047663530859856,-0.0009409618427994,0.0004670740284860131
2027,P1,datum_transformer,source_only,replace,0.25,0.00029716898188854,0.0004980657640232201,-0.0004424564796904599,0.00136099876912256
2027,P1,datum_transformer,source_only,replace,0.5,-0.0009222788816599149,-0.00137396694214874,-0.00270078688236322,0.00152024353789338
2027,P1,datum_transformer,source_only,replace,0.75,-0.01037212062598906,-0.01258286442764196,-0.0161115262880253,0.00436972481097234
2027,P1,datum_transformer,source_only,replace,1.0,-0.0171883242482856,-0.06187038420960085,,0.04468205996131515
2027,P1,datum_transformer,target_real_anchor,append,0.0,-0.0006264286970282908,-0.001122516265166155,-0.0006264286970282908,1.6594865482688627e-05
2027,P1,datum_transformer,target_real_anchor,append,0.050332383665717,0.00316082732547908,0.0034996483207314797,0.00365647529453132,0.0005552136451556199
2027,P1,datum_transformer,target_real_anchor,append,0.0999099909990999,0.00192236680147704,0.0024917575171442803,0.0019056620362229802,0.00072940478283796
2027,P1,datum_transformer,target_real_anchor,append,0.2498124531132783,0.0025862713205557,0.00245263319852294,0.0017127879374012,0.00089271584315104
2027,P1,datum_transformer,target_real_anchor,append,0.5,0.0017592755407068966,0.0012985756989625226,-3.747582205035991e-05,0.00150892386143834
2027,P1,datum_transformer,target_real_anchor,append,0.75,0.00032827061719708004,0.0020935906453313845,-0.0007985317390539201,0.0
2027,P1,datum_transformer,target_real_anchor,replace,0.0,-0.0006264286970282908,-0.001122516265166155,-0.0006264286970282908,1.6594865482688627e-05
2027,P1,datum_transformer,target_real_anchor,replace,0.05,0.001961381220327,0.00180598294355546,0.0019977580446632797,0.00031640144188499047
2027,P1,datum_transformer,target_real_anchor,replace,0.1,-0.00039992526815545994,-0.0005470810620715009,-0.0009409618427994,0.00072138209952516
2027,P1,datum_transformer,target_real_anchor,replace,0.25,0.00029716898188854,0.00032991911376836005,-0.0004424564796904599,0.00149760418498322
2027,P1,datum_transformer,target_real_anchor,replace,0.5,-0.0009222788816599149,-0.0005709293124670801,-0.00270078688236322,0.0008454589414454399
2027,P1,datum_transformer,target_real_anchor,replace,0.75,-0.01037212062598906,-0.01210710831721472,-0.0161115262880253,0.00389682609460172
2027,P1,datum_transformer,target_real_anchor,replace,1.0,-0.0171883242482856,-0.06238757253384912,,0.045199248285563445
2027,P1,flat_transformer,oracle_target,append,0.0,-0.0006264286970282908,-0.0006540135396517802,-0.0006264286970282908,0.00043817038860558303
2027,P1,flat_transformer,oracle_target,append,0.050332383665717,0.00316082732547908,0.00303993757692974,0.00365647529453132,0.0003491515737647
2027,P1,flat_transformer,oracle_target,append,0.0999099909990999,0.00192236680147704,0.0018296113944082201,0.0019056620362229802,0.000739295762264826
2027,P1,flat_transformer,oracle_target,append,0.2498124531132783,0.0025862713205557,0.0020242438895728,0.0017127879374012,0.00076699050465972
2027,P1,flat_transformer,oracle_target,append,0.5,0.0017592755407068966,0.00011517496043608015,-3.747582205035991e-05,0.00243867592755408
2027,P1,flat_transformer,oracle_target,append,0.75,0.00032827061719708004,0.0008604053103568526,-0.0007985317390539201,0.00011011957095128
2027,P1,flat_transformer,oracle_target,replace,0.0,-0.0006264286970282908,-0.0006540135396517802,-0.0006264286970282908,0.00043817038860558303
2027,P1,flat_transformer,oracle_target,replace,0.05,0.001961381220327,0.00218282925971506,0.0019977580446632797,0.00068104888341824
2027,P1,flat_transformer,oracle_target,replace,0.1,-0.00039992526815545994,-0.00077743098294358,-0.0009409618427994,0.00063917707051166
2027,P1,flat_transformer,oracle_target,replace,0.25,0.00029716898188854,-0.00010286618603825987,-0.0004424564796904599,0.00055213645155612
2027,P1,flat_transformer,oracle_target,replace,0.5,-0.0009222788816599149,-4.725690170567995e-05,-0.00270078688236322,0.0006653332161069
2027,P1,flat_transformer,oracle_target,replace,0.75,-0.01037212062598906,-0.01090051872692094,-0.0161115262880253,0.00289805697204142
2027,P1,flat_transformer,oracle_target,replace,1.0,-0.0171883242482856,-0.0453356339018814,,0.02814730965359572
2027,P1,flat_transformer,source_only,append,0.0,-0.0006264286970282908,-0.0006540135396517802,-0.0006264286970282908,0.00043817038860558303
2027,P1,flat_transformer,source_only,append,0.050332383665717,0.00316082732547908,0.00303993757692974,0.00365647529453132,0.0003491515737647
2027,P1,flat_transformer,source_only,append,0.0999099909990999,0.00192236680147704,0.0018296113944082201,0.0019056620362229802,0.000739295762264826
2027,P1,flat_transformer,source_only,append,0.2498124531132783,0.0025862713205557,0.0020242438895728,0.0017127879374012,0.00076699050465972
2027,P1,flat_transformer,source_only,append,0.5,0.0017592755407068966,0.00011517496043608015,-3.747582205035991e-05,0.00243867592755408
2027,P1,flat_transformer,source_only,append,0.75,0.00032827061719708004,0.0008604053103568526,-0.0007985317390539201,0.00011011957095128
2027,P1,flat_transformer,source_only,replace,0.0,-0.0006264286970282908,-0.0006540135396517802,-0.0006264286970282908,0.00043817038860558303
2027,P1,flat_transformer,source_only,replace,0.05,0.001961381220327,0.00218282925971506,0.0019977580446632797,0.00068104888341824
2027,P1,flat_transformer,source_only,replace,0.1,-0.00039992526815545994,-0.00077743098294358,-0.0009409618427994,0.00063917707051166
2027,P1,flat_transformer,source_only,replace,0.25,0.00029716898188854,-0.00010286618603825987,-0.0004424564796904599,0.00055213645155612
2027,P1,flat_transformer,source_only,replace,0.5,-0.0009222788816599149,-4.725690170567995e-05,-0.00270078688236322,0.0006653332161069
2027,P1,flat_transformer,source_only,replace,0.75,-0.01037212062598906,-0.01090051872692094,-0.0161115262880253,0.00289805697204142
2027,P1,flat_transformer,source_only,replace,1.0,-0.0171883242482856,-0.0453356339018814,,0.02814730965359572
2027,P1,flat_transformer,target_real_anchor,append,0.0,-0.0006264286970282908,-0.0012084578864075403,-0.0006264286970282908,0.00021793124670298
2027,P1,flat_transformer,target_real_anchor,append,0.050332383665717,0.00316082732547908,0.0032234701951819197,0.00365647529453132,0.00047157991911374
2027,P1,flat_transformer,target_real_anchor,append,0.0999099909990999,0.00192236680147704,0.0019501714436434,0.0019056620362229802,0.0005036706523650601
2027,P1,flat_transformer,target_real_anchor,append,0.2498124531132783,0.0025862713205557,0.00202578248637248,0.0017127879374012,0.00076743010374532
2027,P1,flat_transformer,target_real_anchor,append,0.5,0.0017592755407068966,0.0005007033585369601,-3.747582205035991e-05,0.00195203973975738
2027,P1,flat_transformer,target_real_anchor,append,0.75,0.00032827061719708004,0.000260462458238,-0.0007985317390539201,0.0005076270441357999
2027,P1,flat_transformer,target_real_anchor,replace,0.0,-0.0006264286970282908,-0.0012084578864075403,-0.0006264286970282908,0.00021793124670298
2027,P1,flat_transformer,target_real_anchor,replace,0.05,0.001961381220327,0.0014958457886407202,0.0019977580446632797,0.00012001055037806
2027,P1,flat_transformer,target_real_anchor,replace,0.1,-0.00039992526815545994,-0.00111625197819592,-0.0009409618427994,0.0005626868296113999
2027,P1,flat_transformer,target_real_anchor,replace,0.25,0.00029716898188854,-0.00042113592403726,-0.0004424564796904599,0.00106350008791976
2027,P1,flat_transformer,target_real_anchor,replace,0.5,-0.0009222788816599149,-0.0005627967293828,-0.00270078688236322,0.0006524749428520854
2027,P1,flat_transformer,target_real_anchor,replace,0.75,-0.01037212062598906,-0.012309543696149039,-0.0161115262880253,0.0032750131879725197
2027,P1,flat_transformer,target_real_anchor,replace,1.0,-0.0171883242482856,-0.04647430543344474,,0.02928598118515906
2027,P2,c2st_lr,oracle_target,append,0.0,-0.0006264286970282908,-0.0006362097766836398,-0.0006264286970282908,0.00041783893089509996
2027,P2,c2st_lr,oracle_target,append,0.050332383665717,0.00337139528749774,0.00418388429752068,0.00365647529453132,0.0007400650606647199
2027,P2,c2st_lr,oracle_target,append,0.0999099909990999,0.00293322489889216,0.0026577061719711198,0.0019056620362229802,0.0007174257077544797
2027,P2,c2st_lr,oracle_target,append,0.2498124531132783,0.00383407332512748,0.0035907552312292,0.0017127879374012,0.00045124846140316005
2027,P2,c2st_lr,oracle_target,append,0.5,-0.00033541410233866003,0.00019748988922097983,-3.747582205035991e-05,0.0
2027,P2,c2st_lr,oracle_target,append,0.75,-0.00286343854404778,-0.0029079479514682602,-0.0007985317390539201,0.00036200984701952
2027,P2,c2st_lr,oracle_target,replace,0.0,-0.0006264286970282908,-0.0006362097766836398,-0.0006264286970282908,0.00041783893089509996
2027,P2,c2st_lr,oracle_target,replace,0.05,0.0017394935818533402,0.0029678433268857996,0.0019977580446632797,0.00058873307543518
2027,P2,c2st_lr,oracle_target,replace,0.1,0.00025463777035336004,-7.407244592938006e-05,-0.0009409618427994,0.00013155002637592
2027,P2,c2st_lr,oracle_target,replace,0.25,0.0007386363636363999,0.00050575874802184,-0.0004424564796904599,0.00038992438895722
2027,P2,c2st_lr,oracle_target,replace,0.5,-0.0014565016704765799,-0.00170883154563036,-0.00270078688236322,0.00066665201336374
2027,P2,c2st_lr,oracle_target,replace,0.75,-0.0100929752066115,-0.01024969228063996,-0.0161115262880253,0.00061324072445924
2027,P2,c2st_lr,oracle_target,replace,1.0,-0.013308972217337862,-0.01395001758396342,,0.0009122780024616907
2027,P2,c2st_lr,source_only,append,0.0,-0.0006264286970282908,-0.00146848074556004,-0.0006264286970282908,9.143660981184e-05
2027,P2,c2st_lr,source_only,append,0.050332383665717,0.00337139528749774,0.00297212941797068,0.00365647529453132,0.00015265078248631999
2027,P2,c2st_lr,source_only,append,0.0999099909990999,0.00293322489889216,0.00208545806224716,0.0019056620362229802,6.63794619307e-05
2027,P2,c2st_lr,source_only,append,0.2498124531132783,0.00383407332512748,0.0034866801477053803,0.0017127879374012,0.00021990944258834
2027,P2,c2st_lr,source_only,append,0.5,-0.00033541410233866003,-0.00037519781958852,-3.747582205035991e-05,0.0003656365394759953
2027,P2,c2st_lr,source_only,append,0.75,-0.00286343854404778,-0.00307114911200982,-0.0007985317390539201,0.00012935203094775998
2027,P2,c2st_lr,source_only,replace,0.0,-0.0006264286970282908,-0.00146848074556004,-0.0006264286970282908,9.143660981184e-05
2027,P2,c2st_lr,source_only,replace,0.05,0.0017394935818533402,0.0014930982943554797,0.0019977580446632797,0.00037882451204500003
2027,P2,c2st_lr,source_only,replace,0.1,0.00025463777035336004,0.0004582820467733401,-0.0009409618427994,0.00047696500791282007
2027,P2,c2st_lr,source_only,replace,0.25,0.0007386363636363999,0.0004624582380869201,-0.0004424564796904599,0.0004707007209425
2027,P2,c2st_lr,source_only,replace,0.5,-0.0014565016704765799,-0.00217601547388786,-0.00270078688236322,0.00019716018990687282
2027,P2,c2st_lr,source_only,replace,0.75,-0.0100929752066115,-0.009937686829611339,-0.0161115262880253,0.0006757736943906599
2027,P2,c2st_lr,source_only,replace,1.0,-0.013308972217337862,-0.01422048092139962,,0.00016419025848430003
2027,P2,c2st_lr,target_real_anchor,append,0.0,-0.0006264286970282908,-0.0014543036750483602,-0.0006264286970282908,9.143660981184e-05
2027,P2,c2st_lr,target_real_anchor,append,0.050332383665717,0.00337139528749774,0.00296982152277114,0.00365647529453132,0.00015429927905748
2027,P2,c2st_lr,target_real_anchor,append,0.0999099909990999,0.00293322489889216,0.00208875505538942,0.0019056620362229802,6.0115174960419995e-05
2027,P2,c2st_lr,target_real_anchor,append,0.2498124531132783,0.00383407332512748,0.0035469052224372,0.0017127879374012,0.0002485932829259946
2027,P2,c2st_lr,target_real_anchor,append,0.5,-0.00033541410233866003,-0.0003769562159310399,-3.747582205035991e-05,0.0003573940566203527
2027,P2,c2st_lr,target_real_anchor,append,0.75,-0.00286343854404778,-0.00299147177773864,-0.0007985317390539201,0.00016155266397042001
2027,P2,c2st_lr,target_real_anchor,replace,0.0,-0.0006264286970282908,-0.0014543036750483602,-0.0006264286970282908,9.143660981184e-05
2027,P2,c2st_lr,target_real_anchor,replace,0.05,0.0017394935818533402,0.0014839766133286198,0.0019977580446632797,0.00037376912256020003
2027,P2,c2st_lr,target_real_anchor,replace,0.1,0.00025463777035336004,0.0004544355547739801,-0.0009409618427994,0.00047531651134166003
2027,P2,c2st_lr,target_real_anchor,replace,0.25,0.0007386363636363999,0.00040300246175498013,-0.0004424564796904599,0.0004707007209425
2027,P2,c2st_lr,target_real_anchor,replace,0.5,-0.0014565016704765799,-0.002175246175488,-0.00270078688236322,0.00019716018990687282
2027,P2,c2st_lr,target_real_anchor,replace,0.75,-0.0100929752066115,-0.0098929576226481,-0.0161115262880253,0.0006686302092491199
2027,P2,c2st_lr,target_real_anchor,replace,1.0,-0.013308972217337862,-0.01422487691225598,,0.00016419025848430003
2027,P2,c2st_xgb,oracle_target,append,0.0,-0.0006264286970282908,-0.00109504132231396,-0.0006264286970282908,0.0002102382627044363
2027,P2,c2st_xgb,oracle_target,append,0.050332383665717,0.00337139528749774,0.00337689027606818,0.00365647529453132,0.00046410673465795995
2027,P2,c2st_xgb,oracle_target,append,0.0999099909990999,0.00293322489889216,0.00254428960787756,0.0019056620362229802,9.868999472478e-05
2027,P2,c2st_xgb,oracle_target,append,0.2498124531132783,0.00383407332512748,0.0014881528046422,0.0017127879374012,0.00234592052048528
2027,P2,c2st_xgb,oracle_target,append,0.5,-0.00033541410233866003,7.736943907150021e-05,-3.747582205035991e-05,0.00039399068049934
2027,P2,c2st_xgb,oracle_target,append,0.75,-0.00286343854404778,-0.00294212678037626,-0.0007985317390539201,0.0009739317742218801
2027,P2,c2st_xgb,oracle_target,replace,0.0,-0.0006264286970282908,-0.00109504132231396,-0.0006264286970282908,0.0002102382627044363
2027,P2,c2st_xgb,oracle_target,replace,0.05,0.0017394935818533402,0.00097459117285036,0.0019977580446632797,0.0
2027,P2,c2st_xgb,oracle_target,replace,0.1,0.00025463777035336004,-0.00151090205732368,-0.0009409618427994,0.0
2027,P2,c2st_xgb,oracle_target,replace,0.25,0.0007386363636363999,0.0012045014946369798,-0.0004424564796904599,0.00039080358712854
2027,P2,c2st_xgb,oracle_target,replace,0.5,-0.0014565016704765799,-0.0007928169509407799,-0.00270078688236322,3.406892913658e-05
2027,P2,c2st_xgb,oracle_target,replace,0.75,-0.0100929752066115,-0.01148078951995772,-0.0161115262880253,0.0014499076841919798
2027,P2,c2st_xgb,oracle_target,replace,1.0,-0.013308972217337862,-0.0165804686126253,,0.00413794619307184
2027,P2,c2st_xgb,source_only,append,0.0,-0.0006264286970282908,-0.00109504132231396,-0.0006264286970282908,0.0002102382627044363
2027,P2,c2st_xgb,source_only,append,0.050332383665717,0.00337139528749774,0.00337689027606818,0.00365647529453132,0.00046410673465795995
2027,P2,c2st_xgb,source_only,append,0.0999099909990999,0.00293322489889216,0.00254000351679264,0.0019056620362229802,9.868999472478e-05
2027,P2,c2st_xgb,source_only,append,0.2498124531132783,0.00383407332512748,0.0014881528046422,0.0017127879374012,0.00234592052048528
2027,P2,c2st_xgb,source_only,append,0.5,-0.00033541410233866003,6.86873571302201e-05,-3.747582205035991e-05,0.00040267276244062005
2027,P2,c2st_xgb,source_only,append,0.75,-0.00286343854404778,-0.00294212678037626,-0.0007985317390539201,0.0009739317742218801
2027,P2,c2st_xgb,source_only,replace,0.0,-0.0006264286970282908,-0.00109504132231396,-0.0006264286970282908,0.0002102382627044363
2027,P2,c2st_xgb,source_only,replace,0.05,0.0017394935818533402,0.00097700896782136,0.0019977580446632797,0.0
2027,P2,c2st_xgb,source_only,replace,0.1,0.00025463777035336004,-0.00151090205732368,-0.0009409618427994,0.0
2027,P2,c2st_xgb,source_only,replace,0.25,0.0007386363636363999,0.00107240196940398,-0.0004424564796904599,0.00039080358712854
2027,P2,c2st_xgb,source_only,replace,0.5,-0.0014565016704765799,-0.000796113944083,-0.00270078688236322,3.406892913658e-05
2027,P2,c2st_xgb,source_only,replace,0.75,-0.0100929752066115,-0.01148078951995772,-0.0161115262880253,0.0014499076841919798
2027,P2,c2st_xgb,source_only,replace,1.0,-0.013308972217337862,-0.0165804686126253,,0.00413794619307184
2027,P2,c2st_xgb,target_real_anchor,append,0.0,-0.0006264286970282908,-0.0006881923685598597,-0.0006264286970282908,0.00029947687708802
2027,P2,c2st_xgb,target_real_anchor,append,0.050332383665717,0.00337139528749774,0.00340832161069094,0.00365647529453132,0.0004963073676806
2027,P2,c2st_xgb,target_real_anchor,append,0.0999099909990999,0.00293322489889216,0.00272947072270088,0.0019056620362229802,0.00025211007561102
2027,P2,c2st_xgb,target_real_anchor,append,0.2498124531132783,0.00383407332512748,0.0020471030420257004,0.0017127879374012,0.00178697028310178
2027,P2,c2st_xgb,target_real_anchor,append,0.5,-0.00033541410233866003,0.00027727712326358015,-3.747582205035991e-05,0.00026331985229467996
2027,P2,c2st_xgb,target_real_anchor,append,0.75,-0.00286343854404778,-0.00254769650079122,-0.0007985317390539201,0.00074775804466328
2027,P2,c2st_xgb,target_real_anchor,replace,0.0,-0.0006264286970282908,-0.0006881923685598597,-0.0006264286970282908,0.00029947687708802
2027,P2,c2st_xgb,target_real_anchor,replace,0.05,0.0017394935818533402,0.00103712414278168,0.0019977580446632797,3.703622296464e-05
2027,P2,c2st_xgb,target_real_anchor,replace,0.1,0.00025463777035336004,-0.00141737735185516,-0.0009409618427994,0.0
2027,P2,c2st_xgb,target_real_anchor,replace,0.25,0.0007386363636363999,0.0013529760858098198,-0.0004424564796904599,0.0003542069632495
2027,P2,c2st_xgb,target_real_anchor,replace,0.5,-0.0014565016704765799,-0.00054323457007218,-0.00270078688236322,0.0
2027,P2,c2st_xgb,target_real_anchor,replace,0.75,-0.0100929752066115,-0.01103921223843852,-0.0161115262880253,0.0010319588535256
2027,P2,c2st_xgb,target_real_anchor,replace,1.0,-0.013308972217337862,-0.0164402365043081,,0.0039447423949357605
2027,P2,char3gram,oracle_target,append,0.0,-0.0006264286970282908,-0.0017012484614032,-0.0006264286970282908,3.9563917706653126e-06
2027,P2,char3gram,oracle_target,append,0.050332383665717,0.00337139528749774,0.00253659662387894,0.00365647529453132,2.439774925266e-05
2027,P2,char3gram,oracle_target,append,0.0999099909990999,0.00293322489889216,0.00141462985756984,0.0019056620362229802,0.00039486987867060004
2027,P2,char3gram,oracle_target,append,0.2498124531132783,0.00383407332512748,0.00201028661860386,0.0017127879374012,0.00182378670652358
2027,P2,char3gram,oracle_target,append,0.5,-0.00033541410233866003,-0.00040245296289782,-3.747582205035991e-05,0.00053103569544568
2027,P2,char3gram,oracle_target,append,0.75,-0.00286343854404778,-0.00291146474415328,-0.0007985317390539201,0.0008065544223668
2027,P2,char3gram,oracle_target,replace,0.0,-0.0006264286970282908,-0.0017012484614032,-0.0006264286970282908,3.9563917706653126e-06
2027,P2,char3gram,oracle_target,replace,0.05,0.0017394935818533402,0.0013955072973447199,0.0019977580446632797,0.00046817302620008
2027,P2,char3gram,oracle_target,replace,0.1,0.00025463777035336004,-0.0010447072270090153,-0.0009409618427994,0.0007212721997538
2027,P2,char3gram,oracle_target,replace,0.25,0.0007386363636363999,0.00088711095480928,-0.0004424564796904599,0.0004324556004923
2027,P2,char3gram,oracle_target,replace,0.5,-0.0014565016704765799,0.00038322050290134,-0.00270078688236322,0.0
2027,P2,char3gram,oracle_target,replace,0.75,-0.0100929752066115,-0.00982800685774568,-0.0161115262880253,0.0010009671179883402
2027,P2,char3gram,oracle_target,replace,1.0,-0.013308972217337862,-0.01443170828204674,,0.00179290487075776
2027,P2,char3gram,source_only,append,0.0,-0.0006264286970282908,-0.0016871812906628799,-0.0006264286970282908,3.9563917706653126e-06
2027,P2,char3gram,source_only,append,0.050332383665717,0.00337139528749774,0.00253659662387894,0.00365647529453132,2.439774925266e-05
2027,P2,char3gram,source_only,append,0.0999099909990999,0.00293322489889216,0.00141462985756984,0.0019056620362229802,4.4069808334759995e-05
2027,P2,char3gram,source_only,append,0.2498124531132783,0.00383407332512748,0.00201028661860386,0.0017127879374012,0.00182378670652358
2027,P2,char3gram,source_only,append,0.5,-0.00033541410233866003,-0.00040717865306838,-3.747582205035991e-05,0.00053103569544568
2027,P2,char3gram,source_only,append,0.75,-0.00286343854404778,-0.0029101459468963598,-0.0007985317390539201,0.0008065544223668
2027,P2,char3gram,source_only,replace,0.0,-0.0006264286970282908,-0.0016871812906628799,-0.0006264286970282908,3.9563917706653126e-06
2027,P2,char3gram,source_only,replace,0.05,0.0017394935818533402,0.0013955072973447199,0.0019977580446632797,0.00046817302620008
2027,P2,char3gram,source_only,replace,0.1,0.00025463777035336004,-0.0010447072270090153,-0.0009409618427994,3.033233690874e-05
2027,P2,char3gram,source_only,replace,0.25,0.0007386363636363999,0.00088711095480928,-0.0004424564796904599,0.0004324556004923
2027,P2,char3gram,source_only,replace,0.5,-0.0014565016704765799,0.00038322050290134,-0.00270078688236322,0.0
2027,P2,char3gram,source_only,replace,0.75,-0.0100929752066115,-0.00982800685774568,-0.0161115262880253,0.0010009671179883402
2027,P2,char3gram,source_only,replace,1.0,-0.013308972217337862,-0.014459952523298718,,0.00179290487075776
2027,P2,char3gram,target_real_anchor,append,0.0,-0.0006264286970282908,-0.0014790311236152001,-0.0006264286970282908,3.670652365042e-05
2027,P2,char3gram,target_real_anchor,append,0.050332383665717,0.00337139528749774,0.00262220854580608,0.00365647529453132,3.033233690872e-05
2027,P2,char3gram,target_real_anchor,append,0.0999099909990999,0.00293322489889216,0.00221766748725152,0.0019056620362229802,0.00011528486020741802
2027,P2,char3gram,target_real_anchor,append,0.2498124531132783,0.00383407332512748,0.0021559038157201197,0.0017127879374012,0.00174960436082284
2027,P2,char3gram,target_real_anchor,append,0.5,-0.00033541410233866003,-0.00010550378055207993,-3.747582205035991e-05,0.00032365482679792
2027,P2,char3gram,target_real_anchor,append,0.75,-0.00286343854404778,-0.00251066027782666,-0.0007985317390539201,0.00071720590821174
2027,P2,char3gram,target_real_anchor,replace,0.0,-0.0006264286970282908,-0.0014790311236152001,-0.0006264286970282908,3.670652365042e-05
2027,P2,char3gram,target_real_anchor,replace,0.05,0.0017394935818533402,0.0016698171267803801,0.0019977580446632797,0.0005135616317917801
2027,P2,char3gram,target_real_anchor,replace,0.1,0.00025463777035336004,-0.00056301652892562,-0.0009409618427994,0.00015638737471426002
2027,P2,char3gram,target_real_anchor,replace,0.25,0.0007386363636363999,0.00089370494109376,-0.0004424564796904599,0.00027617812554944
2027,P2,char3gram,target_real_anchor,replace,0.5,-0.0014565016704765799,0.00023892210304197998,-0.00270078688236322,5.637858273252e-05
2027,P2,char3gram,target_real_anchor,replace,0.75,-0.0100929752066115,-0.009533475470371,-0.0161115262880253,0.0007953446456831201
2027,P2,char3gram,target_real_anchor,replace,1.0,-0.013308972217337862,-0.01439774925268154,,0.0015775013187971803
2027,P2,column_positional_ablation,oracle_target,append,0.0,-0.0006264286970282908,-0.0008866713557235731,-0.0006264286970282908,0.00010451468260942224
2027,P2,column_positional_ablation,oracle_target,append,0.050332383665717,0.00337139528749774,0.003525364867241,0.00365647529453132,0.00047509671179884
2027,P2,column_positional_ablation,oracle_target,append,0.0999099909990999,0.00293322489889216,0.00226910058027074,0.0019056620362229802,0.00028321171091964
2027,P2,column_positional_ablation,oracle_target,append,0.2498124531132783,0.00383407332512748,0.00224931862141736,0.0017127879374012,0.0015847547037101
2027,P2,column_positional_ablation,oracle_target,append,0.5,-0.00033541410233866003,0.00011000967117984015,-3.747582205035991e-05,0.00030222437137325997
2027,P2,column_positional_ablation,oracle_target,append,0.75,-0.00286343854404778,-0.00310653683840334,-0.0007985317390539201,0.0010372340425531799
2027,P2,column_positional_ablation,oracle_target,replace,0.0,-0.0006264286970282908,-0.0008866713557235731,-0.0006264286970282908,0.00010451468260942224
2027,P2,column_positional_ablation,oracle_target,replace,0.05,0.0017394935818533402,0.00128571742570768,0.0019977580446632797,0.00010066819061016
2027,P2,column_positional_ablation,oracle_target,replace,0.1,0.00025463777035336004,-0.0009982196237032202,-0.0009409618427994,5.5389484789900004e-05
2027,P2,column_positional_ablation,oracle_target,replace,0.25,0.0007386363636363999,0.00124648320731498,-0.0004424564796904599,0.00059268946720588
2027,P2,column_positional_ablation,oracle_target,replace,0.5,-0.0014565016704765799,0.00020869966590470005,-0.00270078688236322,1.3407772111873051e-05
2027,P2,column_positional_ablation,oracle_target,replace,0.75,-0.0100929752066115,-0.012454171795322619,-0.0161115262880253,0.0024574687884649
2027,P2,column_positional_ablation,oracle_target,replace,1.0,-0.013308972217337862,-0.02654870757868824,,0.01323973536135038
2027,P2,column_positional_ablation,source_only,append,0.0,-0.0006264286970282908,-0.0009111790047476732,-0.0006264286970282908,0.00010198698786701758
2027,P2,column_positional_ablation,source_only,append,0.050332383665717,0.00337139528749774,0.00352470546861252,0.00365647529453132,0.00047443731317037995
2027,P2,column_positional_ablation,source_only,append,0.0999099909990999,0.00293322489889216,0.00226239669421486,0.0019056620362229802,0.00028420080886232
2027,P2,column_positional_ablation,source_only,append,0.2498124531132783,0.00383407332512748,0.00224931862141736,0.0017127879374012,0.0015847547037101
2027,P2,column_positional_ablation,source_only,append,0.5,-0.00033541410233866003,0.00013023122911902003,-3.747582205035991e-05,0.00028376120977662
2027,P2,column_positional_ablation,source_only,append,0.75,-0.00286343854404778,-0.00308323808686472,-0.0007985317390539201,0.0010426191313522
2027,P2,column_positional_ablation,source_only,replace,0.0,-0.0006264286970282908,-0.0009111790047476732,-0.0006264286970282908,0.00010198698786701758
2027,P2,column_positional_ablation,source_only,replace,0.05,0.0017394935818533402,0.00127923333919468,0.0019977580446632797,0.00010198698786708
2027,P2,column_positional_ablation,source_only,replace,0.1,0.00025463777035336004,-0.0010022859152453002,-0.0009409618427994,5.5389484789900004e-05
2027,P2,column_positional_ablation,source_only,replace,0.25,0.0007386363636363999,0.00124648320731498,-0.0004424564796904599,0.00059268946720588
2027,P2,column_positional_ablation,source_only,replace,0.5,-0.0014565016704765799,0.00020869966590466002,-0.00270078688236322,1.3407772111873051e-05
2027,P2,column_positional_ablation,source_only,replace,0.75,-0.0100929752066115,-0.012454171795322619,-0.0161115262880253,0.0024574687884649
2027,P2,column_positional_ablation,source_only,replace,1.0,-0.013308972217337862,-0.02654870757868824,,0.01323973536135038
2027,P2,column_positional_ablation,target_real_anchor,append,0.0,-0.0006264286970282908,-0.0009339282574291896,-0.0006264286970282908,9.660189906802002e-05
2027,P2,column_positional_ablation,target_real_anchor,append,0.050332383665717,0.00337139528749774,0.00355514770529274,0.00365647529453132,0.0004703710216283
2027,P2,column_positional_ablation,target_real_anchor,append,0.0999099909990999,0.00293322489889216,0.00241768507121496,0.0019056620362229802,0.00033398540531032
2027,P2,column_positional_ablation,target_real_anchor,append,0.2498124531132783,0.00383407332512748,0.0025026375945138997,0.0017127879374012,0.00133143573061356
2027,P2,column_positional_ablation,target_real_anchor,append,0.5,-0.00033541410233866003,0.00014473799894492,-3.747582205035991e-05,0.0002909046949182
2027,P2,column_positional_ablation,target_real_anchor,append,0.75,-0.00286343854404778,-0.00300081325830844,-0.0007985317390539201,0.00099525232987518
2027,P2,column_positional_ablation,target_real_anchor,replace,0.0,-0.0006264286970282908,-0.0009339282574291896,-0.0006264286970282908,9.660189906802002e-05
2027,P2,column_positional_ablation,target_real_anchor,replace,0.05,0.0017394935818533402,0.0013520968876384002,0.0019977580446632797,0.00013572621768944
2027,P2,column_positional_ablation,target_real_anchor,replace,0.1,0.00025463777035336004,-0.00096019430279586,-0.0009409618427994,7.011605415864e-05
2027,P2,column_positional_ablation,target_real_anchor,replace,0.25,0.0007386363636363999,0.00125505538948484,-0.0004424564796904599,0.00057994109372254
2027,P2,column_positional_ablation,target_real_anchor,replace,0.5,-0.0014565016704765799,0.00025848426235276003,-0.00270078688236322,8.132583084230482e-06
2027,P2,column_positional_ablation,target_real_anchor,replace,0.75,-0.0100929752066115,-0.0121507385264638,-0.0161115262880253,0.00226448478987162
2027,P2,column_positional_ablation,target_real_anchor,replace,1.0,-0.013308972217337862,-0.026463755055389483,,0.013154782838051621
2027,P2,datum_transformer,oracle_target,append,0.0,-0.0006264286970282908,-0.0013956171971161802,-0.0006264286970282908,0.00011616405837872
2027,P2,datum_transformer,oracle_target,append,0.050332383665717,0.00337139528749774,0.00336820819412696,0.00365647529453132,0.00029574028486024
2027,P2,datum_transformer,oracle_target,append,0.0999099909990999,0.00293322489889216,0.002417135572358,0.0019056620362229802,0.00032838051696852243
2027,P2,datum_transformer,oracle_target,append,0.2498124531132783,0.00383407332512748,0.0022292069632496,0.0017127879374012,0.00160486636187788
2027,P2,datum_transformer,oracle_target,append,0.5,-0.00033541410233866003,-3.736592227893999e-05,-3.747582205035991e-05,0.00031892913662742
2027,P2,datum_transformer,oracle_target,append,0.75,-0.00286343854404778,-0.00316445401793568,-0.0007985317390539201,0.0008651310005275376
2027,P2,datum_transformer,oracle_target,replace,0.0,-0.0006264286970282908,-0.0013956171971161802,-0.0006264286970282908,0.00011616405837872
2027,P2,datum_transformer,oracle_target,replace,0.05,0.0017394935818533402,0.0013080270793036004,0.0019977580446632797,0.00037959381044484
2027,P2,datum_transformer,oracle_target,replace,0.1,0.00025463777035336004,-0.0013115438719887601,-0.0009409618427994,0.0
2027,P2,datum_transformer,oracle_target,replace,0.25,0.0007386363636363999,0.00123142693863196,-0.0004424564796904599,0.0003780552136451766
2027,P2,datum_transformer,oracle_target,replace,0.5,-0.0014565016704765799,-0.0002509011781255002,-0.00270078688236322,9.605240021096e-05
2027,P2,datum_transformer,oracle_target,replace,0.75,-0.0100929752066115,-0.013108405134517321,-0.0161115262880253,0.00301542992790574
2027,P2,datum_transformer,oracle_target,replace,1.0,-0.013308972217337862,-0.019115856339018862,,0.00580688412168094
2027,P2,datum_transformer,source_only,append,0.0,-0.0006264286970282908,-0.0013956171971161802,-0.0006264286970282908,0.00011616405837872
2027,P2,datum_transformer,source_only,append,0.050332383665717,0.00337139528749774,0.00336820819412696,0.00365647529453132,0.00029574028486024
2027,P2,datum_transformer,source_only,append,0.0999099909990999,0.00293322489889216,0.002417135572358,0.0019056620362229802,5.934587656056244e-05
2027,P2,datum_transformer,source_only,append,0.2498124531132783,0.00383407332512748,0.0021842579567434997,0.0017127879374012,0.00164981536838396
2027,P2,datum_transformer,source_only,append,0.5,-0.00033541410233866003,3.747582205028011e-05,-3.747582205035991e-05,0.00030991735537190003
2027,P2,datum_transformer,source_only,append,0.75,-0.00286343854404778,-0.003200611042729,-0.0007985317390539201,0.00097953666256376
2027,P2,datum_transformer,source_only,replace,0.0,-0.0006264286970282908,-0.0013956171971161802,-0.0006264286970282908,0.00011616405837872
2027,P2,datum_transformer,source_only,replace,0.05,0.0017394935818533402,0.0012505494988569801,0.0019977580446632797,0.00037607701775978
2027,P2,datum_transformer,source_only,replace,0.1,0.00025463777035336004,-0.0013115438719887601,-0.0009409618427994,0.0
2027,P2,datum_transformer,source_only,replace,0.25,0.0007386363636363999,0.00123142693863196,-0.0004424564796904599,0.0003780552136451766
2027,P2,datum_transformer,source_only,replace,0.5,-0.0014565016704765799,-0.00015803587128538008,-0.00270078688236322,9.605240021096e-05
2027,P2,datum_transformer,source_only,replace,0.75,-0.0100929752066115,-0.01324094425883596,-0.0161115262880253,0.0031479690522243802
2027,P2,datum_transformer,source_only,replace,1.0,-0.013308972217337862,-0.01841876208897488,,0.00510978987163696
2027,P2,datum_transformer,target_real_anchor,append,0.0,-0.0006264286970282908,-0.0017376252857392999,-0.0006264286970282908,0.00015990416739932
2027,P2,datum_transformer,target_real_anchor,append,0.050332383665717,0.00337139528749774,0.0029387198874625603,0.00365647529453132,0.00019056620362230002
2027,P2,datum_transformer,target_real_anchor,append,0.0999099909990999,0.00293322489889216,0.0020086381220327,0.0019056620362229802,3.692632319322e-05
2027,P2,datum_transformer,target_real_anchor,append,0.2498124531132783,0.00383407332512748,0.00237515385968002,0.0017127879374012,0.00145935906453314
2027,P2,datum_transformer,target_real_anchor,append,0.5,-0.00033541410233866003,0.00011275716546505984,-3.747582205035991e-05,0.00042069632495164
2027,P2,datum_transformer,target_real_anchor,append,0.75,-0.00286343854404778,-0.0028147529453138196,-0.0007985317390539201,0.0008915069456655201
2027,P2,datum_transformer,target_real_anchor,replace,0.0,-0.0006264286970282908,-0.0017376252857392999,-0.0006264286970282908,0.00015990416739932
2027,P2,datum_transformer,target_real_anchor,replace,0.05,0.0017394935818533402,0.0013691313522067,0.0019977580446632797,0.00048861438368208
2027,P2,datum_transformer,target_real_anchor,replace,0.1,0.00025463777035336004,-0.0014708985405310398,-0.0009409618427994,0.0
2027,P2,datum_transformer,target_real_anchor,replace,0.25,0.0007386363636363999,0.0010842711447161001,-0.0004424564796904599,0.00047179971865655995
2027,P2,datum_transformer,target_real_anchor,replace,0.5,-0.0014565016704765799,-0.00047432741339901996,-0.00270078688236322,0.00022628362933004
2027,P2,datum_transformer,target_real_anchor,replace,0.75,-0.0100929752066115,-0.013353591524529602,-0.0161115262880253,0.00326061631791802
2027,P2,datum_transformer,target_real_anchor,replace,1.0,-0.013308972217337862,-0.01718238966062956,,0.00427268331281868
2027,P2,flat_transformer,oracle_target,append,0.0,-0.0006264286970282908,-0.0011883462282397798,-0.0006264286970282908,0.00016671795322659999
2027,P2,flat_transformer,oracle_target,append,0.050332383665717,0.00337139528749774,0.00329116845436954,0.00365647529453132,0.00044322577809033993
2027,P2,flat_transformer,oracle_target,append,0.0999099909990999,0.00293322489889216,0.003082248988922,0.0019056620362229802,0.00043762088974843997
2027,P2,flat_transformer,oracle_target,append,0.2498124531132783,0.00383407332512748,0.0027803543168630797,0.0017127879374012,0.0010537190082643953
2027,P2,flat_transformer,oracle_target,append,0.5,-0.00033541410233866003,0.0009303015649727197,-3.747582205035991e-05,3.088183576578e-05
2027,P2,flat_transformer,oracle_target,append,0.75,-0.00286343854404778,-0.00299147177773862,-0.0007985317390539201,0.0009872296465623198
2027,P2,flat_transformer,oracle_target,replace,0.0,-0.0006264286970282908,-0.0011883462282397798,-0.0006264286970282908,0.00016671795322659999
2027,P2,flat_transformer,oracle_target,replace,0.05,0.0017394935818533402,0.0018379637770352397,0.0019977580446632797,0.0009586557059961
2027,P2,flat_transformer,oracle_target,replace,0.1,0.00025463777035336004,-0.00064906804993852,-0.0009409618427994,0.00042553191489358
2027,P2,flat_transformer,oracle_target,replace,0.25,0.0007386363636363999,0.0006701688060489397,-0.0004424564796904599,0.00072610778969578
2027,P2,flat_transformer,oracle_target,replace,0.5,-0.0014565016704765799,0.0001014374890099999,-0.00270078688236322,9.704149815368e-05
2027,P2,flat_transformer,oracle_target,replace,0.75,-0.0100929752066115,-0.01189412256022504,-0.0161115262880253,0.001801147353613535
2027,P2,flat_transformer,oracle_target,replace,1.0,-0.013308972217337862,-0.017508682081941302,,0.00472678916827844
2027,P2,flat_transformer,source_only,append,0.0,-0.0006264286970282908,-0.0011851591348689394,-0.0006264286970282908,0.00016990504659745997
2027,P2,flat_transformer,source_only,append,0.050332383665717,0.00337139528749774,0.0032836952699137403,0.00365647529453132,0.00043575259363454
2027,P2,flat_transformer,source_only,append,0.0999099909990999,0.00293322489889216,0.00307400650606634,0.0019056620362229802,0.00043762088974843997
2027,P2,flat_transformer,source_only,append,0.2498124531132783,0.00383407332512748,0.00277969491823462,0.0017127879374012,0.00105437840689286
2027,P2,flat_transformer,source_only,append,0.5,-0.00033541410233866003,0.0009355767540003602,-3.747582205035991e-05,3.1870933708440004e-05
2027,P2,flat_transformer,source_only,append,0.75,-0.00286343854404778,-0.00302015561807628,-0.0007985317390539201,0.00102734306312641
2027,P2,flat_transformer,source_only,replace,0.0,-0.0006264286970282908,-0.0011851591348689394,-0.0006264286970282908,0.00016990504659745997
2027,P2,flat_transformer,source_only,replace,0.05,0.0017394935818533402,0.0018053235449268998,0.0019977580446632797,0.000944368735713
2027,P2,flat_transformer,source_only,replace,0.1,0.00025463777035336004,-0.0006408255670828599,-0.0009409618427994,0.00043366449797786
2027,P2,flat_transformer,source_only,replace,0.25,0.0007386363636363999,0.0006754439950765398,-0.0004424564796904599,0.00072083260066818
2027,P2,flat_transformer,source_only,replace,0.5,-0.0014565016704765799,9.253560752591986e-05,-0.00270078688236322,9.704149815368e-05
2027,P2,flat_transformer,source_only,replace,0.75,-0.0100929752066115,-0.0120047916300334,-0.0161115262880253,0.001911816423421855
2027,P2,flat_transformer,source_only,replace,1.0,-0.013308972217337862,-0.01758517232284158,,0.00472678916827844
2027,P2,flat_transformer,target_real_anchor,append,0.0,-0.0006264286970282908,-0.0009056840161772203,-0.0006264286970282908,0.00036816423421835997
2027,P2,flat_transformer,target_real_anchor,append,0.050332383665717,0.00337139528749774,0.0032575391243184803,0.00365647529453132,0.00036486724107604
2027,P2,flat_transformer,target_real_anchor,append,0.0999099909990999,0.00293322489889216,0.00306356602778258,0.0019056620362229802,0.00041267364163879994
2027,P2,flat_transformer,target_real_anchor,append,0.2498124531132783,0.00383407332512748,0.00286695533673298,0.0017127879374012,0.00104086073500956
2027,P2,flat_transformer,target_real_anchor,append,0.5,-0.00033541410233866003,0.0010056928081590203,-3.747582205035991e-05,0.0
2027,P2,flat_transformer,target_real_anchor,append,0.75,-0.00286343854404778,-0.0023890012308774604,-0.0007985317390539201,0.00067445489713384
2027,P2,flat_transformer,target_real_anchor,replace,0.0,-0.0006264286970282908,-0.0009056840161772203,-0.0006264286970282908,0.00036816423421835997
2027,P2,flat_transformer,target_real_anchor,replace,0.05,0.0017394935818533402,0.00154453138737456,0.0019977580446632797,0.00075665992614734
2027,P2,flat_transformer,target_real_anchor,replace,0.1,0.00025463777035336004,-0.0006114823281168399,-0.0009409618427994,0.00036827413398978
2027,P2,flat_transformer,target_real_anchor,replace,0.25,0.0007386363636363999,0.0007681994021453,-0.0004424564796904599,0.00075512132934758
2027,P2,flat_transformer,target_real_anchor,replace,0.5,-0.0014565016704765799,0.00012682433620533998,-0.00270078688236322,0.00018298311939507998
2027,P2,flat_transformer,target_real_anchor,replace,0.75,-0.0100929752066115,-0.01177729910321782,-0.0161115262880253,0.0017951028661860329
2027,P2,flat_transformer,target_real_anchor,replace,1.0,-0.013308972217337862,-0.0173518551081414,,0.00436346052400206
2027,P3,char3gram,oracle_target,append,0.0,-0.00531345513304206,-0.00825250192455736,-0.00531345513304206,0.00035213683031121997
2027,P3,char3gram,oracle_target,append,0.050332383665717,0.00140366923528382,0.00024695310177673993,0.0015539752589578,0.0010756179544051
2027,P3,char3gram,oracle_target,append,0.0999099909990999,0.00844122287517438,0.00662748953879216,0.007778108064848061,0.00256831225847758
2027,P3,char3gram,oracle_target,append,0.2498124531132783,0.00362807643350936,0.00028384362685695993,-0.0008460430338646,0.00375673595073122
2027,P3,char3gram,oracle_target,append,0.5,0.00038262486756761993,0.00622901089185128,0.00134391268226134,0.0
2027,P3,char3gram,oracle_target,append,0.75,-0.0020451375391581,0.00344362380810824,-0.00657169643061314,0.0
2027,P3,char3gram,oracle_target,replace,0.0,-0.00531345513304206,-0.00825250192455736,-0.00531345513304206,0.00035213683031121997
2027,P3,char3gram,oracle_target,replace,0.05,0.0012372045518640002,0.0013740958391451404,0.0003176853482115402,0.0011652527839389399
2027,P3,char3gram,oracle_target,replace,0.1,0.00146434042942398,0.00130793679829872,-0.00052866256602568,0.00047225969710131997
2027,P3,char3gram,oracle_target,replace,0.25,-0.0018612946745021,-4.756133811993999e-05,-0.00605035099352886,0.0006164681133240045
2027,P3,char3gram,oracle_target,replace,0.5,-0.00381039489630252,-0.0028896561711597795,-0.00979855029382842,0.0006503098346785984
2027,P3,char3gram,oracle_target,replace,0.75,-0.0037725897301047,-0.0015338531543685802,-0.03377434279224688,0.0
2027,P3,char3gram,oracle_target,replace,1.0,-0.0052439424080976205,-0.0011262280962507597,,0.0
2027,P3,char3gram,source_only,append,0.0,-0.00531345513304206,,-0.00531345513304206,
2027,P3,char3gram,source_only,append,0.050332383665717,0.00140366923528382,,0.0015539752589578,
2027,P3,char3gram,source_only,append,0.0999099909990999,0.00844122287517438,,0.007778108064848061,
2027,P3,char3gram,source_only,append,0.2498124531132783,0.00362807643350936,,-0.0008460430338646,
2027,P3,char3gram,source_only,append,0.5,0.00038262486756761993,,0.00134391268226134,
2027,P3,char3gram,source_only,append,0.75,-0.0020451375391581,,-0.00657169643061314,
2027,P3,char3gram,source_only,replace,0.0,-0.00531345513304206,,-0.00531345513304206,
2027,P3,char3gram,source_only,replace,0.05,0.0012372045518640002,,0.0003176853482115402,
2027,P3,char3gram,source_only,replace,0.1,0.00146434042942398,,-0.00052866256602568,
2027,P3,char3gram,source_only,replace,0.25,-0.0018612946745021,,-0.00605035099352886,
2027,P3,char3gram,source_only,replace,0.5,-0.00381039489630252,,-0.00979855029382842,
2027,P3,char3gram,source_only,replace,0.75,-0.0037725897301047,,-0.03377434279224688,
2027,P3,char3gram,source_only,replace,1.0,-0.0052439424080976205,,,
2027,P3,char3gram,target_real_anchor,append,0.0,-0.00531345513304206,-0.00793420681560062,-0.00531345513304206,0.002835692345216
2027,P3,char3gram,target_real_anchor,append,0.050332383665717,0.00140366923528382,0.00047164993635625955,0.0015539752589578,0.00135001028971256
2027,P3,char3gram,target_real_anchor,append,0.0999099909990999,0.00844122287517438,0.0076375582130961215,0.007778108064848061,0.00145488913787452
2027,P3,char3gram,target_real_anchor,append,0.2498124531132783,0.00362807643350936,0.00102134924808874,-0.0008460430338646,0.0030280718603037404
2027,P3,char3gram,target_real_anchor,append,0.5,0.00038262486756761993,0.00600614333950716,0.00134391268226134,0.0
2027,P3,char3gram,target_real_anchor,append,0.75,-0.0020451375391581,0.0036064299270573198,-0.00657169643061314,0.0
2027,P3,char3gram,target_real_anchor,replace,0.0,-0.00531345513304206,-0.00793420681560062,-0.00531345513304206,0.002835692345216
2027,P3,char3gram,target_real_anchor,replace,0.05,0.0012372045518640002,0.001573182722429261,0.0003176853482115402,0.0010972644608572
2027,P3,char3gram,target_real_anchor,replace,0.1,0.00146434042942398,0.00162348798390228,-0.00052866256602568,0.0014067180390093998
2027,P3,char3gram,target_real_anchor,replace,0.25,-0.0018612946745021,0.00037683214048886,-0.00605035099352886,0.00034390506025196003
2027,P3,char3gram,target_real_anchor,replace,0.5,-0.00381039489630252,-0.00241739647405848,-0.00979855029382842,0.0006576269636201599
2027,P3,char3gram,target_real_anchor,replace,0.75,-0.0037725897301047,-0.0017484889366535003,-0.03377434279224688,4.146373066868e-05
2027,P3,char3gram,target_real_anchor,replace,1.0,-0.0052439424080976205,-0.00051341854739748,,0.0
2027,P3,column_positional_ablation,source_only,append,0.0,-0.00531345513304206,,-0.00531345513304206,
2027,P3,column_positional_ablation,source_only,append,0.050332383665717,0.00140366923528382,,0.0015539752589578,
2027,P3,column_positional_ablation,source_only,append,0.0999099909990999,0.00844122287517438,,0.007778108064848061,
2027,P3,column_positional_ablation,source_only,append,0.2498124531132783,0.00362807643350936,,-0.0008460430338646,
2027,P3,column_positional_ablation,source_only,append,0.5,0.00038262486756761993,,0.00134391268226134,
2027,P3,column_positional_ablation,source_only,append,0.75,-0.0020451375391581,,-0.00657169643061314,
2027,P3,column_positional_ablation,source_only,replace,0.0,-0.00531345513304206,,-0.00531345513304206,
2027,P3,column_positional_ablation,source_only,replace,0.05,0.0012372045518640002,,0.0003176853482115402,
2027,P3,column_positional_ablation,source_only,replace,0.1,0.00146434042942398,,-0.00052866256602568,
2027,P3,column_positional_ablation,source_only,replace,0.25,-0.0018612946745021,,-0.00605035099352886,
2027,P3,column_positional_ablation,source_only,replace,0.5,-0.00381039489630252,,-0.00979855029382842,
2027,P3,column_positional_ablation,source_only,replace,0.75,-0.0037725897301047,,-0.03377434279224688,
2027,P3,column_positional_ablation,source_only,replace,1.0,-0.0052439424080976205,,,
2027,P3,column_positional_ablation,target_real_anchor,append,0.0,-0.00531345513304206,-0.005356443265573619,-0.00531345513304206,0.00107195938993436
2027,P3,column_positional_ablation,target_real_anchor,append,0.050332383665717,0.00140366923528382,0.0005350650538494803,0.0015539752589578,0.0008686041814342999
2027,P3,column_positional_ablation,target_real_anchor,append,0.0999099909990999,0.00844122287517438,0.00928635126792128,0.007778108064848061,0.00102866637703028
2027,P3,column_positional_ablation,target_real_anchor,append,0.2498124531132783,0.00362807643350936,0.00386374896150122,-0.0008460430338646,0.00065274887765908
2027,P3,column_positional_ablation,target_real_anchor,append,0.5,0.00038262486756761993,0.00108598388707234,0.00134391268226134,3.1402678374076526e-05
2027,P3,column_positional_ablation,target_real_anchor,append,0.75,-0.0020451375391581,-0.0019939176365674,-0.00657169643061314,0.00018475750577366
2027,P3,column_positional_ablation,target_real_anchor,replace,0.0,-0.00531345513304206,-0.005356443265573619,-0.00531345513304206,0.00107195938993436
2027,P3,column_positional_ablation,target_real_anchor,replace,0.05,0.0012372045518640002,0.00171708625827942,0.0003176853482115402,0.00011067157524064
2027,P3,column_positional_ablation,target_real_anchor,replace,0.1,0.00146434042942398,0.0017829404187531199,-0.00052866256602568,0.00068018811118986
2027,P3,column_positional_ablation,target_real_anchor,replace,0.25,-0.0018612946745021,-0.00145427937712938,-0.00605035099352886,0.00044786926729624004
2027,P3,column_positional_ablation,target_real_anchor,replace,0.5,-0.00381039489630252,-0.00344819701369668,-0.00979855029382842,0.0003195146304468164
2027,P3,column_positional_ablation,target_real_anchor,replace,0.75,-0.0037725897301047,-0.0037808215001639,-0.03377434279224688,0.00044116189909982
2027,P3,column_positional_ablation,target_real_anchor,replace,1.0,-0.0052439424080976205,-0.00497930624471226,,0.00048902811759234
2027,P3,datum_ta,oracle_target,append,0.0,-0.00531345513304206,-0.00411283622588582,-0.00531345513304206,0.00171800089939706
2027,P3,datum_ta,oracle_target,append,0.050332383665717,0.00140366923528382,0.00294697368120184,0.0015539752589578,0.00123385086776574
2027,P3,datum_ta,oracle_target,append,0.0999099909990999,0.00844122287517438,0.00621894983955672,0.007778108064848061,0.0030411817163240396
2027,P3,datum_ta,oracle_target,append,0.2498124531132783,0.00362807643350936,0.004787231609997,-0.0008460430338646,0.00060152897506836
2027,P3,datum_ta,oracle_target,append,0.5,0.00038262486756761993,0.00393692025091654,0.00134391268226134,9.817147996552e-05
2027,P3,datum_ta,oracle_target,append,0.75,-0.0020451375391581,0.00016768420491007993,-0.00657169643061314,0.0
2027,P3,datum_ta,oracle_target,replace,0.0,-0.00531345513304206,-0.00411283622588582,-0.00531345513304206,0.00171800089939706
2027,P3,datum_ta,oracle_target,replace,0.05,0.0012372045518640002,-0.0016195245390589399,0.0003176853482115402,0.00363112523723502
2027,P3,datum_ta,oracle_target,replace,0.1,0.00146434042942398,0.00459393745379156,-0.00052866256602568,0.00045091807102185996
2027,P3,datum_ta,oracle_target,replace,0.25,-0.0018612946745021,-0.0022969687268957805,-0.00605035099352886,0.0028039847864694
2027,P3,datum_ta,oracle_target,replace,0.5,-0.00381039489630252,-0.0013058026356907197,-0.00979855029382842,0.00095671460910524
2027,P3,datum_ta,oracle_target,replace,0.75,-0.0037725897301047,-0.0039759449386046804,-0.03377434279224688,0.00149269430407238
2027,P3,datum_ta,oracle_target,replace,1.0,-0.0052439424080976205,-0.0016500125763154003,,0.00102866637703028
2027,P3,datum_ta,source_only,append,0.0,-0.00531345513304206,,-0.00531345513304206,
2027,P3,datum_ta,source_only,append,0.050332383665717,0.00140366923528382,,0.0015539752589578,
2027,P3,datum_ta,source_only,append,0.0999099909990999,0.00844122287517438,,0.007778108064848061,
2027,P3,datum_ta,source_only,append,0.2498124531132783,0.00362807643350936,,-0.0008460430338646,
2027,P3,datum_ta,source_only,append,0.5,0.00038262486756761993,,0.00134391268226134,
2027,P3,datum_ta,source_only,append,0.75,-0.0020451375391581,,-0.00657169643061314,
2027,P3,datum_ta,source_only,replace,0.0,-0.00531345513304206,,-0.00531345513304206,
2027,P3,datum_ta,source_only,replace,0.05,0.0012372045518640002,,0.0003176853482115402,
2027,P3,datum_ta,source_only,replace,0.1,0.00146434042942398,,-0.00052866256602568,
2027,P3,datum_ta,source_only,replace,0.25,-0.0018612946745021,,-0.00605035099352886,
2027,P3,datum_ta,source_only,replace,0.5,-0.00381039489630252,,-0.00979855029382842,
2027,P3,datum_ta,source_only,replace,0.75,-0.0037725897301047,,-0.03377434279224688,
2027,P3,datum_ta,source_only,replace,1.0,-0.0052439424080976205,,,
2027,P3,datum_ta,target_real_anchor,append,0.0,-0.00531345513304206,-0.0033433181655347006,-0.00531345513304206,0.00087836035335632
2027,P3,datum_ta,target_real_anchor,append,0.050332383665717,0.00140366923528382,0.00442899717223456,0.0015539752589578,0.00099787345940138
2027,P3,datum_ta,target_real_anchor,append,0.0999099909990999,0.00844122287517438,0.006360109452053781,0.007778108064848061,0.00348325825654154
2027,P3,datum_ta,target_real_anchor,append,0.2498124531132783,0.00362807643350936,0.00548876134726632,-0.0008460430338646,0.00019390391695054
2027,P3,datum_ta,target_real_anchor,append,0.5,0.00038262486756761993,0.00518510049619282,0.00134391268226134,0.0
2027,P3,datum_ta,target_real_anchor,append,0.75,-0.0020451375391581,0.0006268340459911201,-0.00657169643061314,0.0
2027,P3,datum_ta,target_real_anchor,replace,0.0,-0.00531345513304206,-0.0033433181655347006,-0.00531345513304206,0.00087836035335632
2027,P3,datum_ta,target_real_anchor,replace,0.05,0.0012372045518640002,-0.000255794632581,0.0003176853482115402,0.001492999184445001
2027,P3,datum_ta,target_real_anchor,replace,0.1,0.00146434042942398,0.00508022164803084,-0.00052866256602568,0.0
2027,P3,datum_ta,target_real_anchor,replace,0.25,-0.0018612946745021,0.0007027492587596001,-0.00605035099352886,0.0004591498410811
2027,P3,datum_ta,target_real_anchor,replace,0.5,-0.00381039489630252,-0.0006807978719349598,-0.00979855029382842,0.00039299080023476
2027,P3,datum_ta,target_real_anchor,replace,0.75,-0.0037725897301047,-0.0030869137722086704,-0.03377434279224688,0.00061098026661788
2027,P3,datum_ta,target_real_anchor,replace,1.0,-0.0052439424080976205,-0.00318569501291934,,0.00092195824663298
2027,P3,datum_transformer,source_only,append,0.0,-0.00531345513304206,,-0.00531345513304206,
2027,P3,datum_transformer,source_only,append,0.050332383665717,0.00140366923528382,,0.0015539752589578,
2027,P3,datum_transformer,source_only,append,0.0999099909990999,0.00844122287517438,,0.007778108064848061,
2027,P3,datum_transformer,source_only,append,0.2498124531132783,0.00362807643350936,,-0.0008460430338646,
2027,P3,datum_transformer,source_only,append,0.5,0.00038262486756761993,,0.00134391268226134,
2027,P3,datum_transformer,source_only,append,0.75,-0.0020451375391581,,-0.00657169643061314,
2027,P3,datum_transformer,source_only,replace,0.0,-0.00531345513304206,,-0.00531345513304206,
2027,P3,datum_transformer,source_only,replace,0.05,0.0012372045518640002,,0.0003176853482115402,
2027,P3,datum_transformer,source_only,replace,0.1,0.00146434042942398,,-0.00052866256602568,
2027,P3,datum_transformer,source_only,replace,0.25,-0.0018612946745021,,-0.00605035099352886,
2027,P3,datum_transformer,source_only,replace,0.5,-0.00381039489630252,,-0.00979855029382842,
2027,P3,datum_transformer,source_only,replace,0.75,-0.0037725897301047,,-0.03377434279224688,
2027,P3,datum_transformer,source_only,replace,1.0,-0.0052439424080976205,,,
2027,P3,datum_transformer,target_real_anchor,append,0.0,-0.00531345513304206,-0.00514942949260282,-0.00531345513304206,0.00071951767925066
2027,P3,datum_transformer,target_real_anchor,append,0.050332383665717,0.00140366923528382,0.0016789762117088796,0.0015539752589578,0.00040853969923554
2027,P3,datum_transformer,target_real_anchor,append,0.0999099909990999,0.00844122287517438,0.007656460796195019,0.007778108064848061,0.0011945212997050401
2027,P3,datum_transformer,target_real_anchor,append,0.2498124531132783,0.00362807643350936,0.00258264163598812,-0.0008460430338646,0.0010454347975212457
2027,P3,datum_transformer,target_real_anchor,append,0.5,0.00038262486756761993,-0.00010914717337779994,0.00134391268226134,0.00050945510255406
2027,P3,datum_transformer,target_real_anchor,append,0.75,-0.0020451375391581,-0.0017740988879488399,-0.00657169643061314,9.054947065142e-05
2027,P3,datum_transformer,target_real_anchor,replace,0.0,-0.00531345513304206,-0.00514942949260282,-0.00531345513304206,0.00071951767925066
2027,P3,datum_transformer,target_real_anchor,replace,0.05,0.0012372045518640002,-0.00045030831027674,0.0003176853482115402,0.0016875128621407199
2027,P3,datum_transformer,target_real_anchor,replace,0.1,0.00146434042942398,-3.628076433509972e-05,-0.00052866256602568,0.00213233332571128
2027,P3,datum_transformer,target_real_anchor,replace,0.25,-0.0018612946745021,-0.003948505705073919,-0.00605035099352886,0.0023097737025434195
2027,P3,datum_transformer,target_real_anchor,replace,0.5,-0.00381039489630252,-0.0023439203042706198,-0.00979855029382842,0.0
2027,P3,datum_transformer,target_real_anchor,replace,0.75,-0.0037725897301047,-0.00395063986768198,-0.03377434279224688,0.0006597611262280599
2027,P3,datum_transformer,target_real_anchor,replace,1.0,-0.0052439424080976205,-0.00502503830059674,,0.00020152592626462
2027,P3,flat_transformer,oracle_target,append,0.0,-0.00531345513304206,-0.00707231000236274,-0.00531345513304206,0.0
2027,P3,flat_transformer,oracle_target,append,0.050332383665717,0.00140366923528382,0.00025792879518898024,0.0015539752589578,0.00039512496284268005
2027,P3,flat_transformer,oracle_target,append,0.0999099909990999,0.00844122287517438,0.008541223637375259,0.007778108064848061,0.00167989085282658
2027,P3,flat_transformer,oracle_target,append,0.2498124531132783,0.00362807643350936,0.00030670965479919984,-0.0008460430338646,0.0037122234163369803
2027,P3,flat_transformer,oracle_target,append,0.5,0.00038262486756761993,0.0019100755341123598,0.00134391268226134,0.0006728709822483001
2027,P3,flat_transformer,oracle_target,append,0.75,-0.0020451375391581,0.0014484866500506601,-0.00657169643061314,0.0
2027,P3,flat_transformer,oracle_target,replace,0.0,-0.00531345513304206,-0.00707231000236274,-0.00531345513304206,0.0
2027,P3,flat_transformer,oracle_target,replace,0.05,0.0012372045518640002,0.0018509287418350198,0.0003176853482115402,0.0009125069550835
2027,P3,flat_transformer,oracle_target,replace,0.1,0.00146434042942398,0.0015585484645462386,-0.00052866256602568,0.0014981821507786
2027,P3,flat_transformer,oracle_target,replace,0.25,-0.0018612946745021,-0.00264758115534416,-0.00605035099352886,0.00263111761522572
2027,P3,flat_transformer,oracle_target,replace,0.5,-0.00381039489630252,-0.0016561101837666201,-0.00979855029382842,0.00076463997439004
2027,P3,flat_transformer,oracle_target,replace,0.75,-0.0037725897301047,0.00122897278180468,-0.03377434279224688,0.00034542946211478
2027,P3,flat_transformer,oracle_target,replace,1.0,-0.0052439424080976205,-0.0056972995221,,0.0020250154345688603
2027,P3,flat_transformer,source_only,append,0.0,-0.00531345513304206,-0.033835928627504716,-0.00531345513304206,0.02909534371451004
2027,P3,flat_transformer,source_only,append,0.050332383665717,0.00140366923528382,-0.03759174993711832,0.0015539752589578,0.03899541917240218
2027,P3,flat_transformer,source_only,append,0.0999099909990999,0.00844122287517438,-0.04107256915067948,0.007778108064848061,0.04951379202585388
2027,P3,flat_transformer,source_only,append,0.2498124531132783,0.00362807643350936,-0.023298653190954137,-0.0008460430338646,0.02692672962446354
2027,P3,flat_transformer,source_only,append,0.5,0.00038262486756761993,-0.04118507000815542,0.00134391268226134,0.041567694875723024
2027,P3,flat_transformer,source_only,append,0.75,-0.0020451375391581,-0.02861149856325118,-0.00657169643061314,0.02656636102409308
2027,P3,flat_transformer,source_only,replace,0.0,-0.00531345513304206,-0.033835928627504716,-0.00531345513304206,0.02909534371451004
2027,P3,flat_transformer,source_only,replace,0.05,0.0012372045518640002,-0.03067706308737102,0.0003176853482115402,0.031914267639235036
2027,P3,flat_transformer,source_only,replace,0.1,0.00146434042942398,-0.05713458181845894,-0.00052866256602568,0.05859892224788295
2027,P3,flat_transformer,source_only,replace,0.25,-0.0018612946745021,-0.0504912385002934,-0.00605035099352886,0.04862994382579128
2027,P3,flat_transformer,source_only,replace,0.5,-0.00381039489630252,-0.03431977377876348,-0.00979855029382842,0.030509378882461004
2027,P3,flat_transformer,source_only,replace,0.75,-0.0037725897301047,-0.09279674387762105,-0.03377434279224688,0.08902415414751637
2027,P3,flat_transformer,source_only,replace,1.0,-0.0052439424080976205,,,
2027,P3,flat_transformer,target_real_anchor,append,0.0,-0.00531345513304206,-0.006722612215032101,-0.00531345513304206,0.0018814167790913
2027,P3,flat_transformer,target_real_anchor,append,0.050332383665717,0.00140366923528382,0.00024817262326698003,0.0015539752589578,0.0014524500948939999
2027,P3,flat_transformer,target_real_anchor,append,0.0999099909990999,0.00844122287517438,0.008965007355238901,0.007778108064848061,0.0007350665782513895
2027,P3,flat_transformer,target_real_anchor,append,0.2498124531132783,0.00362807643350936,0.00081646963772586,-0.0008460430338646,0.0031045968338173
2027,P3,flat_transformer,target_real_anchor,append,0.5,0.00038262486756761993,0.00154604836927106,0.00134391268226134,0.00066220016920858
2027,P3,flat_transformer,target_real_anchor,append,0.75,-0.0020451375391581,0.0008585431291396198,-0.00657169643061314,0.0
2027,P3,flat_transformer,target_real_anchor,replace,0.0,-0.00531345513304206,-0.006722612215032101,-0.00531345513304206,0.0018814167790913
2027,P3,flat_transformer,target_real_anchor,replace,0.05,0.0012372045518640002,0.0018472701773641798,0.0003176853482115402,0.00028170946424895996
2027,P3,flat_transformer,target_real_anchor,replace,0.1,0.00146434042942398,0.0012161678061571,-0.00052866256602568,0.00079970121723486
2027,P3,flat_transformer,target_real_anchor,replace,0.25,-0.0018612946745021,-0.00248721407937562,-0.00605035099352886,0.0018850753435620399
2027,P3,flat_transformer,target_real_anchor,replace,0.5,-0.00381039489630252,-0.0019939176365672607,-0.00979855029382842,0.0008731773870227401
2027,P3,flat_transformer,target_real_anchor,replace,0.75,-0.0037725897301047,0.0008442137516292199,-0.03377434279224688,0.00036158812186066
2027,P3,flat_transformer,target_real_anchor,replace,1.0,-0.0052439424080976205,-0.006492122653373861,,0.0018917827117584402
2027,P4,char3gram,oracle_target,append,0.0,-0.00531345513304206,-0.00824487991524324,-0.00531345513304206,0.00045366199437496
2027,P4,char3gram,oracle_target,append,0.050332383665717,0.00242257944039206,0.0012731804358265797,0.0015539752589578,0.00068963940273932
2027,P4,char3gram,oracle_target,append,0.0999099909990999,0.00791347495026634,0.00763603381123332,0.007778108064848061,0.0019783687375665602
2027,P4,char3gram,oracle_target,append,0.2498124531132783,0.00610797338394342,0.00392624943787678,-0.0008460430338646,0.0024097744647443202
2027,P4,char3gram,oracle_target,append,0.5,0.0037927118346938195,0.00665675805455834,0.00134391268226134,0.00047347921859158
2027,P4,char3gram,oracle_target,append,0.75,-0.00265245924130518,-0.00029451443989667996,-0.00657169643061314,0.0
2027,P4,char3gram,oracle_target,replace,0.0,-0.00531345513304206,-0.00824487991524324,-0.00531345513304206,0.00045366199437496
2027,P4,char3gram,oracle_target,replace,0.05,0.00258294651636072,0.00334636696926044,0.0003176853482115402,0.00143812071738348
2027,P4,char3gram,oracle_target,replace,0.1,0.002803984786469419,0.00321252448570498,-0.00052866256602568,0.00028841683244538
2027,P4,char3gram,oracle_target,replace,0.25,-0.00225489523548202,-0.002328371405269839,-0.00605035099352886,0.00048445491200389997
2027,P4,char3gram,oracle_target,replace,0.5,0.0004661620896501007,0.00167409812574798,-0.00979855029382842,0.00051829663335844
2027,P4,char3gram,oracle_target,replace,0.75,-0.0063515728016219795,-0.00872902994687462,-0.03377434279224688,0.00238873771903744
2027,P4,char3gram,oracle_target,replace,1.0,8.963482953375998e-05,-0.0015179993749952602,,0.00299971798565532
2027,P4,char3gram,source_only,append,0.0,-0.00531345513304206,,-0.00531345513304206,
2027,P4,char3gram,source_only,append,0.050332383665717,0.00242257944039206,,0.0015539752589578,
2027,P4,char3gram,source_only,append,0.0999099909990999,0.00791347495026634,,0.007778108064848061,
2027,P4,char3gram,source_only,append,0.2498124531132783,0.00610797338394342,,-0.0008460430338646,
2027,P4,char3gram,source_only,append,0.5,0.0037927118346938195,,0.00134391268226134,
2027,P4,char3gram,source_only,append,0.75,-0.00265245924130518,,-0.00657169643061314,
2027,P4,char3gram,source_only,replace,0.0,-0.00531345513304206,,-0.00531345513304206,
2027,P4,char3gram,source_only,replace,0.05,0.00258294651636072,,0.0003176853482115402,
2027,P4,char3gram,source_only,replace,0.1,0.002803984786469419,,-0.00052866256602568,
2027,P4,char3gram,source_only,replace,0.25,-0.00225489523548202,,-0.00605035099352886,
2027,P4,char3gram,source_only,replace,0.5,0.0004661620896501007,,-0.00979855029382842,
2027,P4,char3gram,source_only,replace,0.75,-0.0063515728016219795,,-0.03377434279224688,
2027,P4,char3gram,source_only,replace,1.0,8.963482953375998e-05,,,
2027,P4,char3gram,target_real_anchor,append,0.0,-0.00531345513304206,-0.00793420681560062,-0.00531345513304206,0.002835692345216
2027,P4,char3gram,target_real_anchor,append,0.050332383665717,0.00242257944039206,0.00148415765364066,0.0015539752589578,0.0012933025404157001
2027,P4,char3gram,target_real_anchor,append,0.0999099909990999,0.00791347495026634,0.00833329522328674,0.007778108064848061,0.00159330482701848
2027,P4,char3gram,target_real_anchor,append,0.2498124531132783,0.00610797338394342,0.00418448311343834,-0.0008460430338646,0.00222379743748038
2027,P4,char3gram,target_real_anchor,append,0.5,0.0037927118346938195,0.006185717878947301,0.00134391268226134,0.00042317395711855997
2027,P4,char3gram,target_real_anchor,append,0.75,-0.00265245924130518,-0.00083171365635408,-0.00657169643061314,0.00014786698069344
2027,P4,char3gram,target_real_anchor,replace,0.0,-0.00531345513304206,-0.00793420681560062,-0.00531345513304206,0.002835692345216
2027,P4,char3gram,target_real_anchor,replace,0.05,0.00258294651636072,0.0029384370307700804,0.0003176853482115402,0.0009862880052439401
2027,P4,char3gram,target_real_anchor,replace,0.1,0.002803984786469419,0.00366039375300114,-0.00052866256602568,0.00040274697215676
2027,P4,char3gram,target_real_anchor,replace,0.25,-0.00225489523548202,-0.0023417861416626397,-0.00605035099352886,0.00039390544135238005
2027,P4,char3gram,target_real_anchor,replace,0.5,0.0004661620896501007,0.0012375094322365008,-0.00979855029382842,0.00048018658678798
2027,P4,char3gram,target_real_anchor,replace,0.75,-0.0063515728016219795,-0.00776713237143576,-0.03377434279224688,0.0016637321930806997
2027,P4,char3gram,target_real_anchor,replace,1.0,8.963482953375998e-05,-0.0020448326587855403,,0.00240885982362666
2027,P4,column_positional_ablation,source_only,append,0.0,-0.00531345513304206,,-0.00531345513304206,
2027,P4,column_positional_ablation,source_only,append,0.050332383665717,0.00242257944039206,,0.0015539752589578,
2027,P4,column_positional_ablation,source_only,append,0.0999099909990999,0.00791347495026634,,0.007778108064848061,
2027,P4,column_positional_ablation,source_only,append,0.2498124531132783,0.00610797338394342,,-0.0008460430338646,
2027,P4,column_positional_ablation,source_only,append,0.5,0.0037927118346938195,,0.00134391268226134,
2027,P4,column_positional_ablation,source_only,append,0.75,-0.00265245924130518,,-0.00657169643061314,
2027,P4,column_positional_ablation,source_only,replace,0.0,-0.00531345513304206,,-0.00531345513304206,
2027,P4,column_positional_ablation,source_only,replace,0.05,0.00258294651636072,,0.0003176853482115402,
2027,P4,column_positional_ablation,source_only,replace,0.1,0.002803984786469419,,-0.00052866256602568,
2027,P4,column_positional_ablation,source_only,replace,0.25,-0.00225489523548202,,-0.00605035099352886,
2027,P4,column_positional_ablation,source_only,replace,0.5,0.0004661620896501007,,-0.00979855029382842,
2027,P4,column_positional_ablation,source_only,replace,0.75,-0.0063515728016219795,,-0.03377434279224688,
2027,P4,column_positional_ablation,source_only,replace,1.0,8.963482953375998e-05,,,
2027,P4,column_positional_ablation,target_real_anchor,append,0.0,-0.00531345513304206,-0.00476314606056444,-0.00531345513304206,0.00030518525293638
2027,P4,column_positional_ablation,target_real_anchor,append,0.050332383665717,0.00242257944039206,0.002121357632299,0.0015539752589578,0.00031616094634864
2027,P4,column_positional_ablation,target_real_anchor,append,0.0999099909990999,0.00791347495026634,0.0068570644593327484,0.007778108064848061,0.0012304971836675199
2027,P4,column_positional_ablation,target_real_anchor,append,0.2498124531132783,0.00610797338394342,0.0047399751522496005,-0.0008460430338646,0.00138110808771402
2027,P4,column_positional_ablation,target_real_anchor,append,0.5,0.0037927118346938195,0.00270032545979776,0.00134391268226134,0.00109238637489602
2027,P4,column_positional_ablation,target_real_anchor,append,0.75,-0.00265245924130518,-0.0032884396984733193,-0.00657169643061314,0.00063598045716812
2027,P4,column_positional_ablation,target_real_anchor,replace,0.0,-0.00531345513304206,-0.00476314606056444,-0.00531345513304206,0.00030518525293638
2027,P4,column_positional_ablation,target_real_anchor,replace,0.05,0.00258294651636072,0.0008936043719845802,0.0003176853482115402,0.0016893421443761
2027,P4,column_positional_ablation,target_real_anchor,replace,0.1,0.002803984786469419,0.00130976608053408,-0.00052866256602568,0.00152135305909342
2027,P4,column_positional_ablation,target_real_anchor,replace,0.25,-0.00225489523548202,-0.0031948414240962194,-0.00605035099352886,0.001230497183667466
2027,P4,column_positional_ablation,target_real_anchor,replace,0.5,0.0004661620896501007,-0.00047286945784646013,-0.00979855029382842,0.00093903154749648
2027,P4,column_positional_ablation,target_real_anchor,replace,0.75,-0.0063515728016219795,-0.005629006318645741,-0.03377434279224688,0.00052469912118228
2027,P4,column_positional_ablation,target_real_anchor,replace,1.0,8.963482953375998e-05,-0.0006814076326801605,,0.00109269125526868
2027,P4,datum_ta,oracle_target,append,0.0,-0.00531345513304206,-0.00828969733001008,-0.00531345513304206,0.00059146792277378
2027,P4,datum_ta,oracle_target,append,0.050332383665717,0.00242257944039206,0.0001859770272639602,0.0015539752589578,0.00048110122790563994
2027,P4,datum_ta,oracle_target,append,0.0999099909990999,0.00791347495026634,0.007521093910776799,0.007778108064848061,0.0010268370947948999
2027,P4,datum_ta,oracle_target,append,0.2498124531132783,0.00610797338394342,0.00461040099391,-0.0008460430338646,0.002046661941020869
2027,P4,datum_ta,oracle_target,append,0.5,0.0037927118346938195,0.0013521444523205003,0.00134391268226134,0.0024405673823733
2027,P4,datum_ta,oracle_target,append,0.75,-0.00265245924130518,-0.0046506452030884195,-0.00657169643061314,0.00199818596178322
2027,P4,datum_ta,oracle_target,replace,0.0,-0.00531345513304206,-0.00828969733001008,-0.00531345513304206,0.00059146792277378
2027,P4,datum_ta,oracle_target,replace,0.05,0.00258294651636072,0.0018847704631895605,0.0003176853482115402,0.00012743999573168
2027,P4,datum_ta,oracle_target,replace,0.1,0.002803984786469419,0.0030042911912438403,-0.00052866256602568,0.0020393448120793597
2027,P4,datum_ta,oracle_target,replace,0.25,-0.00225489523548202,-0.0014600721042081406,-0.00605035099352886,0.0005192112744761199
2027,P4,datum_ta,oracle_target,replace,0.5,0.0004661620896501007,0.0002603678381695805,-0.00979855029382842,0.0006570172028749399
2027,P4,datum_ta,oracle_target,replace,0.75,-0.0063515728016219795,-0.007672924336313519,-0.03377434279224688,0.0032570370200992
2027,P4,datum_ta,oracle_target,replace,1.0,8.963482953375998e-05,-0.00355460026372156,,0.00403966493647054
2027,P4,datum_ta,source_only,append,0.0,-0.00531345513304206,-0.02453646750356316,-0.00531345513304206,0.0192230123705211
2027,P4,datum_ta,source_only,append,0.050332383665717,0.00242257944039206,-0.02178980022713576,0.0015539752589578,0.02421237966752788
2027,P4,datum_ta,source_only,append,0.0999099909990999,0.00791347495026634,0.0018006234803619003,0.007778108064848061,0.007273835928627459
2027,P4,datum_ta,source_only,append,0.2498124531132783,0.00610797338394342,-0.014996760646041518,-0.0008460430338646,0.021104734029984962
2027,P4,datum_ta,source_only,append,0.5,0.0037927118346938195,-0.00016585492267466004,0.00134391268226134,0.00437899679113396
2027,P4,datum_ta,source_only,append,0.75,-0.00265245924130518,-0.0070290169894588,-0.00657169643061314,0.0062299255329690394
2027,P4,datum_ta,source_only,replace,0.0,-0.00531345513304206,-0.02453646750356316,-0.00531345513304206,0.0192230123705211
2027,P4,datum_ta,source_only,replace,0.05,0.00258294651636072,-0.0036597839922560193,0.0003176853482115402,0.0074253614737917195
2027,P4,datum_ta,source_only,replace,0.1,0.002803984786469419,-0.00813146441664948,-0.00052866256602568,0.01093544920311888
2027,P4,datum_ta,source_only,replace,0.25,-0.00225489523548202,-0.03521368303112066,-0.00605035099352886,0.03295878779563862
2027,P4,datum_ta,source_only,replace,0.5,0.0004661620896501007,-0.024684334484256658,-0.00979855029382842,0.02515049657390676
2027,P4,datum_ta,source_only,replace,0.75,-0.0063515728016219795,-0.03508288935129078,-0.03377434279224688,0.02873131654966878
2027,P4,datum_ta,source_only,replace,1.0,8.963482953375998e-05,-0.02082210992461838,,0.0209117447541521
2027,P4,datum_ta,target_real_anchor,append,0.0,-0.00531345513304206,-0.00792780432777682,-0.00531345513304206,0.00322106113613672
2027,P4,datum_ta,target_real_anchor,append,0.050332383665717,0.00242257944039206,0.0008137257143728399,0.0015539752589578,0.0020783694997675
2027,P4,datum_ta,target_real_anchor,append,0.0999099909990999,0.00791347495026634,0.007654936394332281,0.007778108064848061,0.00113445986630992
2027,P4,datum_ta,target_real_anchor,append,0.2498124531132783,0.00610797338394342,0.005144246526269281,-0.0008460430338646,0.0019899541917239743
2027,P4,datum_ta,target_real_anchor,append,0.5,0.0037927118346938195,0.0013744007195177202,0.00134391268226134,0.00241831111517606
2027,P4,datum_ta,target_real_anchor,append,0.75,-0.00265245924130518,-0.00482320749395954,-0.00657169643061314,0.00217074825265434
2027,P4,datum_ta,target_real_anchor,replace,0.0,-0.00531345513304206,-0.00792780432777682,-0.00531345513304206,0.00322106113613672
2027,P4,datum_ta,target_real_anchor,replace,0.05,0.00258294651636072,0.0022600782018155604,0.0003176853482115402,0.0017551963048499
2027,P4,datum_ta,target_real_anchor,replace,0.1,0.002803984786469419,0.0037570408311038196,-0.00052866256602568,0.0019591612740951
2027,P4,datum_ta,target_real_anchor,replace,0.25,-0.00225489523548202,-0.0010655569021105406,-0.00605035099352886,0.00041982027302034
2027,P4,datum_ta,target_real_anchor,replace,0.5,0.0004661620896501007,0.00043658869351139996,-0.00979855029382842,0.00051738199224074
2027,P4,datum_ta,target_real_anchor,replace,0.75,-0.0063515728016219795,-0.00754792338356234,-0.03377434279224688,0.0031424020000152
2027,P4,datum_ta,target_real_anchor,replace,1.0,8.963482953375998e-05,-0.0040661895288836795,,0.00443509477968584
2027,P4,datum_transformer,source_only,append,0.0,-0.00531345513304206,,-0.00531345513304206,
2027,P4,datum_transformer,source_only,append,0.050332383665717,0.00242257944039206,,0.0015539752589578,
2027,P4,datum_transformer,source_only,append,0.0999099909990999,0.00791347495026634,,0.007778108064848061,
2027,P4,datum_transformer,source_only,append,0.2498124531132783,0.00610797338394342,,-0.0008460430338646,
2027,P4,datum_transformer,source_only,append,0.5,0.0037927118346938195,,0.00134391268226134,
2027,P4,datum_transformer,source_only,append,0.75,-0.00265245924130518,,-0.00657169643061314,
2027,P4,datum_transformer,source_only,replace,0.0,-0.00531345513304206,,-0.00531345513304206,
2027,P4,datum_transformer,source_only,replace,0.05,0.00258294651636072,,0.0003176853482115402,
2027,P4,datum_transformer,source_only,replace,0.1,0.002803984786469419,,-0.00052866256602568,
2027,P4,datum_transformer,source_only,replace,0.25,-0.00225489523548202,,-0.00605035099352886,
2027,P4,datum_transformer,source_only,replace,0.5,0.0004661620896501007,,-0.00979855029382842,
2027,P4,datum_transformer,source_only,replace,0.75,-0.0063515728016219795,,-0.03377434279224688,
2027,P4,datum_transformer,source_only,replace,1.0,8.963482953375998e-05,,,
2027,P4,datum_transformer,target_real_anchor,append,0.0,-0.00531345513304206,-0.00517900288874148,-0.00531345513304206,0.0009664707810273201
2027,P4,datum_transformer,target_real_anchor,append,0.050332383665717,0.00242257944039206,0.0011850700081555202,0.0015539752589578,0.00146982827613014
2027,P4,datum_transformer,target_real_anchor,append,0.0999099909990999,0.00791347495026634,0.0064732200702748805,0.007778108064848061,0.0019518441451535401
2027,P4,datum_transformer,target_real_anchor,append,0.2498124531132783,0.00610797338394342,0.00535827254780904,-0.0008460430338646,0.0007850669593517399
2027,P4,datum_transformer,target_real_anchor,append,0.5,0.0037927118346938195,0.0026649593365804004,0.00134391268226134,0.0011899480941164491
2027,P4,datum_transformer,target_real_anchor,append,0.75,-0.00265245924130518,-0.00294514439896654,-0.00657169643061314,0.00043140572717782
2027,P4,datum_transformer,target_real_anchor,replace,0.0,-0.00531345513304206,-0.00517900288874148,-0.00531345513304206,0.0009664707810273201
2027,P4,datum_transformer,target_real_anchor,replace,0.05,0.00258294651636072,0.00178294041875324,0.0003176853482115402,0.00160976836713696
2027,P4,datum_transformer,target_real_anchor,replace,0.1,0.002803984786469419,0.0038863101090709194,-0.00052866256602568,0.00057561414340048
2027,P4,datum_transformer,target_real_anchor,replace,0.25,-0.00225489523548202,-0.0030747185573061003,-0.00605035099352886,0.0009439096334575399
2027,P4,datum_transformer,target_real_anchor,replace,0.5,0.0004661620896501007,0.00036280764335096043,-0.00979855029382842,0.00048140610827822
2027,P4,datum_transformer,target_real_anchor,replace,0.75,-0.0063515728016219795,-0.00549760287807075,-0.03377434279224688,0.0008152501162355999
2027,P4,datum_transformer,target_real_anchor,replace,1.0,8.963482953375998e-05,-8.811042767099993e-05,,0.00031616094634864
2027,P4,flat_transformer,oracle_target,append,0.0,-0.00531345513304206,-0.0068823695302555,-0.00531345513304206,0.0008682993010617
2027,P4,flat_transformer,oracle_target,append,0.050332383665717,0.00242257944039206,-0.0002652459241305,0.0015539752589578,0.0003207341519371
2027,P4,flat_transformer,oracle_target,append,0.0999099909990999,0.00791347495026634,0.00986013612908624,0.007778108064848061,0.0005539676369484199
2027,P4,flat_transformer,oracle_target,append,0.2498124531132783,0.00610797338394342,0.0034402701240100397,-0.0008460430338646,0.002667703259933358
2027,P4,flat_transformer,oracle_target,append,0.5,0.0037927118346938195,0.00339728199147862,0.00134391268226134,0.0011481794830752
2027,P4,flat_transformer,oracle_target,append,0.75,-0.00265245924130518,-0.0050183309324004395,-0.00657169643061314,0.00236587169109524
2027,P4,flat_transformer,oracle_target,replace,0.0,-0.00531345513304206,-0.0068823695302555,-0.00531345513304206,0.0008682993010617
2027,P4,flat_transformer,oracle_target,replace,0.05,0.00258294651636072,0.00221312662444082,0.0003176853482115402,0.0008137257143727801
2027,P4,flat_transformer,oracle_target,replace,0.1,0.002803984786469419,0.0032076463997439,-0.00052866256602568,0.00082957949374616
2027,P4,flat_transformer,oracle_target,replace,0.25,-0.00225489523548202,-0.0024250184833726008,-0.00605035099352886,0.00096586102028214
2027,P4,flat_transformer,oracle_target,replace,0.5,0.0004661620896501007,0.0005908581620286801,-0.00979855029382842,0.00136891287281154
2027,P4,flat_transformer,oracle_target,replace,0.75,-0.0063515728016219795,-0.009775074505141059,-0.03377434279224688,0.00359149078880172
2027,P4,flat_transformer,oracle_target,replace,1.0,8.963482953375998e-05,-0.00966043948505706,,0.00975007431459078
2027,P4,flat_transformer,source_only,append,0.0,-0.00531345513304206,-0.0151927987256,-0.00531345513304206,0.00987934359255786
2027,P4,flat_transformer,source_only,append,0.050332383665717,0.00242257944039206,-0.007158286267425745,0.0015539752589578,0.009580865707817821
2027,P4,flat_transformer,source_only,append,0.0999099909990999,0.00791347495026634,0.0006594562458555997,0.007778108064848061,0.0085110404804914
2027,P4,flat_transformer,source_only,append,0.2498124531132783,0.00610797338394342,-0.006883589051745733,-0.0008460430338646,0.0129915624356892
2027,P4,flat_transformer,source_only,append,0.5,0.0037927118346938195,-0.00749792300246178,0.00134391268226134,0.01129063483715562
2027,P4,flat_transformer,source_only,append,0.75,-0.00265245924130518,-0.01374858040076522,-0.00657169643061314,0.011096121159460019
2027,P4,flat_transformer,source_only,replace,0.0,-0.00531345513304206,-0.0151927987256,-0.00531345513304206,0.00987934359255786
2027,P4,flat_transformer,source_only,replace,0.05,0.00258294651636072,-0.00638968284819242,0.0003176853482115402,0.01066745935563536
2027,P4,flat_transformer,source_only,replace,0.1,0.002803984786469419,-0.00019268439546031943,-0.00052866256602568,0.0057558365536322
2027,P4,flat_transformer,source_only,replace,0.25,-0.00225489523548202,-0.0197943581887057,-0.00605035099352886,0.017539462953223638
2027,P4,flat_transformer,source_only,replace,0.5,0.0004661620896501007,-0.0086268950220657,-0.00979855029382842,0.00909305711171572
2027,P4,flat_transformer,source_only,replace,0.75,-0.0063515728016219795,-0.0376188842902765,-0.03377434279224688,0.031267311488654484
2027,P4,flat_transformer,source_only,replace,1.0,8.963482953375998e-05,-0.029295345238911842,,0.02997644799121944
2027,P4,flat_transformer,target_real_anchor,append,0.0,-0.00531345513304206,-0.006791820059604039,-0.00531345513304206,0.0023491032706041996
2027,P4,flat_transformer,target_real_anchor,append,0.050332383665717,0.00242257944039206,-0.0010942156571315399,0.0015539752589578,0.0035167950975235605
2027,P4,flat_transformer,target_real_anchor,append,0.0999099909990999,0.00791347495026634,0.009407998536574159,0.007778108064848061,5.731751004198e-05
2027,P4,flat_transformer,target_real_anchor,append,0.2498124531132783,0.00610797338394342,0.00312197501505348,-0.0008460430338646,0.0029859983688899005
2027,P4,flat_transformer,target_real_anchor,append,0.5,0.0037927118346938195,0.00246190900845282,0.00134391268226134,0.00140183995304836
2027,P4,flat_transformer,target_real_anchor,append,0.75,-0.00265245924130518,-0.005452175702558661,-0.00657169643061314,0.0027997164612534797
2027,P4,flat_transformer,target_real_anchor,replace,0.0,-0.00531345513304206,-0.006791820059604039,-0.00531345513304206,0.0023491032706041996
2027,P4,flat_transformer,target_real_anchor,replace,0.05,0.00258294651636072,0.0018189163027158,0.0003176853482115402,0.0010201297265985201
2027,P4,flat_transformer,target_real_anchor,replace,0.1,0.002803984786469419,0.0027634356969184403,-0.00052866256602568,0.00088384820006248
2027,P4,flat_transformer,target_real_anchor,replace,0.25,-0.00225489523548202,-0.0030966699441306597,-0.00605035099352886,0.00151434081052436
2027,P4,flat_transformer,target_real_anchor,replace,0.5,0.0004661620896501007,-0.00017774525720469988,-0.00979855029382842,0.00171861066014222
2027,P4,flat_transformer,target_real_anchor,replace,0.75,-0.0063515728016219795,-0.01029824922446052,-0.03377434279224688,0.00394667642283848
2027,P4,flat_transformer,target_real_anchor,replace,1.0,8.963482953375998e-05,-0.01137783062370902,,0.01146746545324274
2028,P1,c2st_lr,oracle_target,append,0.0,0.0050808319187401405,0.005572254654356181,0.0050808319187401405,0.0005652851957658881
2028,P1,c2st_lr,oracle_target,append,0.050332383665717,0.00118555320940112,0.0006843042272181199,0.0006388164341213601,0.00017278736940889175
2028,P1,c2st_lr,oracle_target,append,0.0999099909990999,0.0007262589878414477,3.1134848673139946e-05,0.0007246028788694999,0.0007689865993181576
2028,P1,c2st_lr,oracle_target,append,0.2498124531132783,0.0014665396983121622,0.00071058115624006,0.0016396582895154,0.00104412150319494
2028,P1,c2st_lr,oracle_target,append,0.5,-0.00102965815150634,-0.0014785740901750802,-0.0006589105563146024,0.0007099187126513
2028,P1,c2st_lr,oracle_target,append,0.75,0.0004538842655847601,-0.0008892201106831799,-0.00196513890614002,0.0014955768089540199
2028,P1,c2st_lr,oracle_target,replace,0.0,0.0050808319187401405,0.005572254654356181,0.0050808319187401405,0.0005652851957658881
2028,P1,c2st_lr,oracle_target,replace,0.05,-7.386246014989984e-05,-0.0006684055810873199,-0.00024852675306035984,0.000166714969845
2028,P1,c2st_lr,oracle_target,replace,0.1,-0.0030897473053726598,-0.00274229564305322,-0.0035407609820724906,0.00022147697318482002
2028,P1,c2st_lr,oracle_target,replace,0.25,-0.0018234863854041002,-0.00193025021046384,-0.00037207248236932014,0.00027623897652462
2028,P1,c2st_lr,oracle_target,replace,0.5,-0.0042754109220387,-0.005845733449260929,-0.00998136877406528,0.00164904290702318
2028,P1,c2st_lr,oracle_target,replace,0.75,-0.0076430533129079,-0.006978732800618219,-0.01548671662595392,0.00054397659365986
2028,P1,c2st_lr,oracle_target,replace,1.0,-0.01440936253605482,-0.015240508425454241,,0.0015214121089167198
2028,P1,c2st_lr,source_only,append,0.0,0.0050808319187401405,0.005572254654356181,0.0050808319187401405,0.0005652851957658881
2028,P1,c2st_lr,source_only,append,0.050332383665717,0.00118555320940112,0.0006843042272181199,0.0006388164341213601,0.00017278736940889175
2028,P1,c2st_lr,source_only,append,0.0999099909990999,0.0007262589878414477,3.1134848673139946e-05,0.0007246028788694999,0.0007689865993181576
2028,P1,c2st_lr,source_only,append,0.2498124531132783,0.0014665396983121622,0.00071058115624006,0.0016396582895154,0.00104412150319494
2028,P1,c2st_lr,source_only,append,0.5,-0.00102965815150634,-0.0014785740901750802,-0.0006589105563146024,0.0007099187126513
2028,P1,c2st_lr,source_only,append,0.75,0.0004538842655847601,-0.0008892201106831799,-0.00196513890614002,0.0014955768089540199
2028,P1,c2st_lr,source_only,replace,0.0,0.0050808319187401405,0.005572254654356181,0.0050808319187401405,0.0005652851957658881
2028,P1,c2st_lr,source_only,replace,0.05,-7.386246014989984e-05,-0.0006684055810873199,-0.00024852675306035984,0.000166714969845
2028,P1,c2st_lr,source_only,replace,0.1,-0.0030897473053726598,-0.00274229564305322,-0.0035407609820724906,0.00022147697318482002
2028,P1,c2st_lr,source_only,replace,0.25,-0.0018234863854041002,-0.00193025021046384,-0.00037207248236932014,0.00027623897652462
2028,P1,c2st_lr,source_only,replace,0.5,-0.0042754109220387,-0.005845733449260929,-0.00998136877406528,0.00164904290702318
2028,P1,c2st_lr,source_only,replace,0.75,-0.0076430533129079,-0.006978732800618219,-0.01548671662595392,0.00054397659365986
2028,P1,c2st_lr,source_only,replace,1.0,-0.01440936253605482,-0.015240508425454241,,0.0015214121089167198
2028,P1,c2st_lr,target_real_anchor,append,0.0,0.0050808319187401405,0.00561641756027538,0.0050808319187401405,0.00061099380339224
2028,P1,c2st_lr,target_real_anchor,append,0.050332383665717,0.00118555320940112,0.0006189431264576801,0.0006388164341213601,0.00020811769414424004
2028,P1,c2st_lr,target_real_anchor,append,0.0999099909990999,0.0007262589878414477,5.167059992562013e-05,0.0007246028788694999,0.0007793648822091113
2028,P1,c2st_lr,target_real_anchor,append,0.2498124531132783,0.0014665396983121622,0.0006915911066948402,0.0016396582895154,0.00106785906512644
2028,P1,c2st_lr,target_real_anchor,append,0.5,-0.00102965815150634,-0.0014464455761189,-0.0006589105563146024,0.000736306048938
2028,P1,c2st_lr,target_real_anchor,append,0.75,0.0004538842655847601,-0.0009846119874687,-0.00196513890614002,0.0015726410797830398
2028,P1,c2st_lr,target_real_anchor,replace,0.0,0.0050808319187401405,0.00561641756027538,0.0050808319187401405,0.00061099380339224
2028,P1,c2st_lr,target_real_anchor,replace,0.05,-7.386246014989984e-05,-0.0006626644033177201,-0.00024852675306035984,0.00013127423784484
2028,P1,c2st_lr,target_real_anchor,replace,0.1,-0.0030897473053726598,-0.00297525497177708,-0.0035407609820724906,5.4099559751e-05
2028,P1,c2st_lr,target_real_anchor,replace,0.25,-0.0018234863854041002,-0.0019258339198718801,-0.00037207248236932014,0.00030384079272412
2028,P1,c2st_lr,target_real_anchor,replace,0.5,-0.0042754109220387,-0.00595194523799658,-0.00998136877406528,0.0017767841123945
2028,P1,c2st_lr,target_real_anchor,replace,0.75,-0.0076430533129079,-0.00719071474903044,-0.01548671662595392,0.00054762003339818
2028,P1,c2st_lr,target_real_anchor,replace,1.0,-0.01440936253605482,-0.0151649898563325,,0.00161293973143432
2028,P1,c2st_xgb,oracle_target,append,0.0,0.0050808319187401405,0.00393336921569438,0.0050808319187401405,0.0
2028,P1,c2st_xgb,oracle_target,append,0.050332383665717,0.00118555320940112,-1.656108971973998e-05,0.0006388164341213601,0.00019586248775168002
2028,P1,c2st_xgb,oracle_target,append,0.0999099909990999,0.0007262589878414477,0.0005657268248251202,0.0007246028788694999,0.00011062807932764
2028,P1,c2st_xgb,oracle_target,append,0.2498124531132783,0.0014665396983121622,0.0014811134572655402,0.0016396582895154,0.0006284381512303382
2028,P1,c2st_xgb,oracle_target,append,0.5,-0.00102965815150634,-0.00046746435915473987,-0.0006589105563146024,0.0008470445355303801
2028,P1,c2st_xgb,oracle_target,append,0.75,0.0004538842655847601,0.0013625360548724136,-0.00196513890614002,0.00111875681419844
2028,P1,c2st_xgb,oracle_target,replace,0.0,0.0050808319187401405,0.00393336921569438,0.0050808319187401405,0.0
2028,P1,c2st_xgb,oracle_target,replace,0.05,-7.386246014989984e-05,-0.00045189693481834,-0.00024852675306035984,4.758553112791315e-05
2028,P1,c2st_xgb,oracle_target,replace,0.1,-0.0030897473053726598,-0.003419423398059581,-0.0035407609820724906,0.00027502449661184
2028,P1,c2st_xgb,oracle_target,replace,0.25,-0.0018234863854041002,-0.00014971225106606015,-0.00037207248236932014,0.00090357305510702
2028,P1,c2st_xgb,oracle_target,replace,0.5,-0.0042754109220387,-0.00764669675264632,-0.00998136877406528,0.0037046053630328596
2028,P1,c2st_xgb,oracle_target,replace,0.75,-0.0076430533129079,-0.01348470169337134,-0.01548671662595392,0.00584164838046342
2028,P1,c2st_xgb,oracle_target,replace,1.0,-0.01440936253605482,-0.05612862446348962,,0.0417192619274348
2028,P1,c2st_xgb,source_only,append,0.0,0.0050808319187401405,0.00393336921569438,0.0050808319187401405,0.0
2028,P1,c2st_xgb,source_only,append,0.050332383665717,0.00118555320940112,-1.656108971973998e-05,0.0006388164341213601,0.00019586248775168002
2028,P1,c2st_xgb,source_only,append,0.0999099909990999,0.0007262589878414477,0.0005657268248251202,0.0007246028788694999,0.00011062807932764
2028,P1,c2st_xgb,source_only,append,0.2498124531132783,0.0014665396983121622,0.0014811134572655402,0.0016396582895154,0.0006284381512303382
2028,P1,c2st_xgb,source_only,append,0.5,-0.00102965815150634,-0.00046746435915473987,-0.0006589105563146024,0.0008470445355303801
2028,P1,c2st_xgb,source_only,append,0.75,0.0004538842655847601,0.0013625360548724136,-0.00196513890614002,0.00111875681419844
2028,P1,c2st_xgb,source_only,replace,0.0,0.0050808319187401405,0.00393336921569438,0.0050808319187401405,0.0
2028,P1,c2st_xgb,source_only,replace,0.05,-7.386246014989984e-05,-0.00045189693481834,-0.00024852675306035984,4.758553112791315e-05
2028,P1,c2st_xgb,source_only,replace,0.1,-0.0030897473053726598,-0.003419423398059581,-0.0035407609820724906,0.00027502449661184
2028,P1,c2st_xgb,source_only,replace,0.25,-0.0018234863854041002,-0.00014971225106606015,-0.00037207248236932014,0.00090357305510702
2028,P1,c2st_xgb,source_only,replace,0.5,-0.0042754109220387,-0.00764669675264632,-0.00998136877406528,0.0037046053630328596
2028,P1,c2st_xgb,source_only,replace,0.75,-0.0076430533129079,-0.01348470169337134,-0.01548671662595392,0.00584164838046342
2028,P1,c2st_xgb,source_only,replace,1.0,-0.01440936253605482,-0.05612862446348962,,0.0417192619274348
2028,P1,c2st_xgb,target_real_anchor,append,0.0,0.0050808319187401405,0.0046693440428379005,0.0050808319187401405,0.0
2028,P1,c2st_xgb,target_real_anchor,append,0.050332383665717,0.00118555320940112,4.460453497827999e-05,0.0006388164341213601,0.00018702990656784
2028,P1,c2st_xgb,target_real_anchor,append,0.0999099909990999,0.0007262589878414477,0.0005104127851612401,0.0007246028788694999,0.00013105342331522
2028,P1,c2st_xgb,target_real_anchor,append,0.2498124531132783,0.0014665396983121622,0.0017001614706247802,0.0016396582895154,0.00042937385279951995
2028,P1,c2st_xgb,target_real_anchor,append,0.5,-0.00102965815150634,-0.0003630190866558174,-0.0006589105563146024,0.00081105176720622
2028,P1,c2st_xgb,target_real_anchor,append,0.75,0.0004538842655847601,0.0016254157523564801,-0.00196513890614002,0.00091505541064608
2028,P1,c2st_xgb,target_real_anchor,replace,0.0,0.0050808319187401405,0.0046693440428379005,0.0050808319187401405,0.0
2028,P1,c2st_xgb,target_real_anchor,replace,0.05,-7.386246014989984e-05,-0.00044118743013299986,-0.00024852675306035984,2.373756193156e-05
2028,P1,c2st_xgb,target_real_anchor,replace,0.1,-0.0030897473053726598,-0.0032469672504450405,-0.0035407609820724906,0.00033541727045636
2028,P1,c2st_xgb,target_real_anchor,replace,0.25,-0.0018234863854041002,3.24597358506401e-05,-0.00037207248236932014,0.0006982155425827
2028,P1,c2st_xgb,target_real_anchor,replace,0.5,-0.0042754109220387,-0.007331925640707085,-0.00998136877406528,0.0033053726935231
2028,P1,c2st_xgb,target_real_anchor,replace,0.75,-0.0076430533129079,-0.012061662457389639,-0.01548671662595392,0.004418609144481706
2028,P1,c2st_xgb,target_real_anchor,replace,1.0,-0.01440936253605482,-0.05421493534274546,,0.039805572806690635
2028,P1,char3gram,oracle_target,append,0.0,0.0050808319187401405,0.00371619812583666,0.0050808319187401405,0.0
2028,P1,char3gram,oracle_target,append,0.050332383665717,0.00118555320940112,0.0011999061538249,0.0006388164341213601,0.0008567603748326601
2028,P1,char3gram,oracle_target,append,0.0999099909990999,0.0007262589878414477,0.0003972453387434003,0.0007246028788694999,4.3390055065620354e-05
2028,P1,char3gram,oracle_target,append,0.2498124531132783,0.0014665396983121622,0.00282388661173904,0.0016396582895154,0.0
2028,P1,char3gram,oracle_target,append,0.5,-0.00102965815150634,-2.4952041844360057e-05,-0.0006589105563146024,0.00026851046798886003
2028,P1,char3gram,oracle_target,append,0.75,0.0004538842655847601,0.00302626312811394,-0.00196513890614002,0.0
2028,P1,char3gram,oracle_target,replace,0.0,0.0050808319187401405,0.00371619812583666,0.0050808319187401405,0.0
2028,P1,char3gram,oracle_target,replace,0.05,-7.386246014989984e-05,0.0006665286575856602,-0.00024852675306035984,0.0008123766543838
2028,P1,char3gram,oracle_target,replace,0.1,-0.0030897473053726598,-0.00303167308408884,-0.0035407609820724906,0.00101375950537534
2028,P1,char3gram,oracle_target,replace,0.25,-0.0018234863854041002,-0.00047276390786504,-0.00037207248236932014,0.00083865358340576
2028,P1,char3gram,oracle_target,replace,0.5,-0.0042754109220387,-0.0044604534978400796,-0.00998136877406528,0.0009270898025088801
2028,P1,char3gram,oracle_target,replace,0.75,-0.0076430533129079,-0.006480575221849539,-0.01548671662595392,0.00114547537227946
2028,P1,char3gram,oracle_target,replace,1.0,-0.01440936253605482,-0.04013425523399426,,0.026208586925019577
2028,P1,char3gram,source_only,append,0.0,0.0050808319187401405,0.00371619812583666,0.0050808319187401405,0.0
2028,P1,char3gram,source_only,append,0.050332383665717,0.00118555320940112,0.0011999061538249,0.0006388164341213601,0.0008567603748326601
2028,P1,char3gram,source_only,append,0.0999099909990999,0.0007262589878414477,0.0003972453387434003,0.0007246028788694999,4.3390055065620354e-05
2028,P1,char3gram,source_only,append,0.2498124531132783,0.0014665396983121622,0.00282388661173904,0.0016396582895154,0.0
2028,P1,char3gram,source_only,append,0.5,-0.00102965815150634,-2.4952041844360057e-05,-0.0006589105563146024,0.00026851046798886003
2028,P1,char3gram,source_only,append,0.75,0.0004538842655847601,0.00302626312811394,-0.00196513890614002,0.0
2028,P1,char3gram,source_only,replace,0.0,0.0050808319187401405,0.00371619812583666,0.0050808319187401405,0.0
2028,P1,char3gram,source_only,replace,0.05,-7.386246014989984e-05,0.0006665286575856602,-0.00024852675306035984,0.0008123766543838
2028,P1,char3gram,source_only,replace,0.1,-0.0030897473053726598,-0.00303167308408884,-0.0035407609820724906,0.00101375950537534
2028,P1,char3gram,source_only,replace,0.25,-0.0018234863854041002,-0.00047276390786504,-0.00037207248236932014,0.00083865358340576
2028,P1,char3gram,source_only,replace,0.5,-0.0042754109220387,-0.0044604534978400796,-0.00998136877406528,0.0009270898025088801
2028,P1,char3gram,source_only,replace,0.75,-0.0076430533129079,-0.006480575221849539,-0.01548671662595392,0.00114547537227946
2028,P1,char3gram,source_only,replace,1.0,-0.01440936253605482,-0.04013425523399426,,0.026208586925019577
2028,P1,char3gram,target_real_anchor,append,0.0,0.0050808319187401405,0.00454414220455702,0.0050808319187401405,2.6718558081139997e-05
2028,P1,char3gram,target_real_anchor,append,0.050332383665717,0.00118555320940112,0.00172312618170272,0.0006388164341213601,0.0010536165279675
2028,P1,char3gram,target_real_anchor,append,0.0999099909990999,0.0007262589878414477,0.0008408617287018,0.0007246028788694999,0.00043875847030729997
2028,P1,char3gram,target_real_anchor,append,0.2498124531132783,0.0014665396983121622,0.0028416621813715996,0.0016396582895154,4.9352047364699996e-05
2028,P1,char3gram,target_real_anchor,append,0.5,-0.00102965815150634,-0.00053713134324232,-0.0006589105563146024,0.0006964490263460001
2028,P1,char3gram,target_real_anchor,append,0.75,0.0004538842655847601,0.0029064712458079798,-0.00196513890614002,1.2696835451775357e-05
2028,P1,char3gram,target_real_anchor,replace,0.0,0.0050808319187401405,0.00454414220455702,0.0050808319187401405,2.6718558081139997e-05
2028,P1,char3gram,target_real_anchor,replace,0.05,-7.386246014989984e-05,0.00030019735298572007,-0.00024852675306035984,0.0006739259443270999
2028,P1,char3gram,target_real_anchor,replace,0.1,-0.0030897473053726598,-0.0028652893360383,-0.0035407609820724906,0.00079393864116254
2028,P1,char3gram,target_real_anchor,replace,0.25,-0.0018234863854041002,1.1151133744620022e-05,-0.00037207248236932014,0.00068750603789728
2028,P1,char3gram,target_real_anchor,replace,0.5,-0.0042754109220387,-0.00454877930967858,-0.00998136877406528,0.0007906264232185399
2028,P1,char3gram,target_real_anchor,replace,0.75,-0.0076430533129079,-0.00578721759891792,-0.01548671662595392,0.00106874232324484
2028,P1,char3gram,target_real_anchor,replace,1.0,-0.01440936253605482,-0.03980502077036656,,0.02565312797582072
2028,P1,column_positional_ablation,oracle_target,append,0.0,0.0050808319187401405,0.00427684621648094,0.0050808319187401405,0.0
2028,P1,column_positional_ablation,oracle_target,append,0.050332383665717,0.00118555320940112,0.00022666611463031212,0.0006388164341213601,0.00040298651651279996
2028,P1,column_positional_ablation,oracle_target,append,0.0999099909990999,0.0007262589878414477,0.0006769069404767599,0.0007246028788694999,0.00022423715480475998
2028,P1,column_positional_ablation,oracle_target,append,0.2498124531132783,0.0014665396983121622,0.0020551208269503998,0.0016396582895154,0.00035926523965276
2028,P1,column_positional_ablation,oracle_target,append,0.5,-0.00102965815150634,-0.0011597179094383601,-0.0006589105563146024,0.00086868435943078
2028,P1,column_positional_ablation,oracle_target,append,0.75,0.0004538842655847601,0.0027551028857698396,-0.00196513890614002,0.00028783173932848
2028,P1,column_positional_ablation,oracle_target,replace,0.0,0.0050808319187401405,0.00427684621648094,0.0050808319187401405,0.0
2028,P1,column_positional_ablation,oracle_target,replace,0.05,-7.386246014989984e-05,-0.0003760471439021201,-0.00024852675306035984,0.00034634758967135997
2028,P1,column_positional_ablation,oracle_target,replace,0.1,-0.0030897473053726598,-0.0020817289777667197,-0.0035407609820724906,0.00086890517396038
2028,P1,column_positional_ablation,oracle_target,replace,0.25,-0.0018234863854041002,-0.00014717288397580016,-0.00037207248236932014,0.00083059385307556
2028,P1,column_positional_ablation,oracle_target,replace,0.5,-0.0042754109220387,-0.0049516554189264995,-0.00998136877406528,0.0012448419105976199
2028,P1,column_positional_ablation,oracle_target,replace,0.75,-0.0076430533129079,-0.012475027256793478,-0.01548671662595392,0.0049291323369078
2028,P1,column_positional_ablation,oracle_target,replace,1.0,-0.01440936253605482,-0.06749383789453338,,0.05308447535847856
2028,P1,column_positional_ablation,source_only,append,0.0,0.0050808319187401405,0.00427684621648094,0.0050808319187401405,0.0
2028,P1,column_positional_ablation,source_only,append,0.050332383665717,0.00118555320940112,0.00022666611463031212,0.0006388164341213601,0.00040298651651279996
2028,P1,column_positional_ablation,source_only,append,0.0999099909990999,0.0007262589878414477,0.0006769069404767599,0.0007246028788694999,0.00022423715480475998
2028,P1,column_positional_ablation,source_only,append,0.2498124531132783,0.0014665396983121622,0.0020551208269503998,0.0016396582895154,0.00035926523965276
2028,P1,column_positional_ablation,source_only,append,0.5,-0.00102965815150634,-0.0011597179094383601,-0.0006589105563146024,0.00086868435943078
2028,P1,column_positional_ablation,source_only,append,0.75,0.0004538842655847601,0.0027551028857698396,-0.00196513890614002,0.00028783173932848
2028,P1,column_positional_ablation,source_only,replace,0.0,0.0050808319187401405,0.00427684621648094,0.0050808319187401405,0.0
2028,P1,column_positional_ablation,source_only,replace,0.05,-7.386246014989984e-05,-0.0003760471439021201,-0.00024852675306035984,0.00034634758967135997
2028,P1,column_positional_ablation,source_only,replace,0.1,-0.0030897473053726598,-0.0020817289777667197,-0.0035407609820724906,0.00086890517396038
2028,P1,column_positional_ablation,source_only,replace,0.25,-0.0018234863854041002,-0.00014717288397580016,-0.00037207248236932014,0.00083059385307556
2028,P1,column_positional_ablation,source_only,replace,0.5,-0.0042754109220387,-0.0049516554189264995,-0.00998136877406528,0.0012448419105976199
2028,P1,column_positional_ablation,source_only,replace,0.75,-0.0076430533129079,-0.012475027256793478,-0.01548671662595392,0.0049291323369078
2028,P1,column_positional_ablation,source_only,replace,1.0,-0.01440936253605482,-0.06749383789453338,,0.05308447535847856
2028,P1,column_positional_ablation,target_real_anchor,append,0.0,0.0050808319187401405,0.00400436108695946,0.0050808319187401405,0.0
2028,P1,column_positional_ablation,target_real_anchor,append,0.050332383665717,0.00118555320940112,0.00035683627982716537,0.0006388164341213601,0.0003973557460080801
2028,P1,column_positional_ablation,target_real_anchor,append,0.0999099909990999,0.0007262589878414477,0.0006615603306697599,0.0007246028788694999,0.00022765978001350445
2028,P1,column_positional_ablation,target_real_anchor,append,0.2498124531132783,0.0014665396983121622,0.00212611269821554,0.0016396582895154,0.00034215211360902
2028,P1,column_positional_ablation,target_real_anchor,append,0.5,-0.00102965815150634,-0.00106554051256572,-0.0006589105563146024,0.0008600725927766
2028,P1,column_positional_ablation,target_real_anchor,append,0.75,0.0004538842655847601,0.0025467643770960098,-0.00196513890614002,0.00032095391876788
2028,P1,column_positional_ablation,target_real_anchor,replace,0.0,0.0050808319187401405,0.00400436108695946,0.0050808319187401405,0.0
2028,P1,column_positional_ablation,target_real_anchor,replace,0.05,-7.386246014989984e-05,-0.00046547702838850016,-0.00024852675306035984,0.00037770325287404
2028,P1,column_positional_ablation,target_real_anchor,replace,0.1,-0.0030897473053726598,-0.00201095792103116,-0.0035407609820724906,0.0008493630880912
2028,P1,column_positional_ablation,target_real_anchor,replace,0.25,-0.0018234863854041002,2.1198194841220075e-05,-0.00037207248236932014,0.0007750589988821199
2028,P1,column_positional_ablation,target_real_anchor,replace,0.5,-0.0042754109220387,-0.005009729640210179,-0.00998136877406528,0.00135988628051718
2028,P1,column_positional_ablation,target_real_anchor,replace,0.75,-0.0076430533129079,-0.01256821098828296,-0.01548671662595392,0.0049258201189638
2028,P1,column_positional_ablation,target_real_anchor,replace,1.0,-0.01440936253605482,-0.06764962254516338,,0.053240260009108545
2028,P1,datum_transformer,oracle_target,append,0.0,0.0050808319187401405,0.0038762886597937195,0.0050808319187401405,4.018824438648e-05
2028,P1,datum_transformer,oracle_target,append,0.050332383665717,0.00118555320940112,0.00019155660442454005,0.0006388164341213601,0.00043655032501135996
2028,P1,datum_transformer,oracle_target,append,0.0999099909990999,0.0007262589878414477,0.00062700285678804,0.0007246028788694999,0.0
2028,P1,datum_transformer,oracle_target,append,0.2498124531132783,0.0014665396983121622,0.00153554423881094,0.0016396582895154,0.00018669868477342
2028,P1,datum_transformer,oracle_target,append,0.5,-0.00102965815150634,-0.00097798755158088,-0.0006589105563146024,0.0007602644253992
2028,P1,datum_transformer,oracle_target,append,0.75,0.0004538842655847601,0.0015187623345616,-0.00196513890614002,0.00050312590568466
2028,P1,datum_transformer,oracle_target,replace,0.0,0.0050808319187401405,0.0038762886597937195,0.0050808319187401405,4.018824438648e-05
2028,P1,datum_transformer,oracle_target,replace,0.05,-7.386246014989984e-05,-0.0003495494003506202,-0.00024852675306035984,0.00023053036889824
2028,P1,datum_transformer,oracle_target,replace,0.1,-0.0030897473053726598,-0.00252545577498988,-0.0035407609820724906,0.00100581018230998
2028,P1,datum_transformer,oracle_target,replace,0.25,-0.0018234863854041002,-0.0012692419161180197,-0.00037207248236932014,0.0011390717509212
2028,P1,datum_transformer,oracle_target,replace,0.5,-0.0042754109220387,-0.0053235070867662,-0.00998136877406528,0.0016030030776024
2028,P1,datum_transformer,oracle_target,replace,0.75,-0.0076430533129079,-0.01160501801018496,-0.01548671662595392,0.00489943278267704
2028,P1,datum_transformer,oracle_target,replace,1.0,-0.01440936253605482,-0.05136731116907476,,0.036957948633019946
2028,P1,datum_transformer,source_only,append,0.0,0.0050808319187401405,0.0038762886597937195,0.0050808319187401405,4.018824438648e-05
2028,P1,datum_transformer,source_only,append,0.050332383665717,0.00118555320940112,0.00019155660442454005,0.0006388164341213601,0.00043655032501135996
2028,P1,datum_transformer,source_only,append,0.0999099909990999,0.0007262589878414477,0.00062700285678804,0.0007246028788694999,0.0
2028,P1,datum_transformer,source_only,append,0.2498124531132783,0.0014665396983121622,0.00153554423881094,0.0016396582895154,0.00018669868477342
2028,P1,datum_transformer,source_only,append,0.5,-0.00102965815150634,-0.00097798755158088,-0.0006589105563146024,0.0007602644253992
2028,P1,datum_transformer,source_only,append,0.75,0.0004538842655847601,0.0015187623345616,-0.00196513890614002,0.00050312590568466
2028,P1,datum_transformer,source_only,replace,0.0,0.0050808319187401405,0.0038762886597937195,0.0050808319187401405,4.018824438648e-05
2028,P1,datum_transformer,source_only,replace,0.05,-7.386246014989984e-05,-0.0003495494003506202,-0.00024852675306035984,0.00023053036889824
2028,P1,datum_transformer,source_only,replace,0.1,-0.0030897473053726598,-0.00252545577498988,-0.0035407609820724906,0.00100581018230998
2028,P1,datum_transformer,source_only,replace,0.25,-0.0018234863854041002,-0.0012692419161180197,-0.00037207248236932014,0.0011390717509212
2028,P1,datum_transformer,source_only,replace,0.5,-0.0042754109220387,-0.0053235070867662,-0.00998136877406528,0.0016030030776024
2028,P1,datum_transformer,source_only,replace,0.75,-0.0076430533129079,-0.01160501801018496,-0.01548671662595392,0.00489943278267704
2028,P1,datum_transformer,source_only,replace,1.0,-0.01440936253605482,-0.05136731116907476,,0.036957948633019946
2028,P1,datum_transformer,target_real_anchor,append,0.0,0.0050808319187401405,0.00379502891290242,0.0050808319187401405,9.583350584472001e-05
2028,P1,datum_transformer,target_real_anchor,append,0.050332383665717,0.00118555320940112,6.823168964516001e-05,0.0006388164341213601,0.00037163085331014
2028,P1,datum_transformer,target_real_anchor,append,0.0999099909990999,0.0007262589878414477,0.00034502270249394003,0.0007246028788694999,0.0
2028,P1,datum_transformer,target_real_anchor,append,0.2498124531132783,0.0014665396983121622,0.0014918229619509198,0.0016396582895154,0.00019199823348372002
2028,P1,datum_transformer,target_real_anchor,append,0.5,-0.00102965815150634,-0.0011939441615257801,-0.0006589105563146024,0.0009615368691259999
2028,P1,datum_transformer,target_real_anchor,append,0.75,0.0004538842655847601,0.0013930084599567201,-0.00196513890614002,0.00063958928497498
2028,P1,datum_transformer,target_real_anchor,replace,0.0,0.0050808319187401405,0.00379502891290242,0.0050808319187401405,9.583350584472001e-05
2028,P1,datum_transformer,target_real_anchor,replace,0.05,-7.386246014989984e-05,-0.0005227783988186598,-0.00024852675306035984,0.00017013759505373998
2028,P1,datum_transformer,target_real_anchor,replace,0.1,-0.0030897473053726598,-0.00261654176844826,-0.0035407609820724906,0.00110804730951296
2028,P1,datum_transformer,target_real_anchor,replace,0.25,-0.0018234863854041002,-0.001908279164769,-0.00037207248236932014,0.00157098497081106
2028,P1,datum_transformer,target_real_anchor,replace,0.5,-0.0042754109220387,-0.0058116176044383195,-0.00998136877406528,0.0020195696876853402
2028,P1,datum_transformer,target_real_anchor,replace,0.75,-0.0076430533129079,-0.010968078499565199,-0.01548671662595392,0.004594046288245781
2028,P1,datum_transformer,target_real_anchor,replace,1.0,-0.01440936253605482,-0.05201904525317752,,0.03760968271712271
2028,P1,flat_transformer,oracle_target,append,0.0,0.0050808319187401405,0.00460994493437654,0.0050808319187401405,0.0001285140562249
2028,P1,flat_transformer,oracle_target,append,0.050332383665717,0.00118555320940112,0.00107889979160618,0.0006388164341213601,0.000278667936350158
2028,P1,flat_transformer,oracle_target,append,0.0999099909990999,0.0007262589878414477,-0.0005010281676533399,0.0007246028788694999,0.00021407968644338
2028,P1,flat_transformer,oracle_target,append,0.2498124531132783,0.0014665396983121622,0.00237938696366218,0.0016396582895154,6.955657682274e-05
2028,P1,flat_transformer,oracle_target,append,0.5,-0.00102965815150634,-0.00048822092493678,-0.0006589105563146024,0.00067072413364798
2028,P1,flat_transformer,oracle_target,append,0.75,0.0004538842655847601,0.00322278805945432,-0.00196513890614002,5.663892684142e-05
2028,P1,flat_transformer,oracle_target,replace,0.0,0.0050808319187401405,0.00460994493437654,0.0050808319187401405,0.0001285140562249
2028,P1,flat_transformer,oracle_target,replace,0.05,-7.386246014989984e-05,-2.0646158517260114e-05,-0.00024852675306035984,0.00053083812914884
2028,P1,flat_transformer,oracle_target,replace,0.1,-0.0030897473053726598,-0.0034512206903214203,-0.0035407609820724906,0.0003551801708552
2028,P1,flat_transformer,oracle_target,replace,0.25,-0.0018234863854041002,-0.0006865123725140601,-0.00037207248236932014,0.00027888875087976004
2028,P1,flat_transformer,oracle_target,replace,0.5,-0.0042754109220387,-0.00656845940462876,-0.00998136877406528,0.00249984128955674
2028,P1,flat_transformer,oracle_target,replace,0.75,-0.0076430533129079,-0.006800977104293421,-0.01548671662595392,0.00100647262589876
2028,P1,flat_transformer,oracle_target,replace,1.0,-0.01440936253605482,-0.03087649567341516,,0.01646713313736034
2028,P1,flat_transformer,source_only,append,0.0,0.0050808319187401405,0.00460994493437654,0.0050808319187401405,0.0001285140562249
2028,P1,flat_transformer,source_only,append,0.050332383665717,0.00118555320940112,0.00107889979160618,0.0006388164341213601,0.000278667936350158
2028,P1,flat_transformer,source_only,append,0.0999099909990999,0.0007262589878414477,-0.0005010281676533399,0.0007246028788694999,0.00021407968644338
2028,P1,flat_transformer,source_only,append,0.2498124531132783,0.0014665396983121622,0.00237938696366218,0.0016396582895154,6.955657682274e-05
2028,P1,flat_transformer,source_only,append,0.5,-0.00102965815150634,-0.00048822092493678,-0.0006589105563146024,0.00067072413364798
2028,P1,flat_transformer,source_only,append,0.75,0.0004538842655847601,0.00322278805945432,-0.00196513890614002,5.663892684142e-05
2028,P1,flat_transformer,source_only,replace,0.0,0.0050808319187401405,0.00460994493437654,0.0050808319187401405,0.0001285140562249
2028,P1,flat_transformer,source_only,replace,0.05,-7.386246014989984e-05,-2.0646158517260114e-05,-0.00024852675306035984,0.00053083812914884
2028,P1,flat_transformer,source_only,replace,0.1,-0.0030897473053726598,-0.0034512206903214203,-0.0035407609820724906,0.0003551801708552
2028,P1,flat_transformer,source_only,replace,0.25,-0.0018234863854041002,-0.0006865123725140601,-0.00037207248236932014,0.00027888875087976004
2028,P1,flat_transformer,source_only,replace,0.5,-0.0042754109220387,-0.00656845940462876,-0.00998136877406528,0.00249984128955674
2028,P1,flat_transformer,source_only,replace,0.75,-0.0076430533129079,-0.006800977104293421,-0.01548671662595392,0.00100647262589876
2028,P1,flat_transformer,source_only,replace,1.0,-0.01440936253605482,-0.03087649567341516,,0.01646713313736034
2028,P1,flat_transformer,target_real_anchor,append,0.0,0.0050808319187401405,0.0046611739052429,0.0050808319187401405,0.00010864074856126
2028,P1,flat_transformer,target_real_anchor,append,0.050332383665717,0.00118555320940112,0.0010076871058115181,0.0006388164341213601,0.00036092134862472
2028,P1,flat_transformer,target_real_anchor,append,0.0999099909990999,0.0007262589878414477,-0.0003614733849486602,0.0007246028788694999,0.00022909507445592
2028,P1,flat_transformer,target_real_anchor,append,0.2498124531132783,0.0014665396983121622,0.00232186477870248,0.0016396582895154,0.00019840185484202
2028,P1,flat_transformer,target_real_anchor,append,0.5,-0.00102965815150634,-0.00027822630729098,-0.0006589105563146024,0.00050555486551012
2028,P1,flat_transformer,target_real_anchor,append,0.75,0.0004538842655847601,0.00285844408562092,-0.00196513890614002,0.00028617563035648
2028,P1,flat_transformer,target_real_anchor,replace,0.0,0.0050808319187401405,0.0046611739052429,0.0050808319187401405,0.00010864074856126
2028,P1,flat_transformer,target_real_anchor,replace,0.05,-7.386246014989984e-05,-0.00024245435349649997,-0.00024852675306035984,0.00020855932320341914
2028,P1,flat_transformer,target_real_anchor,replace,0.1,-0.0030897473053726598,-0.0035186795291129802,-0.0035407609820724906,0.00036103175588951997
2028,P1,flat_transformer,target_real_anchor,replace,0.25,-0.0018234863854041002,-0.00046636028650683966,-0.00037207248236932014,0.00052388247146658
2028,P1,flat_transformer,target_real_anchor,replace,0.5,-0.0042754109220387,-0.006818200637601961,-0.00998136877406528,0.0027129273106169935
2028,P1,flat_transformer,target_real_anchor,replace,0.75,-0.0076430533129079,-0.007538828854938659,-0.01548671662595392,0.0014094591424116
2028,P1,flat_transformer,target_real_anchor,replace,1.0,-0.01440936253605482,-0.029011606563711777,,0.01485883051104756
2028,P2,c2st_lr,oracle_target,append,0.0,0.0050808319187401405,0.00441695303550962,0.0050808319187401405,0.00043776480492414
2028,P2,c2st_lr,oracle_target,append,0.050332383665717,0.0019098248664761199,0.0014349632205798602,0.0006388164341213601,0.00038432768876188
2028,P2,c2st_lr,oracle_target,append,0.0999099909990999,0.0020501525000345606,0.0012364509584731598,0.0007246028788694999,0.0002594570722753
2028,P2,c2st_lr,oracle_target,append,0.2498124531132783,0.0028156060668791797,0.0022781435018424602,0.0016396582895154,0.0008193323120660534
2028,P2,c2st_lr,oracle_target,append,0.5,0.00265739245642366,0.00282852371686052,-0.0006589105563146024,0.0001069846395893
2028,P2,c2st_lr,oracle_target,append,0.75,0.00057378655515536,0.00052399287873148,-0.00196513890614002,0.0002455457569108082
2028,P2,c2st_lr,oracle_target,replace,0.0,0.0050808319187401405,0.00441695303550962,0.0050808319187401405,0.00043776480492414
2028,P2,c2st_lr,oracle_target,replace,0.05,0.00097964366055286,0.0007614789053118602,-0.00024852675306035984,0.0005849376888998999
2028,P2,c2st_lr,oracle_target,replace,0.1,-0.00133592790405602,-0.00193775790447008,-0.0035407609820724906,0.00040574669813268004
2028,P2,c2st_lr,oracle_target,replace,0.25,0.00153256324266142,-0.0001035620143804998,-0.00037207248236932014,0.0017852854717840198
2028,P2,c2st_lr,oracle_target,replace,0.5,-0.004349935825777281,-0.0045549621165072,-0.00998136877406528,0.00031653762817591177
2028,P2,c2st_lr,oracle_target,replace,0.75,-0.0021836348831752,-0.0026836693854455198,-0.01548671662595392,0.00072603817331182
2028,P2,c2st_lr,oracle_target,replace,1.0,-0.01069040422859814,-0.01102030113581462,,0.0005457431098966
2028,P2,c2st_lr,source_only,append,0.0,0.0050808319187401405,0.005572254654356181,0.0050808319187401405,0.0005652851957658881
2028,P2,c2st_lr,source_only,append,0.050332383665717,0.0019098248664761199,0.0016420872493409801,0.0006388164341213601,0.0005110752287500201
2028,P2,c2st_lr,source_only,append,0.0999099909990999,0.0020501525000345606,0.0011493396265475002,0.0007246028788694999,0.00017709325273602
2028,P2,c2st_lr,source_only,append,0.2498124531132783,0.0028156060668791797,0.00203635159193478,0.0016396582895154,3.17972922618e-05
2028,P2,c2st_lr,source_only,append,0.5,0.00265739245642366,0.0024863716032514603,-0.0006589105563146024,6.03927738444967e-05
2028,P2,c2st_lr,source_only,append,0.75,0.00057378655515536,0.0005819566927504401,-0.00196513890614002,0.00013635297202551998
2028,P2,c2st_lr,source_only,replace,0.0,0.0050808319187401405,0.005572254654356181,0.0050808319187401405,0.0005652851957658881
2028,P2,c2st_lr,source_only,replace,0.05,0.00097964366055286,0.0006310879255854802,-0.00024852675306035984,0.0001667149698450077
2028,P2,c2st_lr,source_only,replace,0.1,-0.00133592790405602,-0.00199572171848902,-0.0035407609820724906,0.00019696656039969998
2028,P2,c2st_lr,source_only,replace,0.25,0.00153256324266142,0.00067160739176638,-0.00037207248236932014,0.00016141542113467998
2028,P2,c2st_lr,source_only,replace,0.5,-0.004349935825777281,-0.00469904359706862,-0.00998136877406528,0.0001040036434397481
2028,P2,c2st_lr,source_only,replace,0.75,-0.0021836348831752,-0.0028913454505306198,-0.01548671662595392,0.0002723747222567
2028,P2,c2st_lr,source_only,replace,1.0,-0.01069040422859814,-0.010648670282504439,,9.715839302224e-05
2028,P2,c2st_lr,target_real_anchor,append,0.0,0.0050808319187401405,0.00561641756027538,0.0050808319187401405,0.00061099380339224
2028,P2,c2st_lr,target_real_anchor,append,0.050332383665717,0.0019098248664761199,0.0016492637215528398,0.0006388164341213601,0.000511627265074
2028,P2,c2st_lr,target_real_anchor,append,0.0999099909990999,0.0020501525000345606,0.0012021142991209424,0.0007246028788694999,0.00020922176679221996
2028,P2,c2st_lr,target_real_anchor,append,0.2498124531132783,0.0028156060668791797,0.0021033688016671446,0.0016396582895154,3.84217281497e-05
2028,P2,c2st_lr,target_real_anchor,append,0.5,0.00265739245642366,0.0025276639202859,-0.0006589105563146024,4.493575677276e-05
2028,P2,c2st_lr,target_real_anchor,append,0.75,0.00057378655515536,0.0005689286355043,-0.00196513890614002,0.00012597468913454
2028,P2,c2st_lr,target_real_anchor,replace,0.0,0.0050808319187401405,0.00561641756027538,0.0050808319187401405,0.00061099380339224
2028,P2,c2st_lr,target_real_anchor,replace,0.05,0.00097964366055286,0.00065085082598432,-0.00024852675306035984,0.00017808691811917543
2028,P2,c2st_lr,target_real_anchor,replace,0.1,-0.00133592790405602,-0.002062407706427,-0.0035407609820724906,0.00019784981851806
2028,P2,c2st_lr,target_real_anchor,replace,0.25,0.00153256324266142,0.0008950716957176003,-0.00037207248236932014,0.00016196745745868
2028,P2,c2st_lr,target_real_anchor,replace,0.5,-0.004349935825777281,-0.00466801915566036,-0.00998136877406528,0.0001040036434397481
2028,P2,c2st_lr,target_real_anchor,replace,0.75,-0.0021836348831752,-0.002854359016823276,-0.01548671662595392,0.00030947156322882
2028,P2,c2st_lr,target_real_anchor,replace,1.0,-0.01069040422859814,-0.0106418250320869,,0.00010367242164536
2028,P2,c2st_xgb,oracle_target,append,0.0,0.0050808319187401405,0.0039855918519437995,0.0050808319187401405,0.0
2028,P2,c2st_xgb,oracle_target,append,0.050332383665717,0.0019098248664761199,0.000602602851267625,0.0006388164341213601,0.00015180998909726
2028,P2,c2st_xgb,oracle_target,append,0.0999099909990999,0.0020501525000345606,0.00131097586221174,0.0007246028788694999,0.00050180101850702
2028,P2,c2st_xgb,oracle_target,append,0.2498124531132783,0.0028156060668791797,0.0015983659724810011,0.0016396582895154,0.0012339115913826602
2028,P2,c2st_xgb,oracle_target,append,0.5,0.00265739245642366,0.0029071336893968,-0.0006589105563146024,0.00038200913620118
2028,P2,c2st_xgb,oracle_target,append,0.75,0.00057378655515536,0.0017449868201328202,-0.00196513890614002,0.0
2028,P2,c2st_xgb,oracle_target,replace,0.0,0.0050808319187401405,0.0039855918519437995,0.0050808319187401405,0.0
2028,P2,c2st_xgb,oracle_target,replace,0.05,0.00097964366055286,0.0004564236326749601,-0.00024852675306035984,6.591313708440544e-05
2028,P2,c2st_xgb,oracle_target,replace,0.1,-0.00133592790405602,-0.0013037993899998,-0.0035407609820724906,0.0007194137374238799
2028,P2,c2st_xgb,oracle_target,replace,0.25,0.00153256324266142,-0.0005297340565008797,-0.00037207248236932014,0.0024356946687092004
2028,P2,c2st_xgb,oracle_target,replace,0.5,-0.004349935825777281,-0.00528254599152614,-0.00998136877406528,0.0011484563684290062
2028,P2,c2st_xgb,oracle_target,replace,0.75,-0.0021836348831752,-0.004657420058239719,-0.01548671662595392,0.0030519880208117398
2028,P2,c2st_xgb,oracle_target,replace,1.0,-0.01069040422859814,-0.01770976690266206,,0.007019362674063841
2028,P2,c2st_xgb,source_only,append,0.0,0.0050808319187401405,0.00393336921569438,0.0050808319187401405,0.0
2028,P2,c2st_xgb,source_only,append,0.050332383665717,0.0019098248664761199,0.00050820463986534,0.0006388164341213601,0.00011857740239306001
2028,P2,c2st_xgb,source_only,append,0.0999099909990999,0.0020501525000345606,0.0013432147835327401,0.0007246028788694999,5.44307815454e-05
2028,P2,c2st_xgb,source_only,append,0.2498124531132783,0.0028156060668791797,0.0015683351964559614,0.0016396582895154,0.0012639423674076999
2028,P2,c2st_xgb,source_only,append,0.5,0.00265739245642366,0.0028570087911784997,-0.0006589105563146024,0.00043632951048179995
2028,P2,c2st_xgb,source_only,append,0.75,0.00057378655515536,0.0017382519769800799,-0.00196513890614002,0.0
2028,P2,c2st_xgb,source_only,replace,0.0,0.0050808319187401405,0.00393336921569438,0.0050808319187401405,0.0
2028,P2,c2st_xgb,source_only,replace,0.05,0.00097964366055286,0.00041645620281812004,-0.00024852675306035984,6.160725375728001e-05
2028,P2,c2st_xgb,source_only,replace,0.1,-0.00133592790405602,-0.00131748989083478,-0.0035407609820724906,0.0004739783877778799
2028,P2,c2st_xgb,source_only,replace,0.25,0.00153256324266142,-0.0006616707379345201,-0.00037207248236932014,0.0024677127755006203
2028,P2,c2st_xgb,source_only,replace,0.5,-0.004349935825777281,-0.00528254599152614,-0.00998136877406528,0.0011484563684290062
2028,P2,c2st_xgb,source_only,replace,0.75,-0.0021836348831752,-0.00464770421893748,-0.01548671662595392,0.0030427138105686797
2028,P2,c2st_xgb,source_only,replace,1.0,-0.01069040422859814,-0.0176568818228238,,0.00696647759422558
2028,P2,c2st_xgb,target_real_anchor,append,0.0,0.0050808319187401405,0.0046693440428379005,0.0050808319187401405,0.0
2028,P2,c2st_xgb,target_real_anchor,append,0.050332383665717,0.0019098248664761199,0.0005249865441145333,0.0006388164341213601,2.6608150816280004e-05
2028,P2,c2st_xgb,target_real_anchor,append,0.0999099909990999,0.0020501525000345606,0.0012827116024234399,0.0007246028788694999,2.881629611228e-05
2028,P2,c2st_xgb,target_real_anchor,append,0.2498124531132783,0.0028156060668791797,0.0017879352461391599,0.0016396582895154,0.0010340744420982999
2028,P2,c2st_xgb,target_real_anchor,append,0.5,0.00265739245642366,0.0028271988296829803,-0.0006589105563146024,0.00039724533874328
2028,P2,c2st_xgb,target_real_anchor,append,0.75,0.00057378655515536,0.0015729723015774002,-0.00196513890614002,3.268055038023743e-05
2028,P2,c2st_xgb,target_real_anchor,replace,0.0,0.0050808319187401405,0.0046693440428379005,0.0050808319187401405,0.0
2028,P2,c2st_xgb,target_real_anchor,replace,0.05,0.00097964366055286,0.00042429511861874004,-0.00024852675306035984,8.390952124637253e-06
2028,P2,c2st_xgb,target_real_anchor,replace,0.1,-0.00133592790405602,-0.0014326446680191,-0.0035407609820724906,0.0004278281510923
2028,P2,c2st_xgb,target_real_anchor,replace,0.25,0.00153256324266142,-0.0004885521467312201,-0.00037207248236932014,0.00230695979795472
2028,P2,c2st_xgb,target_real_anchor,replace,0.5,-0.004349935825777281,-0.00517114506134498,-0.00998136877406528,0.00103396403483346
2028,P2,c2st_xgb,target_real_anchor,replace,0.75,-0.0021836348831752,-0.00432586704205128,-0.01548671662595392,0.00272043500462334
2028,P2,c2st_xgb,target_real_anchor,replace,1.0,-0.01069040422859814,-0.017649263721552722,,0.0069588594929545
2028,P2,char3gram,oracle_target,append,0.0,0.0050808319187401405,0.00371619812583666,0.0050808319187401405,0.0
2028,P2,char3gram,oracle_target,append,0.050332383665717,0.0019098248664761199,0.0018897307442829199,0.0006388164341213601,0.00031830414441268
2028,P2,char3gram,oracle_target,append,0.0999099909990999,0.0020501525000345606,0.00214101767896326,0.0007246028788694999,5.067693454222e-05
2028,P2,char3gram,oracle_target,append,0.2498124531132783,0.0028156060668791797,0.00229912088215407,0.0016396582895154,0.00075739383651442
2028,P2,char3gram,oracle_target,append,0.5,0.00265739245642366,0.00367258725624146,-0.0006589105563146024,4.902082557032001e-05
2028,P2,char3gram,oracle_target,append,0.75,0.00057378655515536,0.00343300349162974,-0.00196513890614002,0.0
2028,P2,char3gram,oracle_target,replace,0.0,0.0050808319187401405,0.00371619812583666,0.0050808319187401405,0.0
2028,P2,char3gram,oracle_target,replace,0.05,0.00097964366055286,0.0013488455540374,-0.00024852675306035984,0.0005685974137098
2028,P2,char3gram,oracle_target,replace,0.1,-0.00133592790405602,-0.00160035330324724,-0.0035407609820724906,0.00100448529513242
2028,P2,char3gram,oracle_target,replace,0.25,0.00153256324266142,0.0006233594170496599,-0.00037207248236932014,0.0012038808153576601
2028,P2,char3gram,oracle_target,replace,0.5,-0.004349935825777281,-0.00243315530161886,-0.00998136877406528,0.0
2028,P2,char3gram,oracle_target,replace,0.75,-0.0021836348831752,-0.00332005685974134,-0.01548671662595392,0.0019426158241212202
2028,P2,char3gram,oracle_target,replace,1.0,-0.01069040422859814,-0.00986312259346654,,0.00090699568031576
2028,P2,char3gram,source_only,append,0.0,0.0050808319187401405,0.00371619812583666,0.0050808319187401405,0.0
2028,P2,char3gram,source_only,append,0.050332383665717,0.0019098248664761199,0.0018897307442829199,0.0006388164341213601,0.00053337749623922
2028,P2,char3gram,source_only,append,0.0999099909990999,0.0020501525000345606,0.00214101767896326,0.0007246028788694999,0.00025217019279855904
2028,P2,char3gram,source_only,append,0.2498124531132783,0.0028156060668791797,0.00229912088215407,0.0016396582895154,0.00075739383651442
2028,P2,char3gram,source_only,append,0.5,0.00265739245642366,0.00367258725624146,-0.0006589105563146024,4.902082557032001e-05
2028,P2,char3gram,source_only,append,0.75,0.00057378655515536,0.0034436025890503203,-0.00196513890614002,0.0
2028,P2,char3gram,source_only,replace,0.0,0.0050808319187401405,0.00371619812583666,0.0050808319187401405,0.0
2028,P2,char3gram,source_only,replace,0.05,0.00097964366055286,0.0013488455540374,-0.00024852675306035984,0.0005685974137098
2028,P2,char3gram,source_only,replace,0.1,-0.00133592790405602,-0.00161051077160866,-0.0035407609820724906,0.00048247974716737995
2028,P2,char3gram,source_only,replace,0.25,0.00153256324266142,0.0006926951793428199,-0.00037207248236932014,0.0011345450530645
2028,P2,char3gram,source_only,replace,0.5,-0.004349935825777281,-0.00243315530161886,-0.00998136877406528,0.0
2028,P2,char3gram,source_only,replace,0.75,-0.0021836348831752,-0.00332005685974134,-0.01548671662595392,0.0019426158241212202
2028,P2,char3gram,source_only,replace,1.0,-0.01069040422859814,-0.00986312259346654,,0.00090699568031576
2028,P2,char3gram,target_real_anchor,append,0.0,0.0050808319187401405,0.00454414220455702,0.0050808319187401405,2.6718558081139997e-05
2028,P2,char3gram,target_real_anchor,append,0.050332383665717,0.0019098248664761199,0.00239661049697066,0.0006388164341213601,0.00075651057839604
2028,P2,char3gram,target_real_anchor,append,0.0999099909990999,0.0020501525000345606,0.00199483846037072,0.0007246028788694999,0.0002134172428545
2028,P2,char3gram,target_real_anchor,append,0.2498124531132783,0.0028156060668791797,0.00262669923680978,0.0016396582895154,0.0006905974413116
2028,P2,char3gram,target_real_anchor,append,0.5,0.00265739245642366,0.0038002180543480002,-0.0006589105563146024,0.0001435294442374
2028,P2,char3gram,target_real_anchor,append,0.75,0.00057378655515536,0.00305673553319808,-0.00196513890614002,0.0
2028,P2,char3gram,target_real_anchor,replace,0.0,0.0050808319187401405,0.00454414220455702,0.0050808319187401405,2.6718558081139997e-05
2028,P2,char3gram,target_real_anchor,replace,0.05,0.00097964366055286,0.00119725637946972,-0.00024852675306035984,0.00055954401799638
2028,P2,char3gram,target_real_anchor,replace,0.1,-0.00133592790405602,-0.00098759298361828,-0.0035407609820724906,0.00079449067748656
2028,P2,char3gram,target_real_anchor,replace,0.25,0.00153256324266142,0.0010326391476559401,-0.00037207248236932014,0.00096749886142508
2028,P2,char3gram,target_real_anchor,replace,0.5,-0.004349935825777281,-0.002334672021419,-0.00998136877406528,0.00011272581735878001
2028,P2,char3gram,target_real_anchor,replace,0.75,-0.0021836348831752,-0.00360877185718812,-0.01548671662595392,0.0020834954940035
2028,P2,char3gram,target_real_anchor,replace,1.0,-0.01069040422859814,-0.009603775928456081,,0.00042109330793968
2028,P2,column_positional_ablation,oracle_target,append,0.0,0.0050808319187401405,0.0046220897335044,0.0050808319187401405,6.812128238044e-05
2028,P2,column_positional_ablation,oracle_target,append,0.050332383665717,0.0019098248664761199,0.0007030734622337817,0.0006388164341213601,0.00016859189334656
2028,P2,column_positional_ablation,oracle_target,append,0.0999099909990999,0.0020501525000345606,0.0018023985978277202,0.0007246028788694999,0.00050522364371568
2028,P2,column_positional_ablation,oracle_target,append,0.2498124531132783,0.0028156060668791797,0.0023449398970452,0.0016396582895154,0.0005500489932237327
2028,P2,column_positional_ablation,oracle_target,append,0.5,0.00265739245642366,0.00249288563187464,-0.0006589105563146024,0.00075684180019046
2028,P2,column_positional_ablation,oracle_target,append,0.75,0.00057378655515536,0.0025045888019431797,-0.00196513890614002,0.0
2028,P2,column_positional_ablation,oracle_target,replace,0.0,0.0050808319187401405,0.0046220897335044,0.0050808319187401405,6.812128238044e-05
2028,P2,column_positional_ablation,oracle_target,replace,0.05,0.00097964366055286,0.0006567024110186,-0.00024852675306035984,0.00012851405622486
2028,P2,column_positional_ablation,oracle_target,replace,0.1,-0.00133592790405602,-0.0009239983990946398,-0.0035407609820724906,0.00055104265860688
2028,P2,column_positional_ablation,oracle_target,replace,0.25,0.00153256324266142,0.0001236561365738199,-0.00037207248236932014,0.0015088256807298
2028,P2,column_positional_ablation,oracle_target,replace,0.5,-0.004349935825777281,-0.0029075753184559,-0.00998136877406528,8.810499730878e-05
2028,P2,column_positional_ablation,oracle_target,replace,0.75,-0.0021836348831752,-0.0048765784788638595,-0.01548671662595392,0.00269294359568864
2028,P2,column_positional_ablation,oracle_target,replace,1.0,-0.01069040422859814,-0.04720782787507408,,0.03651742364647585
2028,P2,column_positional_ablation,source_only,append,0.0,0.0050808319187401405,0.00462838294759782,0.0050808319187401405,6.70172097324e-05
2028,P2,column_positional_ablation,source_only,append,0.050332383665717,0.0019098248664761199,0.0008642680688389201,0.0006388164341213601,0.00022512041292316
2028,P2,column_positional_ablation,source_only,append,0.0999099909990999,0.0020501525000345606,0.00185727100843234,0.0007246028788694999,0.00025735933424412004
2028,P2,column_positional_ablation,source_only,append,0.2498124531132783,0.0028156060668791797,0.00240919692515768,0.0016396582895154,0.0005212326971114126
2028,P2,column_positional_ablation,source_only,append,0.5,0.00265739245642366,0.00251982500448528,-0.0006589105563146024,0.0007490028843897999
2028,P2,column_positional_ablation,source_only,append,0.75,0.00057378655515536,0.0025813218509778,-0.00196513890614002,0.0
2028,P2,column_positional_ablation,source_only,replace,0.0,0.0050808319187401405,0.00462838294759782,0.0050808319187401405,6.70172097324e-05
2028,P2,column_positional_ablation,source_only,replace,0.05,0.00097964366055286,0.0006389268413861,-0.00024852675306035984,0.00012851405622486
2028,P2,column_positional_ablation,source_only,replace,0.1,-0.00133592790405602,-0.0008366662526393799,-0.0035407609820724906,0.00072118025366064
2028,P2,column_positional_ablation,source_only,replace,0.25,0.00153256324266142,0.00015479098524685993,-0.00037207248236932014,0.00147945734829354
2028,P2,column_positional_ablation,source_only,replace,0.5,-0.004349935825777281,-0.00289841151547774,-0.00998136877406528,9.042354986956e-05
2028,P2,column_positional_ablation,source_only,replace,0.75,-0.0021836348831752,-0.004906498847624121,-0.01548671662595392,0.0027228639644489
2028,P2,column_positional_ablation,source_only,replace,1.0,-0.01069040422859814,-0.047196455926799843,,0.03650605169820162
2028,P2,column_positional_ablation,target_real_anchor,append,0.0,0.0050808319187401405,0.0036999682579112805,0.0050808319187401405,9.936653831821297e-06
2028,P2,column_positional_ablation,target_real_anchor,append,0.050332383665717,0.0019098248664761199,0.00053028609282492,0.0006388164341213601,0.00019740818945882
2028,P2,column_positional_ablation,target_real_anchor,append,0.0999099909990999,0.0020501525000345606,0.00157385555969582,0.0007246028788694999,7.783712168258e-05
2028,P2,column_positional_ablation,target_real_anchor,append,0.2498124531132783,0.0028156060668791797,0.0023779516692198203,0.0016396582895154,0.00060481099656352
2028,P2,column_positional_ablation,target_real_anchor,append,0.5,0.00265739245642366,0.00232815799279596,-0.0006589105563146024,0.0007590499454864
2028,P2,column_positional_ablation,target_real_anchor,append,0.75,0.00057378655515536,0.00268135083288478,-0.00196513890614002,0.0
2028,P2,column_positional_ablation,target_real_anchor,replace,0.0,0.0050808319187401405,0.0036999682579112805,0.0050808319187401405,9.936653831821297e-06
2028,P2,column_positional_ablation,target_real_anchor,replace,0.05,0.00097964366055286,0.0004960598407374799,-0.00024852675306035984,9.252128790074e-05
2028,P2,column_positional_ablation,target_real_anchor,replace,0.1,-0.00133592790405602,-0.0015861107660883797,-0.0035407609820724906,0.00030549690169609403
2028,P2,column_positional_ablation,target_real_anchor,replace,0.25,0.00153256324266142,-0.0006261195986694998,-0.00037207248236932014,0.00224005299548706
2028,P2,column_positional_ablation,target_real_anchor,replace,0.5,-0.004349935825777281,-0.00275808388191946,-0.00998136877406528,0.00012155839854268214
2028,P2,column_positional_ablation,target_real_anchor,replace,0.75,-0.0021836348831752,-0.005162974923749919,-0.01548671662595392,0.0029793400405746804
2028,P2,column_positional_ablation,target_real_anchor,replace,1.0,-0.01069040422859814,-0.03133711478215258,,0.02064671055355434
2028,P2,datum_transformer,oracle_target,append,0.0,0.0050808319187401405,0.0037096840972135397,0.0050808319187401405,1.6781904249274505e-05
2028,P2,datum_transformer,oracle_target,append,0.050332383665717,0.0019098248664761199,0.0008719965773747601,0.0006388164341213601,0.00041358561393340005
2028,P2,datum_transformer,oracle_target,append,0.0999099909990999,0.0020501525000345606,0.0021296457306890395,0.0007246028788694999,0.00021717108985768
2028,P2,datum_transformer,oracle_target,append,0.2498124531132783,0.0028156060668791797,0.0016986157689175857,0.0016396582895154,0.00117903918077802
2028,P2,datum_transformer,oracle_target,append,0.5,0.00265739245642366,0.0022643425937426916,-0.0006589105563146024,0.0007876454270690999
2028,P2,datum_transformer,oracle_target,append,0.75,0.00057378655515536,0.0028635228198015,-0.00196513890614002,0.0
2028,P2,datum_transformer,oracle_target,replace,0.0,0.0050808319187401405,0.0037096840972135397,0.0050808319187401405,1.6781904249274505e-05
2028,P2,datum_transformer,oracle_target,replace,0.05,0.00097964366055286,0.00084472598296958,-0.00024852675306035984,0.00018051587794476
2028,P2,datum_transformer,oracle_target,replace,0.1,-0.00133592790405602,-0.00145030983038676,-0.0035407609820724906,0.00108022467878382
2028,P2,datum_transformer,oracle_target,replace,0.25,0.00153256324266142,-0.0005295132419712798,-0.00037207248236932014,0.00234229012269004
2028,P2,datum_transformer,oracle_target,replace,0.5,-0.004349935825777281,-0.0038208642128651797,-0.00998136877406528,0.0007464635172994199
2028,P2,datum_transformer,oracle_target,replace,0.75,-0.0021836348831752,-0.00460486620019588,-0.01548671662595392,0.00270023047516528
2028,P2,datum_transformer,oracle_target,replace,1.0,-0.01069040422859814,-0.022201024027380882,,0.01151061979878266
2028,P2,datum_transformer,source_only,append,0.0,0.0050808319187401405,0.0035704605363032402,0.0050808319187401405,0.0
2028,P2,datum_transformer,source_only,append,0.050332383665717,0.0019098248664761199,0.0007189721083646,0.0006388164341213601,0.00032768876192047997
2028,P2,datum_transformer,source_only,append,0.0999099909990999,0.0020501525000345606,0.0022191860224403,0.0007246028788694999,0.00031697925723507997
2028,P2,datum_transformer,source_only,append,0.2498124531132783,0.0028156060668791797,0.0016428601001946199,0.0016396582895154,0.00124175050718328
2028,P2,datum_transformer,source_only,append,0.5,0.00265739245642366,0.002242592362577509,-0.0006589105563146024,0.00082849611504432
2028,P2,datum_transformer,source_only,append,0.75,0.00057378655515536,0.002903931878717639,-0.00196513890614002,0.0
2028,P2,datum_transformer,source_only,replace,0.0,0.0050808319187401405,0.0035704605363032402,0.0050808319187401405,0.0
2028,P2,datum_transformer,source_only,replace,0.05,0.00097964366055286,0.0008144743924149801,-0.00024852675306035984,0.00017985343435598
2028,P2,datum_transformer,source_only,replace,0.1,-0.00133592790405602,-0.0012038808153576202,-0.0035407609820724906,0.00041358561393333993
2028,P2,datum_transformer,source_only,replace,0.25,0.00153256324266142,-0.0006819856746573602,-0.00037207248236932014,0.0025569218454574
2028,P2,datum_transformer,source_only,replace,0.5,-0.004349935825777281,-0.0037478850108336598,-0.00998136877406528,0.00068419381995336
2028,P2,datum_transformer,source_only,replace,0.75,-0.0021836348831752,-0.0044159593701264595,-0.01548671662595392,0.00252821595660994
2028,P2,datum_transformer,source_only,replace,1.0,-0.01069040422859814,-0.021537917995003937,,0.0108475137664057
2028,P2,datum_transformer,target_real_anchor,append,0.0,0.0050808319187401405,0.0035649401730633206,0.0050808319187401405,0.0
2028,P2,datum_transformer,target_real_anchor,append,0.050332383665717,0.0019098248664761199,0.0006960073972865999,0.0006388164341213601,0.00032768876192047997
2028,P2,datum_transformer,target_real_anchor,append,0.0999099909990999,0.0020501525000345606,0.00222415434935624,0.0007246028788694999,0.00032194758415102
2028,P2,datum_transformer,target_real_anchor,append,0.2498124531132783,0.0028156060668791797,0.0016808401992850798,0.0016396582895154,0.00120520570253518
2028,P2,datum_transformer,target_real_anchor,append,0.5,0.00265739245642366,0.002251756165555676,-0.0006589105563146024,0.00083125629666432
2028,P2,datum_transformer,target_real_anchor,append,0.75,0.00057378655515536,0.0028084295946673742,-0.00196513890614002,0.0
2028,P2,datum_transformer,target_real_anchor,replace,0.0,0.0050808319187401405,0.0035649401730633206,0.0050808319187401405,0.0
2028,P2,datum_transformer,target_real_anchor,replace,0.05,0.00097964366055286,0.0008447259829695599,-0.00024852675306035984,0.00018415931768308002
2028,P2,datum_transformer,target_real_anchor,replace,0.1,-0.00133592790405602,-0.0012138174691894402,-0.0035407609820724906,0.00040718199257506
2028,P2,datum_transformer,target_real_anchor,replace,0.25,0.00153256324266142,-0.0006681847665576401,-0.00037207248236932014,0.0025434521591521002
2028,P2,datum_transformer,target_real_anchor,replace,0.5,-0.004349935825777281,-0.0038266053906346603,-0.00998136877406528,0.00076291419975436
2028,P2,datum_transformer,target_real_anchor,replace,0.75,-0.0021836348831752,-0.004550877047709639,-0.01548671662595392,0.00266313363419314
2028,P2,datum_transformer,target_real_anchor,replace,1.0,-0.01069040422859814,-0.0221948412205522,,0.01150443699195396
2028,P2,flat_transformer,oracle_target,append,0.0,0.0050808319187401405,0.00445327702562822,0.0050808319187401405,9.693757849268451e-05
2028,P2,flat_transformer,oracle_target,append,0.050332383665717,0.0019098248664761199,0.0023152403428145204,0.0006388164341213601,0.0009055603858733601
2028,P2,flat_transformer,oracle_target,append,0.0999099909990999,0.0020501525000345606,0.0016523551249672068,0.0007246028788694999,0.0005144978539587354
2028,P2,flat_transformer,oracle_target,append,0.2498124531132783,0.0028156060668791797,0.0025268910694322597,0.0016396582895154,0.00040939013787106443
2028,P2,flat_transformer,oracle_target,append,0.5,0.00265739245642366,0.00327854372817728,-0.0006589105563146024,0.00025481996715386
2028,P2,flat_transformer,oracle_target,append,0.75,0.00057378655515536,0.0031601871403138795,-0.00196513890614002,0.0
2028,P2,flat_transformer,oracle_target,replace,0.0,0.0050808319187401405,0.00445327702562822,0.0050808319187401405,9.693757849268451e-05
2028,P2,flat_transformer,oracle_target,replace,0.05,0.00097964366055286,0.0003580507597400201,-0.00024852675306035984,0.00012277287845538
2028,P2,flat_transformer,oracle_target,replace,0.1,-0.00133592790405602,-0.0009831766930263202,-0.0035407609820724906,0.00151158586234968
2028,P2,flat_transformer,oracle_target,replace,0.25,0.00153256324266142,0.0007059440511186201,-0.00037207248236932014,0.0011094826039553
2028,P2,flat_transformer,oracle_target,replace,0.5,-0.004349935825777281,-0.0030833436840144004,-0.00998136877406528,0.00045211774934791996
2028,P2,flat_transformer,oracle_target,replace,0.75,-0.0021836348831752,-0.0032592224568376597,-0.01548671662595392,0.00140548448087888
2028,P2,flat_transformer,oracle_target,replace,1.0,-0.01069040422859814,-0.020066741191570262,,0.009376336962972059
2028,P2,flat_transformer,source_only,append,0.0,0.0050808319187401405,0.00445327702562822,0.0050808319187401405,9.693757849268451e-05
2028,P2,flat_transformer,source_only,append,0.050332383665717,0.0019098248664761199,0.0023152403428145204,0.0006388164341213601,0.0009055603858733601
2028,P2,flat_transformer,source_only,append,0.0999099909990999,0.0020501525000345606,0.001638885438661887,0.0007246028788694999,0.0003848797250858554
2028,P2,flat_transformer,source_only,append,0.2498124531132783,0.0028156060668791797,0.0025268910694322597,0.0016396582895154,0.00040939013787106443
2028,P2,flat_transformer,source_only,append,0.5,0.00265739245642366,0.0030880911964006404,-0.0006589105563146024,0.00037516388578372
2028,P2,flat_transformer,source_only,append,0.75,0.00057378655515536,0.0030833436840144402,-0.00196513890614002,0.0
2028,P2,flat_transformer,source_only,replace,0.0,0.0050808319187401405,0.00445327702562822,0.0050808319187401405,9.693757849268451e-05
2028,P2,flat_transformer,source_only,replace,0.05,0.00097964366055286,0.0003580507597400201,-0.00024852675306035984,0.00012277287845538
2028,P2,flat_transformer,source_only,replace,0.1,-0.00133592790405602,-0.0009831766930263202,-0.0035407609820724906,0.00093216853668968
2028,P2,flat_transformer,source_only,replace,0.25,0.00153256324266142,0.0007059440511186201,-0.00037207248236932014,0.0011094826039553
2028,P2,flat_transformer,source_only,replace,0.5,-0.004349935825777281,-0.0030833436840144004,-0.00998136877406528,0.00045211774934791996
2028,P2,flat_transformer,source_only,replace,0.75,-0.0021836348831752,-0.0032592224568376597,-0.01548671662595392,0.00140548448087888
2028,P2,flat_transformer,source_only,replace,1.0,-0.01069040422859814,-0.020402158462026622,,0.00971175423342842
2028,P2,flat_transformer,target_real_anchor,append,0.0,0.0050808319187401405,0.00436417836293618,0.0050808319187401405,7.739549262338001e-05
2028,P2,flat_transformer,target_real_anchor,append,0.050332383665717,0.0019098248664761199,0.0020502629072992598,0.0006388164341213601,0.00075198388053932
2028,P2,flat_transformer,target_real_anchor,append,0.0999099909990999,0.0020501525000345606,0.0017121958624877036,0.0007246028788694999,0.00025780096330329995
2028,P2,flat_transformer,target_real_anchor,append,0.2498124531132783,0.0028156060668791797,0.0025745870078251,0.0016396582895154,0.0004035385528367405
2028,P2,flat_transformer,target_real_anchor,append,0.5,0.00265739245642366,0.0032078830787065997,-0.0006589105563146024,0.00033663175036916
2028,P2,flat_transformer,target_real_anchor,append,0.75,0.00057378655515536,0.0031398722035909316,-0.00196513890614002,0.0
2028,P2,flat_transformer,target_real_anchor,replace,0.0,0.0050808319187401405,0.00436417836293618,0.0050808319187401405,7.739549262338001e-05
2028,P2,flat_transformer,target_real_anchor,replace,0.05,0.00097964366055286,0.0006652037704079999,-0.00024852675306035984,0.00012520183828094
2028,P2,flat_transformer,target_real_anchor,replace,0.1,-0.00133592790405602,-0.0010174029451137001,-0.0035407609820724906,0.0008057522184959601
2028,P2,flat_transformer,target_real_anchor,replace,0.25,0.00153256324266142,0.00074668433182904,-0.00037207248236932014,0.0010992147283291399
2028,P2,flat_transformer,target_real_anchor,replace,0.5,-0.004349935825777281,-0.0030688803323258,-0.00998136877406528,0.00043964172842576
2028,P2,flat_transformer,target_real_anchor,replace,0.75,-0.0021836348831752,-0.0031915428035164404,-0.01548671662595392,0.0013383568638816999
2028,P2,flat_transformer,target_real_anchor,replace,1.0,-0.01069040422859814,-0.020221532176817082,,0.0095311279482189
2028,P3,char3gram,oracle_target,append,0.0,-0.003680462839341379,-0.0032938733125648803,-0.003680462839341379,0.0008713840676457599
2028,P3,char3gram,oracle_target,append,0.050332383665717,0.0011211986352174,0.00191959649903578,0.0021400385699451405,0.00106126687435096
2028,P3,char3gram,oracle_target,append,0.0999099909990999,0.00017356475300405998,-0.00024150719477819706,-0.00173624091381092,0.00040795134253074003
2028,P3,char3gram,oracle_target,append,0.2498124531132783,0.004934876131137781,0.00658448301438954,0.0024853879246402,0.00089689956979674
2028,P3,char3gram,oracle_target,append,0.5,-0.00832042723631506,-0.005620531078475,-0.00683133066310634,0.0
2028,P3,char3gram,oracle_target,append,0.75,-0.01186945557039008,-0.00685536270582994,-0.009707758492805179,0.0
2028,P3,char3gram,oracle_target,replace,0.0,-0.003680462839341379,-0.0032938733125648803,-0.003680462839341379,0.0008713840676457599
2028,P3,char3gram,oracle_target,replace,0.05,-0.00496721554665476,-0.00205399792315674,-0.00373475745438358,0.0030704643228007798
2028,P3,char3gram,oracle_target,replace,0.1,-0.009606289867972061,-0.0083578104138851,-0.00883400089007562,0.0005373090045986999
2028,P3,char3gram,oracle_target,replace,0.25,-0.00393027740691296,-0.0021326212728082,-0.008213618157543399,0.00020738762794838
2028,P3,char3gram,oracle_target,replace,0.5,-0.014171784601691101,-0.0102943183503931,-0.010759234534935491,0.0
2028,P3,char3gram,oracle_target,replace,0.75,-0.0216276516837264,-0.015668891855807682,-0.03656875834445922,0.0
2028,P3,char3gram,oracle_target,replace,1.0,-0.014721851357365279,-0.010372051624388019,,0.0
2028,P3,char3gram,source_only,append,0.0,-0.003680462839341379,,-0.003680462839341379,
2028,P3,char3gram,source_only,append,0.050332383665717,0.0011211986352174,,0.0021400385699451405,
2028,P3,char3gram,source_only,append,0.0999099909990999,0.00017356475300405998,,-0.00173624091381092,
2028,P3,char3gram,source_only,append,0.2498124531132783,0.004934876131137781,,0.0024853879246402,
2028,P3,char3gram,source_only,append,0.5,-0.00832042723631506,,-0.00683133066310634,
2028,P3,char3gram,source_only,append,0.75,-0.01186945557039008,,-0.009707758492805179,
2028,P3,char3gram,source_only,replace,0.0,-0.003680462839341379,,-0.003680462839341379,
2028,P3,char3gram,source_only,replace,0.05,-0.00496721554665476,,-0.00373475745438358,
2028,P3,char3gram,source_only,replace,0.1,-0.009606289867972061,,-0.00883400089007562,
2028,P3,char3gram,source_only,replace,0.25,-0.00393027740691296,,-0.008213618157543399,
2028,P3,char3gram,source_only,replace,0.5,-0.014171784601691101,,-0.010759234534935491,
2028,P3,char3gram,source_only,replace,0.75,-0.0216276516837264,,-0.03656875834445922,
2028,P3,char3gram,source_only,replace,1.0,-0.014721851357365279,,,
2028,P3,char3gram,target_real_anchor,append,0.0,-0.003680462839341379,-0.0016555407209612987,-0.003680462839341379,0.00056905503634474
2028,P3,char3gram,target_real_anchor,append,0.050332383665717,0.0011211986352174,0.004641744548286661,0.0021400385699451405,0.00010028185729122
2028,P3,char3gram,target_real_anchor,append,0.0999099909990999,0.00017356475300405998,0.0014294615042279202,-0.00173624091381092,0.00028393413440142
2028,P3,char3gram,target_real_anchor,append,0.2498124531132783,0.004934876131137781,0.007959649903575141,0.0024853879246402,0.00039341344014238
2028,P3,char3gram,target_real_anchor,append,0.5,-0.00832042723631506,-0.0037012312713247406,-0.00683133066310634,0.0
2028,P3,char3gram,target_real_anchor,append,0.75,-0.01186945557039008,-0.00660169114374722,-0.009707758492805179,0.0
2028,P3,char3gram,target_real_anchor,replace,0.0,-0.003680462839341379,-0.0016555407209612987,-0.003680462839341379,0.00056905503634474
2028,P3,char3gram,target_real_anchor,replace,0.05,-0.00496721554665476,0.00032992137665037604,-0.00373475745438358,0.0
2028,P3,char3gram,target_real_anchor,replace,0.1,-0.009606289867972061,-0.00722741433021804,-0.00883400089007562,0.0002483311081442
2028,P3,char3gram,target_real_anchor,replace,0.25,-0.00393027740691296,-0.00023676012461063995,-0.008213618157543399,0.0
2028,P3,char3gram,target_real_anchor,replace,0.5,-0.014171784601691101,-0.00887553775404248,-0.010759234534935491,0.0
2028,P3,char3gram,target_real_anchor,replace,0.75,-0.0216276516837264,-0.013508678237650201,-0.03656875834445922,0.0
2028,P3,char3gram,target_real_anchor,replace,1.0,-0.014721851357365279,-0.01038718291054734,,0.00040587449933243995
2028,P3,column_positional_ablation,oracle_target,append,0.0,-0.003680462839341379,-0.0026610295208425797,-0.003680462839341379,0.00234623943035154
2028,P3,column_positional_ablation,oracle_target,append,0.050332383665717,0.0011211986352174,0.0035662364634327396,0.0021400385699451405,0.00146002076843198
2028,P3,column_positional_ablation,oracle_target,append,0.0999099909990999,0.00017356475300405998,0.0018424566088118001,-0.00173624091381092,0.00103664144785638
2028,P3,column_positional_ablation,oracle_target,append,0.2498124531132783,0.004934876131137781,0.0059157395045245,0.0024853879246402,0.00025396825396826
2028,P3,column_positional_ablation,oracle_target,append,0.5,-0.00832042723631506,-0.0060824803441625,-0.00683133066310634,0.0
2028,P3,column_positional_ablation,oracle_target,append,0.75,-0.01186945557039008,-0.01102892745883394,-0.009707758492805179,6.0525144637320005e-05
2028,P3,column_positional_ablation,oracle_target,replace,0.0,-0.003680462839341379,-0.0026610295208425797,-0.003680462839341379,0.00234623943035154
2028,P3,column_positional_ablation,oracle_target,replace,0.05,-0.00496721554665476,-0.002683578104138798,-0.00373475745438358,0.00125589675122384
2028,P3,column_positional_ablation,oracle_target,replace,0.1,-0.009606289867972061,-0.00784067645749884,-0.00883400089007562,0.00049636552440294
2028,P3,column_positional_ablation,oracle_target,replace,0.25,-0.00393027740691296,-0.00289155911585824,-0.008213618157543399,0.0001168966028779
2028,P3,column_positional_ablation,oracle_target,replace,0.5,-0.014171784601691101,-0.01313187954309446,-0.010759234534935491,0.000513870345646023
2028,P3,column_positional_ablation,oracle_target,replace,0.75,-0.0216276516837264,-0.01944904316866932,-0.03656875834445922,0.00035336003560302004
2028,P3,column_positional_ablation,oracle_target,replace,1.0,-0.014721851357365279,-0.01390535528853282,,0.00040824803441629994
2028,P3,column_positional_ablation,source_only,append,0.0,-0.003680462839341379,,-0.003680462839341379,
2028,P3,column_positional_ablation,source_only,append,0.050332383665717,0.0011211986352174,,0.0021400385699451405,
2028,P3,column_positional_ablation,source_only,append,0.0999099909990999,0.00017356475300405998,,-0.00173624091381092,
2028,P3,column_positional_ablation,source_only,append,0.2498124531132783,0.004934876131137781,,0.0024853879246402,
2028,P3,column_positional_ablation,source_only,append,0.5,-0.00832042723631506,,-0.00683133066310634,
2028,P3,column_positional_ablation,source_only,append,0.75,-0.01186945557039008,,-0.009707758492805179,
2028,P3,column_positional_ablation,source_only,replace,0.0,-0.003680462839341379,,-0.003680462839341379,
2028,P3,column_positional_ablation,source_only,replace,0.05,-0.00496721554665476,,-0.00373475745438358,
2028,P3,column_positional_ablation,source_only,replace,0.1,-0.009606289867972061,,-0.00883400089007562,
2028,P3,column_positional_ablation,source_only,replace,0.25,-0.00393027740691296,,-0.008213618157543399,
2028,P3,column_positional_ablation,source_only,replace,0.5,-0.014171784601691101,,-0.010759234534935491,
2028,P3,column_positional_ablation,source_only,replace,0.75,-0.0216276516837264,,-0.03656875834445922,
2028,P3,column_positional_ablation,source_only,replace,1.0,-0.014721851357365279,,,
2028,P3,column_positional_ablation,target_real_anchor,append,0.0,-0.003680462839341379,-0.0026918854769322404,-0.003680462839341379,0.00133214656579138
2028,P3,column_positional_ablation,target_real_anchor,append,0.050332383665717,0.0011211986352174,0.0035425011125945803,0.0021400385699451405,0.0004462245957573
2028,P3,column_positional_ablation,target_real_anchor,append,0.0999099909990999,0.00017356475300405998,0.00181634772288978,-0.00173624091381092,0.00039964396973746
2028,P3,column_positional_ablation,target_real_anchor,append,0.2498124531132783,0.004934876131137781,0.0058673787271918,0.0024853879246402,0.00025367156208277997
2028,P3,column_positional_ablation,target_real_anchor,append,0.5,-0.00832042723631506,-0.006125797359442161,-0.00683133066310634,0.0
2028,P3,column_positional_ablation,target_real_anchor,append,0.75,-0.01186945557039008,-0.01103337783711608,-0.009707758492805179,7.0909360629e-05
2028,P3,column_positional_ablation,target_real_anchor,replace,0.0,-0.003680462839341379,-0.0026918854769322404,-0.003680462839341379,0.00133214656579138
2028,P3,column_positional_ablation,target_real_anchor,replace,0.05,-0.00496721554665476,-0.0027325322652424983,-0.00373475745438358,0.00010532561934429999
2028,P3,column_positional_ablation,target_real_anchor,replace,0.1,-0.009606289867972061,-0.00786530188399344,-0.00883400089007562,0.00032695445779556
2028,P3,column_positional_ablation,target_real_anchor,replace,0.25,-0.00393027740691296,-0.0029366562824506798,-0.008213618157543399,0.00022162883845128
2028,P3,column_positional_ablation,target_real_anchor,replace,0.5,-0.014171784601691101,-0.01319774514167032,-0.010759234534935491,0.0005515502151015702
2028,P3,column_positional_ablation,target_real_anchor,replace,0.75,-0.0216276516837264,-0.01950541462690988,-0.03656875834445922,0.00035336003560302004
2028,P3,column_positional_ablation,target_real_anchor,replace,1.0,-0.014721851357365279,-0.01398457202195508,,0.00044414775255898
2028,P3,datum_ta,source_only,append,0.0,-0.003680462839341379,,-0.003680462839341379,
2028,P3,datum_ta,source_only,append,0.050332383665717,0.0011211986352174,,0.0021400385699451405,
2028,P3,datum_ta,source_only,append,0.0999099909990999,0.00017356475300405998,,-0.00173624091381092,
2028,P3,datum_ta,source_only,append,0.2498124531132783,0.004934876131137781,,0.0024853879246402,
2028,P3,datum_ta,source_only,append,0.5,-0.00832042723631506,,-0.00683133066310634,
2028,P3,datum_ta,source_only,append,0.75,-0.01186945557039008,,-0.009707758492805179,
2028,P3,datum_ta,source_only,replace,0.0,-0.003680462839341379,,-0.003680462839341379,
2028,P3,datum_ta,source_only,replace,0.05,-0.00496721554665476,,-0.00373475745438358,
2028,P3,datum_ta,source_only,replace,0.1,-0.009606289867972061,,-0.00883400089007562,
2028,P3,datum_ta,source_only,replace,0.25,-0.00393027740691296,,-0.008213618157543399,
2028,P3,datum_ta,source_only,replace,0.5,-0.014171784601691101,,-0.010759234534935491,
2028,P3,datum_ta,source_only,replace,0.75,-0.0216276516837264,,-0.03656875834445922,
2028,P3,datum_ta,source_only,replace,1.0,-0.014721851357365279,,,
2028,P3,datum_ta,target_real_anchor,append,0.0,-0.003680462839341379,-0.00447144340602282,-0.003680462839341379,0.0010176531671857996
2028,P3,datum_ta,target_real_anchor,append,0.050332383665717,0.0011211986352174,0.00018187212579738035,0.0021400385699451405,0.00165079365079368
2028,P3,datum_ta,target_real_anchor,append,0.0999099909990999,0.00017356475300405998,-0.00123512831924042,-0.00173624091381092,0.00191870642337928
2028,P3,datum_ta,target_real_anchor,append,0.2498124531132783,0.004934876131137781,0.0015410176531671395,0.0024853879246402,0.0033938584779706397
2028,P3,datum_ta,target_real_anchor,append,0.5,-0.00832042723631506,-0.0098454235276665,-0.00683133066310634,0.0016988577362409
2028,P3,datum_ta,target_real_anchor,append,0.75,-0.01186945557039008,-0.01411867675419074,-0.009707758492805179,0.0022492211838006397
2028,P3,datum_ta,target_real_anchor,replace,0.0,-0.003680462839341379,-0.00447144340602282,-0.003680462839341379,0.0010176531671857996
2028,P3,datum_ta,target_real_anchor,replace,0.05,-0.00496721554665476,-0.0062453641892894,-0.00373475745438358,0.00159887257083518
2028,P3,datum_ta,target_real_anchor,replace,0.1,-0.009606289867972061,-0.01039549028334074,-0.00883400089007562,0.0009402165850764
2028,P3,datum_ta,target_real_anchor,replace,0.25,-0.00393027740691296,-0.0044388072986204195,-0.008213618157543399,0.00137961726746766
2028,P3,datum_ta,target_real_anchor,replace,0.5,-0.014171784601691101,-0.01790179498590714,-0.010759234534935491,0.0037300103842160203
2028,P3,datum_ta,target_real_anchor,replace,0.75,-0.0216276516837264,-0.02548494288681194,-0.03656875834445922,0.00385729120308548
2028,P3,datum_ta,target_real_anchor,replace,1.0,-0.014721851357365279,-0.01972466993027732,,0.005002818572912
2028,P3,datum_transformer,source_only,append,0.0,-0.003680462839341379,,-0.003680462839341379,
2028,P3,datum_transformer,source_only,append,0.050332383665717,0.0011211986352174,,0.0021400385699451405,
2028,P3,datum_transformer,source_only,append,0.0999099909990999,0.00017356475300405998,,-0.00173624091381092,
2028,P3,datum_transformer,source_only,append,0.2498124531132783,0.004934876131137781,,0.0024853879246402,
2028,P3,datum_transformer,source_only,append,0.5,-0.00832042723631506,,-0.00683133066310634,
2028,P3,datum_transformer,source_only,append,0.75,-0.01186945557039008,,-0.009707758492805179,
2028,P3,datum_transformer,source_only,replace,0.0,-0.003680462839341379,,-0.003680462839341379,
2028,P3,datum_transformer,source_only,replace,0.05,-0.00496721554665476,,-0.00373475745438358,
2028,P3,datum_transformer,source_only,replace,0.1,-0.009606289867972061,,-0.00883400089007562,
2028,P3,datum_transformer,source_only,replace,0.25,-0.00393027740691296,,-0.008213618157543399,
2028,P3,datum_transformer,source_only,replace,0.5,-0.014171784601691101,,-0.010759234534935491,
2028,P3,datum_transformer,source_only,replace,0.75,-0.0216276516837264,,-0.03656875834445922,
2028,P3,datum_transformer,source_only,replace,1.0,-0.014721851357365279,,,
2028,P3,datum_transformer,target_real_anchor,append,0.0,-0.003680462839341379,-0.00633704198190182,-0.003680462839341379,0.0026565791425604
2028,P3,datum_transformer,target_real_anchor,append,0.050332383665717,0.0011211986352174,0.0002604954754488801,0.0021400385699451405,0.00171932947633876
2028,P3,datum_transformer,target_real_anchor,append,0.0999099909990999,0.00017356475300405998,-0.0006645898234683399,-0.00173624091381092,0.0014680314493399
2028,P3,datum_transformer,target_real_anchor,append,0.2498124531132783,0.004934876131137781,0.00400979083222072,0.0024853879246402,0.00115502151016162
2028,P3,datum_transformer,target_real_anchor,append,0.5,-0.00832042723631506,-0.00883637442515944,-0.00683133066310634,0.0005159471888443526
2028,P3,datum_transformer,target_real_anchor,append,0.75,-0.01186945557039008,-0.011658804331701461,-0.009707758492805179,0.00015784008307372002
2028,P3,datum_transformer,target_real_anchor,replace,0.0,-0.003680462839341379,-0.00633704198190182,-0.003680462839341379,0.0026565791425604
2028,P3,datum_transformer,target_real_anchor,replace,0.05,-0.00496721554665476,-0.0048592197003411,-0.00373475745438358,0.0010378282153982801
2028,P3,datum_transformer,target_real_anchor,replace,0.1,-0.009606289867972061,-0.01020857439549026,-0.00883400089007562,0.00082421005785492
2028,P3,datum_transformer,target_real_anchor,replace,0.25,-0.00393027740691296,-0.00398783563269544,-0.008213618157543399,0.00046135588191657996
2028,P3,datum_transformer,target_real_anchor,replace,0.5,-0.014171784601691101,-0.01474914701082924,-0.010759234534935491,0.00153983088562528
2028,P3,datum_transformer,target_real_anchor,replace,0.75,-0.0216276516837264,-0.022672897196261622,-0.03656875834445922,0.00111318795430938
2028,P3,datum_transformer,target_real_anchor,replace,1.0,-0.014721851357365279,-0.0141560599317608,,0.00018958611481976
2028,P3,flat_transformer,oracle_target,append,0.0,-0.003680462839341379,-0.004178311823171661,-0.003680462839341379,0.00054146269099538
2028,P3,flat_transformer,oracle_target,append,0.050332383665717,0.0011211986352174,0.0008535825545172201,0.0021400385699451405,0.00052306779409578
2028,P3,flat_transformer,oracle_target,append,0.0999099909990999,0.00017356475300405998,-0.0024497848983830307,-0.00173624091381092,0.00030410918261386
2028,P3,flat_transformer,oracle_target,append,0.2498124531132783,0.004934876131137781,0.0054060228452751415,0.0024853879246402,0.00122593087079066
2028,P3,flat_transformer,oracle_target,append,0.5,-0.00832042723631506,-0.01160065272214798,-0.00683133066310634,0.0032802254858329003
2028,P3,flat_transformer,oracle_target,append,0.75,-0.01186945557039008,-0.01624981456757146,-0.009707758492805179,0.00438035899718136
2028,P3,flat_transformer,oracle_target,replace,0.0,-0.003680462839341379,-0.004178311823171661,-0.003680462839341379,0.00054146269099538
2028,P3,flat_transformer,oracle_target,replace,0.05,-0.00496721554665476,-0.005390891559115801,-0.00373475745438358,0.0003162735499183746
2028,P3,flat_transformer,oracle_target,replace,0.1,-0.009606289867972061,-0.00936270582999558,-0.00883400089007562,0.0012078326657765201
2028,P3,flat_transformer,oracle_target,replace,0.25,-0.00393027740691296,-0.0050443554368788165,-0.008213618157543399,7.090936062898e-05
2028,P3,flat_transformer,oracle_target,replace,0.5,-0.014171784601691101,-0.01414834594273838,-0.010759234534935491,0.00115828512090188
2028,P3,flat_transformer,oracle_target,replace,0.75,-0.0216276516837264,-0.024551846906987,-0.03656875834445922,0.00377807446966322
2028,P3,flat_transformer,oracle_target,replace,1.0,-0.014721851357365279,-0.02181842456608804,,0.007096573208722701
2028,P3,flat_transformer,source_only,append,0.0,-0.003680462839341379,-0.052256341789052044,-0.003680462839341379,0.04857587894971066
2028,P3,flat_transformer,source_only,append,0.050332383665717,0.0011211986352174,-0.0755402759234534,0.0021400385699451405,0.07666147455867083
2028,P3,flat_transformer,source_only,append,0.0999099909990999,0.00017356475300405998,-0.07817311971517568,-0.00173624091381092,0.07834668446817976
2028,P3,flat_transformer,source_only,append,0.2498124531132783,0.004934876131137781,-0.08317044948820648,0.0024853879246402,0.08810532561934428
2028,P3,flat_transformer,source_only,append,0.5,-0.00832042723631506,-0.08634149236018392,-0.00683133066310634,0.07802106512386883
2028,P3,flat_transformer,source_only,append,0.75,-0.01186945557039008,-0.08165301883993467,-0.009707758492805179,0.07258700489541606
2028,P3,flat_transformer,source_only,replace,0.0,-0.003680462839341379,-0.052256341789052044,-0.003680462839341379,0.04857587894971066
2028,P3,flat_transformer,source_only,replace,0.05,-0.00496721554665476,-0.1182140631953715,-0.00373475745438358,0.11324684764871673
2028,P3,flat_transformer,source_only,replace,0.1,-0.009606289867972061,-0.08729713692330505,-0.00883400089007562,0.077690847055333
2028,P3,flat_transformer,source_only,replace,0.25,-0.00393027740691296,-0.03469989615784008,-0.008213618157543399,0.03091470108292534
2028,P3,flat_transformer,source_only,replace,0.5,-0.014171784601691101,-0.1061833555852247,-0.010759234534935491,0.09201157098353359
2028,P3,flat_transformer,source_only,replace,0.75,-0.0216276516837264,-0.16731296049053057,-0.03656875834445922,0.1441373683429758
2028,P3,flat_transformer,source_only,replace,1.0,-0.014721851357365279,,,
2028,P3,flat_transformer,target_real_anchor,append,0.0,-0.003680462839341379,-0.0036104435543688,-0.003680462839341379,0.00044444444444441996
2028,P3,flat_transformer,target_real_anchor,append,0.050332383665717,0.0011211986352174,0.00064589823468334,0.0021400385699451405,0.00082242990654204
2028,P3,flat_transformer,target_real_anchor,append,0.0999099909990999,0.00017356475300405998,-0.0013161252039756402,-0.00173624091381092,0.0016202343865895003
2028,P3,flat_transformer,target_real_anchor,append,0.2498124531132783,0.004934876131137781,0.00554220442070912,0.0024853879246402,0.0007544874647678
2028,P3,flat_transformer,target_real_anchor,append,0.5,-0.00832042723631506,-0.01087969144043906,-0.00683133066310634,0.002559264204123972
2028,P3,flat_transformer,target_real_anchor,append,0.75,-0.01186945557039008,-0.01531849873905948,-0.009707758492805179,0.0034490431686693196
2028,P3,flat_transformer,target_real_anchor,replace,0.0,-0.003680462839341379,-0.0036104435543688,-0.003680462839341379,0.00044444444444441996
2028,P3,flat_transformer,target_real_anchor,replace,0.05,-0.00496721554665476,-0.0052787420264055005,-0.00373475745438358,0.00058359293873306
2028,P3,flat_transformer,target_real_anchor,replace,0.1,-0.009606289867972061,-0.0093923750185432,-0.00883400089007562,0.00100370864856842
2028,P3,flat_transformer,target_real_anchor,replace,0.25,-0.00393027740691296,-0.0044432576769026,-0.008213618157543399,0.0012333481679275798
2028,P3,flat_transformer,target_real_anchor,replace,0.5,-0.014171784601691101,-0.014795727636849079,-0.010759234534935491,0.0016525738021064599
2028,P3,flat_transformer,target_real_anchor,replace,0.75,-0.0216276516837264,-0.023671562082776997,-0.03656875834445922,0.0029135143153834397
2028,P3,flat_transformer,target_real_anchor,replace,1.0,-0.014721851357365279,-0.02076042130247728,,0.006038569945111945
2028,P4,char3gram,oracle_target,append,0.0,-0.003680462839341379,-0.003364782673193901,-0.003680462839341379,0.0008319240468773199
2028,P4,char3gram,oracle_target,append,0.050332383665717,0.0013546951490877397,0.00278415665331554,0.0021400385699451405,0.0014294615042278
2028,P4,char3gram,oracle_target,append,0.0999099909990999,-0.0018427533006972,-0.00021599169262722008,-0.00173624091381092,0.00047589378430498
2028,P4,char3gram,oracle_target,append,0.2498124531132783,-0.0023895564456312005,-0.0011514612075359597,0.0024853879246402,0.00020976116303218
2028,P4,char3gram,oracle_target,append,0.5,-0.009449933244325682,-0.00611867675419076,-0.00683133066310634,0.0
2028,P4,char3gram,oracle_target,append,0.75,-0.01446165257380208,-0.007690550363447559,-0.009707758492805179,0.0
2028,P4,char3gram,oracle_target,replace,0.0,-0.003680462839341379,-0.003364782673193901,-0.003680462839341379,0.0008319240468773199
2028,P4,char3gram,oracle_target,replace,0.05,-0.0036445631211985607,-0.00112475893784298,-0.00373475745438358,0.00254383622607918
2028,P4,char3gram,oracle_target,replace,0.1,-0.008181278742026319,-0.006761608070019219,-0.00883400089007562,0.00053434208574388
2028,P4,char3gram,oracle_target,replace,0.25,-0.009184394006823861,-0.0053991989319092,-0.008213618157543399,0.00010117193294762
2028,P4,char3gram,oracle_target,replace,0.5,-0.01434267912772586,-0.0091909212283044,-0.010759234534935491,2.076843198336e-05
2028,P4,char3gram,oracle_target,replace,0.75,-0.01945675715769172,-0.01745468031449336,-0.03656875834445922,0.00089007565643076
2028,P4,char3gram,oracle_target,replace,1.0,-0.01497670968699002,-0.008864856846165201,,0.00042041240172079996
2028,P4,char3gram,source_only,append,0.0,-0.003680462839341379,,-0.003680462839341379,
2028,P4,char3gram,source_only,append,0.050332383665717,0.0013546951490877397,,0.0021400385699451405,
2028,P4,char3gram,source_only,append,0.0999099909990999,-0.0018427533006972,,-0.00173624091381092,
2028,P4,char3gram,source_only,append,0.2498124531132783,-0.0023895564456312005,,0.0024853879246402,
2028,P4,char3gram,source_only,append,0.5,-0.009449933244325682,,-0.00683133066310634,
2028,P4,char3gram,source_only,append,0.75,-0.01446165257380208,,-0.009707758492805179,
2028,P4,char3gram,source_only,replace,0.0,-0.003680462839341379,,-0.003680462839341379,
2028,P4,char3gram,source_only,replace,0.05,-0.0036445631211985607,,-0.00373475745438358,
2028,P4,char3gram,source_only,replace,0.1,-0.008181278742026319,,-0.00883400089007562,
2028,P4,char3gram,source_only,replace,0.25,-0.009184394006823861,,-0.008213618157543399,
2028,P4,char3gram,source_only,replace,0.5,-0.01434267912772586,,-0.010759234534935491,
2028,P4,char3gram,source_only,replace,0.75,-0.01945675715769172,,-0.03656875834445922,
2028,P4,char3gram,source_only,replace,1.0,-0.01497670968699002,,,
2028,P4,char3gram,target_real_anchor,append,0.0,-0.003680462839341379,-0.0016555407209612987,-0.003680462839341379,0.00056905503634474
2028,P4,char3gram,target_real_anchor,append,0.050332383665717,0.0013546951490877397,0.0057988429016467,0.0021400385699451405,2.521881026554e-05
2028,P4,char3gram,target_real_anchor,append,0.0999099909990999,-0.0018427533006972,0.00112149532710278,-0.00173624091381092,0.00014953271028036
2028,P4,char3gram,target_real_anchor,append,0.2498124531132783,-0.0023895564456312005,0.0020786233496513803,0.0024853879246402,0.0
2028,P4,char3gram,target_real_anchor,append,0.5,-0.009449933244325682,-0.00446016911437468,-0.00683133066310634,0.00024625426494584
2028,P4,char3gram,target_real_anchor,append,0.75,-0.01446165257380208,-0.00596024328734608,-0.009707758492805179,0.0
2028,P4,char3gram,target_real_anchor,replace,0.0,-0.003680462839341379,-0.0016555407209612987,-0.003680462839341379,0.00056905503634474
2028,P4,char3gram,target_real_anchor,replace,0.05,-0.0036445631211985607,0.00197537457350542,-0.00373475745438358,0.0
2028,P4,char3gram,target_real_anchor,replace,0.1,-0.008181278742026319,-0.005167185877466259,-0.00883400089007562,0.0004026108885921807
2028,P4,char3gram,target_real_anchor,replace,0.25,-0.009184394006823861,-0.0034161103693813796,-0.008213618157543399,0.0
2028,P4,char3gram,target_real_anchor,replace,0.5,-0.01434267912772586,-0.00781278742026402,-0.010759234534935491,0.0
2028,P4,char3gram,target_real_anchor,replace,0.75,-0.01945675715769172,-0.0141524996291351,-0.03656875834445922,0.00078801364782672
2028,P4,char3gram,target_real_anchor,replace,1.0,-0.01497670968699002,-0.01183266577659094,,0.0007099836819462601
2028,P4,column_positional_ablation,oracle_target,append,0.0,-0.003680462839341379,-0.00405933837709538,-0.003680462839341379,0.0008506156356623201
2028,P4,column_positional_ablation,oracle_target,append,0.050332383665717,0.0013546951490877397,0.002468179795282664,0.0021400385699451405,0.00117341640706122
2028,P4,column_positional_ablation,oracle_target,append,0.0999099909990999,-0.0018427533006972,0.00035246995994654,-0.00173624091381092,0.002095831479009
2028,P4,column_positional_ablation,oracle_target,append,0.2498124531132783,-0.0023895564456312005,-0.0011173416407061396,0.0024853879246402,0.00036552440290755996
2028,P4,column_positional_ablation,oracle_target,append,0.5,-0.009449933244325682,-0.007139296840231421,-0.00683133066310634,0.0
2028,P4,column_positional_ablation,oracle_target,append,0.75,-0.01446165257380208,-0.01123394155169848,-0.009707758492805179,0.0
2028,P4,column_positional_ablation,oracle_target,replace,0.0,-0.003680462839341379,-0.00405933837709538,-0.003680462839341379,0.0008506156356623201
2028,P4,column_positional_ablation,oracle_target,replace,0.05,-0.0036445631211985607,-0.00149236018394894,-0.00373475745438358,0.00215220293724958
2028,P4,column_positional_ablation,oracle_target,replace,0.1,-0.008181278742026319,-0.00804005340453932,-0.00883400089007562,0.0006826880284823801
2028,P4,column_positional_ablation,oracle_target,replace,0.25,-0.009184394006823861,-0.006493101913662621,-0.008213618157543399,0.0015315235128319199
2028,P4,column_positional_ablation,oracle_target,replace,0.5,-0.01434267912772586,-0.01276783859961424,-0.010759234534935491,0.00010532561934429999
2028,P4,column_positional_ablation,oracle_target,replace,0.75,-0.01945675715769172,-0.015800029669188538,-0.03656875834445922,0.00052544132917962
2028,P4,column_positional_ablation,oracle_target,replace,1.0,-0.01497670968699002,-0.01332710280373826,,0.00150511793502448
2028,P4,column_positional_ablation,source_only,append,0.0,-0.003680462839341379,-0.1524613558819166,-0.003680462839341379,0.14878089304257522
2028,P4,column_positional_ablation,source_only,append,0.050332383665717,0.0013546951490877397,-0.1855588191662957,0.0021400385699451405,0.18691351431538342
2028,P4,column_positional_ablation,source_only,append,0.0999099909990999,-0.0018427533006972,-0.14366266132621264,-0.00173624091381092,0.14181990802551545
2028,P4,column_positional_ablation,source_only,append,0.2498124531132783,-0.0023895564456312005,-0.14900904910250704,0.0024853879246402,0.1466194926568758
2028,P4,column_positional_ablation,source_only,append,0.5,-0.009449933244325682,-0.18345749888740542,-0.00683133066310634,0.17400756564307965
2028,P4,column_positional_ablation,source_only,append,0.75,-0.01446165257380208,-0.14140765465064525,-0.009707758492805179,0.12694600207684312
2028,P4,column_positional_ablation,source_only,replace,0.0,-0.003680462839341379,-0.1524613558819166,-0.003680462839341379,0.14878089304257522
2028,P4,column_positional_ablation,source_only,replace,0.05,-0.0036445631211985607,-0.20445898234683274,-0.00373475745438358,0.20081441922563417
2028,P4,column_positional_ablation,source_only,replace,0.1,-0.008181278742026319,-0.16291796469366554,-0.00883400089007562,0.15473668595163922
2028,P4,column_positional_ablation,source_only,replace,0.25,-0.009184394006823861,-0.15525990209167778,-0.008213618157543399,0.14607550808485387
2028,P4,column_positional_ablation,source_only,replace,0.5,-0.01434267912772586,-0.20051535380507346,-0.010759234534935491,0.1861726746773475
2028,P4,column_positional_ablation,source_only,replace,0.75,-0.01945675715769172,-0.19352781486426343,-0.03656875834445922,0.17407105770657166
2028,P4,column_positional_ablation,source_only,replace,1.0,-0.01497670968699002,,,
2028,P4,column_positional_ablation,target_real_anchor,append,0.0,-0.003680462839341379,-0.0038842901646639998,-0.003680462839341379,0.00116006527221476
2028,P4,column_positional_ablation,target_real_anchor,append,0.050332383665717,0.0013546951490877397,0.0018397863818425796,0.0021400385699451405,0.00040201750482118
2028,P4,column_positional_ablation,target_real_anchor,append,0.0999099909990999,-0.0018427533006972,0.0008431983385254197,-0.00173624091381092,0.00050496958908172
2028,P4,column_positional_ablation,target_real_anchor,append,0.2498124531132783,-0.0023895564456312005,-0.0011594718884438402,0.0024853879246402,0.0004097314938436
2028,P4,column_positional_ablation,target_real_anchor,append,0.5,-0.009449933244325682,-0.00813736834297574,-0.00683133066310634,5.696484201156e-05
2028,P4,column_positional_ablation,target_real_anchor,append,0.75,-0.01446165257380208,-0.01153745735054148,-0.009707758492805179,0.0
2028,P4,column_positional_ablation,target_real_anchor,replace,0.0,-0.003680462839341379,-0.0038842901646639998,-0.003680462839341379,0.00116006527221476
2028,P4,column_positional_ablation,target_real_anchor,replace,0.05,-0.0036445631211985607,-0.0012692478860702797,-0.00373475745438358,0.0
2028,P4,column_positional_ablation,target_real_anchor,replace,0.1,-0.008181278742026319,-0.00752618305889328,-0.00883400089007562,0.0014172971369232799
2028,P4,column_positional_ablation,target_real_anchor,replace,0.25,-0.009184394006823861,-0.00658092271176378,-0.008213618157543399,0.0005254413291796601
2028,P4,column_positional_ablation,target_real_anchor,replace,0.5,-0.01434267912772586,-0.01337219997033084,-0.010759234534935491,0.0
2028,P4,column_positional_ablation,target_real_anchor,replace,0.75,-0.01945675715769172,-0.01651446372941696,-0.03656875834445922,0.00098294021658502
2028,P4,column_positional_ablation,target_real_anchor,replace,1.0,-0.01497670968699002,-0.01357543391188246,,0.00142649458537308
2028,P4,datum_ta,oracle_target,append,0.0,-0.003680462839341379,-0.007059486723038108,-0.003680462839341379,0.0028268802848241603
2028,P4,datum_ta,oracle_target,append,0.050332383665717,0.0013546951490877397,-0.00290461355881912,0.0021400385699451405,0.00425930870790682
2028,P4,datum_ta,oracle_target,append,0.0999099909990999,-0.0018427533006972,-0.004081886960391599,-0.00173624091381092,0.00218869603916332
2028,P4,datum_ta,oracle_target,append,0.2498124531132783,-0.0023895564456312005,-0.0028862186619195997,0.0024853879246402,0.0009437768877021
2028,P4,datum_ta,oracle_target,append,0.5,-0.009449933244325682,-0.010706720071205999,-0.00683133066310634,0.0020495475448746798
2028,P4,datum_ta,oracle_target,append,0.75,-0.01446165257380208,-0.01351105177273396,-0.009707758492805179,0.00036048064085446
2028,P4,datum_ta,oracle_target,replace,0.0,-0.003680462839341379,-0.007059486723038108,-0.003680462839341379,0.0028268802848241603
2028,P4,datum_ta,oracle_target,replace,0.05,-0.0036445631211985607,-0.00583147900904894,-0.00373475745438358,0.0014128467586411
2028,P4,datum_ta,oracle_target,replace,0.1,-0.008181278742026319,-0.00959887257083514,-0.00883400089007562,0.00127221480492508
2028,P4,datum_ta,oracle_target,replace,0.25,-0.009184394006823861,-0.00999584631360324,-0.008213618157543399,0.0017961726746773
2028,P4,datum_ta,oracle_target,replace,0.5,-0.01434267912772586,-0.014648865153537999,-0.010759234534935491,2.7592345349340003e-05
2028,P4,datum_ta,oracle_target,replace,0.75,-0.01945675715769172,-0.01996914404391036,-0.03656875834445922,0.0008248034416258425
2028,P4,datum_ta,oracle_target,replace,1.0,-0.01497670968699002,-0.01628096721554652,,0.0010615635662364399
2028,P4,datum_ta,source_only,append,0.0,-0.003680462839341379,-0.056266429313158284,-0.003680462839341379,0.05258596647381686
2028,P4,datum_ta,source_only,append,0.050332383665717,0.0013546951490877397,-0.1240931612520397,0.0021400385699451405,0.12544785640112738
2028,P4,datum_ta,source_only,append,0.0999099909990999,-0.0018427533006972,-0.07062750333778356,-0.00173624091381092,0.06878475003708634
2028,P4,datum_ta,source_only,append,0.2498124531132783,-0.0023895564456312005,-0.06525530336745286,0.0024853879246402,0.06286574692182166
2028,P4,datum_ta,source_only,append,0.5,-0.009449933244325682,-0.04950630470256632,-0.00683133066310634,0.04005637145824056
2028,P4,datum_ta,source_only,append,0.75,-0.01446165257380208,-0.07213766503486117,-0.009707758492805179,0.057676012461059065
2028,P4,datum_ta,source_only,replace,0.0,-0.003680462839341379,-0.056266429313158284,-0.003680462839341379,0.05258596647381686
2028,P4,datum_ta,source_only,replace,0.05,-0.0036445631211985607,-0.08787538940809954,-0.00373475745438358,0.08423082628690096
2028,P4,datum_ta,source_only,replace,0.1,-0.008181278742026319,-0.08638302922415068,-0.00883400089007562,0.07820175048212434
2028,P4,datum_ta,source_only,replace,0.25,-0.009184394006823861,-0.09696113336300252,-0.008213618157543399,0.08777673935617858
2028,P4,datum_ta,source_only,replace,0.5,-0.01434267912772586,-0.08363002521881024,-0.010759234534935491,0.0692873460910843
2028,P4,datum_ta,source_only,replace,0.75,-0.01945675715769172,-0.08020916777926121,-0.03656875834445922,0.06261118528408244
2028,P4,datum_ta,source_only,replace,1.0,-0.01497670968699002,-0.06952380952380946,,0.05454709983681938
2028,P4,datum_ta,target_real_anchor,append,0.0,-0.003680462839341379,-0.0018187212579735608,-0.003680462839341379,5.726153389704e-05
2028,P4,datum_ta,target_real_anchor,append,0.050332383665717,0.0013546951490877397,0.00412490728378586,0.0021400385699451405,0.0
2028,P4,datum_ta,target_real_anchor,append,0.0999099909990999,-0.0018427533006972,0.0005577807446966199,-0.00173624091381092,0.00010769915442809344
2028,P4,datum_ta,target_real_anchor,append,0.2498124531132783,-0.0023895564456312005,0.00022044207090934025,0.0024853879246402,0.00020649755229191997
2028,P4,datum_ta,target_real_anchor,append,0.5,-0.009449933244325682,-0.00578578845868564,-0.00683133066310634,0.0
2028,P4,datum_ta,target_real_anchor,append,0.75,-0.01446165257380208,-0.0124109182613855,-0.009707758492805179,0.00030588933392672
2028,P4,datum_ta,target_real_anchor,replace,0.0,-0.003680462839341379,-0.0018187212579735608,-0.003680462839341379,5.726153389704e-05
2028,P4,datum_ta,target_real_anchor,replace,0.05,-0.0036445631211985607,0.00099985165405726,-0.00373475745438358,0.0
2028,P4,datum_ta,target_real_anchor,replace,0.1,-0.008181278742026319,-0.0052194036493101,-0.00883400089007562,0.00032428423082628
2028,P4,datum_ta,target_real_anchor,replace,0.25,-0.009184394006823861,-0.006680907877169561,-0.008213618157543399,0.00048153093012904
2028,P4,datum_ta,target_real_anchor,replace,0.5,-0.01434267912772586,-0.0111369233051476,-0.010759234534935491,0.0
2028,P4,datum_ta,target_real_anchor,replace,0.75,-0.01945675715769172,-0.019657024180388623,-0.03656875834445922,0.00122682094644706
2028,P4,datum_ta,target_real_anchor,replace,1.0,-0.01497670968699002,-0.013972704346536118,,0.0006399643969737
2028,P4,datum_transformer,source_only,append,0.0,-0.003680462839341379,,-0.003680462839341379,
2028,P4,datum_transformer,source_only,append,0.050332383665717,0.0013546951490877397,,0.0021400385699451405,
2028,P4,datum_transformer,source_only,append,0.0999099909990999,-0.0018427533006972,,-0.00173624091381092,
2028,P4,datum_transformer,source_only,append,0.2498124531132783,-0.0023895564456312005,,0.0024853879246402,
2028,P4,datum_transformer,source_only,append,0.5,-0.009449933244325682,,-0.00683133066310634,
2028,P4,datum_transformer,source_only,append,0.75,-0.01446165257380208,,-0.009707758492805179,
2028,P4,datum_transformer,source_only,replace,0.0,-0.003680462839341379,,-0.003680462839341379,
2028,P4,datum_transformer,source_only,replace,0.05,-0.0036445631211985607,,-0.00373475745438358,
2028,P4,datum_transformer,source_only,replace,0.1,-0.008181278742026319,,-0.00883400089007562,
2028,P4,datum_transformer,source_only,replace,0.25,-0.009184394006823861,,-0.008213618157543399,
2028,P4,datum_transformer,source_only,replace,0.5,-0.01434267912772586,,-0.010759234534935491,
2028,P4,datum_transformer,source_only,replace,0.75,-0.01945675715769172,,-0.03656875834445922,
2028,P4,datum_transformer,source_only,replace,1.0,-0.01497670968699002,,,
2028,P4,datum_transformer,target_real_anchor,append,0.0,-0.003680462839341379,-0.003564159620234461,-0.003680462839341379,0.00048687138406766
2028,P4,datum_transformer,target_real_anchor,append,0.050332383665717,0.0013546951490877397,0.00129090639371022,0.0021400385699451405,0.0005266280967215463
2028,P4,datum_transformer,target_real_anchor,append,0.0999099909990999,-0.0018427533006972,-0.0023673045542203547,-0.00173624091381092,0.00106601394451854
2028,P4,datum_transformer,target_real_anchor,append,0.2498124531132783,-0.0023895564456312005,-0.00152647975077878,0.0024853879246402,0.00013885180240318
2028,P4,datum_transformer,target_real_anchor,append,0.5,-0.009449933244325682,-0.00956297285269242,-0.00683133066310634,0.0007126539089155599
2028,P4,datum_transformer,target_real_anchor,append,0.75,-0.01446165257380208,-0.01381071057706566,-0.009707758492805179,0.0
2028,P4,datum_transformer,target_real_anchor,replace,0.0,-0.003680462839341379,-0.003564159620234461,-0.003680462839341379,0.00048687138406766
2028,P4,datum_transformer,target_real_anchor,replace,0.05,-0.0036445631211985607,-0.00400296691885468,-0.00373475745438358,0.0006174158136774599
2028,P4,datum_transformer,target_real_anchor,replace,0.1,-0.008181278742026319,-0.00888859219700332,-0.00883400089007562,0.00071532413588488
2028,P4,datum_transformer,target_real_anchor,replace,0.25,-0.009184394006823861,-0.00980804035009638,-0.008213618157543399,0.0007981011719328801
2028,P4,datum_transformer,target_real_anchor,replace,0.5,-0.01434267912772586,-0.013580477673935581,-0.010759234534935491,2.966918854729883e-06
2028,P4,datum_transformer,target_real_anchor,replace,0.75,-0.01945675715769172,-0.01898175344904312,-0.03656875834445922,0.00032250407951335997
2028,P4,datum_transformer,target_real_anchor,replace,1.0,-0.01497670968699002,-0.014323987538940819,,0.00029016466399642
2028,P4,flat_transformer,oracle_target,append,0.0,-0.003680462839341379,-0.0032674677347574606,-0.003680462839341379,0.00043791722296386006
2028,P4,flat_transformer,oracle_target,append,0.050332383665717,0.0013546951490877397,0.00292389853137518,0.0021400385699451405,0.00172823023290312
2028,P4,flat_transformer,oracle_target,append,0.0999099909990999,-0.0018427533006972,-0.0008108589230085017,-0.00173624091381092,0.0017056816496068602
2028,P4,flat_transformer,oracle_target,append,0.2498124531132783,-0.0023895564456312005,-0.0012306779409583604,0.0024853879246402,2.19551995253e-05
2028,P4,flat_transformer,oracle_target,append,0.5,-0.009449933244325682,-0.01007476635514018,-0.00683133066310634,0.00159412550066758
2028,P4,flat_transformer,oracle_target,append,0.75,-0.01446165257380208,-0.0096160807001928,-0.009707758492805179,0.0
2028,P4,flat_transformer,oracle_target,replace,0.0,-0.003680462839341379,-0.0032674677347574606,-0.003680462839341379,0.00043791722296386006
2028,P4,flat_transformer,oracle_target,replace,0.05,-0.0036445631211985607,-0.0034790090491024204,-0.00373475745438358,0.0006002076843198
2028,P4,flat_transformer,oracle_target,replace,0.1,-0.008181278742026319,-0.00745557039014984,-0.00883400089007562,0.00147426197893486
2028,P4,flat_transformer,oracle_target,replace,0.25,-0.009184394006823861,-0.0110710577065717,-0.008213618157543399,0.00188666369974776
2028,P4,flat_transformer,oracle_target,replace,0.5,-0.01434267912772586,-0.0114680314493398,-0.010759234534935491,0.00025367156208274
2028,P4,flat_transformer,oracle_target,replace,0.75,-0.01945675715769172,-0.01753241358848828,-0.03656875834445922,0.00027770360480633996
2028,P4,flat_transformer,oracle_target,replace,1.0,-0.01497670968699002,-0.022248924491915158,,0.009846016911437421
2028,P4,flat_transformer,source_only,append,0.0,-0.003680462839341379,-0.1775561489393265,-0.003680462839341379,0.1738756860999851
2028,P4,flat_transformer,source_only,append,0.050332383665717,0.0013546951490877397,-0.15212876427829686,0.0021400385699451405,0.1534834594273846
2028,P4,flat_transformer,source_only,append,0.0999099909990999,-0.0018427533006972,-0.1329679572763684,-0.00173624091381092,0.1311252039756712
2028,P4,flat_transformer,source_only,append,0.2498124531132783,-0.0023895564456312005,-0.16426005043762051,0.0024853879246402,0.1618704939919893
2028,P4,flat_transformer,source_only,append,0.5,-0.009449933244325682,-0.15863566236463433,-0.00683133066310634,0.14918572912030859
2028,P4,flat_transformer,source_only,append,0.75,-0.01446165257380208,-0.10119937694704044,-0.009707758492805179,0.0867377243732383
2028,P4,flat_transformer,source_only,replace,0.0,-0.003680462839341379,-0.1775561489393265,-0.003680462839341379,0.1738756860999851
2028,P4,flat_transformer,source_only,replace,0.05,-0.0036445631211985607,-0.1953460910844087,-0.00373475745438358,0.19170152796321016
2028,P4,flat_transformer,source_only,replace,0.1,-0.008181278742026319,-0.11719314641744545,-0.00883400089007562,0.10901186767541908
2028,P4,flat_transformer,source_only,replace,0.25,-0.009184394006823861,-0.13621272808188695,-0.008213618157543399,0.127028334075063
2028,P4,flat_transformer,source_only,replace,0.5,-0.01434267912772586,-0.1400376798694556,-0.010759234534935491,0.12569500074172962
2028,P4,flat_transformer,source_only,replace,0.75,-0.01945675715769172,-0.17300029669188535,-0.03656875834445922,0.15023562280571615
2028,P4,flat_transformer,source_only,replace,1.0,-0.01497670968699002,,,
2028,P4,flat_transformer,target_real_anchor,append,0.0,-0.003680462839341379,-0.0033778371161549,-0.003680462839341379,8.396380358994e-05
2028,P4,flat_transformer,target_real_anchor,append,0.050332383665717,0.0013546951490877397,0.00234772288977898,0.0021400385699451405,0.00040557780744696
2028,P4,flat_transformer,target_real_anchor,append,0.0999099909990999,-0.0018427533006972,-0.0007610146862482604,-0.00173624091381092,0.00084883548434948
2028,P4,flat_transformer,target_real_anchor,append,0.2498124531132783,-0.0023895564456312005,-0.0012440290758047793,0.0024853879246402,0.0
2028,P4,flat_transformer,target_real_anchor,append,0.5,-0.009449933244325682,-0.009580477673935581,-0.00683133066310634,0.00142619789348762
2028,P4,flat_transformer,target_real_anchor,append,0.75,-0.01446165257380208,-0.00870345646046582,-0.009707758492805179,0.0
2028,P4,flat_transformer,target_real_anchor,replace,0.0,-0.003680462839341379,-0.0033778371161549,-0.003680462839341379,8.396380358994e-05
2028,P4,flat_transformer,target_real_anchor,replace,0.05,-0.0036445631211985607,-0.00350927162142112,-0.00373475745438358,0.00041121495327100003
2028,P4,flat_transformer,target_real_anchor,replace,0.1,-0.008181278742026319,-0.007789348761311379,-0.00883400089007562,0.0009307224447411685
2028,P4,flat_transformer,target_real_anchor,replace,0.25,-0.009184394006823861,-0.01087642782969878,-0.008213618157543399,0.0016920338228748801
2028,P4,flat_transformer,target_real_anchor,replace,0.5,-0.01434267912772586,-0.01120545913069274,-0.010759234534935491,0.00013736834297580936
2028,P4,flat_transformer,target_real_anchor,replace,0.75,-0.01945675715769172,-0.01783414923601834,-0.03656875834445922,0.00030944963655242
2028,P4,flat_transformer,target_real_anchor,replace,1.0,-0.01497670968699002,-0.0192057558225782,,0.007181427087969081
2029,P1,c2st_lr,oracle_target,append,0.0,0.0036675163990793403,0.00424790578504088,0.0036675163990793403,0.00062609018831856
2029,P1,c2st_lr,oracle_target,append,0.050332383665717,0.00070323054974386,0.0016610026842467796,0.0013134388989456,0.00113582159616798
2029,P1,c2st_lr,oracle_target,append,0.0999099909990999,5.239926511382003e-05,5.229122539194e-05,-0.00018010221638093993,0.0002733404963668757
2029,P1,c2st_lr,oracle_target,append,0.2498124531132783,0.0009125034910334757,0.00145443073600434,0.0004607894138358534,0.00043442772169616
2029,P1,c2st_lr,oracle_target,append,0.5,0.0010678646111028402,0.0013185167658741799,0.00132078560003372,0.00063376100857236
2029,P1,c2st_lr,oracle_target,append,0.75,0.0005742311218142734,0.000574555240979858,-0.00063991927271986,0.000296893155737658
2029,P1,c2st_lr,oracle_target,replace,0.0,0.0036675163990793403,0.00424790578504088,0.0036675163990793403,0.00062609018831856
2029,P1,c2st_lr,oracle_target,replace,0.05,0.0005108118050682599,0.0009584203728342601,0.00124116032500508,0.0005490578666151935
2029,P1,c2st_lr,oracle_target,replace,0.1,-0.0035213386553699802,-0.0034128667745983604,-0.00246568253284002,0.00042697298088609995
2029,P1,c2st_lr,oracle_target,replace,0.25,0.00097268161612298,0.0016863920188897401,-9.280612109852015e-05,0.00010901207938103998
2029,P1,c2st_lr,oracle_target,replace,0.5,-0.002488154794991889,-0.0027201160778772527,-0.003917736394963,0.0007938758764047
2029,P1,c2st_lr,oracle_target,replace,0.75,-0.00711873727494642,-0.00534591347854952,-0.020364083058777342,2.9278764630579996e-05
2029,P1,c2st_lr,oracle_target,replace,1.0,-0.012156629506404261,-0.01090164009699802,,0.00048272147737836
2029,P1,c2st_lr,source_only,append,0.0,0.0036675163990793403,0.00424790578504088,0.0036675163990793403,0.00062609018831856
2029,P1,c2st_lr,source_only,append,0.050332383665717,0.00070323054974386,0.0016610026842467796,0.0013134388989456,0.00113582159616798
2029,P1,c2st_lr,source_only,append,0.0999099909990999,5.239926511382003e-05,5.229122539194e-05,-0.00018010221638093993,0.0002733404963668757
2029,P1,c2st_lr,source_only,append,0.2498124531132783,0.0009125034910334757,0.00145443073600434,0.0004607894138358534,0.00043442772169616
2029,P1,c2st_lr,source_only,append,0.5,0.0010678646111028402,0.0013185167658741799,0.00132078560003372,0.00063376100857236
2029,P1,c2st_lr,source_only,append,0.75,0.0005742311218142734,0.000574555240979858,-0.00063991927271986,0.000296893155737658
2029,P1,c2st_lr,source_only,replace,0.0,0.0036675163990793403,0.00424790578504088,0.0036675163990793403,0.00062609018831856
2029,P1,c2st_lr,source_only,replace,0.05,0.0005108118050682599,0.0009584203728342601,0.00124116032500508,0.0005490578666151935
2029,P1,c2st_lr,source_only,replace,0.1,-0.0035213386553699802,-0.0034128667745983604,-0.00246568253284002,0.00042697298088609995
2029,P1,c2st_lr,source_only,replace,0.25,0.00097268161612298,0.0016863920188897401,-9.280612109852015e-05,0.00010901207938103998
2029,P1,c2st_lr,source_only,replace,0.5,-0.002488154794991889,-0.0027201160778772527,-0.003917736394963,0.0007938758764047
2029,P1,c2st_lr,source_only,replace,0.75,-0.00711873727494642,-0.00534591347854952,-0.020364083058777342,2.9278764630579996e-05
2029,P1,c2st_lr,source_only,replace,1.0,-0.012156629506404261,-0.01090164009699802,,0.00048272147737836
2029,P1,c2st_lr,target_real_anchor,append,0.0,0.0036675163990793403,0.00436307612856936,0.0036675163990793403,0.00074936351098832
2029,P1,c2st_lr,target_real_anchor,append,0.050332383665717,0.00070323054974386,0.00167677648364192,0.0013134388989456,0.0011357135564460802
2029,P1,c2st_lr,target_real_anchor,append,0.0999099909990999,5.239926511382003e-05,4.408020652872005e-05,-0.00018010221638093993,0.0002695591061008957
2029,P1,c2st_lr,target_real_anchor,append,0.2498124531132783,0.0009125034910334757,0.00157651562173342,0.0004607894138358534,0.00033006135035607996
2029,P1,c2st_lr,target_real_anchor,append,0.5,0.0010678646111028402,0.00136529796544996,0.00132078560003372,0.00062803490331252
2029,P1,c2st_lr,target_real_anchor,append,0.75,0.0005742311218142734,0.0006794618109294,-0.00063991927271986,0.0002421170167423423
2029,P1,c2st_lr,target_real_anchor,replace,0.0,0.0036675163990793403,0.00436307612856936,0.0036675163990793403,0.00074936351098832
2029,P1,c2st_lr,target_real_anchor,replace,0.05,0.0005108118050682599,0.000921362748228,0.00124116032500508,0.0005120002420089335
2029,P1,c2st_lr,target_real_anchor,replace,0.1,-0.0035213386553699802,-0.0034875222224203,-0.00246568253284002,0.00042697298088609995
2029,P1,c2st_lr,target_real_anchor,replace,0.25,0.00097268161612298,0.0015926135402942823,-9.280612109852015e-05,0.00010901207938103998
2029,P1,c2st_lr,target_real_anchor,replace,0.5,-0.002488154794991889,-0.002733188884225193,-0.003917736394963,0.0008069486827526199
2029,P1,c2st_lr,target_real_anchor,replace,0.75,-0.00711873727494642,-0.005343104445780461,-0.020364083058777342,2.9278764630579996e-05
2029,P1,c2st_lr,target_real_anchor,replace,1.0,-0.012156629506404261,-0.01091438878418034,,0.00048272147737836
2029,P1,c2st_xgb,oracle_target,append,0.0,0.0036675163990793403,0.00349411264545528,0.0036675163990793403,0.0002980815926783
2029,P1,c2st_xgb,oracle_target,append,0.050332383665717,0.00070323054974386,0.0013038233636978955,0.0013134388989456,0.00073888365796566
2029,P1,c2st_xgb,oracle_target,append,0.0999099909990999,5.239926511382003e-05,0.00039812637514302,-0.00018010221638093993,0.00038905103850476
2029,P1,c2st_xgb,oracle_target,append,0.2498124531132783,0.0009125034910334757,0.0004517140771976199,0.0004607894138358534,0.0006293313799751401
2029,P1,c2st_xgb,oracle_target,append,0.5,0.0010678646111028402,0.0015096390338872,0.00132078560003372,0.00034507887169798
2029,P1,c2st_xgb,oracle_target,append,0.75,0.0005742311218142734,-0.00163053548267552,-0.00063991927271986,0.00220476660448976
2029,P1,c2st_xgb,oracle_target,replace,0.0,0.0036675163990793403,0.00349411264545528,0.0036675163990793403,0.0002980815926783
2029,P1,c2st_xgb,oracle_target,replace,0.05,0.0005108118050682599,0.0008248832765854801,0.00124116032500508,0.00073132087743382
2029,P1,c2st_xgb,oracle_target,replace,0.1,-0.0035213386553699802,-0.0021475055518912515,-0.00246568253284002,0.00159401805667858
2029,P1,c2st_xgb,oracle_target,replace,0.25,0.00097268161612298,1.8474792442159912e-05,-9.280612109852015e-05,0.00217300292625584
2029,P1,c2st_xgb,oracle_target,replace,0.5,-0.002488154794991889,-0.00290183889008634,-0.003917736394963,0.00110827146708758
2029,P1,c2st_xgb,oracle_target,replace,0.75,-0.00711873727494642,-0.015866065317574597,-0.020364083058777342,0.00874732804262812
2029,P1,c2st_xgb,oracle_target,replace,1.0,-0.012156629506404261,-0.032012061554551094,,0.01985543204814678
2029,P1,c2st_xgb,source_only,append,0.0,0.0036675163990793403,0.00349411264545528,0.0036675163990793403,0.0002980815926783
2029,P1,c2st_xgb,source_only,append,0.050332383665717,0.00070323054974386,0.0013038233636978955,0.0013134388989456,0.00073888365796566
2029,P1,c2st_xgb,source_only,append,0.0999099909990999,5.239926511382003e-05,0.00039812637514302,-0.00018010221638093993,0.00038905103850476
2029,P1,c2st_xgb,source_only,append,0.2498124531132783,0.0009125034910334757,0.0004517140771976199,0.0004607894138358534,0.0006293313799751401
2029,P1,c2st_xgb,source_only,append,0.5,0.0010678646111028402,0.0015096390338872,0.00132078560003372,0.00034507887169798
2029,P1,c2st_xgb,source_only,append,0.75,0.0005742311218142734,-0.00163053548267552,-0.00063991927271986,0.00220476660448976
2029,P1,c2st_xgb,source_only,replace,0.0,0.0036675163990793403,0.00349411264545528,0.0036675163990793403,0.0002980815926783
2029,P1,c2st_xgb,source_only,replace,0.05,0.0005108118050682599,0.0008248832765854801,0.00124116032500508,0.00073132087743382
2029,P1,c2st_xgb,source_only,replace,0.1,-0.0035213386553699802,-0.0021475055518912515,-0.00246568253284002,0.00159401805667858
2029,P1,c2st_xgb,source_only,replace,0.25,0.00097268161612298,1.8474792442159912e-05,-9.280612109852015e-05,0.00217300292625584
2029,P1,c2st_xgb,source_only,replace,0.5,-0.002488154794991889,-0.00290183889008634,-0.003917736394963,0.00110827146708758
2029,P1,c2st_xgb,source_only,replace,0.75,-0.00711873727494642,-0.015866065317574597,-0.020364083058777342,0.00874732804262812
2029,P1,c2st_xgb,source_only,replace,1.0,-0.012156629506404261,-0.032012061554551094,,0.01985543204814678
2029,P1,c2st_xgb,target_real_anchor,append,0.0,0.0036675163990793403,0.0035550470485979204,0.0036675163990793403,0.00033978492532558003
2029,P1,c2st_xgb,target_real_anchor,append,0.050332383665717,0.00070323054974386,0.0011171307242820645,0.0013134388989456,0.0005144851556123
2029,P1,c2st_xgb,target_real_anchor,append,0.0999099909990999,5.239926511382003e-05,0.00034443063336668896,-0.00018010221638093993,0.00032152621232722
2029,P1,c2st_xgb,target_real_anchor,append,0.2498124531132783,0.0009125034910334757,0.00035134517556723743,0.0004607894138358534,0.00067243922900692
2029,P1,c2st_xgb,target_real_anchor,append,0.5,0.0010678646111028402,0.0017059472085506598,0.00132078560003372,0.00039153595210814
2029,P1,c2st_xgb,target_real_anchor,append,0.75,0.0005742311218142734,-0.00138744610843626,-0.00063991927271986,0.00200132780818196
2029,P1,c2st_xgb,target_real_anchor,replace,0.0,0.0036675163990793403,0.0035550470485979204,0.0036675163990793403,0.00033978492532558003
2029,P1,c2st_xgb,target_real_anchor,replace,0.05,0.0005108118050682599,0.0009015914791232201,0.00124116032500508,0.0006829190820297
2029,P1,c2st_xgb,target_real_anchor,replace,0.1,-0.0035213386553699802,-0.0020593451388337203,-0.00246568253284002,0.00168650005861146
2029,P1,c2st_xgb,target_real_anchor,replace,0.25,0.00097268161612298,8.459510223530021e-05,-9.280612109852015e-05,0.0020259608647715
2029,P1,c2st_xgb,target_real_anchor,replace,0.5,-0.002488154794991889,-0.0034236707467867403,-0.003917736394963,0.00126881849380746
2029,P1,c2st_xgb,target_real_anchor,replace,0.75,-0.00711873727494642,-0.015289349282157019,-0.020364083058777342,0.0081706120072105
2029,P1,c2st_xgb,target_real_anchor,replace,1.0,-0.012156629506404261,-0.03125599958080588,,0.019099370074401562
2029,P1,char3gram,oracle_target,append,0.0,0.0036675163990793403,0.0032013249991491403,0.0036675163990793403,0.00040817406927828
2029,P1,char3gram,oracle_target,append,0.050332383665717,0.00070323054974386,0.0006034018467229801,0.0013134388989456,0.00033006135035604
2029,P1,char3gram,oracle_target,append,0.0999099909990999,5.239926511382003e-05,3.5112909612300024e-05,-0.00018010221638093993,0.00043626439696817996
2029,P1,char3gram,oracle_target,append,0.2498124531132783,0.0009125034910334757,-0.00010566284800272007,0.0004607894138358534,0.0014222348988829
2029,P1,char3gram,oracle_target,append,0.5,0.0010678646111028402,0.00147214925039334,0.00132078560003372,0.00052042734031596
2029,P1,char3gram,oracle_target,append,0.75,0.0005742311218142734,-0.00187859468412146,-0.00063991927271986,0.00245282580593576
2029,P1,char3gram,oracle_target,replace,0.0,0.0036675163990793403,0.0032013249991491403,0.0036675163990793403,0.00040817406927828
2029,P1,char3gram,oracle_target,replace,0.05,0.0005108118050682599,0.00017070276057697988,0.00124116032500508,0.0002132704109993
2029,P1,char3gram,oracle_target,replace,0.1,-0.0035213386553699802,-0.0030260845702531247,-0.00246568253284002,0.00093897322289502
2029,P1,char3gram,oracle_target,replace,0.25,0.00097268161612298,0.00062749470470316,-9.280612109852015e-05,0.00084767965790296
2029,P1,char3gram,oracle_target,replace,0.5,-0.002488154794991889,-0.00245358208398888,-0.003917736394963,0.0014935411153264
2029,P1,char3gram,oracle_target,replace,0.75,-0.00711873727494642,-0.01228584501377776,-0.020364083058777342,0.00516710773883126
2029,P1,char3gram,oracle_target,replace,1.0,-0.012156629506404261,-0.01854037255337292,,0.0063837430469686
2029,P1,char3gram,source_only,append,0.0,0.0036675163990793403,0.0032013249991491403,0.0036675163990793403,0.00040817406927828
2029,P1,char3gram,source_only,append,0.050332383665717,0.00070323054974386,0.0006034018467229801,0.0013134388989456,0.00033006135035604
2029,P1,char3gram,source_only,append,0.0999099909990999,5.239926511382003e-05,3.5112909612300024e-05,-0.00018010221638093993,0.00043626439696817996
2029,P1,char3gram,source_only,append,0.2498124531132783,0.0009125034910334757,-0.00010566284800272007,0.0004607894138358534,0.0014222348988829
2029,P1,char3gram,source_only,append,0.5,0.0010678646111028402,0.00147214925039334,0.00132078560003372,0.00052042734031596
2029,P1,char3gram,source_only,append,0.75,0.0005742311218142734,-0.00187859468412146,-0.00063991927271986,0.00245282580593576
2029,P1,char3gram,source_only,replace,0.0,0.0036675163990793403,0.0032013249991491403,0.0036675163990793403,0.00040817406927828
2029,P1,char3gram,source_only,replace,0.05,0.0005108118050682599,0.00017070276057697988,0.00124116032500508,0.0002132704109993
2029,P1,char3gram,source_only,replace,0.1,-0.0035213386553699802,-0.0030260845702531247,-0.00246568253284002,0.00093897322289502
2029,P1,char3gram,source_only,replace,0.25,0.00097268161612298,0.00062749470470316,-9.280612109852015e-05,0.00084767965790296
2029,P1,char3gram,source_only,replace,0.5,-0.002488154794991889,-0.00245358208398888,-0.003917736394963,0.0014935411153264
2029,P1,char3gram,source_only,replace,0.75,-0.00711873727494642,-0.01228584501377776,-0.020364083058777342,0.00516710773883126
2029,P1,char3gram,source_only,replace,1.0,-0.012156629506404261,-0.01854037255337292,,0.0063837430469686
2029,P1,char3gram,target_real_anchor,append,0.0,0.0036675163990793403,0.0033535529672839,0.0036675163990793403,0.0003590159958209268
2029,P1,char3gram,target_real_anchor,append,0.050332383665717,0.00070323054974386,0.00069772052392776,0.0013134388989456,0.00034615926891680003
2029,P1,char3gram,target_real_anchor,append,0.0999099909990999,5.239926511382003e-05,-0.00025119235338068,-0.00018010221638093993,0.00043496792030556
2029,P1,char3gram,target_real_anchor,append,0.2498124531132783,0.0009125034910334757,-0.0001994413265981201,0.0004607894138358534,0.0017074597646570201
2029,P1,char3gram,target_real_anchor,append,0.5,0.0010678646111028402,0.0019363959353294997,0.00132078560003372,0.00029170724908719997
2029,P1,char3gram,target_real_anchor,append,0.75,0.0005742311218142734,-0.0021815380642846,-0.00063991927271986,0.00275576918609886
2029,P1,char3gram,target_real_anchor,replace,0.0,0.0036675163990793403,0.0033535529672839,0.0036675163990793403,0.0003590159958209268
2029,P1,char3gram,target_real_anchor,replace,0.05,0.0005108118050682599,0.00044220658167176,0.00124116032500508,0.00030834536625734
2029,P1,char3gram,target_real_anchor,replace,0.1,-0.0035213386553699802,-0.0027491787630639928,-0.00246568253284002,0.0009194180332340599
2029,P1,char3gram,target_real_anchor,replace,0.25,0.00097268161612298,0.0004172494059165201,-9.280612109852015e-05,0.0013425015841324402
2029,P1,char3gram,target_real_anchor,replace,0.5,-0.002488154794991889,-0.002951537162153,-0.003917736394963,0.0014878150100666198
2029,P1,char3gram,target_real_anchor,replace,0.75,-0.00711873727494642,-0.01407260593429778,-0.020364083058777342,0.0069538686593512795
2029,P1,char3gram,target_real_anchor,replace,1.0,-0.012156629506404261,-0.016981791525472262,,0.00543720704354164
2029,P1,column_positional_ablation,oracle_target,append,0.0,0.0036675163990793403,0.00391028165415296,0.0036675163990793403,0.0007778859975658222
2029,P1,column_positional_ablation,oracle_target,append,0.050332383665717,0.00070323054974386,0.0008482198565124,0.0013134388989456,0.0005124324008965
2029,P1,column_positional_ablation,oracle_target,append,0.0999099909990999,5.239926511382003e-05,0.00019501169800088003,-0.00018010221638093993,8.427098306961999e-05
2029,P1,column_positional_ablation,oracle_target,append,0.2498124531132783,0.0009125034910334757,0.00029149116964341976,0.0004607894138358534,0.0010450682297853601
2029,P1,column_positional_ablation,oracle_target,append,0.5,0.0010678646111028402,0.0001011251796835002,0.00132078560003372,0.00114705772724394
2029,P1,column_positional_ablation,oracle_target,append,0.75,0.0005742311218142734,-0.00273761851282234,-0.00063991927271986,0.0033118496346366396
2029,P1,column_positional_ablation,oracle_target,replace,0.0,0.0036675163990793403,0.00391028165415296,0.0036675163990793403,0.0007778859975658222
2029,P1,column_positional_ablation,oracle_target,replace,0.05,0.0005108118050682599,0.0011668289963487999,0.00124116032500508,0.00100757844629156
2029,P1,column_positional_ablation,oracle_target,replace,0.1,-0.0035213386553699802,-0.00198965951821846,-0.00246568253284002,0.00133202173110958
2029,P1,column_positional_ablation,oracle_target,replace,0.25,0.00097268161612298,0.0007463383987756601,-9.280612109852015e-05,0.0012838360151493
2029,P1,column_positional_ablation,oracle_target,replace,0.5,-0.002488154794991889,-0.00352079845676066,-0.003917736394963,0.00242830078906816
2029,P1,column_positional_ablation,oracle_target,replace,0.75,-0.00711873727494642,-0.01585364074955792,-0.020364083058777342,0.00873490347461144
2029,P1,column_positional_ablation,oracle_target,replace,1.0,-0.012156629506404261,-0.02916381036651926,,0.01700718086011492
2029,P1,column_positional_ablation,source_only,append,0.0,0.0036675163990793403,0.00391028165415296,0.0036675163990793403,0.0007778859975658222
2029,P1,column_positional_ablation,source_only,append,0.050332383665717,0.00070323054974386,0.0008482198565124,0.0013134388989456,0.0005124324008965
2029,P1,column_positional_ablation,source_only,append,0.0999099909990999,5.239926511382003e-05,0.00019501169800088003,-0.00018010221638093993,8.427098306961999e-05
2029,P1,column_positional_ablation,source_only,append,0.2498124531132783,0.0009125034910334757,0.00029149116964341976,0.0004607894138358534,0.0010450682297853601
2029,P1,column_positional_ablation,source_only,append,0.5,0.0010678646111028402,0.0001011251796835002,0.00132078560003372,0.00114705772724394
2029,P1,column_positional_ablation,source_only,append,0.75,0.0005742311218142734,-0.00273761851282234,-0.00063991927271986,0.0033118496346366396
2029,P1,column_positional_ablation,source_only,replace,0.0,0.0036675163990793403,0.00391028165415296,0.0036675163990793403,0.0007778859975658222
2029,P1,column_positional_ablation,source_only,replace,0.05,0.0005108118050682599,0.0011668289963487999,0.00124116032500508,0.00100757844629156
2029,P1,column_positional_ablation,source_only,replace,0.1,-0.0035213386553699802,-0.00198965951821846,-0.00246568253284002,0.00133202173110958
2029,P1,column_positional_ablation,source_only,replace,0.25,0.00097268161612298,0.0007463383987756601,-9.280612109852015e-05,0.0012838360151493
2029,P1,column_positional_ablation,source_only,replace,0.5,-0.002488154794991889,-0.00352079845676066,-0.003917736394963,0.00242830078906816
2029,P1,column_positional_ablation,source_only,replace,0.75,-0.00711873727494642,-0.01585364074955792,-0.020364083058777342,0.00873490347461144
2029,P1,column_positional_ablation,source_only,replace,1.0,-0.012156629506404261,-0.02916381036651926,,0.01700718086011492
2029,P1,column_positional_ablation,target_real_anchor,append,0.0,0.0036675163990793403,0.00392659565215748,0.0036675163990793403,0.0007941999955703268
2029,P1,column_positional_ablation,target_real_anchor,append,0.050332383665717,0.00070323054974386,0.0009370285079012199,0.0013134388989456,0.0005047615806426799
2029,P1,column_positional_ablation,target_real_anchor,append,0.0999099909990999,5.239926511382003e-05,0.00045463114968847997,-0.00018010221638093993,8.427098306961999e-05
2029,P1,column_positional_ablation,target_real_anchor,append,0.2498124531132783,0.0009125034910334757,0.0004180056839697802,0.0004607894138358534,0.00095182994979932
2029,P1,column_positional_ablation,target_real_anchor,append,0.5,0.0010678646111028402,0.0001457455848216202,0.00132078560003372,0.0011058945932061
2029,P1,column_positional_ablation,target_real_anchor,append,0.75,0.0005742311218142734,-0.00230708022111402,-0.00063991927271986,0.00288131134292828
2029,P1,column_positional_ablation,target_real_anchor,replace,0.0,0.0036675163990793403,0.00392659565215748,0.0036675163990793403,0.0007941999955703268
2029,P1,column_positional_ablation,target_real_anchor,replace,0.05,0.0005108118050682599,0.0012101529248242909,0.00124116032500508,0.00105878927446462
2029,P1,column_positional_ablation,target_real_anchor,replace,0.1,-0.0035213386553699802,-0.00185666262057912,-0.00246568253284002,0.0013654060051718135
2029,P1,column_positional_ablation,target_real_anchor,replace,0.25,0.00097268161612298,0.00060901991226092,-9.280612109852015e-05,0.00130025805287568
2029,P1,column_positional_ablation,target_real_anchor,replace,0.5,-0.002488154794991889,-0.0035285773167362602,-0.003917736394963,0.00245974034813644
2029,P1,column_positional_ablation,target_real_anchor,replace,0.75,-0.00711873727494642,-0.01588724110306394,-0.020364083058777342,0.00876850382811744
2029,P1,column_positional_ablation,target_real_anchor,replace,1.0,-0.012156629506404261,-0.02760933484805018,,0.015452705341645862
2029,P1,datum_transformer,oracle_target,append,0.0,0.0036675163990793403,0.0021923420364730996,0.0036675163990793403,7.94091955848e-05
2029,P1,datum_transformer,oracle_target,append,0.050332383665717,0.00070323054974386,-0.00029743335434704004,0.0013134388989456,0.00030521221432268
2029,P1,datum_transformer,oracle_target,append,0.0999099909990999,5.239926511382003e-05,-0.0006371102399508599,-0.00018010221638093993,0.00023747130870138
2029,P1,datum_transformer,oracle_target,append,0.2498124531132783,0.0009125034910334757,-0.0017078919235446002,0.0004607894138358534,0.00265226713253388
2029,P1,datum_transformer,oracle_target,append,0.5,0.0010678646111028402,0.00013764260568044,0.00132078560003372,0.00107542739163476
2029,P1,datum_transformer,oracle_target,append,0.75,0.0005742311218142734,-0.00354273052030308,-0.00063991927271986,0.004116961642117381
2029,P1,datum_transformer,oracle_target,replace,0.0,0.0036675163990793403,0.0021923420364730996,0.0036675163990793403,7.94091955848e-05
2029,P1,datum_transformer,oracle_target,replace,0.05,0.0005108118050682599,0.00037273704050034005,0.00124116032500508,0.00033751609116608
2029,P1,datum_transformer,oracle_target,replace,0.1,-0.0035213386553699802,-0.0042272701981610605,-0.00246568253284002,0.0012894540806872201
2029,P1,datum_transformer,oracle_target,replace,0.25,0.00097268161612298,-0.00059886417840382,-9.280612109852015e-05,0.0024334866957185
2029,P1,datum_transformer,oracle_target,replace,0.5,-0.002488154794991889,-0.0037231568558495597,-0.003917736394963,0.00232803992715956
2029,P1,datum_transformer,oracle_target,replace,0.75,-0.00711873727494642,-0.016435218572460338,-0.020364083058777342,0.009316481297513859
2029,P1,datum_transformer,oracle_target,replace,1.0,-0.012156629506404261,-0.030033530127686718,,0.01787690062128238
2029,P1,datum_transformer,source_only,append,0.0,0.0036675163990793403,0.0021923420364730996,0.0036675163990793403,7.94091955848e-05
2029,P1,datum_transformer,source_only,append,0.050332383665717,0.00070323054974386,-0.00029743335434704004,0.0013134388989456,0.00030521221432268
2029,P1,datum_transformer,source_only,append,0.0999099909990999,5.239926511382003e-05,-0.0006371102399508599,-0.00018010221638093993,0.00023747130870138
2029,P1,datum_transformer,source_only,append,0.2498124531132783,0.0009125034910334757,-0.0017078919235446002,0.0004607894138358534,0.00265226713253388
2029,P1,datum_transformer,source_only,append,0.5,0.0010678646111028402,0.00013764260568044,0.00132078560003372,0.00107542739163476
2029,P1,datum_transformer,source_only,append,0.75,0.0005742311218142734,-0.00354273052030308,-0.00063991927271986,0.004116961642117381
2029,P1,datum_transformer,source_only,replace,0.0,0.0036675163990793403,0.0021923420364730996,0.0036675163990793403,7.94091955848e-05
2029,P1,datum_transformer,source_only,replace,0.05,0.0005108118050682599,0.00037273704050034005,0.00124116032500508,0.00033751609116608
2029,P1,datum_transformer,source_only,replace,0.1,-0.0035213386553699802,-0.0042272701981610605,-0.00246568253284002,0.0012894540806872201
2029,P1,datum_transformer,source_only,replace,0.25,0.00097268161612298,-0.00059886417840382,-9.280612109852015e-05,0.0024334866957185
2029,P1,datum_transformer,source_only,replace,0.5,-0.002488154794991889,-0.0037231568558495597,-0.003917736394963,0.00232803992715956
2029,P1,datum_transformer,source_only,replace,0.75,-0.00711873727494642,-0.016435218572460338,-0.020364083058777342,0.009316481297513859
2029,P1,datum_transformer,source_only,replace,1.0,-0.012156629506404261,-0.030033530127686718,,0.01787690062128238
2029,P1,datum_transformer,target_real_anchor,append,0.0,0.0036675163990793403,0.0032992089871762,0.0036675163990793403,0.00030964184291994
2029,P1,datum_transformer,target_real_anchor,append,0.050332383665717,0.00070323054974386,0.0007111174494415201,0.0013134388989456,0.0011151860092881798
2029,P1,datum_transformer,target_real_anchor,append,0.0999099909990999,5.239926511382003e-05,3.1331519346320054e-05,-0.00018010221638093993,0.0004672717971489
2029,P1,datum_transformer,target_real_anchor,append,0.2498124531132783,0.0009125034910334757,-0.0005762838765300401,0.0004607894138358534,0.0015958547319507
2029,P1,datum_transformer,target_real_anchor,append,0.5,0.0010678646111028402,0.00182878837233292,0.00132078560003372,0.00038689024406712
2029,P1,datum_transformer,target_real_anchor,append,0.75,0.0005742311218142734,-0.0011926504898791403,-0.00063991927271986,0.00176688161169336
2029,P1,datum_transformer,target_real_anchor,replace,0.0,0.0036675163990793403,0.0032992089871762,0.0036675163990793403,0.00030964184291994
2029,P1,datum_transformer,target_real_anchor,replace,0.05,0.0005108118050682599,0.0003581516780459001,0.00124116032500508,0.00031979757677706
2029,P1,datum_transformer,target_real_anchor,replace,0.1,-0.0035213386553699802,-0.00384707841685072,-0.00246568253284002,0.00134768749078278
2029,P1,datum_transformer,target_real_anchor,replace,0.25,0.00097268161612298,0.00049006817846648,-9.280612109852015e-05,0.00127821794961134
2029,P1,datum_transformer,target_real_anchor,replace,0.5,-0.002488154794991889,-0.00360247648650498,-0.003917736394963,0.0018403486225745398
2029,P1,datum_transformer,target_real_anchor,replace,0.75,-0.00711873727494642,-0.01507229748089178,-0.020364083058777342,0.0079535602059453
2029,P1,datum_transformer,target_real_anchor,replace,1.0,-0.012156629506404261,-0.029186930867002497,,0.01703030136059818
2029,P1,flat_transformer,oracle_target,append,0.0,0.0036675163990793403,0.004242071640059139,0.0036675163990793403,0.0007437454454503601
2029,P1,flat_transformer,oracle_target,append,0.050332383665717,0.00070323054974386,0.0012086403687179199,0.0013134388989456,0.0007372630621374
2029,P1,flat_transformer,oracle_target,append,0.0999099909990999,5.239926511382003e-05,-1.4693402176242307e-05,-0.00018010221638093993,0.0002192125957029
2029,P1,flat_transformer,oracle_target,append,0.2498124531132783,0.0009125034910334757,-0.00016335605948881969,0.0004607894138358534,0.00132759210251236
2029,P1,flat_transformer,oracle_target,append,0.5,0.0010678646111028402,0.0013009062912069601,0.00132078560003372,0.00025378530670584
2029,P1,flat_transformer,oracle_target,append,0.75,0.0005742311218142734,-0.00076157199956134,-0.00063991927271986,0.0013358031213756
2029,P1,flat_transformer,oracle_target,replace,0.0,0.0036675163990793403,0.004242071640059139,0.0036675163990793403,0.0007437454454503601
2029,P1,flat_transformer,oracle_target,replace,0.05,0.0005108118050682599,0.0008058682855338801,0.00124116032500508,0.00046111353300154
2029,P1,flat_transformer,oracle_target,replace,0.1,-0.0035213386553699802,-0.0033863970427367,-0.00246568253284002,0.0004585205796762
2029,P1,flat_transformer,oracle_target,replace,0.25,0.00097268161612298,-0.00022266986680324002,-9.280612109852015e-05,0.0015916411827972602
2029,P1,flat_transformer,oracle_target,replace,0.5,-0.002488154794991889,-0.0033663016544662402,-0.003917736394963,0.00202833773865294
2029,P1,flat_transformer,oracle_target,replace,0.75,-0.00711873727494642,-0.01199348952635924,-0.020364083058777342,0.00524673301385982
2029,P1,flat_transformer,oracle_target,replace,1.0,-0.012156629506404261,-0.01945363232245968,,0.0084966758878569
2029,P1,flat_transformer,source_only,append,0.0,0.0036675163990793403,0.004242071640059139,0.0036675163990793403,0.0007437454454503601
2029,P1,flat_transformer,source_only,append,0.050332383665717,0.00070323054974386,0.0012086403687179199,0.0013134388989456,0.0007372630621374
2029,P1,flat_transformer,source_only,append,0.0999099909990999,5.239926511382003e-05,-1.4693402176242307e-05,-0.00018010221638093993,0.0002192125957029
2029,P1,flat_transformer,source_only,append,0.2498124531132783,0.0009125034910334757,-0.00016335605948881969,0.0004607894138358534,0.00132759210251236
2029,P1,flat_transformer,source_only,append,0.5,0.0010678646111028402,0.0013009062912069601,0.00132078560003372,0.00025378530670584
2029,P1,flat_transformer,source_only,append,0.75,0.0005742311218142734,-0.00076157199956134,-0.00063991927271986,0.0013358031213756
2029,P1,flat_transformer,source_only,replace,0.0,0.0036675163990793403,0.004242071640059139,0.0036675163990793403,0.0007437454454503601
2029,P1,flat_transformer,source_only,replace,0.05,0.0005108118050682599,0.0008058682855338801,0.00124116032500508,0.00046111353300154
2029,P1,flat_transformer,source_only,replace,0.1,-0.0035213386553699802,-0.0033863970427367,-0.00246568253284002,0.0004585205796762
2029,P1,flat_transformer,source_only,replace,0.25,0.00097268161612298,-0.00022266986680324002,-9.280612109852015e-05,0.0015916411827972602
2029,P1,flat_transformer,source_only,replace,0.5,-0.002488154794991889,-0.0033663016544662402,-0.003917736394963,0.00202833773865294
2029,P1,flat_transformer,source_only,replace,0.75,-0.00711873727494642,-0.01199348952635924,-0.020364083058777342,0.00524673301385982
2029,P1,flat_transformer,source_only,replace,1.0,-0.012156629506404261,-0.01945363232245968,,0.0084966758878569
2029,P1,flat_transformer,target_real_anchor,append,0.0,0.0036675163990793403,0.003954794019569221,0.0036675163990793403,0.00050962336812744
2029,P1,flat_transformer,target_real_anchor,append,0.050332383665717,0.00070323054974386,0.0011373341522744398,0.0013134388989456,0.00072462241467698
2029,P1,flat_transformer,target_real_anchor,append,0.0999099909990999,5.239926511382003e-05,0.00012024821045702218,-0.00018010221638093993,0.0002703153841541
2029,P1,flat_transformer,target_real_anchor,append,0.2498124531132783,0.0009125034910334757,-0.00014358479038404005,0.0004607894138358534,0.00137394114320064
2029,P1,flat_transformer,target_real_anchor,append,0.5,0.0010678646111028402,0.0013600040190776199,0.00132078560003372,0.00032293072871163127
2029,P1,flat_transformer,target_real_anchor,append,0.75,0.0005742311218142734,-0.0007208410244110354,-0.00063991927271986,0.00130954946895772
2029,P1,flat_transformer,target_real_anchor,replace,0.0,0.0036675163990793403,0.003954794019569221,0.0036675163990793403,0.00050962336812744
2029,P1,flat_transformer,target_real_anchor,replace,0.05,0.0005108118050682599,0.00044404325694380014,0.00124116032500508,0.00016832588669546004
2029,P1,flat_transformer,target_real_anchor,replace,0.1,-0.0035213386553699802,-0.0036526069174592597,-0.00246568253284002,0.00039164399182997997
2029,P1,flat_transformer,target_real_anchor,replace,0.25,0.00097268161612298,-0.00046284216855169987,-9.280612109852015e-05,0.001867682672211227
2029,P1,flat_transformer,target_real_anchor,replace,0.5,-0.002488154794991889,-0.0026363852934169403,-0.003917736394963,0.0013376397966476
2029,P1,flat_transformer,target_real_anchor,replace,0.75,-0.00711873727494642,-0.01213826275368398,-0.020364083058777342,0.0053098282114401995
2029,P1,flat_transformer,target_real_anchor,replace,1.0,-0.012156629506404261,-0.0208977992848851,,0.00947238261619268
2029,P2,c2st_lr,oracle_target,append,0.0,0.0036675163990793403,0.00202455634838706,0.0036675163990793403,0.00036268934636508
2029,P2,c2st_lr,oracle_target,append,0.050332383665717,0.0008152677413377398,-0.0004995756739923001,0.0013134388989456,0.0005384699738706
2029,P2,c2st_lr,oracle_target,append,0.0999099909990999,0.00083590332821768,0.00052420873058186,-0.00018010221638093993,0.00065979858154658
2029,P2,c2st_lr,oracle_target,append,0.2498124531132783,0.0012307885117041604,0.0015275736277199402,0.0004607894138358534,2.2688341595689115e-06
2029,P2,c2st_lr,oracle_target,append,0.5,-0.00055445985270942,-0.0008212099260414176,0.00132078560003372,0.0005172941883813001
2029,P2,c2st_lr,oracle_target,append,0.75,-0.00510087938931626,-0.00479858424748438,-0.00063991927271986,6.071832369891111e-05
2029,P2,c2st_lr,oracle_target,replace,0.0,0.0036675163990793403,0.00202455634838706,0.0036675163990793403,0.00036268934636508
2029,P2,c2st_lr,oracle_target,replace,0.05,0.0009024557968982799,-0.0006359218030101402,0.00124116032500508,7.984135447240001e-05
2029,P2,c2st_lr,oracle_target,replace,0.1,-0.00155760867040372,-0.0016199475899308599,-0.00246568253284002,0.00063322080996292
2029,P2,c2st_lr,oracle_target,replace,0.25,-0.00063916299466664,-0.00116110289108892,-9.280612109852015e-05,0.0005481935488401001
2029,P2,c2st_lr,oracle_target,replace,0.5,-0.00298038376789612,-0.0032195837121476597,-0.003917736394963,0.0008349309707207
2029,P2,c2st_lr,oracle_target,replace,0.75,-0.01005363631992932,-0.008638856161856421,-0.020364083058777342,0.00014660990259678
2029,P2,c2st_lr,oracle_target,replace,1.0,-0.02127345339787624,-0.02132736521909638,,0.0003125589154108
2029,P2,c2st_lr,source_only,append,0.0,0.0036675163990793403,0.00424790578504088,0.0036675163990793403,0.00062609018831856
2029,P2,c2st_lr,source_only,append,0.050332383665717,0.0008152677413377398,0.0015874276336438,0.0013134388989456,0.0009198501921216399
2029,P2,c2st_lr,source_only,append,0.0999099909990999,0.00083590332821768,0.0008065165238650999,-0.00018010221638093993,0.00017081080029881997
2029,P2,c2st_lr,source_only,append,0.2498124531132783,0.0012307885117041604,0.0011678013538457602,0.0004607894138358534,0.00039121183294256006
2029,P2,c2st_lr,source_only,append,0.5,-0.00055445985270942,-0.00153211129603914,0.00132078560003372,0.0001952277774446
2029,P2,c2st_lr,source_only,append,0.75,-0.00510087938931626,-0.0052289064597489604,-0.00063991927271986,0.00019090618856932
2029,P2,c2st_lr,source_only,replace,0.0,0.0036675163990793403,0.00424790578504088,0.0036675163990793403,0.00062609018831856
2029,P2,c2st_lr,source_only,replace,0.05,0.0009024557968982799,0.00101762614042672,0.00124116032500508,0.00034551103058546
2029,P2,c2st_lr,source_only,replace,0.1,-0.00155760867040372,-0.0017537007656235001,-0.00246568253284002,0.00014877069703442
2029,P2,c2st_lr,source_only,replace,0.25,-0.00063916299466664,0.00022634321734731994,-9.280612109852015e-05,0.00086550621201394
2029,P2,c2st_lr,source_only,replace,0.5,-0.00298038376789612,-0.00420706677016876,-0.003917736394963,0.00016854196613927999
2029,P2,c2st_lr,source_only,replace,0.75,-0.01005363631992932,-0.0109422630324265,-0.020364083058777342,0.00034637534836048
2029,P2,c2st_lr,source_only,replace,1.0,-0.02127345339787624,-0.021010376675088323,,0.00104874158032942
2029,P2,c2st_lr,target_real_anchor,append,0.0,0.0036675163990793403,0.00436307612856936,0.0036675163990793403,0.00074936351098832
2029,P2,c2st_lr,target_real_anchor,append,0.050332383665717,0.0008152677413377398,0.00158591507753742,0.0013134388989456,0.0009206064701748201
2029,P2,c2st_lr,target_real_anchor,append,0.0999099909990999,0.00083590332821768,0.00081883305215988,-0.00018010221638093993,0.0001740519919553
2029,P2,c2st_lr,target_real_anchor,append,0.2498124531132783,0.0012307885117041604,0.0013116022236735604,0.0004607894138358534,0.0005018445081519001
2029,P2,c2st_lr,target_real_anchor,append,0.5,-0.00055445985270942,-0.00142612432887078,0.00132078560003372,0.00019868504854492
2029,P2,c2st_lr,target_real_anchor,append,0.75,-0.00510087938931626,-0.00508110812021142,-0.00063991927271986,0.00031093831958258004
2029,P2,c2st_lr,target_real_anchor,replace,0.0,0.0036675163990793403,0.00436307612856936,0.0036675163990793403,0.00074936351098832
2029,P2,c2st_lr,target_real_anchor,replace,0.05,0.0009024557968982799,0.0009705208216852599,0.00124116032500508,0.00029840571184398
2029,P2,c2st_lr,target_real_anchor,replace,0.1,-0.00155760867040372,-0.001785896602745,-0.00246568253284002,0.0001366702481834378
2029,P2,c2st_lr,target_real_anchor,replace,0.25,-0.00063916299466664,0.00037327723910976,-9.280612109852015e-05,0.00101244023377638
2029,P2,c2st_lr,target_real_anchor,replace,0.5,-0.00298038376789612,-0.00411523300656724,-0.003917736394963,0.0001819388916529
2029,P2,c2st_lr,target_real_anchor,replace,0.75,-0.01005363631992932,-0.0109422630324265,-0.020364083058777342,0.00034637534836048
2029,P2,c2st_lr,target_real_anchor,replace,1.0,-0.02127345339787624,-0.020803480607680204,,0.00104874158032942
2029,P2,c2st_xgb,oracle_target,append,0.0,0.0036675163990793403,0.00348946693741426,0.0036675163990793403,0.00029494844074368
2029,P2,c2st_xgb,oracle_target,append,0.050332383665717,0.0008152677413377398,0.0008725287939364135,0.0013134388989456,0.0005326358288888601
2029,P2,c2st_xgb,oracle_target,append,0.0999099909990999,0.00083590332821768,0.00090591306799848,-0.00018010221638093993,0.0002398481825827868
2029,P2,c2st_xgb,oracle_target,append,0.2498124531132783,0.0012307885117041604,0.00246978804227156,0.0004607894138358534,5.726105259862279e-06
2029,P2,c2st_xgb,oracle_target,append,0.5,-0.00055445985270942,0.0006069671575451203,0.00132078560003372,0.0001620595828262
2029,P2,c2st_xgb,oracle_target,append,0.75,-0.00510087938931626,-0.00204638037220764,-0.00063991927271986,0.0
2029,P2,c2st_xgb,oracle_target,replace,0.0,0.0036675163990793403,0.00348946693741426,0.0036675163990793403,0.00029494844074368
2029,P2,c2st_xgb,oracle_target,replace,0.05,0.0009024557968982799,0.0008827925675152801,0.00124116032500508,0.0001794539780495156
2029,P2,c2st_xgb,oracle_target,replace,0.1,-0.00155760867040372,-0.0014672874629086598,-0.00246568253284002,0.00063181629357838
2029,P2,c2st_xgb,oracle_target,replace,0.25,-0.00063916299466664,-0.0004261086631110646,-9.280612109852015e-05,0.0006390549549446934
2029,P2,c2st_xgb,oracle_target,replace,0.5,-0.00298038376789612,-0.00349919051238374,-0.003917736394963,0.0013257554272402999
2029,P2,c2st_xgb,oracle_target,replace,0.75,-0.01005363631992932,-0.009869536633838761,-0.020364083058777342,0.0019019312640485397
2029,P2,c2st_xgb,oracle_target,replace,1.0,-0.02127345339787624,-0.027943177588672256,,0.00666972419079596
2029,P2,c2st_xgb,source_only,append,0.0,0.0036675163990793403,0.00349411264545528,0.0036675163990793403,0.0002980815926783
2029,P2,c2st_xgb,source_only,append,0.050332383665717,0.0008152677413377398,0.0009195260729560135,0.0013134388989456,0.00056040203741308
2029,P2,c2st_xgb,source_only,append,0.0999099909990999,0.00083590332821768,0.0009496691553616399,-0.00018010221638093993,0.00026804654999456695
2029,P2,c2st_xgb,source_only,append,0.2498124531132783,0.0012307885117041604,0.0024546624812077796,0.0004607894138358534,5.726105259862279e-06
2029,P2,c2st_xgb,source_only,append,0.5,-0.00055445985270942,0.0006494267682455402,0.00132078560003372,0.00011517034352847999
2029,P2,c2st_xgb,source_only,append,0.75,-0.00510087938931626,-0.0019961419015315602,-0.00063991927271986,0.0
2029,P2,c2st_xgb,source_only,replace,0.0,0.0036675163990793403,0.00349411264545528,0.0036675163990793403,0.0002980815926783
2029,P2,c2st_xgb,source_only,replace,0.05,0.0009024557968982799,0.00087749862114294,0.00124116032500508,0.0001794539780495156
2029,P2,c2st_xgb,source_only,replace,0.1,-0.00155760867040372,-0.0014854381361851198,-0.00246568253284002,0.00061366562030192
2029,P2,c2st_xgb,source_only,replace,0.25,-0.00063916299466664,-0.0003832168935230645,-9.280612109852015e-05,0.0006384067166134
2029,P2,c2st_xgb,source_only,replace,0.5,-0.00298038376789612,-0.00345986405361794,-0.003917736394963,0.0012877254451371602
2029,P2,c2st_xgb,source_only,replace,0.75,-0.01005363631992932,-0.00985451911249684,-0.020364083058777342,0.0019019312640485397
2029,P2,c2st_xgb,source_only,replace,1.0,-0.02127345339787624,-0.027948795654210178,,0.006675342256333899
2029,P2,c2st_xgb,target_real_anchor,append,0.0,0.0036675163990793403,0.0035550470485979204,0.0036675163990793403,0.00033978492532558003
2029,P2,c2st_xgb,target_real_anchor,append,0.050332383665717,0.0008152677413377398,0.000729268122718,0.0013134388989456,0.0003718727227252401
2029,P2,c2st_xgb,target_real_anchor,append,0.0999099909990999,0.00083590332821768,0.0009666313916974001,-0.00018010221638093993,0.00025940337224383353
2029,P2,c2st_xgb,target_real_anchor,append,0.2498124531132783,0.0012307885117041604,0.00239243160140256,0.0004607894138358534,0.0
2029,P2,c2st_xgb,target_real_anchor,append,0.5,-0.00055445985270942,0.0007222455407955002,0.00132078560003372,9.842418663644e-05
2029,P2,c2st_xgb,target_real_anchor,append,0.75,-0.00510087938931626,-0.00211023184784112,-0.00063991927271986,0.0
2029,P2,c2st_xgb,target_real_anchor,replace,0.0,0.0036675163990793403,0.0035550470485979204,0.0036675163990793403,0.00033978492532558003
2029,P2,c2st_xgb,target_real_anchor,replace,0.05,0.0009024557968982799,0.0009186617551808598,0.00124116032500508,0.00020073780326070002
2029,P2,c2st_xgb,target_real_anchor,replace,0.1,-0.00155760867040372,-0.00150650588195254,-0.00246568253284002,0.00060037673451012
2029,P2,c2st_xgb,target_real_anchor,replace,0.25,-0.00063916299466664,-0.0002859811438273601,-9.280612109852015e-05,0.00059799986062876
2029,P2,c2st_xgb,target_real_anchor,replace,0.5,-0.00298038376789612,-0.0037064106989575197,-0.003917736394963,0.0015367570040800802
2029,P2,c2st_xgb,target_real_anchor,replace,0.75,-0.01005363631992932,-0.00981810972622188,-0.020364083058777342,0.00193726025310464
2029,P2,c2st_xgb,target_real_anchor,replace,1.0,-0.02127345339787624,-0.02820830706617592,,0.00693485366829964
2029,P2,char3gram,oracle_target,append,0.0,0.0036675163990793403,0.0032323323993299,0.0036675163990793403,0.00040817406927828
2029,P2,char3gram,oracle_target,append,0.050332383665717,0.0008152677413377398,0.00021229805350242003,0.0013134388989456,0.00026631791444442
2029,P2,char3gram,oracle_target,append,0.0999099909990999,0.00083590332821768,0.00140786561587222,-0.00018010221638093993,0.00083331037489234
2029,P2,char3gram,oracle_target,append,0.2498124531132783,0.0012307885117041604,0.0009754906488918999,0.0004607894138358534,0.00042135491534816004
2029,P2,char3gram,oracle_target,append,0.5,-0.00055445985270942,-0.00014250439316517983,0.00132078560003372,0.00061236914363932
2029,P2,char3gram,oracle_target,append,0.75,-0.00510087938931626,-0.00418956433522344,-0.00063991927271986,0.00013753456595849998
2029,P2,char3gram,oracle_target,replace,0.0,0.0036675163990793403,0.0032323323993299,0.0036675163990793403,0.00040817406927828
2029,P2,char3gram,oracle_target,replace,0.05,0.0009024557968982799,0.0004920128934603642,0.00124116032500508,0.00024190093729857558
2029,P2,char3gram,oracle_target,replace,0.1,-0.00155760867040372,-0.00182349442596056,-0.00246568253284002,0.0007480670343258557
2029,P2,char3gram,oracle_target,replace,0.25,-0.00063916299466664,-0.0008979181285791199,-9.280612109852015e-05,0.0008537298823285044
2029,P2,char3gram,oracle_target,replace,0.5,-0.00298038376789612,-0.00292582370834462,-0.003917736394963,0.00118303495463144
2029,P2,char3gram,oracle_target,replace,0.75,-0.01005363631992932,-0.01089602203146006,-0.020364083058777342,0.00218964104342604
2029,P2,char3gram,oracle_target,replace,1.0,-0.02127345339787624,-0.0254298495384813,,0.004522434718348499
2029,P2,char3gram,source_only,append,0.0,0.0036675163990793403,0.0032013249991491403,0.0036675163990793403,0.00040817406927828
2029,P2,char3gram,source_only,append,0.050332383665717,0.0008152677413377398,0.00021229805350242003,0.0013134388989456,0.00026631791444442
2029,P2,char3gram,source_only,append,0.0999099909990999,0.00083590332821768,0.00140786561587222,-0.00018010221638093993,0.0007827477850505801
2029,P2,char3gram,source_only,append,0.2498124531132783,0.0012307885117041604,0.0009754906488918999,0.0004607894138358534,0.00042135491534816004
2029,P2,char3gram,source_only,append,0.5,-0.00055445985270942,-0.00012705471293576013,0.00132078560003372,0.00061236914363932
2029,P2,char3gram,source_only,append,0.75,-0.00510087938931626,-0.0041975592746429004,-0.00063991927271986,0.00013753456595849998
2029,P2,char3gram,source_only,replace,0.0,0.0036675163990793403,0.0032013249991491403,0.0036675163990793403,0.00040817406927828
2029,P2,char3gram,source_only,replace,0.05,0.0009024557968982799,0.0004920128934603642,0.00124116032500508,0.00024190093729857558
2029,P2,char3gram,source_only,replace,0.1,-0.00155760867040372,-0.00182349442596056,-0.00246568253284002,0.0005060580573053757
2029,P2,char3gram,source_only,replace,0.25,-0.00063916299466664,-0.0008979181285791199,-9.280612109852015e-05,0.0008537298823285044
2029,P2,char3gram,source_only,replace,0.5,-0.00298038376789612,-0.00292582370834462,-0.003917736394963,0.00118303495463144
2029,P2,char3gram,source_only,replace,0.75,-0.01005363631992932,-0.01089602203146006,-0.020364083058777342,0.00218964104342604
2029,P2,char3gram,source_only,replace,1.0,-0.02127345339787624,-0.0254298495384813,,0.004522434718348499
2029,P2,char3gram,target_real_anchor,append,0.0,0.0036675163990793403,0.0033535529672839,0.0036675163990793403,0.0003590159958209268
2029,P2,char3gram,target_real_anchor,append,0.050332383665717,0.0008152677413377398,0.00045463114968848664,0.0013134388989456,0.0005785527106896245
2029,P2,char3gram,target_real_anchor,append,0.0999099909990999,0.00083590332821768,0.0010897966746453399,-0.00018010221638093993,0.00072505457356446
2029,P2,char3gram,target_real_anchor,append,0.2498124531132783,0.0012307885117041604,0.0012014017073517,0.0004607894138358534,0.0006663890045814
2029,P2,char3gram,target_real_anchor,append,0.5,-0.00055445985270942,0.00012370548155738007,0.00132078560003372,0.00037651843076622
2029,P2,char3gram,target_real_anchor,append,0.75,-0.00510087938931626,-0.0038561537534889576,-0.00063991927271986,0.00018906951329724
2029,P2,char3gram,target_real_anchor,replace,0.0,0.0036675163990793403,0.0033535529672839,0.0036675163990793403,0.0003590159958209268
2029,P2,char3gram,target_real_anchor,replace,0.05,0.0009024557968982799,0.0007449338823912201,0.00124116032500508,0.00026988322526655997
2029,P2,char3gram,target_real_anchor,replace,0.1,-0.00155760867040372,-0.0015508021679251,-0.00246568253284002,0.00072970028160546
2029,P2,char3gram,target_real_anchor,replace,0.25,-0.00063916299466664,-0.00037597823215682,-9.280612109852015e-05,0.0009025638366200999
2029,P2,char3gram,target_real_anchor,replace,0.5,-0.00298038376789612,-0.00287634151572166,-0.003917736394963,0.00115937425553878
2029,P2,char3gram,target_real_anchor,replace,0.75,-0.01005363631992932,-0.011966695675331939,-0.020364083058777342,0.0022418242290960398
2029,P2,char3gram,target_real_anchor,replace,1.0,-0.02127345339787624,-0.024641483687892603,,0.0039402086571148
2029,P2,column_positional_ablation,oracle_target,append,0.0,0.0036675163990793403,0.00277175906493788,0.0036675163990793403,0.00018075045471216
2029,P2,column_positional_ablation,oracle_target,append,0.050332383665717,0.0008152677413377398,-6.233891952713792e-05,0.0013134388989456,0.00016065506644174
2029,P2,column_positional_ablation,oracle_target,append,0.0999099909990999,0.00083590332821768,0.00069815268281538,-0.00018010221638093993,0.00026307672278784
2029,P2,column_positional_ablation,oracle_target,append,0.2498124531132783,0.0012307885117041604,0.0004920128934603601,0.0004607894138358534,0.0008606444245290799
2029,P2,column_positional_ablation,oracle_target,append,0.5,-0.00055445985270942,-8.31905858511995e-06,0.00132078560003372,0.00048034460349695993
2029,P2,column_positional_ablation,oracle_target,append,0.75,-0.00510087938931626,-0.00317582762478454,-0.00063991927271986,0.00037014408717507997
2029,P2,column_positional_ablation,oracle_target,replace,0.0,0.0036675163990793403,0.00277175906493788,0.0036675163990793403,0.00018075045471216
2029,P2,column_positional_ablation,oracle_target,replace,0.05,0.0009024557968982799,0.0007235420174581,0.00124116032500508,3.565310822176e-05
2029,P2,column_positional_ablation,oracle_target,replace,0.1,-0.00155760867040372,-0.0026266617184473795,-0.00246568253284002,0.00145756388793898
2029,P2,column_positional_ablation,oracle_target,replace,0.25,-0.00063916299466664,-0.0025306144056923595,-9.280612109852015e-05,0.00217808079318434
2029,P2,column_positional_ablation,oracle_target,replace,0.5,-0.00298038376789612,-0.00369052885984066,-0.003917736394963,0.00165776149259038
2029,P2,column_positional_ablation,oracle_target,replace,0.75,-0.01005363631992932,-0.0104031448202246,-0.020364083058777342,0.0020220714347837197
2029,P2,column_positional_ablation,oracle_target,replace,1.0,-0.02127345339787624,-0.03361504690814622,,0.01234159351026992
2029,P2,column_positional_ablation,source_only,append,0.0,0.0036675163990793403,0.0027756484949257197,0.0036675163990793403,0.00018075045471216
2029,P2,column_positional_ablation,source_only,append,0.050332383665717,0.0008152677413377398,-0.0001435847903839979,0.0013134388989456,0.00013342905652697119
2029,P2,column_positional_ablation,source_only,append,0.0999099909990999,0.00083590332821768,0.00066919803735046,-0.00018010221638093993,7.886899697536007e-05
2029,P2,column_positional_ablation,source_only,append,0.2498124531132783,0.0012307885117041604,0.00056591206322918,0.0004607894138358534,0.00081429538384074
2029,P2,column_positional_ablation,source_only,append,0.5,-0.00055445985270942,-1.4369283010619987e-05,0.00132078560003372,0.00047526673656833997
2029,P2,column_positional_ablation,source_only,append,0.75,-0.00510087938931626,-0.0032338449554363,-0.00063991927271986,0.00038181237713856
2029,P2,column_positional_ablation,source_only,replace,0.0,0.0036675163990793403,0.0027756484949257197,0.0036675163990793403,0.00018075045471216
2029,P2,column_positional_ablation,source_only,replace,0.05,0.0009024557968982799,0.0007320771554869199,0.00124116032500508,3.565310822176e-05
2029,P2,column_positional_ablation,source_only,replace,0.1,-0.00155760867040372,-0.00262082757346564,-0.00246568253284002,0.00047753557072789996
2029,P2,column_positional_ablation,source_only,replace,0.25,-0.00063916299466664,-0.00252704909487018,-9.280612109852015e-05,0.00216598034433334
2029,P2,column_positional_ablation,source_only,replace,0.5,-0.00298038376789612,-0.0036922574953908204,-0.003917736394963,0.0016594901281405598
2029,P2,column_positional_ablation,source_only,replace,0.75,-0.01005363631992932,-0.01039785087385232,-0.020364083058777342,0.0020127800187017203
2029,P2,column_positional_ablation,source_only,replace,1.0,-0.02127345339787624,-0.03369607669955934,,0.01242262330168306
2029,P2,column_positional_ablation,target_real_anchor,append,0.0,0.0036675163990793403,0.0035631500277392,0.0036675163990793403,0.00013850692345544448
2029,P2,column_positional_ablation,target_real_anchor,append,0.050332383665717,0.0008152677413377398,0.0005687210959981601,0.0013134388989456,0.0002773379660766
2029,P2,column_positional_ablation,target_real_anchor,append,0.0999099909990999,0.00083590332821768,0.00074947155071036,-0.00018010221638093993,0.00021532316571503998
2029,P2,column_positional_ablation,target_real_anchor,append,0.2498124531132783,0.0012307885117041604,0.0010639751811150396,0.0004607894138358534,0.00062792686359066
2029,P2,column_positional_ablation,target_real_anchor,append,0.5,-0.00055445985270942,0.00018010221638084002,0.00132078560003372,0.00027582540997024
2029,P2,column_positional_ablation,target_real_anchor,append,0.75,-0.00510087938931626,-0.003310229038808378,-0.00063991927271986,0.0003126669551327
2029,P2,column_positional_ablation,target_real_anchor,replace,0.0,0.0036675163990793403,0.0035631500277392,0.0036675163990793403,0.00013850692345544448
2029,P2,column_positional_ablation,target_real_anchor,replace,0.05,0.0009024557968982799,0.000998719189097,0.00124116032500508,0.00032908899285906
2029,P2,column_positional_ablation,target_real_anchor,replace,0.1,-0.00155760867040372,-0.0023332258338100596,-0.00246568253284002,0.00038959123711416
2029,P2,column_positional_ablation,target_real_anchor,replace,0.25,-0.00063916299466664,-0.00146102115903936,-9.280612109852015e-05,0.0010736987560846446
2029,P2,column_positional_ablation,target_real_anchor,replace,0.5,-0.00298038376789612,-0.00280535941844372,-0.003917736394963,0.00115245971333816
2029,P2,column_positional_ablation,target_real_anchor,replace,0.75,-0.01005363631992932,-0.00976841145415532,-0.020364083058777342,0.00196751137523226
2029,P2,column_positional_ablation,target_real_anchor,replace,1.0,-0.02127345339787624,-0.03141773504446642,,0.010144281646590139
2029,P2,datum_transformer,oracle_target,append,0.0,0.0036675163990793403,0.00364169490554902,0.0036675163990793403,0.00028749369993372
2029,P2,datum_transformer,oracle_target,append,0.050332383665717,0.0008152677413377398,1.4045163843800361e-06,0.0013134388989456,0.00052734188251648
2029,P2,datum_transformer,oracle_target,append,0.0999099909990999,0.00083590332821768,0.0003115865579138401,-0.00018010221638093993,0.0004081740692783
2029,P2,datum_transformer,oracle_target,append,0.2498124531132783,0.0012307885117041604,0.0008890588713846402,0.0004607894138358534,0.0004763471337871601
2029,P2,datum_transformer,oracle_target,append,0.5,-0.00055445985270942,-0.0001227331240603799,0.00132078560003372,0.00053231170972318
2029,P2,datum_transformer,oracle_target,append,0.75,-0.00510087938931626,-0.0023562382945713596,-0.00063991927271986,7.789663947841999e-05
2029,P2,datum_transformer,oracle_target,replace,0.0,0.0036675163990793403,0.00364169490554902,0.0036675163990793403,0.00028749369993372
2029,P2,datum_transformer,oracle_target,replace,0.05,0.0009024557968982799,0.0005606181168567999,0.00124116032500508,0.00018366752720302
2029,P2,datum_transformer,oracle_target,replace,0.1,-0.00155760867040372,-0.0021543120543699398,-0.00246568253284002,0.00105932947307408
2029,P2,datum_transformer,oracle_target,replace,0.25,-0.00063916299466664,-0.0017874091588513399,-9.280612109852015e-05,0.00135427791381778
2029,P2,datum_transformer,oracle_target,replace,0.5,-0.00298038376789612,-0.00296709488210434,-0.003917736394963,0.0009717092586259999
2029,P2,datum_transformer,oracle_target,replace,0.75,-0.01005363631992932,-0.00992679768643728,-0.020364083058777342,0.0018037231568558201
2029,P2,datum_transformer,oracle_target,replace,1.0,-0.02127345339787624,-0.030699811092546297,,0.009426357694670021
2029,P2,datum_transformer,source_only,append,0.0,0.0036675163990793403,0.00365865714188476,0.0036675163990793403,0.0002968931557376
2029,P2,datum_transformer,source_only,append,0.050332383665717,0.0008152677413377398,-6.612030979314009e-05,0.0013134388989456,0.00046759591631460005
2029,P2,datum_transformer,source_only,append,0.0999099909990999,0.00083590332821768,0.00032303876843354005,-0.00018010221638093993,0.00031558402762356
2029,P2,datum_transformer,source_only,append,0.2498124531132783,0.0012307885117041604,0.0009087221007675197,0.0004607894138358534,0.00046392256577047997
2029,P2,datum_transformer,source_only,append,0.5,-0.00055445985270942,-0.0002175919998746799,0.00132078560003372,0.00062717058553748
2029,P2,datum_transformer,source_only,append,0.75,-0.00510087938931626,-0.00236769050509112,-0.00063991927271986,7.789663947841999e-05
2029,P2,datum_transformer,source_only,replace,0.0,0.0036675163990793403,0.00365865714188476,0.0036675163990793403,0.0002968931557376
2029,P2,datum_transformer,source_only,replace,0.05,0.0009024557968982799,0.0005427915627459115,0.00124116032500508,0.00017383591251154
2029,P2,datum_transformer,source_only,replace,0.1,-0.00155760867040372,-0.0021699778140431398,-0.00246568253284002,0.0006898336242301999
2029,P2,datum_transformer,source_only,replace,0.25,-0.00063916299466664,-0.00181344673182542,-9.280612109852015e-05,0.00137729037457912
2029,P2,datum_transformer,source_only,replace,0.5,-0.00298038376789612,-0.00296072053851316,-0.003917736394963,0.0009653349150348399
2029,P2,datum_transformer,source_only,replace,0.75,-0.01005363631992932,-0.00992679768643728,-0.020364083058777342,0.0018037231568558201
2029,P2,datum_transformer,source_only,replace,1.0,-0.02127345339787624,-0.030699811092546297,,0.009426357694670021
2029,P2,datum_transformer,target_real_anchor,append,0.0,0.0036675163990793403,0.0037870083314831,0.0036675163990793403,0.0002976494337907468
2029,P2,datum_transformer,target_real_anchor,append,0.050332383665717,0.0008152677413377398,0.00016605705253592006,0.0013134388989456,0.00062198467888706
2029,P2,datum_transformer,target_real_anchor,append,0.0999099909990999,0.00083590332821768,0.00037662647048814006,-0.00018010221638093993,0.00037349331855348
2029,P2,datum_transformer,target_real_anchor,append,0.2498124531132783,0.0012307885117041604,0.00108687960215446,0.0004607894138358534,0.00038667416462329995
2029,P2,datum_transformer,target_real_anchor,append,0.5,-0.00055445985270942,-2.6793851027339873e-05,0.00132078560003372,0.00039909873264002
2029,P2,datum_transformer,target_real_anchor,append,0.75,-0.00510087938931626,-0.0021828345409473,-0.00063991927271986,4.062293542844e-05
2029,P2,datum_transformer,target_real_anchor,replace,0.0,0.0036675163990793403,0.0037870083314831,0.0036675163990793403,0.0002976494337907468
2029,P2,datum_transformer,target_real_anchor,replace,0.05,0.0009024557968982799,0.000718680229973282,0.00124116032500508,0.00036711897496226
2029,P2,datum_transformer,target_real_anchor,replace,0.1,-0.00155760867040372,-0.0021379980563653598,-0.00246568253284002,0.00069242657755548
2029,P2,datum_transformer,target_real_anchor,replace,0.25,-0.00063916299466664,-0.0014816567459192,-9.280612109852015e-05,0.00129906961593494
2029,P2,datum_transformer,target_real_anchor,replace,0.5,-0.00298038376789612,-0.00296028837962562,-0.003917736394963,0.00101719398153918
2029,P2,datum_transformer,target_real_anchor,replace,0.75,-0.01005363631992932,-0.00992755396449052,-0.020364083058777342,0.0017960523366020603
2029,P2,datum_transformer,target_real_anchor,replace,1.0,-0.02127345339787624,-0.030479302020180742,,0.00920584862230446
2029,P2,flat_transformer,oracle_target,append,0.0,0.0036675163990793403,0.00324410872901534,0.0036675163990793403,0.0001846398847
2029,P2,flat_transformer,oracle_target,append,0.050332383665717,0.0008152677413377398,-0.00012327332266982017,0.0013134388989456,2.7550129080439997e-05
2029,P2,flat_transformer,oracle_target,append,0.0999099909990999,0.00083590332821768,0.00020084584298260002,-0.00018010221638093993,0.00055564828965012
2029,P2,flat_transformer,oracle_target,append,0.2498124531132783,0.0012307885117041604,0.0008699358406110797,0.0004607894138358534,0.00056753265905742
2029,P2,flat_transformer,oracle_target,append,0.5,-0.00055445985270942,0.0002263432173472602,0.00132078560003372,0.00023044872677887998
2029,P2,flat_transformer,oracle_target,append,0.75,-0.00510087938931626,-0.0036891243434561,-0.00063991927271986,0.00014196419455576
2029,P2,flat_transformer,oracle_target,replace,0.0,0.0036675163990793403,0.00324410872901534,0.0036675163990793403,0.0001846398847
2029,P2,flat_transformer,oracle_target,replace,0.05,0.0009024557968982799,0.0006018892906165714,0.00124116032500508,0.00012662255404820001
2029,P2,flat_transformer,oracle_target,replace,0.1,-0.00155760867040372,-0.0028927635534480396,-0.00246568253284002,0.0002912750901996691
2029,P2,flat_transformer,oracle_target,replace,0.25,-0.00063916299466664,-0.0017923789860580402,-9.280612109852015e-05,0.0012827556179304598
2029,P2,flat_transformer,oracle_target,replace,0.5,-0.00298038376789612,-0.0036925816145564,-0.003917736394963,0.0017422485551037402
2029,P2,flat_transformer,oracle_target,replace,0.75,-0.01005363631992932,-0.01146549940551138,-0.020364083058777342,0.0023682307037005
2029,P2,flat_transformer,oracle_target,replace,1.0,-0.02127345339787624,-0.031879604855521236,,0.01060615145764498
2029,P2,flat_transformer,source_only,append,0.0,0.0036675163990793403,0.00326906590477056,0.0036675163990793403,0.0001969564129947646
2029,P2,flat_transformer,source_only,append,0.050332383665717,0.0008152677413377398,-0.00011873565435068008,0.0013134388989456,2.7550129080439997e-05
2029,P2,flat_transformer,source_only,append,0.0999099909990999,0.00083590332821768,0.00021208197405860003,-0.00018010221638093993,0.00017275551529272
2029,P2,flat_transformer,source_only,append,0.2498124531132783,0.0012307885117041604,0.0008282325079638003,0.0004607894138358534,0.00062047212278064
2029,P2,flat_transformer,source_only,append,0.5,-0.00055445985270942,0.00032131013288341987,0.00132078560003372,0.00019533581716651998
2029,P2,flat_transformer,source_only,append,0.75,-0.00510087938931626,-0.00373320454998484,-0.00063991927271986,0.00015611739812256
2029,P2,flat_transformer,source_only,replace,0.0,0.0036675163990793403,0.00326906590477056,0.0036675163990793403,0.0001969564129947646
2029,P2,flat_transformer,source_only,replace,0.05,0.0009024557968982799,0.0006201480036149514,0.00124116032500508,0.00013634612901774
2029,P2,flat_transformer,source_only,replace,0.1,-0.00155760867040372,-0.00287796211154996,-0.00246568253284002,1.0803972188400125e-05
2029,P2,flat_transformer,source_only,replace,0.25,-0.00063916299466664,-0.00181128593738776,-9.280612109852015e-05,0.00132683582445918
2029,P2,flat_transformer,source_only,replace,0.5,-0.00298038376789612,-0.00366157421437572,-0.003917736394963,0.00170303013605984
2029,P2,flat_transformer,source_only,replace,0.75,-0.01005363631992932,-0.011438273395596539,-0.020364083058777342,0.00232523089439062
2029,P2,flat_transformer,source_only,replace,1.0,-0.02127345339787624,-0.03203269714143102,,0.010759243743554761
2029,P2,flat_transformer,target_real_anchor,append,0.0,0.0036675163990793403,0.00322217666547286,0.0036675163990793403,0.0002344461964885668
2029,P2,flat_transformer,target_real_anchor,append,0.050332383665717,0.0008152677413377398,-0.00016584097309219997,0.0013134388989456,1.5125561063777937e-05
2029,P2,flat_transformer,target_real_anchor,append,0.0999099909990999,0.00083590332821768,-0.0001089040396592556,-0.00018010221638093993,9.507495525802e-05
2029,P2,flat_transformer,target_real_anchor,append,0.2498124531132783,0.0012307885117041604,0.0007849085794882603,0.0004607894138358534,0.0006404594713292
2029,P2,flat_transformer,target_real_anchor,append,0.5,-0.00055445985270942,0.0005430076421896002,0.00132078560003372,0.00020019760465132
2029,P2,flat_transformer,target_real_anchor,append,0.75,-0.00510087938931626,-0.0034998387507151002,-0.00063991927271986,8.589157889788e-05
2029,P2,flat_transformer,target_real_anchor,replace,0.0,0.0036675163990793403,0.00322217666547286,0.0036675163990793403,0.0002344461964885668
2029,P2,flat_transformer,target_real_anchor,replace,0.05,0.0009024557968982799,0.0006424041863230756,0.00124116032500508,0.00010361009328686
2029,P2,flat_transformer,target_real_anchor,replace,0.1,-0.00155760867040372,-0.0026042974960174,-0.00246568253284002,0.0
2029,P2,flat_transformer,target_real_anchor,replace,0.25,-0.00063916299466664,-0.0018578510575198,-9.280612109852015e-05,0.00132489110946524
2029,P2,flat_transformer,target_real_anchor,replace,0.5,-0.00298038376789612,-0.00339071863161214,-0.003917736394963,0.00141056660891942
2029,P2,flat_transformer,target_real_anchor,replace,0.75,-0.01005363631992932,-0.011260440013375301,-0.020364083058777342,0.00206118181410576
2029,P2,flat_transformer,target_real_anchor,replace,1.0,-0.02127345339787624,-0.03211567164783804,,0.01084221824996178
2029,P3,char3gram,oracle_target,append,0.0,0.00014095585871115989,0.0037495406733728002,0.00014095585871115989,0.0041620734003949
2029,P3,char3gram,oracle_target,append,0.050332383665717,0.00090659593036612,0.00585813697120012,0.00021042901106974732,0.0049957512286986205
2029,P3,char3gram,oracle_target,append,0.0999099909990999,0.004054992880437281,0.00571057829222364,0.0018729043222635994,0.0015025722291121001
2029,P3,char3gram,oracle_target,append,0.2498124531132783,0.004090303614900559,0.006892770198888359,0.00093961003169354,0.00061463644297458
2029,P3,char3gram,oracle_target,append,0.5,0.008385294658031341,0.01430745027789258,0.0028776813191860205,0.0
2029,P3,char3gram,oracle_target,append,0.75,0.00261184603371464,0.01145129989435484,0.0014997014376923474,0.0
2029,P3,char3gram,oracle_target,replace,0.0,0.00014095585871115989,0.0037495406733728002,0.00014095585871115989,0.0041620734003949
2029,P3,char3gram,oracle_target,replace,0.05,-0.004164370033530819,-0.0004085136190345397,-0.006841095953332379,0.00338638555877082
2029,P3,char3gram,oracle_target,replace,0.1,-3.760736759906014e-05,0.0030769142437187,-0.0013245831610858808,0.00083367782830368
2029,P3,char3gram,oracle_target,replace,0.25,-0.0010811400486886395,0.0022116577097973803,-0.00523488815396628,0.0
2029,P3,char3gram,oracle_target,replace,0.5,0.00484704423315416,0.00972566717192594,-0.008844047126911959,0.0
2029,P3,char3gram,oracle_target,replace,0.75,0.0015938633962611596,0.004814891369252693,-0.02440775573009952,0.00054028294520236
2029,P3,char3gram,oracle_target,replace,1.0,0.00266179780441868,0.00862414450415686,,0.0
2029,P3,char3gram,source_only,append,0.0,0.00014095585871115989,,0.00014095585871115989,
2029,P3,char3gram,source_only,append,0.050332383665717,0.00090659593036612,,0.00021042901106974732,
2029,P3,char3gram,source_only,append,0.0999099909990999,0.004054992880437281,,0.0018729043222635994,
2029,P3,char3gram,source_only,append,0.2498124531132783,0.004090303614900559,,0.00093961003169354,
2029,P3,char3gram,source_only,append,0.5,0.008385294658031341,,0.0028776813191860205,
2029,P3,char3gram,source_only,append,0.75,0.00261184603371464,,0.0014997014376923474,
2029,P3,char3gram,source_only,replace,0.0,0.00014095585871115989,,0.00014095585871115989,
2029,P3,char3gram,source_only,replace,0.05,-0.004164370033530819,,-0.006841095953332379,
2029,P3,char3gram,source_only,replace,0.1,-3.760736759906014e-05,,-0.0013245831610858808,
2029,P3,char3gram,source_only,replace,0.25,-0.0010811400486886395,,-0.00523488815396628,
2029,P3,char3gram,source_only,replace,0.5,0.00484704423315416,,-0.008844047126911959,
2029,P3,char3gram,source_only,replace,0.75,0.0015938633962611596,,-0.02440775573009952,
2029,P3,char3gram,source_only,replace,1.0,0.00266179780441868,,,
2029,P3,char3gram,target_real_anchor,append,0.0,0.00014095585871115989,0.0040087731385788,0.00014095585871115989,0.0002566487529282
2029,P3,char3gram,target_real_anchor,append,0.050332383665717,0.00090659593036612,0.00622416287722192,0.00021042901106974732,0.0
2029,P3,char3gram,target_real_anchor,append,0.0999099909990999,0.004054992880437281,0.00571947774562494,0.0018729043222635994,0.0010501355013550174
2029,P3,char3gram,target_real_anchor,append,0.2498124531132783,0.004090303614900559,0.0067076041523127196,0.00093961003169354,0.00068181296219738
2029,P3,char3gram,target_real_anchor,append,0.5,0.008385294658031341,0.014267833356299562,0.0028776813191860205,0.0
2029,P3,char3gram,target_real_anchor,append,0.75,0.00261184603371464,0.01128077488402002,0.0014997014376923474,0.0
2029,P3,char3gram,target_real_anchor,replace,0.0,0.00014095585871115989,0.0040087731385788,0.00014095585871115989,0.0002566487529282
2029,P3,char3gram,target_real_anchor,replace,0.05,-0.004164370033530819,-0.00080382159753798,-0.006841095953332379,0.0006367415369068999
2029,P3,char3gram,target_real_anchor,replace,0.1,-3.760736759906014e-05,0.0033734669973818597,-0.0013245831610858808,0.00012688898075420002
2029,P3,char3gram,target_real_anchor,replace,0.25,-0.0010811400486886395,0.0021884042992971805,-0.00523488815396628,0.0
2029,P3,char3gram,target_real_anchor,replace,0.5,0.00484704423315416,0.00934930641679298,-0.008844047126911959,0.0
2029,P3,char3gram,target_real_anchor,replace,0.75,0.0015938633962611596,0.004913359514951159,-0.02440775573009952,0.00055004363602956
2029,P3,char3gram,target_real_anchor,replace,1.0,0.00266179780441868,0.008273907950943921,,0.0
2029,P3,column_positional_ablation,oracle_target,append,0.0,0.00014095585871115989,-0.0006114785724128399,0.00014095585871115989,0.00028621790455190003
2029,P3,column_positional_ablation,oracle_target,append,0.050332383665717,0.00090659593036612,-0.00010937715309357991,0.00021042901106974732,0.0008497542602544201
2029,P3,column_positional_ablation,oracle_target,append,0.0999099909990999,0.004054992880437281,0.0036855220247118,0.0018729043222635994,0.0011864980937944599
2029,P3,column_positional_ablation,oracle_target,append,0.2498124531132783,0.004090303614900559,0.00564770796013038,0.00093961003169354,0.0007423866611547399
2029,P3,column_positional_ablation,oracle_target,append,0.5,0.008385294658031341,0.0088598364797207,0.0028776813191860205,0.00040047540305910006
2029,P3,column_positional_ablation,oracle_target,append,0.75,0.00261184603371464,0.00507268843874888,0.0014997014376923474,0.0
2029,P3,column_positional_ablation,oracle_target,replace,0.0,0.00014095585871115989,-0.0006114785724128399,0.00014095585871115989,0.00028621790455190003
2029,P3,column_positional_ablation,oracle_target,replace,0.05,-0.004164370033530819,-0.0041666666666666605,-0.006841095953332379,7.291810206238e-05
2029,P3,column_positional_ablation,oracle_target,replace,0.1,-3.760736759906014e-05,1.4353957098921233e-05,-0.0013245831610858808,0.000570713334252
2029,P3,column_positional_ablation,oracle_target,replace,0.25,-0.0010811400486886395,-0.0007056405309816402,-0.00523488815396628,0.0006456409903082001
2029,P3,column_positional_ablation,oracle_target,replace,0.5,0.00484704423315416,0.00401480180056036,-0.008844047126911959,0.0016929057002434001
2029,P3,column_positional_ablation,oracle_target,replace,0.75,0.0015938633962611596,-0.00012229571448243992,-0.02440775573009952,0.00195615727343708
2029,P3,column_positional_ablation,oracle_target,replace,1.0,0.00266179780441868,0.0026061044508750206,,0.0010667860915897199
2029,P3,column_positional_ablation,source_only,append,0.0,0.00014095585871115989,,0.00014095585871115989,
2029,P3,column_positional_ablation,source_only,append,0.050332383665717,0.00090659593036612,,0.00021042901106974732,
2029,P3,column_positional_ablation,source_only,append,0.0999099909990999,0.004054992880437281,,0.0018729043222635994,
2029,P3,column_positional_ablation,source_only,append,0.2498124531132783,0.004090303614900559,,0.00093961003169354,
2029,P3,column_positional_ablation,source_only,append,0.5,0.008385294658031341,,0.0028776813191860205,
2029,P3,column_positional_ablation,source_only,append,0.75,0.00261184603371464,,0.0014997014376923474,
2029,P3,column_positional_ablation,source_only,replace,0.0,0.00014095585871115989,,0.00014095585871115989,
2029,P3,column_positional_ablation,source_only,replace,0.05,-0.004164370033530819,,-0.006841095953332379,
2029,P3,column_positional_ablation,source_only,replace,0.1,-3.760736759906014e-05,,-0.0013245831610858808,
2029,P3,column_positional_ablation,source_only,replace,0.25,-0.0010811400486886395,,-0.00523488815396628,
2029,P3,column_positional_ablation,source_only,replace,0.5,0.00484704423315416,,-0.008844047126911959,
2029,P3,column_positional_ablation,source_only,replace,0.75,0.0015938633962611596,,-0.02440775573009952,
2029,P3,column_positional_ablation,source_only,replace,1.0,0.00266179780441868,,,
2029,P3,column_positional_ablation,target_real_anchor,append,0.0,0.00014095585871115989,-0.0005503307151715599,0.00014095585871115989,0.0009562606219282399
2029,P3,column_positional_ablation,target_real_anchor,append,0.050332383665717,0.00090659593036612,-0.00015875476551379994,0.00021042901106974732,0.0020698406136604
2029,P3,column_positional_ablation,target_real_anchor,append,0.0999099909990999,0.004054992880437281,0.00355719764824768,0.0018729043222635994,0.00132802811078956
2029,P3,column_positional_ablation,target_real_anchor,append,0.2498124531132783,0.004090303614900559,0.005261299435028197,0.00093961003169354,0.0009760690827247201
2029,P3,column_positional_ablation,target_real_anchor,append,0.5,0.008385294658031341,0.00878921501079414,0.0028776813191860205,0.00047798677139309996
2029,P3,column_positional_ablation,target_real_anchor,append,0.75,0.00261184603371464,0.00553172798677148,0.0014997014376923474,0.0
2029,P3,column_positional_ablation,target_real_anchor,replace,0.0,0.00014095585871115989,-0.0005503307151715599,0.00014095585871115989,0.0009562606219282399
2029,P3,column_positional_ablation,target_real_anchor,replace,0.05,-0.004164370033530819,-0.0038953768774975797,-0.006841095953332379,0.00053310596665286
2029,P3,column_positional_ablation,target_real_anchor,replace,0.1,-3.760736759906014e-05,0.00029741399108908077,-0.0013245831610858808,0.0005580818520049401
2029,P3,column_positional_ablation,target_real_anchor,replace,0.25,-0.0010811400486886395,-0.0009051605346561801,-0.00523488815396628,0.0006163589178264401
2029,P3,column_positional_ablation,target_real_anchor,replace,0.5,0.00484704423315416,0.00400360571402326,-0.008844047126911959,0.00173252262183634
2029,P3,column_positional_ablation,target_real_anchor,replace,0.75,0.0015938633962611596,0.0012275504110974202,-0.02440775573009952,0.0006094690184189831
2029,P3,column_positional_ablation,target_real_anchor,replace,1.0,0.00266179780441868,0.0031837076845344795,,0.00078918056129714
2029,P3,datum_ta,oracle_target,append,0.0,0.00014095585871115989,0.0002750218180148197,0.00014095585871115989,0.00119252675577602
2029,P3,datum_ta,oracle_target,append,0.050332383665717,0.00090659593036612,0.0013380758807588,0.00021042901106974732,0.00043147995039264
2029,P3,datum_ta,oracle_target,append,0.0999099909990999,0.004054992880437281,0.00480800146984518,0.0018729043222635994,0.0009924325938174198
2029,P3,datum_ta,oracle_target,append,0.2498124531132783,0.004090303614900559,0.0042306853153276595,0.00093961003169354,0.0009114762757797001
2029,P3,datum_ta,oracle_target,append,0.5,0.008385294658031341,0.00993552202471168,0.0028776813191860205,0.0
2029,P3,datum_ta,oracle_target,append,0.75,0.00261184603371464,0.0044040811170824,0.0014997014376923474,0.0
2029,P3,datum_ta,oracle_target,replace,0.0,0.00014095585871115989,0.0002750218180148197,0.00014095585871115989,0.00119252675577602
2029,P3,datum_ta,oracle_target,replace,0.05,-0.004164370033530819,-0.003920926921133621,-0.006841095953332379,0.00042372881355926
2029,P3,datum_ta,oracle_target,replace,0.1,-3.760736759906014e-05,-0.00041167148959621867,-0.0013245831610858808,0.00033932754581777997
2029,P3,datum_ta,oracle_target,replace,0.25,-0.0010811400486886395,-0.0024450530522254804,-0.00523488815396628,0.00143338615589542
2029,P3,datum_ta,oracle_target,replace,0.5,0.00484704423315416,0.006702436727757099,-0.008844047126911959,0.0
2029,P3,datum_ta,oracle_target,replace,0.75,0.0015938633962611596,0.0020101281521290202,-0.02440775573009952,0.00072602315006202
2029,P3,datum_ta,oracle_target,replace,1.0,0.00266179780441868,0.00443250195213814,,3.043038904966e-05
2029,P3,datum_ta,source_only,append,0.0,0.00014095585871115989,-9.042992972308007e-05,0.00014095585871115989,0.00023138578843418003
2029,P3,datum_ta,source_only,append,0.050332383665717,0.00090659593036612,0.0012459234761839002,0.00021042901106974732,0.00011798952735290001
2029,P3,datum_ta,source_only,append,0.0999099909990999,0.004054992880437281,0.0040719305498139995,0.0018729043222635994,0.00025664875292818
2029,P3,datum_ta,source_only,append,0.2498124531132783,0.004090303614900559,0.00408886821919062,0.00093961003169354,0.00012315695190852
2029,P3,datum_ta,source_only,append,0.5,0.008385294658031341,0.00819783197831978,0.0028776813191860205,0.00019894584539065767
2029,P3,datum_ta,source_only,append,0.75,0.00261184603371464,0.00296725001148324,0.0014997014376923474,0.0
2029,P3,datum_ta,source_only,replace,0.0,0.00014095585871115989,-9.042992972308007e-05,0.00014095585871115989,0.00023138578843418003
2029,P3,datum_ta,source_only,replace,0.05,-0.004164370033530819,-0.00422149878278448,-0.006841095953332379,8.038215975384954e-05
2029,P3,datum_ta,source_only,replace,0.1,-3.760736759906014e-05,-0.00014841991640257985,-0.0013245831610858808,0.00012487942676037584
2029,P3,datum_ta,source_only,replace,0.25,-0.0010811400486886395,-0.0011643929998622195,-0.00523488815396628,0.00013492719672960086
2029,P3,datum_ta,source_only,replace,0.5,0.00484704423315416,0.004886661154747141,-0.008844047126911959,0.0001185636856368
2029,P3,datum_ta,source_only,replace,0.75,0.0015938633962611596,0.00211175416838924,-0.02440775573009952,0.0001355013550135364
2029,P3,datum_ta,source_only,replace,1.0,0.00266179780441868,0.0030525125166505794,,2.870791419695706e-07
2029,P3,datum_ta,target_real_anchor,append,0.0,0.00014095585871115989,0.0002681319186072999,0.00014095585871115989,0.00104841302650316
2029,P3,datum_ta,target_real_anchor,append,0.050332383665717,0.00090659593036612,0.0012292728859491816,0.00021042901106974732,4.42101878646e-05
2029,P3,datum_ta,target_real_anchor,append,0.0999099909990999,0.004054992880437281,0.00453384088925632,0.0018729043222635994,0.00028506958798402
2029,P3,datum_ta,target_real_anchor,append,0.2498124531132783,0.004090303614900559,0.00412102108309218,0.00093961003169354,0.0009809494281383402
2029,P3,datum_ta,target_real_anchor,append,0.5,0.008385294658031341,0.01019647696476956,0.0028776813191860205,0.0
2029,P3,datum_ta,target_real_anchor,append,0.75,0.00261184603371464,0.00509048734555148,0.0014997014376923474,0.0
2029,P3,datum_ta,target_real_anchor,replace,0.0,0.00014095585871115989,0.0002681319186072999,0.00014095585871115989,0.00104841302650316
2029,P3,datum_ta,target_real_anchor,replace,0.05,-0.004164370033530819,-0.0040607344632769,-0.006841095953332379,0.00023339534242800003
2029,P3,datum_ta,target_real_anchor,replace,0.1,-3.760736759906014e-05,-0.0002250700473106604,-0.0013245831610858808,0.0007817165036057601
2029,P3,datum_ta,target_real_anchor,replace,0.25,-0.0010811400486886395,-0.00251452620458412,-0.00523488815396628,0.0014333861558954455
2029,P3,datum_ta,target_real_anchor,replace,0.5,0.00484704423315416,0.006924061825364041,-0.008844047126911959,0.0
2029,P3,datum_ta,target_real_anchor,replace,0.75,0.0015938633962611596,0.0021987391484085,-0.02440775573009952,0.00055262734830738
2029,P3,datum_ta,target_real_anchor,replace,1.0,0.00266179780441868,0.004979961875889919,,0.0
2029,P3,datum_transformer,oracle_target,append,0.0,0.00014095585871115989,-4.4210187864579794e-05,0.00014095585871115989,0.00074697992742634
2029,P3,datum_transformer,oracle_target,append,0.050332383665717,0.00090659593036612,0.00147644802719206,0.00021042901106974732,0.0012875499517706799
2029,P3,datum_transformer,oracle_target,append,0.0999099909990999,0.004054992880437281,0.004815752606678681,0.0018729043222635994,0.00042774792154702
2029,P3,datum_transformer,oracle_target,append,0.2498124531132783,0.004090303614900559,0.00309299067566946,0.00093961003169354,0.0021083092186853
2029,P3,datum_transformer,oracle_target,append,0.5,0.008385294658031341,0.0084915139405631,0.0028776813191860205,0.00028363419227412
2029,P3,datum_transformer,oracle_target,append,0.75,0.00261184603371464,0.00252486105369536,0.0014997014376923474,0.0003361696752560841
2029,P3,datum_transformer,oracle_target,replace,0.0,0.00014095585871115989,-4.4210187864579794e-05,0.00014095585871115989,0.00074697992742634
2029,P3,datum_transformer,oracle_target,replace,0.05,-0.004164370033530819,-0.00413996830646272,-0.006841095953332379,0.00068410959533322
2029,P3,datum_transformer,oracle_target,replace,0.1,-3.760736759906014e-05,-8.038215975381957e-05,-0.0013245831610858808,0.00124477515961598
2029,P3,datum_transformer,oracle_target,replace,0.25,-0.0010811400486886395,-0.0016639107069037797,-0.00523488815396628,0.00101224105461394
2029,P3,datum_transformer,oracle_target,replace,0.5,0.00484704423315416,0.00413824583161084,-0.008844047126911959,0.0007087984015432701
2029,P3,datum_transformer,oracle_target,replace,0.75,0.0015938633962611596,0.00145376877497598,-0.02440775573009952,0.00075243443112396
2029,P3,datum_transformer,oracle_target,replace,1.0,0.00266179780441868,0.0019854393459189197,,0.0009057346929400401
2029,P3,datum_transformer,source_only,append,0.0,0.00014095585871115989,,0.00014095585871115989,
2029,P3,datum_transformer,source_only,append,0.050332383665717,0.00090659593036612,,0.00021042901106974732,
2029,P3,datum_transformer,source_only,append,0.0999099909990999,0.004054992880437281,,0.0018729043222635994,
2029,P3,datum_transformer,source_only,append,0.2498124531132783,0.004090303614900559,,0.00093961003169354,
2029,P3,datum_transformer,source_only,append,0.5,0.008385294658031341,,0.0028776813191860205,
2029,P3,datum_transformer,source_only,append,0.75,0.00261184603371464,,0.0014997014376923474,
2029,P3,datum_transformer,source_only,replace,0.0,0.00014095585871115989,,0.00014095585871115989,
2029,P3,datum_transformer,source_only,replace,0.05,-0.004164370033530819,,-0.006841095953332379,
2029,P3,datum_transformer,source_only,replace,0.1,-3.760736759906014e-05,,-0.0013245831610858808,
2029,P3,datum_transformer,source_only,replace,0.25,-0.0010811400486886395,,-0.00523488815396628,
2029,P3,datum_transformer,source_only,replace,0.5,0.00484704423315416,,-0.008844047126911959,
2029,P3,datum_transformer,source_only,replace,0.75,0.0015938633962611596,,-0.02440775573009952,
2029,P3,datum_transformer,source_only,replace,1.0,0.00266179780441868,,,
2029,P3,datum_transformer,target_real_anchor,append,0.0,0.00014095585871115989,5.454503697575968e-05,0.00014095585871115989,0.0008994189518166599
2029,P3,datum_transformer,target_real_anchor,append,0.050332383665717,0.00090659593036612,0.0009146341463414599,0.00021042901106974732,0.00120113913003536
2029,P3,datum_transformer,target_real_anchor,append,0.0999099909990999,0.004054992880437281,0.005091922741261299,0.0018729043222635994,0.00039014055394794
2029,P3,datum_transformer,target_real_anchor,append,0.2498124531132783,0.004090303614900559,0.0030895457259657007,0.00093961003169354,0.0014747255523402355
2029,P3,datum_transformer,target_real_anchor,append,0.5,0.008385294658031341,0.00842491157962428,0.0028776813191860205,0.00032640898442879996
2029,P3,datum_transformer,target_real_anchor,append,0.75,0.00261184603371464,0.00271404620825874,0.0014997014376923474,0.00020009416195855998
2029,P3,datum_transformer,target_real_anchor,replace,0.0,0.00014095585871115989,5.454503697575968e-05,0.00014095585871115989,0.0008994189518166599
2029,P3,datum_transformer,target_real_anchor,replace,0.05,-0.004164370033530819,-0.0032646640025722,-0.006841095953332379,0.000207271140508
2029,P3,datum_transformer,target_real_anchor,replace,0.1,-3.760736759906014e-05,-0.00024832345781083953,-0.0013245831610858808,0.00200725736070918
2029,P3,datum_transformer,target_real_anchor,replace,0.25,-0.0010811400486886395,-0.0010650636167379597,-0.00523488815396628,0.0007837260575995601
2029,P3,datum_transformer,target_real_anchor,replace,0.5,0.00484704423315416,0.0035095425106793005,-0.008844047126911959,0.00133750172247478
2029,P3,datum_transformer,target_real_anchor,replace,0.75,0.0015938633962611596,0.0009674567084654792,-0.02440775573009952,0.00082764916632214
2029,P3,datum_transformer,target_real_anchor,replace,1.0,0.00266179780441868,0.0023195994671810997,,0.00098295898213212
2029,P3,flat_transformer,oracle_target,append,0.0,0.00014095585871115989,0.0027525148132837396,0.00014095585871115989,0.00261155895457254
2029,P3,flat_transformer,oracle_target,append,0.050332383665717,0.00090659593036612,0.0007260231500619799,0.00021042901106974732,0.00075875017224748
2029,P3,flat_transformer,oracle_target,append,0.0999099909990999,0.004054992880437281,0.0035393987414450616,0.0018729043222635994,0.0006792292499196
2029,P3,flat_transformer,oracle_target,append,0.2498124531132783,0.004090303614900559,0.00531440907629412,0.00093961003169354,0.00114917780533738
2029,P3,flat_transformer,oracle_target,append,0.5,0.008385294658031341,0.00949743925405356,0.0028776813191860205,0.00046277157686830004
2029,P3,flat_transformer,oracle_target,append,0.75,0.00261184603371464,0.00464723715033766,0.0014997014376923474,7.952092232792e-05
2029,P3,flat_transformer,oracle_target,replace,0.0,0.00014095585871115989,0.0027525148132837396,0.00014095585871115989,0.00261155895457254
2029,P3,flat_transformer,oracle_target,replace,0.05,-0.004164370033530819,-0.00618712966790686,-0.006841095953332379,0.00076564007165496
2029,P3,flat_transformer,oracle_target,replace,0.1,-3.760736759906014e-05,-0.0005244935923935004,-0.0013245831610858808,0.0004986564696155399
2029,P3,flat_transformer,oracle_target,replace,0.25,-0.0010811400486886395,-0.0009324330531440799,-0.00523488815396628,0.00082075926691468
2029,P3,flat_transformer,oracle_target,replace,0.5,0.00484704423315416,0.00287997795232188,-0.008844047126911959,0.0025535689678930413
2029,P3,flat_transformer,oracle_target,replace,0.75,0.0015938633962611596,-0.003061124890909801,-0.02440775573009952,0.0046549882871709195
2029,P3,flat_transformer,oracle_target,replace,1.0,0.00266179780441868,0.0016851545634100598,,0.0014646777823709776
2029,P3,flat_transformer,source_only,append,0.0,0.00014095585871115989,0.0005830577373570602,0.00014095585871115989,0.00062755500436356
2029,P3,flat_transformer,source_only,append,0.050332383665717,0.00090659593036612,0.0006264066877956799,0.00021042901106974732,0.00046994855541776005
2029,P3,flat_transformer,source_only,append,0.0999099909990999,0.004054992880437281,0.0033708832851040206,0.0018729043222635994,1.7798906802646286e-05
2029,P3,flat_transformer,source_only,append,0.2498124531132783,0.004090303614900559,0.00406159570070274,0.00093961003169354,0.00152726103532214
2029,P3,flat_transformer,source_only,append,0.5,0.008385294658031341,0.00829773551972808,0.0028776813191860205,0.0006631528179688401
2029,P3,flat_transformer,source_only,append,0.75,0.00261184603371464,0.00320523862018282,0.0014997014376923474,0.0010288916448486
2029,P3,flat_transformer,source_only,replace,0.0,0.00014095585871115989,0.0005830577373570602,0.00014095585871115989,0.00062755500436356
2029,P3,flat_transformer,source_only,replace,0.05,-0.004164370033530819,-0.00574732442239676,-0.006841095953332379,0.0
2029,P3,flat_transformer,source_only,replace,0.1,-3.760736759906014e-05,-0.0012264020945293602,-0.0013245831610858808,1.4641036240847782e-05
2029,P3,flat_transformer,source_only,replace,0.25,-0.0010811400486886395,-0.00164324100868124,-0.00523488815396628,0.00057100041339396
2029,P3,flat_transformer,source_only,replace,0.5,0.00484704423315416,0.0016064948785081,-0.008844047126911959,0.0
2029,P3,flat_transformer,source_only,replace,0.75,0.0015938633962611596,-0.0020075444398511394,-0.02440775573009952,1.6076431950762247e-05
2029,P3,flat_transformer,source_only,replace,1.0,0.00266179780441868,0.00305337375407654,,0.0016782646640025802
2029,P3,flat_transformer,target_real_anchor,append,0.0,0.00014095585871115989,0.00331088374443066,0.00014095585871115989,0.00316992788571946
2029,P3,flat_transformer,target_real_anchor,append,0.050332383665717,0.00090659593036612,0.00044870469891139986,0.00021042901106974732,0.0007004731064259599
2029,P3,flat_transformer,target_real_anchor,append,0.0999099909990999,0.004054992880437281,0.003930974691102899,0.0018729043222635994,0.0006235358963759
2029,P3,flat_transformer,target_real_anchor,append,0.2498124531132783,0.004090303614900559,0.0051570897064902605,0.00093961003169354,0.00217204078820448
2029,P3,flat_transformer,target_real_anchor,append,0.5,0.008385294658031341,0.00969006935832066,0.0028776813191860205,0.00187433971797338
2029,P3,flat_transformer,target_real_anchor,append,0.75,0.00261184603371464,0.005287997795232237,0.0014997014376923474,0.00267615176151759
2029,P3,flat_transformer,target_real_anchor,replace,0.0,0.00014095585871115989,0.00331088374443066,0.00014095585871115989,0.00316992788571946
2029,P3,flat_transformer,target_real_anchor,replace,0.05,-0.004164370033530819,-0.004930871342611701,-0.006841095953332379,7.406641863028001e-05
2029,P3,flat_transformer,target_real_anchor,replace,0.1,-3.760736759906014e-05,-0.00141759680308668,-0.0013245831610858808,9.41619585687e-05
2029,P3,flat_transformer,target_real_anchor,replace,0.25,-0.0010811400486886395,-0.0005577947728630402,-0.00523488815396628,0.0013687933489504001
2029,P3,flat_transformer,target_real_anchor,replace,0.5,0.00484704423315416,0.0030639956823297,-0.008844047126911959,0.0007966446189885399
2029,P3,flat_transformer,target_real_anchor,replace,0.75,0.0015938633962611596,-0.00221596389692702,-0.02440775573009952,0.0
2029,P3,flat_transformer,target_real_anchor,replace,1.0,0.00266179780441868,0.00219730375269854,,0.0009579830967800619
2029,P4,char3gram,oracle_target,append,0.0,0.00014095585871115989,0.0037495406733728002,0.00014095585871115989,0.0038853291075282596
2029,P4,char3gram,oracle_target,append,0.050332383665717,0.00014124293785312,0.004438530614119659,0.00021042901106974732,0.0042972876762665795
2029,P4,char3gram,oracle_target,append,0.0999099909990999,4.076523816086003e-05,0.0021482132194203603,0.0018729043222635994,0.00104267144366354
2029,P4,char3gram,oracle_target,append,0.2498124531132783,2.9856230765720054e-05,0.0016174038859032597,0.00093961003169354,0.0008187497129208199
2029,P4,char3gram,oracle_target,append,0.5,0.0029853359974277805,0.00935074181250288,0.0028776813191860205,0.0
2029,P4,char3gram,oracle_target,append,0.75,-0.00127692802351746,0.004150303155574,0.0014997014376923474,0.0
2029,P4,char3gram,oracle_target,replace,0.0,0.00014095585871115989,0.0037495406733728002,0.00014095585871115989,0.0038853291075282596
2029,P4,char3gram,oracle_target,replace,0.05,-0.00675468513159706,-0.0033014101327454,-0.006841095953332379,0.0032540420743189997
2029,P4,char3gram,oracle_target,replace,0.1,0.00012545358504430018,0.0023612259427679807,-0.0013245831610858808,0.00148075421432174
2029,P4,char3gram,oracle_target,replace,0.25,-0.00224294933627302,-9.61715125625998e-05,-0.00523488815396628,0.00080353451839606
2029,P4,char3gram,oracle_target,replace,0.5,0.00019349134169302,0.0044942239676633595,-0.008844047126911959,0.0
2029,P4,char3gram,oracle_target,replace,0.75,-0.0009278397868723797,-0.0055607229801111005,-0.02440775573009952,0.0054280924165174
2029,P4,char3gram,oracle_target,replace,1.0,0.012516937669376598,0.00996308162234164,,0.0033286826512332396
2029,P4,char3gram,source_only,append,0.0,0.00014095585871115989,,0.00014095585871115989,
2029,P4,char3gram,source_only,append,0.050332383665717,0.00014124293785312,,0.00021042901106974732,
2029,P4,char3gram,source_only,append,0.0999099909990999,4.076523816086003e-05,,0.0018729043222635994,
2029,P4,char3gram,source_only,append,0.2498124531132783,2.9856230765720054e-05,,0.00093961003169354,
2029,P4,char3gram,source_only,append,0.5,0.0029853359974277805,,0.0028776813191860205,
2029,P4,char3gram,source_only,append,0.75,-0.00127692802351746,,0.0014997014376923474,
2029,P4,char3gram,source_only,replace,0.0,0.00014095585871115989,,0.00014095585871115989,
2029,P4,char3gram,source_only,replace,0.05,-0.00675468513159706,,-0.006841095953332379,
2029,P4,char3gram,source_only,replace,0.1,0.00012545358504430018,,-0.0013245831610858808,
2029,P4,char3gram,source_only,replace,0.25,-0.00224294933627302,,-0.00523488815396628,
2029,P4,char3gram,source_only,replace,0.5,0.00019349134169302,,-0.008844047126911959,
2029,P4,char3gram,source_only,replace,0.75,-0.0009278397868723797,,-0.02440775573009952,
2029,P4,char3gram,source_only,replace,1.0,0.012516937669376598,,,
2029,P4,char3gram,target_real_anchor,append,0.0,0.00014095585871115989,0.0040087731385788,0.00014095585871115989,0.0002566487529282
2029,P4,char3gram,target_real_anchor,append,0.050332383665717,0.00014124293785312,0.0042725988700565,0.00021042901106974732,0.0
2029,P4,char3gram,target_real_anchor,append,0.0999099909990999,4.076523816086003e-05,0.0024008428643608596,0.0018729043222635994,0.00087645262045838
2029,P4,char3gram,target_real_anchor,append,0.2498124531132783,2.9856230765720054e-05,0.0009048734555141599,0.00093961003169354,0.0009083184052179599
2029,P4,char3gram,target_real_anchor,append,0.5,0.0029853359974277805,0.00923102981029814,0.0028776813191860205,0.0
2029,P4,char3gram,target_real_anchor,append,0.75,-0.00127692802351746,0.004116140737678639,0.0014997014376923474,0.0
2029,P4,char3gram,target_real_anchor,replace,0.0,0.00014095585871115989,0.0040087731385788,0.00014095585871115989,0.0002566487529282
2029,P4,char3gram,target_real_anchor,replace,0.05,-0.00675468513159706,-0.00326035781544256,-0.006841095953332379,0.0
2029,P4,char3gram,target_real_anchor,replace,0.1,0.00012545358504430018,0.0020121377061229004,-0.0013245831610858808,0.00067463598364796
2029,P4,char3gram,target_real_anchor,replace,0.25,-0.00224294933627302,-4.50714252905598e-05,-0.00523488815396628,0.00078171650360572
2029,P4,char3gram,target_real_anchor,replace,0.5,0.00019349134169302,0.00458407973910248,-0.008844047126911959,0.0
2029,P4,char3gram,target_real_anchor,replace,0.75,-0.0009278397868723797,-0.00564196637729082,-0.02440775573009952,0.00542665702080748
2029,P4,char3gram,target_real_anchor,replace,1.0,0.012516937669376598,0.008809310550732601,,0.0044078131459280205
2029,P4,column_positional_ablation,oracle_target,append,0.0,0.00014095585871115989,-0.00042717376326305994,0.00014095585871115989,0.00030286849478661996
2029,P4,column_positional_ablation,oracle_target,append,0.050332383665717,0.00014124293785312,-0.0007452574525744453,0.00021042901106974732,0.0005598043268568
2029,P4,column_positional_ablation,oracle_target,append,0.0999099909990999,4.076523816086003e-05,-0.0006117656515548401,0.0018729043222635994,0.00104898718478706
2029,P4,column_positional_ablation,oracle_target,append,0.2498124531132783,2.9856230765720054e-05,-0.0006318611914932802,0.00093961003169354,0.0009510931973725799
2029,P4,column_positional_ablation,oracle_target,append,0.5,0.0029853359974277805,0.0041126957879747805,0.0028776813191860205,0.00023999816269346
2029,P4,column_positional_ablation,oracle_target,append,0.75,-0.00127692802351746,0.0006798034082036401,0.0014997014376923474,0.0
2029,P4,column_positional_ablation,oracle_target,replace,0.0,0.00014095585871115989,-0.00042717376326305994,0.00014095585871115989,0.00030286849478661996
2029,P4,column_positional_ablation,oracle_target,replace,0.05,-0.00675468513159706,-0.00706157273437136,-0.006841095953332379,0.0005678425428321599
2029,P4,column_positional_ablation,oracle_target,replace,0.1,0.00012545358504430018,0.0009591314133480605,-0.0013245831610858808,0.00018746267971156
2029,P4,column_positional_ablation,oracle_target,replace,0.25,-0.00224294933627302,-0.0012149189288503202,-0.00523488815396628,0.00021559643562538
2029,P4,column_positional_ablation,oracle_target,replace,0.5,0.00019349134169302,0.0009246819163107,-0.008844047126911959,0.0006548275228514401
2029,P4,column_positional_ablation,oracle_target,replace,0.75,-0.0009278397868723797,-0.0010975035597812603,-0.02440775573009952,0.00046707776399794004
2029,P4,column_positional_ablation,oracle_target,replace,1.0,0.012516937669376598,0.0117326374534931,,0.00249270818979376
2029,P4,column_positional_ablation,source_only,append,0.0,0.00014095585871115989,-0.16696899688806213,0.00014095585871115989,0.1702241155091636
2029,P4,column_positional_ablation,source_only,append,0.050332383665717,0.00014124293785312,-0.18143617082357266,0.00021042901106974732,0.18157741376142572
2029,P4,column_positional_ablation,source_only,append,0.0999099909990999,4.076523816086003e-05,-0.18076770704147713,0.0018729043222635994,0.180808472279638
2029,P4,column_positional_ablation,source_only,append,0.2498124531132783,2.9856230765720054e-05,-0.18530384456386934,0.00093961003169354,0.18227659501171278
2029,P4,column_positional_ablation,source_only,append,0.5,0.0029853359974277805,-0.1665771338592623,0.0028776813191860205,0.1729255302351752
2029,P4,column_positional_ablation,source_only,append,0.75,-0.00127692802351746,-0.15645712760093694,0.0014997014376923474,0.1551801995774195
2029,P4,column_positional_ablation,source_only,replace,0.0,0.00014095585871115989,-0.16696899688806213,0.00014095585871115989,0.1702241155091636
2029,P4,column_positional_ablation,source_only,replace,0.05,-0.00675468513159706,-0.1695835342887327,-0.006841095953332379,0.16282884915713564
2029,P4,column_positional_ablation,source_only,replace,0.1,0.00012545358504430018,-0.172353848008819,-0.0013245831610858808,0.17247930159386327
2029,P4,column_positional_ablation,source_only,replace,0.25,-0.00224294933627302,-0.2020953428107727,-0.00523488815396628,0.1992503885137722
2029,P4,column_positional_ablation,source_only,replace,0.5,0.00019349134169302,-0.20001090900739515,-0.008844047126911959,0.202346297827385
2029,P4,column_positional_ablation,source_only,replace,0.75,-0.0009278397868723797,,-0.02440775573009952,
2029,P4,column_positional_ablation,source_only,replace,1.0,0.012516937669376598,,,
2029,P4,column_positional_ablation,target_real_anchor,append,0.0,0.00014095585871115989,0.0004650682100040801,0.00014095585871115989,0.00043664737494832003
2029,P4,column_positional_ablation,target_real_anchor,append,0.050332383665717,0.00014124293785312,-0.00046564236828804015,0.00021042901106974732,0.0009091796426438599
2029,P4,column_positional_ablation,target_real_anchor,append,0.0999099909990999,4.076523816086003e-05,-0.00054946947774554,0.0018729043222635994,0.0010093702631940398
2029,P4,column_positional_ablation,target_real_anchor,append,0.2498124531132783,2.9856230765720054e-05,-0.00030602636534840034,0.00093961003169354,0.0007323388911855
2029,P4,column_positional_ablation,target_real_anchor,append,0.5,0.0029853359974277805,0.0040733659455238795,0.0028776813191860205,0.00021100316935368
2029,P4,column_positional_ablation,target_real_anchor,append,0.75,-0.00127692802351746,0.0007624822010932,0.0014997014376923474,0.0
2029,P4,column_positional_ablation,target_real_anchor,replace,0.0,0.00014095585871115989,0.0004650682100040801,0.00014095585871115989,0.00043664737494832003
2029,P4,column_positional_ablation,target_real_anchor,replace,0.05,-0.00675468513159706,-0.006482821184143959,-0.006841095953332379,0.00033817922924988
2029,P4,column_positional_ablation,target_real_anchor,replace,0.1,0.00012545358504430018,0.0008546346056681004,-0.0013245831610858808,0.00049291488677598
2029,P4,column_positional_ablation,target_real_anchor,replace,0.25,-0.00224294933627302,-0.00092410775802678,-0.00523488815396628,0.00026009370263194
2029,P4,column_positional_ablation,target_real_anchor,replace,0.5,0.00019349134169302,0.0009350167654218599,-0.008844047126911959,0.0006298516374994201
2029,P4,column_positional_ablation,target_real_anchor,replace,0.75,-0.0009278397868723797,-0.00037435120113902013,-0.02440775573009952,0.00039186302879974004
2029,P4,column_positional_ablation,target_real_anchor,replace,1.0,0.012516937669376598,0.012017419962335161,,0.00209452941987046
2029,P4,datum_ta,source_only,append,0.0,0.00014095585871115989,0.00014095585871115989,0.00014095585871115989,0.0
2029,P4,datum_ta,source_only,append,0.050332383665717,0.00014124293785312,0.00014124293785312,0.00021042901106974732,0.0
2029,P4,datum_ta,source_only,append,0.0999099909990999,4.076523816086003e-05,4.076523816086003e-05,0.0018729043222635994,0.0
2029,P4,datum_ta,source_only,append,0.2498124531132783,2.9856230765720054e-05,2.9856230765720054e-05,0.00093961003169354,0.0
2029,P4,datum_ta,source_only,append,0.5,0.0029853359974277805,0.0029853359974277805,0.0028776813191860205,0.0
2029,P4,datum_ta,source_only,append,0.75,-0.00127692802351746,-0.00127692802351746,0.0014997014376923474,0.0
2029,P4,datum_ta,source_only,replace,0.0,0.00014095585871115989,0.00014095585871115989,0.00014095585871115989,0.0
2029,P4,datum_ta,source_only,replace,0.05,-0.00675468513159706,-0.00675468513159706,-0.006841095953332379,0.0
2029,P4,datum_ta,source_only,replace,0.1,0.00012545358504430018,0.00012545358504430018,-0.0013245831610858808,0.0
2029,P4,datum_ta,source_only,replace,0.25,-0.00224294933627302,-0.00224294933627302,-0.00523488815396628,0.0
2029,P4,datum_ta,source_only,replace,0.5,0.00019349134169302,0.00019349134169302,-0.008844047126911959,0.0
2029,P4,datum_ta,source_only,replace,0.75,-0.0009278397868723797,-0.0009278397868723797,-0.02440775573009952,0.0
2029,P4,datum_ta,source_only,replace,1.0,0.012516937669376598,0.012516937669376598,,0.0
2029,P4,datum_ta,target_real_anchor,append,0.0,0.00014095585871115989,0.0014112810619631606,0.00014095585871115989,0.00162831289329836
2029,P4,datum_ta,target_real_anchor,append,0.050332383665717,0.00014124293785312,0.00115865141702262,0.00021042901106974732,0.0010845849983923202
2029,P4,datum_ta,target_real_anchor,append,0.0999099909990999,4.076523816086003e-05,0.0005902347159064799,0.0018729043222635994,0.00108946534380594
2029,P4,datum_ta,target_real_anchor,append,0.2498124531132783,2.9856230765720054e-05,0.0010610445087501793,0.00093961003169354,0.00131109044141288
2029,P4,datum_ta,target_real_anchor,append,0.5,0.0029853359974277805,0.005753353084378261,0.0028776813191860205,0.0032460038583435797
2029,P4,datum_ta,target_real_anchor,append,0.75,-0.00127692802351746,0.00012057323963074011,0.0014997014376923474,0.0013975012631481602
2029,P4,datum_ta,target_real_anchor,replace,0.0,0.00014095585871115989,0.0014112810619631606,0.00014095585871115989,0.00162831289329836
2029,P4,datum_ta,target_real_anchor,replace,0.05,-0.00675468513159706,-0.00600770520417066,-0.006841095953332379,0.00077080749621052
2029,P4,datum_ta,target_real_anchor,replace,0.1,0.00012545358504430018,-0.00046564236828809945,-0.0013245831610858808,0.00068009048734552
2029,P4,datum_ta,target_real_anchor,replace,0.25,-0.00224294933627302,-0.00246170364246014,-0.00523488815396628,0.0006657365302466
2029,P4,datum_ta,target_real_anchor,replace,0.5,0.00019349134169302,0.0015921409214091798,-0.008844047126911959,0.0024507946350649833
2029,P4,datum_ta,target_real_anchor,replace,0.75,-0.0009278397868723797,-0.0007710945753525381,-0.02440775573009952,0.00136879334895036
2029,P4,datum_ta,target_real_anchor,replace,1.0,0.012516937669376598,0.01066384180790958,,0.0009806623489963802
2029,P4,datum_transformer,oracle_target,append,0.0,0.00014095585871115989,0.0016834320885581399,0.00014095585871115989,0.0016943410959532601
2029,P4,datum_transformer,oracle_target,append,0.050332383665717,0.00014124293785312,0.0004702356345597258,0.00021042901106974732,0.00113941711451008
2029,P4,datum_transformer,oracle_target,append,0.0999099909990999,4.076523816086003e-05,0.0007716687336365005,0.0018729043222635994,0.0007455445317165
2029,P4,datum_transformer,oracle_target,append,0.2498124531132783,2.9856230765720054e-05,0.00121491892885034,0.00093961003169354,0.00105472876762664
2029,P4,datum_transformer,oracle_target,append,0.5,0.0029853359974277805,0.00285615038353772,0.0028776813191860205,0.000375499517707
2029,P4,datum_transformer,oracle_target,append,0.75,-0.00127692802351746,-0.0013386500390427402,0.0014997014376923474,0.00048487667080064
2029,P4,datum_transformer,oracle_target,replace,0.0,0.00014095585871115989,0.0016834320885581399,0.00014095585871115989,0.0016943410959532601
2029,P4,datum_transformer,oracle_target,replace,0.05,-0.00675468513159706,-0.006974874833494039,-0.006841095953332379,0.00014755867897663446
2029,P4,datum_transformer,oracle_target,replace,0.1,0.00012545358504430018,0.0002463139038169998,-0.0013245831610858808,0.0006482247025859799
2029,P4,datum_transformer,oracle_target,replace,0.25,-0.00224294933627302,-0.0030470580129530202,-0.00523488815396628,0.00107310183271318
2029,P4,datum_transformer,oracle_target,replace,0.5,0.00019349134169302,0.0016535758577924601,-0.008844047126911959,0.00027301226402096
2029,P4,datum_transformer,oracle_target,replace,0.75,-0.0009278397868723797,-0.0009668825501813798,-0.02440775573009952,0.00032038032244729997
2029,P4,datum_transformer,oracle_target,replace,1.0,0.012516937669376598,0.01233607780993064,,0.0001986587662486
2029,P4,datum_transformer,source_only,append,0.0,0.00014095585871115989,,0.00014095585871115989,
2029,P4,datum_transformer,source_only,append,0.050332383665717,0.00014124293785312,,0.00021042901106974732,
2029,P4,datum_transformer,source_only,append,0.0999099909990999,4.076523816086003e-05,,0.0018729043222635994,
2029,P4,datum_transformer,source_only,append,0.2498124531132783,2.9856230765720054e-05,,0.00093961003169354,
2029,P4,datum_transformer,source_only,append,0.5,0.0029853359974277805,,0.0028776813191860205,
2029,P4,datum_transformer,source_only,append,0.75,-0.00127692802351746,,0.0014997014376923474,
2029,P4,datum_transformer,source_only,replace,0.0,0.00014095585871115989,,0.00014095585871115989,
2029,P4,datum_transformer,source_only,replace,0.05,-0.00675468513159706,,-0.006841095953332379,
2029,P4,datum_transformer,source_only,replace,0.1,0.00012545358504430018,,-0.0013245831610858808,
2029,P4,datum_transformer,source_only,replace,0.25,-0.00224294933627302,,-0.00523488815396628,
2029,P4,datum_transformer,source_only,replace,0.5,0.00019349134169302,,-0.008844047126911959,
2029,P4,datum_transformer,source_only,replace,0.75,-0.0009278397868723797,,-0.02440775573009952,
2029,P4,datum_transformer,source_only,replace,1.0,0.012516937669376598,,,
2029,P4,datum_transformer,target_real_anchor,append,0.0,0.00014095585871115989,-0.0010914748977998198,0.00014095585871115989,0.00131022920398692
2029,P4,datum_transformer,target_real_anchor,append,0.050332383665717,0.00014124293785312,0.0005758807588075599,0.00021042901106974732,0.00045502044003486
2029,P4,datum_transformer,target_real_anchor,append,0.0999099909990999,4.076523816086003e-05,-0.0012439139221900799,0.0018729043222635994,0.0015335767764456999
2029,P4,datum_transformer,target_real_anchor,append,0.2498124531132783,2.9856230765720054e-05,0.0005758807588075801,0.00093961003169354,0.00078114234532168
2029,P4,datum_transformer,target_real_anchor,append,0.5,0.0029853359974277805,0.0037007372192365607,0.0028776813191860205,0.00017684075145836
2029,P4,datum_transformer,target_real_anchor,append,0.75,-0.00127692802351746,-0.0010917619769417598,0.0014997014376923474,0.00010909007395154
2029,P4,datum_transformer,target_real_anchor,replace,0.0,0.00014095585871115989,-0.0010914748977998198,0.00014095585871115989,0.00131022920398692
2029,P4,datum_transformer,target_real_anchor,replace,0.05,-0.00675468513159706,-0.0064788020761563,-0.006841095953332379,0.00049205364935004
2029,P4,datum_transformer,target_real_anchor,replace,0.1,0.00012545358504430018,0.0019923292453263596,-0.0013245831610858808,0.0002836341922741
2029,P4,datum_transformer,target_real_anchor,replace,0.25,-0.00224294933627302,-0.0014847733223095198,-0.00523488815396628,0.0003459303660833
2029,P4,datum_transformer,target_real_anchor,replace,0.5,0.00019349134169302,0.00022995039272422023,-0.008844047126911959,0.00040592990675664
2029,P4,datum_transformer,target_real_anchor,replace,0.75,-0.0009278397868723797,-0.0006436314363143002,-0.02440775573009952,0.00046679068485599995
2029,P4,datum_transformer,target_real_anchor,replace,1.0,0.012516937669376598,0.01319559276101232,,5.39708786918e-05
2029,P4,flat_transformer,oracle_target,append,0.0,0.00014095585871115989,0.0013797023563455802,0.00014095585871115989,0.00072544899177804
2029,P4,flat_transformer,oracle_target,append,0.050332383665717,0.00014124293785312,-0.0005804740250792199,0.00021042901106974732,0.00036660006430574
2029,P4,flat_transformer,oracle_target,append,0.0999099909990999,4.076523816086003e-05,-5.196132469797964e-05,0.0018729043222635994,0.00067090395480224
2029,P4,flat_transformer,oracle_target,append,0.2498124531132783,2.9856230765720054e-05,-0.0006631528179689234,0.00093961003169354,0.00089855771439068
2029,P4,flat_transformer,oracle_target,append,0.5,0.0029853359974277805,0.0019618988562767,0.0028776813191860205,0.0010475517890771399
2029,P4,flat_transformer,oracle_target,append,0.75,-0.00127692802351746,-0.00209625189472228,0.0014997014376923474,0.00093185889486016
2029,P4,flat_transformer,oracle_target,replace,0.0,0.00014095585871115989,0.0013797023563455802,0.00014095585871115989,0.00072544899177804
2029,P4,flat_transformer,oracle_target,replace,0.05,-0.00675468513159706,-0.00821161177713476,-0.006841095953332379,0.0002224863350328
2029,P4,flat_transformer,oracle_target,replace,0.1,0.00012545358504430018,-0.0010992260346332195,-0.0013245831610858808,0.00084487391484082
2029,P4,flat_transformer,oracle_target,replace,0.25,-0.00224294933627302,-0.0027197877910982394,-0.00523488815396628,0.00121176105828852
2029,P4,flat_transformer,oracle_target,replace,0.5,0.00019349134169302,-0.0011885076477883396,-0.008844047126911959,0.00146094575352526
2029,P4,flat_transformer,oracle_target,replace,0.75,-0.0009278397868723797,-0.0027019888842955806,-0.02440775573009952,0.0017790294428368
2029,P4,flat_transformer,oracle_target,replace,1.0,0.012516937669376598,0.01151991180928756,,0.0017193169813053799
2029,P4,flat_transformer,source_only,append,0.0,0.00014095585871115989,-0.1475255213357219,0.00014095585871115989,0.14766647719443302
2029,P4,flat_transformer,source_only,append,0.050332383665717,0.00014124293785312,-0.09533194961186892,0.00021042901106974732,0.095473192549722
2029,P4,flat_transformer,source_only,append,0.0999099909990999,4.076523816086003e-05,-0.09688275113683334,0.0018729043222635994,0.09692351637499418
2029,P4,flat_transformer,source_only,append,0.2498124531132783,2.9856230765720054e-05,-0.09926077120940699,0.00093961003169354,0.09929062744017267
2029,P4,flat_transformer,source_only,append,0.5,0.0029853359974277805,-0.06076776445730554,0.0028776813191860205,0.06375310045473334
2029,P4,flat_transformer,source_only,append,0.75,-0.00127692802351746,-0.053146100316935264,0.0014997014376923474,0.051869172293417795
2029,P4,flat_transformer,source_only,replace,0.0,0.00014095585871115989,-0.1475255213357219,0.00014095585871115989,0.14766647719443302
2029,P4,flat_transformer,source_only,replace,0.05,-0.00675468513159706,-0.12773127095677733,-0.006841095953332379,0.12097658582518027
2029,P4,flat_transformer,source_only,replace,0.1,0.00012545358504430018,-0.06976324583161078,-0.0013245831610858808,0.0698886994166551
2029,P4,flat_transformer,source_only,replace,0.25,-0.00224294933627302,-0.10757487024022776,-0.00523488815396628,0.10533192090395478
2029,P4,flat_transformer,source_only,replace,0.5,0.00019349134169302,-0.06751078699875977,-0.008844047126911959,0.06802071132469792
2029,P4,flat_transformer,source_only,replace,0.75,-0.0009278397868723797,-0.07717017477378152,-0.02440775573009952,0.07624233498690915
2029,P4,flat_transformer,source_only,replace,1.0,0.012516937669376598,-0.0740111558954573,,0.0877084194570759
2029,P4,flat_transformer,target_real_anchor,append,0.0,0.00014095585871115989,0.0008244912957604,0.00014095585871115989,0.0008893711818474201
2029,P4,flat_transformer,target_real_anchor,append,0.050332383665717,0.00014124293785312,-0.00145864912038954,0.00021042901106974732,0.0016449634835331197
2029,P4,flat_transformer,target_real_anchor,append,0.0999099909990999,4.076523816086003e-05,-0.00063760277433282,0.0018729043222635994,0.00125281337559134
2029,P4,flat_transformer,target_real_anchor,append,0.2498124531132783,2.9856230765720054e-05,-0.0011138670708741437,0.00093961003169354,0.0011908042809241541
2029,P4,flat_transformer,target_real_anchor,append,0.5,0.0029853359974277805,0.0015347250930135797,0.0028776813191860205,0.0015195098984888
2029,P4,flat_transformer,target_real_anchor,append,0.75,-0.00127692802351746,-0.0020959648155803,0.0014997014376923474,0.0010868816315281599
2029,P4,flat_transformer,target_real_anchor,replace,0.0,0.00014095585871115989,0.0008244912957604,0.00014095585871115989,0.0008893711818474201
2029,P4,flat_transformer,target_real_anchor,replace,0.05,-0.00675468513159706,-0.008284242800055141,-0.006841095953332379,0.0018726172431216
2029,P4,flat_transformer,target_real_anchor,replace,0.1,0.00012545358504430018,-0.00152984474759994,-0.0013245831610858808,0.00166534610261352
2029,P4,flat_transformer,target_real_anchor,replace,0.25,-0.00224294933627302,-0.0030616990491939403,-0.00523488815396628,0.001296736484314017
2029,P4,flat_transformer,target_real_anchor,replace,0.5,0.00019349134169302,-0.0017592209820403003,-0.008844047126911959,0.0020310849294933
2029,P4,flat_transformer,target_real_anchor,replace,0.75,-0.0009278397868723797,-0.00250591383032468,-0.02440775573009952,0.00157807404345226
2029,P4,flat_transformer,target_real_anchor,replace,1.0,0.012516937669376598,0.0110981925497221,,0.00194496118689996
2030,P1,c2st_lr,oracle_target,append,0.0,0.0016737951650422204,0.00131266662465367,0.0016737951650422204,1.6220644606224078e-05
2030,P1,c2st_lr,oracle_target,append,0.050332383665717,0.002702381311187,0.00298733858129634,0.00285143588324422,0.00012187403244675999
2030,P1,c2st_lr,oracle_target,append,0.0999099909990999,-0.0025659306183847394,-0.0026147021511534205,-0.00359232478552862,0.0
2030,P1,c2st_lr,oracle_target,append,0.2498124531132783,0.00227867177032448,0.00028134050475796013,0.00095800442231762,0.0019973312655665
2030,P1,c2st_lr,oracle_target,append,0.5,0.00026259908430071997,-0.00070658443092118,-0.00040902328155698,0.00113073236758392
2030,P1,c2st_lr,oracle_target,append,0.75,-0.00098573295667828,-0.00305989308622414,-0.0006723895585080402,0.00207416012954584
2030,P1,c2st_lr,oracle_target,replace,0.0,0.0016737951650422204,0.00131266662465367,0.0016737951650422204,1.6220644606224078e-05
2030,P1,c2st_lr,oracle_target,replace,0.05,0.00237226927366026,0.0015612370433490401,0.00231878498603972,0.0
2030,P1,c2st_lr,oracle_target,replace,0.1,-0.00173648576446634,-0.0018848827428233198,-0.0020142095038730135,0.00022752742028732
2030,P1,c2st_lr,oracle_target,replace,0.25,-0.00324248493699428,-0.00495968128625322,-0.00414305950948984,0.0017171963492589003
2030,P1,c2st_lr,oracle_target,replace,0.5,-0.00756057396970136,-0.006855414325130679,-0.00855321166023222,0.00066910159000668
2030,P1,c2st_lr,oracle_target,replace,0.75,-0.00942989366161874,-0.01012573739543564,-0.024246466118854483,0.00078703006025192
2030,P1,c2st_lr,oracle_target,replace,1.0,-0.01736036408771196,-0.01706707729739946,,0.00092600152890536
2030,P1,c2st_lr,source_only,append,0.0,0.0016737951650422204,0.00131266662465367,0.0016737951650422204,1.6220644606224078e-05
2030,P1,c2st_lr,source_only,append,0.050332383665717,0.002702381311187,0.00298733858129634,0.00285143588324422,0.00012187403244675999
2030,P1,c2st_lr,source_only,append,0.0999099909990999,-0.0025659306183847394,-0.0026147021511534205,-0.00359232478552862,0.0
2030,P1,c2st_lr,source_only,append,0.2498124531132783,0.00227867177032448,0.00028134050475796013,0.00095800442231762,0.0019973312655665
2030,P1,c2st_lr,source_only,append,0.5,0.00026259908430071997,-0.00070658443092118,-0.00040902328155698,0.00113073236758392
2030,P1,c2st_lr,source_only,append,0.75,-0.00098573295667828,-0.00305989308622414,-0.0006723895585080402,0.00207416012954584
2030,P1,c2st_lr,source_only,replace,0.0,0.0016737951650422204,0.00131266662465367,0.0016737951650422204,1.6220644606224078e-05
2030,P1,c2st_lr,source_only,replace,0.05,0.00237226927366026,0.0015612370433490401,0.00231878498603972,0.0
2030,P1,c2st_lr,source_only,replace,0.1,-0.00173648576446634,-0.0018848827428233198,-0.0020142095038730135,0.00022752742028732
2030,P1,c2st_lr,source_only,replace,0.25,-0.00324248493699428,-0.00495968128625322,-0.00414305950948984,0.0017171963492589003
2030,P1,c2st_lr,source_only,replace,0.5,-0.00756057396970136,-0.006855414325130679,-0.00855321166023222,0.00066910159000668
2030,P1,c2st_lr,source_only,replace,0.75,-0.00942989366161874,-0.01012573739543564,-0.024246466118854483,0.00078703006025192
2030,P1,c2st_lr,source_only,replace,1.0,-0.01736036408771196,-0.01706707729739946,,0.00092600152890536
2030,P1,c2st_lr,target_real_anchor,append,0.0,0.0016737951650422204,0.00143629424030108,0.0016737951650422204,5.4799475021033645e-05
2030,P1,c2st_lr,target_real_anchor,append,0.050332383665717,0.002702381311187,0.0030049840122531,0.00285143588324422,8.669276948328e-05
2030,P1,c2st_lr,target_real_anchor,append,0.0999099909990999,-0.0025659306183847394,-0.00236996769570958,-0.00359232478552862,0.0
2030,P1,c2st_lr,target_real_anchor,append,0.2498124531132783,0.00227867177032448,0.0006517849559001199,0.00095800442231762,0.00162688681442432
2030,P1,c2st_lr,target_real_anchor,append,0.5,0.00026259908430071997,-0.00038491151254771254,-0.00040902328155698,0.00083076004131878
2030,P1,c2st_lr,target_real_anchor,append,0.75,-0.00098573295667828,-0.0018773204152703997,-0.0006723895585080402,0.00111122375447638
2030,P1,c2st_lr,target_real_anchor,replace,0.0,0.0016737951650422204,0.00143629424030108,0.0016737951650422204,5.4799475021033645e-05
2030,P1,c2st_lr,target_real_anchor,replace,0.05,0.00237226927366026,0.0020996966849057197,0.00231878498603972,4.296278841648e-05
2030,P1,c2st_lr,target_real_anchor,replace,0.1,-0.00173648576446634,-0.00163379154827696,-0.0020142095038730135,0.00030139711261561997
2030,P1,c2st_lr,target_real_anchor,replace,0.25,-0.00324248493699428,-0.00453925971389188,-0.00414305950948984,0.00129677477689758
2030,P1,c2st_lr,target_real_anchor,replace,0.5,-0.00756057396970136,-0.00692007770565554,-0.00855321166023222,0.00034830546323358
2030,P1,c2st_lr,target_real_anchor,replace,0.75,-0.00942989366161874,-0.01019259275496138,-0.024246466118854483,0.0008770107982364417
2030,P1,c2st_lr,target_real_anchor,replace,1.0,-0.01736036408771196,-0.017627566327914502,,0.00144221258360346
2030,P1,c2st_xgb,oracle_target,append,0.0,0.0016737951650422204,0.00147980502346778,0.0016737951650422204,0.00026205108955054
2030,P1,c2st_xgb,oracle_target,append,0.050332383665717,0.002702381311187,0.0029650899944377402,0.00285143588324422,0.00037581479969418
2030,P1,c2st_xgb,oracle_target,append,0.0999099909990999,-0.0025659306183847394,-0.00419566700551012,-0.00359232478552862,0.0011708455832992438
2030,P1,c2st_xgb,oracle_target,append,0.2498124531132783,0.00227867177032448,0.0022412985283601,0.00095800442231762,0.0011615296725457599
2030,P1,c2st_xgb,oracle_target,append,0.5,0.00026259908430071997,0.00016341203451269992,-0.00040902328155698,0.0006073973811330799
2030,P1,c2st_xgb,oracle_target,append,0.75,-0.00098573295667828,0.0020960799195543804,-0.0006723895585080402,0.00055884504626442
2030,P1,c2st_xgb,oracle_target,replace,0.0,0.0016737951650422204,0.00147980502346778,0.0016737951650422204,0.00026205108955054
2030,P1,c2st_xgb,oracle_target,replace,0.05,0.00237226927366026,0.00203229333062986,0.00231878498603972,6.236180257392421e-05
2030,P1,c2st_xgb,oracle_target,replace,0.1,-0.00173648576446634,-0.00127693736694008,-0.0020142095038730135,0.0008461038943246999
2030,P1,c2st_xgb,oracle_target,replace,0.25,-0.00324248493699428,-0.005426024818682139,-0.00414305950948984,0.00224162732521016
2030,P1,c2st_xgb,oracle_target,replace,0.5,-0.00756057396970136,-0.00899248425200084,-0.00855321166023222,0.00406436746335962
2030,P1,c2st_xgb,oracle_target,replace,0.75,-0.00942989366161874,-0.0193111157995106,-0.024246466118854483,0.00988122213789186
2030,P1,c2st_xgb,oracle_target,replace,1.0,-0.01736036408771196,-0.03845443560650682,,0.02144160978937824
2030,P1,c2st_xgb,source_only,append,0.0,0.0016737951650422204,0.00147980502346778,0.0016737951650422204,0.00026205108955054
2030,P1,c2st_xgb,source_only,append,0.050332383665717,0.002702381311187,0.0029650899944377402,0.00285143588324422,0.00037581479969418
2030,P1,c2st_xgb,source_only,append,0.0999099909990999,-0.0025659306183847394,-0.00419566700551012,-0.00359232478552862,0.0011708455832992438
2030,P1,c2st_xgb,source_only,append,0.2498124531132783,0.00227867177032448,0.0022412985283601,0.00095800442231762,0.0011615296725457599
2030,P1,c2st_xgb,source_only,append,0.5,0.00026259908430071997,0.00016341203451269992,-0.00040902328155698,0.0006073973811330799
2030,P1,c2st_xgb,source_only,append,0.75,-0.00098573295667828,0.0020960799195543804,-0.0006723895585080402,0.00055884504626442
2030,P1,c2st_xgb,source_only,replace,0.0,0.0016737951650422204,0.00147980502346778,0.0016737951650422204,0.00026205108955054
2030,P1,c2st_xgb,source_only,replace,0.05,0.00237226927366026,0.00203229333062986,0.00231878498603972,6.236180257392421e-05
2030,P1,c2st_xgb,source_only,replace,0.1,-0.00173648576446634,-0.00127693736694008,-0.0020142095038730135,0.0008461038943246999
2030,P1,c2st_xgb,source_only,replace,0.25,-0.00324248493699428,-0.005426024818682139,-0.00414305950948984,0.00224162732521016
2030,P1,c2st_xgb,source_only,replace,0.5,-0.00756057396970136,-0.00899248425200084,-0.00855321166023222,0.00406436746335962
2030,P1,c2st_xgb,source_only,replace,0.75,-0.00942989366161874,-0.0193111157995106,-0.024246466118854483,0.00988122213789186
2030,P1,c2st_xgb,source_only,replace,1.0,-0.01736036408771196,-0.03845443560650682,,0.02144160978937824
2030,P1,c2st_xgb,target_real_anchor,append,0.0,0.0016737951650422204,0.0013896050875831603,0.0016737951650422204,5.6333860321609604e-05
2030,P1,c2st_xgb,target_real_anchor,append,0.050332383665717,0.002702381311187,0.0029940241172489003,0.00285143588324422,0.00035378541073578004
2030,P1,c2st_xgb,target_real_anchor,append,0.0999099909990999,-0.0025659306183847394,-0.0038270857365185996,-0.00359232478552862,0.0007861532686515599
2030,P1,c2st_xgb,target_real_anchor,append,0.2498124531132783,0.00227867177032448,0.0023142914290881,0.00095800442231762,0.00119572454495884
2030,P1,c2st_xgb,target_real_anchor,append,0.5,0.00026259908430071997,0.0004672203240292201,-0.00040902328155698,0.00054678916175988
2030,P1,c2st_xgb,target_real_anchor,append,0.75,-0.00098573295667828,0.0011718319738497202,-0.0006723895585080402,0.00049878482164138
2030,P1,c2st_xgb,target_real_anchor,replace,0.0,0.0016737951650422204,0.0013896050875831603,0.0016737951650422204,5.6333860321609604e-05
2030,P1,c2st_xgb,target_real_anchor,replace,0.05,0.00237226927366026,0.00211350615261102,0.00231878498603972,9.283031068562e-05
2030,P1,c2st_xgb,target_real_anchor,replace,0.1,-0.00173648576446634,-0.00194450457164622,-0.0020142095038730135,0.00045724681957546
2030,P1,c2st_xgb,target_real_anchor,replace,0.25,-0.00324248493699428,-0.00542898399033328,-0.00414305950948984,0.00226935585957082
2030,P1,c2st_xgb,target_real_anchor,replace,0.5,-0.00756057396970136,-0.008990073075099919,-0.00855321166023222,0.004146785873791259
2030,P1,c2st_xgb,target_real_anchor,replace,0.75,-0.00942989366161874,-0.01841382919551618,-0.024246466118854483,0.00898393553389738
2030,P1,c2st_xgb,target_real_anchor,replace,1.0,-0.01736036408771196,-0.03920255803949392,,0.0223592817980804
2030,P1,char3gram,oracle_target,append,0.0,0.0016737951650422204,0.0012409889113261401,0.0016737951650422204,2.4440565859360003e-05
2030,P1,char3gram,oracle_target,append,0.050332383665717,0.002702381311187,0.0032023717212788802,0.00285143588324422,0.0007545887710395655
2030,P1,char3gram,oracle_target,append,0.0999099909990999,-0.0025659306183847394,-0.003717486786476555,-0.00359232478552862,0.00086769488748294
2030,P1,char3gram,oracle_target,append,0.2498124531132783,0.00227867177032448,0.0038043987538599403,0.00095800442231762,0.0
2030,P1,char3gram,oracle_target,append,0.5,0.00026259908430071997,0.00033219441757756,-0.00040902328155698,0.00038776108524875996
2030,P1,char3gram,oracle_target,append,0.75,-0.00098573295667828,0.00246477078749586,-0.0006723895585080402,0.0
2030,P1,char3gram,oracle_target,replace,0.0,0.0016737951650422204,0.0012409889113261401,0.0016737951650422204,2.4440565859360003e-05
2030,P1,char3gram,oracle_target,replace,0.05,0.00237226927366026,0.00315075061580904,0.00231878498603972,0.0008924642501924599
2030,P1,char3gram,oracle_target,replace,0.1,-0.00173648576446634,-0.00062657719739044,-0.0020142095038730135,0.0012547983790315205
2030,P1,char3gram,oracle_target,replace,0.25,-0.00324248493699428,-0.0034983984853424405,-0.00414305950948984,0.00047291946943144004
2030,P1,char3gram,oracle_target,replace,0.5,-0.00756057396970136,-0.00749536259442634,-0.00855321166023222,0.0020109215353716
2030,P1,char3gram,oracle_target,replace,0.75,-0.00942989366161874,-0.00987387900823908,-0.024246466118854483,0.00213422035416896
2030,P1,char3gram,oracle_target,replace,1.0,-0.01736036408771196,-0.030105735587053102,,0.01634361462817186
2030,P1,char3gram,source_only,append,0.0,0.0016737951650422204,0.0012409889113261401,0.0016737951650422204,2.4440565859360003e-05
2030,P1,char3gram,source_only,append,0.050332383665717,0.002702381311187,0.0032023717212788802,0.00285143588324422,0.0007545887710395655
2030,P1,char3gram,source_only,append,0.0999099909990999,-0.0025659306183847394,-0.003717486786476555,-0.00359232478552862,0.00086769488748294
2030,P1,char3gram,source_only,append,0.2498124531132783,0.00227867177032448,0.0038043987538599403,0.00095800442231762,0.0
2030,P1,char3gram,source_only,append,0.5,0.00026259908430071997,0.00033219441757756,-0.00040902328155698,0.00038776108524875996
2030,P1,char3gram,source_only,append,0.75,-0.00098573295667828,0.00246477078749586,-0.0006723895585080402,0.0
2030,P1,char3gram,source_only,replace,0.0,0.0016737951650422204,0.0012409889113261401,0.0016737951650422204,2.4440565859360003e-05
2030,P1,char3gram,source_only,replace,0.05,0.00237226927366026,0.00315075061580904,0.00231878498603972,0.0008924642501924599
2030,P1,char3gram,source_only,replace,0.1,-0.00173648576446634,-0.00062657719739044,-0.0020142095038730135,0.0012547983790315205
2030,P1,char3gram,source_only,replace,0.25,-0.00324248493699428,-0.0034983984853424405,-0.00414305950948984,0.00047291946943144004
2030,P1,char3gram,source_only,replace,0.5,-0.00756057396970136,-0.00749536259442634,-0.00855321166023222,0.0020109215353716
2030,P1,char3gram,source_only,replace,0.75,-0.00942989366161874,-0.00987387900823908,-0.024246466118854483,0.00213422035416896
2030,P1,char3gram,source_only,replace,1.0,-0.01736036408771196,-0.030105735587053102,,0.01634361462817186
2030,P1,char3gram,target_real_anchor,append,0.0,0.0016737951650422204,0.0009199735866529401,0.0016737951650422204,0.0
2030,P1,char3gram,target_real_anchor,append,0.050332383665717,0.002702381311187,0.00341532248121064,0.00285143588324422,0.0007902084298032401
2030,P1,char3gram,target_real_anchor,append,0.0999099909990999,-0.0025659306183847394,-0.0038390320220733068,-0.00359232478552862,0.00094507174621268
2030,P1,char3gram,target_real_anchor,append,0.2498124531132783,0.00227867177032448,0.0035056320160452596,0.00095800442231762,0.0001647272219132
2030,P1,char3gram,target_real_anchor,append,0.5,0.00026259908430071997,0.00055259790611202,-0.00040902328155698,0.00040409132880506
2030,P1,char3gram,target_real_anchor,append,0.75,-0.00098573295667828,0.00276572950431134,-0.0006723895585080402,0.0
2030,P1,char3gram,target_real_anchor,replace,0.0,0.0016737951650422204,0.0009199735866529401,0.0016737951650422204,0.0
2030,P1,char3gram,target_real_anchor,replace,0.05,0.00237226927366026,0.00294865015193144,0.00231878498603972,0.0006798422871108305
2030,P1,char3gram,target_real_anchor,replace,0.1,-0.00173648576446634,-0.00047182347993107997,-0.0020142095038730135,0.00143026629804882
2030,P1,char3gram,target_real_anchor,replace,0.25,-0.00324248493699428,-0.00395345332591708,-0.00414305950948984,0.0008667084969325601
2030,P1,char3gram,target_real_anchor,replace,0.5,-0.00756057396970136,-0.007371186984028761,-0.00855321166023222,0.00217630635098516
2030,P1,char3gram,target_real_anchor,replace,0.75,-0.00942989366161874,-0.01102379119208032,-0.024246466118854483,0.0021879238396895597
2030,P1,char3gram,target_real_anchor,replace,1.0,-0.01736036408771196,-0.031718374537971876,,0.01763195028591624
2030,P1,column_positional_ablation,oracle_target,append,0.0,0.0016737951650422204,0.00034600388528278,0.0016737951650422204,0.0
2030,P1,column_positional_ablation,oracle_target,append,0.050332383665717,0.002702381311187,0.001868442900317,0.00285143588324422,0.00018829099617228
2030,P1,column_positional_ablation,oracle_target,append,0.0999099909990999,-0.0025659306183847394,-0.004400069047338574,-0.00359232478552862,0.00100272079393478
2030,P1,column_positional_ablation,oracle_target,append,0.2498124531132783,0.00227867177032448,0.00147355788331548,0.00095800442231762,0.00152254861398428
2030,P1,column_positional_ablation,oracle_target,append,0.5,0.00026259908430071997,0.000479495406434,-0.00040902328155698,0.00067403354275864
2030,P1,column_positional_ablation,oracle_target,append,0.75,-0.00098573295667828,0.0005959990903287198,-0.0006723895585080402,0.00084095274367268
2030,P1,column_positional_ablation,oracle_target,replace,0.0,0.0016737951650422204,0.00034600388528278,0.0016737951650422204,0.0
2030,P1,column_positional_ablation,oracle_target,replace,0.05,0.00237226927366026,0.00222726986275466,0.00231878498603972,0.00028780684281046003
2030,P1,column_positional_ablation,oracle_target,replace,0.1,-0.00173648576446634,-0.00258927519474366,-0.0020142095038730135,0.00052793814235258
2030,P1,column_positional_ablation,oracle_target,replace,0.25,-0.00324248493699428,-0.00463833716472998,-0.00414305950948984,0.0013958522277357
2030,P1,column_positional_ablation,oracle_target,replace,0.5,-0.00756057396970136,-0.01021758131557092,-0.00855321166023222,0.00416563689319848
2030,P1,column_positional_ablation,oracle_target,replace,0.75,-0.00942989366161874,-0.01581721087111978,-0.024246466118854483,0.00638731720950102
2030,P1,column_positional_ablation,oracle_target,replace,1.0,-0.01736036408771196,-0.061090345154493374,,0.04436499738332506
2030,P1,column_positional_ablation,source_only,append,0.0,0.0016737951650422204,0.00034600388528278,0.0016737951650422204,0.0
2030,P1,column_positional_ablation,source_only,append,0.050332383665717,0.002702381311187,0.001868442900317,0.00285143588324422,0.00018829099617228
2030,P1,column_positional_ablation,source_only,append,0.0999099909990999,-0.0025659306183847394,-0.004400069047338574,-0.00359232478552862,0.00100272079393478
2030,P1,column_positional_ablation,source_only,append,0.2498124531132783,0.00227867177032448,0.00147355788331548,0.00095800442231762,0.00152254861398428
2030,P1,column_positional_ablation,source_only,append,0.5,0.00026259908430071997,0.000479495406434,-0.00040902328155698,0.00067403354275864
2030,P1,column_positional_ablation,source_only,append,0.75,-0.00098573295667828,0.0005959990903287198,-0.0006723895585080402,0.00084095274367268
2030,P1,column_positional_ablation,source_only,replace,0.0,0.0016737951650422204,0.00034600388528278,0.0016737951650422204,0.0
2030,P1,column_positional_ablation,source_only,replace,0.05,0.00237226927366026,0.00222726986275466,0.00231878498603972,0.00028780684281046003
2030,P1,column_positional_ablation,source_only,replace,0.1,-0.00173648576446634,-0.00258927519474366,-0.0020142095038730135,0.00052793814235258
2030,P1,column_positional_ablation,source_only,replace,0.25,-0.00324248493699428,-0.00463833716472998,-0.00414305950948984,0.0013958522277357
2030,P1,column_positional_ablation,source_only,replace,0.5,-0.00756057396970136,-0.01021758131557092,-0.00855321166023222,0.00416563689319848
2030,P1,column_positional_ablation,source_only,replace,0.75,-0.00942989366161874,-0.01581721087111978,-0.024246466118854483,0.00638731720950102
2030,P1,column_positional_ablation,source_only,replace,1.0,-0.01736036408771196,-0.061090345154493374,,0.04436499738332506
2030,P1,column_positional_ablation,target_real_anchor,append,0.0,0.0016737951650422204,0.00096030600026844,0.0016737951650422204,0.0
2030,P1,column_positional_ablation,target_real_anchor,append,0.050332383665717,0.002702381311187,0.00249534889455758,0.00285143588324422,0.00027575095830576
2030,P1,column_positional_ablation,target_real_anchor,append,0.0999099909990999,-0.0025659306183847394,-0.004450922960158023,-0.00359232478552862,0.00087339403288508
2030,P1,column_positional_ablation,target_real_anchor,append,0.2498124531132783,0.00227867177032448,0.00171588116185846,0.00095800442231762,0.0014541588691580599
2030,P1,column_positional_ablation,target_real_anchor,append,0.5,0.00026259908430071997,0.0004530820594738401,-0.00040902328155698,0.00045461644477443996
2030,P1,column_positional_ablation,target_real_anchor,append,0.75,-0.00098573295667828,-0.00041559921855943997,-0.0006723895585080402,0.0011710647811993598
2030,P1,column_positional_ablation,target_real_anchor,replace,0.0,0.0016737951650422204,0.00096030600026844,0.0016737951650422204,0.0
2030,P1,column_positional_ablation,target_real_anchor,replace,0.05,0.00237226927366026,0.0027042444933377797,0.00231878498603972,0.00053528127200544
2030,P1,column_positional_ablation,target_real_anchor,replace,0.1,-0.00173648576446634,-0.0024276167434316197,-0.0020142095038730135,0.00049494885838994
2030,P1,column_positional_ablation,target_real_anchor,replace,0.25,-0.00324248493699428,-0.0043030739765513,-0.00414305950948984,0.00106058903955702
2030,P1,column_positional_ablation,target_real_anchor,replace,0.5,-0.00756057396970136,-0.00970520622412434,-0.00855321166023222,0.0036954573975180997
2030,P1,column_positional_ablation,target_real_anchor,replace,0.75,-0.00942989366161874,-0.01609537300632652,-0.024246466118854483,0.006665479344707739
2030,P1,column_positional_ablation,target_real_anchor,replace,1.0,-0.01736036408771196,-0.060334879591853394,,0.04297451550414142
2030,P1,datum_transformer,oracle_target,append,0.0,0.0016737951650422204,0.00116810560954822,0.0016737951650422204,4.701794956808e-05
2030,P1,datum_transformer,oracle_target,append,0.050332383665717,0.002702381311187,0.0015912671556607201,0.00285143588324422,0.00022051308748463998
2030,P1,datum_transformer,oracle_target,append,0.0999099909990999,-0.0025659306183847394,-0.00419161184435844,-0.00359232478552862,0.00104217641594986
2030,P1,datum_transformer,oracle_target,append,0.2498124531132783,0.00227867177032448,0.0010277093545443372,0.00095800442231762,0.00162085887217204
2030,P1,datum_transformer,oracle_target,append,0.5,0.00026259908430071997,0.0007754125715474801,-0.00040902328155698,0.00014938336890734
2030,P1,datum_transformer,oracle_target,append,0.75,-0.00098573295667828,0.0006891581978644802,-0.0006723895585080402,0.00032627607427518
2030,P1,datum_transformer,oracle_target,replace,0.0,0.0016737951650422204,0.00116810560954822,0.0016737951650422204,4.701794956808e-05
2030,P1,datum_transformer,oracle_target,replace,0.05,0.00237226927366026,0.0032647335238527196,0.00231878498603972,0.0008924642501923801
2030,P1,datum_transformer,oracle_target,replace,0.1,-0.00173648576446634,-0.0019894401411635,-0.0020142095038730135,0.0004850849528861
2030,P1,datum_transformer,oracle_target,replace,0.25,-0.00324248493699428,-0.0042619743702855,-0.00414305950948984,0.00101948943329118
2030,P1,datum_transformer,oracle_target,replace,0.5,-0.00756057396970136,-0.00955680924576744,-0.00855321166023222,0.00362103971043954
2030,P1,datum_transformer,oracle_target,replace,0.75,-0.00942989366161874,-0.0141300446341724,-0.024246466118854483,0.00502478306257818
2030,P1,datum_transformer,oracle_target,replace,1.0,-0.01736036408771196,-0.04445717010031048,,0.02824112864998758
2030,P1,datum_transformer,source_only,append,0.0,0.0016737951650422204,0.00116810560954822,0.0016737951650422204,4.701794956808e-05
2030,P1,datum_transformer,source_only,append,0.050332383665717,0.002702381311187,0.0015912671556607201,0.00285143588324422,0.00022051308748463998
2030,P1,datum_transformer,source_only,append,0.0999099909990999,-0.0025659306183847394,-0.00419161184435844,-0.00359232478552862,0.00104217641594986
2030,P1,datum_transformer,source_only,append,0.2498124531132783,0.00227867177032448,0.0010277093545443372,0.00095800442231762,0.00162085887217204
2030,P1,datum_transformer,source_only,append,0.5,0.00026259908430071997,0.0007754125715474801,-0.00040902328155698,0.00014938336890734
2030,P1,datum_transformer,source_only,append,0.75,-0.00098573295667828,0.0006891581978644802,-0.0006723895585080402,0.00032627607427518
2030,P1,datum_transformer,source_only,replace,0.0,0.0016737951650422204,0.00116810560954822,0.0016737951650422204,4.701794956808e-05
2030,P1,datum_transformer,source_only,replace,0.05,0.00237226927366026,0.0032647335238527196,0.00231878498603972,0.0008924642501923801
2030,P1,datum_transformer,source_only,replace,0.1,-0.00173648576446634,-0.0019894401411635,-0.0020142095038730135,0.0004850849528861
2030,P1,datum_transformer,source_only,replace,0.25,-0.00324248493699428,-0.0042619743702855,-0.00414305950948984,0.00101948943329118
2030,P1,datum_transformer,source_only,replace,0.5,-0.00756057396970136,-0.00955680924576744,-0.00855321166023222,0.00362103971043954
2030,P1,datum_transformer,source_only,replace,0.75,-0.00942989366161874,-0.0141300446341724,-0.024246466118854483,0.00502478306257818
2030,P1,datum_transformer,source_only,replace,1.0,-0.01736036408771196,-0.04445717010031048,,0.02824112864998758
2030,P1,datum_transformer,target_real_anchor,append,0.0,0.0016737951650422204,0.00146807793581334,0.0016737951650422204,0.00014565700460594642
2030,P1,datum_transformer,target_real_anchor,append,0.050332383665717,0.002702381311187,0.00286151898664808,0.00285143588324422,0.0004968120405406
2030,P1,datum_transformer,target_real_anchor,append,0.0999099909990999,-0.0025659306183847394,-0.003926820781056941,-0.00359232478552862,0.0007048308477204601
2030,P1,datum_transformer,target_real_anchor,append,0.2498124531132783,0.00227867177032448,0.0006396194724454399,0.00095800442231762,0.0021656752528311
2030,P1,datum_transformer,target_real_anchor,append,0.5,0.00026259908430071997,0.00028440927535910006,-0.00040902328155698,0.00024396726279365377
2030,P1,datum_transformer,target_real_anchor,append,0.75,-0.00098573295667828,-0.00047763222428328,-0.0006723895585080402,0.00080642907440946
2030,P1,datum_transformer,target_real_anchor,replace,0.0,0.0016737951650422204,0.00146807793581334,0.0016737951650422204,0.00014565700460594642
2030,P1,datum_transformer,target_real_anchor,replace,0.05,0.00237226927366026,0.0027348226003995196,0.00231878498603972,0.0005666265717174747
2030,P1,datum_transformer,target_real_anchor,replace,0.1,-0.00173648576446634,-0.00198176821466052,-0.0020142095038730135,0.00038524030939780004
2030,P1,datum_transformer,target_real_anchor,replace,0.25,-0.00324248493699428,-0.00460808785451836,-0.00414305950948984,0.0013656029175240802
2030,P1,datum_transformer,target_real_anchor,replace,0.5,-0.00756057396970136,-0.01002216638764602,-0.00855321166023222,0.00387026772283514
2030,P1,datum_transformer,target_real_anchor,replace,0.75,-0.00942989366161874,-0.01400882819542588,-0.024246466118854483,0.00542098326698026
2030,P1,datum_transformer,target_real_anchor,replace,1.0,-0.01736036408771196,-0.04705510361210736,,0.03016897418122732
2030,P1,flat_transformer,oracle_target,append,0.0,0.0016737951650422204,0.0009392630018603002,0.0016737951650422204,0.00017338553896654
2030,P1,flat_transformer,oracle_target,append,0.050332383665717,0.002702381311187,0.0025888367989434003,0.00285143588324422,0.00015113695210800746
2030,P1,flat_transformer,oracle_target,append,0.0999099909990999,-0.0025659306183847394,-0.00420859968161504,-0.00359232478552862,0.00062274123413894
2030,P1,flat_transformer,oracle_target,append,0.2498124531132783,0.00227867177032448,0.00222014593100196,0.00095800442231762,0.00071765392487538
2030,P1,flat_transformer,oracle_target,append,0.5,0.00026259908430071997,1.8631821507119955e-05,-0.00040902328155698,0.0003385511566799
2030,P1,flat_transformer,oracle_target,append,0.75,-0.00098573295667828,0.0004398205865188201,-0.0006723895585080402,0.00027706614570628
2030,P1,flat_transformer,oracle_target,replace,0.0,0.0016737951650422204,0.0009392630018603002,0.0016737951650422204,0.00017338553896654
2030,P1,flat_transformer,oracle_target,replace,0.05,0.00237226927366026,0.002071639353695,0.00231878498603972,0.00031290500237010854
2030,P1,flat_transformer,oracle_target,replace,0.1,-0.00173648576446634,-0.0022339553987073,-0.0020142095038730135,0.00016264484186238
2030,P1,flat_transformer,oracle_target,replace,0.25,-0.00324248493699428,-0.00448259705672014,-0.00414305950948984,0.00124011211972584
2030,P1,flat_transformer,oracle_target,replace,0.5,-0.00756057396970136,-0.0115141368945685,-0.00855321166023222,0.00436795655497612
2030,P1,flat_transformer,oracle_target,replace,0.75,-0.00942989366161874,-0.013765956922132661,-0.024246466118854483,0.004336063260513901
2030,P1,flat_transformer,oracle_target,replace,1.0,-0.01736036408771196,-0.02644304827559744,,0.0101653026164009
2030,P1,flat_transformer,source_only,append,0.0,0.0016737951650422204,0.0009392630018603002,0.0016737951650422204,0.00017338553896654
2030,P1,flat_transformer,source_only,append,0.050332383665717,0.002702381311187,0.0025888367989434003,0.00285143588324422,0.00015113695210800746
2030,P1,flat_transformer,source_only,append,0.0999099909990999,-0.0025659306183847394,-0.00420859968161504,-0.00359232478552862,0.00062274123413894
2030,P1,flat_transformer,source_only,append,0.2498124531132783,0.00227867177032448,0.00222014593100196,0.00095800442231762,0.00071765392487538
2030,P1,flat_transformer,source_only,append,0.5,0.00026259908430071997,1.8631821507119955e-05,-0.00040902328155698,0.0003385511566799
2030,P1,flat_transformer,source_only,append,0.75,-0.00098573295667828,0.0004398205865188201,-0.0006723895585080402,0.00027706614570628
2030,P1,flat_transformer,source_only,replace,0.0,0.0016737951650422204,0.0009392630018603002,0.0016737951650422204,0.00017338553896654
2030,P1,flat_transformer,source_only,replace,0.05,0.00237226927366026,0.002071639353695,0.00231878498603972,0.00031290500237010854
2030,P1,flat_transformer,source_only,replace,0.1,-0.00173648576446634,-0.0022339553987073,-0.0020142095038730135,0.00016264484186238
2030,P1,flat_transformer,source_only,replace,0.25,-0.00324248493699428,-0.00448259705672014,-0.00414305950948984,0.00124011211972584
2030,P1,flat_transformer,source_only,replace,0.5,-0.00756057396970136,-0.0115141368945685,-0.00855321166023222,0.00436795655497612
2030,P1,flat_transformer,source_only,replace,0.75,-0.00942989366161874,-0.013765956922132661,-0.024246466118854483,0.004336063260513901
2030,P1,flat_transformer,source_only,replace,1.0,-0.01736036408771196,-0.02644304827559744,,0.0101653026164009
2030,P1,flat_transformer,target_real_anchor,append,0.0,0.0016737951650422204,0.00095493565171642,0.0016737951650422204,0.00019563412582508
2030,P1,flat_transformer,target_real_anchor,append,0.050332383665717,0.002702381311187,0.0026993125405858,0.00285143588324422,0.00021415634838218
2030,P1,flat_transformer,target_real_anchor,append,0.0999099909990999,-0.0025659306183847394,-0.0045909904183118,-0.00359232478552862,0.00099208969578064
2030,P1,flat_transformer,target_real_anchor,append,0.2498124531132783,0.00227867177032448,0.0015784440785056998,0.00095800442231762,0.00132932566506016
2030,P1,flat_transformer,target_real_anchor,append,0.5,0.00026259908430071997,-0.00013656029175245247,-0.00040902328155698,0.00062416602048954
2030,P1,flat_transformer,target_real_anchor,append,0.75,-0.00098573295667828,0.0004162568122598201,-0.0006723895585080402,0.00023837771634142887
2030,P1,flat_transformer,target_real_anchor,replace,0.0,0.0016737951650422204,0.00095493565171642,0.0016737951650422204,0.00019563412582508
2030,P1,flat_transformer,target_real_anchor,replace,0.05,0.00237226927366026,0.00133228483671122,0.00231878498603972,0.00031213780971976
2030,P1,flat_transformer,target_real_anchor,replace,0.1,-0.00173648576446634,-0.00217597755413512,-0.0020142095038730135,0.00015278093635864
2030,P1,flat_transformer,target_real_anchor,replace,0.25,-0.00324248493699428,-0.00453608134434074,-0.00414305950948984,0.00129359640734644
2030,P1,flat_transformer,target_real_anchor,replace,0.5,-0.00756057396970136,-0.01123772834256242,-0.00855321166023222,0.00428345576449366
2030,P1,flat_transformer,target_real_anchor,replace,0.75,-0.00942989366161874,-0.0134381464625568,-0.024246466118854483,0.00400825280093802
2030,P1,flat_transformer,target_real_anchor,replace,1.0,-0.01736036408771196,-0.02429337446947252,,0.00802867108533098
2030,P2,c2st_lr,oracle_target,append,0.0,0.0016737951650422204,0.00158655440080872,0.0016737951650422204,0.00052706135075224
2030,P2,c2st_lr,oracle_target,append,0.050332383665717,0.00303808289516586,0.0040907808103198395,0.00285143588324422,0.0006556209191516
2030,P2,c2st_lr,oracle_target,append,0.0999099909990999,-0.0013352440083624,0.00016571361246356004,-0.00359232478552862,0.00126729265933632
2030,P2,c2st_lr,oracle_target,append,0.2498124531132783,0.0020259365915274398,0.001951738102349,0.00095800442231762,0.0002587631210492503
2030,P2,c2st_lr,oracle_target,append,0.5,0.0007970035647058199,0.0005324316993042999,-0.00040902328155698,0.0005118270966963601
2030,P2,c2st_lr,oracle_target,append,0.75,-0.0014229231683960202,-0.0010304493282954,-0.0006723895585080402,2.411176900926e-05
2030,P2,c2st_lr,oracle_target,replace,0.0,0.0016737951650422204,0.00158655440080872,0.0016737951650422204,0.00052706135075224
2030,P2,c2st_lr,oracle_target,replace,0.05,0.0026419922897138203,0.00277416862346446,0.00231878498603972,0.00056169461896554
2030,P2,c2st_lr,oracle_target,replace,0.1,-0.0012314538026725202,-0.00240887532297438,-0.0020142095038730135,0.00116799601059822
2030,P2,c2st_lr,oracle_target,replace,0.25,-0.0021097797883096203,-0.00253590050607318,-0.00414305950948984,0.0007301482051801799
2030,P2,c2st_lr,oracle_target,replace,0.5,-0.0033080251091195,-0.00415522499294454,-0.00855321166023222,0.00109379752141968
2030,P2,c2st_lr,oracle_target,replace,0.75,-0.007974638802960206,-0.0067612688270445795,-0.024246466118854483,0.00016626160721376
2030,P2,c2st_lr,oracle_target,replace,1.0,-0.010402255546391839,-0.01001383686744286,,0.0007362857463825399
2030,P2,c2st_lr,source_only,append,0.0,0.0016737951650422204,0.00131266662465367,0.0016737951650422204,1.6220644606224078e-05
2030,P2,c2st_lr,source_only,append,0.050332383665717,0.00303808289516586,0.00254883318217814,0.00285143588324422,6.466338052482e-05
2030,P2,c2st_lr,source_only,append,0.0999099909990999,-0.0013352440083624,-0.00150501278197764,-0.00359232478552862,0.00010817416369147999
2030,P2,c2st_lr,source_only,append,0.2498124531132783,0.0020259365915274398,0.0014223751736458401,0.00095800442231762,6.54305731751e-05
2030,P2,c2st_lr,source_only,append,0.5,0.0007970035647058199,4.7675543268320006e-05,-0.00040902328155698,0.00015058895735782
2030,P2,c2st_lr,source_only,append,0.75,-0.0014229231683960202,-0.001584472020758,-0.0006723895585080402,4.3510783166661495e-05
2030,P2,c2st_lr,source_only,replace,0.0,0.0016737951650422204,0.00131266662465367,0.0016737951650422204,1.6220644606224078e-05
2030,P2,c2st_lr,source_only,replace,0.05,0.0026419922897138203,0.002382023580214,0.00231878498603972,6.740335427585264e-05
2030,P2,c2st_lr,source_only,replace,0.1,-0.0012314538026725202,-0.00114114426783792,-0.0020142095038730135,0.0002365145341907
2030,P2,c2st_lr,source_only,replace,0.25,-0.0021097797883096203,-0.0026429786802642198,-0.00414305950948984,0.00015771288911053063
2030,P2,c2st_lr,source_only,replace,0.5,-0.0033080251091195,-0.00362761564744206,-0.00855321166023222,0.0001193532565958171
2030,P2,c2st_lr,source_only,replace,0.75,-0.007974638802960206,-0.00837577096011422,-0.024246466118854483,0.00017623511166761966
2030,P2,c2st_lr,source_only,replace,1.0,-0.010402255546391839,-0.0101663986059013,,0.00027344938035492
2030,P2,c2st_lr,target_real_anchor,append,0.0,0.0016737951650422204,0.00143629424030108,0.0016737951650422204,5.4799475021033645e-05
2030,P2,c2st_lr,target_real_anchor,append,0.050332383665717,0.00303808289516586,0.00261525014590358,0.00285143588324422,0.0
2030,P2,c2st_lr,target_real_anchor,append,0.0999099909990999,-0.0013352440083624,-0.00113226675288454,-0.00359232478552862,0.0003694580605917605
2030,P2,c2st_lr,target_real_anchor,append,0.2498124531132783,0.0020259365915274398,0.00121600035071664,0.00095800442231762,4.679875166792e-05
2030,P2,c2st_lr,target_real_anchor,append,0.5,0.0007970035647058199,0.00053078771505374,-0.00040902328155698,0.00016648080511392
2030,P2,c2st_lr,target_real_anchor,append,0.75,-0.0014229231683960202,-0.00177539339173126,-0.0006723895585080402,2.038540470786e-05
2030,P2,c2st_lr,target_real_anchor,replace,0.0,0.0016737951650422204,0.00143629424030108,0.0016737951650422204,5.4799475021033645e-05
2030,P2,c2st_lr,target_real_anchor,replace,0.05,0.0026419922897138203,0.00256001227508242,0.00231878498603972,7.650006712932226e-05
2030,P2,c2st_lr,target_real_anchor,replace,0.1,-0.0012314538026725202,-0.0011422402573383998,-0.0020142095038730135,0.0001685631851646
2030,P2,c2st_lr,target_real_anchor,replace,0.25,-0.0021097797883096203,-0.00208194165499892,-0.00414305950948984,0.00019683971427551997
2030,P2,c2st_lr,target_real_anchor,replace,0.5,-0.0033080251091195,-0.0036712360295588207,-0.00855321166023222,0.0
2030,P2,c2st_lr,target_real_anchor,replace,0.75,-0.007974638802960206,-0.00841840495168054,-0.024246466118854483,5.951222987281999e-05
2030,P2,c2st_lr,target_real_anchor,replace,1.0,-0.010402255546391839,-0.01019379834341192,,0.00025262557984690533
2030,P2,c2st_xgb,oracle_target,append,0.0,0.0016737951650422204,0.00147980502346778,0.0016737951650422204,0.00026205108955054
2030,P2,c2st_xgb,oracle_target,append,0.050332383665717,0.00303808289516586,0.0025717393627368197,0.00285143588324422,0.00014598580145598
2030,P2,c2st_xgb,oracle_target,append,0.0999099909990999,-0.0013352440083624,-0.0031814383218209,-0.00359232478552862,0.0018525510525608802
2030,P2,c2st_xgb,oracle_target,append,0.2498124531132783,0.0020259365915274398,0.0029491981466817996,0.00095800442231762,0.0005219102001002302
2030,P2,c2st_xgb,oracle_target,append,0.5,0.0007970035647058199,0.0026290596136088603,-0.00040902328155698,7.858244718014e-05
2030,P2,c2st_xgb,oracle_target,append,0.75,-0.0014229231683960202,0.004084752868067502,-0.0006723895585080402,0.0
2030,P2,c2st_xgb,oracle_target,replace,0.0,0.0016737951650422204,0.00147980502346778,0.0016737951650422204,0.00026205108955054
2030,P2,c2st_xgb,oracle_target,replace,0.05,0.0026419922897138203,0.00211098537676004,0.00231878498603972,0.00012625799044844
2030,P2,c2st_xgb,oracle_target,replace,0.1,-0.0012314538026725202,-0.0012400025207758999,-0.0020142095038730135,0.0006418114514463
2030,P2,c2st_xgb,oracle_target,replace,0.25,-0.0021097797883096203,-0.0034022802061555403,-0.00414305950948984,0.00175719996602424
2030,P2,c2st_xgb,oracle_target,replace,0.5,-0.0033080251091195,-0.00295456849523378,-0.00855321166023222,0.00072751783037914
2030,P2,c2st_xgb,oracle_target,replace,0.75,-0.007974638802960206,-0.0078028972482443604,-0.024246466118854483,0.0008285680623180001
2030,P2,c2st_xgb,oracle_target,replace,1.0,-0.010402255546391839,-0.008724843615998141,,0.0011963821386591
2030,P2,c2st_xgb,source_only,append,0.0,0.0016737951650422204,0.00147980502346778,0.0016737951650422204,0.00026205108955054
2030,P2,c2st_xgb,source_only,append,0.050332383665717,0.00303808289516586,0.0025717393627368197,0.00285143588324422,0.00014598580145598
2030,P2,c2st_xgb,source_only,append,0.0999099909990999,-0.0013352440083624,-0.0031814383218209,-0.00359232478552862,6.356739102431064e-06
2030,P2,c2st_xgb,source_only,append,0.2498124531132783,0.0020259365915274398,0.0029491981466817996,0.00095800442231762,0.0005219102001002302
2030,P2,c2st_xgb,source_only,append,0.5,0.0007970035647058199,0.0026290596136088603,-0.00040902328155698,7.858244718014e-05
2030,P2,c2st_xgb,source_only,append,0.75,-0.0014229231683960202,0.004084752868067502,-0.0006723895585080402,0.0
2030,P2,c2st_xgb,source_only,replace,0.0,0.0016737951650422204,0.00147980502346778,0.0016737951650422204,0.00026205108955054
2030,P2,c2st_xgb,source_only,replace,0.05,0.0026419922897138203,0.00211098537676004,0.00231878498603972,0.00012625799044844
2030,P2,c2st_xgb,source_only,replace,0.1,-0.0012314538026725202,-0.0012400025207758999,-0.0020142095038730135,0.00057879205517206
2030,P2,c2st_xgb,source_only,replace,0.25,-0.0021097797883096203,-0.0034022802061555403,-0.00414305950948984,0.00175719996602424
2030,P2,c2st_xgb,source_only,replace,0.5,-0.0033080251091195,-0.00295456849523378,-0.00855321166023222,0.00072751783037914
2030,P2,c2st_xgb,source_only,replace,0.75,-0.007974638802960206,-0.0078028972482443604,-0.024246466118854483,0.0008285680623180001
2030,P2,c2st_xgb,source_only,replace,1.0,-0.010402255546391839,-0.008724843615998141,,0.0011963821386591
2030,P2,c2st_xgb,target_real_anchor,append,0.0,0.0016737951650422204,0.0013896050875831603,0.0016737951650422204,5.6333860321609604e-05
2030,P2,c2st_xgb,target_real_anchor,append,0.050332383665717,0.00303808289516586,0.00258697361679276,0.00285143588324422,0.00013064194845012
2030,P2,c2st_xgb,target_real_anchor,append,0.0999099909990999,-0.0013352440083624,-0.0029403206317283404,-0.00359232478552862,8.800795688376157e-05
2030,P2,c2st_xgb,target_real_anchor,append,0.2498124531132783,0.0020259365915274398,0.00314713385045772,0.00095800442231762,0.00046305556392768
2030,P2,c2st_xgb,target_real_anchor,append,0.5,0.0007970035647058199,0.00259683752229648,-0.00040902328155698,7.48560828787e-05
2030,P2,c2st_xgb,target_real_anchor,append,0.75,-0.0014229231683960202,0.003855252666679398,-0.0006723895585080402,0.0
2030,P2,c2st_xgb,target_real_anchor,replace,0.0,0.0016737951650422204,0.0013896050875831603,0.0016737951650422204,5.6333860321609604e-05
2030,P2,c2st_xgb,target_real_anchor,replace,0.05,0.0026419922897138203,0.00221981713415178,0.00231878498603972,0.00019870289642622002
2030,P2,c2st_xgb,target_real_anchor,replace,0.1,-0.0012314538026725202,-0.00160726860236678,-0.0020142095038730135,0.00049571605104022
2030,P2,c2st_xgb,target_real_anchor,replace,0.25,-0.0021097797883096203,-0.00342354240246374,-0.00414305950948984,0.00184772869875902
2030,P2,c2st_xgb,target_real_anchor,replace,0.5,-0.0033080251091195,-0.00299906566895094,-0.00855321166023222,0.0007414368970345
2030,P2,c2st_xgb,target_real_anchor,replace,0.75,-0.007974638802960206,-0.008047083708938101,-0.024246466118854483,0.00121764433496726
2030,P2,c2st_xgb,target_real_anchor,replace,1.0,-0.010402255546391839,-0.00849205544610886,,0.00106036984165688
2030,P2,char3gram,oracle_target,append,0.0,0.0016737951650422204,0.0012409889113261401,0.0016737951650422204,2.4440565859360003e-05
2030,P2,char3gram,oracle_target,append,0.050332383665717,0.00303808289516586,0.0029474445634809403,0.00285143588324422,0.00033887995352996
2030,P2,char3gram,oracle_target,append,0.0999099909990999,-0.0013352440083624,-0.00285351826329506,-0.00359232478552862,0.00125435998323134
2030,P2,char3gram,oracle_target,append,0.2498124531132783,0.0020259365915274398,0.0049390766836453605,0.00095800442231762,0.0
2030,P2,char3gram,oracle_target,append,0.5,0.0007970035647058199,0.00199711206766636,-0.00040902328155698,7.529447867888e-05
2030,P2,char3gram,oracle_target,append,0.75,-0.0014229231683960202,0.0014150320439930799,-0.0006723895585080402,0.0
2030,P2,char3gram,oracle_target,replace,0.0,0.0016737951650422204,0.0012409889113261401,0.0016737951650422204,2.4440565859360003e-05
2030,P2,char3gram,oracle_target,replace,0.05,0.0026419922897138203,0.0031555729696109204,0.00231878498603972,0.0005357196678055801
2030,P2,char3gram,oracle_target,replace,0.1,-0.0012314538026725202,-0.00035323741598562,-0.0020142095038730135,0.00106223302380756
2030,P2,char3gram,oracle_target,replace,0.25,-0.0021097797883096203,-0.0027023813111870403,-0.00414305950948984,0.0006768831154596999
2030,P2,char3gram,oracle_target,replace,0.5,-0.0033080251091195,-0.00218627985543896,-0.00855321166023222,0.00035981335298808
2030,P2,char3gram,oracle_target,replace,0.75,-0.007974638802960206,-0.0078263514235533,-0.024246466118854483,0.00107746727786348
2030,P2,char3gram,oracle_target,replace,1.0,-0.010402255546391839,-0.01049442826337718,,0.0009507708916148517
2030,P2,char3gram,source_only,append,0.0,0.0016737951650422204,0.0012409889113261401,0.0016737951650422204,2.4440565859360003e-05
2030,P2,char3gram,source_only,append,0.050332383665717,0.00303808289516586,0.0029348406842260996,0.00285143588324422,0.00032627607427512795
2030,P2,char3gram,source_only,append,0.0999099909990999,-0.0013352440083624,-0.00287806842810454,-0.00359232478552862,0.00050283998279294
2030,P2,char3gram,source_only,append,0.2498124531132783,0.0020259365915274398,0.0049390766836453605,0.00095800442231762,0.0
2030,P2,char3gram,source_only,append,0.5,0.0007970035647058199,0.0020011672288179202,-0.00040902328155698,7.529447867888e-05
2030,P2,char3gram,source_only,append,0.75,-0.0014229231683960202,0.00139749621198636,-0.0006723895585080402,0.0
2030,P2,char3gram,source_only,replace,0.0,0.0016737951650422204,0.0012409889113261401,0.0016737951650422204,2.4440565859360003e-05
2030,P2,char3gram,source_only,replace,0.05,0.0026419922897138203,0.0031555729696109204,0.00231878498603972,0.0005357196678055801
2030,P2,char3gram,source_only,replace,0.1,-0.0012314538026725202,-0.00035323741598562,-0.0020142095038730135,0.0012368241512245
2030,P2,char3gram,source_only,replace,0.25,-0.0021097797883096203,-0.0027023813111870403,-0.00414305950948984,0.0006768831154596999
2030,P2,char3gram,source_only,replace,0.5,-0.0033080251091195,-0.00218627985543896,-0.00855321166023222,0.00035981335298808
2030,P2,char3gram,source_only,replace,0.75,-0.007974638802960206,-0.007782731041436499,-0.024246466118854483,0.00105784906580592
2030,P2,char3gram,source_only,replace,1.0,-0.010402255546391839,-0.01049442826337718,,0.0009507708916148517
2030,P2,char3gram,target_real_anchor,append,0.0,0.0016737951650422204,0.0009199735866529401,0.0016737951650422204,0.0
2030,P2,char3gram,target_real_anchor,append,0.050332383665717,0.00303808289516586,0.003158532141262,0.00285143588324422,0.0003682524721413
2030,P2,char3gram,target_real_anchor,append,0.0999099909990999,-0.0013352440083624,-0.0030196702715589003,-0.00359232478552862,0.00053067811610362
2030,P2,char3gram,target_real_anchor,append,0.2498124531132783,0.0020259365915274398,0.0047518816769735,0.00095800442231762,0.0
2030,P2,char3gram,target_real_anchor,append,0.5,0.0007970035647058199,0.0019279551301898598,-0.00040902328155698,5.874503722248e-05
2030,P2,char3gram,target_real_anchor,append,0.75,-0.0014229231683960202,0.00176574868412756,-0.0006723895585080402,0.0
2030,P2,char3gram,target_real_anchor,replace,0.0,0.0016737951650422204,0.0009199735866529401,0.0016737951650422204,0.0
2030,P2,char3gram,target_real_anchor,replace,0.05,0.0026419922897138203,0.0028034315431257604,0.00231878498603972,0.00032945444382636864
2030,P2,char3gram,target_real_anchor,replace,0.1,-0.0012314538026725202,-0.0002539407672475201,-0.0020142095038730135,0.00141448404924272
2030,P2,char3gram,target_real_anchor,replace,0.25,-0.0021097797883096203,-0.0027339458087991602,-0.00414305950948984,0.00073124419468058
2030,P2,char3gram,target_real_anchor,replace,0.5,-0.0033080251091195,-0.0017730918137804801,-0.00855321166023222,6.334819312432132e-05
2030,P2,char3gram,target_real_anchor,replace,0.75,-0.007974638802960206,-0.0085531020612822,-0.024246466118854483,0.00132384571755802
2030,P2,char3gram,target_real_anchor,replace,1.0,-0.010402255546391839,-0.0105064841478818,,0.0008102650376609
2030,P2,column_positional_ablation,oracle_target,append,0.0,0.0016737951650422204,0.0006167132918866421,0.0016737951650422204,1.0192702353895023e-05
2030,P2,column_positional_ablation,oracle_target,append,0.050332383665717,0.00303808289516586,0.0023953946521191602,0.00285143588324422,0.00018390703817054
2030,P2,column_positional_ablation,oracle_target,append,0.0999099909990999,-0.0013352440083624,-0.00342343280351382,-0.00359232478552862,0.00080314110590822
2030,P2,column_positional_ablation,oracle_target,append,0.2498124531132783,0.0020259365915274398,0.00358903681702724,0.00095800442231762,6.48825784249e-05
2030,P2,column_positional_ablation,oracle_target,append,0.5,0.0007970035647058199,0.00224129852836004,-0.00040902328155698,0.0
2030,P2,column_positional_ablation,oracle_target,append,0.75,-0.0014229231683960202,0.0030688802001276596,-0.0006723895585080402,0.0
2030,P2,column_positional_ablation,oracle_target,replace,0.0,0.0016737951650422204,0.0006167132918866421,0.0016737951650422204,1.0192702353895023e-05
2030,P2,column_positional_ablation,oracle_target,replace,0.05,0.0026419922897138203,0.0034634364202791,0.00231878498603972,0.0009642515624700001
2030,P2,column_positional_ablation,oracle_target,replace,0.1,-0.0012314538026725202,-0.001618886091071257,-0.0020142095038730135,0.00023530894574032
2030,P2,column_positional_ablation,oracle_target,replace,0.25,-0.0021097797883096203,-0.0026176613228044597,-0.00414305950948984,0.0017307866190641441
2030,P2,column_positional_ablation,oracle_target,replace,0.5,-0.0033080251091195,-0.0019448333684962999,-0.00855321166023222,0.00067238955850802
2030,P2,column_positional_ablation,oracle_target,replace,0.75,-0.007974638802960206,-0.00986105593108422,-0.024246466118854483,0.0028798220113051597
2030,P2,column_positional_ablation,oracle_target,replace,1.0,-0.010402255546391839,-0.01146613255445018,,0.0032208939438360404
2030,P2,column_positional_ablation,source_only,append,0.0,0.0016737951650422204,0.0006167132918866421,0.0016737951650422204,1.0192702353895023e-05
2030,P2,column_positional_ablation,source_only,append,0.050332383665717,0.00303808289516586,0.0023953946521191602,0.00285143588324422,0.00018390703817054
2030,P2,column_positional_ablation,source_only,append,0.0999099909990999,-0.0013352440083624,-0.00342343280351382,-0.00359232478552862,0.00026183189165044
2030,P2,column_positional_ablation,source_only,append,0.2498124531132783,0.0020259365915274398,0.00358903681702724,0.00095800442231762,6.48825784249e-05
2030,P2,column_positional_ablation,source_only,append,0.5,0.0007970035647058199,0.00224129852836004,-0.00040902328155698,0.0
2030,P2,column_positional_ablation,source_only,append,0.75,-0.0014229231683960202,0.0030688802001276596,-0.0006723895585080402,0.0
2030,P2,column_positional_ablation,source_only,replace,0.0,0.0016737951650422204,0.0006167132918866421,0.0016737951650422204,1.0192702353895023e-05
2030,P2,column_positional_ablation,source_only,replace,0.05,0.0026419922897138203,0.0034634364202791,0.00231878498603972,0.0009642515624700001
2030,P2,column_positional_ablation,source_only,replace,0.1,-0.0012314538026725202,-0.001618886091071257,-0.0020142095038730135,0.00030884984121848
2030,P2,column_positional_ablation,source_only,replace,0.25,-0.0021097797883096203,-0.0026176613228044597,-0.00414305950948984,0.0017307866190641441
2030,P2,column_positional_ablation,source_only,replace,0.5,-0.0033080251091195,-0.0019448333684962999,-0.00855321166023222,0.00067238955850802
2030,P2,column_positional_ablation,source_only,replace,0.75,-0.007974638802960206,-0.00986105593108422,-0.024246466118854483,0.0028798220113051597
2030,P2,column_positional_ablation,source_only,replace,1.0,-0.010402255546391839,-0.01146613255445018,,0.0032208939438360404
2030,P2,column_positional_ablation,target_real_anchor,append,0.0,0.0016737951650422204,0.0006335915301931375,0.0016737951650422204,2.00566078577e-05
2030,P2,column_positional_ablation,target_real_anchor,append,0.050332383665717,0.00303808289516586,0.0024056969534232203,0.00285143588324422,0.0001768927053679
2030,P2,column_positional_ablation,target_real_anchor,append,0.0999099909990999,-0.0013352440083624,-0.0033763052549957,-0.00359232478552862,0.00031608337192126
2030,P2,column_positional_ablation,target_real_anchor,append,0.2498124531132783,0.0020259365915274398,0.00365315220280188,0.00095800442231762,0.0
2030,P2,column_positional_ablation,target_real_anchor,append,0.5,0.0007970035647058199,0.002306290705735,-0.00040902328155698,0.0
2030,P2,column_positional_ablation,target_real_anchor,append,0.75,-0.0014229231683960202,0.00309682793238838,-0.0006723895585080402,0.0
2030,P2,column_positional_ablation,target_real_anchor,replace,0.0,0.0016737951650422204,0.0006335915301931375,0.0016737951650422204,2.00566078577e-05
2030,P2,column_positional_ablation,target_real_anchor,replace,0.05,0.0026419922897138203,0.00347384832053304,0.00231878498603972,0.00097762263437508
2030,P2,column_positional_ablation,target_real_anchor,replace,0.1,-0.0012314538026725202,-0.0016026654464650371,-0.0020142095038730135,0.0003229881057739
2030,P2,column_positional_ablation,target_real_anchor,replace,0.25,-0.0021097797883096203,-0.0025195702625168,-0.00414305950948984,0.0016431074590304803
2030,P2,column_positional_ablation,target_real_anchor,replace,0.5,-0.0033080251091195,-0.00190198017902984,-0.00855321166023222,0.00062011085933794
2030,P2,column_positional_ablation,target_real_anchor,replace,0.75,-0.007974638802960206,-0.00982039472061858,-0.024246466118854483,0.0028297352911359004
2030,P2,column_positional_ablation,target_real_anchor,replace,1.0,-0.010402255546391839,-0.01146613255445018,,0.0032208939438360404
2030,P2,datum_transformer,oracle_target,append,0.0,0.0016737951650422204,0.0008516934407767622,0.0016737951650422204,4.142840311588e-05
2030,P2,datum_transformer,oracle_target,append,0.050332383665717,0.00303808289516586,0.00225072403806366,0.00285143588324422,0.0
2030,P2,datum_transformer,oracle_target,append,0.0999099909990999,-0.0013352440083624,-0.0030388500878162,-0.00359232478552862,0.00145317247860766
2030,P2,datum_transformer,oracle_target,append,0.2498124531132783,0.0020259365915274398,0.0035615274805667397,0.00095800442231762,0.00018785260037206
2030,P2,datum_transformer,oracle_target,append,0.5,0.0007970035647058199,0.00141163447654176,-0.00040902328155698,0.00010642058049084001
2030,P2,datum_transformer,oracle_target,append,0.75,-0.0014229231683960202,0.0019738770902575,-0.0006723895585080402,0.0
2030,P2,datum_transformer,oracle_target,replace,0.0,0.0016737951650422204,0.0008516934407767622,0.0016737951650422204,4.142840311588e-05
2030,P2,datum_transformer,oracle_target,replace,0.05,0.0026419922897138203,0.0026596377206705804,0.00231878498603972,0.00019979888592664002
2030,P2,datum_transformer,oracle_target,replace,0.1,-0.0012314538026725202,-0.0013837963432311,-0.0020142095038730135,4.033241361548e-05
2030,P2,datum_transformer,oracle_target,replace,0.25,-0.0021097797883096203,-0.00346858757093094,-0.00414305950948984,0.0019474637432972599
2030,P2,datum_transformer,oracle_target,replace,0.5,-0.0033080251091195,-0.0020802976707483003,-0.00855321166023222,0.000667128808906
2030,P2,datum_transformer,oracle_target,replace,0.75,-0.007974638802960206,-0.011921406592924799,-0.024246466118854483,0.00404453005340206
2030,P2,datum_transformer,oracle_target,replace,1.0,-0.010402255546391839,-0.01264344447580194,,0.0043870267722835605
2030,P2,datum_transformer,source_only,append,0.0,0.0016737951650422204,0.0008526798313271223,0.0016737951650422204,4.142840311588e-05
2030,P2,datum_transformer,source_only,append,0.050332383665717,0.00303808289516586,0.00225072403806366,0.00285143588324422,0.0
2030,P2,datum_transformer,source_only,append,0.0999099909990999,-0.0013352440083624,-0.00303139735921334,-0.00359232478552862,0.0006442226283472
2030,P2,datum_transformer,source_only,append,0.2498124531132783,0.0020259365915274398,0.0035830088747749998,0.00095800442231762,0.00018785260037206
2030,P2,datum_transformer,source_only,append,0.5,0.0007970035647058199,0.00141163447654176,-0.00040902328155698,0.00010642058049084001
2030,P2,datum_transformer,source_only,append,0.75,-0.0014229231683960202,0.0019738770902575,-0.0006723895585080402,0.0
2030,P2,datum_transformer,source_only,replace,0.0,0.0016737951650422204,0.0008526798313271223,0.0016737951650422204,4.142840311588e-05
2030,P2,datum_transformer,source_only,replace,0.05,0.0026419922897138203,0.00268539347393046,0.00231878498603972,0.00022555463918651997
2030,P2,datum_transformer,source_only,replace,0.1,-0.0012314538026725202,-0.0013837963432311,-0.0020142095038730135,0.00051840303369888
2030,P2,datum_transformer,source_only,replace,0.25,-0.0021097797883096203,-0.00346858757093094,-0.00414305950948984,0.0019474637432972599
2030,P2,datum_transformer,source_only,replace,0.5,-0.0033080251091195,-0.0020802976707483003,-0.00855321166023222,0.000667128808906
2030,P2,datum_transformer,source_only,replace,0.75,-0.007974638802960206,-0.011921406592924799,-0.024246466118854483,0.00404453005340206
2030,P2,datum_transformer,source_only,replace,1.0,-0.010402255546391839,-0.01264344447580194,,0.0043870267722835605
2030,P2,datum_transformer,target_real_anchor,append,0.0,0.0016737951650422204,0.00086265333578098,0.0016737951650422204,4.7237147468099996e-05
2030,P2,datum_transformer,target_real_anchor,append,0.050332383665717,0.00303808289516586,0.0020164014828738,0.00285143588324422,7.967843668058e-05
2030,P2,datum_transformer,target_real_anchor,append,0.0999099909990999,-0.0013352440083624,-0.00283784561343902,-0.00359232478552862,0.0006470722010483
2030,P2,datum_transformer,target_real_anchor,append,0.2498124531132783,0.0020259365915274398,0.00371792518227684,0.00095800442231762,0.00018708540772178
2030,P2,datum_transformer,target_real_anchor,append,0.5,0.0007970035647058199,0.0016851934558466599,-0.00040902328155698,1.4686259305629613e-05
2030,P2,datum_transformer,target_real_anchor,append,0.75,-0.0014229231683960202,0.00210693021560852,-0.0006723895585080402,0.0
2030,P2,datum_transformer,target_real_anchor,replace,0.0,0.0016737951650422204,0.00086265333578098,0.0016737951650422204,4.7237147468099996e-05
2030,P2,datum_transformer,target_real_anchor,replace,0.05,0.0026419922897138203,0.0031529425948098404,0.00231878498603972,0.00058745037222534
2030,P2,datum_transformer,target_real_anchor,replace,0.1,-0.0012314538026725202,-0.0011435554447389203,-0.0020142095038730135,0.0006678960015562
2030,P2,datum_transformer,target_real_anchor,replace,0.25,-0.0021097797883096203,-0.0027933484397219066,-0.00414305950948984,0.00142741672534774
2030,P2,datum_transformer,target_real_anchor,replace,0.5,-0.0033080251091195,-0.00204928116788644,-0.00855321166023222,0.000620220458288
2030,P2,datum_transformer,target_real_anchor,replace,0.75,-0.007974638802960206,-0.01145089830039426,-0.024246466118854483,0.0036627969104055602
2030,P2,datum_transformer,target_real_anchor,replace,1.0,-0.010402255546391839,-0.01343529688985578,,0.0051179421701140005
2030,P2,flat_transformer,oracle_target,append,0.0,0.0016737951650422204,0.0007359569495324198,0.0016737951650422204,0.00011661328284476001
2030,P2,flat_transformer,oracle_target,append,0.050332383665717,0.00303808289516586,0.0029501845372320997,0.00285143588324422,0.00025536555359800134
2030,P2,flat_transformer,oracle_target,append,0.0999099909990999,-0.0013352440083624,-0.00279400603342224,-0.00359232478552862,0.0011442130384391
2030,P2,flat_transformer,oracle_target,append,0.2498124531132783,0.0020259365915274398,0.00335011110593562,0.00095800442231762,0.00017207035156602
2030,P2,flat_transformer,oracle_target,append,0.5,0.0007970035647058199,0.0023449791350998598,-0.00040902328155698,0.00016198724816216
2030,P2,flat_transformer,oracle_target,append,0.75,-0.0014229231683960202,0.00181419142004614,-0.0006723895585080402,0.0
2030,P2,flat_transformer,oracle_target,replace,0.0,0.0016737951650422204,0.0007359569495324198,0.0016737951650422204,0.00011661328284476001
2030,P2,flat_transformer,oracle_target,replace,0.05,0.0026419922897138203,0.00292727835667334,0.00231878498603972,0.00049823682689114
2030,P2,flat_transformer,oracle_target,replace,0.1,-0.0012314538026725202,-0.0012851572881932799,-0.0020142095038730135,0.0
2030,P2,flat_transformer,oracle_target,replace,0.25,-0.0021097797883096203,-0.0021082454030090197,-0.00414305950948984,0.00075447917208952
2030,P2,flat_transformer,oracle_target,replace,0.5,-0.0033080251091195,-0.0032416081453939607,-0.00855321166023222,0.00135508141831998
2030,P2,flat_transformer,oracle_target,replace,0.75,-0.007974638802960206,-0.00907314907923174,-0.024246466118854483,0.00230881148158594
2030,P2,flat_transformer,oracle_target,replace,1.0,-0.010402255546391839,-0.013347288932971902,,0.0038619382026319204
2030,P2,flat_transformer,source_only,append,0.0,0.0016737951650422204,0.0006914597758153399,0.0016737951650422204,0.00011661328284476001
2030,P2,flat_transformer,source_only,append,0.050332383665717,0.00303808289516586,0.0027002989311361797,0.00285143588324422,0.00023837771634148001
2030,P2,flat_transformer,source_only,append,0.0999099909990999,-0.0013352440083624,-0.00280178755887526,-0.00359232478552862,0.0002513103924464
2030,P2,flat_transformer,source_only,append,0.2498124531132783,0.0020259365915274398,0.0033427679762827803,0.00095800442231762,0.00015979526916132
2030,P2,flat_transformer,source_only,append,0.5,0.0007970035647058199,0.0024770458699005598,-0.00040902328155698,4.493556951724e-05
2030,P2,flat_transformer,source_only,append,0.75,-0.0014229231683960202,0.0018378647932552998,-0.0006723895585080402,0.0
2030,P2,flat_transformer,source_only,replace,0.0,0.0016737951650422204,0.0006914597758153399,0.0016737951650422204,0.00011661328284476001
2030,P2,flat_transformer,source_only,replace,0.05,0.0026419922897138203,0.00293199111152516,0.00231878498603972,0.00050294958174294
2030,P2,flat_transformer,source_only,replace,0.1,-0.0012314538026725202,-0.0012851572881932799,-0.0020142095038730135,0.0005191702263491599
2030,P2,flat_transformer,source_only,replace,0.25,-0.0021097797883096203,-0.00210561502820804,-0.00414305950948984,0.00075447917208952
2030,P2,flat_transformer,source_only,replace,0.5,-0.0033080251091195,-0.0032467592960459405,-0.00855321166023222,0.00136023256897196
2030,P2,flat_transformer,source_only,replace,0.75,-0.007974638802960206,-0.00907314907923174,-0.024246466118854483,0.00230881148158594
2030,P2,flat_transformer,source_only,replace,1.0,-0.010402255546391839,-0.013347288932971902,,0.0038619382026319204
2030,P2,flat_transformer,target_real_anchor,append,0.0,0.0016737951650422204,0.00093882460606028,0.0016737951650422204,0.00011661328284476001
2030,P2,flat_transformer,target_real_anchor,append,0.050332383665717,0.00303808289516586,0.0030504675765206,0.00285143588324422,0.00036397811308964
2030,P2,flat_transformer,target_real_anchor,append,0.0999099909990999,-0.0013352440083624,-0.0026936133951837,-0.00359232478552862,0.00025470795989774003
2030,P2,flat_transformer,target_real_anchor,append,0.2498124531132783,0.0020259365915274398,0.00339230670170178,0.00095800442231762,0.00016330243556263998
2030,P2,flat_transformer,target_real_anchor,append,0.5,0.0007970035647058199,0.00235780221225474,-0.00040902328155698,0.00015179454580824
2030,P2,flat_transformer,target_real_anchor,append,0.75,-0.0014229231683960202,0.0017137987818076801,-0.0006723895585080402,0.0
2030,P2,flat_transformer,target_real_anchor,replace,0.0,0.0016737951650422204,0.00093882460606028,0.0016737951650422204,0.00011661328284476001
2030,P2,flat_transformer,target_real_anchor,replace,0.05,0.0026419922897138203,0.00298065304534386,0.00231878498603972,0.00055161151556166
2030,P2,flat_transformer,target_real_anchor,replace,0.1,-0.0012314538026725202,-0.0012633470971349,-0.0020142095038730135,0.00048344096863542005
2030,P2,flat_transformer,target_real_anchor,replace,0.25,-0.0021097797883096203,-0.00212852120876678,-0.00414305950948984,0.0006863086251633
2030,P2,flat_transformer,target_real_anchor,replace,0.5,-0.0033080251091195,-0.00332358816002538,-0.00855321166023222,0.0014358558445009399
2030,P2,flat_transformer,target_real_anchor,replace,0.75,-0.007974638802960206,-0.00901034888085764,-0.024246466118854483,0.00222770825855484
2030,P2,flat_transformer,target_real_anchor,replace,1.0,-0.010402255546391839,-0.013397266054191179,,0.003918381661903661
2030,P3,char3gram,oracle_target,append,0.0,-0.004148095874808059,-0.00015444708562371989,-0.004148095874808059,0.00218794879413654
2030,P3,char3gram,oracle_target,append,0.050332383665717,-0.0017407022235428203,-0.00159120734908142,-0.004767431783291241,0.00090346902391918
2030,P3,char3gram,oracle_target,append,0.0999099909990999,0.008582491457435646,0.0110864532263655,0.00736084286633978,0.00013030505620758
2030,P3,char3gram,oracle_target,append,0.2498124531132783,0.00874900955776758,0.011850331798147859,0.0038144406477492003,0.0009161590650225201
2030,P3,char3gram,oracle_target,append,0.5,-0.00047138860000986004,0.004019647897786379,-0.006318092903481379,0.0
2030,P3,char3gram,oracle_target,append,0.75,0.0013104788788193599,0.007648380626949861,-0.0007183801317288598,0.0
2030,P3,char3gram,oracle_target,replace,0.0,-0.004148095874808059,-0.00015444708562371989,-0.004148095874808059,0.00218794879413654
2030,P3,char3gram,oracle_target,replace,0.05,0.00858465804981922,0.0085778487594711,0.005620140642796999,0.00028413311543602
2030,P3,char3gram,oracle_target,replace,0.1,0.01090507849254686,0.01171414599118502,0.00818879067003412,0.0013959045213688
2030,P3,char3gram,oracle_target,replace,0.25,0.00517196553261032,0.0053409597385232,-8.047343138700528e-06,0.00034479770217400003
2030,P3,char3gram,oracle_target,replace,0.5,-0.00791487149012022,-0.0035606398256821602,-0.01536763977616,0.0
2030,P3,char3gram,oracle_target,replace,0.75,0.0013918808497994603,0.0056238548011685995,-0.01559637002921806,0.0
2030,P3,char3gram,oracle_target,replace,1.0,-0.00363956569108108,-0.0021501881840241995,,0.00080937701183578
2030,P3,char3gram,source_only,append,0.0,-0.004148095874808059,,-0.004148095874808059,
2030,P3,char3gram,source_only,append,0.050332383665717,-0.0017407022235428203,,-0.004767431783291241,
2030,P3,char3gram,source_only,append,0.0999099909990999,0.008582491457435646,,0.00736084286633978,
2030,P3,char3gram,source_only,append,0.2498124531132783,0.00874900955776758,,0.0038144406477492003,
2030,P3,char3gram,source_only,append,0.5,-0.00047138860000986004,,-0.006318092903481379,
2030,P3,char3gram,source_only,append,0.75,0.0013104788788193599,,-0.0007183801317288598,
2030,P3,char3gram,source_only,replace,0.0,-0.004148095874808059,,-0.004148095874808059,
2030,P3,char3gram,source_only,replace,0.05,0.00858465804981922,,0.005620140642796999,
2030,P3,char3gram,source_only,replace,0.1,0.01090507849254686,,0.00818879067003412,
2030,P3,char3gram,source_only,replace,0.25,0.00517196553261032,,-8.047343138700528e-06,
2030,P3,char3gram,source_only,replace,0.5,-0.00791487149012022,,-0.01536763977616,
2030,P3,char3gram,source_only,replace,0.75,0.0013918808497994603,,-0.01559637002921806,
2030,P3,char3gram,source_only,replace,1.0,-0.00363956569108108,,,
2030,P3,char3gram,target_real_anchor,append,0.0,-0.004148095874808059,-0.0002271826870697998,-0.004148095874808059,0.0
2030,P3,char3gram,target_real_anchor,append,0.050332383665717,-0.0017407022235428203,-0.00158842173030266,-0.004767431783291241,0.00136278660922096
2030,P3,char3gram,target_real_anchor,append,0.0999099909990999,0.008582491457435646,0.0111375229039766,0.00736084286633978,0.00012071014708066
2030,P3,char3gram,target_real_anchor,append,0.2498124531132783,0.00874900955776758,0.01176954885356312,0.0038144406477492003,0.0008873743376417401
2030,P3,char3gram,target_real_anchor,append,0.5,-0.00047138860000986004,0.0038169167533303196,-0.006318092903481379,0.0
2030,P3,char3gram,target_real_anchor,append,0.75,0.0013104788788193599,0.00766292774723904,-0.0007183801317288598,0.0
2030,P3,char3gram,target_real_anchor,replace,0.0,-0.004148095874808059,-0.0002271826870697998,-0.004148095874808059,0.0
2030,P3,char3gram,target_real_anchor,replace,0.05,0.00858465804981922,0.00841349725152276,0.005620140642796999,0.0017128460357549399
2030,P3,char3gram,target_real_anchor,replace,0.1,0.01090507849254686,0.0117890481850146,0.00818879067003412,0.0008567325310750801
2030,P3,char3gram,target_real_anchor,replace,0.25,0.00517196553261032,0.005607450601693659,-8.047343138700528e-06,0.00034479770217400003
2030,P3,char3gram,target_real_anchor,replace,0.5,-0.00791487149012022,-0.0037624424305452,-0.01536763977616,0.0
2030,P3,char3gram,target_real_anchor,replace,0.75,0.0013918808497994603,0.00568792403308068,-0.01559637002921806,0.0
2030,P3,char3gram,target_real_anchor,replace,1.0,-0.00363956569108108,-0.00203257316891994,,0.00079235378596542
2030,P3,column_positional_ablation,oracle_target,append,0.0,-0.004148095874808059,-0.0069306195216164,-0.004148095874808059,0.0008236146189273201
2030,P3,column_positional_ablation,oracle_target,append,0.050332383665717,-0.0017407022235428203,-0.00463496013470008,-0.004767431783291241,0.0028088322686078597
2030,P3,column_positional_ablation,oracle_target,append,0.0999099909990999,0.008582491457435646,0.00601724607537264,0.00736084286633978,0.0013309067498637598
2030,P3,column_positional_ablation,oracle_target,append,0.2498124531132783,0.00874900955776758,0.00881926905363244,0.0038144406477492003,0.00045746050611599994
2030,P3,column_positional_ablation,oracle_target,append,0.5,-0.00047138860000986004,-0.00011885306789487986,-0.006318092903481379,0.00012844797702179998
2030,P3,column_positional_ablation,oracle_target,append,0.75,0.0013104788788193599,0.0011476749368592599,-0.0007183801317288598,0.0003587257960679463
2030,P3,column_positional_ablation,oracle_target,replace,0.0,-0.004148095874808059,-0.0069306195216164,-0.004148095874808059,0.0008236146189273201
2030,P3,column_positional_ablation,oracle_target,replace,0.05,0.00858465804981922,0.0067213886000099,0.005620140642796999,0.00058621799633534
2030,P3,column_positional_ablation,oracle_target,replace,0.1,0.01090507849254686,0.00992361214282176,0.00818879067003412,0.00035717823007972
2030,P3,column_positional_ablation,oracle_target,replace,0.25,0.00517196553261032,0.0059144876937551796,-8.047343138700528e-06,0.00018570791858566
2030,P3,column_positional_ablation,oracle_target,replace,0.5,-0.00791487149012022,-0.008444139058089401,-0.01536763977616,0.0008561135046798399
2030,P3,column_positional_ablation,oracle_target,replace,0.75,0.0013918808497994603,2.5999108601960053e-05,-0.01559637002921806,0.0015627321348982205
2030,P3,column_positional_ablation,oracle_target,replace,1.0,-0.00363956569108108,-0.00390853265983262,,0.00085363739909868
2030,P3,column_positional_ablation,source_only,append,0.0,-0.004148095874808059,-0.1694518985539543,-0.004148095874808059,0.16292890791363346
2030,P3,column_positional_ablation,source_only,append,0.050332383665717,-0.0017407022235428203,,-0.004767431783291241,
2030,P3,column_positional_ablation,source_only,append,0.0999099909990999,0.008582491457435646,-0.1118453022086861,0.00736084286633978,0.1180139002377061
2030,P3,column_positional_ablation,source_only,append,0.2498124531132783,0.00874900955776758,,0.0038144406477492003,
2030,P3,column_positional_ablation,source_only,append,0.5,-0.00047138860000986004,-0.1694654397563512,-0.006318092903481379,0.157437756895954
2030,P3,column_positional_ablation,source_only,append,0.75,0.0013104788788193599,-0.14613768797768203,-0.0007183801317288598,0.148705615807458
2030,P3,column_positional_ablation,source_only,replace,0.0,-0.004148095874808059,-0.1694518985539543,-0.004148095874808059,0.16292890791363346
2030,P3,column_positional_ablation,source_only,replace,0.05,0.00858465804981922,-0.10062119298766906,0.005620140642796999,0.10419839176942505
2030,P3,column_positional_ablation,source_only,replace,0.1,0.01090507849254686,,0.00818879067003412,
2030,P3,column_positional_ablation,source_only,replace,0.25,0.00517196553261032,,-8.047343138700528e-06,
2030,P3,column_positional_ablation,source_only,replace,0.5,-0.00791487149012022,,-0.01536763977616,
2030,P3,column_positional_ablation,source_only,replace,0.75,0.0013918808497994603,,-0.01559637002921806,
2030,P3,column_positional_ablation,source_only,replace,1.0,-0.00363956569108108,,,
2030,P3,column_positional_ablation,target_real_anchor,append,0.0,-0.004148095874808059,-0.006750173327390599,-0.004148095874808059,0.00260207745258252
2030,P3,column_positional_ablation,target_real_anchor,append,0.050332383665717,-0.0017407022235428203,-0.00463496013470008,-0.004767431783291241,0.0032050091615905803
2030,P3,column_positional_ablation,target_real_anchor,append,0.0999099909990999,0.008582491457435646,0.00604138810478878,0.00736084286633978,0.00254110335264686
2030,P3,column_positional_ablation,target_real_anchor,append,0.2498124531132783,0.00874900955776758,0.00879946020898334,0.0038144406477492003,0.00048686425989204006
2030,P3,column_positional_ablation,target_real_anchor,append,0.5,-0.00047138860000986004,-5.4164809587519845e-05,-0.006318092903481379,5.045065121578188e-05
2030,P3,column_positional_ablation,target_real_anchor,append,0.75,0.0013104788788193599,0.0011185806962808402,-0.0007183801317288598,0.0003850344178675594
2030,P3,column_positional_ablation,target_real_anchor,replace,0.0,-0.004148095874808059,-0.006750173327390599,-0.004148095874808059,0.00260207745258252
2030,P3,column_positional_ablation,target_real_anchor,replace,0.05,0.00858465804981922,0.00678391026593368,0.005620140642796999,0.0018007477838854799
2030,P3,column_positional_ablation,target_real_anchor,replace,0.1,0.01090507849254686,0.0100093472985688,0.00818879067003412,0.00110372406279396
2030,P3,column_positional_ablation,target_real_anchor,replace,0.25,0.00517196553261032,0.0059593671074133795,-8.047343138700528e-06,0.00018570791858566
2030,P3,column_positional_ablation,target_real_anchor,replace,0.5,-0.00791487149012022,-0.00843918684692712,-0.01536763977616,0.0008353761204377798
2030,P3,column_positional_ablation,target_real_anchor,replace,0.75,0.0013918808497994603,8.883028772340012e-05,-0.01559637002921806,0.0015224954192047
2030,P3,column_positional_ablation,target_real_anchor,replace,1.0,-0.00363956569108108,-0.0038927474867528804,,0.0008635418214232599
2030,P3,datum_ta,source_only,append,0.0,-0.004148095874808059,-0.0010446070420443002,-0.004148095874808059,0.00014051899172982
2030,P3,datum_ta,source_only,append,0.050332383665717,-0.0017407022235428203,-0.0007381889763779202,-0.004767431783291241,0.00066607240132718
2030,P3,datum_ta,source_only,append,0.0999099909990999,0.008582491457435646,0.01028388550487786,0.00736084286633978,0.0002767047986926
2030,P3,datum_ta,source_only,append,0.2498124531132783,0.00874900955776758,0.00959243302134408,0.0038144406477492003,0.00030518001287569997
2030,P3,datum_ta,source_only,append,0.5,-0.00047138860000986004,0.00025287228247408006,-0.006318092903481379,0.00013092408260288
2030,P3,datum_ta,source_only,append,0.75,0.0013104788788193599,0.0019183627989896803,-0.0007183801317288598,5.8497994354459997e-05
2030,P3,datum_ta,source_only,replace,0.0,-0.004148095874808059,-0.0010446070420443002,-0.004148095874808059,0.00014051899172982
2030,P3,datum_ta,source_only,replace,0.05,0.00858465804981922,0.0102560293170901,0.005620140642796999,7.861635220121999e-05
2030,P3,datum_ta,source_only,replace,0.1,0.01090507849254686,0.01064663497251522,0.00818879067003412,0.00106193978111224
2030,P3,datum_ta,source_only,replace,0.25,0.00517196553261032,0.0065511563413064,-8.047343138700528e-06,1.1142475115155647e-05
2030,P3,datum_ta,source_only,replace,0.5,-0.00791487149012022,-0.006506895954043412,-0.01536763977616,0.0004481751101866599
2030,P3,datum_ta,source_only,replace,0.75,0.0013918808497994603,0.00082330510572964,-0.01559637002921806,0.0008975882731639999
2030,P3,datum_ta,source_only,replace,1.0,-0.00363956569108108,-0.004846976675085419,,0.00146894963601244
2030,P3,datum_ta,target_real_anchor,append,0.0,-0.004148095874808059,-0.0004348660426879996,-0.004148095874808059,0.00034015500420938
2030,P3,datum_ta,target_real_anchor,append,0.050332383665717,-0.0017407022235428203,0.0006540013866191401,-0.004767431783291241,0.00069609518149854
2030,P3,datum_ta,target_real_anchor,append,0.0999099909990999,0.008582491457435646,0.01083234289110082,0.00736084286633978,0.00032963155548952
2030,P3,datum_ta,target_real_anchor,append,0.2498124531132783,0.00874900955776758,0.009309228445500941,0.0038144406477492003,0.00039927202495907994
2030,P3,datum_ta,target_real_anchor,append,0.5,-0.00047138860000986004,-0.0001912791561432398,-0.006318092903481379,0.00051379190808698
2030,P3,datum_ta,target_real_anchor,append,0.75,0.0013104788788193599,0.0010322265141385599,-0.0007183801317288598,0.00064162085871336
2030,P3,datum_ta,target_real_anchor,replace,0.0,-0.004148095874808059,-0.0004348660426879996,-0.004148095874808059,0.00034015500420938
2030,P3,datum_ta,target_real_anchor,replace,0.05,0.00858465804981922,0.01114123706234836,0.005620140642796999,0.0
2030,P3,datum_ta,target_real_anchor,replace,0.1,0.01090507849254686,0.01193018620313966,0.00818879067003412,0.0007960679443371
2030,P3,datum_ta,target_real_anchor,replace,0.25,0.00517196553261032,0.00643385083939976,-8.047343138700528e-06,0.00014670925568263998
2030,P3,datum_ta,target_real_anchor,replace,0.5,-0.00791487149012022,-0.00724075174565438,-0.01536763977616,0.00071497548655476
2030,P3,datum_ta,target_real_anchor,replace,0.75,0.0013918808497994603,0.0013395731193977598,-0.01559637002921806,0.0012934556529490598
2030,P3,datum_ta,target_real_anchor,replace,1.0,-0.00363956569108108,-0.0055867132174516,,0.0022699697915118597
2030,P3,datum_transformer,oracle_target,append,0.0,-0.004148095874808059,-0.006783600752736041,-0.004148095874808059,6.747387708614e-05
2030,P3,datum_transformer,oracle_target,append,0.050332383665717,-0.0017407022235428203,-0.0030288961521318996,-0.004767431783291241,0.0014194275243896398
2030,P3,datum_transformer,oracle_target,append,0.0999099909990999,0.008582491457435646,0.008612204724409381,0.00736084286633978,0.00160451641658002
2030,P3,datum_transformer,oracle_target,append,0.2498124531132783,0.00874900955776758,0.00912909176447286,0.0038144406477492003,0.00074314118754022
2030,P3,datum_transformer,oracle_target,append,0.5,-0.00047138860000986004,0.0004976972218095398,-0.006318092903481379,0.00055124300500176
2030,P3,datum_transformer,oracle_target,append,0.75,0.0013104788788193599,0.0029496607735352808,-0.0007183801317288598,0.0
2030,P3,datum_transformer,oracle_target,replace,0.0,-0.004148095874808059,-0.006783600752736041,-0.004148095874808059,6.747387708614e-05
2030,P3,datum_transformer,oracle_target,replace,0.05,0.00858465804981922,0.00939960629921264,0.005620140642796999,0.0019725276085772
2030,P3,datum_transformer,oracle_target,replace,0.1,0.01090507849254686,0.00986201901649082,0.00818879067003412,0.0017212028920913
2030,P3,datum_transformer,oracle_target,replace,0.25,0.00517196553261032,0.00676379190808694,-8.047343138700528e-06,0.00116841232110136
2030,P3,datum_transformer,oracle_target,replace,0.5,-0.00791487149012022,-0.00702749715247856,-0.01536763977616,0.00114612737087116
2030,P3,datum_transformer,oracle_target,replace,0.75,0.0013918808497994603,0.0026494329718218385,-0.01559637002921806,0.0001244243054524
2030,P3,datum_transformer,oracle_target,replace,1.0,-0.00363956569108108,-0.00278066656762246,,0.0009022309711285601
2030,P3,datum_transformer,source_only,append,0.0,-0.004148095874808059,,-0.004148095874808059,
2030,P3,datum_transformer,source_only,append,0.050332383665717,-0.0017407022235428203,,-0.004767431783291241,
2030,P3,datum_transformer,source_only,append,0.0999099909990999,0.008582491457435646,,0.00736084286633978,
2030,P3,datum_transformer,source_only,append,0.2498124531132783,0.00874900955776758,,0.0038144406477492003,
2030,P3,datum_transformer,source_only,append,0.5,-0.00047138860000986004,,-0.006318092903481379,
2030,P3,datum_transformer,source_only,append,0.75,0.0013104788788193599,,-0.0007183801317288598,
2030,P3,datum_transformer,source_only,replace,0.0,-0.004148095874808059,,-0.004148095874808059,
2030,P3,datum_transformer,source_only,replace,0.05,0.00858465804981922,,0.005620140642796999,
2030,P3,datum_transformer,source_only,replace,0.1,0.01090507849254686,,0.00818879067003412,
2030,P3,datum_transformer,source_only,replace,0.25,0.00517196553261032,,-8.047343138700528e-06,
2030,P3,datum_transformer,source_only,replace,0.5,-0.00791487149012022,,-0.01536763977616,
2030,P3,datum_transformer,source_only,replace,0.75,0.0013918808497994603,,-0.01559637002921806,
2030,P3,datum_transformer,source_only,replace,1.0,-0.00363956569108108,,,
2030,P3,datum_transformer,target_real_anchor,append,0.0,-0.004148095874808059,-0.00664029614222752,-0.004148095874808059,0.00249220026741942
2030,P3,datum_transformer,target_real_anchor,append,0.050332383665717,-0.0017407022235428203,-0.0035510449165552403,-0.004767431783291241,0.00181034269301238
2030,P3,datum_transformer,target_real_anchor,append,0.0999099909990999,0.008582491457435646,0.00753138463824094,0.00736084286633978,0.00127024216312578
2030,P3,datum_transformer,target_real_anchor,append,0.2498124531132783,0.00874900955776758,0.008869719704848221,0.0038144406477492003,0.00048036448274152
2030,P3,datum_transformer,target_real_anchor,append,0.5,-0.00047138860000986004,0.00059086069429996,-0.006318092903481379,0.00020737384242063998
2030,P3,datum_transformer,target_real_anchor,append,0.75,0.0013104788788193599,0.0027664289605308,-0.0007183801317288598,0.0
2030,P3,datum_transformer,target_real_anchor,replace,0.0,-0.004148095874808059,-0.00664029614222752,-0.004148095874808059,0.00249220026741942
2030,P3,datum_transformer,target_real_anchor,replace,0.05,0.00858465804981922,0.007492385975337981,0.005620140642796999,0.00121731540632888
2030,P3,datum_transformer,target_real_anchor,replace,0.1,0.01090507849254686,0.00874096221462878,0.00818879067003412,0.00216411627791804
2030,P3,datum_transformer,target_real_anchor,replace,0.25,0.00517196553261032,0.00603334076164998,-8.047343138700528e-06,0.00039989105135449995
2030,P3,datum_transformer,target_real_anchor,replace,0.5,-0.00791487149012022,-0.0075251943742880995,-0.01536763977616,0.00072580844847224
2030,P3,datum_transformer,target_real_anchor,replace,0.75,0.0013918808497994603,0.00288342494923974,-0.01559637002921806,6.8092903481753455e-06
2030,P3,datum_transformer,target_real_anchor,replace,1.0,-0.00363956569108108,-0.0024067746248700598,,0.00037141583717128156
2030,P3,flat_transformer,oracle_target,append,0.0,-0.004148095874808059,-0.0032025330560094397,-0.004148095874808059,0.0017230599712771799
2030,P3,flat_transformer,oracle_target,append,0.050332383665717,-0.0017407022235428203,-0.0026899792007131,-0.004767431783291241,0.0
2030,P3,flat_transformer,oracle_target,append,0.0999099909990999,0.008582491457435646,0.00812626900411032,0.00736084286633978,0.0008069009062546401
2030,P3,flat_transformer,oracle_target,append,0.2498124531132783,0.00874900955776758,0.00908947407517458,0.0038144406477492003,0.0007567597682365
2030,P3,flat_transformer,oracle_target,append,0.5,-0.00047138860000986004,0.0013049076412618601,-0.006318092903481379,0.00025689595404346
2030,P3,flat_transformer,oracle_target,append,0.75,0.0013104788788193599,0.0030688233546278003,-0.0007183801317288598,2.4761055811380002e-05
2030,P3,flat_transformer,oracle_target,replace,0.0,-0.004148095874808059,-0.0032025330560094397,-0.004148095874808059,0.0017230599712771799
2030,P3,flat_transformer,oracle_target,replace,0.05,0.00858465804981922,0.006974570395681659,0.005620140642796999,3.435596493834e-05
2030,P3,flat_transformer,oracle_target,replace,0.1,0.01090507849254686,0.0094141534195018,0.00818879067003412,0.0015187812608329
2030,P3,flat_transformer,oracle_target,replace,0.25,0.00517196553261032,0.00616859802901996,-8.047343138700528e-06,0.000163732481553
2030,P3,flat_transformer,oracle_target,replace,0.5,-0.00791487149012022,-0.00809005595998614,-0.01536763977616,0.00074066508195912
2030,P3,flat_transformer,oracle_target,replace,0.75,0.0013918808497994603,0.00105451146436876,-0.01559637002921806,0.00078121131085032
2030,P3,flat_transformer,oracle_target,replace,1.0,-0.00363956569108108,-0.004734932897538779,,0.0011941019165057
2030,P3,flat_transformer,source_only,append,0.0,-0.004148095874808059,-0.00625309513197634,-0.004148095874808059,0.0036067572921308797
2030,P3,flat_transformer,source_only,append,0.050332383665717,-0.0017407022235428203,-0.0029378992720249797,-0.004767431783291241,0.00229844500569504
2030,P3,flat_transformer,source_only,append,0.0999099909990999,0.008582491457435646,0.0050264943297182,0.00736084286633978,0.0037540855742088
2030,P3,flat_transformer,source_only,append,0.2498124531132783,0.00874900955776758,0.00464641212301298,0.0038144406477492003,0.004102597434754581
2030,P3,flat_transformer,source_only,append,0.5,-0.00047138860000986004,0.0022204476798890404,-0.006318092903481379,0.00030827514485218
2030,P3,flat_transformer,source_only,append,0.75,0.0013104788788193599,0.011470868617837759,-0.0007183801317288598,0.0
2030,P3,flat_transformer,source_only,replace,0.0,-0.004148095874808059,-0.00625309513197634,-0.004148095874808059,0.0036067572921308797
2030,P3,flat_transformer,source_only,replace,0.05,0.00858465804981922,0.0017970336255137796,0.005620140642796999,0.0068578839201703405
2030,P3,flat_transformer,source_only,replace,0.1,0.01090507849254686,0.0093903209032833,0.00818879067003412,0.00304158619323524
2030,P3,flat_transformer,source_only,replace,0.25,0.00517196553261032,0.0046064849205170195,-8.047343138700528e-06,0.00314496360124798
2030,P3,flat_transformer,source_only,replace,0.5,-0.00791487149012022,-0.00659232159659282,-0.01536763977616,0.00107308225622742
2030,P3,flat_transformer,source_only,replace,0.75,0.0013918808497994603,0.003769561234091,-0.01559637002921806,0.00081185311741692
2030,P3,flat_transformer,source_only,replace,1.0,-0.00363956569108108,0.0001736369038775198,,0.00360149556777102
2030,P3,flat_transformer,target_real_anchor,append,0.0,-0.004148095874808059,-0.00234053880057438,-0.004148095874808059,0.00047138860000986004
2030,P3,flat_transformer,target_real_anchor,append,0.050332383665717,-0.0017407022235428203,-0.0025021046897439995,-0.004767431783291241,0.0009641336106571343
2030,P3,flat_transformer,target_real_anchor,append,0.0999099909990999,0.008582491457435646,0.008619014014757561,0.00736084286633978,0.00043486604268797995
2030,P3,flat_transformer,target_real_anchor,append,0.2498124531132783,0.00874900955776758,0.009830758183528899,0.0038144406477492003,0.00012349576585949347
2030,P3,flat_transformer,target_real_anchor,append,0.5,-0.00047138860000986004,0.0021130466003070002,-0.006318092903481379,0.00017889862823752
2030,P3,flat_transformer,target_real_anchor,append,0.75,0.0013104788788193599,0.0031449636012479596,-0.0007183801317288598,9.904422324535922e-06
2030,P3,flat_transformer,target_real_anchor,replace,0.0,-0.004148095874808059,-0.00234053880057438,-0.004148095874808059,0.00047138860000986004
2030,P3,flat_transformer,target_real_anchor,replace,0.05,0.00858465804981922,0.007256227405536579,0.005620140642796999,0.00145471202892088
2030,P3,flat_transformer,target_real_anchor,replace,0.1,0.01090507849254686,0.01045721289555784,0.00818879067003412,0.0011770786906353
2030,P3,flat_transformer,target_real_anchor,replace,0.25,0.00517196553261032,0.00666381914524838,-8.047343138700528e-06,2.3523003020860002e-05
2030,P3,flat_transformer,target_real_anchor,replace,0.5,-0.00791487149012022,-0.00775732927252012,-0.01536763977616,0.00078121131085028
2030,P3,flat_transformer,target_real_anchor,replace,0.75,0.0013918808497994603,0.0012377432773733603,-0.01559637002921806,0.0007954489179418399
2030,P3,flat_transformer,target_real_anchor,replace,1.0,-0.00363956569108108,-0.004742670727479859,,0.0012123631951666
2030,P4,char3gram,oracle_target,append,0.0,-0.004148095874808059,-0.00015444708562371989,-0.004148095874808059,0.00218794879413654
2030,P4,char3gram,oracle_target,append,0.050332383665717,-0.00348326152627148,-0.0031090600703213797,-0.004767431783291241,0.0009208017629871
2030,P4,char3gram,oracle_target,append,0.0999099909990999,0.008640370425394981,0.011382038330114318,0.00736084286633978,0.00081432922299808
2030,P4,char3gram,oracle_target,append,0.2498124531132783,0.00363492299311644,0.005134514435695561,0.0038144406477492003,0.00111517605110676
2030,P4,char3gram,oracle_target,append,0.5,-0.008397712078443,-0.0050849923240727,-0.006318092903481379,0.0
2030,P4,char3gram,oracle_target,append,0.75,0.0008164958153814995,0.00684024166790462,-0.0007183801317288598,0.0
2030,P4,char3gram,oracle_target,replace,0.0,-0.004148095874808059,-0.00015444708562371989,-0.004148095874808059,0.00218794879413654
2030,P4,char3gram,oracle_target,replace,0.05,0.005407814589214061,0.005737136631505921,0.005620140642796999,0.0003847249046699
2030,P4,char3gram,oracle_target,replace,0.1,0.0088573391769425,0.00913187738325162,0.00818879067003412,0.00104182142326544
2030,P4,char3gram,oracle_target,replace,0.25,0.006822289902441381,0.0069897365423661996,-8.047343138700528e-06,0.00069238102312678
2030,P4,char3gram,oracle_target,replace,0.5,-0.00624257168325656,-0.00792106175407318,-0.01536763977616,0.0024008938741148
2030,P4,char3gram,oracle_target,replace,0.75,-0.0008319714752637799,-0.0015413757242609002,-0.01559637002921806,0.0030462288911998602
2030,P4,char3gram,oracle_target,replace,1.0,0.00171841727331252,0.004686958351904079,,0.0
2030,P4,char3gram,source_only,append,0.0,-0.004148095874808059,,-0.004148095874808059,
2030,P4,char3gram,source_only,append,0.050332383665717,-0.00348326152627148,,-0.004767431783291241,
2030,P4,char3gram,source_only,append,0.0999099909990999,0.008640370425394981,,0.00736084286633978,
2030,P4,char3gram,source_only,append,0.2498124531132783,0.00363492299311644,,0.0038144406477492003,
2030,P4,char3gram,source_only,append,0.5,-0.008397712078443,,-0.006318092903481379,
2030,P4,char3gram,source_only,append,0.75,0.0008164958153814995,,-0.0007183801317288598,
2030,P4,char3gram,source_only,replace,0.0,-0.004148095874808059,,-0.004148095874808059,
2030,P4,char3gram,source_only,replace,0.05,0.005407814589214061,,0.005620140642796999,
2030,P4,char3gram,source_only,replace,0.1,0.0088573391769425,,0.00818879067003412,
2030,P4,char3gram,source_only,replace,0.25,0.006822289902441381,,-8.047343138700528e-06,
2030,P4,char3gram,source_only,replace,0.5,-0.00624257168325656,,-0.01536763977616,
2030,P4,char3gram,source_only,replace,0.75,-0.0008319714752637799,,-0.01559637002921806,
2030,P4,char3gram,source_only,replace,1.0,0.00171841727331252,,,
2030,P4,char3gram,target_real_anchor,append,0.0,-0.004148095874808059,-0.0002271826870697998,-0.004148095874808059,0.0
2030,P4,char3gram,target_real_anchor,append,0.050332383665717,-0.00348326152627148,-0.0031208215718318195,-0.004767431783291241,0.0007762590996879594
2030,P4,char3gram,target_real_anchor,append,0.0999099909990999,0.008640370425394981,0.011421346506215,0.00736084286633978,0.0008010201554994399
2030,P4,char3gram,target_real_anchor,append,0.2498124531132783,0.00363492299311644,0.005163299163076359,0.0038144406477492003,0.0010244886841974201
2030,P4,char3gram,target_real_anchor,append,0.5,-0.008397712078443,-0.00532455553904816,-0.006318092903481379,0.0
2030,P4,char3gram,target_real_anchor,append,0.75,0.0008164958153814995,0.00665979547367896,-0.0007183801317288598,0.0
2030,P4,char3gram,target_real_anchor,replace,0.0,-0.004148095874808059,-0.0002271826870697998,-0.004148095874808059,0.0
2030,P4,char3gram,target_real_anchor,replace,0.05,0.005407814589214061,0.005588879809835081,0.005620140642796999,0.00118203090179762
2030,P4,char3gram,target_real_anchor,replace,0.1,0.0088573391769425,0.00894616946466594,0.00818879067003412,0.0013748576239290399
2030,P4,char3gram,target_real_anchor,replace,0.25,0.006822289902441381,0.00710054226712228,-8.047343138700528e-06,0.0006171693160996
2030,P4,char3gram,target_real_anchor,replace,0.5,-0.00624257168325656,-0.008165886693408581,-0.01536763977616,0.00232970583865698
2030,P4,char3gram,target_real_anchor,replace,0.75,-0.0008319714752637799,-0.0014896870202546005,-0.01559637002921806,0.0030462288911998602
2030,P4,char3gram,target_real_anchor,replace,1.0,0.00171841727331252,0.00472719506759766,,0.0
2030,P4,column_positional_ablation,source_only,append,0.0,-0.004148095874808059,,-0.004148095874808059,
2030,P4,column_positional_ablation,source_only,append,0.050332383665717,-0.00348326152627148,,-0.004767431783291241,
2030,P4,column_positional_ablation,source_only,append,0.0999099909990999,0.008640370425394981,,0.00736084286633978,
2030,P4,column_positional_ablation,source_only,append,0.2498124531132783,0.00363492299311644,,0.0038144406477492003,
2030,P4,column_positional_ablation,source_only,append,0.5,-0.008397712078443,,-0.006318092903481379,
2030,P4,column_positional_ablation,source_only,append,0.75,0.0008164958153814995,,-0.0007183801317288598,
2030,P4,column_positional_ablation,source_only,replace,0.0,-0.004148095874808059,,-0.004148095874808059,
2030,P4,column_positional_ablation,source_only,replace,0.05,0.005407814589214061,,0.005620140642796999,
2030,P4,column_positional_ablation,source_only,replace,0.1,0.0088573391769425,,0.00818879067003412,
2030,P4,column_positional_ablation,source_only,replace,0.25,0.006822289902441381,,-8.047343138700528e-06,
2030,P4,column_positional_ablation,source_only,replace,0.5,-0.00624257168325656,,-0.01536763977616,
2030,P4,column_positional_ablation,source_only,replace,0.75,-0.0008319714752637799,,-0.01559637002921806,
2030,P4,column_positional_ablation,source_only,replace,1.0,0.00171841727331252,,,
2030,P4,column_positional_ablation,target_real_anchor,append,0.0,-0.004148095874808059,-0.00301373000544738,-0.004148095874808059,0.00051348239488928
2030,P4,column_positional_ablation,target_real_anchor,append,0.050332383665717,-0.00348326152627148,-0.0057343510127272,-0.004767431783291241,0.00225108948645566
2030,P4,column_positional_ablation,target_real_anchor,append,0.0999099909990999,0.008640370425394981,0.006461397513989981,0.00736084286633978,0.0021789729114049202
2030,P4,column_positional_ablation,target_real_anchor,append,0.2498124531132783,0.00363492299311644,0.0019443619075917799,0.0038144406477492003,0.00209880899321544
2030,P4,column_positional_ablation,target_real_anchor,append,0.5,-0.008397712078443,-0.00755274104887826,-0.006318092903481379,0.00028041895706432
2030,P4,column_positional_ablation,target_real_anchor,append,0.75,0.0008164958153814995,-0.00121979151191006,-0.0007183801317288598,0.00204557272322084
2030,P4,column_positional_ablation,target_real_anchor,replace,0.0,-0.004148095874808059,-0.00301373000544738,-0.004148095874808059,0.00051348239488928
2030,P4,column_positional_ablation,target_real_anchor,replace,0.05,0.005407814589214061,0.0019468380131729003,0.005620140642796999,0.00346097657604118
2030,P4,column_positional_ablation,target_real_anchor,replace,0.1,0.0088573391769425,0.00900961967018266,0.00818879067003412,0.00064935868865446
2030,P4,column_positional_ablation,target_real_anchor,replace,0.25,0.006822289902441381,0.00588260783439806,-8.047343138700528e-06,0.00097341900658634
2030,P4,column_positional_ablation,target_real_anchor,replace,0.5,-0.00624257168325656,-0.007586168474223739,-0.01536763977616,0.0020214306938048003
2030,P4,column_positional_ablation,target_real_anchor,replace,0.75,-0.0008319714752637799,-0.00332479076907842,-0.01559637002921806,0.00249281929381462
2030,P4,column_positional_ablation,target_real_anchor,replace,1.0,0.00171841727331252,-0.0006437874510969398,,0.00243153568068138
2030,P4,datum_ta,oracle_target,append,0.0,-0.004148095874808059,-0.0034151686227901004,-0.004148095874808059,0.0011498415292427798
2030,P4,datum_ta,oracle_target,append,0.050332383665717,-0.00348326152627148,-0.00431832813351162,-0.004767431783291241,0.00037358242955478
2030,P4,datum_ta,oracle_target,append,0.0999099909990999,0.008640370425394981,0.00985675729213092,0.00736084286633978,0.00133059723666612
2030,P4,datum_ta,oracle_target,append,0.2498124531132783,0.00363492299311644,0.0045860570494726,0.0038144406477492003,0.00047200762640516004
2030,P4,datum_ta,oracle_target,append,0.5,-0.008397712078443,-0.00537686326944974,-0.006318092903481379,0.0
2030,P4,datum_ta,oracle_target,append,0.75,0.0008164958153814995,0.0047974545634624595,-0.0007183801317288598,0.0
2030,P4,datum_ta,oracle_target,replace,0.0,-0.004148095874808059,-0.0034151686227901004,-0.004148095874808059,0.0011498415292427798
2030,P4,datum_ta,oracle_target,replace,0.05,0.005407814589214061,0.00590334521864012,0.005620140642796999,0.00075180755707416
2030,P4,datum_ta,oracle_target,replace,0.1,0.0088573391769425,0.00785358787698702,0.00818879067003412,0.00017549398306344001
2030,P4,datum_ta,oracle_target,replace,0.25,0.006822289902441381,0.00750631406923188,-8.047343138700528e-06,0.0005329817263407799
2030,P4,datum_ta,oracle_target,replace,0.5,-0.00624257168325656,-0.0038809859852424002,-0.01536763977616,0.0006933095627197599
2030,P4,datum_ta,oracle_target,replace,0.75,-0.0008319714752637799,-8.356856336440115e-06,-0.01559637002921806,0.00041041450007431996
2030,P4,datum_ta,oracle_target,replace,1.0,0.00171841727331252,0.00357456791957608,,0.00087097013816664
2030,P4,datum_ta,source_only,append,0.0,-0.004148095874808059,-0.06656700341702569,-0.004148095874808059,0.06473561382657356
2030,P4,datum_ta,source_only,append,0.050332383665717,-0.00348326152627148,-0.06041976179864306,-0.004767431783291241,0.057970893378893676
2030,P4,datum_ta,source_only,append,0.0999099909990999,0.008640370425394981,-0.04996285841628276,0.00736084286633978,0.058603228841677756
2030,P4,datum_ta,source_only,append,0.2498124531132783,0.00363492299311644,-0.0425645644530282,0.0038144406477492003,0.04619948744614468
2030,P4,datum_ta,source_only,append,0.5,-0.008397712078443,-0.052999492398355816,-0.006318092903481379,0.0446017803199128
2030,P4,datum_ta,source_only,append,0.75,0.0008164958153814995,-0.06745406824146982,-0.0007183801317288598,0.06827056405685128
2030,P4,datum_ta,source_only,replace,0.0,-0.004148095874808059,-0.06656700341702569,-0.004148095874808059,0.06473561382657356
2030,P4,datum_ta,source_only,replace,0.05,0.005407814589214061,-0.04645205021542113,0.005620140642796999,0.05185986480463518
2030,P4,datum_ta,source_only,replace,0.1,0.0088573391769425,-0.04902224780864656,0.00818879067003412,0.05809593671074138
2030,P4,datum_ta,source_only,replace,0.25,0.006822289902441381,-0.04099471351458418,-8.047343138700528e-06,0.04781700341702556
2030,P4,datum_ta,source_only,replace,0.5,-0.00624257168325656,-0.04332488362303765,-0.01536763977616,0.03865046055563812
2030,P4,datum_ta,source_only,replace,0.75,-0.0008319714752637799,-0.19139491407913636,-0.01559637002921806,0.1905629426038726
2030,P4,datum_ta,source_only,replace,1.0,0.00171841727331252,,,
2030,P4,datum_ta,target_real_anchor,append,0.0,-0.004148095874808059,-0.00351947457039568,-0.004148095874808059,0.0008180433813697766
2030,P4,datum_ta,target_real_anchor,append,0.050332383665717,-0.00348326152627148,-0.0050750879017481395,-0.004767431783291241,0.0018084856138265
2030,P4,datum_ta,target_real_anchor,append,0.0999099909990999,0.008640370425394981,0.010109939087802722,0.00736084286633978,0.00045869855890654
2030,P4,datum_ta,target_real_anchor,append,0.2498124531132783,0.00363492299311644,0.004422943594314861,0.0038144406477492003,0.0007406650819590801
2030,P4,datum_ta,target_real_anchor,append,0.5,-0.008397712078443,-0.00430811419798936,-0.006318092903481379,0.0
2030,P4,datum_ta,target_real_anchor,append,0.75,0.0008164958153814995,0.0069609518149853205,-0.0007183801317288598,0.0
2030,P4,datum_ta,target_real_anchor,replace,0.0,-0.004148095874808059,-0.00351947457039568,-0.004148095874808059,0.0008180433813697766
2030,P4,datum_ta,target_real_anchor,replace,0.05,0.005407814589214061,0.0046541499529539785,0.005620140642796999,0.0009727999801911
2030,P4,datum_ta,target_real_anchor,replace,0.1,0.0088573391769425,0.007445030456098641,0.00818879067003412,0.00141230872084382
2030,P4,datum_ta,target_real_anchor,replace,0.25,0.006822289902441381,0.00737260436785022,-8.047343138700528e-06,0.0010062274055365398
2030,P4,datum_ta,target_real_anchor,replace,0.5,-0.00624257168325656,-0.00333717129698404,-0.01536763977616,0.0007084757094042401
2030,P4,datum_ta,target_real_anchor,replace,0.75,-0.0008319714752637799,0.0012266008022581798,-0.01559637002921806,0.00040391472292374
2030,P4,datum_ta,target_real_anchor,replace,1.0,0.00171841727331252,0.00665360520972606,,0.0
2030,P4,datum_transformer,oracle_target,append,0.0,-0.004148095874808059,-0.006644319813796801,-0.004148095874808059,0.00224118506413108
2030,P4,datum_transformer,oracle_target,append,0.050332383665717,-0.00348326152627148,-0.0064056851384142795,-0.004767431783291241,0.0014321175654930002
2030,P4,datum_transformer,oracle_target,append,0.0999099909990999,0.008640370425394981,0.00540502897043532,0.00736084286633978,0.0021752587530332198
2030,P4,datum_transformer,oracle_target,append,0.2498124531132783,0.00363492299311644,0.0019078393502698996,0.0038144406477492003,0.0015695414252463
2030,P4,datum_transformer,oracle_target,append,0.5,-0.008397712078443,-0.01188933046105084,-0.006318092903481379,0.0028985910959242597
2030,P4,datum_transformer,oracle_target,append,0.75,0.0008164958153814995,-0.00012163868667364013,-0.0007183801317288598,0.00108546278413302
2030,P4,datum_transformer,oracle_target,replace,0.0,-0.004148095874808059,-0.006644319813796801,-0.004148095874808059,0.00224118506413108
2030,P4,datum_transformer,oracle_target,replace,0.05,0.005407814589214061,0.0031477492200267807,0.005620140642796999,0.00270421680780458
2030,P4,datum_transformer,oracle_target,replace,0.1,0.0088573391769425,0.0069476427474867404,0.00818879067003412,0.00094153914722926
2030,P4,datum_transformer,oracle_target,replace,0.25,0.006822289902441381,0.005791610954291039,-8.047343138700528e-06,0.00031106076363092005
2030,P4,datum_transformer,oracle_target,replace,0.5,-0.00624257168325656,-0.005899012033873099,-0.01536763977616,0.00033829792502348
2030,P4,datum_transformer,oracle_target,replace,0.75,-0.0008319714752637799,-0.0009136829594414602,-0.01559637002921806,0.0010418214232655
2030,P4,datum_transformer,oracle_target,replace,1.0,0.00171841727331252,0.00313846382409742,,2.0427871044420002e-05
2030,P4,datum_transformer,source_only,append,0.0,-0.004148095874808059,,-0.004148095874808059,
2030,P4,datum_transformer,source_only,append,0.050332383665717,-0.00348326152627148,,-0.004767431783291241,
2030,P4,datum_transformer,source_only,append,0.0999099909990999,0.008640370425394981,,0.00736084286633978,
2030,P4,datum_transformer,source_only,append,0.2498124531132783,0.00363492299311644,,0.0038144406477492003,
2030,P4,datum_transformer,source_only,append,0.5,-0.008397712078443,,-0.006318092903481379,
2030,P4,datum_transformer,source_only,append,0.75,0.0008164958153814995,,-0.0007183801317288598,
2030,P4,datum_transformer,source_only,replace,0.0,-0.004148095874808059,,-0.004148095874808059,
2030,P4,datum_transformer,source_only,replace,0.05,0.005407814589214061,,0.005620140642796999,
2030,P4,datum_transformer,source_only,replace,0.1,0.0088573391769425,,0.00818879067003412,
2030,P4,datum_transformer,source_only,replace,0.25,0.006822289902441381,,-8.047343138700528e-06,
2030,P4,datum_transformer,source_only,replace,0.5,-0.00624257168325656,,-0.01536763977616,
2030,P4,datum_transformer,source_only,replace,0.75,-0.0008319714752637799,,-0.01559637002921806,
2030,P4,datum_transformer,source_only,replace,1.0,0.00171841727331252,,,
2030,P4,datum_transformer,target_real_anchor,append,0.0,-0.004148095874808059,-0.00573620809191302,-0.004148095874808059,0.0016459911850641002
2030,P4,datum_transformer,target_real_anchor,append,0.050332383665717,-0.00348326152627148,-0.0054403134749665795,-0.004767431783291241,0.0019570519486950396
2030,P4,datum_transformer,target_real_anchor,append,0.0999099909990999,0.008640370425394981,0.00539295795572724,0.00736084286633978,0.00324741246966768
2030,P4,datum_transformer,target_real_anchor,append,0.2498124531132783,0.00363492299311644,0.0024330832466697002,0.0038144406477492003,0.0012018397464467
2030,P4,datum_transformer,target_real_anchor,append,0.5,-0.008397712078443,-0.0105349007081661,-0.006318092903481379,0.00213718862972306
2030,P4,datum_transformer,target_real_anchor,append,0.75,0.0008164958153814995,0.00012813846382405997,-0.0007183801317288598,0.00075830733422464
2030,P4,datum_transformer,target_real_anchor,replace,0.0,-0.004148095874808059,-0.00573620809191302,-0.004148095874808059,0.0016459911850641002
2030,P4,datum_transformer,target_real_anchor,replace,0.05,0.005407814589214061,0.0033792650918634997,0.005620140642796999,0.0020988089932154003
2030,P4,datum_transformer,target_real_anchor,replace,0.1,0.0088573391769425,0.00841875897588268,0.00818879067003412,0.0009211112761848
2030,P4,datum_transformer,target_real_anchor,replace,0.25,0.006822289902441381,0.0062116203634923,-8.047343138700528e-06,0.00098827564007322
2030,P4,datum_transformer,target_real_anchor,replace,0.5,-0.00624257168325656,-0.00566192492447878,-0.01536763977616,0.00021015946119944
2030,P4,datum_transformer,target_real_anchor,replace,0.75,-0.0008319714752637799,-0.0010650349130887403,-0.01559637002921806,0.00074964096469074
2030,P4,datum_transformer,target_real_anchor,replace,1.0,0.00171841727331252,0.0026967884910612198,,3.590353092658e-05
2030,P4,flat_transformer,oracle_target,append,0.0,-0.004148095874808059,-0.00528772346852862,-0.004148095874808059,5.8497994354459997e-05
2030,P4,flat_transformer,oracle_target,append,0.050332383665717,-0.00348326152627148,-0.00571763730005446,-0.004767431783291241,0.0012049348784231955
2030,P4,flat_transformer,oracle_target,append,0.0999099909990999,0.008640370425394981,0.0067278883771604,0.00736084286633978,0.0001355667805675
2030,P4,flat_transformer,oracle_target,append,0.2498124531132783,0.00363492299311644,0.00169118011192002,0.0038144406477492003,0.0021139751398999403
2030,P4,flat_transformer,oracle_target,append,0.5,-0.008397712078443,-0.0098236393799831,-0.006318092903481379,0.0015593274897241199
2030,P4,flat_transformer,oracle_target,append,0.75,0.0008164958153814995,0.00013618580696277954,-0.0007183801317288598,0.0006803100084186806
2030,P4,flat_transformer,oracle_target,replace,0.0,-0.004148095874808059,-0.00528772346852862,-0.004148095874808059,5.8497994354459997e-05
2030,P4,flat_transformer,oracle_target,replace,0.05,0.005407814589214061,0.0007849254692219601,0.005620140642796999,0.0
2030,P4,flat_transformer,oracle_target,replace,0.1,0.0088573391769425,0.007042972812360719,0.00818879067003412,0.0019199103649779
2030,P4,flat_transformer,oracle_target,replace,0.25,0.006822289902441381,0.006031793195661821,-8.047343138700528e-06,0.00087468429653838
2030,P4,flat_transformer,oracle_target,replace,0.5,-0.00624257168325656,-0.0066616525528648395,-0.01536763977616,0.00095918139949492
2030,P4,flat_transformer,oracle_target,replace,0.75,-0.0008319714752637799,-0.00197036101619374,-0.01559637002921806,0.00117862625662352
2030,P4,flat_transformer,oracle_target,replace,1.0,0.00171841727331252,0.0019236245233496597,,0.0005654806120932801
2030,P4,flat_transformer,source_only,append,0.0,-0.004148095874808059,-0.03325440746793436,-0.004148095874808059,0.0291063115931263
2030,P4,flat_transformer,source_only,append,0.050332383665717,-0.00348326152627148,-0.01859369583519038,-0.004767431783291241,0.01521535928291976
2030,P4,flat_transformer,source_only,append,0.0999099909990999,0.008640370425394981,-0.00559537958698558,0.00736084286633978,0.0163274402020502
2030,P4,flat_transformer,source_only,append,0.2498124531132783,0.00363492299311644,-0.0034052642004654813,0.0038144406477492003,0.00963824097459514
2030,P4,flat_transformer,source_only,append,0.5,-0.008397712078443,-0.0186562175011142,-0.006318092903481379,0.01486839498836226
2030,P4,flat_transformer,source_only,append,0.75,0.0008164958153814995,-0.0009208017629871397,-0.0007183801317288598,0.0042935670777001205
2030,P4,flat_transformer,source_only,replace,0.0,-0.004148095874808059,-0.03325440746793436,-0.004148095874808059,0.0291063115931263
2030,P4,flat_transformer,source_only,replace,0.05,0.005407814589214061,-0.01924800673500716,0.005620140642796999,0.02465582132422122
2030,P4,flat_transformer,source_only,replace,0.1,0.0088573391769425,-0.00854287376813746,0.00818879067003412,0.017400212945079964
2030,P4,flat_transformer,source_only,replace,0.25,0.006822289902441381,-0.01389002377061356,-8.047343138700528e-06,0.02071231367305492
2030,P4,flat_transformer,source_only,replace,0.5,-0.00624257168325656,-0.03616166493339272,-0.01536763977616,0.02991909325013618
2030,P4,flat_transformer,source_only,replace,0.75,-0.0008319714752637799,-0.011623149111078082,-0.01559637002921806,0.014656378447977
2030,P4,flat_transformer,source_only,replace,1.0,0.00171841727331252,-0.0282115089387411,,0.02992992621205362
2030,P4,flat_transformer,target_real_anchor,append,0.0,-0.004148095874808059,-0.00506394542663294,-0.004148095874808059,0.0009520625959490599
2030,P4,flat_transformer,target_real_anchor,append,0.050332383665717,-0.00348326152627148,-0.0055938320209974,-0.004767431783291241,0.00212078443024806
2030,P4,flat_transformer,target_real_anchor,append,0.0999099909990999,0.008640370425394981,0.00702316396771162,0.00736084286633978,0.0016172064576833
2030,P4,flat_transformer,target_real_anchor,append,0.2498124531132783,0.00363492299311644,0.0020746669637993396,0.0038144406477492003,0.0017697964641212199
2030,P4,flat_transformer,target_real_anchor,append,0.5,-0.008397712078443,-0.009444795226068359,-0.006318092903481379,0.0013841430198583001
2030,P4,flat_transformer,target_real_anchor,append,0.75,0.0008164958153814995,0.00024080126776602034,-0.0007183801317288598,0.00059705095825278
2030,P4,flat_transformer,target_real_anchor,replace,0.0,-0.004148095874808059,-0.00506394542663294,-0.004148095874808059,0.0009520625959490599
2030,P4,flat_transformer,target_real_anchor,replace,0.05,0.005407814589214061,0.0010442975288466605,0.005620140642796999,0.00436351706036738
2030,P4,flat_transformer,target_real_anchor,replace,0.1,0.0088573391769425,0.007324939335413181,0.00818879067003412,0.00206414351507954
2030,P4,flat_transformer,target_real_anchor,replace,0.25,0.006822289902441381,0.0067111746644876995,-8.047343138700528e-06,0.0007251894220769
2030,P4,flat_transformer,target_real_anchor,replace,0.5,-0.00624257168325656,-0.00665329569652844,-0.01536763977616,0.0009681572822265001
2030,P4,flat_transformer,target_real_anchor,replace,0.75,-0.0008319714752637799,-0.00165527658099342,-0.01559637002921806,0.0009009929183379599
2030,P4,flat_transformer,target_real_anchor,replace,1.0,0.00171841727331252,0.00197995592532062,,0.00054907641261816
