protocol,detector,calibration_policy,contamination_mode,true_prevalence,metric,n_seeds,mean,std,ci95_low,ci95_high
P1,c2st_lr,oracle_target,append,0.0,detection_auroc,5,0.7025591795486675,0.004812292130375425,0.696583929661541,0.708534429435794
P1,c2st_lr,oracle_target,append,0.0,contaminated_utility_delta,5,0.0019617881469842858,0.0024091826388047497,-0.0010296072007171145,0.004953183494685686
P1,c2st_lr,oracle_target,append,0.0,detector_cleanup_delta,5,0.0017741802915056983,0.003076736545135496,-0.002046092708546877,0.005594453291558273
P1,c2st_lr,oracle_target,append,0.0,decision_regret,5,0.00025980652770050245,0.0003092987553350372,-0.00012423860148824765,0.0006438516568892526
P1,c2st_lr,oracle_target,append,0.050332383665717,detection_auroc,5,0.7025591795486675,0.004812292130375425,0.696583929661541,0.708534429435794
P1,c2st_lr,oracle_target,append,0.050332383665717,contaminated_utility_delta,5,0.001549434554059192,0.0013407134102027007,-0.00011528101929849668,0.0032141501274168807
P1,c2st_lr,oracle_target,append,0.050332383665717,detector_cleanup_delta,5,0.0016464280181125134,0.0014795778065739926,-0.0001907104768517061,0.0034835665130767326
P1,c2st_lr,oracle_target,append,0.050332383665717,decision_regret,5,0.0004285000804799863,0.000411028780118047,-8.185955801820374e-05,0.0009388597189781763
P1,c2st_lr,oracle_target,append,0.0999099909990999,detection_auroc,5,0.7025591795486675,0.004812292130375425,0.696583929661541,0.708534429435794
P1,c2st_lr,oracle_target,append,0.0999099909990999,contaminated_utility_delta,5,0.00045941775493377364,0.0018992490628323947,-0.0018988114300074492,0.0028176469398749964
P1,c2st_lr,oracle_target,append,0.0999099909990999,detector_cleanup_delta,5,5.787863724027869e-06,0.001590733811920697,-0.0019693690412633394,0.001980944768711395
P1,c2st_lr,oracle_target,append,0.0999099909990999,decision_regret,5,0.00034316919452705467,0.0002776513264611984,-1.5804615933354897e-06,0.0006879188506474449
P1,c2st_lr,oracle_target,append,0.2498124531132783,detection_auroc,5,0.7025591795486675,0.004812292130375425,0.696583929661541,0.708534429435794
P1,c2st_lr,oracle_target,append,0.2498124531132783,contaminated_utility_delta,5,0.0011612561561281595,0.0015960077922026025,-0.0008204492603024864,0.0031429615725588056
P1,c2st_lr,oracle_target,append,0.2498124531132783,detector_cleanup_delta,5,0.00041994453468789997,0.0017920899586790391,-0.0018052290485463343,0.0026451181179221344
P1,c2st_lr,oracle_target,append,0.2498124531132783,decision_regret,5,0.00108841023261492,0.0005779511162499264,0.0003707891388457081,0.001806031326384132
P1,c2st_lr,oracle_target,append,0.5,detection_auroc,5,0.7025591795486675,0.004812292130375425,0.696583929661541,0.708534429435794
P1,c2st_lr,oracle_target,append,0.5,contaminated_utility_delta,5,0.0006980329701632795,0.0011150592904665927,-0.0006864960066717222,0.002082561946998281
P1,c2st_lr,oracle_target,append,0.5,detector_cleanup_delta,5,0.000484552733098792,0.0015004729761670338,-0.0013785305416854686,0.0023476360078830525
P1,c2st_lr,oracle_target,append,0.5,decision_regret,5,0.000616966031487884,0.00039014904931323574,0.00013253200302221414,0.0011014000599535538
P1,c2st_lr,oracle_target,append,0.75,detection_auroc,5,0.7025591795486675,0.004812292130375425,0.696583929661541,0.708534429435794
P1,c2st_lr,oracle_target,append,0.75,contaminated_utility_delta,5,0.0006673256346091748,0.0014305221334925016,-0.0011089021971821037,0.002443553466400453
P1,c2st_lr,oracle_target,append,0.75,detector_cleanup_delta,5,-0.0001923264282224643,0.0018328143372071627,-0.002468066006124292,0.002083413149679363
P1,c2st_lr,oracle_target,append,0.75,decision_regret,5,0.0010578632591411235,0.0008740278074876824,-2.7385602845301886e-05,0.002143112121127549
P1,c2st_lr,oracle_target,replace,0.0,detection_auroc,5,0.7025591795486675,0.004812292130375425,0.696583929661541,0.708534429435794
P1,c2st_lr,oracle_target,replace,0.0,contaminated_utility_delta,5,0.0019617881469842858,0.0024091826388047497,-0.0010296072007171145,0.004953183494685686
P1,c2st_lr,oracle_target,replace,0.0,detector_cleanup_delta,5,0.0017741802915056983,0.003076736545135496,-0.002046092708546877,0.005594453291558273
P1,c2st_lr,oracle_target,replace,0.0,decision_regret,5,0.00025980652770050245,0.0003092987553350372,-0.00012423860148824765,0.0006438516568892526
P1,c2st_lr,oracle_target,replace,0.05,detection_auroc,5,0.7025591795486675,0.004812292130375425,0.696583929661541,0.708534429435794
P1,c2st_lr,oracle_target,replace,0.05,contaminated_utility_delta,5,0.000981961711454388,0.0011112152373502554,-0.0003977942430188749,0.002361717665927651
P1,c2st_lr,oracle_target,replace,0.05,detector_cleanup_delta,5,0.0006279635976759481,0.0013517312127180221,-0.0010504323844043341,0.00230635957975623
P1,c2st_lr,oracle_target,replace,0.05,decision_regret,5,0.00023190962268152012,0.0002536161238125297,-8.299638762048636e-05,0.0005468156329835266
P1,c2st_lr,oracle_target,replace,0.1,detection_auroc,5,0.7025591795486675,0.004812292130375425,0.696583929661541,0.708534429435794
P1,c2st_lr,oracle_target,replace,0.1,contaminated_utility_delta,5,-0.0016563349166229002,0.0017045124746488405,-0.0037727666908835716,0.00046009685763777125
P1,c2st_lr,oracle_target,replace,0.1,detector_cleanup_delta,5,-0.001548395496043568,0.001650070909075249,-0.0035972291383256612,0.0005004381462385254
P1,c2st_lr,oracle_target,replace,0.1,decision_regret,5,0.000434577685547364,0.00037688658556588516,-3.338881915573806e-05,0.0009025441902504661
P1,c2st_lr,oracle_target,replace,0.25,detection_auroc,5,0.7025591795486675,0.004812292130375425,0.696583929661541,0.708534429435794
P1,c2st_lr,oracle_target,replace,0.25,contaminated_utility_delta,5,-0.0015615012498067758,0.0021663917672097204,-0.004251431913156115,0.0011284294135425637
P1,c2st_lr,oracle_target,replace,0.25,detector_cleanup_delta,5,-0.0020403673565603277,0.003064907989092387,-0.005845953264423439,0.001765218551302784
P1,c2st_lr,oracle_target,replace,0.25,decision_regret,5,0.0009338769576208959,0.0007966028813895266,-5.523616106586243e-05,0.0019229900763076543
P1,c2st_lr,oracle_target,replace,0.5,detection_auroc,5,0.7025591795486675,0.004812292130375425,0.696583929661541,0.708534429435794
P1,c2st_lr,oracle_target,replace,0.5,contaminated_utility_delta,5,-0.0039045991161367013,0.002477022889296461,-0.006980229260502784,-0.0008289689717706182
P1,c2st_lr,oracle_target,replace,0.5,detector_cleanup_delta,5,-0.004025743030695353,0.002708192803738166,-0.007388408535291546,-0.0006630775260991605
P1,c2st_lr,oracle_target,replace,0.5,decision_regret,5,0.0007524158316150586,0.0005627468287743719,5.367335422258297e-05,0.001451158309007534
P1,c2st_lr,oracle_target,replace,0.75,detection_auroc,5,0.7025591795486675,0.004812292130375425,0.696583929661541,0.708534429435794
P1,c2st_lr,oracle_target,replace,0.75,contaminated_utility_delta,5,-0.0077840147670449,0.002324817996375891,-0.010670657575521053,-0.004897371958568748
P1,c2st_lr,oracle_target,replace,0.75,detector_cleanup_delta,5,-0.007489191998262748,0.002111640993586552,-0.010111140597130395,-0.004867243399395101
P1,c2st_lr,oracle_target,replace,0.75,decision_regret,5,0.00093894105968234,0.0008316881875601701,-9.373622054246284e-05,0.001971618339907143
P1,c2st_lr,oracle_target,replace,1.0,detection_auroc,5,0.7025591795486675,0.004812292130375425,0.696583929661541,0.708534429435794
P1,c2st_lr,oracle_target,replace,1.0,contaminated_utility_delta,5,-0.014178874610895056,0.0032662694336777856,-0.01823448377512616,-0.010123265446663952
P1,c2st_lr,oracle_target,replace,1.0,detector_cleanup_delta,5,-0.013985591971901018,0.0027335412036647005,-0.01737973167209806,-0.010591452271703976
P1,c2st_lr,oracle_target,replace,1.0,decision_regret,5,0.0010269218817886,0.0008648782886491014,-4.696635205507244e-05,0.0021008101156322723
P1,c2st_lr,source_only,append,0.0,detection_auroc,5,0.7025591795486675,0.004812292130375425,0.696583929661541,0.708534429435794
P1,c2st_lr,source_only,append,0.0,contaminated_utility_delta,5,0.0019617881469842858,0.0024091826388047497,-0.0010296072007171145,0.004953183494685686
P1,c2st_lr,source_only,append,0.0,detector_cleanup_delta,5,0.0017741802915056983,0.003076736545135496,-0.002046092708546877,0.005594453291558273
P1,c2st_lr,source_only,append,0.0,decision_regret,5,0.00025980652770050245,0.0003092987553350372,-0.00012423860148824765,0.0006438516568892526
P1,c2st_lr,source_only,append,0.050332383665717,detection_auroc,5,0.7025591795486675,0.004812292130375425,0.696583929661541,0.708534429435794
P1,c2st_lr,source_only,append,0.050332383665717,contaminated_utility_delta,5,0.001549434554059192,0.0013407134102027007,-0.00011528101929849668,0.0032141501274168807
P1,c2st_lr,source_only,append,0.050332383665717,detector_cleanup_delta,5,0.0016464280181125134,0.0014795778065739926,-0.0001907104768517061,0.0034835665130767326
P1,c2st_lr,source_only,append,0.050332383665717,decision_regret,5,0.0004285000804799863,0.000411028780118047,-8.185955801820374e-05,0.0009388597189781763
P1,c2st_lr,source_only,append,0.0999099909990999,detection_auroc,5,0.7025591795486675,0.004812292130375425,0.696583929661541,0.708534429435794
P1,c2st_lr,source_only,append,0.0999099909990999,contaminated_utility_delta,5,0.00045941775493377364,0.0018992490628323947,-0.0018988114300074492,0.0028176469398749964
P1,c2st_lr,source_only,append,0.0999099909990999,detector_cleanup_delta,5,5.787863724027869e-06,0.001590733811920697,-0.0019693690412633394,0.001980944768711395
P1,c2st_lr,source_only,append,0.0999099909990999,decision_regret,5,0.00034316919452705467,0.0002776513264611984,-1.5804615933354897e-06,0.0006879188506474449
P1,c2st_lr,source_only,append,0.2498124531132783,detection_auroc,5,0.7025591795486675,0.004812292130375425,0.696583929661541,0.708534429435794
P1,c2st_lr,source_only,append,0.2498124531132783,contaminated_utility_delta,5,0.0011612561561281595,0.0015960077922026025,-0.0008204492603024864,0.0031429615725588056
P1,c2st_lr,source_only,append,0.2498124531132783,detector_cleanup_delta,5,0.00041994453468789997,0.0017920899586790391,-0.0018052290485463343,0.0026451181179221344
P1,c2st_lr,source_only,append,0.2498124531132783,decision_regret,5,0.00108841023261492,0.0005779511162499264,0.0003707891388457081,0.001806031326384132
P1,c2st_lr,source_only,append,0.5,detection_auroc,5,0.7025591795486675,0.004812292130375425,0.696583929661541,0.708534429435794
P1,c2st_lr,source_only,append,0.5,contaminated_utility_delta,5,0.0006980329701632795,0.0011150592904665927,-0.0006864960066717222,0.002082561946998281
P1,c2st_lr,source_only,append,0.5,detector_cleanup_delta,5,0.000484552733098792,0.0015004729761670338,-0.0013785305416854686,0.0023476360078830525
P1,c2st_lr,source_only,append,0.5,decision_regret,5,0.000616966031487884,0.00039014904931323574,0.00013253200302221414,0.0011014000599535538
P1,c2st_lr,source_only,append,0.75,detection_auroc,5,0.7025591795486675,0.004812292130375425,0.696583929661541,0.708534429435794
P1,c2st_lr,source_only,append,0.75,contaminated_utility_delta,5,0.0006673256346091748,0.0014305221334925016,-0.0011089021971821037,0.002443553466400453
P1,c2st_lr,source_only,append,0.75,detector_cleanup_delta,5,-0.0001923264282224643,0.0018328143372071627,-0.002468066006124292,0.002083413149679363
P1,c2st_lr,source_only,append,0.75,decision_regret,5,0.0010578632591411235,0.0008740278074876824,-2.7385602845301886e-05,0.002143112121127549
P1,c2st_lr,source_only,replace,0.0,detection_auroc,5,0.7025591795486675,0.004812292130375425,0.696583929661541,0.708534429435794
P1,c2st_lr,source_only,replace,0.0,contaminated_utility_delta,5,0.0019617881469842858,0.0024091826388047497,-0.0010296072007171145,0.004953183494685686
P1,c2st_lr,source_only,replace,0.0,detector_cleanup_delta,5,0.0017741802915056983,0.003076736545135496,-0.002046092708546877,0.005594453291558273
P1,c2st_lr,source_only,replace,0.0,decision_regret,5,0.00025980652770050245,0.0003092987553350372,-0.00012423860148824765,0.0006438516568892526
P1,c2st_lr,source_only,replace,0.05,detection_auroc,5,0.7025591795486675,0.004812292130375425,0.696583929661541,0.708534429435794
P1,c2st_lr,source_only,replace,0.05,contaminated_utility_delta,5,0.000981961711454388,0.0011112152373502554,-0.0003977942430188749,0.002361717665927651
P1,c2st_lr,source_only,replace,0.05,detector_cleanup_delta,5,0.0006279635976759481,0.0013517312127180221,-0.0010504323844043341,0.00230635957975623
P1,c2st_lr,source_only,replace,0.05,decision_regret,5,0.00023190962268152012,0.0002536161238125297,-8.299638762048636e-05,0.0005468156329835266
P1,c2st_lr,source_only,replace,0.1,detection_auroc,5,0.7025591795486675,0.004812292130375425,0.696583929661541,0.708534429435794
P1,c2st_lr,source_only,replace,0.1,contaminated_utility_delta,5,-0.0016563349166229002,0.0017045124746488405,-0.0037727666908835716,0.00046009685763777125
P1,c2st_lr,source_only,replace,0.1,detector_cleanup_delta,5,-0.001548395496043568,0.001650070909075249,-0.0035972291383256612,0.0005004381462385254
P1,c2st_lr,source_only,replace,0.1,decision_regret,5,0.000434577685547364,0.00037688658556588516,-3.338881915573806e-05,0.0009025441902504661
P1,c2st_lr,source_only,replace,0.25,detection_auroc,5,0.7025591795486675,0.004812292130375425,0.696583929661541,0.708534429435794
P1,c2st_lr,source_only,replace,0.25,contaminated_utility_delta,5,-0.0015615012498067758,0.0021663917672097204,-0.004251431913156115,0.0011284294135425637
P1,c2st_lr,source_only,replace,0.25,detector_cleanup_delta,5,-0.0020403673565603277,0.003064907989092387,-0.005845953264423439,0.001765218551302784
P1,c2st_lr,source_only,replace,0.25,decision_regret,5,0.0009338769576208959,0.0007966028813895266,-5.523616106586243e-05,0.0019229900763076543
P1,c2st_lr,source_only,replace,0.5,detection_auroc,5,0.7025591795486675,0.004812292130375425,0.696583929661541,0.708534429435794
P1,c2st_lr,source_only,replace,0.5,contaminated_utility_delta,5,-0.0039045991161367013,0.002477022889296461,-0.006980229260502784,-0.0008289689717706182
P1,c2st_lr,source_only,replace,0.5,detector_cleanup_delta,5,-0.004025743030695353,0.002708192803738166,-0.007388408535291546,-0.0006630775260991605
P1,c2st_lr,source_only,replace,0.5,decision_regret,5,0.0007524158316150586,0.0005627468287743719,5.367335422258297e-05,0.001451158309007534
P1,c2st_lr,source_only,replace,0.75,detection_auroc,5,0.7025591795486675,0.004812292130375425,0.696583929661541,0.708534429435794
P1,c2st_lr,source_only,replace,0.75,contaminated_utility_delta,5,-0.0077840147670449,0.002324817996375891,-0.010670657575521053,-0.004897371958568748
P1,c2st_lr,source_only,replace,0.75,detector_cleanup_delta,5,-0.007489191998262748,0.002111640993586552,-0.010111140597130395,-0.004867243399395101
P1,c2st_lr,source_only,replace,0.75,decision_regret,5,0.00093894105968234,0.0008316881875601701,-9.373622054246284e-05,0.001971618339907143
P1,c2st_lr,source_only,replace,1.0,detection_auroc,5,0.7025591795486675,0.004812292130375425,0.696583929661541,0.708534429435794
P1,c2st_lr,source_only,replace,1.0,contaminated_utility_delta,5,-0.014178874610895056,0.0032662694336777856,-0.01823448377512616,-0.010123265446663952
P1,c2st_lr,source_only,replace,1.0,detector_cleanup_delta,5,-0.013985591971901018,0.0027335412036647005,-0.01737973167209806,-0.010591452271703976
P1,c2st_lr,source_only,replace,1.0,decision_regret,5,0.0010269218817886,0.0008648782886491014,-4.696635205507244e-05,0.0021008101156322723
P1,c2st_lr,target_real_anchor,append,0.0,detection_auroc,5,0.7025591795486675,0.004812292130375425,0.696583929661541,0.708534429435794
P1,c2st_lr,target_real_anchor,append,0.0,contaminated_utility_delta,5,0.0019617881469842858,0.0024091826388047497,-0.0010296072007171145,0.004953183494685686
P1,c2st_lr,target_real_anchor,append,0.0,detector_cleanup_delta,5,0.001854679729716304,0.003083536814295323,-0.0019740369197301243,0.005683396379162733
P1,c2st_lr,target_real_anchor,append,0.0,decision_regret,5,0.0003193194207199987,0.00033335376854756206,-9.459395235105942e-05,0.0007332327937910569
P1,c2st_lr,target_real_anchor,append,0.050332383665717,detection_auroc,5,0.7025591795486675,0.004812292130375425,0.696583929661541,0.708534429435794
P1,c2st_lr,target_real_anchor,append,0.050332383665717,contaminated_utility_delta,5,0.001549434554059192,0.0013407134102027007,-0.00011528101929849668,0.0032141501274168807
P1,c2st_lr,target_real_anchor,append,0.050332383665717,detector_cleanup_delta,5,0.0015293335132172841,0.0016859493207798712,-0.0005640490611911711,0.0036227160876257393
P1,c2st_lr,target_real_anchor,append,0.050332383665717,decision_regret,5,0.00039128012692342406,0.00043541747203570133,-0.00014936207229220054,0.0009319223261390487
P1,c2st_lr,target_real_anchor,append,0.0999099909990999,detection_auroc,5,0.7025591795486675,0.004812292130375425,0.696583929661541,0.708534429435794
P1,c2st_lr,target_real_anchor,append,0.0999099909990999,contaminated_utility_delta,5,0.00045941775493377364,0.0018992490628323947,-0.0018988114300074492,0.0028176469398749964
P1,c2st_lr,target_real_anchor,append,0.0999099909990999,detector_cleanup_delta,5,6.379761855749202e-05,0.0014969684098922347,-0.0017949341624540313,0.0019225293995690155
P1,c2st_lr,target_real_anchor,append,0.0999099909990999,decision_regret,5,0.0003173239388735894,0.00028741703006052497,-3.955143982321352e-05,0.0006741993175703923
P1,c2st_lr,target_real_anchor,append,0.2498124531132783,detection_auroc,5,0.7025591795486675,0.004812292130375425,0.696583929661541,0.708534429435794
P1,c2st_lr,target_real_anchor,append,0.2498124531132783,contaminated_utility_delta,5,0.0011612561561281595,0.0015960077922026025,-0.0008204492603024864,0.0031429615725588056
P1,c2st_lr,target_real_anchor,append,0.2498124531132783,detector_cleanup_delta,5,0.00043394046195089996,0.002031863025224197,-0.002088950705751372,0.002956831629653172
P1,c2st_lr,target_real_anchor,append,0.2498124531132783,decision_regret,5,0.0010693257304186684,0.0005524584929400603,0.0003833579092330871,0.0017552935516042495
P1,c2st_lr,target_real_anchor,append,0.5,detection_auroc,5,0.7025591795486675,0.004812292130375425,0.696583929661541,0.708534429435794
P1,c2st_lr,target_real_anchor,append,0.5,contaminated_utility_delta,5,0.0006980329701632795,0.0011150592904665927,-0.0006864960066717222,0.002082561946998281
P1,c2st_lr,target_real_anchor,append,0.5,detector_cleanup_delta,5,0.0005625954151631215,0.0014474887684315597,-0.0012346992764026513,0.0023598901067288943
P1,c2st_lr,target_real_anchor,append,0.5,decision_regret,5,0.0006026624583088719,0.0003138407640411268,0.0002129776804302422,0.0009923472361875016
P1,c2st_lr,target_real_anchor,append,0.75,detection_auroc,5,0.7025591795486675,0.004812292130375425,0.696583929661541,0.708534429435794
P1,c2st_lr,target_real_anchor,append,0.75,contaminated_utility_delta,5,0.0006673256346091748,0.0014305221334925016,-0.0011089021971821037,0.002443553466400453
P1,c2st_lr,target_real_anchor,append,0.75,detector_cleanup_delta,5,1.5094336406432182e-05,0.0013891766485428746,-0.0017097962952346184,0.0017399849680474829
P1,c2st_lr,target_real_anchor,append,0.75,decision_regret,5,0.0009053242291313663,0.0007248717177045036,5.277113941562169e-06,0.0018053713443211706
P1,c2st_lr,target_real_anchor,replace,0.0,detection_auroc,5,0.7025591795486675,0.004812292130375425,0.696583929661541,0.708534429435794
P1,c2st_lr,target_real_anchor,replace,0.0,contaminated_utility_delta,5,0.0019617881469842858,0.0024091826388047497,-0.0010296072007171145,0.004953183494685686
P1,c2st_lr,target_real_anchor,replace,0.0,detector_cleanup_delta,5,0.001854679729716304,0.003083536814295323,-0.0019740369197301243,0.005683396379162733
P1,c2st_lr,target_real_anchor,replace,0.0,decision_regret,5,0.0003193194207199987,0.00033335376854756206,-9.459395235105942e-05,0.0007332327937910569
P1,c2st_lr,target_real_anchor,replace,0.05,detection_auroc,5,0.7025591795486675,0.004812292130375425,0.696583929661541,0.708534429435794
P1,c2st_lr,target_real_anchor,replace,0.05,contaminated_utility_delta,5,0.000981961711454388,0.0011112152373502554,-0.0003977942430188749,0.002361717665927651
P1,c2st_lr,target_real_anchor,replace,0.05,detector_cleanup_delta,5,0.0007894921483333159,0.0013773069056310578,-0.0009206602508661977,0.0024996445475328295
P1,c2st_lr,target_real_anchor,replace,0.05,decision_regret,5,0.0002256947896835761,0.0002356403856217646,-6.689139366582094e-05,0.0005182809730329731
P1,c2st_lr,target_real_anchor,replace,0.1,detection_auroc,5,0.7025591795486675,0.004812292130375425,0.696583929661541,0.708534429435794
P1,c2st_lr,target_real_anchor,replace,0.1,contaminated_utility_delta,5,-0.0016563349166229002,0.0017045124746488405,-0.0037727666908835716,0.00046009685763777125
P1,c2st_lr,target_real_anchor,replace,0.1,detector_cleanup_delta,5,-0.0016322696463842799,0.0016423487418544909,-0.0036715149516402487,0.00040697565887168894
P1,c2st_lr,target_real_anchor,replace,0.1,decision_regret,5,0.0004113817448468908,0.0003922453181791689,-7.565514520016357e-05,0.0008984186348939451
P1,c2st_lr,target_real_anchor,replace,0.25,detection_auroc,5,0.7025591795486675,0.004812292130375425,0.696583929661541,0.708534429435794
P1,c2st_lr,target_real_anchor,replace,0.25,contaminated_utility_delta,5,-0.0015615012498067758,0.0021663917672097204,-0.004251431913156115,0.0011284294135425637
P1,c2st_lr,target_real_anchor,replace,0.25,detector_cleanup_delta,5,-0.0020484174391642036,0.003007637921561831,-0.0057828931659999255,0.0016860582876715184
P1,c2st_lr,target_real_anchor,replace,0.25,decision_regret,5,0.000914286833250764,0.0007823408926414081,-5.711768746466861e-05,0.0018856913539661967
P1,c2st_lr,target_real_anchor,replace,0.5,detection_auroc,5,0.7025591795486675,0.004812292130375425,0.696583929661541,0.708534429435794
P1,c2st_lr,target_real_anchor,replace,0.5,contaminated_utility_delta,5,-0.0039045991161367013,0.002477022889296461,-0.006980229260502784,-0.0008289689717706182
P1,c2st_lr,target_real_anchor,replace,0.5,detector_cleanup_delta,5,-0.004100769508084879,0.0027801045086706918,-0.007552725187745241,-0.0006488138284245163
P1,c2st_lr,target_real_anchor,replace,0.5,decision_regret,5,0.000770964274081351,0.0006345071376891851,-1.6880395390628808e-05,0.0015588089435533308
P1,c2st_lr,target_real_anchor,replace,0.75,detection_auroc,5,0.7025591795486675,0.004812292130375425,0.696583929661541,0.708534429435794
P1,c2st_lr,target_real_anchor,replace,0.75,contaminated_utility_delta,5,-0.0077840147670449,0.002324817996375891,-0.010670657575521053,-0.004897371958568748
P1,c2st_lr,target_real_anchor,replace,0.75,detector_cleanup_delta,5,-0.007495569118791935,0.002103937497629047,-0.01010795256406884,-0.00488318567351503
P1,c2st_lr,target_real_anchor,replace,0.75,decision_regret,5,0.0008903172355421483,0.0007303615590470909,-1.6546417998596985e-05,0.0017971808890828937
P1,c2st_lr,target_real_anchor,replace,1.0,detection_auroc,5,0.7025591795486675,0.004812292130375425,0.696583929661541,0.708534429435794
P1,c2st_lr,target_real_anchor,replace,1.0,contaminated_utility_delta,5,-0.014178874610895056,0.0032662694336777856,-0.01823448377512616,-0.010123265446663952
P1,c2st_lr,target_real_anchor,replace,1.0,detector_cleanup_delta,5,-0.014291236172098484,0.0027074072318852833,-0.01765292626040695,-0.010929546083790018
P1,c2st_lr,target_real_anchor,replace,1.0,decision_regret,5,0.0013319292228855038,0.0012031060733431135,-0.0001619242744049375,0.002825782720175945
P1,c2st_xgb,oracle_target,append,0.0,detection_auroc,5,0.938834630809622,0.002138294116337307,0.9361795879877951,0.941489673631449
P1,c2st_xgb,oracle_target,append,0.0,contaminated_utility_delta,5,0.0019617881469842858,0.0024091826388047497,-0.0010296072007171145,0.004953183494685686
P1,c2st_xgb,oracle_target,append,0.0,detector_cleanup_delta,5,0.001448347280498628,0.0022861587022747864,-0.0013902936742962119,0.004286988235293468
P1,c2st_xgb,oracle_target,append,0.0,decision_regret,5,0.00016416177727405926,0.0001318351971978194,4.667592174331355e-07,0.0003278567953306854
P1,c2st_xgb,oracle_target,append,0.050332383665717,detection_auroc,5,0.938834630809622,0.002138294116337307,0.9361795879877951,0.941489673631449
P1,c2st_xgb,oracle_target,append,0.050332383665717,contaminated_utility_delta,5,0.001549434554059192,0.0013407134102027007,-0.00011528101929849668,0.0032141501274168807
P1,c2st_xgb,oracle_target,append,0.050332383665717,detector_cleanup_delta,5,0.0015469584353080073,0.0014807184847743442,-0.0002915963987111241,0.0033855132693271384
P1,c2st_xgb,oracle_target,append,0.050332383665717,decision_regret,5,0.0004836095241106403,0.00021039262839374326,0.00022237257194666622,0.0007448464762746143
P1,c2st_xgb,oracle_target,append,0.0999099909990999,detection_auroc,5,0.938834630809622,0.002138294116337307,0.9361795879877951,0.941489673631449
P1,c2st_xgb,oracle_target,append,0.0999099909990999,contaminated_utility_delta,5,0.00045941775493377364,0.0018992490628323947,-0.0018988114300074492,0.0028176469398749964
P1,c2st_xgb,oracle_target,append,0.0999099909990999,detector_cleanup_delta,5,2.5277253353200163e-06,0.0025210822359965804,-0.0031278093236126797,0.0031328647742833197
P1,c2st_xgb,oracle_target,append,0.0999099909990999,decision_regret,5,0.0007827706979795207,0.0005851875986900082,5.616432449082531e-05,0.001509377071468216
P1,c2st_xgb,oracle_target,append,0.2498124531132783,detection_auroc,5,0.938834630809622,0.002138294116337307,0.9361795879877951,0.941489673631449
P1,c2st_xgb,oracle_target,append,0.2498124531132783,contaminated_utility_delta,5,0.0011612561561281595,0.0015960077922026025,-0.0008204492603024864,0.0031429615725588056
P1,c2st_xgb,oracle_target,append,0.2498124531132783,detector_cleanup_delta,5,0.00055298171617052,0.0020035981801683326,-0.0019348140110110774,0.0030407774433521178
P1,c2st_xgb,oracle_target,append,0.2498124531132783,decision_regret,5,0.0011035881873697998,0.00046654167854021984,0.0005243001814648551,0.0016828761932747445
P1,c2st_xgb,oracle_target,append,0.5,detection_auroc,5,0.938834630809622,0.002138294116337307,0.9361795879877951,0.941489673631449
P1,c2st_xgb,oracle_target,append,0.5,contaminated_utility_delta,5,0.0006980329701632795,0.0011150592904665927,-0.0006864960066717222,0.002082561946998281
P1,c2st_xgb,oracle_target,append,0.5,detector_cleanup_delta,5,0.00047893690901691205,0.0007220901529871501,-0.00041765643740468043,0.0013755302554385046
P1,c2st_xgb,oracle_target,append,0.5,decision_regret,5,0.000988244624948848,0.0007183002146899513,9.635710846630098e-05,0.0018801321414313949
P1,c2st_xgb,oracle_target,append,0.75,detection_auroc,5,0.938834630809622,0.002138294116337307,0.9361795879877951,0.941489673631449
P1,c2st_xgb,oracle_target,append,0.75,contaminated_utility_delta,5,0.0006673256346091748,0.0014305221334925016,-0.0011089021971821037,0.002443553466400453
P1,c2st_xgb,oracle_target,append,0.75,detector_cleanup_delta,5,0.0012121091499524385,0.0016945205375776965,-0.0008919159957746757,0.003316134295679553
P1,c2st_xgb,oracle_target,append,0.75,decision_regret,5,0.0010912064475578239,0.0008584405176397207,2.5311762205179264e-05,0.0021571011329104685
P1,c2st_xgb,oracle_target,replace,0.0,detection_auroc,5,0.938834630809622,0.002138294116337307,0.9361795879877951,0.941489673631449
P1,c2st_xgb,oracle_target,replace,0.0,contaminated_utility_delta,5,0.0019617881469842858,0.0024091826388047497,-0.0010296072007171145,0.004953183494685686
P1,c2st_xgb,oracle_target,replace,0.0,detector_cleanup_delta,5,0.001448347280498628,0.0022861587022747864,-0.0013902936742962119,0.004286988235293468
P1,c2st_xgb,oracle_target,replace,0.0,decision_regret,5,0.00016416177727405926,0.0001318351971978194,4.667592174331355e-07,0.0003278567953306854
P1,c2st_xgb,oracle_target,replace,0.05,detection_auroc,5,0.938834630809622,0.002138294116337307,0.9361795879877951,0.941489673631449
P1,c2st_xgb,oracle_target,replace,0.05,contaminated_utility_delta,5,0.000981961711454388,0.0011112152373502554,-0.0003977942430188749,0.002361717665927651
P1,c2st_xgb,oracle_target,replace,0.05,detector_cleanup_delta,5,0.0004969692726390161,0.0013018506045293342,-0.0011194917540448643,0.0021134302993228967
P1,c2st_xgb,oracle_target,replace,0.05,decision_regret,5,0.00022465873946797945,0.00028681246462523803,-0.00013146597209326926,0.0005807834510292282
P1,c2st_xgb,oracle_target,replace,0.1,detection_auroc,5,0.938834630809622,0.002138294116337307,0.9361795879877951,0.941489673631449
P1,c2st_xgb,oracle_target,replace,0.1,contaminated_utility_delta,5,-0.0016563349166229002,0.0017045124746488405,-0.0037727666908835716,0.00046009685763777125
P1,c2st_xgb,oracle_target,replace,0.1,detector_cleanup_delta,5,-0.0015738601584047826,0.0014148473076675816,-0.003330625123291143,0.00018290480648157793
P1,c2st_xgb,oracle_target,replace,0.1,decision_regret,5,0.0007576776824574377,0.0005114552191735036,0.00012262215011628265,0.0013927332147985927
P1,c2st_xgb,oracle_target,replace,0.25,detection_auroc,5,0.938834630809622,0.002138294116337307,0.9361795879877951,0.941489673631449
P1,c2st_xgb,oracle_target,replace,0.25,contaminated_utility_delta,5,-0.0015615012498067758,0.0021663917672097204,-0.004251431913156115,0.0011284294135425637
P1,c2st_xgb,oracle_target,replace,0.25,detector_cleanup_delta,5,-0.002228742135249452,0.0031103104169611885,-0.006090702603228298,0.001633218332729394
P1,c2st_xgb,oracle_target,replace,0.25,decision_regret,5,0.0016386681273890644,0.0006846306652878666,0.000788586878234829,0.0024887493765432997
P1,c2st_xgb,oracle_target,replace,0.5,detection_auroc,5,0.938834630809622,0.002138294116337307,0.9361795879877951,0.941489673631449
P1,c2st_xgb,oracle_target,replace,0.5,contaminated_utility_delta,5,-0.0039045991161367013,0.002477022889296461,-0.006980229260502784,-0.0008289689717706182
P1,c2st_xgb,oracle_target,replace,0.5,detector_cleanup_delta,5,-0.004885128450528548,0.0034649209940256997,-0.00918739610543066,-0.0005828607956264373
P1,c2st_xgb,oracle_target,replace,0.5,decision_regret,5,0.0021986477519031675,0.0015526433445919798,0.0002707864088726253,0.00412650909493371
P1,c2st_xgb,oracle_target,replace,0.75,detection_auroc,5,0.938834630809622,0.002138294116337307,0.9361795879877951,0.941489673631449
P1,c2st_xgb,oracle_target,replace,0.75,contaminated_utility_delta,5,-0.0077840147670449,0.002324817996375891,-0.010670657575521053,-0.004897371958568748
P1,c2st_xgb,oracle_target,replace,0.75,detector_cleanup_delta,5,-0.01395396708777703,0.0037552259901231354,-0.018616696004832012,-0.009291238170722048
P1,c2st_xgb,oracle_target,replace,0.75,decision_regret,5,0.006854953716070968,0.0030463671206885767,0.0030723893370003005,0.010637518095141634
P1,c2st_xgb,oracle_target,replace,1.0,detection_auroc,5,0.938834630809622,0.002138294116337307,0.9361795879877951,0.941489673631449
P1,c2st_xgb,oracle_target,replace,1.0,contaminated_utility_delta,5,-0.014178874610895056,0.0032662694336777856,-0.01823448377512616,-0.010123265446663952
P1,c2st_xgb,oracle_target,replace,1.0,detector_cleanup_delta,5,-0.04179084260151945,0.010475410588350083,-0.05479778279547626,-0.028783902407562637
P1,c2st_xgb,oracle_target,replace,1.0,decision_regret,5,0.02809797379842488,0.011436246450285676,0.013897998306519563,0.0422979492903302
P1,c2st_xgb,source_only,append,0.0,detection_auroc,5,0.938834630809622,0.002138294116337307,0.9361795879877951,0.941489673631449
P1,c2st_xgb,source_only,append,0.0,contaminated_utility_delta,5,0.0019617881469842858,0.0024091826388047497,-0.0010296072007171145,0.004953183494685686
P1,c2st_xgb,source_only,append,0.0,detector_cleanup_delta,5,0.001448347280498628,0.0022861587022747864,-0.0013902936742962119,0.004286988235293468
P1,c2st_xgb,source_only,append,0.0,decision_regret,5,0.00016416177727405926,0.0001318351971978194,4.667592174331355e-07,0.0003278567953306854
P1,c2st_xgb,source_only,append,0.050332383665717,detection_auroc,5,0.938834630809622,0.002138294116337307,0.9361795879877951,0.941489673631449
P1,c2st_xgb,source_only,append,0.050332383665717,contaminated_utility_delta,5,0.001549434554059192,0.0013407134102027007,-0.00011528101929849668,0.0032141501274168807
P1,c2st_xgb,source_only,append,0.050332383665717,detector_cleanup_delta,5,0.0015469584353080073,0.0014807184847743442,-0.0002915963987111241,0.0033855132693271384
P1,c2st_xgb,source_only,append,0.050332383665717,decision_regret,5,0.0004836095241106403,0.00021039262839374326,0.00022237257194666622,0.0007448464762746143
P1,c2st_xgb,source_only,append,0.0999099909990999,detection_auroc,5,0.938834630809622,0.002138294116337307,0.9361795879877951,0.941489673631449
P1,c2st_xgb,source_only,append,0.0999099909990999,contaminated_utility_delta,5,0.00045941775493377364,0.0018992490628323947,-0.0018988114300074492,0.0028176469398749964
P1,c2st_xgb,source_only,append,0.0999099909990999,detector_cleanup_delta,5,2.5277253353200163e-06,0.0025210822359965804,-0.0031278093236126797,0.0031328647742833197
P1,c2st_xgb,source_only,append,0.0999099909990999,decision_regret,5,0.0007827706979795207,0.0005851875986900082,5.616432449082531e-05,0.001509377071468216
P1,c2st_xgb,source_only,append,0.2498124531132783,detection_auroc,5,0.938834630809622,0.002138294116337307,0.9361795879877951,0.941489673631449
P1,c2st_xgb,source_only,append,0.2498124531132783,contaminated_utility_delta,5,0.0011612561561281595,0.0015960077922026025,-0.0008204492603024864,0.0031429615725588056
P1,c2st_xgb,source_only,append,0.2498124531132783,detector_cleanup_delta,5,0.00055298171617052,0.0020035981801683326,-0.0019348140110110774,0.0030407774433521178
P1,c2st_xgb,source_only,append,0.2498124531132783,decision_regret,5,0.0011035881873697998,0.00046654167854021984,0.0005243001814648551,0.0016828761932747445
P1,c2st_xgb,source_only,append,0.5,detection_auroc,5,0.938834630809622,0.002138294116337307,0.9361795879877951,0.941489673631449
P1,c2st_xgb,source_only,append,0.5,contaminated_utility_delta,5,0.0006980329701632795,0.0011150592904665927,-0.0006864960066717222,0.002082561946998281
P1,c2st_xgb,source_only,append,0.5,detector_cleanup_delta,5,0.00047893690901691205,0.0007220901529871501,-0.00041765643740468043,0.0013755302554385046
P1,c2st_xgb,source_only,append,0.5,decision_regret,5,0.000988244624948848,0.0007183002146899513,9.635710846630098e-05,0.0018801321414313949
P1,c2st_xgb,source_only,append,0.75,detection_auroc,5,0.938834630809622,0.002138294116337307,0.9361795879877951,0.941489673631449
P1,c2st_xgb,source_only,append,0.75,contaminated_utility_delta,5,0.0006673256346091748,0.0014305221334925016,-0.0011089021971821037,0.002443553466400453
P1,c2st_xgb,source_only,append,0.75,detector_cleanup_delta,5,0.0012121091499524385,0.0016945205375776965,-0.0008919159957746757,0.003316134295679553
P1,c2st_xgb,source_only,append,0.75,decision_regret,5,0.0010912064475578239,0.0008584405176397207,2.5311762205179264e-05,0.0021571011329104685
P1,c2st_xgb,source_only,replace,0.0,detection_auroc,5,0.938834630809622,0.002138294116337307,0.9361795879877951,0.941489673631449
P1,c2st_xgb,source_only,replace,0.0,contaminated_utility_delta,5,0.0019617881469842858,0.0024091826388047497,-0.0010296072007171145,0.004953183494685686
P1,c2st_xgb,source_only,replace,0.0,detector_cleanup_delta,5,0.001448347280498628,0.0022861587022747864,-0.0013902936742962119,0.004286988235293468
P1,c2st_xgb,source_only,replace,0.0,decision_regret,5,0.00016416177727405926,0.0001318351971978194,4.667592174331355e-07,0.0003278567953306854
P1,c2st_xgb,source_only,replace,0.05,detection_auroc,5,0.938834630809622,0.002138294116337307,0.9361795879877951,0.941489673631449
P1,c2st_xgb,source_only,replace,0.05,contaminated_utility_delta,5,0.000981961711454388,0.0011112152373502554,-0.0003977942430188749,0.002361717665927651
P1,c2st_xgb,source_only,replace,0.05,detector_cleanup_delta,5,0.0004969692726390161,0.0013018506045293342,-0.0011194917540448643,0.0021134302993228967
P1,c2st_xgb,source_only,replace,0.05,decision_regret,5,0.00022465873946797945,0.00028681246462523803,-0.00013146597209326926,0.0005807834510292282
P1,c2st_xgb,source_only,replace,0.1,detection_auroc,5,0.938834630809622,0.002138294116337307,0.9361795879877951,0.941489673631449
P1,c2st_xgb,source_only,replace,0.1,contaminated_utility_delta,5,-0.0016563349166229002,0.0017045124746488405,-0.0037727666908835716,0.00046009685763777125
P1,c2st_xgb,source_only,replace,0.1,detector_cleanup_delta,5,-0.0015738601584047826,0.0014148473076675816,-0.003330625123291143,0.00018290480648157793
P1,c2st_xgb,source_only,replace,0.1,decision_regret,5,0.0007576776824574377,0.0005114552191735036,0.00012262215011628265,0.0013927332147985927
P1,c2st_xgb,source_only,replace,0.25,detection_auroc,5,0.938834630809622,0.002138294116337307,0.9361795879877951,0.941489673631449
P1,c2st_xgb,source_only,replace,0.25,contaminated_utility_delta,5,-0.0015615012498067758,0.0021663917672097204,-0.004251431913156115,0.0011284294135425637
P1,c2st_xgb,source_only,replace,0.25,detector_cleanup_delta,5,-0.002228742135249452,0.0031103104169611885,-0.006090702603228298,0.001633218332729394
P1,c2st_xgb,source_only,replace,0.25,decision_regret,5,0.0016386681273890644,0.0006846306652878666,0.000788586878234829,0.0024887493765432997
P1,c2st_xgb,source_only,replace,0.5,detection_auroc,5,0.938834630809622,0.002138294116337307,0.9361795879877951,0.941489673631449
P1,c2st_xgb,source_only,replace,0.5,contaminated_utility_delta,5,-0.0039045991161367013,0.002477022889296461,-0.006980229260502784,-0.0008289689717706182
P1,c2st_xgb,source_only,replace,0.5,detector_cleanup_delta,5,-0.004885128450528548,0.0034649209940256997,-0.00918739610543066,-0.0005828607956264373
P1,c2st_xgb,source_only,replace,0.5,decision_regret,5,0.0021986477519031675,0.0015526433445919798,0.0002707864088726253,0.00412650909493371
P1,c2st_xgb,source_only,replace,0.75,detection_auroc,5,0.938834630809622,0.002138294116337307,0.9361795879877951,0.941489673631449
P1,c2st_xgb,source_only,replace,0.75,contaminated_utility_delta,5,-0.0077840147670449,0.002324817996375891,-0.010670657575521053,-0.004897371958568748
P1,c2st_xgb,source_only,replace,0.75,detector_cleanup_delta,5,-0.01395396708777703,0.0037552259901231354,-0.018616696004832012,-0.009291238170722048
P1,c2st_xgb,source_only,replace,0.75,decision_regret,5,0.006854953716070968,0.0030463671206885767,0.0030723893370003005,0.010637518095141634
P1,c2st_xgb,source_only,replace,1.0,detection_auroc,5,0.938834630809622,0.002138294116337307,0.9361795879877951,0.941489673631449
P1,c2st_xgb,source_only,replace,1.0,contaminated_utility_delta,5,-0.014178874610895056,0.0032662694336777856,-0.01823448377512616,-0.010123265446663952
P1,c2st_xgb,source_only,replace,1.0,detector_cleanup_delta,5,-0.04179084260151945,0.010475410588350083,-0.05479778279547626,-0.028783902407562637
P1,c2st_xgb,source_only,replace,1.0,decision_regret,5,0.02809797379842488,0.011436246450285676,0.013897998306519563,0.0422979492903302
P1,c2st_xgb,target_real_anchor,append,0.0,detection_auroc,5,0.938834630809622,0.002138294116337307,0.9361795879877951,0.941489673631449
P1,c2st_xgb,target_real_anchor,append,0.0,contaminated_utility_delta,5,0.0019617881469842858,0.0024091826388047497,-0.0010296072007171145,0.004953183494685686
P1,c2st_xgb,target_real_anchor,append,0.0,detector_cleanup_delta,5,0.0016772684011422442,0.0024015941026296556,-0.0013047045343914751,0.004659241336675964
P1,c2st_xgb,target_real_anchor,append,0.0,decision_regret,5,0.00014967747495453395,0.00015738800107033103,-4.574553972375156e-05,0.00034510048963281946
P1,c2st_xgb,target_real_anchor,append,0.050332383665717,detection_auroc,5,0.938834630809622,0.002138294116337307,0.9361795879877951,0.941489673631449
P1,c2st_xgb,target_real_anchor,append,0.050332383665717,contaminated_utility_delta,5,0.001549434554059192,0.0013407134102027007,-0.00011528101929849668,0.0032141501274168807
P1,c2st_xgb,target_real_anchor,append,0.050332383665717,detector_cleanup_delta,5,0.001342423401374125,0.0017250537692022662,-0.0007995137588100343,0.0034843605615582844
P1,c2st_xgb,target_real_anchor,append,0.050332383665717,decision_regret,5,0.00040074054162610797,0.00018597331323377817,0.00016982417395705398,0.0006316569092951619
P1,c2st_xgb,target_real_anchor,append,0.0999099909990999,detection_auroc,5,0.938834630809622,0.002138294116337307,0.9361795879877951,0.941489673631449
P1,c2st_xgb,target_real_anchor,append,0.0999099909990999,contaminated_utility_delta,5,0.00045941775493377364,0.0018992490628323947,-0.0018988114300074492,0.0028176469398749964
P1,c2st_xgb,target_real_anchor,append,0.0999099909990999,detector_cleanup_delta,5,1.3861017688409932e-05,0.0024017990583962137,-0.0029683664040418686,0.002996088439418688
P1,c2st_xgb,target_real_anchor,append,0.0999099909990999,decision_regret,5,0.0007824039293151397,0.0007075902218441452,-9.618537462975001e-05,0.0016609932332600293
P1,c2st_xgb,target_real_anchor,append,0.2498124531132783,detection_auroc,5,0.938834630809622,0.002138294116337307,0.9361795879877951,0.941489673631449
P1,c2st_xgb,target_real_anchor,append,0.2498124531132783,contaminated_utility_delta,5,0.0011612561561281595,0.0015960077922026025,-0.0008204492603024864,0.0031429615725588056
P1,c2st_xgb,target_real_anchor,append,0.2498124531132783,detector_cleanup_delta,5,0.0005437764359128024,0.0020518111313568323,-0.0020038835770067103,0.0030914364488323154
P1,c2st_xgb,target_real_anchor,append,0.2498124531132783,decision_regret,5,0.0010484631300211478,0.00048539059341911765,0.00044577110510586853,0.001651155154936427
P1,c2st_xgb,target_real_anchor,append,0.5,detection_auroc,5,0.938834630809622,0.002138294116337307,0.9361795879877951,0.941489673631449
P1,c2st_xgb,target_real_anchor,append,0.5,contaminated_utility_delta,5,0.0006980329701632795,0.0011150592904665927,-0.0006864960066717222,0.002082561946998281
P1,c2st_xgb,target_real_anchor,append,0.5,detector_cleanup_delta,5,0.0005877062786661525,0.0007803763985277331,-0.0003812590004336465,0.0015566715577659514
P1,c2st_xgb,target_real_anchor,append,0.5,decision_regret,5,0.001008927514655052,0.0006703831251902439,0.00017653692310299935,0.0018413181062071047
P1,c2st_xgb,target_real_anchor,append,0.75,detection_auroc,5,0.938834630809622,0.002138294116337307,0.9361795879877951,0.941489673631449
P1,c2st_xgb,target_real_anchor,append,0.75,contaminated_utility_delta,5,0.0006673256346091748,0.0014305221334925016,-0.0011089021971821037,0.002443553466400453
P1,c2st_xgb,target_real_anchor,append,0.75,detector_cleanup_delta,5,0.001059461833241432,0.0015331567781428058,-0.0008442037417805653,0.0029631274082634294
P1,c2st_xgb,target_real_anchor,append,0.75,decision_regret,5,0.0010617216724033759,0.0008718195629918982,-2.078529189340284e-05,0.0021442286367001546
P1,c2st_xgb,target_real_anchor,replace,0.0,detection_auroc,5,0.938834630809622,0.002138294116337307,0.9361795879877951,0.941489673631449
P1,c2st_xgb,target_real_anchor,replace,0.0,contaminated_utility_delta,5,0.0019617881469842858,0.0024091826388047497,-0.0010296072007171145,0.004953183494685686
P1,c2st_xgb,target_real_anchor,replace,0.0,detector_cleanup_delta,5,0.0016772684011422442,0.0024015941026296556,-0.0013047045343914751,0.004659241336675964
P1,c2st_xgb,target_real_anchor,replace,0.0,decision_regret,5,0.00014967747495453395,0.00015738800107033103,-4.574553972375156e-05,0.00034510048963281946
P1,c2st_xgb,target_real_anchor,replace,0.05,detection_auroc,5,0.938834630809622,0.002138294116337307,0.9361795879877951,0.941489673631449
P1,c2st_xgb,target_real_anchor,replace,0.05,contaminated_utility_delta,5,0.000981961711454388,0.0011112152373502554,-0.0003977942430188749,0.002361717665927651
P1,c2st_xgb,target_real_anchor,replace,0.05,detector_cleanup_delta,5,0.000430657725563244,0.0015168745770972366,-0.0014527908266089547,0.0023141062777354425
P1,c2st_xgb,target_real_anchor,replace,0.05,decision_regret,5,0.000201606538124356,0.00027526051934290813,-0.00014017453887060386,0.0005433876151193159
P1,c2st_xgb,target_real_anchor,replace,0.1,detection_auroc,5,0.938834630809622,0.002138294116337307,0.9361795879877951,0.941489673631449
P1,c2st_xgb,target_real_anchor,replace,0.1,contaminated_utility_delta,5,-0.0016563349166229002,0.0017045124746488405,-0.0037727666908835716,0.00046009685763777125
P1,c2st_xgb,target_real_anchor,replace,0.1,detector_cleanup_delta,5,-0.0017076382945270083,0.0012611877171128292,-0.0032736096778428012,-0.00014166691121121513
P1,c2st_xgb,target_real_anchor,replace,0.1,decision_regret,5,0.0007007262575246233,0.0005566868075681146,9.508290292308723e-06,0.0013919442247569379
P1,c2st_xgb,target_real_anchor,replace,0.25,detection_auroc,5,0.938834630809622,0.002138294116337307,0.9361795879877951,0.941489673631449
P1,c2st_xgb,target_real_anchor,replace,0.25,contaminated_utility_delta,5,-0.0015615012498067758,0.0021663917672097204,-0.004251431913156115,0.0011284294135425637
P1,c2st_xgb,target_real_anchor,replace,0.25,detector_cleanup_delta,5,-0.0021987685225630695,0.003318223537907204,-0.006318887227574768,0.0019213501824486287
P1,c2st_xgb,target_real_anchor,replace,0.25,decision_regret,5,0.0015825922410263918,0.0007982056562653341,0.0005914890144791177,0.002573695467573666
P1,c2st_xgb,target_real_anchor,replace,0.5,detection_auroc,5,0.938834630809622,0.002138294116337307,0.9361795879877951,0.941489673631449
P1,c2st_xgb,target_real_anchor,replace,0.5,contaminated_utility_delta,5,-0.0039045991161367013,0.002477022889296461,-0.006980229260502784,-0.0008289689717706182
P1,c2st_xgb,target_real_anchor,replace,0.5,detector_cleanup_delta,5,-0.005291064656317809,0.003146503968897805,-0.00919796535470347,-0.0013841639579321484
P1,c2st_xgb,target_real_anchor,replace,0.5,decision_regret,5,0.0023813567768652356,0.0013499690262132205,0.0007051488383260861,0.004057564715404385
P1,c2st_xgb,target_real_anchor,replace,0.75,detection_auroc,5,0.938834630809622,0.002138294116337307,0.9361795879877951,0.941489673631449
P1,c2st_xgb,target_real_anchor,replace,0.75,contaminated_utility_delta,5,-0.0077840147670449,0.002324817996375891,-0.010670657575521053,-0.004897371958568748
P1,c2st_xgb,target_real_anchor,replace,0.75,detector_cleanup_delta,5,-0.013455806692810046,0.0034433485848463057,-0.01773128866387958,-0.00918032472174051
P1,c2st_xgb,target_real_anchor,replace,0.75,decision_regret,5,0.006292672324207213,0.0030474221675718563,0.0025087979314051614,0.010076546717009265
P1,c2st_xgb,target_real_anchor,replace,1.0,detection_auroc,5,0.938834630809622,0.002138294116337307,0.9361795879877951,0.941489673631449
P1,c2st_xgb,target_real_anchor,replace,1.0,contaminated_utility_delta,5,-0.014178874610895056,0.0032662694336777856,-0.01823448377512616,-0.010123265446663952
P1,c2st_xgb,target_real_anchor,replace,1.0,detector_cleanup_delta,5,-0.043346459804873394,0.012743290686551945,-0.05916934506901027,-0.027523574540736517
P1,c2st_xgb,target_real_anchor,replace,1.0,decision_regret,5,0.029487439373049856,0.014431411043876708,0.011568475836587946,0.047406402909511765
P1,char3gram,oracle_target,append,0.0,detection_auroc,5,0.8987714260498147,0.002910281972016779,0.89515783370054,0.9023850183990895
P1,char3gram,oracle_target,append,0.0,contaminated_utility_delta,5,0.0019617881469842858,0.0024091826388047497,-0.0010296072007171145,0.004953183494685686
P1,char3gram,oracle_target,append,0.0,detector_cleanup_delta,5,0.0009909435777587302,0.0025414323290380574,-0.0021646614490789685,0.004146548604596428
P1,char3gram,oracle_target,append,0.0,decision_regret,5,9.654995288035707e-05,0.00017517282460262975,-0.00012095583689239086,0.000314055742653105
P1,char3gram,oracle_target,append,0.050332383665717,detection_auroc,5,0.8987714260498147,0.002910281972016779,0.89515783370054,0.9023850183990895
P1,char3gram,oracle_target,append,0.050332383665717,contaminated_utility_delta,5,0.001549434554059192,0.0013407134102027007,-0.00011528101929849668,0.0032141501274168807
P1,char3gram,oracle_target,append,0.050332383665717,detector_cleanup_delta,5,0.00146828559256302,0.0013144376015139614,-0.00016380425512217125,0.0031003754402482114
P1,char3gram,oracle_target,append,0.050332383665717,decision_regret,5,0.0004801690224979571,0.00032913110286318697,7.1498781383638e-05,0.0008888392636122761
P1,char3gram,oracle_target,append,0.0999099909990999,detection_auroc,5,0.8987714260498147,0.002910281972016779,0.89515783370054,0.9023850183990895
P1,char3gram,oracle_target,append,0.0999099909990999,contaminated_utility_delta,5,0.00045941775493377364,0.0018992490628323947,-0.0018988114300074492,0.0028176469398749964
P1,char3gram,oracle_target,append,0.0999099909990999,detector_cleanup_delta,5,-0.00030148735418783506,0.0019518754521084681,-0.002725060832048615,0.002122086123672945
P1,char3gram,oracle_target,append,0.0999099909990999,decision_regret,5,0.0007304156307532962,0.0005720023107339689,2.0180954625564538e-05,0.0014406503068810279
P1,char3gram,oracle_target,append,0.2498124531132783,detection_auroc,5,0.8987714260498147,0.002910281972016779,0.89515783370054,0.9023850183990895
P1,char3gram,oracle_target,append,0.2498124531132783,contaminated_utility_delta,5,0.0011612561561281595,0.0015960077922026025,-0.0008204492603024864,0.0031429615725588056
P1,char3gram,oracle_target,append,0.2498124531132783,detector_cleanup_delta,5,0.000948614044596216,0.0027343571598573996,-0.0024465387990294115,0.004343766888221844
P1,char3gram,oracle_target,append,0.2498124531132783,decision_regret,5,0.000870070602893728,0.000816146917797612,-0.00014330964218053357,0.0018834508479679897
P1,char3gram,oracle_target,append,0.5,detection_auroc,5,0.8987714260498147,0.002910281972016779,0.89515783370054,0.9023850183990895
P1,char3gram,oracle_target,append,0.5,contaminated_utility_delta,5,0.0006980329701632795,0.0011150592904665927,-0.0006864960066717222,0.002082561946998281
P1,char3gram,oracle_target,append,0.5,detector_cleanup_delta,5,0.0005220808524898599,0.0005621138402356007,-0.00017587566582274788,0.0012200373708024677
P1,char3gram,oracle_target,append,0.5,decision_regret,5,0.0008923826281169759,0.0006933857278472909,3.143053298068155e-05,0.0017533347232532703
P1,char3gram,oracle_target,append,0.75,detection_auroc,5,0.8987714260498147,0.002910281972016779,0.89515783370054,0.9023850183990895
P1,char3gram,oracle_target,append,0.75,contaminated_utility_delta,5,0.0006673256346091748,0.0014305221334925016,-0.0011089021971821037,0.002443553466400453
P1,char3gram,oracle_target,append,0.75,detector_cleanup_delta,5,0.001065348755375608,0.002011260298260994,-0.0014319607479916327,0.003562658258742849
P1,char3gram,oracle_target,append,0.75,decision_regret,5,0.000896693193083444,0.0010163566830266415,-0.0003652803095645315,0.0021586666957314196
P1,char3gram,oracle_target,replace,0.0,detection_auroc,5,0.8987714260498147,0.002910281972016779,0.89515783370054,0.9023850183990895
P1,char3gram,oracle_target,replace,0.0,contaminated_utility_delta,5,0.0019617881469842858,0.0024091826388047497,-0.0010296072007171145,0.004953183494685686
P1,char3gram,oracle_target,replace,0.0,detector_cleanup_delta,5,0.0009909435777587302,0.0025414323290380574,-0.0021646614490789685,0.004146548604596428
P1,char3gram,oracle_target,replace,0.0,decision_regret,5,9.654995288035707e-05,0.00017517282460262975,-0.00012095583689239086,0.000314055742653105
P1,char3gram,oracle_target,replace,0.05,detection_auroc,5,0.8987714260498147,0.002910281972016779,0.89515783370054,0.9023850183990895
P1,char3gram,oracle_target,replace,0.05,contaminated_utility_delta,5,0.000981961711454388,0.0011112152373502554,-0.0003977942430188749,0.002361717665927651
P1,char3gram,oracle_target,replace,0.05,detector_cleanup_delta,5,0.0008302832441596925,0.0017142211128886387,-0.001298203396674921,0.002958769884994306
P1,char3gram,oracle_target,replace,0.05,decision_regret,5,0.00050084135929938,0.0003844574461170507,2.3474389614474634e-05,0.0009782083289842853
P1,char3gram,oracle_target,replace,0.1,detection_auroc,5,0.8987714260498147,0.002910281972016779,0.89515783370054,0.9023850183990895
P1,char3gram,oracle_target,replace,0.1,contaminated_utility_delta,5,-0.0016563349166229002,0.0017045124746488405,-0.0037727666908835716,0.00046009685763777125
P1,char3gram,oracle_target,replace,0.1,detector_cleanup_delta,5,-0.0015504232097534336,0.0016182415196734376,-0.0035597354451304894,0.000458889025623622
P1,char3gram,oracle_target,replace,0.1,decision_regret,5,0.000866853440174236,0.0003085998109729763,0.00048367616503660444,0.0012500307153118675
P1,char3gram,oracle_target,replace,0.25,detection_auroc,5,0.8987714260498147,0.002910281972016779,0.89515783370054,0.9023850183990895
P1,char3gram,oracle_target,replace,0.25,contaminated_utility_delta,5,-0.0015615012498067758,0.0021663917672097204,-0.004251431913156115,0.0011284294135425637
P1,char3gram,oracle_target,replace,0.25,detector_cleanup_delta,5,-0.0015094400944145683,0.002440079703332057,-0.004539199214789705,0.0015203190259605686
P1,char3gram,oracle_target,replace,0.25,decision_regret,5,0.0009387179140876608,0.000339947345953407,0.0005166175333323952,0.0013608182948429263
P1,char3gram,oracle_target,replace,0.5,detection_auroc,5,0.8987714260498147,0.002910281972016779,0.89515783370054,0.9023850183990895
P1,char3gram,oracle_target,replace,0.5,contaminated_utility_delta,5,-0.0039045991161367013,0.002477022889296461,-0.006980229260502784,-0.0008289689717706182
P1,char3gram,oracle_target,replace,0.5,detector_cleanup_delta,5,-0.003880862467745984,0.0026197463543500637,-0.007133707200368019,-0.0006280177351239489
P1,char3gram,oracle_target,replace,0.5,decision_regret,5,0.001199661809336088,0.0005861308232700535,0.0004718842678441296,0.0019274393508280465
P1,char3gram,oracle_target,replace,0.75,detection_auroc,5,0.8987714260498147,0.002910281972016779,0.89515783370054,0.9023850183990895
P1,char3gram,oracle_target,replace,0.75,contaminated_utility_delta,5,-0.0077840147670449,0.002324817996375891,-0.010670657575521053,-0.004897371958568748
P1,char3gram,oracle_target,replace,0.75,detector_cleanup_delta,5,-0.01021666003643102,0.0022581373628204606,-0.013020507902843977,-0.007412812170018063
P1,char3gram,oracle_target,replace,0.75,decision_regret,5,0.003675947464532548,0.0023399975061642038,0.0007704568052418659,0.00658143812382323
P1,char3gram,oracle_target,replace,1.0,detection_auroc,5,0.8987714260498147,0.002910281972016779,0.89515783370054,0.9023850183990895
P1,char3gram,oracle_target,replace,1.0,contaminated_utility_delta,5,-0.014178874610895056,0.0032662694336777856,-0.01823448377512616,-0.010123265446663952
P1,char3gram,oracle_target,replace,1.0,detector_cleanup_delta,5,-0.03150249595972359,0.008991288570795486,-0.042666655275541324,-0.02033833664390586
P1,char3gram,oracle_target,replace,1.0,decision_regret,5,0.018170802735959325,0.007585062625457445,0.008752703549807894,0.027588901922110755
P1,char3gram,source_only,append,0.0,detection_auroc,5,0.8987714260498147,0.002910281972016779,0.89515783370054,0.9023850183990895
P1,char3gram,source_only,append,0.0,contaminated_utility_delta,5,0.0019617881469842858,0.0024091826388047497,-0.0010296072007171145,0.004953183494685686
P1,char3gram,source_only,append,0.0,detector_cleanup_delta,5,0.0009909435777587302,0.0025414323290380574,-0.0021646614490789685,0.004146548604596428
P1,char3gram,source_only,append,0.0,decision_regret,5,9.654995288035707e-05,0.00017517282460262975,-0.00012095583689239086,0.000314055742653105
P1,char3gram,source_only,append,0.050332383665717,detection_auroc,5,0.8987714260498147,0.002910281972016779,0.89515783370054,0.9023850183990895
P1,char3gram,source_only,append,0.050332383665717,contaminated_utility_delta,5,0.001549434554059192,0.0013407134102027007,-0.00011528101929849668,0.0032141501274168807
P1,char3gram,source_only,append,0.050332383665717,detector_cleanup_delta,5,0.00146828559256302,0.0013144376015139614,-0.00016380425512217125,0.0031003754402482114
P1,char3gram,source_only,append,0.050332383665717,decision_regret,5,0.0004801690224979571,0.00032913110286318697,7.1498781383638e-05,0.0008888392636122761
P1,char3gram,source_only,append,0.0999099909990999,detection_auroc,5,0.8987714260498147,0.002910281972016779,0.89515783370054,0.9023850183990895
P1,char3gram,source_only,append,0.0999099909990999,contaminated_utility_delta,5,0.00045941775493377364,0.0018992490628323947,-0.0018988114300074492,0.0028176469398749964
P1,char3gram,source_only,append,0.0999099909990999,detector_cleanup_delta,5,-0.00030148735418783506,0.0019518754521084681,-0.002725060832048615,0.002122086123672945
P1,char3gram,source_only,append,0.0999099909990999,decision_regret,5,0.0007304156307532962,0.0005720023107339689,2.0180954625564538e-05,0.0014406503068810279
P1,char3gram,source_only,append,0.2498124531132783,detection_auroc,5,0.8987714260498147,0.002910281972016779,0.89515783370054,0.9023850183990895
P1,char3gram,source_only,append,0.2498124531132783,contaminated_utility_delta,5,0.0011612561561281595,0.0015960077922026025,-0.0008204492603024864,0.0031429615725588056
P1,char3gram,source_only,append,0.2498124531132783,detector_cleanup_delta,5,0.000948614044596216,0.0027343571598573996,-0.0024465387990294115,0.004343766888221844
P1,char3gram,source_only,append,0.2498124531132783,decision_regret,5,0.000870070602893728,0.000816146917797612,-0.00014330964218053357,0.0018834508479679897
P1,char3gram,source_only,append,0.5,detection_auroc,5,0.8987714260498147,0.002910281972016779,0.89515783370054,0.9023850183990895
P1,char3gram,source_only,append,0.5,contaminated_utility_delta,5,0.0006980329701632795,0.0011150592904665927,-0.0006864960066717222,0.002082561946998281
P1,char3gram,source_only,append,0.5,detector_cleanup_delta,5,0.0005220808524898599,0.0005621138402356007,-0.00017587566582274788,0.0012200373708024677
P1,char3gram,source_only,append,0.5,decision_regret,5,0.0008923826281169759,0.0006933857278472909,3.143053298068155e-05,0.0017533347232532703
P1,char3gram,source_only,append,0.75,detection_auroc,5,0.8987714260498147,0.002910281972016779,0.89515783370054,0.9023850183990895
P1,char3gram,source_only,append,0.75,contaminated_utility_delta,5,0.0006673256346091748,0.0014305221334925016,-0.0011089021971821037,0.002443553466400453
P1,char3gram,source_only,append,0.75,detector_cleanup_delta,5,0.001065348755375608,0.002011260298260994,-0.0014319607479916327,0.003562658258742849
P1,char3gram,source_only,append,0.75,decision_regret,5,0.000896693193083444,0.0010163566830266415,-0.0003652803095645315,0.0021586666957314196
P1,char3gram,source_only,replace,0.0,detection_auroc,5,0.8987714260498147,0.002910281972016779,0.89515783370054,0.9023850183990895
P1,char3gram,source_only,replace,0.0,contaminated_utility_delta,5,0.0019617881469842858,0.0024091826388047497,-0.0010296072007171145,0.004953183494685686
P1,char3gram,source_only,replace,0.0,detector_cleanup_delta,5,0.0009909435777587302,0.0025414323290380574,-0.0021646614490789685,0.004146548604596428
P1,char3gram,source_only,replace,0.0,decision_regret,5,9.654995288035707e-05,0.00017517282460262975,-0.00012095583689239086,0.000314055742653105
P1,char3gram,source_only,replace,0.05,detection_auroc,5,0.8987714260498147,0.002910281972016779,0.89515783370054,0.9023850183990895
P1,char3gram,source_only,replace,0.05,contaminated_utility_delta,5,0.000981961711454388,0.0011112152373502554,-0.0003977942430188749,0.002361717665927651
P1,char3gram,source_only,replace,0.05,detector_cleanup_delta,5,0.0008302832441596925,0.0017142211128886387,-0.001298203396674921,0.002958769884994306
P1,char3gram,source_only,replace,0.05,decision_regret,5,0.00050084135929938,0.0003844574461170507,2.3474389614474634e-05,0.0009782083289842853
P1,char3gram,source_only,replace,0.1,detection_auroc,5,0.8987714260498147,0.002910281972016779,0.89515783370054,0.9023850183990895
P1,char3gram,source_only,replace,0.1,contaminated_utility_delta,5,-0.0016563349166229002,0.0017045124746488405,-0.0037727666908835716,0.00046009685763777125
P1,char3gram,source_only,replace,0.1,detector_cleanup_delta,5,-0.0015504232097534336,0.0016182415196734376,-0.0035597354451304894,0.000458889025623622
P1,char3gram,source_only,replace,0.1,decision_regret,5,0.000866853440174236,0.0003085998109729763,0.00048367616503660444,0.0012500307153118675
P1,char3gram,source_only,replace,0.25,detection_auroc,5,0.8987714260498147,0.002910281972016779,0.89515783370054,0.9023850183990895
P1,char3gram,source_only,replace,0.25,contaminated_utility_delta,5,-0.0015615012498067758,0.0021663917672097204,-0.004251431913156115,0.0011284294135425637
P1,char3gram,source_only,replace,0.25,detector_cleanup_delta,5,-0.0015094400944145683,0.002440079703332057,-0.004539199214789705,0.0015203190259605686
P1,char3gram,source_only,replace,0.25,decision_regret,5,0.0009387179140876608,0.000339947345953407,0.0005166175333323952,0.0013608182948429263
P1,char3gram,source_only,replace,0.5,detection_auroc,5,0.8987714260498147,0.002910281972016779,0.89515783370054,0.9023850183990895
P1,char3gram,source_only,replace,0.5,contaminated_utility_delta,5,-0.0039045991161367013,0.002477022889296461,-0.006980229260502784,-0.0008289689717706182
P1,char3gram,source_only,replace,0.5,detector_cleanup_delta,5,-0.003880862467745984,0.0026197463543500637,-0.007133707200368019,-0.0006280177351239489
P1,char3gram,source_only,replace,0.5,decision_regret,5,0.001199661809336088,0.0005861308232700535,0.0004718842678441296,0.0019274393508280465
P1,char3gram,source_only,replace,0.75,detection_auroc,5,0.8987714260498147,0.002910281972016779,0.89515783370054,0.9023850183990895
P1,char3gram,source_only,replace,0.75,contaminated_utility_delta,5,-0.0077840147670449,0.002324817996375891,-0.010670657575521053,-0.004897371958568748
P1,char3gram,source_only,replace,0.75,detector_cleanup_delta,5,-0.01021666003643102,0.0022581373628204606,-0.013020507902843977,-0.007412812170018063
P1,char3gram,source_only,replace,0.75,decision_regret,5,0.003675947464532548,0.0023399975061642038,0.0007704568052418659,0.00658143812382323
P1,char3gram,source_only,replace,1.0,detection_auroc,5,0.8987714260498147,0.002910281972016779,0.89515783370054,0.9023850183990895
P1,char3gram,source_only,replace,1.0,contaminated_utility_delta,5,-0.014178874610895056,0.0032662694336777856,-0.01823448377512616,-0.010123265446663952
P1,char3gram,source_only,replace,1.0,detector_cleanup_delta,5,-0.03150249595972359,0.008991288570795486,-0.042666655275541324,-0.02033833664390586
P1,char3gram,source_only,replace,1.0,decision_regret,5,0.018170802735959325,0.007585062625457445,0.008752703549807894,0.027588901922110755
P1,char3gram,target_real_anchor,append,0.0,detection_auroc,5,0.8987714260498147,0.002910281972016779,0.89515783370054,0.9023850183990895
P1,char3gram,target_real_anchor,append,0.0,contaminated_utility_delta,5,0.0019617881469842858,0.0024091826388047497,-0.0010296072007171145,0.004953183494685686
P1,char3gram,target_real_anchor,append,0.0,detector_cleanup_delta,5,0.0011589352410665784,0.0027657545433105264,-0.0022752026032305957,0.004593073085363752
P1,char3gram,target_real_anchor,append,0.0,decision_regret,5,9.370154614632936e-05,0.00014931173201040784,-9.169345600044256e-05,0.0002790965482931013
P1,char3gram,target_real_anchor,append,0.050332383665717,detection_auroc,5,0.8987714260498147,0.002910281972016779,0.89515783370054,0.9023850183990895
P1,char3gram,target_real_anchor,append,0.050332383665717,contaminated_utility_delta,5,0.001549434554059192,0.0013407134102027007,-0.00011528101929849668,0.0032141501274168807
P1,char3gram,target_real_anchor,append,0.050332383665717,detector_cleanup_delta,5,0.001666325366322132,0.0013694986267609702,-3.4131774116458614e-05,0.003366782506760723
P1,char3gram,target_real_anchor,append,0.050332383665717,decision_regret,5,0.0005569773890552811,0.0003609653684377969,0.00010877968646771138,0.001005175091642851
P1,char3gram,target_real_anchor,append,0.0999099909990999,detection_auroc,5,0.8987714260498147,0.002910281972016779,0.89515783370054,0.9023850183990895
P1,char3gram,target_real_anchor,append,0.0999099909990999,contaminated_utility_delta,5,0.00045941775493377364,0.0018992490628323947,-0.0018988114300074492,0.0028176469398749964
P1,char3gram,target_real_anchor,append,0.0999099909990999,detector_cleanup_delta,5,-0.0001963089905786414,0.002146079230823425,-0.0028610183087849138,0.002468400327627631
P1,char3gram,target_real_anchor,append,0.0999099909990999,decision_regret,5,0.0007779971468819322,0.0005088137449671419,0.0001462214379650005,0.0014097728557988637
P1,char3gram,target_real_anchor,append,0.2498124531132783,detection_auroc,5,0.8987714260498147,0.002910281972016779,0.89515783370054,0.9023850183990895
P1,char3gram,target_real_anchor,append,0.2498124531132783,contaminated_utility_delta,5,0.0011612561561281595,0.0015960077922026025,-0.0008204492603024864,0.0031429615725588056
P1,char3gram,target_real_anchor,append,0.2498124531132783,detector_cleanup_delta,5,0.0008927061819369397,0.0026599339983741314,-0.002410038101442409,0.004195450465316288
P1,char3gram,target_real_anchor,append,0.2498124531132783,decision_regret,5,0.0009508853632079243,0.000804397368262073,-4.790588921294698e-05,0.0019496766156287956
P1,char3gram,target_real_anchor,append,0.5,detection_auroc,5,0.8987714260498147,0.002910281972016779,0.89515783370054,0.9023850183990895
P1,char3gram,target_real_anchor,append,0.5,contaminated_utility_delta,5,0.0006980329701632795,0.0011150592904665927,-0.0006864960066717222,0.002082561946998281
P1,char3gram,target_real_anchor,append,0.5,detector_cleanup_delta,5,0.000756471216948036,0.000966306491728323,-0.0004433567650616061,0.0019562991989576783
P1,char3gram,target_real_anchor,append,0.5,decision_regret,5,0.00083579176787334,0.0005448899289577421,0.00015922156010270497,0.0015123619756439752
P1,char3gram,target_real_anchor,append,0.75,detection_auroc,5,0.8987714260498147,0.002910281972016779,0.89515783370054,0.9023850183990895
P1,char3gram,target_real_anchor,append,0.75,contaminated_utility_delta,5,0.0006673256346091748,0.0014305221334925016,-0.0011089021971821037,0.002443553466400453
P1,char3gram,target_real_anchor,append,0.75,detector_cleanup_delta,5,0.0012290380027899727,0.002086926666286831,-0.0013622237056297865,0.003820299711209732
P1,char3gram,target_real_anchor,append,0.75,decision_regret,5,0.000895699661901547,0.0011356589197083077,-0.0005144071329392379,0.002305806456742332
P1,char3gram,target_real_anchor,replace,0.0,detection_auroc,5,0.8987714260498147,0.002910281972016779,0.89515783370054,0.9023850183990895
P1,char3gram,target_real_anchor,replace,0.0,contaminated_utility_delta,5,0.0019617881469842858,0.0024091826388047497,-0.0010296072007171145,0.004953183494685686
P1,char3gram,target_real_anchor,replace,0.0,detector_cleanup_delta,5,0.0011589352410665784,0.0027657545433105264,-0.0022752026032305957,0.004593073085363752
P1,char3gram,target_real_anchor,replace,0.0,decision_regret,5,9.370154614632936e-05,0.00014931173201040784,-9.169345600044256e-05,0.0002790965482931013
P1,char3gram,target_real_anchor,replace,0.05,detection_auroc,5,0.8987714260498147,0.002910281972016779,0.89515783370054,0.9023850183990895
P1,char3gram,target_real_anchor,replace,0.05,contaminated_utility_delta,5,0.000981961711454388,0.0011112152373502554,-0.0003977942430188749,0.002361717665927651
P1,char3gram,target_real_anchor,replace,0.05,detector_cleanup_delta,5,0.0009416031189926205,0.001721114749881501,-0.0011954431027127155,0.0030786493406979565
P1,char3gram,target_real_anchor,replace,0.05,decision_regret,5,0.0004528508890484461,0.000295229800493769,8.627467457845327e-05,0.000819427103518439
P1,char3gram,target_real_anchor,replace,0.1,detection_auroc,5,0.8987714260498147,0.002910281972016779,0.89515783370054,0.9023850183990895
P1,char3gram,target_real_anchor,replace,0.1,contaminated_utility_delta,5,-0.0016563349166229002,0.0017045124746488405,-0.0037727666908835716,0.00046009685763777125
P1,char3gram,target_real_anchor,replace,0.1,detector_cleanup_delta,5,-0.0013075037497530073,0.001495092598430617,-0.003163906403205222,0.0005488989036992074
P1,char3gram,target_real_anchor,replace,0.1,decision_regret,5,0.000842489183253564,0.00038714237566402917,0.0003617884332124619,0.0013231899332946662
P1,char3gram,target_real_anchor,replace,0.25,detection_auroc,5,0.8987714260498147,0.002910281972016779,0.89515783370054,0.9023850183990895
P1,char3gram,target_real_anchor,replace,0.25,contaminated_utility_delta,5,-0.0015615012498067758,0.0021663917672097204,-0.004251431913156115,0.0011284294135425637
P1,char3gram,target_real_anchor,replace,0.25,detector_cleanup_delta,5,-0.0015078823851959518,0.0026507236633488696,-0.004799190527163037,0.001783425756771134
P1,char3gram,target_real_anchor,replace,0.25,decision_regret,5,0.001064921328443764,0.0002774314353662657,0.0007204447031794775,0.0014093979537080506
P1,char3gram,target_real_anchor,replace,0.5,detection_auroc,5,0.8987714260498147,0.002910281972016779,0.89515783370054,0.9023850183990895
P1,char3gram,target_real_anchor,replace,0.5,contaminated_utility_delta,5,-0.0039045991161367013,0.002477022889296461,-0.006980229260502784,-0.0008289689717706182
P1,char3gram,target_real_anchor,replace,0.5,detector_cleanup_delta,5,-0.004162966561218483,0.0022570377645389997,-0.0069654490960328625,-0.0013604840264041028
P1,char3gram,target_real_anchor,replace,0.5,decision_regret,5,0.0013348512157885881,0.0005350516413663442,0.0006704968555241666,0.0019992055760530095
P1,char3gram,target_real_anchor,replace,0.75,detection_auroc,5,0.8987714260498147,0.002910281972016779,0.89515783370054,0.9023850183990895
P1,char3gram,target_real_anchor,replace,0.75,contaminated_utility_delta,5,-0.0077840147670449,0.002324817996375891,-0.010670657575521053,-0.004897371958568748
P1,char3gram,target_real_anchor,replace,0.75,detector_cleanup_delta,5,-0.010510126775569057,0.002985406006371374,-0.014216997933701668,-0.006803255617436445
P1,char3gram,target_real_anchor,replace,0.75,decision_regret,5,0.0037773909019088634,0.002929977453881297,0.00013934338187572776,0.007415438421941999
P1,char3gram,target_real_anchor,replace,1.0,detection_auroc,5,0.8987714260498147,0.002910281972016779,0.89515783370054,0.9023850183990895
P1,char3gram,target_real_anchor,replace,1.0,contaminated_utility_delta,5,-0.014178874610895056,0.0032662694336777856,-0.01823448377512616,-0.010123265446663952
P1,char3gram,target_real_anchor,replace,1.0,detector_cleanup_delta,5,-0.03056768191222518,0.008908144168061101,-0.04162860381651547,-0.019506760007934887
P1,char3gram,target_real_anchor,replace,1.0,decision_regret,5,0.017314319920268762,0.0073854158603108505,0.0081441149347577,0.026484524905779825
P1,column_positional_ablation,oracle_target,append,0.0,detection_auroc,5,0.906644679406344,0.041568823702135015,0.8550301675677237,0.9582591912449643
P1,column_positional_ablation,oracle_target,append,0.0,contaminated_utility_delta,5,0.0019617881469842858,0.0024091826388047497,-0.0010296072007171145,0.004953183494685686
P1,column_positional_ablation,oracle_target,append,0.0,detector_cleanup_delta,5,0.001338040984765392,0.002571610238830406,-0.0018550348662025066,0.004531116835733291
P1,column_positional_ablation,oracle_target,append,0.0,decision_regret,5,0.00018692179051927176,0.0003365926669280129,-0.00023101320606463263,0.0006048567871031761
P1,column_positional_ablation,oracle_target,append,0.050332383665717,detection_auroc,5,0.906644679406344,0.041568823702135015,0.8550301675677237,0.9582591912449643
P1,column_positional_ablation,oracle_target,append,0.050332383665717,contaminated_utility_delta,5,0.001549434554059192,0.0013407134102027007,-0.00011528101929849668,0.0032141501274168807
P1,column_positional_ablation,oracle_target,append,0.050332383665717,detector_cleanup_delta,5,0.0012834933949539184,0.001225606778178022,-0.00023829841746423816,0.002805285207372075
P1,column_positional_ablation,oracle_target,append,0.050332383665717,decision_regret,5,0.000417735330652296,0.00014785618956005843,0.0002341476231639802,0.0006013230381406117
P1,column_positional_ablation,oracle_target,append,0.0999099909990999,detection_auroc,5,0.906644679406344,0.041568823702135015,0.8550301675677237,0.9582591912449643
P1,column_positional_ablation,oracle_target,append,0.0999099909990999,contaminated_utility_delta,5,0.00045941775493377364,0.0018992490628323947,-0.0018988114300074492,0.0028176469398749964
P1,column_positional_ablation,oracle_target,append,0.0999099909990999,detector_cleanup_delta,5,-0.000177701204049599,0.0024237409990750776,-0.0031871731435715455,0.0028317707354723475
P1,column_positional_ablation,oracle_target,append,0.0999099909990999,decision_regret,5,0.00059527786300338,0.0006042675207980237,-0.00015501936285537026,0.0013455750888621302
P1,column_positional_ablation,oracle_target,append,0.2498124531132783,detection_auroc,5,0.906644679406344,0.041568823702135015,0.8550301675677237,0.9582591912449643
P1,column_positional_ablation,oracle_target,append,0.2498124531132783,contaminated_utility_delta,5,0.0011612561561281595,0.0015960077922026025,-0.0008204492603024864,0.0031429615725588056
P1,column_positional_ablation,oracle_target,append,0.2498124531132783,detector_cleanup_delta,5,0.0004951181546413879,0.0019842745951508057,-0.0019686841727077167,0.0029589204819904925
P1,column_positional_ablation,oracle_target,append,0.2498124531132783,decision_regret,5,0.001128426889822368,0.0004658040417192462,0.0005500547810017757,0.0017067989986429602
P1,column_positional_ablation,oracle_target,append,0.5,detection_auroc,5,0.906644679406344,0.041568823702135015,0.8550301675677237,0.9582591912449643
P1,column_positional_ablation,oracle_target,append,0.5,contaminated_utility_delta,5,0.0006980329701632795,0.0011150592904665927,-0.0006864960066717222,0.002082561946998281
P1,column_positional_ablation,oracle_target,append,0.5,detector_cleanup_delta,5,-4.762084037607205e-05,0.0006696789713564896,-0.0008791371094635551,0.0007838954287114109
P1,column_positional_ablation,oracle_target,append,0.5,decision_regret,5,0.0013873750352301722,0.0007459499911637552,0.00046115578674172145,0.002313594283718623
P1,column_positional_ablation,oracle_target,append,0.75,detection_auroc,5,0.906644679406344,0.041568823702135015,0.8550301675677237,0.9582591912449643
P1,column_positional_ablation,oracle_target,append,0.75,contaminated_utility_delta,5,0.0006673256346091748,0.0014305221334925016,-0.0011089021971821037,0.002443553466400453
P1,column_positional_ablation,oracle_target,append,0.75,detector_cleanup_delta,5,0.0008850287194977916,0.0021895161092816396,-0.0018336146068843985,0.0036036720458799817
P1,column_positional_ablation,oracle_target,append,0.75,decision_regret,5,0.0011143936990783798,0.0012860532931578854,-0.0004824523748071577,0.0027112397729639175
P1,column_positional_ablation,oracle_target,replace,0.0,detection_auroc,5,0.906644679406344,0.041568823702135015,0.8550301675677237,0.9582591912449643
P1,column_positional_ablation,oracle_target,replace,0.0,contaminated_utility_delta,5,0.0019617881469842858,0.0024091826388047497,-0.0010296072007171145,0.004953183494685686
P1,column_positional_ablation,oracle_target,replace,0.0,detector_cleanup_delta,5,0.001338040984765392,0.002571610238830406,-0.0018550348662025066,0.004531116835733291
P1,column_positional_ablation,oracle_target,replace,0.0,decision_regret,5,0.00018692179051927176,0.0003365926669280129,-0.00023101320606463263,0.0006048567871031761
P1,column_positional_ablation,oracle_target,replace,0.05,detection_auroc,5,0.906644679406344,0.041568823702135015,0.8550301675677237,0.9582591912449643
P1,column_positional_ablation,oracle_target,replace,0.05,contaminated_utility_delta,5,0.000981961711454388,0.0011112152373502554,-0.0003977942430188749,0.002361717665927651
P1,column_positional_ablation,oracle_target,replace,0.05,detector_cleanup_delta,5,0.000574674362489348,0.0014874170040039493,-0.00127219778169846,0.0024215465066771556
P1,column_positional_ablation,oracle_target,replace,0.05,decision_regret,5,0.00035995375001174004,0.0003857283963316477,-0.0001189913127981397,0.0008388988128216197
P1,column_positional_ablation,oracle_target,replace,0.1,detection_auroc,5,0.906644679406344,0.041568823702135015,0.8550301675677237,0.9582591912449643
P1,column_positional_ablation,oracle_target,replace,0.1,contaminated_utility_delta,5,-0.0016563349166229002,0.0017045124746488405,-0.0037727666908835716,0.00046009685763777125
P1,column_positional_ablation,oracle_target,replace,0.1,detector_cleanup_delta,5,-0.001352600262594828,0.0014987499564189574,-0.003213544125789708,0.0005083436006000518
P1,column_positional_ablation,oracle_target,replace,0.1,decision_regret,5,0.0006203509943623041,0.0005056844100605871,-7.539132062836236e-06,0.0012482411207874445
P1,column_positional_ablation,oracle_target,replace,0.25,detection_auroc,5,0.906644679406344,0.041568823702135015,0.8550301675677237,0.9582591912449643
P1,column_positional_ablation,oracle_target,replace,0.25,contaminated_utility_delta,5,-0.0015615012498067758,0.0021663917672097204,-0.004251431913156115,0.0011284294135425637
P1,column_positional_ablation,oracle_target,replace,0.25,detector_cleanup_delta,5,-0.001716485761126884,0.0028247787108446163,-0.005223911789275084,0.0017909402670213165
P1,column_positional_ablation,oracle_target,replace,0.25,decision_regret,5,0.0012446052831690479,0.00028012325772324017,0.0008967863189945461,0.0015924242473435496
P1,column_positional_ablation,oracle_target,replace,0.5,detection_auroc,5,0.906644679406344,0.041568823702135015,0.8550301675677237,0.9582591912449643
P1,column_positional_ablation,oracle_target,replace,0.5,contaminated_utility_delta,5,-0.0039045991161367013,0.002477022889296461,-0.006980229260502784,-0.0008289689717706182
P1,column_positional_ablation,oracle_target,replace,0.5,detector_cleanup_delta,5,-0.00450457476999808,0.0034889054867261317,-0.008836623106001498,-0.00017252643399466236
P1,column_positional_ablation,oracle_target,replace,0.5,decision_regret,5,0.001850829496131668,0.0015242361869043453,-4.175970190684096e-05,0.003743418694170177
P1,column_positional_ablation,oracle_target,replace,0.75,detection_auroc,5,0.906644679406344,0.041568823702135015,0.8550301675677237,0.9582591912449643
P1,column_positional_ablation,oracle_target,replace,0.75,contaminated_utility_delta,5,-0.0077840147670449,0.002324817996375891,-0.010670657575521053,-0.004897371958568748
P1,column_positional_ablation,oracle_target,replace,0.75,detector_cleanup_delta,5,-0.01335343082049385,0.00239049146279396,-0.016321618007858564,-0.010385243633129137
P1,column_positional_ablation,oracle_target,replace,0.75,decision_regret,5,0.006049443440692319,0.002086009092656573,0.0034593210504149526,0.008639565830969686
P1,column_positional_ablation,oracle_target,replace,1.0,detection_auroc,5,0.906644679406344,0.041568823702135015,0.8550301675677237,0.9582591912449643
P1,column_positional_ablation,oracle_target,replace,1.0,contaminated_utility_delta,5,-0.014178874610895056,0.0032662694336777856,-0.01823448377512616,-0.010123265446663952
P1,column_positional_ablation,oracle_target,replace,1.0,detector_cleanup_delta,5,-0.04645114761150035,0.01833304283540378,-0.06921462687774868,-0.023687668345252016
P1,column_positional_ablation,oracle_target,replace,1.0,decision_regret,5,0.03242189487854065,0.016163234703366215,0.012352588252853125,0.052491201504228174
P1,column_positional_ablation,source_only,append,0.0,detection_auroc,5,0.906644679406344,0.041568823702135015,0.8550301675677237,0.9582591912449643
P1,column_positional_ablation,source_only,append,0.0,contaminated_utility_delta,5,0.0019617881469842858,0.0024091826388047497,-0.0010296072007171145,0.004953183494685686
P1,column_positional_ablation,source_only,append,0.0,detector_cleanup_delta,5,0.001338040984765392,0.002571610238830406,-0.0018550348662025066,0.004531116835733291
P1,column_positional_ablation,source_only,append,0.0,decision_regret,5,0.00018692179051927176,0.0003365926669280129,-0.00023101320606463263,0.0006048567871031761
P1,column_positional_ablation,source_only,append,0.050332383665717,detection_auroc,5,0.906644679406344,0.041568823702135015,0.8550301675677237,0.9582591912449643
P1,column_positional_ablation,source_only,append,0.050332383665717,contaminated_utility_delta,5,0.001549434554059192,0.0013407134102027007,-0.00011528101929849668,0.0032141501274168807
P1,column_positional_ablation,source_only,append,0.050332383665717,detector_cleanup_delta,5,0.0012834933949539184,0.001225606778178022,-0.00023829841746423816,0.002805285207372075
P1,column_positional_ablation,source_only,append,0.050332383665717,decision_regret,5,0.000417735330652296,0.00014785618956005843,0.0002341476231639802,0.0006013230381406117
P1,column_positional_ablation,source_only,append,0.0999099909990999,detection_auroc,5,0.906644679406344,0.041568823702135015,0.8550301675677237,0.9582591912449643
P1,column_positional_ablation,source_only,append,0.0999099909990999,contaminated_utility_delta,5,0.00045941775493377364,0.0018992490628323947,-0.0018988114300074492,0.0028176469398749964
P1,column_positional_ablation,source_only,append,0.0999099909990999,detector_cleanup_delta,5,-0.000177701204049599,0.0024237409990750776,-0.0031871731435715455,0.0028317707354723475
P1,column_positional_ablation,source_only,append,0.0999099909990999,decision_regret,5,0.00059527786300338,0.0006042675207980237,-0.00015501936285537026,0.0013455750888621302
P1,column_positional_ablation,source_only,append,0.2498124531132783,detection_auroc,5,0.906644679406344,0.041568823702135015,0.8550301675677237,0.9582591912449643
P1,column_positional_ablation,source_only,append,0.2498124531132783,contaminated_utility_delta,5,0.0011612561561281595,0.0015960077922026025,-0.0008204492603024864,0.0031429615725588056
P1,column_positional_ablation,source_only,append,0.2498124531132783,detector_cleanup_delta,5,0.0004951181546413879,0.0019842745951508057,-0.0019686841727077167,0.0029589204819904925
P1,column_positional_ablation,source_only,append,0.2498124531132783,decision_regret,5,0.001128426889822368,0.0004658040417192462,0.0005500547810017757,0.0017067989986429602
P1,column_positional_ablation,source_only,append,0.5,detection_auroc,5,0.906644679406344,0.041568823702135015,0.8550301675677237,0.9582591912449643
P1,column_positional_ablation,source_only,append,0.5,contaminated_utility_delta,5,0.0006980329701632795,0.0011150592904665927,-0.0006864960066717222,0.002082561946998281
P1,column_positional_ablation,source_only,append,0.5,detector_cleanup_delta,5,-4.762084037607205e-05,0.0006696789713564896,-0.0008791371094635551,0.0007838954287114109
P1,column_positional_ablation,source_only,append,0.5,decision_regret,5,0.0013873750352301722,0.0007459499911637552,0.00046115578674172145,0.002313594283718623
P1,column_positional_ablation,source_only,append,0.75,detection_auroc,5,0.906644679406344,0.041568823702135015,0.8550301675677237,0.9582591912449643
P1,column_positional_ablation,source_only,append,0.75,contaminated_utility_delta,5,0.0006673256346091748,0.0014305221334925016,-0.0011089021971821037,0.002443553466400453
P1,column_positional_ablation,source_only,append,0.75,detector_cleanup_delta,5,0.0008850287194977916,0.0021895161092816396,-0.0018336146068843985,0.0036036720458799817
P1,column_positional_ablation,source_only,append,0.75,decision_regret,5,0.0011143936990783798,0.0012860532931578854,-0.0004824523748071577,0.0027112397729639175
P1,column_positional_ablation,source_only,replace,0.0,detection_auroc,5,0.906644679406344,0.041568823702135015,0.8550301675677237,0.9582591912449643
P1,column_positional_ablation,source_only,replace,0.0,contaminated_utility_delta,5,0.0019617881469842858,0.0024091826388047497,-0.0010296072007171145,0.004953183494685686
P1,column_positional_ablation,source_only,replace,0.0,detector_cleanup_delta,5,0.001338040984765392,0.002571610238830406,-0.0018550348662025066,0.004531116835733291
P1,column_positional_ablation,source_only,replace,0.0,decision_regret,5,0.00018692179051927176,0.0003365926669280129,-0.00023101320606463263,0.0006048567871031761
P1,column_positional_ablation,source_only,replace,0.05,detection_auroc,5,0.906644679406344,0.041568823702135015,0.8550301675677237,0.9582591912449643
P1,column_positional_ablation,source_only,replace,0.05,contaminated_utility_delta,5,0.000981961711454388,0.0011112152373502554,-0.0003977942430188749,0.002361717665927651
P1,column_positional_ablation,source_only,replace,0.05,detector_cleanup_delta,5,0.000574674362489348,0.0014874170040039493,-0.00127219778169846,0.0024215465066771556
P1,column_positional_ablation,source_only,replace,0.05,decision_regret,5,0.00035995375001174004,0.0003857283963316477,-0.0001189913127981397,0.0008388988128216197
P1,column_positional_ablation,source_only,replace,0.1,detection_auroc,5,0.906644679406344,0.041568823702135015,0.8550301675677237,0.9582591912449643
P1,column_positional_ablation,source_only,replace,0.1,contaminated_utility_delta,5,-0.0016563349166229002,0.0017045124746488405,-0.0037727666908835716,0.00046009685763777125
P1,column_positional_ablation,source_only,replace,0.1,detector_cleanup_delta,5,-0.001352600262594828,0.0014987499564189574,-0.003213544125789708,0.0005083436006000518
P1,column_positional_ablation,source_only,replace,0.1,decision_regret,5,0.0006203509943623041,0.0005056844100605871,-7.539132062836236e-06,0.0012482411207874445
P1,column_positional_ablation,source_only,replace,0.25,detection_auroc,5,0.906644679406344,0.041568823702135015,0.8550301675677237,0.9582591912449643
P1,column_positional_ablation,source_only,replace,0.25,contaminated_utility_delta,5,-0.0015615012498067758,0.0021663917672097204,-0.004251431913156115,0.0011284294135425637
P1,column_positional_ablation,source_only,replace,0.25,detector_cleanup_delta,5,-0.001716485761126884,0.0028247787108446163,-0.005223911789275084,0.0017909402670213165
P1,column_positional_ablation,source_only,replace,0.25,decision_regret,5,0.0012446052831690479,0.00028012325772324017,0.0008967863189945461,0.0015924242473435496
P1,column_positional_ablation,source_only,replace,0.5,detection_auroc,5,0.906644679406344,0.041568823702135015,0.8550301675677237,0.9582591912449643
P1,column_positional_ablation,source_only,replace,0.5,contaminated_utility_delta,5,-0.0039045991161367013,0.002477022889296461,-0.006980229260502784,-0.0008289689717706182
P1,column_positional_ablation,source_only,replace,0.5,detector_cleanup_delta,5,-0.00450457476999808,0.0034889054867261317,-0.008836623106001498,-0.00017252643399466236
P1,column_positional_ablation,source_only,replace,0.5,decision_regret,5,0.001850829496131668,0.0015242361869043453,-4.175970190684096e-05,0.003743418694170177
P1,column_positional_ablation,source_only,replace,0.75,detection_auroc,5,0.906644679406344,0.041568823702135015,0.8550301675677237,0.9582591912449643
P1,column_positional_ablation,source_only,replace,0.75,contaminated_utility_delta,5,-0.0077840147670449,0.002324817996375891,-0.010670657575521053,-0.004897371958568748
P1,column_positional_ablation,source_only,replace,0.75,detector_cleanup_delta,5,-0.01335343082049385,0.00239049146279396,-0.016321618007858564,-0.010385243633129137
P1,column_positional_ablation,source_only,replace,0.75,decision_regret,5,0.006049443440692319,0.002086009092656573,0.0034593210504149526,0.008639565830969686
P1,column_positional_ablation,source_only,replace,1.0,detection_auroc,5,0.906644679406344,0.041568823702135015,0.8550301675677237,0.9582591912449643
P1,column_positional_ablation,source_only,replace,1.0,contaminated_utility_delta,5,-0.014178874610895056,0.0032662694336777856,-0.01823448377512616,-0.010123265446663952
P1,column_positional_ablation,source_only,replace,1.0,detector_cleanup_delta,5,-0.04645114761150035,0.01833304283540378,-0.06921462687774868,-0.023687668345252016
P1,column_positional_ablation,source_only,replace,1.0,decision_regret,5,0.03242189487854065,0.016163234703366215,0.012352588252853125,0.052491201504228174
P1,column_positional_ablation,target_real_anchor,append,0.0,detection_auroc,5,0.906644679406344,0.041568823702135015,0.8550301675677237,0.9582591912449643
P1,column_positional_ablation,target_real_anchor,append,0.0,contaminated_utility_delta,5,0.0019617881469842858,0.0024091826388047497,-0.0010296072007171145,0.004953183494685686
P1,column_positional_ablation,target_real_anchor,append,0.0,detector_cleanup_delta,5,0.001398658585107344,0.0024695966777445225,-0.0016677506997316526,0.00446506786994634
P1,column_positional_ablation,target_real_anchor,append,0.0,decision_regret,5,0.0001809049827107714,0.00034539449107326447,-0.00024795892203281246,0.0006097688874543552
P1,column_positional_ablation,target_real_anchor,append,0.050332383665717,detection_auroc,5,0.906644679406344,0.041568823702135015,0.8550301675677237,0.9582591912449643
P1,column_positional_ablation,target_real_anchor,append,0.050332383665717,contaminated_utility_delta,5,0.001549434554059192,0.0013407134102027007,-0.00011528101929849668,0.0032141501274168807
P1,column_positional_ablation,target_real_anchor,append,0.050332383665717,detector_cleanup_delta,5,0.0014349347518893372,0.0012526221699385206,-0.00012040109987520122,0.0029902706036538758
P1,column_positional_ablation,target_real_anchor,append,0.050332383665717,decision_regret,5,0.00042666938664250395,0.00011632843623978434,0.00028222855539622167,0.0005711102178887862
P1,column_positional_ablation,target_real_anchor,append,0.0999099909990999,detection_auroc,5,0.906644679406344,0.041568823702135015,0.8550301675677237,0.9582591912449643
P1,column_positional_ablation,target_real_anchor,append,0.0999099909990999,contaminated_utility_delta,5,0.00045941775493377364,0.0018992490628323947,-0.0018988114300074492,0.0028176469398749964
P1,column_positional_ablation,target_real_anchor,append,0.0999099909990999,detector_cleanup_delta,5,-0.00013229877728760856,0.0024680614864220824,-0.0031968018703311765,0.002932204315755959
P1,column_positional_ablation,target_real_anchor,append,0.0999099909990999,decision_regret,5,0.000595347398501039,0.0005808341707417445,-0.00012585348023552332,0.0013165482772376012
P1,column_positional_ablation,target_real_anchor,append,0.2498124531132783,detection_auroc,5,0.906644679406344,0.041568823702135015,0.8550301675677237,0.9582591912449643
P1,column_positional_ablation,target_real_anchor,append,0.2498124531132783,contaminated_utility_delta,5,0.0011612561561281595,0.0015960077922026025,-0.0008204492603024864,0.0031429615725588056
P1,column_positional_ablation,target_real_anchor,append,0.2498124531132783,detector_cleanup_delta,5,0.0005273774082447601,0.002079223785108803,-0.0020543199099338,0.00310907472642332
P1,column_positional_ablation,target_real_anchor,append,0.2498124531132783,decision_regret,5,0.0011355930054827521,0.0005019479304269926,0.0005123423312986677,0.0017588436796668367
P1,column_positional_ablation,target_real_anchor,append,0.5,detection_auroc,5,0.906644679406344,0.041568823702135015,0.8550301675677237,0.9582591912449643
P1,column_positional_ablation,target_real_anchor,append,0.5,contaminated_utility_delta,5,0.0006980329701632795,0.0011150592904665927,-0.0006864960066717222,0.002082561946998281
P1,column_positional_ablation,target_real_anchor,append,0.5,detector_cleanup_delta,5,-0.00012111898223097992,0.0005725783265470529,-0.0008320688764562141,0.0005898309119942542
P1,column_positional_ablation,target_real_anchor,append,0.5,decision_regret,5,0.001359882366080924,0.000847356938827882,0.0003077497615101936,0.002412014970651654
P1,column_positional_ablation,target_real_anchor,append,0.75,detection_auroc,5,0.906644679406344,0.041568823702135015,0.8550301675677237,0.9582591912449643
P1,column_positional_ablation,target_real_anchor,append,0.75,contaminated_utility_delta,5,0.0006673256346091748,0.0014305221334925016,-0.0011089021971821037,0.002443553466400453
P1,column_positional_ablation,target_real_anchor,append,0.75,detector_cleanup_delta,5,0.0006563165610393104,0.002039850705206652,-0.0018764926213263487,0.0031891257434049696
P1,column_positional_ablation,target_real_anchor,append,0.75,decision_regret,5,0.0010981445894888999,0.0010921215530460748,-0.0002579034245907936,0.0024541926035685935
P1,column_positional_ablation,target_real_anchor,replace,0.0,detection_auroc,5,0.906644679406344,0.041568823702135015,0.8550301675677237,0.9582591912449643
P1,column_positional_ablation,target_real_anchor,replace,0.0,contaminated_utility_delta,5,0.0019617881469842858,0.0024091826388047497,-0.0010296072007171145,0.004953183494685686
P1,column_positional_ablation,target_real_anchor,replace,0.0,detector_cleanup_delta,5,0.001398658585107344,0.0024695966777445225,-0.0016677506997316526,0.00446506786994634
P1,column_positional_ablation,target_real_anchor,replace,0.0,decision_regret,5,0.0001809049827107714,0.00034539449107326447,-0.00024795892203281246,0.0006097688874543552
P1,column_positional_ablation,target_real_anchor,replace,0.05,detection_auroc,5,0.906644679406344,0.041568823702135015,0.8550301675677237,0.9582591912449643
P1,column_positional_ablation,target_real_anchor,replace,0.05,contaminated_utility_delta,5,0.000981961711454388,0.0011112152373502554,-0.0003977942430188749,0.002361717665927651
P1,column_positional_ablation,target_real_anchor,replace,0.05,detector_cleanup_delta,5,0.000659606767490738,0.0016400489098075289,-0.0013767829191106023,0.0026959964540920786
P1,column_positional_ablation,target_real_anchor,replace,0.05,decision_regret,5,0.00042934684708526797,0.00040593660028275793,-7.469001503906448e-05,0.0009333837092096004
P1,column_positional_ablation,target_real_anchor,replace,0.1,detection_auroc,5,0.906644679406344,0.041568823702135015,0.8550301675677237,0.9582591912449643
P1,column_positional_ablation,target_real_anchor,replace,0.1,contaminated_utility_delta,5,-0.0016563349166229002,0.0017045124746488405,-0.0037727666908835716,0.00046009685763777125
P1,column_positional_ablation,target_real_anchor,replace,0.1,detector_cleanup_delta,5,-0.001287930582498044,0.0014667192418535977,-0.0031091030605803756,0.0005332418955842876
P1,column_positional_ablation,target_real_anchor,replace,0.1,decision_regret,5,0.0006172688936539508,0.0005165918806097368,-2.4164646263536522e-05,0.001258702433571438
P1,column_positional_ablation,target_real_anchor,replace,0.25,detection_auroc,5,0.906644679406344,0.041568823702135015,0.8550301675677237,0.9582591912449643
P1,column_positional_ablation,target_real_anchor,replace,0.25,contaminated_utility_delta,5,-0.0015615012498067758,0.0021663917672097204,-0.004251431913156115,0.0011284294135425637
P1,column_positional_ablation,target_real_anchor,replace,0.25,detector_cleanup_delta,5,-0.0017144203496130001,0.0026428820574732515,-0.0049959918518762275,0.0015671511526502274
P1,column_positional_ablation,target_real_anchor,replace,0.25,decision_regret,5,0.0012079139354911118,0.00029256430541355565,0.0008446473702996091,0.0015711805006826144
P1,column_positional_ablation,target_real_anchor,replace,0.5,detection_auroc,5,0.906644679406344,0.041568823702135015,0.8550301675677237,0.9582591912449643
P1,column_positional_ablation,target_real_anchor,replace,0.5,contaminated_utility_delta,5,-0.0039045991161367013,0.002477022889296461,-0.006980229260502784,-0.0008289689717706182
P1,column_positional_ablation,target_real_anchor,replace,0.5,detector_cleanup_delta,5,-0.00453781624291232,0.003129996791776221,-0.008424220573754136,-0.0006514119120705031
P1,column_positional_ablation,target_real_anchor,replace,0.5,decision_regret,5,0.0018828461415411758,0.0013143852651634558,0.0002508212780182046,0.003514871005064147
P1,column_positional_ablation,target_real_anchor,replace,0.75,detection_auroc,5,0.906644679406344,0.041568823702135015,0.8550301675677237,0.9582591912449643
P1,column_positional_ablation,target_real_anchor,replace,0.75,contaminated_utility_delta,5,-0.0077840147670449,0.002324817996375891,-0.010670657575521053,-0.004897371958568748
P1,column_positional_ablation,target_real_anchor,replace,0.75,detector_cleanup_delta,5,-0.013584952603477096,0.0023717234924850914,-0.01652983627778993,-0.010640068929164262
P1,column_positional_ablation,target_real_anchor,replace,0.75,decision_regret,5,0.006287434942662716,0.0018464582510569565,0.003994754208139006,0.008580115677186426
P1,column_positional_ablation,target_real_anchor,replace,1.0,detection_auroc,5,0.906644679406344,0.041568823702135015,0.8550301675677237,0.9582591912449643
P1,column_positional_ablation,target_real_anchor,replace,1.0,contaminated_utility_delta,5,-0.014178874610895056,0.0032662694336777856,-0.01823448377512616,-0.010123265446663952
P1,column_positional_ablation,target_real_anchor,replace,1.0,detector_cleanup_delta,5,-0.04631530025126433,0.018653367183637765,-0.06947651472846289,-0.023154085774065778
P1,column_positional_ablation,target_real_anchor,replace,1.0,decision_regret,5,0.03216063585225903,0.016330859950719763,0.011883194991742601,0.05243807671277545
P1,datum_transformer,oracle_target,append,0.0,detection_auroc,5,0.8996020308531936,0.04020887191732126,0.8496761221850694,0.9495279395213178
P1,datum_transformer,oracle_target,append,0.0,contaminated_utility_delta,5,0.0019617881469842858,0.0024091826388047497,-0.0010296072007171145,0.004953183494685686
P1,datum_transformer,oracle_target,append,0.0,detector_cleanup_delta,5,0.0008214264615814558,0.002459499800282589,-0.0022324458940187826,0.0038752988171816944
P1,datum_transformer,oracle_target,append,0.0,decision_regret,5,6.2842156508188e-05,5.5159586143688224e-05,-5.647515762248863e-06,0.00013133182877862485
P1,datum_transformer,oracle_target,append,0.050332383665717,detection_auroc,5,0.8996020308531936,0.04020887191732126,0.8496761221850694,0.9495279395213178
P1,datum_transformer,oracle_target,append,0.050332383665717,contaminated_utility_delta,5,0.001549434554059192,0.0013407134102027007,-0.00011528101929849668,0.0032141501274168807
P1,datum_transformer,oracle_target,append,0.050332383665717,detector_cleanup_delta,5,0.00040458319128403605,0.002241101003871608,-0.0023781112415616544,0.0031872776241297263
P1,datum_transformer,oracle_target,append,0.050332383665717,decision_regret,5,0.000305278230691672,0.00021483077090820874,3.8530596748588693e-05,0.0005720258646347554
P1,datum_transformer,oracle_target,append,0.0999099909990999,detection_auroc,5,0.8996020308531936,0.04020887191732126,0.8496761221850694,0.9495279395213178
P1,datum_transformer,oracle_target,append,0.0999099909990999,contaminated_utility_delta,5,0.00045941775493377364,0.0018992490628323947,-0.0018988114300074492,0.0028176469398749964
P1,datum_transformer,oracle_target,append,0.0999099909990999,detector_cleanup_delta,5,-0.0006753350595219076,0.0024809534071164527,-0.0037558455863593732,0.0024051754673155576
P1,datum_transformer,oracle_target,append,0.0999099909990999,decision_regret,5,0.001001033913803892,0.0012228929019283661,-0.0005173881761794867,0.0025194560037872706
P1,datum_transformer,oracle_target,append,0.2498124531132783,detection_auroc,5,0.8996020308531936,0.04020887191732126,0.8496761221850694,0.9495279395213178
P1,datum_transformer,oracle_target,append,0.2498124531132783,contaminated_utility_delta,5,0.0011612561561281595,0.0015960077922026025,-0.0008204492603024864,0.0031429615725588056
P1,datum_transformer,oracle_target,append,0.2498124531132783,detector_cleanup_delta,5,-0.00012144910464898461,0.0024888794753399257,-0.003211801145046843,0.002968902935748874
P1,datum_transformer,oracle_target,append,0.2498124531132783,decision_regret,5,0.0015710716506099922,0.0009666479917123556,0.0003708196403647897,0.0027713236608551944
P1,datum_transformer,oracle_target,append,0.5,detection_auroc,5,0.8996020308531936,0.04020887191732126,0.8496761221850694,0.9495279395213178
P1,datum_transformer,oracle_target,append,0.5,contaminated_utility_delta,5,0.0006980329701632795,0.0011150592904665927,-0.0006864960066717222,0.002082561946998281
P1,datum_transformer,oracle_target,append,0.5,detector_cleanup_delta,5,0.000265574892954984,0.0008213604920702176,-0.0007542788595955334,0.0012854286455055014
P1,datum_transformer,oracle_target,append,0.5,decision_regret,5,0.001032015992487268,0.0006086647826876449,0.0002762588448495016,0.0017877731401250343
P1,datum_transformer,oracle_target,append,0.75,detection_auroc,5,0.8996020308531936,0.04020887191732126,0.8496761221850694,0.9495279395213178
P1,datum_transformer,oracle_target,append,0.75,contaminated_utility_delta,5,0.0006673256346091748,0.0014305221334925016,-0.0011089021971821037,0.002443553466400453
P1,datum_transformer,oracle_target,append,0.75,detector_cleanup_delta,5,0.0005489896152021481,0.0024237909935560247,-0.0024605444006668992,0.0035585236310711954
P1,datum_transformer,oracle_target,append,0.75,decision_regret,5,0.0011418321167847162,0.0016676819732209856,-0.0009288685498171955,0.003212532783386628
P1,datum_transformer,oracle_target,replace,0.0,detection_auroc,5,0.8996020308531936,0.04020887191732126,0.8496761221850694,0.9495279395213178
P1,datum_transformer,oracle_target,replace,0.0,contaminated_utility_delta,5,0.0019617881469842858,0.0024091826388047497,-0.0010296072007171145,0.004953183494685686
P1,datum_transformer,oracle_target,replace,0.0,detector_cleanup_delta,5,0.0008214264615814558,0.002459499800282589,-0.0022324458940187826,0.0038752988171816944
P1,datum_transformer,oracle_target,replace,0.0,decision_regret,5,6.2842156508188e-05,5.5159586143688224e-05,-5.647515762248863e-06,0.00013133182877862485
P1,datum_transformer,oracle_target,replace,0.05,detection_auroc,5,0.8996020308531936,0.04020887191732126,0.8496761221850694,0.9495279395213178
P1,datum_transformer,oracle_target,replace,0.05,contaminated_utility_delta,5,0.000981961711454388,0.0011112152373502554,-0.0003977942430188749,0.002361717665927651
P1,datum_transformer,oracle_target,replace,0.05,detector_cleanup_delta,5,0.0005876498363207039,0.0021349057323059683,-0.0020631857510424595,0.0032384854236838677
P1,datum_transformer,oracle_target,replace,0.05,decision_regret,5,0.00035764636571934005,0.00032840535832131157,-5.012274452543945e-05,0.0007654154759641195
P1,datum_transformer,oracle_target,replace,0.1,detection_auroc,5,0.8996020308531936,0.04020887191732126,0.8496761221850694,0.9495279395213178
P1,datum_transformer,oracle_target,replace,0.1,contaminated_utility_delta,5,-0.0016563349166229002,0.0017045124746488405,-0.0037727666908835716,0.00046009685763777125
P1,datum_transformer,oracle_target,replace,0.1,detector_cleanup_delta,5,-0.0020488521628971193,0.0014573421466053619,-0.003858381439401989,-0.00023932288639224946
P1,datum_transformer,oracle_target,replace,0.1,decision_regret,5,0.0008447803581181759,0.00035813844828558897,0.00040009274050939957,0.0012894679757269522
P1,datum_transformer,oracle_target,replace,0.25,detection_auroc,5,0.8996020308531936,0.04020887191732126,0.8496761221850694,0.9495279395213178
P1,datum_transformer,oracle_target,replace,0.25,contaminated_utility_delta,5,-0.0015615012498067758,0.0021663917672097204,-0.004251431913156115,0.0011284294135425637
P1,datum_transformer,oracle_target,replace,0.25,detector_cleanup_delta,5,-0.001994832207388808,0.002198838642927059,-0.004725050988170559,0.0007353865733929427
P1,datum_transformer,oracle_target,replace,0.25,decision_regret,5,0.0015134345718707761,0.000562138931279802,0.0008154468989119062,0.002211422244829646
P1,datum_transformer,oracle_target,replace,0.5,detection_auroc,5,0.8996020308531936,0.04020887191732126,0.8496761221850694,0.9495279395213178
P1,datum_transformer,oracle_target,replace,0.5,contaminated_utility_delta,5,-0.0039045991161367013,0.002477022889296461,-0.006980229260502784,-0.0008289689717706182
P1,datum_transformer,oracle_target,replace,0.5,detector_cleanup_delta,5,-0.0045734171675237325,0.003130149443944085,-0.008460011041066634,-0.000686823293980831
P1,datum_transformer,oracle_target,replace,0.5,decision_regret,5,0.001978915356566676,0.0010616053597873219,0.0006607582010186043,0.003297072512114747
P1,datum_transformer,oracle_target,replace,0.75,detection_auroc,5,0.8996020308531936,0.04020887191732126,0.8496761221850694,0.9495279395213178
P1,datum_transformer,oracle_target,replace,0.75,contaminated_utility_delta,5,-0.0077840147670449,0.002324817996375891,-0.010670657575521053,-0.004897371958568748
P1,datum_transformer,oracle_target,replace,0.75,detector_cleanup_delta,5,-0.013010828493261795,0.0023707454643934747,-0.015954497785304035,-0.010067159201219554
P1,datum_transformer,oracle_target,replace,0.75,decision_regret,5,0.006022307270407264,0.00200423110145837,0.00353372566764613,0.008510888873168396
P1,datum_transformer,oracle_target,replace,1.0,detection_auroc,5,0.8996020308531936,0.04020887191732126,0.8496761221850694,0.9495279395213178
P1,datum_transformer,oracle_target,replace,1.0,contaminated_utility_delta,5,-0.014178874610895056,0.0032662694336777856,-0.01823448377512616,-0.010123265446663952
P1,datum_transformer,oracle_target,replace,1.0,detector_cleanup_delta,5,-0.04351762105493469,0.013853551478732814,-0.06071907717333974,-0.026316164936529635
P1,datum_transformer,oracle_target,replace,1.0,decision_regret,5,0.029591036593207064,0.011283824813655776,0.01558031756005239,0.04360175562636174
P1,datum_transformer,source_only,append,0.0,detection_auroc,5,0.8996020308531936,0.04020887191732126,0.8496761221850694,0.9495279395213178
P1,datum_transformer,source_only,append,0.0,contaminated_utility_delta,5,0.0019617881469842858,0.0024091826388047497,-0.0010296072007171145,0.004953183494685686
P1,datum_transformer,source_only,append,0.0,detector_cleanup_delta,5,0.0008214264615814558,0.002459499800282589,-0.0022324458940187826,0.0038752988171816944
P1,datum_transformer,source_only,append,0.0,decision_regret,5,6.2842156508188e-05,5.5159586143688224e-05,-5.647515762248863e-06,0.00013133182877862485
P1,datum_transformer,source_only,append,0.050332383665717,detection_auroc,5,0.8996020308531936,0.04020887191732126,0.8496761221850694,0.9495279395213178
P1,datum_transformer,source_only,append,0.050332383665717,contaminated_utility_delta,5,0.001549434554059192,0.0013407134102027007,-0.00011528101929849668,0.0032141501274168807
P1,datum_transformer,source_only,append,0.050332383665717,detector_cleanup_delta,5,0.00040458319128403605,0.002241101003871608,-0.0023781112415616544,0.0031872776241297263
P1,datum_transformer,source_only,append,0.050332383665717,decision_regret,5,0.000305278230691672,0.00021483077090820874,3.8530596748588693e-05,0.0005720258646347554
P1,datum_transformer,source_only,append,0.0999099909990999,detection_auroc,5,0.8996020308531936,0.04020887191732126,0.8496761221850694,0.9495279395213178
P1,datum_transformer,source_only,append,0.0999099909990999,contaminated_utility_delta,5,0.00045941775493377364,0.0018992490628323947,-0.0018988114300074492,0.0028176469398749964
P1,datum_transformer,source_only,append,0.0999099909990999,detector_cleanup_delta,5,-0.0006753350595219076,0.0024809534071164527,-0.0037558455863593732,0.0024051754673155576
P1,datum_transformer,source_only,append,0.0999099909990999,decision_regret,5,0.001001033913803892,0.0012228929019283661,-0.0005173881761794867,0.0025194560037872706
P1,datum_transformer,source_only,append,0.2498124531132783,detection_auroc,5,0.8996020308531936,0.04020887191732126,0.8496761221850694,0.9495279395213178
P1,datum_transformer,source_only,append,0.2498124531132783,contaminated_utility_delta,5,0.0011612561561281595,0.0015960077922026025,-0.0008204492603024864,0.0031429615725588056
P1,datum_transformer,source_only,append,0.2498124531132783,detector_cleanup_delta,5,-0.00012144910464898461,0.0024888794753399257,-0.003211801145046843,0.002968902935748874
P1,datum_transformer,source_only,append,0.2498124531132783,decision_regret,5,0.0015710716506099922,0.0009666479917123556,0.0003708196403647897,0.0027713236608551944
P1,datum_transformer,source_only,append,0.5,detection_auroc,5,0.8996020308531936,0.04020887191732126,0.8496761221850694,0.9495279395213178
P1,datum_transformer,source_only,append,0.5,contaminated_utility_delta,5,0.0006980329701632795,0.0011150592904665927,-0.0006864960066717222,0.002082561946998281
P1,datum_transformer,source_only,append,0.5,detector_cleanup_delta,5,0.000265574892954984,0.0008213604920702176,-0.0007542788595955334,0.0012854286455055014
P1,datum_transformer,source_only,append,0.5,decision_regret,5,0.001032015992487268,0.0006086647826876449,0.0002762588448495016,0.0017877731401250343
P1,datum_transformer,source_only,append,0.75,detection_auroc,5,0.8996020308531936,0.04020887191732126,0.8496761221850694,0.9495279395213178
P1,datum_transformer,source_only,append,0.75,contaminated_utility_delta,5,0.0006673256346091748,0.0014305221334925016,-0.0011089021971821037,0.002443553466400453
P1,datum_transformer,source_only,append,0.75,detector_cleanup_delta,5,0.0005489896152021481,0.0024237909935560247,-0.0024605444006668992,0.0035585236310711954
P1,datum_transformer,source_only,append,0.75,decision_regret,5,0.0011418321167847162,0.0016676819732209856,-0.0009288685498171955,0.003212532783386628
P1,datum_transformer,source_only,replace,0.0,detection_auroc,5,0.8996020308531936,0.04020887191732126,0.8496761221850694,0.9495279395213178
P1,datum_transformer,source_only,replace,0.0,contaminated_utility_delta,5,0.0019617881469842858,0.0024091826388047497,-0.0010296072007171145,0.004953183494685686
P1,datum_transformer,source_only,replace,0.0,detector_cleanup_delta,5,0.0008214264615814558,0.002459499800282589,-0.0022324458940187826,0.0038752988171816944
P1,datum_transformer,source_only,replace,0.0,decision_regret,5,6.2842156508188e-05,5.5159586143688224e-05,-5.647515762248863e-06,0.00013133182877862485
P1,datum_transformer,source_only,replace,0.05,detection_auroc,5,0.8996020308531936,0.04020887191732126,0.8496761221850694,0.9495279395213178
P1,datum_transformer,source_only,replace,0.05,contaminated_utility_delta,5,0.000981961711454388,0.0011112152373502554,-0.0003977942430188749,0.002361717665927651
P1,datum_transformer,source_only,replace,0.05,detector_cleanup_delta,5,0.0005876498363207039,0.0021349057323059683,-0.0020631857510424595,0.0032384854236838677
P1,datum_transformer,source_only,replace,0.05,decision_regret,5,0.00035764636571934005,0.00032840535832131157,-5.012274452543945e-05,0.0007654154759641195
P1,datum_transformer,source_only,replace,0.1,detection_auroc,5,0.8996020308531936,0.04020887191732126,0.8496761221850694,0.9495279395213178
P1,datum_transformer,source_only,replace,0.1,contaminated_utility_delta,5,-0.0016563349166229002,0.0017045124746488405,-0.0037727666908835716,0.00046009685763777125
P1,datum_transformer,source_only,replace,0.1,detector_cleanup_delta,5,-0.0020488521628971193,0.0014573421466053619,-0.003858381439401989,-0.00023932288639224946
P1,datum_transformer,source_only,replace,0.1,decision_regret,5,0.0008447803581181759,0.00035813844828558897,0.00040009274050939957,0.0012894679757269522
P1,datum_transformer,source_only,replace,0.25,detection_auroc,5,0.8996020308531936,0.04020887191732126,0.8496761221850694,0.9495279395213178
P1,datum_transformer,source_only,replace,0.25,contaminated_utility_delta,5,-0.0015615012498067758,0.0021663917672097204,-0.004251431913156115,0.0011284294135425637
P1,datum_transformer,source_only,replace,0.25,detector_cleanup_delta,5,-0.001994832207388808,0.002198838642927059,-0.004725050988170559,0.0007353865733929427
P1,datum_transformer,source_only,replace,0.25,decision_regret,5,0.0015134345718707761,0.000562138931279802,0.0008154468989119062,0.002211422244829646
P1,datum_transformer,source_only,replace,0.5,detection_auroc,5,0.8996020308531936,0.04020887191732126,0.8496761221850694,0.9495279395213178
P1,datum_transformer,source_only,replace,0.5,contaminated_utility_delta,5,-0.0039045991161367013,0.002477022889296461,-0.006980229260502784,-0.0008289689717706182
P1,datum_transformer,source_only,replace,0.5,detector_cleanup_delta,5,-0.0045734171675237325,0.003130149443944085,-0.008460011041066634,-0.000686823293980831
P1,datum_transformer,source_only,replace,0.5,decision_regret,5,0.001978915356566676,0.0010616053597873219,0.0006607582010186043,0.003297072512114747
P1,datum_transformer,source_only,replace,0.75,detection_auroc,5,0.8996020308531936,0.04020887191732126,0.8496761221850694,0.9495279395213178
P1,datum_transformer,source_only,replace,0.75,contaminated_utility_delta,5,-0.0077840147670449,0.002324817996375891,-0.010670657575521053,-0.004897371958568748
P1,datum_transformer,source_only,replace,0.75,detector_cleanup_delta,5,-0.013010828493261795,0.0023707454643934747,-0.015954497785304035,-0.010067159201219554
P1,datum_transformer,source_only,replace,0.75,decision_regret,5,0.006022307270407264,0.00200423110145837,0.00353372566764613,0.008510888873168396
P1,datum_transformer,source_only,replace,1.0,detection_auroc,5,0.8996020308531936,0.04020887191732126,0.8496761221850694,0.9495279395213178
P1,datum_transformer,source_only,replace,1.0,contaminated_utility_delta,5,-0.014178874610895056,0.0032662694336777856,-0.01823448377512616,-0.010123265446663952
P1,datum_transformer,source_only,replace,1.0,detector_cleanup_delta,5,-0.04351762105493469,0.013853551478732814,-0.06071907717333974,-0.026316164936529635
P1,datum_transformer,source_only,replace,1.0,decision_regret,5,0.029591036593207064,0.011283824813655776,0.01558031756005239,0.04360175562636174
P1,datum_transformer,target_real_anchor,append,0.0,detection_auroc,5,0.8996020308531936,0.04020887191732126,0.8496761221850694,0.9495279395213178
P1,datum_transformer,target_real_anchor,append,0.0,contaminated_utility_delta,5,0.0019617881469842858,0.0024091826388047497,-0.0010296072007171145,0.004953183494685686
P1,datum_transformer,target_real_anchor,append,0.0,detector_cleanup_delta,5,0.0010031504210520931,0.002717847137927281,-0.0023715025227333516,0.004377803364837538
P1,datum_transformer,target_real_anchor,append,0.0,decision_regret,5,0.00011354544377065901,0.00012458997278586725,-4.115343997473907e-05,0.0002682443275160571
P1,datum_transformer,target_real_anchor,append,0.050332383665717,detection_auroc,5,0.8996020308531936,0.04020887191732126,0.8496761221850694,0.9495279395213178
P1,datum_transformer,target_real_anchor,append,0.050332383665717,contaminated_utility_delta,5,0.001549434554059192,0.0013407134102027007,-0.00011528101929849668,0.0032141501274168807
P1,datum_transformer,target_real_anchor,append,0.050332383665717,detector_cleanup_delta,5,0.0008800782429323799,0.0024790003321739505,-0.002198007221063187,0.0039581637069279465
P1,datum_transformer,target_real_anchor,append,0.050332383665717,decision_regret,5,0.000507768509658908,0.00040239577061367145,8.128168258451918e-06,0.001007408851059364
P1,datum_transformer,target_real_anchor,append,0.0999099909990999,detection_auroc,5,0.8996020308531936,0.04020887191732126,0.8496761221850694,0.9495279395213178
P1,datum_transformer,target_real_anchor,append,0.0999099909990999,contaminated_utility_delta,5,0.00045941775493377364,0.0018992490628323947,-0.0018988114300074492,0.0028176469398749964
P1,datum_transformer,target_real_anchor,append,0.0999099909990999,detector_cleanup_delta,5,-0.0005340066289030281,0.0023937078594033494,-0.003506187500141565,0.0024381742423355084
P1,datum_transformer,target_real_anchor,append,0.0999099909990999,decision_regret,5,0.000994097607536268,0.0011963123036425152,-0.0004913203105048527,0.0024795155255773887
P1,datum_transformer,target_real_anchor,append,0.2498124531132783,detection_auroc,5,0.8996020308531936,0.04020887191732126,0.8496761221850694,0.9495279395213178
P1,datum_transformer,target_real_anchor,append,0.2498124531132783,contaminated_utility_delta,5,0.0011612561561281595,0.0015960077922026025,-0.0008204492603024864,0.0031429615725588056
P1,datum_transformer,target_real_anchor,append,0.2498124531132783,detector_cleanup_delta,5,6.451431727370789e-05,0.0023739312725962517,-0.0028831106781191038,0.00301213931266652
P1,datum_transformer,target_real_anchor,append,0.2498124531132783,decision_regret,5,0.001419939840102072,0.0008757312431406966,0.0003325758833920419,0.002507303796812102
P1,datum_transformer,target_real_anchor,append,0.5,detection_auroc,5,0.8996020308531936,0.04020887191732126,0.8496761221850694,0.9495279395213178
P1,datum_transformer,target_real_anchor,append,0.5,contaminated_utility_delta,5,0.0006980329701632795,0.0011150592904665927,-0.0006864960066717222,0.002082561946998281
P1,datum_transformer,target_real_anchor,append,0.5,detector_cleanup_delta,5,0.0005001011651609925,0.00115829155005065,-0.000938107751960533,0.001938310082282518
P1,datum_transformer,target_real_anchor,append,0.5,decision_regret,5,0.0009059217309216906,0.0005803341838141543,0.0001853416679526897,0.0016265017938906917
P1,datum_transformer,target_real_anchor,append,0.75,detection_auroc,5,0.8996020308531936,0.04020887191732126,0.8496761221850694,0.9495279395213178
P1,datum_transformer,target_real_anchor,append,0.75,contaminated_utility_delta,5,0.0006673256346091748,0.0014305221334925016,-0.0011089021971821037,0.002443553466400453
P1,datum_transformer,target_real_anchor,append,0.75,detector_cleanup_delta,5,0.0009356330376529408,0.0017166300361726556,-0.0011958446764978711,0.0030671107518037526
P1,datum_transformer,target_real_anchor,append,0.75,decision_regret,5,0.000748410003781952,0.0006443378460799676,-5.1641102375702156e-05,0.0015484611099396061
P1,datum_transformer,target_real_anchor,replace,0.0,detection_auroc,5,0.8996020308531936,0.04020887191732126,0.8496761221850694,0.9495279395213178
P1,datum_transformer,target_real_anchor,replace,0.0,contaminated_utility_delta,5,0.0019617881469842858,0.0024091826388047497,-0.0010296072007171145,0.004953183494685686
P1,datum_transformer,target_real_anchor,replace,0.0,detector_cleanup_delta,5,0.0010031504210520931,0.002717847137927281,-0.0023715025227333516,0.004377803364837538
P1,datum_transformer,target_real_anchor,replace,0.0,decision_regret,5,0.00011354544377065901,0.00012458997278586725,-4.115343997473907e-05,0.0002682443275160571
P1,datum_transformer,target_real_anchor,replace,0.05,detection_auroc,5,0.8996020308531936,0.04020887191732126,0.8496761221850694,0.9495279395213178
P1,datum_transformer,target_real_anchor,replace,0.05,contaminated_utility_delta,5,0.000981961711454388,0.0011112152373502554,-0.0003977942430188749,0.002361717665927651
P1,datum_transformer,target_real_anchor,replace,0.05,detector_cleanup_delta,5,0.00041654191677633603,0.0019707146061953645,-0.0020304234604707565,0.002863507294023429
P1,datum_transformer,target_real_anchor,replace,0.05,decision_regret,5,0.000274592637086653,0.00020939630718767331,1.4592781094902962e-05,0.000534592493078403
P1,datum_transformer,target_real_anchor,replace,0.1,detection_auroc,5,0.8996020308531936,0.04020887191732126,0.8496761221850694,0.9495279395213178
P1,datum_transformer,target_real_anchor,replace,0.1,contaminated_utility_delta,5,-0.0016563349166229002,0.0017045124746488405,-0.0037727666908835716,0.00046009685763777125
P1,datum_transformer,target_real_anchor,replace,0.1,detector_cleanup_delta,5,-0.0020019493397318796,0.0013104248641611221,-0.003629056715911803,-0.00037484196355195643
P1,datum_transformer,target_real_anchor,replace,0.1,decision_regret,5,0.0009061307200992072,0.0003691429717110663,0.0004477791819356256,0.0013644822582627887
P1,datum_transformer,target_real_anchor,replace,0.25,detection_auroc,5,0.8996020308531936,0.04020887191732126,0.8496761221850694,0.9495279395213178
P1,datum_transformer,target_real_anchor,replace,0.25,contaminated_utility_delta,5,-0.0015615012498067758,0.0021663917672097204,-0.004251431913156115,0.0011284294135425637
P1,datum_transformer,target_real_anchor,replace,0.25,detector_cleanup_delta,5,-0.0020082432173511443,0.0024462938999249883,-0.005045718281913484,0.0010292318472111955
P1,datum_transformer,target_real_anchor,replace,0.25,decision_regret,5,0.001465845251354688,0.0001415165695930976,0.0012901292217416412,0.001641561280967735
P1,datum_transformer,target_real_anchor,replace,0.5,detection_auroc,5,0.8996020308531936,0.04020887191732126,0.8496761221850694,0.9495279395213178
P1,datum_transformer,target_real_anchor,replace,0.5,contaminated_utility_delta,5,-0.0039045991161367013,0.002477022889296461,-0.006980229260502784,-0.0008289689717706182
P1,datum_transformer,target_real_anchor,replace,0.5,detector_cleanup_delta,5,-0.004579367099628624,0.003571398624636215,-0.009013844195073851,-0.00014489000418339663
P1,datum_transformer,target_real_anchor,replace,0.5,decision_regret,5,0.0018795791008557917,0.0012421076640034992,0.0003372987325696694,0.003421859469141914
P1,datum_transformer,target_real_anchor,replace,0.75,detection_auroc,5,0.8996020308531936,0.04020887191732126,0.8496761221850694,0.9495279395213178
P1,datum_transformer,target_real_anchor,replace,0.75,contaminated_utility_delta,5,-0.0077840147670449,0.002324817996375891,-0.010670657575521053,-0.004897371958568748
P1,datum_transformer,target_real_anchor,replace,0.75,detector_cleanup_delta,5,-0.01249146186298938,0.002014303520451256,-0.014992550025788805,-0.009990373700189955
P1,datum_transformer,target_real_anchor,replace,0.75,decision_regret,5,0.005673306050813592,0.0016022776857739902,0.003683815533262785,0.0076627965683644
P1,datum_transformer,target_real_anchor,replace,1.0,detection_auroc,5,0.8996020308531936,0.04020887191732126,0.8496761221850694,0.9495279395213178
P1,datum_transformer,target_real_anchor,replace,1.0,contaminated_utility_delta,5,-0.014178874610895056,0.0032662694336777856,-0.01823448377512616,-0.010123265446663952
P1,datum_transformer,target_real_anchor,replace,1.0,detector_cleanup_delta,5,-0.044101672386827426,0.014414096485574155,-0.06199913705960025,-0.026204207714054597
P1,datum_transformer,target_real_anchor,replace,1.0,decision_regret,5,0.030041070328988388,0.011760671588972971,0.015438267822262795,0.044643872835713985
P1,flat_transformer,oracle_target,append,0.0,detection_auroc,5,0.9014358375381054,0.005337538275257988,0.8948084084226829,0.9080632666535279
P1,flat_transformer,oracle_target,append,0.0,contaminated_utility_delta,5,0.0019617881469842858,0.0024091826388047497,-0.0010296072007171145,0.004953183494685686
P1,flat_transformer,oracle_target,append,0.0,detector_cleanup_delta,5,0.001783986910241512,0.002484496895202641,-0.001300923438180637,0.0048688972586636604
P1,flat_transformer,oracle_target,append,0.0,decision_regret,5,0.0003428969896172411,0.0002534983650477447,2.8137196133941084e-05,0.0006576567831005412
P1,flat_transformer,oracle_target,append,0.050332383665717,detection_auroc,5,0.9014358375381054,0.005337538275257988,0.8948084084226829,0.9080632666535279
P1,flat_transformer,oracle_target,append,0.050332383665717,contaminated_utility_delta,5,0.001549434554059192,0.0013407134102027007,-0.00011528101929849668,0.0032141501274168807
P1,flat_transformer,oracle_target,append,0.050332383665717,detector_cleanup_delta,5,0.001710747606329496,0.0010417718793187065,0.00041721696943838177,0.0030042782432206103
P1,flat_transformer,oracle_target,append,0.050332383665717,decision_regret,5,0.00047650383792409705,0.00030868973644451405,9.321490556593554e-05,0.0008597927702822586
P1,flat_transformer,oracle_target,append,0.0999099909990999,detection_auroc,5,0.9014358375381054,0.005337538275257988,0.8948084084226829,0.9080632666535279
P1,flat_transformer,oracle_target,append,0.0999099909990999,contaminated_utility_delta,5,0.00045941775493377364,0.0018992490628323947,-0.0018988114300074492,0.0028176469398749964
P1,flat_transformer,oracle_target,append,0.0999099909990999,detector_cleanup_delta,5,-0.00040003298891427635,0.002308198046897557,-0.003266039404471216,0.0024659734266426637
P1,flat_transformer,oracle_target,append,0.0999099909990999,decision_regret,5,0.0005814187184274563,0.00037882397011642743,0.00011104663307726981,0.001051790803777643
P1,flat_transformer,oracle_target,append,0.2498124531132783,detection_auroc,5,0.9014358375381054,0.005337538275257988,0.8948084084226829,0.9080632666535279
P1,flat_transformer,oracle_target,append,0.2498124531132783,contaminated_utility_delta,5,0.0011612561561281595,0.0015960077922026025,-0.0008204492603024864,0.0031429615725588056
P1,flat_transformer,oracle_target,append,0.2498124531132783,detector_cleanup_delta,5,0.0007859113815500841,0.0021231914048415994,-0.0018503789471374032,0.0034222017102375716
P1,flat_transformer,oracle_target,append,0.2498124531132783,decision_regret,5,0.0007949902852565666,0.00047581189477211705,0.0002041917856009111,0.0013857887849122222
P1,flat_transformer,oracle_target,append,0.5,detection_auroc,5,0.9014358375381054,0.005337538275257988,0.8948084084226829,0.9080632666535279
P1,flat_transformer,oracle_target,append,0.5,contaminated_utility_delta,5,0.0006980329701632795,0.0011150592904665927,-0.0006864960066717222,0.002082561946998281
P1,flat_transformer,oracle_target,append,0.5,detector_cleanup_delta,5,0.00019436464064925607,0.0006625863832376135,-0.0006283450171169305,0.0010170742984154427
P1,flat_transformer,oracle_target,append,0.5,decision_regret,5,0.0010585995069540039,0.0009360798620561842,-0.00010369715720470567,0.0022208961711127134
P1,flat_transformer,oracle_target,append,0.75,detection_auroc,5,0.9014358375381054,0.005337538275257988,0.8948084084226829,0.9080632666535279
P1,flat_transformer,oracle_target,append,0.75,contaminated_utility_delta,5,0.0006673256346091748,0.0014305221334925016,-0.0011089021971821037,0.002443553466400453
P1,flat_transformer,oracle_target,append,0.75,detector_cleanup_delta,5,0.0006553354594802505,0.0015801715243766946,-0.0013067066333250527,0.002617377552285554
P1,flat_transformer,oracle_target,append,0.75,decision_regret,5,0.001046073509874,0.0014415899240172742,-0.0007438967989515492,0.002836043818699549
P1,flat_transformer,oracle_target,replace,0.0,detection_auroc,5,0.9014358375381054,0.005337538275257988,0.8948084084226829,0.9080632666535279
P1,flat_transformer,oracle_target,replace,0.0,contaminated_utility_delta,5,0.0019617881469842858,0.0024091826388047497,-0.0010296072007171145,0.004953183494685686
P1,flat_transformer,oracle_target,replace,0.0,detector_cleanup_delta,5,0.001783986910241512,0.002484496895202641,-0.001300923438180637,0.0048688972586636604
P1,flat_transformer,oracle_target,replace,0.0,decision_regret,5,0.0003428969896172411,0.0002534983650477447,2.8137196133941084e-05,0.0006576567831005412
P1,flat_transformer,oracle_target,replace,0.05,detection_auroc,5,0.9014358375381054,0.005337538275257988,0.8948084084226829,0.9080632666535279
P1,flat_transformer,oracle_target,replace,0.05,contaminated_utility_delta,5,0.000981961711454388,0.0011112152373502554,-0.0003977942430188749,0.002361717665927651
P1,flat_transformer,oracle_target,replace,0.05,detector_cleanup_delta,5,0.0009065242605025454,0.001209800746693935,-0.0005956417716673451,0.002408690292672436
P1,flat_transformer,oracle_target,replace,0.05,decision_regret,5,0.0004633108550274617,0.0001518187823158952,0.0002748029387746803,0.000651818771280243
P1,flat_transformer,oracle_target,replace,0.1,detection_auroc,5,0.9014358375381054,0.005337538275257988,0.8948084084226829,0.9080632666535279
P1,flat_transformer,oracle_target,replace,0.1,contaminated_utility_delta,5,-0.0016563349166229002,0.0017045124746488405,-0.0037727666908835716,0.00046009685763777125
P1,flat_transformer,oracle_target,replace,0.1,detector_cleanup_delta,5,-0.0018007328432447442,0.0018354134766641987,-0.0040796996790366845,0.0004782339925471961
P1,flat_transformer,oracle_target,replace,0.1,decision_regret,5,0.0004474957045963241,0.00019809203134523871,0.00020153196094388964,0.0006934594482487586
P1,flat_transformer,oracle_target,replace,0.25,detection_auroc,5,0.9014358375381054,0.005337538275257988,0.8948084084226829,0.9080632666535279
P1,flat_transformer,oracle_target,replace,0.25,contaminated_utility_delta,5,-0.0015615012498067758,0.0021663917672097204,-0.004251431913156115,0.0011284294135425637
P1,flat_transformer,oracle_target,replace,0.25,detector_cleanup_delta,5,-0.001925999251668724,0.0021896860156184745,-0.004644853544632429,0.0007928550412949812
P1,flat_transformer,oracle_target,replace,0.25,decision_regret,5,0.000978715272067528,0.0005429730109971088,0.00030452523231612146,0.0016529053118189345
P1,flat_transformer,oracle_target,replace,0.5,detection_auroc,5,0.9014358375381054,0.005337538275257988,0.8948084084226829,0.9080632666535279
P1,flat_transformer,oracle_target,replace,0.5,contaminated_utility_delta,5,-0.0039045991161367013,0.002477022889296461,-0.006980229260502784,-0.0008289689717706182
P1,flat_transformer,oracle_target,replace,0.5,detector_cleanup_delta,5,-0.005293620590721313,0.004232682379997452,-0.010549189917795573,-3.805126364705286e-05
P1,flat_transformer,oracle_target,replace,0.5,decision_regret,5,0.002255742515750672,0.0013594233999108694,0.0005677954217655874,0.003943689609735757
P1,flat_transformer,oracle_target,replace,0.75,detection_auroc,5,0.9014358375381054,0.005337538275257988,0.8948084084226829,0.9080632666535279
P1,flat_transformer,oracle_target,replace,0.75,contaminated_utility_delta,5,-0.0077840147670449,0.002324817996375891,-0.010670657575521053,-0.004897371958568748
P1,flat_transformer,oracle_target,replace,0.75,detector_cleanup_delta,5,-0.010973821591651254,0.0025711087886488002,-0.01416627480998176,-0.007781368373320748
P1,flat_transformer,oracle_target,replace,0.75,decision_regret,5,0.004190428240999928,0.002432406062627999,0.0011701972040221711,0.007210659277977685
P1,flat_transformer,oracle_target,replace,1.0,detection_auroc,5,0.9014358375381054,0.005337538275257988,0.8948084084226829,0.9080632666535279
P1,flat_transformer,oracle_target,replace,1.0,contaminated_utility_delta,5,-0.014178874610895056,0.0032662694336777856,-0.01823448377512616,-0.010123265446663952
P1,flat_transformer,oracle_target,replace,1.0,detector_cleanup_delta,5,-0.029558137821992996,0.009714649339965428,-0.04162046816260203,-0.017495807481383963
P1,flat_transformer,oracle_target,replace,1.0,decision_regret,5,0.01584973205044937,0.0077137341779225516,0.0062718660300090275,0.02542759807088971
P1,flat_transformer,source_only,append,0.0,detection_auroc,5,0.9014358375381054,0.005337538275257988,0.8948084084226829,0.9080632666535279
P1,flat_transformer,source_only,append,0.0,contaminated_utility_delta,5,0.0019617881469842858,0.0024091826388047497,-0.0010296072007171145,0.004953183494685686
P1,flat_transformer,source_only,append,0.0,detector_cleanup_delta,5,0.001783986910241512,0.002484496895202641,-0.001300923438180637,0.0048688972586636604
P1,flat_transformer,source_only,append,0.0,decision_regret,5,0.0003428969896172411,0.0002534983650477447,2.8137196133941084e-05,0.0006576567831005412
P1,flat_transformer,source_only,append,0.050332383665717,detection_auroc,5,0.9014358375381054,0.005337538275257988,0.8948084084226829,0.9080632666535279
P1,flat_transformer,source_only,append,0.050332383665717,contaminated_utility_delta,5,0.001549434554059192,0.0013407134102027007,-0.00011528101929849668,0.0032141501274168807
P1,flat_transformer,source_only,append,0.050332383665717,detector_cleanup_delta,5,0.001710747606329496,0.0010417718793187065,0.00041721696943838177,0.0030042782432206103
P1,flat_transformer,source_only,append,0.050332383665717,decision_regret,5,0.00047650383792409705,0.00030868973644451405,9.321490556593554e-05,0.0008597927702822586
P1,flat_transformer,source_only,append,0.0999099909990999,detection_auroc,5,0.9014358375381054,0.005337538275257988,0.8948084084226829,0.9080632666535279
P1,flat_transformer,source_only,append,0.0999099909990999,contaminated_utility_delta,5,0.00045941775493377364,0.0018992490628323947,-0.0018988114300074492,0.0028176469398749964
P1,flat_transformer,source_only,append,0.0999099909990999,detector_cleanup_delta,5,-0.00040003298891427635,0.002308198046897557,-0.003266039404471216,0.0024659734266426637
P1,flat_transformer,source_only,append,0.0999099909990999,decision_regret,5,0.0005814187184274563,0.00037882397011642743,0.00011104663307726981,0.001051790803777643
P1,flat_transformer,source_only,append,0.2498124531132783,detection_auroc,5,0.9014358375381054,0.005337538275257988,0.8948084084226829,0.9080632666535279
P1,flat_transformer,source_only,append,0.2498124531132783,contaminated_utility_delta,5,0.0011612561561281595,0.0015960077922026025,-0.0008204492603024864,0.0031429615725588056
P1,flat_transformer,source_only,append,0.2498124531132783,detector_cleanup_delta,5,0.0007859113815500841,0.0021231914048415994,-0.0018503789471374032,0.0034222017102375716
P1,flat_transformer,source_only,append,0.2498124531132783,decision_regret,5,0.0007949902852565666,0.00047581189477211705,0.0002041917856009111,0.0013857887849122222
P1,flat_transformer,source_only,append,0.5,detection_auroc,5,0.9014358375381054,0.005337538275257988,0.8948084084226829,0.9080632666535279
P1,flat_transformer,source_only,append,0.5,contaminated_utility_delta,5,0.0006980329701632795,0.0011150592904665927,-0.0006864960066717222,0.002082561946998281
P1,flat_transformer,source_only,append,0.5,detector_cleanup_delta,5,0.00019436464064925607,0.0006625863832376135,-0.0006283450171169305,0.0010170742984154427
P1,flat_transformer,source_only,append,0.5,decision_regret,5,0.0010585995069540039,0.0009360798620561842,-0.00010369715720470567,0.0022208961711127134
P1,flat_transformer,source_only,append,0.75,detection_auroc,5,0.9014358375381054,0.005337538275257988,0.8948084084226829,0.9080632666535279
P1,flat_transformer,source_only,append,0.75,contaminated_utility_delta,5,0.0006673256346091748,0.0014305221334925016,-0.0011089021971821037,0.002443553466400453
P1,flat_transformer,source_only,append,0.75,detector_cleanup_delta,5,0.0006553354594802505,0.0015801715243766946,-0.0013067066333250527,0.002617377552285554
P1,flat_transformer,source_only,append,0.75,decision_regret,5,0.001046073509874,0.0014415899240172742,-0.0007438967989515492,0.002836043818699549
P1,flat_transformer,source_only,replace,0.0,detection_auroc,5,0.9014358375381054,0.005337538275257988,0.8948084084226829,0.9080632666535279
P1,flat_transformer,source_only,replace,0.0,contaminated_utility_delta,5,0.0019617881469842858,0.0024091826388047497,-0.0010296072007171145,0.004953183494685686
P1,flat_transformer,source_only,replace,0.0,detector_cleanup_delta,5,0.001783986910241512,0.002484496895202641,-0.001300923438180637,0.0048688972586636604
P1,flat_transformer,source_only,replace,0.0,decision_regret,5,0.0003428969896172411,0.0002534983650477447,2.8137196133941084e-05,0.0006576567831005412
P1,flat_transformer,source_only,replace,0.05,detection_auroc,5,0.9014358375381054,0.005337538275257988,0.8948084084226829,0.9080632666535279
P1,flat_transformer,source_only,replace,0.05,contaminated_utility_delta,5,0.000981961711454388,0.0011112152373502554,-0.0003977942430188749,0.002361717665927651
P1,flat_transformer,source_only,replace,0.05,detector_cleanup_delta,5,0.0009065242605025454,0.001209800746693935,-0.0005956417716673451,0.002408690292672436
P1,flat_transformer,source_only,replace,0.05,decision_regret,5,0.0004633108550274617,0.0001518187823158952,0.0002748029387746803,0.000651818771280243
P1,flat_transformer,source_only,replace,0.1,detection_auroc,5,0.9014358375381054,0.005337538275257988,0.8948084084226829,0.9080632666535279
P1,flat_transformer,source_only,replace,0.1,contaminated_utility_delta,5,-0.0016563349166229002,0.0017045124746488405,-0.0037727666908835716,0.00046009685763777125
P1,flat_transformer,source_only,replace,0.1,detector_cleanup_delta,5,-0.0018007328432447442,0.0018354134766641987,-0.0040796996790366845,0.0004782339925471961
P1,flat_transformer,source_only,replace,0.1,decision_regret,5,0.0004474957045963241,0.00019809203134523871,0.00020153196094388964,0.0006934594482487586
P1,flat_transformer,source_only,replace,0.25,detection_auroc,5,0.9014358375381054,0.005337538275257988,0.8948084084226829,0.9080632666535279
P1,flat_transformer,source_only,replace,0.25,contaminated_utility_delta,5,-0.0015615012498067758,0.0021663917672097204,-0.004251431913156115,0.0011284294135425637
P1,flat_transformer,source_only,replace,0.25,detector_cleanup_delta,5,-0.001925999251668724,0.0021896860156184745,-0.004644853544632429,0.0007928550412949812
P1,flat_transformer,source_only,replace,0.25,decision_regret,5,0.000978715272067528,0.0005429730109971088,0.00030452523231612146,0.0016529053118189345
P1,flat_transformer,source_only,replace,0.5,detection_auroc,5,0.9014358375381054,0.005337538275257988,0.8948084084226829,0.9080632666535279
P1,flat_transformer,source_only,replace,0.5,contaminated_utility_delta,5,-0.0039045991161367013,0.002477022889296461,-0.006980229260502784,-0.0008289689717706182
P1,flat_transformer,source_only,replace,0.5,detector_cleanup_delta,5,-0.005293620590721313,0.004232682379997452,-0.010549189917795573,-3.805126364705286e-05
P1,flat_transformer,source_only,replace,0.5,decision_regret,5,0.002255742515750672,0.0013594233999108694,0.0005677954217655874,0.003943689609735757
P1,flat_transformer,source_only,replace,0.75,detection_auroc,5,0.9014358375381054,0.005337538275257988,0.8948084084226829,0.9080632666535279
P1,flat_transformer,source_only,replace,0.75,contaminated_utility_delta,5,-0.0077840147670449,0.002324817996375891,-0.010670657575521053,-0.004897371958568748
P1,flat_transformer,source_only,replace,0.75,detector_cleanup_delta,5,-0.010973821591651254,0.0025711087886488002,-0.01416627480998176,-0.007781368373320748
P1,flat_transformer,source_only,replace,0.75,decision_regret,5,0.004190428240999928,0.002432406062627999,0.0011701972040221711,0.007210659277977685
P1,flat_transformer,source_only,replace,1.0,detection_auroc,5,0.9014358375381054,0.005337538275257988,0.8948084084226829,0.9080632666535279
P1,flat_transformer,source_only,replace,1.0,contaminated_utility_delta,5,-0.014178874610895056,0.0032662694336777856,-0.01823448377512616,-0.010123265446663952
P1,flat_transformer,source_only,replace,1.0,detector_cleanup_delta,5,-0.029558137821992996,0.009714649339965428,-0.04162046816260203,-0.017495807481383963
P1,flat_transformer,source_only,replace,1.0,decision_regret,5,0.01584973205044937,0.0077137341779225516,0.0062718660300090275,0.02542759807088971
P1,flat_transformer,target_real_anchor,append,0.0,detection_auroc,5,0.9014358375381054,0.005337538275257988,0.8948084084226829,0.9080632666535279
P1,flat_transformer,target_real_anchor,append,0.0,contaminated_utility_delta,5,0.0019617881469842858,0.0024091826388047497,-0.0010296072007171145,0.004953183494685686
P1,flat_transformer,target_real_anchor,append,0.0,detector_cleanup_delta,5,0.0016237100444388482,0.0025795602305186947,-0.0015792370249944176,0.004826657113872114
P1,flat_transformer,target_real_anchor,append,0.0,decision_regret,5,0.00023732358545427008,0.00015782313562766562,4.136027986176787e-05,0.0004332868910467723
P1,flat_transformer,target_real_anchor,append,0.050332383665717,detection_auroc,5,0.9014358375381054,0.005337538275257988,0.8948084084226829,0.9080632666535279
P1,flat_transformer,target_real_anchor,append,0.050332383665717,contaminated_utility_delta,5,0.001549434554059192,0.0013407134102027007,-0.00011528101929849668,0.0032141501274168807
P1,flat_transformer,target_real_anchor,append,0.050332383665717,detector_cleanup_delta,5,0.0017587548195208795,0.0011232709583776708,0.00036402971027548695,0.003153479928766272
P1,flat_transformer,target_real_anchor,append,0.050332383665717,decision_regret,5,0.000539665878882164,0.0002858393971430643,0.0001847493901813532,0.0008945823675829748
P1,flat_transformer,target_real_anchor,append,0.0999099909990999,detection_auroc,5,0.9014358375381054,0.005337538275257988,0.8948084084226829,0.9080632666535279
P1,flat_transformer,target_real_anchor,append,0.0999099909990999,contaminated_utility_delta,5,0.00045941775493377364,0.0018992490628323947,-0.0018988114300074492,0.0028176469398749964
P1,flat_transformer,target_real_anchor,append,0.0999099909990999,detector_cleanup_delta,5,-0.00042924212515006564,0.002482221348154417,-0.003511327008726216,0.0026528427584260853
P1,flat_transformer,target_real_anchor,append,0.0999099909990999,decision_regret,5,0.000641113863386204,0.00043971885190510497,9.51307956441426e-05,0.0011870969311282655
P1,flat_transformer,target_real_anchor,append,0.2498124531132783,detection_auroc,5,0.9014358375381054,0.005337538275257988,0.8948084084226829,0.9080632666535279
P1,flat_transformer,target_real_anchor,append,0.2498124531132783,contaminated_utility_delta,5,0.0011612561561281595,0.0015960077922026025,-0.0008204492603024864,0.0031429615725588056
P1,flat_transformer,target_real_anchor,append,0.2498124531132783,detector_cleanup_delta,5,0.000595183064601932,0.0021279504790460663,-0.002047016435190022,0.003237382564393886
P1,flat_transformer,target_real_anchor,append,0.2498124531132783,decision_regret,5,0.001007596899490004,0.0005197893402722207,0.0003621931890239018,0.0016530006099561064
P1,flat_transformer,target_real_anchor,append,0.5,detection_auroc,5,0.9014358375381054,0.005337538275257988,0.8948084084226829,0.9080632666535279
P1,flat_transformer,target_real_anchor,append,0.5,contaminated_utility_delta,5,0.0006980329701632795,0.0011150592904665927,-0.0006864960066717222,0.002082561946998281
P1,flat_transformer,target_real_anchor,append,0.5,detector_cleanup_delta,5,0.0002864044647194815,0.0006682867940682642,-0.0005433831879500949,0.001116192117389058
P1,flat_transformer,target_real_anchor,append,0.5,decision_regret,5,0.0010209124130424023,0.0007480243983380079,9.211744784806632e-05,0.0019497073782367381
P1,flat_transformer,target_real_anchor,append,0.75,detection_auroc,5,0.9014358375381054,0.005337538275257988,0.8948084084226829,0.9080632666535279
P1,flat_transformer,target_real_anchor,append,0.75,contaminated_utility_delta,5,0.0006673256346091748,0.0014305221334925016,-0.0011089021971821037,0.002443553466400453
P1,flat_transformer,target_real_anchor,append,0.75,detector_cleanup_delta,5,0.000500612838176757,0.0013942058994721226,-0.0012305224332810737,0.002231748109634588
P1,flat_transformer,target_real_anchor,append,0.75,decision_regret,5,0.0011237926251486817,0.001278381204141886,-0.00046352729201467463,0.002711112542312038
P1,flat_transformer,target_real_anchor,replace,0.0,detection_auroc,5,0.9014358375381054,0.005337538275257988,0.8948084084226829,0.9080632666535279
P1,flat_transformer,target_real_anchor,replace,0.0,contaminated_utility_delta,5,0.0019617881469842858,0.0024091826388047497,-0.0010296072007171145,0.004953183494685686
P1,flat_transformer,target_real_anchor,replace,0.0,detector_cleanup_delta,5,0.0016237100444388482,0.0025795602305186947,-0.0015792370249944176,0.004826657113872114
P1,flat_transformer,target_real_anchor,replace,0.0,decision_regret,5,0.00023732358545427008,0.00015782313562766562,4.136027986176787e-05,0.0004332868910467723
P1,flat_transformer,target_real_anchor,replace,0.05,detection_auroc,5,0.9014358375381054,0.005337538275257988,0.8948084084226829,0.9080632666535279
P1,flat_transformer,target_real_anchor,replace,0.05,contaminated_utility_delta,5,0.000981961711454388,0.0011112152373502554,-0.0003977942430188749,0.002361717665927651
P1,flat_transformer,target_real_anchor,replace,0.05,detector_cleanup_delta,5,0.0005070631236803372,0.0008982435926191698,-0.0006082536068920942,0.0016223798542527685
P1,flat_transformer,target_real_anchor,replace,0.05,decision_regret,5,0.00023506502182882782,0.0001019249835659039,0.00010850843921753463,0.000361621604440121
P1,flat_transformer,target_real_anchor,replace,0.1,detection_auroc,5,0.9014358375381054,0.005337538275257988,0.8948084084226829,0.9080632666535279
P1,flat_transformer,target_real_anchor,replace,0.1,contaminated_utility_delta,5,-0.0016563349166229002,0.0017045124746488405,-0.0037727666908835716,0.00046009685763777125
P1,flat_transformer,target_real_anchor,replace,0.1,detector_cleanup_delta,5,-0.00193535923535986,0.0018435286080337322,-0.004224402337614044,0.0003536838668943235
P1,flat_transformer,target_real_anchor,replace,0.1,decision_regret,5,0.00042322058693686795,0.00019232817854511345,0.000184413611797295,0.0006620275620764409
P1,flat_transformer,target_real_anchor,replace,0.25,detection_auroc,5,0.9014358375381054,0.005337538275257988,0.8948084084226829,0.9080632666535279
P1,flat_transformer,target_real_anchor,replace,0.25,contaminated_utility_delta,5,-0.0015615012498067758,0.0021663917672097204,-0.004251431913156115,0.0011284294135425637
P1,flat_transformer,target_real_anchor,replace,0.25,detector_cleanup_delta,5,-0.002033428771071508,0.0021699965712712013,-0.004727835389844568,0.000660977847701551
P1,flat_transformer,target_real_anchor,replace,0.25,decision_regret,5,0.0011727128626663533,0.0004831785881365109,0.0005727674050743233,0.0017726583202583833
P1,flat_transformer,target_real_anchor,replace,0.5,detection_auroc,5,0.9014358375381054,0.005337538275257988,0.8948084084226829,0.9080632666535279
P1,flat_transformer,target_real_anchor,replace,0.5,contaminated_utility_delta,5,-0.0039045991161367013,0.002477022889296461,-0.006980229260502784,-0.0008289689717706182
P1,flat_transformer,target_real_anchor,replace,0.5,detector_cleanup_delta,5,-0.005245187651611676,0.004098500393639895,-0.010334148037018289,-0.0001562272662050633
P1,flat_transformer,target_real_anchor,replace,0.5,decision_regret,5,0.0021360183607505357,0.0014122995493549533,0.00038241685563709005,0.0038896198658639816
P1,flat_transformer,target_real_anchor,replace,0.75,detection_auroc,5,0.9014358375381054,0.005337538275257988,0.8948084084226829,0.9080632666535279
P1,flat_transformer,target_real_anchor,replace,0.75,contaminated_utility_delta,5,-0.0077840147670449,0.002324817996375891,-0.010670657575521053,-0.004897371958568748
P1,flat_transformer,target_real_anchor,replace,0.75,detector_cleanup_delta,5,-0.011352040945178962,0.002259848174244915,-0.01415801306454538,-0.008546068825812544
P1,flat_transformer,target_real_anchor,replace,0.75,decision_regret,5,0.004285044994653912,0.002250591794953567,0.00149056618820728,0.007079523801100544
P1,flat_transformer,target_real_anchor,replace,1.0,detection_auroc,5,0.9014358375381054,0.005337538275257988,0.8948084084226829,0.9080632666535279
P1,flat_transformer,target_real_anchor,replace,1.0,contaminated_utility_delta,5,-0.014178874610895056,0.0032662694336777856,-0.01823448377512616,-0.010123265446663952
P1,flat_transformer,target_real_anchor,replace,1.0,detector_cleanup_delta,5,-0.029294994390686124,0.010037030060349705,-0.041757613265511306,-0.01683237551586094
P1,flat_transformer,target_real_anchor,replace,1.0,decision_regret,5,0.01553281178472562,0.008409525017681836,0.005091007328276212,0.02597461624117503
P2,c2st_lr,oracle_target,append,0.0,detection_auroc,5,0.6309930722637708,0.00953404702175218,0.6191549893196793,0.6428311552078623
P2,c2st_lr,oracle_target,append,0.0,contaminated_utility_delta,5,0.0019617881469842858,0.0024091826388047497,-0.0010296072007171145,0.004953183494685686
P2,c2st_lr,oracle_target,append,0.0,detector_cleanup_delta,5,0.0014028259737630601,0.002051419766550914,-0.00114434809556678,0.0039500000430929
P2,c2st_lr,oracle_target,append,0.0,decision_regret,5,0.000395204790355072,0.00010936055201565676,0.0002594157300935409,0.0005309938506166031
P2,c2st_lr,oracle_target,append,0.050332383665717,detection_auroc,5,0.6309930722637708,0.00953404702175218,0.6191549893196793,0.6428311552078623
P2,c2st_lr,oracle_target,append,0.050332383665717,contaminated_utility_delta,5,0.0019122999887327401,0.0013044307801146392,0.0002926352509155421,0.003531964726549938
P2,c2st_lr,oracle_target,append,0.050332383665717,detector_cleanup_delta,5,0.0019278446987800759,0.002130101667055125,-0.0007170258537160933,0.004572715251276245
P2,c2st_lr,oracle_target,append,0.050332383665717,decision_regret,5,0.000545182024989192,0.0001541686621354567,0.00035375634756435554,0.0007366077024140284
P2,c2st_lr,oracle_target,append,0.0999099909990999,detection_auroc,5,0.6309930722637708,0.00953404702175218,0.6191549893196793,0.6428311552078623
P2,c2st_lr,oracle_target,append,0.0999099909990999,contaminated_utility_delta,5,0.0013002660415272118,0.0016511025591480317,-0.0007498485635090003,0.003350380646563424
P2,c2st_lr,oracle_target,append,0.0999099909990999,detector_cleanup_delta,5,0.001152663708857664,0.0009541888598866333,-3.211824595066438e-05,0.0023374456636659924
P2,c2st_lr,oracle_target,append,0.0999099909990999,decision_regret,5,0.0007037737138375308,0.0003622811667663041,0.0002539422318365571,0.0011536051958385045
P2,c2st_lr,oracle_target,append,0.2498124531132783,detection_auroc,5,0.6309930722637708,0.00953404702175218,0.6191549893196793,0.6428311552078623
P2,c2st_lr,oracle_target,append,0.2498124531132783,contaminated_utility_delta,5,0.001836580049280436,0.0017252059464555902,-0.0003055460639205211,0.003978706162481393
P2,c2st_lr,oracle_target,append,0.2498124531132783,detector_cleanup_delta,5,0.0015718340695208242,0.0018768425952246331,-0.0007585738112649222,0.0039022419503065707
P2,c2st_lr,oracle_target,append,0.2498124531132783,decision_regret,5,0.00046635652969969856,0.00035168307769765125,2.9684313345027912e-05,0.0009030287460543693
P2,c2st_lr,oracle_target,append,0.5,detection_auroc,5,0.6309930722637708,0.00953404702175218,0.6191549893196793,0.6428311552078623
P2,c2st_lr,oracle_target,append,0.5,contaminated_utility_delta,5,0.000718265293885156,0.0012837133459862758,-0.0008756753518396951,0.002312205939610007
P2,c2st_lr,oracle_target,append,0.5,detector_cleanup_delta,5,0.0008494694691940365,0.001384725982507228,-0.0008698949306625236,0.0025688338690505966
P2,c2st_lr,oracle_target,append,0.5,decision_regret,5,0.00023634484811778004,0.0002568037002956815,-8.2519061144877e-05,0.0005552087573804371
P2,c2st_lr,oracle_target,append,0.75,detection_auroc,5,0.6309930722637708,0.00953404702175218,0.6191549893196793,0.6428311552078623
P2,c2st_lr,oracle_target,append,0.75,contaminated_utility_delta,5,-0.001956507105616452,0.002143111632122105,-0.004617531663354179,0.0007045174521212753
P2,c2st_lr,oracle_target,append,0.75,detector_cleanup_delta,5,-0.001560776180260972,0.002280692008375852,-0.004392629338052305,0.001271076977530361
P2,c2st_lr,oracle_target,append,0.75,decision_regret,5,0.00013847713932769985,0.00015790214511814243,-5.7584269504643845e-05,0.0003345385481600435
P2,c2st_lr,oracle_target,replace,0.0,detection_auroc,5,0.6309930722637708,0.00953404702175218,0.6191549893196793,0.6428311552078623
P2,c2st_lr,oracle_target,replace,0.0,contaminated_utility_delta,5,0.0019617881469842858,0.0024091826388047497,-0.0010296072007171145,0.004953183494685686
P2,c2st_lr,oracle_target,replace,0.0,detector_cleanup_delta,5,0.0014028259737630601,0.002051419766550914,-0.00114434809556678,0.0039500000430929
P2,c2st_lr,oracle_target,replace,0.0,decision_regret,5,0.000395204790355072,0.00010936055201565676,0.0002594157300935409,0.0005309938506166031
P2,c2st_lr,oracle_target,replace,0.05,detection_auroc,5,0.6309930722637708,0.00953404702175218,0.6191549893196793,0.6428311552078623
P2,c2st_lr,oracle_target,replace,0.05,contaminated_utility_delta,5,0.0011373823063842519,0.0011879025066384309,-0.00033759346948469566,0.0026123580822531994
P2,c2st_lr,oracle_target,replace,0.05,detector_cleanup_delta,5,0.001004288912793328,0.0018139251483791227,-0.0012479966393854497,0.003256574464972106
P2,c2st_lr,oracle_target,replace,0.05,decision_regret,5,0.00040511779914453194,0.00024201898655229207,0.00010461153666078992,0.000705624061628274
P2,c2st_lr,oracle_target,replace,0.1,detection_auroc,5,0.6309930722637708,0.00953404702175218,0.6191549893196793,0.6428311552078623
P2,c2st_lr,oracle_target,replace,0.1,contaminated_utility_delta,5,-0.000314233413489752,0.0016267074069003019,-0.002334057436249258,0.0017055906092697539
P2,c2st_lr,oracle_target,replace,0.1,detector_cleanup_delta,5,-0.0009170252715490479,0.0015891180548380786,-0.002890175949137085,0.0010561254060389893
P2,c2st_lr,oracle_target,replace,0.1,decision_regret,5,0.000563646882058676,0.0003836541859823485,8.727729156422266e-05,0.0010400164725531294
P2,c2st_lr,oracle_target,replace,0.25,detection_auroc,5,0.6309930722637708,0.00953404702175218,0.6191549893196793,0.6428311552078623
P2,c2st_lr,oracle_target,replace,0.25,contaminated_utility_delta,5,-0.000598762372837572,0.0017530012552754261,-0.002775400920319075,0.001577876174643931
P2,c2st_lr,oracle_target,replace,0.25,detector_cleanup_delta,5,-0.001194096682919976,0.0014208606492090712,-0.0029583281975073075,0.0005701348316673556
P2,c2st_lr,oracle_target,replace,0.25,decision_regret,5,0.000816513757327776,0.0005556768027310196,0.00012654987673969386,0.0015064776379158581
P2,c2st_lr,oracle_target,replace,0.5,detection_auroc,5,0.6309930722637708,0.00953404702175218,0.6191549893196793,0.6428311552078623
P2,c2st_lr,oracle_target,replace,0.5,contaminated_utility_delta,5,-0.003365521308956168,0.0012878671094914583,-0.004964619533282457,-0.001766423084629879
P2,c2st_lr,oracle_target,replace,0.5,detector_cleanup_delta,5,-0.0037828149577207844,0.0013767319458207466,-0.00549225345002342,-0.0020733764654181485
P2,c2st_lr,oracle_target,replace,0.5,decision_regret,5,0.0008031897259160384,0.0003284198446720885,0.00039540262849103384,0.0012109768233410428
P2,c2st_lr,oracle_target,replace,0.75,detection_auroc,5,0.6309930722637708,0.00953404702175218,0.6191549893196793,0.6428311552078623
P2,c2st_lr,oracle_target,replace,0.75,contaminated_utility_delta,5,-0.007492540321696368,0.0032345946542885655,-0.01150882005270883,-0.0034762605906839055
P2,c2st_lr,oracle_target,replace,0.75,detector_cleanup_delta,5,-0.007204113036587656,0.002837156068593772,-0.010726907584245873,-0.00368131848892944
P2,c2st_lr,oracle_target,replace,0.75,decision_regret,5,0.00050265883887674,0.00032808995750300564,9.5281350473055e-05,0.000910036327280425
P2,c2st_lr,oracle_target,replace,1.0,detection_auroc,5,0.6309930722637708,0.00953404702175218,0.6191549893196793,0.6428311552078623
P2,c2st_lr,oracle_target,replace,1.0,contaminated_utility_delta,5,-0.013768729461844414,0.004407428162331489,-0.0192412743356808,-0.00829618458800803
P2,c2st_lr,oracle_target,replace,1.0,detector_cleanup_delta,5,-0.013343530542996857,0.0047228701086980225,-0.01920774832515989,-0.007479312760833824
P2,c2st_lr,oracle_target,replace,1.0,decision_regret,5,0.000530201240469462,0.00031028461038521814,0.00014493201055745488,0.0009154704703814693
P2,c2st_lr,source_only,append,0.0,detection_auroc,5,0.3690069277362292,0.009534047021752139,0.35716884479213773,0.3808450106803206
P2,c2st_lr,source_only,append,0.0,contaminated_utility_delta,5,0.0019617881469842858,0.0024091826388047497,-0.0010296072007171145,0.004953183494685686
P2,c2st_lr,source_only,append,0.0,detector_cleanup_delta,5,0.0017741802915056983,0.003076736545135496,-0.002046092708546877,0.005594453291558273
P2,c2st_lr,source_only,append,0.0,decision_regret,5,0.00025980652770050245,0.0003092987553350372,-0.00012423860148824765,0.0006438516568892526
P2,c2st_lr,source_only,append,0.050332383665717,detection_auroc,5,0.3690069277362292,0.009534047021752139,0.35716884479213773,0.3808450106803206
P2,c2st_lr,source_only,append,0.050332383665717,contaminated_utility_delta,5,0.0019122999887327401,0.0013044307801146392,0.0002926352509155421,0.003531964726549938
P2,c2st_lr,source_only,append,0.050332383665717,detector_cleanup_delta,5,0.0018583465273820919,0.0009450104439327466,0.0006849610812242437,0.00303173197353994
P2,c2st_lr,source_only,append,0.050332383665717,decision_regret,5,0.000420481045088988,0.0003380276479604143,7.642842190455374e-07,0.0008401978059589304
P2,c2st_lr,source_only,append,0.0999099909990999,detection_auroc,5,0.3690069277362292,0.009534047021752139,0.35716884479213773,0.3808450106803206
P2,c2st_lr,source_only,append,0.0999099909990999,contaminated_utility_delta,5,0.0013002660415272118,0.0016511025591480317,-0.0007498485635090003,0.003350380646563424
P2,c2st_lr,source_only,append,0.0999099909990999,detector_cleanup_delta,5,0.000843692563953092,0.0014014484034652888,-0.0008964354639699004,0.0025838205918760843
P2,c2st_lr,source_only,append,0.0999099909990999,decision_regret,5,0.00010827998555490257,6.779060547503465e-05,2.4106831320117064e-05,0.00019245313978968805
P2,c2st_lr,source_only,append,0.2498124531132783,detection_auroc,5,0.3690069277362292,0.009534047021752139,0.35716884479213773,0.3808450106803206
P2,c2st_lr,source_only,append,0.2498124531132783,contaminated_utility_delta,5,0.001836580049280436,0.0017252059464555902,-0.0003055460639205211,0.003978706162481393
P2,c2st_lr,source_only,append,0.2498124531132783,detector_cleanup_delta,5,0.001431067143416956,0.0016099946717552996,-0.0005680052778014861,0.0034301395646353984
P2,c2st_lr,source_only,append,0.2498124531132783,decision_regret,5,0.00015814622239633747,0.0001486898951946384,-2.6476667363535902e-05,0.00034276911215621084
P2,c2st_lr,source_only,append,0.5,detection_auroc,5,0.3690069277362292,0.009534047021752139,0.35716884479213773,0.3808450106803206
P2,c2st_lr,source_only,append,0.5,contaminated_utility_delta,5,0.000718265293885156,0.0012837133459862758,-0.0008756753518396951,0.002312205939610007
P2,c2st_lr,source_only,append,0.5,detector_cleanup_delta,5,0.00028964079408609606,0.001493971425093482,-0.0015653697387976524,0.0021446513269698445
P2,c2st_lr,source_only,append,0.5,decision_regret,5,0.00019454022787134638,0.00011095218752919705,5.677489109438973e-05,0.000332305564648303
P2,c2st_lr,source_only,append,0.75,detection_auroc,5,0.3690069277362292,0.009534047021752139,0.35716884479213773,0.3808450106803206
P2,c2st_lr,source_only,append,0.75,contaminated_utility_delta,5,-0.001956507105616452,0.002143111632122105,-0.004617531663354179,0.0007045174521212753
P2,c2st_lr,source_only,append,0.75,detector_cleanup_delta,5,-0.002032204932605064,0.0022198143634624508,-0.0047884685104119945,0.0007240586452018664
P2,c2st_lr,source_only,append,0.75,decision_regret,5,0.00014568754458953184,7.011814962505925e-05,5.862436257943101e-05,0.00023275072659963267
P2,c2st_lr,source_only,replace,0.0,detection_auroc,5,0.3690069277362292,0.009534047021752139,0.35716884479213773,0.3808450106803206
P2,c2st_lr,source_only,replace,0.0,contaminated_utility_delta,5,0.0019617881469842858,0.0024091826388047497,-0.0010296072007171145,0.004953183494685686
P2,c2st_lr,source_only,replace,0.0,detector_cleanup_delta,5,0.0017741802915056983,0.003076736545135496,-0.002046092708546877,0.005594453291558273
P2,c2st_lr,source_only,replace,0.0,decision_regret,5,0.00025980652770050245,0.0003092987553350372,-0.00012423860148824765,0.0006438516568892526
P2,c2st_lr,source_only,replace,0.05,detection_auroc,5,0.3690069277362292,0.009534047021752139,0.35716884479213773,0.3808450106803206
P2,c2st_lr,source_only,replace,0.05,contaminated_utility_delta,5,0.0011373823063842519,0.0011879025066384309,-0.00033759346948469566,0.0026123580822531994
P2,c2st_lr,source_only,replace,0.05,detector_cleanup_delta,5,0.000814625732107484,0.0014251043803979303,-0.0009548750707151082,0.0025841265349300763
P2,c2st_lr,source_only,replace,0.05,decision_regret,5,0.0001916907733502641,0.00016695524368996726,-1.5611542050904416e-05,0.0003989930887514326
P2,c2st_lr,source_only,replace,0.1,detection_auroc,5,0.3690069277362292,0.009534047021752139,0.35716884479213773,0.3808450106803206
P2,c2st_lr,source_only,replace,0.1,contaminated_utility_delta,5,-0.000314233413489752,0.0016267074069003019,-0.002334057436249258,0.0017055906092697539
P2,c2st_lr,source_only,replace,0.1,detector_cleanup_delta,5,-0.0005467966349667822,0.0015779654238387447,-0.002506099492157695,0.0014125062222241306
P2,c2st_lr,source_only,replace,0.1,decision_regret,5,0.000233453215705448,0.00014451290335348638,5.4016746335523947e-05,0.000412889685075372
P2,c2st_lr,source_only,replace,0.25,detection_auroc,5,0.3690069277362292,0.009534047021752139,0.35716884479213773,0.3808450106803206
P2,c2st_lr,source_only,replace,0.25,contaminated_utility_delta,5,-0.000598762372837572,0.0017530012552754261,-0.002775400920319075,0.001577876174643931
P2,c2st_lr,source_only,replace,0.25,detector_cleanup_delta,5,-0.00098335832801514,0.002004625389143734,-0.0034724295036001255,0.0015057128475698457
P2,c2st_lr,source_only,replace,0.25,decision_regret,5,0.0003310670486403301,0.0003440790286493393,-9.616349377047603e-05,0.0007582975910511362
P2,c2st_lr,source_only,replace,0.5,detection_auroc,5,0.3690069277362292,0.009534047021752139,0.35716884479213773,0.3808450106803206
P2,c2st_lr,source_only,replace,0.5,contaminated_utility_delta,5,-0.003365521308956168,0.0012878671094914583,-0.004964619533282457,-0.001766423084629879
P2,c2st_lr,source_only,replace,0.5,detector_cleanup_delta,5,-0.003955571585695608,0.0011322689129196364,-0.005361469131153233,-0.0025496740402379827
P2,c2st_lr,source_only,replace,0.5,decision_regret,5,0.00015854325103462362,4.510248064572869e-05,0.00010254112458714025,0.000214545377482107
P2,c2st_lr,source_only,replace,0.75,detection_auroc,5,0.3690069277362292,0.009534047021752139,0.35716884479213773,0.3808450106803206
P2,c2st_lr,source_only,replace,0.75,contaminated_utility_delta,5,-0.007492540321696368,0.0032345946542885655,-0.01150882005270883,-0.0034762605906839055
P2,c2st_lr,source_only,replace,0.75,detector_cleanup_delta,5,-0.007958557137731232,0.0031131986886466633,-0.011824103868678965,-0.004093010406783501
P2,c2st_lr,source_only,replace,0.75,decision_regret,5,0.0003095073263948159,0.0002284806721254103,2.581110153129562e-05,0.0005932035512583361
P2,c2st_lr,source_only,replace,1.0,detection_auroc,5,0.3690069277362292,0.009534047021752139,0.35716884479213773,0.3808450106803206
P2,c2st_lr,source_only,replace,1.0,contaminated_utility_delta,5,-0.013768729461844414,0.004407428162331489,-0.0192412743356808,-0.00829618458800803
P2,c2st_lr,source_only,replace,1.0,detector_cleanup_delta,5,-0.01398486367328052,0.00433403814242786,-0.01936628280157511,-0.008603444544985928
P2,c2st_lr,source_only,replace,1.0,decision_regret,5,0.00032881302838306804,0.0004105194763407546,-0.00018091422595070884,0.000838540282716845
P2,c2st_lr,target_real_anchor,append,0.0,detection_auroc,5,0.3690069277362292,0.009534047021752139,0.35716884479213773,0.3808450106803206
P2,c2st_lr,target_real_anchor,append,0.0,contaminated_utility_delta,5,0.0019617881469842858,0.0024091826388047497,-0.0010296072007171145,0.004953183494685686
P2,c2st_lr,target_real_anchor,append,0.0,detector_cleanup_delta,5,0.001854679729716304,0.003083536814295323,-0.0019740369197301243,0.005683396379162733
P2,c2st_lr,target_real_anchor,append,0.0,decision_regret,5,0.0003193194207199987,0.00033335376854756206,-9.459395235105942e-05,0.0007332327937910569
P2,c2st_lr,target_real_anchor,append,0.050332383665717,detection_auroc,5,0.3690069277362292,0.009534047021752139,0.35716884479213773,0.3808450106803206
P2,c2st_lr,target_real_anchor,append,0.050332383665717,contaminated_utility_delta,5,0.0019122999887327401,0.0013044307801146392,0.0002926352509155421,0.003531964726549938
P2,c2st_lr,target_real_anchor,append,0.050332383665717,detector_cleanup_delta,5,0.0017896949846658919,0.0011063421124891484,0.00041598981389141744,0.0031634001554403665
P2,c2st_lr,target_real_anchor,append,0.050332383665717,decision_regret,5,0.000344072337117192,0.00037385433200062937,-0.00012012912750050691,0.0008082738017348909
P2,c2st_lr,target_real_anchor,append,0.0999099909990999,detection_auroc,5,0.3690069277362292,0.009534047021752139,0.35716884479213773,0.3808450106803206
P2,c2st_lr,target_real_anchor,append,0.0999099909990999,contaminated_utility_delta,5,0.0013002660415272118,0.0016511025591480317,-0.0007498485635090003,0.003350380646563424
P2,c2st_lr,target_real_anchor,append,0.0999099909990999,detector_cleanup_delta,5,0.0009689744828829044,0.0012799662445861569,-0.0006203135219358002,0.002558262487701609
P2,c2st_lr,target_real_anchor,append,0.0999099909990999,decision_regret,5,0.0002282283901795721,0.00012401363282720727,7.424512701156838e-05,0.00038221165334757583
P2,c2st_lr,target_real_anchor,append,0.2498124531132783,detection_auroc,5,0.3690069277362292,0.009534047021752139,0.35716884479213773,0.3808450106803206
P2,c2st_lr,target_real_anchor,append,0.2498124531132783,contaminated_utility_delta,5,0.001836580049280436,0.0017252059464555902,-0.0003055460639205211,0.003978706162481393
P2,c2st_lr,target_real_anchor,append,0.2498124531132783,detector_cleanup_delta,5,0.001432769961396197,0.0016558801089887492,-0.0006232767552768578,0.003488816678069252
P2,c2st_lr,target_real_anchor,append,0.2498124531132783,decision_regret,5,0.00019423364137794293,0.00019173046743299998,-4.383117739239242e-05,0.00043229846014827827
P2,c2st_lr,target_real_anchor,append,0.5,detection_auroc,5,0.3690069277362292,0.009534047021752139,0.35716884479213773,0.3808450106803206
P2,c2st_lr,target_real_anchor,append,0.5,contaminated_utility_delta,5,0.000718265293885156,0.0012837133459862758,-0.0008756753518396951,0.002312205939610007
P2,c2st_lr,target_real_anchor,append,0.5,detector_cleanup_delta,5,0.00037203561010508,0.0014594935821554131,-0.0014401650264667444,0.002184236246676904
P2,c2st_lr,target_real_anchor,append,0.5,decision_regret,5,0.00019671884500623853,0.00011196920088659781,5.769071935770505e-05,0.000335746970654772
P2,c2st_lr,target_real_anchor,append,0.75,detection_auroc,5,0.3690069277362292,0.009534047021752139,0.35716884479213773,0.3808450106803206
P2,c2st_lr,target_real_anchor,append,0.75,contaminated_utility_delta,5,-0.001956507105616452,0.002143111632122105,-0.004617531663354179,0.0007045174521212753
P2,c2st_lr,target_real_anchor,append,0.75,detector_cleanup_delta,5,-0.0020652272636821163,0.0021220772437645164,-0.004700134178671989,0.0005696796513077564
P2,c2st_lr,target_real_anchor,append,0.75,decision_regret,5,0.000160914957239604,0.00010499079429015171,3.055166782670531e-05,0.0002912782466525027
P2,c2st_lr,target_real_anchor,replace,0.0,detection_auroc,5,0.3690069277362292,0.009534047021752139,0.35716884479213773,0.3808450106803206
P2,c2st_lr,target_real_anchor,replace,0.0,contaminated_utility_delta,5,0.0019617881469842858,0.0024091826388047497,-0.0010296072007171145,0.004953183494685686
P2,c2st_lr,target_real_anchor,replace,0.0,detector_cleanup_delta,5,0.001854679729716304,0.003083536814295323,-0.0019740369197301243,0.005683396379162733
P2,c2st_lr,target_real_anchor,replace,0.0,decision_regret,5,0.0003193194207199987,0.00033335376854756206,-9.459395235105942e-05,0.0007332327937910569
P2,c2st_lr,target_real_anchor,replace,0.05,detection_auroc,5,0.3690069277362292,0.009534047021752139,0.35716884479213773,0.3808450106803206
P2,c2st_lr,target_real_anchor,replace,0.05,contaminated_utility_delta,5,0.0011373823063842519,0.0011879025066384309,-0.00033759346948469566,0.0026123580822531994
P2,c2st_lr,target_real_anchor,replace,0.05,detector_cleanup_delta,5,0.0008357796719546199,0.0014864637904955908,-0.0010099089013372578,0.002681468245246498
P2,c2st_lr,target_real_anchor,replace,0.05,decision_regret,5,0.00018535236393053554,0.0001537360094799869,-5.536104268276788e-06,0.00037624083212934787
P2,c2st_lr,target_real_anchor,replace,0.1,detection_auroc,5,0.3690069277362292,0.009534047021752139,0.35716884479213773,0.3808450106803206
P2,c2st_lr,target_real_anchor,replace,0.1,contaminated_utility_delta,5,-0.000314233413489752,0.0016267074069003019,-0.002334057436249258,0.0017055906092697539
P2,c2st_lr,target_real_anchor,replace,0.1,detector_cleanup_delta,5,-0.0005727846253252279,0.0015898090452527687,-0.0025467932808342897,0.0014012240301838337
P2,c2st_lr,target_real_anchor,replace,0.1,decision_regret,5,0.00022787056770982758,0.00014003888307613516,5.398932824552416e-05,0.000401751807174131
P2,c2st_lr,target_real_anchor,replace,0.25,detection_auroc,5,0.3690069277362292,0.009534047021752139,0.35716884479213773,0.3808450106803206
P2,c2st_lr,target_real_anchor,replace,0.25,contaminated_utility_delta,5,-0.000598762372837572,0.0017530012552754261,-0.002775400920319075,0.001577876174643931
P2,c2st_lr,target_real_anchor,replace,0.25,detector_cleanup_delta,5,-0.000912259317148852,0.002150852097646767,-0.0035828949322578895,0.0017583762979601853
P2,c2st_lr,target_real_anchor,replace,0.25,decision_regret,5,0.000368389625290616,0.0003978125016725391,-0.0001255598360715505,0.0008623390866527825
P2,c2st_lr,target_real_anchor,replace,0.5,detection_auroc,5,0.3690069277362292,0.009534047021752139,0.35716884479213773,0.3808450106803206
P2,c2st_lr,target_real_anchor,replace,0.5,contaminated_utility_delta,5,-0.003365521308956168,0.0012878671094914583,-0.004964619533282457,-0.001766423084629879
P2,c2st_lr,target_real_anchor,replace,0.5,detector_cleanup_delta,5,-0.003980862022826832,0.0011747396020070561,-0.005439493893903212,-0.002522230151750453
P2,c2st_lr,target_real_anchor,replace,0.5,decision_regret,5,0.00010796347760752419,8.325660506337537e-05,4.586748487661783e-06,0.00021134020672738659
P2,c2st_lr,target_real_anchor,replace,0.75,detection_auroc,5,0.3690069277362292,0.009534047021752139,0.35716884479213773,0.3808450106803206
P2,c2st_lr,target_real_anchor,replace,0.75,contaminated_utility_delta,5,-0.007492540321696368,0.0032345946542885655,-0.01150882005270883,-0.0034762605906839055
P2,c2st_lr,target_real_anchor,replace,0.75,detector_cleanup_delta,5,-0.007925723588957595,0.0031263033934269607,-0.011807541960038111,-0.00404390521787708
P2,c2st_lr,target_real_anchor,replace,0.75,decision_regret,5,0.00031582562838310395,0.00022677444892384025,3.424795944187317e-05,0.0005974032973243347
P2,c2st_lr,target_real_anchor,replace,1.0,detection_auroc,5,0.3690069277362292,0.009534047021752139,0.35716884479213773,0.3808450106803206
P2,c2st_lr,target_real_anchor,replace,1.0,contaminated_utility_delta,5,-0.013768729461844414,0.004407428162331489,-0.0192412743356808,-0.00829618458800803
P2,c2st_lr,target_real_anchor,replace,1.0,detector_cleanup_delta,5,-0.014014380132199886,0.004246899600248996,-0.01928760246981502,-0.008741157794584752
P2,c2st_lr,target_real_anchor,replace,1.0,decision_regret,5,0.0003205934437823331,0.0004149163854410586,-0.00019459329428466588,0.000835780181849332
P2,c2st_xgb,oracle_target,append,0.0,detection_auroc,5,0.7389938900276537,0.009248516116681106,0.7275103405287635,0.7504774395265439
P2,c2st_xgb,oracle_target,append,0.0,contaminated_utility_delta,5,0.0019617881469842858,0.0024091826388047497,-0.0010296072007171145,0.004953183494685686
P2,c2st_xgb,oracle_target,append,0.0,detector_cleanup_delta,5,0.001457862666140308,0.0022993979243185873,-0.0013972169540305455,0.004312942286311162
P2,c2st_xgb,oracle_target,append,0.0,decision_regret,5,0.00016353514688713524,0.0001310445992173586,8.217858798999179e-07,0.00032624850789437056
P2,c2st_xgb,oracle_target,append,0.050332383665717,detection_auroc,5,0.7389938900276537,0.009248516116681106,0.7275103405287635,0.7504774395265439
P2,c2st_xgb,oracle_target,append,0.050332383665717,contaminated_utility_delta,5,0.0019122999887327401,0.0013044307801146392,0.0002926352509155421,0.003531964726549938
P2,c2st_xgb,oracle_target,append,0.050332383665717,detector_cleanup_delta,5,0.0014006666042105276,0.0015418408820787163,-0.0005137817100253498,0.003315114918446405
P2,c2st_xgb,oracle_target,append,0.050332383665717,decision_regret,5,0.000287937508224904,0.00019363777889882467,4.75044494740929e-05,0.0005283705669757151
P2,c2st_xgb,oracle_target,append,0.0999099909990999,detection_auroc,5,0.7389938900276537,0.009248516116681106,0.7275103405287635,0.7504774395265439
P2,c2st_xgb,oracle_target,append,0.0999099909990999,contaminated_utility_delta,5,0.0013002660415272118,0.0016511025591480317,-0.0007498485635090003,0.003350380646563424
P2,c2st_xgb,oracle_target,append,0.0999099909990999,detector_cleanup_delta,5,0.0005999696957012158,0.0021994990850224033,-0.0021310691322532225,0.0033310085236556543
P2,c2st_xgb,oracle_target,append,0.0999099909990999,decision_regret,5,0.0006495639376994894,0.0006980860742025145,-0.00021722440828517424,0.0015163522836841529
P2,c2st_xgb,oracle_target,append,0.2498124531132783,detection_auroc,5,0.7389938900276537,0.009248516116681106,0.7275103405287635,0.7504774395265439
P2,c2st_xgb,oracle_target,append,0.2498124531132783,contaminated_utility_delta,5,0.001836580049280436,0.0017252059464555902,-0.0003055460639205211,0.003978706162481393
P2,c2st_xgb,oracle_target,append,0.2498124531132783,detector_cleanup_delta,5,0.0011998375227823162,0.002159315371736478,-0.0014813066350708465,0.003880981680635479
P2,c2st_xgb,oracle_target,append,0.2498124531132783,decision_regret,5,0.001237976578538603,0.0009964717697466263,6.934568178263659e-07,0.0024752597002593796
P2,c2st_xgb,oracle_target,append,0.5,detection_auroc,5,0.7389938900276537,0.009248516116681106,0.7275103405287635,0.7504774395265439
P2,c2st_xgb,oracle_target,append,0.5,contaminated_utility_delta,5,0.000718265293885156,0.0012837133459862758,-0.0008756753518396951,0.002312205939610007
P2,c2st_xgb,oracle_target,append,0.5,detector_cleanup_delta,5,0.00150474684440836,0.0012364062921996954,-3.0454335768605265e-05,0.0030399480245853253
P2,c2st_xgb,oracle_target,append,0.5,decision_regret,5,0.00025031411389784804,0.00013738984001552155,7.972209583160007e-05,0.000420906131964096
P2,c2st_xgb,oracle_target,append,0.75,detection_auroc,5,0.7389938900276537,0.009248516116681106,0.7275103405287635,0.7504774395265439
P2,c2st_xgb,oracle_target,append,0.75,contaminated_utility_delta,5,-0.001956507105616452,0.002143111632122105,-0.004617531663354179,0.0007045174521212753
P2,c2st_xgb,oracle_target,append,0.75,detector_cleanup_delta,5,-1.3912920484538196e-05,0.002889747012934912,-0.0036020077503626856,0.0035741819093936095
P2,c2st_xgb,oracle_target,append,0.75,decision_regret,5,0.000291156448283448,0.00043498924891605226,-0.00024895404170130985,0.0008312669382682059
P2,c2st_xgb,oracle_target,replace,0.0,detection_auroc,5,0.7389938900276537,0.009248516116681106,0.7275103405287635,0.7504774395265439
P2,c2st_xgb,oracle_target,replace,0.0,contaminated_utility_delta,5,0.0019617881469842858,0.0024091826388047497,-0.0010296072007171145,0.004953183494685686
P2,c2st_xgb,oracle_target,replace,0.0,detector_cleanup_delta,5,0.001457862666140308,0.0022993979243185873,-0.0013972169540305455,0.004312942286311162
P2,c2st_xgb,oracle_target,replace,0.0,decision_regret,5,0.00016353514688713524,0.0001310445992173586,8.217858798999179e-07,0.00032624850789437056
P2,c2st_xgb,oracle_target,replace,0.05,detection_auroc,5,0.7389938900276537,0.009248516116681106,0.7275103405287635,0.7504774395265439
P2,c2st_xgb,oracle_target,replace,0.05,contaminated_utility_delta,5,0.0011373823063842519,0.0011879025066384309,-0.00033759346948469566,0.0026123580822531994
P2,c2st_xgb,oracle_target,replace,0.05,detector_cleanup_delta,5,0.0006513300052236411,0.0011871326809992711,-0.0008226899058642676,0.0021253499163115495
P2,c2st_xgb,oracle_target,replace,0.05,decision_regret,5,9.129458630218533e-05,6.710998091668326e-05,7.966539077798091e-06,0.00017462263352657257
P2,c2st_xgb,oracle_target,replace,0.1,detection_auroc,5,0.7389938900276537,0.009248516116681106,0.7275103405287635,0.7504774395265439
P2,c2st_xgb,oracle_target,replace,0.1,contaminated_utility_delta,5,-0.000314233413489752,0.0016267074069003019,-0.002334057436249258,0.0017055906092697539
P2,c2st_xgb,oracle_target,replace,0.1,detector_cleanup_delta,5,-0.0007396310937287279,0.0014373902975610177,-0.0025243868775776395,0.0010451246901201834
P2,c2st_xgb,oracle_target,replace,0.1,decision_regret,5,0.000444204195548816,0.00031387007948842046,5.448301773469059e-05,0.0008339253733629414
P2,c2st_xgb,oracle_target,replace,0.25,detection_auroc,5,0.7389938900276537,0.009248516116681106,0.7275103405287635,0.7504774395265439
P2,c2st_xgb,oracle_target,replace,0.25,contaminated_utility_delta,5,-0.000598762372837572,0.0017530012552754261,-0.002775400920319075,0.001577876174643931
P2,c2st_xgb,oracle_target,replace,0.25,detector_cleanup_delta,5,-0.001563534783594633,0.002398890457985071,-0.004542150700909235,0.0014150811337199692
P2,c2st_xgb,oracle_target,replace,0.25,decision_regret,5,0.0014769046693598668,0.0009149442844937495,0.00034085129094167557,0.002612958047778058
P2,c2st_xgb,oracle_target,replace,0.5,detection_auroc,5,0.7389938900276537,0.009248516116681106,0.7275103405287635,0.7504774395265439
P2,c2st_xgb,oracle_target,replace,0.5,contaminated_utility_delta,5,-0.003365521308956168,0.0012878671094914583,-0.004964619533282457,-0.001766423084629879
P2,c2st_xgb,oracle_target,replace,0.5,detector_cleanup_delta,5,-0.0033781317745237927,0.0016935017716013677,-0.005480891955215505,-0.0012753715938320807
P2,c2st_xgb,oracle_target,replace,0.5,decision_regret,5,0.0008097716342300932,0.000497352442838533,0.0001922270115387912,0.0014273162569213953
P2,c2st_xgb,oracle_target,replace,0.75,detection_auroc,5,0.7389938900276537,0.009248516116681106,0.7275103405287635,0.7504774395265439
P2,c2st_xgb,oracle_target,replace,0.75,contaminated_utility_delta,5,-0.007492540321696368,0.0032345946542885655,-0.01150882005270883,-0.0034762605906839055
P2,c2st_xgb,oracle_target,replace,0.75,detector_cleanup_delta,5,-0.007854883505937318,0.0028787975378659595,-0.011429382766823117,-0.004280384245051519
P2,c2st_xgb,oracle_target,replace,0.75,decision_regret,5,0.001589857261132472,0.0009482132255186486,0.0004124950363852994,0.0027672194858796447
P2,c2st_xgb,oracle_target,replace,1.0,detection_auroc,5,0.7389938900276537,0.009248516116681106,0.7275103405287635,0.7504774395265439
P2,c2st_xgb,oracle_target,replace,1.0,contaminated_utility_delta,5,-0.013768729461844414,0.004407428162331489,-0.0192412743356808,-0.00829618458800803
P2,c2st_xgb,oracle_target,replace,1.0,detector_cleanup_delta,5,-0.01745395497927816,0.006862119864942199,-0.025974402166935764,-0.008933507791620554
P2,c2st_xgb,oracle_target,replace,1.0,decision_regret,5,0.004602454354812496,0.002361601596627105,0.0016701386741800922,0.0075347700354449
P2,c2st_xgb,source_only,append,0.0,detection_auroc,5,0.7389938900276537,0.009248516116681106,0.7275103405287635,0.7504774395265439
P2,c2st_xgb,source_only,append,0.0,contaminated_utility_delta,5,0.0019617881469842858,0.0024091826388047497,-0.0010296072007171145,0.004953183494685686
P2,c2st_xgb,source_only,append,0.0,detector_cleanup_delta,5,0.001448347280498628,0.0022861587022747864,-0.0013902936742962119,0.004286988235293468
P2,c2st_xgb,source_only,append,0.0,decision_regret,5,0.00016416177727405926,0.0001318351971978194,4.667592174331355e-07,0.0003278567953306854
P2,c2st_xgb,source_only,append,0.050332383665717,detection_auroc,5,0.7389938900276537,0.009248516116681106,0.7275103405287635,0.7504774395265439
P2,c2st_xgb,source_only,append,0.050332383665717,contaminated_utility_delta,5,0.0019122999887327401,0.0013044307801146392,0.0002926352509155421,0.003531964726549938
P2,c2st_xgb,source_only,append,0.050332383665717,detector_cleanup_delta,5,0.0013932263522543305,0.0015478953933119352,-0.0005287396306065547,0.0033151923351152158
P2,c2st_xgb,source_only,append,0.050332383665717,decision_regret,5,0.000286844232588908,0.0002088589098667445,2.751164350328644e-05,0.0005461768216745296
P2,c2st_xgb,source_only,append,0.0999099909990999,detection_auroc,5,0.7389938900276537,0.009248516116681106,0.7275103405287635,0.7504774395265439
P2,c2st_xgb,source_only,append,0.0999099909990999,contaminated_utility_delta,5,0.0013002660415272118,0.0016511025591480317,-0.0007498485635090003,0.003350380646563424
P2,c2st_xgb,source_only,append,0.0999099909990999,detector_cleanup_delta,5,0.0006116887062663399,0.002201595046088537,-0.0021219526010855527,0.003345330013618233
P2,c2st_xgb,source_only,append,0.0999099909990999,decision_regret,5,0.00011484848655837562,0.000100208771011385,-9.57713671070613e-06,0.00023927410982745736
P2,c2st_xgb,source_only,append,0.2498124531132783,detection_auroc,5,0.7389938900276537,0.009248516116681106,0.7275103405287635,0.7504774395265439
P2,c2st_xgb,source_only,append,0.2498124531132783,contaminated_utility_delta,5,0.001836580049280436,0.0017252059464555902,-0.0003055460639205211,0.003978706162481393
P2,c2st_xgb,source_only,append,0.2498124531132783,detector_cleanup_delta,5,0.0011909631734045762,0.002155408295584462,-0.0014853297086523875,0.00386725605546154
P2,c2st_xgb,source_only,append,0.2498124531132783,decision_regret,5,0.0012438258157035868,0.0009963666646855653,6.6731991531586e-06,0.0024809784322540147
P2,c2st_xgb,source_only,append,0.5,detection_auroc,5,0.7389938900276537,0.009248516116681106,0.7275103405287635,0.7504774395265439
P2,c2st_xgb,source_only,append,0.5,contaminated_utility_delta,5,0.000718265293885156,0.0012837133459862758,-0.0008756753518396951,0.002312205939610007
P2,c2st_xgb,source_only,append,0.5,detector_cleanup_delta,5,0.00149939260227046,0.0012177147920336888,-1.2600015077955141e-05,0.0030113852196188753
P2,c2st_xgb,source_only,append,0.5,decision_regret,5,0.00025353675728268394,0.00016260017887690197,5.164196906974261e-05,0.0004554315454956253
P2,c2st_xgb,source_only,append,0.75,detection_auroc,5,0.7389938900276537,0.009248516116681106,0.7275103405287635,0.7504774395265439
P2,c2st_xgb,source_only,append,0.75,contaminated_utility_delta,5,-0.001956507105616452,0.002143111632122105,-0.004617531663354179,0.0007045174521212753
P2,c2st_xgb,source_only,append,0.75,detector_cleanup_delta,5,-4.352261360919159e-05,0.002896252801014482,-0.003639695446325684,0.003552650219107301
P2,c2st_xgb,source_only,append,0.75,decision_regret,5,0.000317675597047924,0.0004531827231576303,-0.00024502507490484877,0.0008803762690006968
P2,c2st_xgb,source_only,replace,0.0,detection_auroc,5,0.7389938900276537,0.009248516116681106,0.7275103405287635,0.7504774395265439
P2,c2st_xgb,source_only,replace,0.0,contaminated_utility_delta,5,0.0019617881469842858,0.0024091826388047497,-0.0010296072007171145,0.004953183494685686
P2,c2st_xgb,source_only,replace,0.0,detector_cleanup_delta,5,0.001448347280498628,0.0022861587022747864,-0.0013902936742962119,0.004286988235293468
P2,c2st_xgb,source_only,replace,0.0,decision_regret,5,0.00016416177727405926,0.0001318351971978194,4.667592174331355e-07,0.0003278567953306854
P2,c2st_xgb,source_only,replace,0.05,detection_auroc,5,0.7389938900276537,0.009248516116681106,0.7275103405287635,0.7504774395265439
P2,c2st_xgb,source_only,replace,0.05,contaminated_utility_delta,5,0.0011373823063842519,0.0011879025066384309,-0.00033759346948469566,0.0026123580822531994
P2,c2st_xgb,source_only,replace,0.05,detector_cleanup_delta,5,0.0006372019069824971,0.0011994150281541289,-0.0008520685523810388,0.0021264723663460333
P2,c2st_xgb,source_only,replace,0.05,decision_regret,5,9.150941905408425e-05,6.747492922588501e-05,7.728228652955854e-06,0.00017529060945521263
P2,c2st_xgb,source_only,replace,0.1,detection_auroc,5,0.7389938900276537,0.009248516116681106,0.7275103405287635,0.7504774395265439
P2,c2st_xgb,source_only,replace,0.1,contaminated_utility_delta,5,-0.000314233413489752,0.0016267074069003019,-0.002334057436249258,0.0017055906092697539
P2,c2st_xgb,source_only,replace,0.1,detector_cleanup_delta,5,-0.000773056482024156,0.0013807477581253577,-0.0024874812638889716,0.0009413682998406595
P2,c2st_xgb,source_only,replace,0.1,decision_regret,5,0.00036417764967271594,0.0002724747344394629,2.585558149910362e-05,0.0007024997178463283
P2,c2st_xgb,source_only,replace,0.25,detection_auroc,5,0.7389938900276537,0.009248516116681106,0.7275103405287635,0.7504774395265439
P2,c2st_xgb,source_only,replace,0.25,contaminated_utility_delta,5,-0.000598762372837572,0.0017530012552754261,-0.002775400920319075,0.001577876174643931
P2,c2st_xgb,source_only,replace,0.25,detector_cleanup_delta,5,-0.001616214828308933,0.002366368824039144,-0.004554449803590117,0.00132202014697225
P2,c2st_xgb,source_only,replace,0.25,decision_regret,5,0.001491629800350464,0.0009314748725661212,0.0003350509858536723,0.0026482086148472556
P2,c2st_xgb,source_only,replace,0.5,detection_auroc,5,0.7389938900276537,0.009248516116681106,0.7275103405287635,0.7504774395265439
P2,c2st_xgb,source_only,replace,0.5,contaminated_utility_delta,5,-0.003365521308956168,0.0012878671094914583,-0.004964619533282457,-0.001766423084629879
P2,c2st_xgb,source_only,replace,0.5,detector_cleanup_delta,5,-0.0033698274551188963,0.0016908329798574662,-0.005469273893183502,-0.0012703810170542904
P2,c2st_xgb,source_only,replace,0.5,decision_regret,5,0.0008021656378094653,0.000487685637576467,0.00019662393918971736,0.0014077073364292133
P2,c2st_xgb,source_only,replace,0.75,detection_auroc,5,0.7389938900276537,0.009248516116681106,0.7275103405287635,0.7504774395265439
P2,c2st_xgb,source_only,replace,0.75,contaminated_utility_delta,5,-0.007492540321696368,0.0032345946542885655,-0.01150882005270883,-0.0034762605906839055
P2,c2st_xgb,source_only,replace,0.75,detector_cleanup_delta,5,-0.007864552628393811,0.002863880073520604,-0.011420529410857494,-0.004308575845930128
P2,c2st_xgb,source_only,replace,0.75,decision_regret,5,0.00160261821366918,0.0009282152889191191,0.0004500867068360046,0.002755149720502356
P2,c2st_xgb,source_only,replace,1.0,detection_auroc,5,0.7389938900276537,0.009248516116681106,0.7275103405287635,0.7504774395265439
P2,c2st_xgb,source_only,replace,1.0,contaminated_utility_delta,5,-0.013768729461844414,0.004407428162331489,-0.0192412743356808,-0.00829618458800803
P2,c2st_xgb,source_only,replace,1.0,detector_cleanup_delta,5,-0.01746469916985578,0.0068597970489375,-0.025982262200505896,-0.008947136139205662
P2,c2st_xgb,source_only,replace,1.0,decision_regret,5,0.0046131985453901235,0.0023433286971764793,0.0017035716661483588,0.007522825424631888
P2,c2st_xgb,target_real_anchor,append,0.0,detection_auroc,5,0.7389938900276537,0.009248516116681106,0.7275103405287635,0.7504774395265439
P2,c2st_xgb,target_real_anchor,append,0.0,contaminated_utility_delta,5,0.0019617881469842858,0.0024091826388047497,-0.0010296072007171145,0.004953183494685686
P2,c2st_xgb,target_real_anchor,append,0.0,detector_cleanup_delta,5,0.0016772684011422442,0.0024015941026296556,-0.0013047045343914751,0.004659241336675964
P2,c2st_xgb,target_real_anchor,append,0.0,decision_regret,5,0.00014967747495453395,0.00015738800107033103,-4.574553972375156e-05,0.00034510048963281946
P2,c2st_xgb,target_real_anchor,append,0.050332383665717,detection_auroc,5,0.7389938900276537,0.009248516116681106,0.7275103405287635,0.7504774395265439
P2,c2st_xgb,target_real_anchor,append,0.050332383665717,contaminated_utility_delta,5,0.0019122999887327401,0.0013044307801146392,0.0002926352509155421,0.003531964726549938
P2,c2st_xgb,target_real_anchor,append,0.050332383665717,detector_cleanup_delta,5,0.0012214597294476384,0.0018001006999844827,-0.0010136605028644888,0.0034565799617597656
P2,c2st_xgb,target_real_anchor,append,0.050332383665717,decision_regret,5,0.00023097751453879603,0.0001951869555144978,-1.1379101042555535e-05,0.00047333413012014757
P2,c2st_xgb,target_real_anchor,append,0.0999099909990999,detection_auroc,5,0.7389938900276537,0.009248516116681106,0.7275103405287635,0.7504774395265439
P2,c2st_xgb,target_real_anchor,append,0.0999099909990999,contaminated_utility_delta,5,0.0013002660415272118,0.0016511025591480317,-0.0007498485635090003,0.003350380646563424
P2,c2st_xgb,target_real_anchor,append,0.0999099909990999,detector_cleanup_delta,5,0.000636216117022884,0.0021187775132880944,-0.0019945936414306397,0.003267025875476408
P2,c2st_xgb,target_real_anchor,append,0.0999099909990999,decision_regret,5,0.000138512402589479,0.000109111998722953,3.0319620031331784e-06,0.00027399284317582487
P2,c2st_xgb,target_real_anchor,append,0.2498124531132783,detection_auroc,5,0.7389938900276537,0.009248516116681106,0.7275103405287635,0.7504774395265439
P2,c2st_xgb,target_real_anchor,append,0.2498124531132783,contaminated_utility_delta,5,0.001836580049280436,0.0017252059464555902,-0.0003055460639205211,0.003978706162481393
P2,c2st_xgb,target_real_anchor,append,0.2498124531132783,detector_cleanup_delta,5,0.0013403682362235821,0.002300882895871429,-0.0015165552196627912,0.004197291692109955
P2,c2st_xgb,target_real_anchor,append,0.2498124531132783,decision_regret,5,0.001085744311806356,0.0008919347002443047,-2.1738894235663478e-05,0.002193227517848375
P2,c2st_xgb,target_real_anchor,append,0.5,detection_auroc,5,0.7389938900276537,0.009248516116681106,0.7275103405287635,0.7504774395265439
P2,c2st_xgb,target_real_anchor,append,0.5,contaminated_utility_delta,5,0.000718265293885156,0.0012837133459862758,-0.0008756753518396951,0.002312205939610007
P2,c2st_xgb,target_real_anchor,append,0.5,detector_cleanup_delta,5,0.0014723185284907323,0.001159357300582091,3.278630730325005e-05,0.0029118507496782146
P2,c2st_xgb,target_real_anchor,append,0.5,decision_regret,5,0.00024639378899260305,0.00015603266484359775,5.265364651251358e-05,0.0004401339314726925
P2,c2st_xgb,target_real_anchor,append,0.75,detection_auroc,5,0.7389938900276537,0.009248516116681106,0.7275103405287635,0.7504774395265439
P2,c2st_xgb,target_real_anchor,append,0.75,contaminated_utility_delta,5,-0.001956507105616452,0.002143111632122105,-0.004617531663354179,0.0007045174521212753
P2,c2st_xgb,target_real_anchor,append,0.75,detector_cleanup_delta,5,-9.458851892842043e-05,0.0027286425059715983,-0.003482645682561853,0.0032934686447050124
P2,c2st_xgb,target_real_anchor,append,0.75,decision_regret,5,0.0002938841750147595,0.00038828699189742417,-0.00018823780379510877,0.0007760061538246277
P2,c2st_xgb,target_real_anchor,replace,0.0,detection_auroc,5,0.7389938900276537,0.009248516116681106,0.7275103405287635,0.7504774395265439
P2,c2st_xgb,target_real_anchor,replace,0.0,contaminated_utility_delta,5,0.0019617881469842858,0.0024091826388047497,-0.0010296072007171145,0.004953183494685686
P2,c2st_xgb,target_real_anchor,replace,0.0,detector_cleanup_delta,5,0.0016772684011422442,0.0024015941026296556,-0.0013047045343914751,0.004659241336675964
P2,c2st_xgb,target_real_anchor,replace,0.0,decision_regret,5,0.00014967747495453395,0.00015738800107033103,-4.574553972375156e-05,0.00034510048963281946
P2,c2st_xgb,target_real_anchor,replace,0.05,detection_auroc,5,0.7389938900276537,0.009248516116681106,0.7275103405287635,0.7504774395265439
P2,c2st_xgb,target_real_anchor,replace,0.05,contaminated_utility_delta,5,0.0011373823063842519,0.0011879025066384309,-0.00033759346948469566,0.0026123580822531994
P2,c2st_xgb,target_real_anchor,replace,0.05,detector_cleanup_delta,5,0.000572204419722324,0.0014503258943788086,-0.0012286130289905174,0.0023730218684351657
P2,c2st_xgb,target_real_anchor,replace,0.05,decision_regret,5,8.897357495523945e-05,0.00010202831885506965,-3.771131536435481e-05,0.00021565846527483372
P2,c2st_xgb,target_real_anchor,replace,0.1,detection_auroc,5,0.7389938900276537,0.009248516116681106,0.7275103405287635,0.7504774395265439
P2,c2st_xgb,target_real_anchor,replace,0.1,contaminated_utility_delta,5,-0.000314233413489752,0.0016267074069003019,-0.002334057436249258,0.0017055906092697539
P2,c2st_xgb,target_real_anchor,replace,0.1,detector_cleanup_delta,5,-0.000910329245653984,0.0013004781196922998,-0.0025250861073276383,0.0007044276160196703
P2,c2st_xgb,target_real_anchor,replace,0.1,decision_regret,5,0.00032758213685807997,0.0002577144418214042,7.587392631263853e-06,0.0006475768810848961
P2,c2st_xgb,target_real_anchor,replace,0.25,detection_auroc,5,0.7389938900276537,0.009248516116681106,0.7275103405287635,0.7504774395265439
P2,c2st_xgb,target_real_anchor,replace,0.25,contaminated_utility_delta,5,-0.000598762372837572,0.0017530012552754261,-0.002775400920319075,0.001577876174643931
P2,c2st_xgb,target_real_anchor,replace,0.25,detector_cleanup_delta,5,-0.0016043651495368841,0.0026362952771428936,-0.004877758083799829,0.0016690277847260615
P2,c2st_xgb,target_real_anchor,replace,0.25,decision_regret,5,0.0015535105547108922,0.0010285127762620892,0.0002764432687336531,0.002830577840688131
P2,c2st_xgb,target_real_anchor,replace,0.5,detection_auroc,5,0.7389938900276537,0.009248516116681106,0.7275103405287635,0.7504774395265439
P2,c2st_xgb,target_real_anchor,replace,0.5,contaminated_utility_delta,5,-0.003365521308956168,0.0012878671094914583,-0.004964619533282457,-0.001766423084629879
P2,c2st_xgb,target_real_anchor,replace,0.5,detector_cleanup_delta,5,-0.003423349838051916,0.001818784297148263,-0.005681668820319251,-0.0011650308557845808
P2,c2st_xgb,target_real_anchor,replace,0.5,decision_regret,5,0.0008547458536734281,0.0005594862470769673,0.0001600519231878219,0.0015494397841590343
P2,c2st_xgb,target_real_anchor,replace,0.75,detection_auroc,5,0.7389938900276537,0.009248516116681106,0.7275103405287635,0.7504774395265439
P2,c2st_xgb,target_real_anchor,replace,0.75,contaminated_utility_delta,5,-0.007492540321696368,0.0032345946542885655,-0.01150882005270883,-0.0034762605906839055
P2,c2st_xgb,target_real_anchor,replace,0.75,detector_cleanup_delta,5,-0.007735693413073489,0.002837526479723962,-0.011258947886896594,-0.004212438939250383
P2,c2st_xgb,target_real_anchor,replace,0.75,decision_regret,5,0.001522596257816504,0.0008074391861948506,0.0005200280895794123,0.002525164426053596
P2,c2st_xgb,target_real_anchor,replace,1.0,detection_auroc,5,0.7389938900276537,0.009248516116681106,0.7275103405287635,0.7504774395265439
P2,c2st_xgb,target_real_anchor,replace,1.0,contaminated_utility_delta,5,-0.013768729461844414,0.004407428162331489,-0.0192412743356808,-0.00829618458800803
P2,c2st_xgb,target_real_anchor,replace,1.0,detector_cleanup_delta,5,-0.01774733821205652,0.00701516318820543,-0.02645781378437554,-0.0090368626397375
P2,c2st_xgb,target_real_anchor,replace,1.0,decision_regret,5,0.004844140145068596,0.002459531758434808,0.0017902281081812982,0.007898052181955894
P2,char3gram,oracle_target,append,0.0,detection_auroc,5,0.7180436798023054,0.009422874964201399,0.706343635199681,0.7297437244049298
P2,char3gram,oracle_target,append,0.0,contaminated_utility_delta,5,0.0019617881469842858,0.0024091826388047497,-0.0010296072007171145,0.004953183494685686
P2,char3gram,oracle_target,append,0.0,detector_cleanup_delta,5,0.0009943316236468182,0.0025519129454366885,-0.002174286807252044,0.004162950054545681
P2,char3gram,oracle_target,append,0.0,decision_regret,5,9.654995288035707e-05,0.00017517282460262975,-0.00012095583689239086,0.000314055742653105
P2,char3gram,oracle_target,append,0.050332383665717,detection_auroc,5,0.7180436798023054,0.009422874964201399,0.706343635199681,0.7297437244049298
P2,char3gram,oracle_target,append,0.050332383665717,contaminated_utility_delta,5,0.0019122999887327401,0.0013044307801146392,0.0002926352509155421,0.003531964726549938
P2,char3gram,oracle_target,append,0.050332383665717,detector_cleanup_delta,5,0.0014336215154206798,0.0014693743535623477,-0.0003908477192816162,0.003258090750122976
P2,char3gram,oracle_target,append,0.050332383665717,decision_regret,5,0.00022080664229319897,0.00013064974237254298,5.8583560814615495e-05,0.0003830297237717824
P2,char3gram,oracle_target,append,0.0999099909990999,detection_auroc,5,0.7180436798023054,0.009422874964201399,0.706343635199681,0.7297437244049298
P2,char3gram,oracle_target,append,0.0999099909990999,contaminated_utility_delta,5,0.0013002660415272118,0.0016511025591480317,-0.0007498485635090003,0.003350380646563424
P2,char3gram,oracle_target,append,0.0999099909990999,detector_cleanup_delta,5,0.0006380527020755959,0.001990050906876557,-0.0018329218635857764,0.0031090272677369683
P2,char3gram,oracle_target,append,0.0999099909990999,decision_regret,5,0.000581627840537068,0.00046782136718061143,7.508913184388604e-07,0.0011625047897556972
P2,char3gram,oracle_target,append,0.2498124531132783,detection_auroc,5,0.7180436798023054,0.009422874964201399,0.706343635199681,0.7297437244049298
P2,char3gram,oracle_target,append,0.2498124531132783,contaminated_utility_delta,5,0.001836580049280436,0.0017252059464555902,-0.0003055460639205211,0.003978706162481393
P2,char3gram,oracle_target,append,0.2498124531132783,detector_cleanup_delta,5,0.001524342661617098,0.0027307019202101068,-0.0018662716025336793,0.004914956925767875
P2,char3gram,oracle_target,append,0.2498124531132783,decision_regret,5,0.000990246669377152,0.0008619548231708987,-8.001160263224451e-05,0.0020605049413865485
P2,char3gram,oracle_target,append,0.5,detection_auroc,5,0.7180436798023054,0.009422874964201399,0.706343635199681,0.7297437244049298
P2,char3gram,oracle_target,append,0.5,contaminated_utility_delta,5,0.000718265293885156,0.0012837133459862758,-0.0008756753518396951,0.002312205939610007
P2,char3gram,oracle_target,append,0.5,detector_cleanup_delta,5,0.00118392878497862,0.0016794390385450745,-0.0009013702063607424,0.0032692277763179825
P2,char3gram,oracle_target,append,0.5,decision_regret,5,0.00038190298540844185,0.00029483820599337135,1.581299973148735e-05,0.0007479929710853964
P2,char3gram,oracle_target,append,0.75,detection_auroc,5,0.7180436798023054,0.009422874964201399,0.706343635199681,0.7297437244049298
P2,char3gram,oracle_target,append,0.75,contaminated_utility_delta,5,-0.001956507105616452,0.002143111632122105,-0.004617531663354179,0.0007045174521212753
P2,char3gram,oracle_target,append,0.75,detector_cleanup_delta,5,-0.000750805336184192,0.0031325493670951647,-0.0046403791079022445,0.003138768435533861
P2,char3gram,oracle_target,append,0.75,decision_regret,5,0.00033546891450117597,0.0004013765631616563,-0.0001629059136994119,0.0008338437427017638
P2,char3gram,oracle_target,replace,0.0,detection_auroc,5,0.7180436798023054,0.009422874964201399,0.706343635199681,0.7297437244049298
P2,char3gram,oracle_target,replace,0.0,contaminated_utility_delta,5,0.0019617881469842858,0.0024091826388047497,-0.0010296072007171145,0.004953183494685686
P2,char3gram,oracle_target,replace,0.0,detector_cleanup_delta,5,0.0009943316236468182,0.0025519129454366885,-0.002174286807252044,0.004162950054545681
P2,char3gram,oracle_target,replace,0.0,decision_regret,5,9.654995288035707e-05,0.00017517282460262975,-0.00012095583689239086,0.000314055742653105
P2,char3gram,oracle_target,replace,0.05,detection_auroc,5,0.7180436798023054,0.009422874964201399,0.706343635199681,0.7297437244049298
P2,char3gram,oracle_target,replace,0.05,contaminated_utility_delta,5,0.0011373823063842519,0.0011879025066384309,-0.00033759346948469566,0.0026123580822531994
P2,char3gram,oracle_target,replace,0.05,detector_cleanup_delta,5,0.0008707595086277449,0.00189271308076125,-0.0014793541826828324,0.0032208731999383224
P2,char3gram,oracle_target,replace,0.05,decision_regret,5,0.00036287820900280716,0.00023958174723517643,6.539817883413439e-05,0.0006603582391714799
P2,char3gram,oracle_target,replace,0.1,detection_auroc,5,0.7180436798023054,0.009422874964201399,0.706343635199681,0.7297437244049298
P2,char3gram,oracle_target,replace,0.1,contaminated_utility_delta,5,-0.000314233413489752,0.0016267074069003019,-0.002334057436249258,0.0017055906092697539
P2,char3gram,oracle_target,replace,0.1,detector_cleanup_delta,5,-0.000572108208100131,0.0015258129190832128,-0.0024666551777199493,0.0013224387615196876
P2,char3gram,oracle_target,replace,0.1,decision_regret,5,0.0007833391768796072,0.00027108660430285664,0.00044674069992144046,0.001119937653837774
P2,char3gram,oracle_target,replace,0.25,detection_auroc,5,0.7180436798023054,0.009422874964201399,0.706343635199681,0.7297437244049298
P2,char3gram,oracle_target,replace,0.25,contaminated_utility_delta,5,-0.000598762372837572,0.0017530012552754261,-0.002775400920319075,0.001577876174643931
P2,char3gram,oracle_target,replace,0.25,detector_cleanup_delta,5,-0.001316007756652688,0.002279652700285743,-0.004146570443005491,0.001514554929700115
P2,char3gram,oracle_target,replace,0.25,decision_regret,5,0.0010282180882969928,0.0005988411601336489,0.00028465857911646574,0.0017717775974775197
P2,char3gram,oracle_target,replace,0.5,detection_auroc,5,0.7180436798023054,0.009422874964201399,0.706343635199681,0.7297437244049298
P2,char3gram,oracle_target,replace,0.5,contaminated_utility_delta,5,-0.003365521308956168,0.0012878671094914583,-0.004964619533282457,-0.001766423084629879
P2,char3gram,oracle_target,replace,0.5,detector_cleanup_delta,5,-0.0023465673399684717,0.001786594014448838,-0.004564916807115929,-0.00012821787282101416
P2,char3gram,oracle_target,replace,0.5,decision_regret,5,0.0005842074072617521,0.0006561154721649438,-0.00023046755318992262,0.0013988823677134267
P2,char3gram,oracle_target,replace,0.75,detection_auroc,5,0.7180436798023054,0.009422874964201399,0.706343635199681,0.7297437244049298
P2,char3gram,oracle_target,replace,0.75,contaminated_utility_delta,5,-0.007492540321696368,0.0032345946542885655,-0.01150882005270883,-0.0034762605906839055
P2,char3gram,oracle_target,replace,0.75,detector_cleanup_delta,5,-0.007594932202768563,0.0030180350372712756,-0.011342317653865862,-0.003847546751671264
P2,char3gram,oracle_target,replace,0.75,decision_regret,5,0.0014471852972686322,0.0005723931962722759,0.0007364652726405662,0.002157905321896698
P2,char3gram,oracle_target,replace,1.0,detection_auroc,5,0.7180436798023054,0.009422874964201399,0.706343635199681,0.7297437244049298
P2,char3gram,oracle_target,replace,1.0,contaminated_utility_delta,5,-0.013768729461844414,0.004407428162331489,-0.0192412743356808,-0.00829618458800803
P2,char3gram,oracle_target,replace,1.0,detector_cleanup_delta,5,-0.014763480371486708,0.006274501521462923,-0.022554303017361964,-0.006972657725611455
P2,char3gram,oracle_target,replace,1.0,decision_regret,5,0.0019615711770338607,0.0014855242641459406,0.00011704917978570752,0.003806093174282014
P2,char3gram,source_only,append,0.0,detection_auroc,5,0.7180436798023054,0.009422874964201399,0.706343635199681,0.7297437244049298
P2,char3gram,source_only,append,0.0,contaminated_utility_delta,5,0.0019617881469842858,0.0024091826388047497,-0.0010296072007171145,0.004953183494685686
P2,char3gram,source_only,append,0.0,detector_cleanup_delta,5,0.0009909435777587302,0.0025414323290380574,-0.0021646614490789685,0.004146548604596428
P2,char3gram,source_only,append,0.0,decision_regret,5,9.654995288035707e-05,0.00017517282460262975,-0.00012095583689239086,0.000314055742653105
P2,char3gram,source_only,append,0.050332383665717,detection_auroc,5,0.7180436798023054,0.009422874964201399,0.706343635199681,0.7297437244049298
P2,char3gram,source_only,append,0.050332383665717,contaminated_utility_delta,5,0.0019122999887327401,0.0013044307801146392,0.0002926352509155421,0.003531964726549938
P2,char3gram,source_only,append,0.050332383665717,detector_cleanup_delta,5,0.0014311007395697117,0.0014661353078777375,-0.00038934668871746657,0.00325154816785689
P2,char3gram,source_only,append,0.050332383665717,decision_regret,5,0.0002613005368075406,0.00019069341450122143,2.452338932682632e-05,0.0004980776842882548
P2,char3gram,source_only,append,0.0999099909990999,detection_auroc,5,0.7180436798023054,0.009422874964201399,0.706343635199681,0.7297437244049298
P2,char3gram,source_only,append,0.0999099909990999,contaminated_utility_delta,5,0.0013002660415272118,0.0016511025591480317,-0.0007498485635090003,0.003350380646563424
P2,char3gram,source_only,append,0.0999099909990999,detector_cleanup_delta,5,0.0006331426691136999,0.0020008204505653584,-0.0018512040512231394,0.0031174893894505393
P2,char3gram,source_only,append,0.0999099909990999,decision_regret,5,0.0003400153441136439,0.000302904581026922,-3.609036903848013e-05,0.0007161210572657679
P2,char3gram,source_only,append,0.2498124531132783,detection_auroc,5,0.7180436798023054,0.009422874964201399,0.706343635199681,0.7297437244049298
P2,char3gram,source_only,append,0.2498124531132783,contaminated_utility_delta,5,0.001836580049280436,0.0017252059464555902,-0.0003055460639205211,0.003978706162481393
P2,char3gram,source_only,append,0.2498124531132783,detector_cleanup_delta,5,0.0015412001424885099,0.0026989337658578274,-0.0018099687481136619,0.004892369033090682
P2,char3gram,source_only,append,0.2498124531132783,decision_regret,5,0.0009733891885057398,0.0008390436864448,-6.842114987293594e-05,0.0020151995268844155
P2,char3gram,source_only,append,0.5,detection_auroc,5,0.7180436798023054,0.009422874964201399,0.706343635199681,0.7297437244049298
P2,char3gram,source_only,append,0.5,contaminated_utility_delta,5,0.000718265293885156,0.0012837133459862758,-0.0008756753518396951,0.002312205939610007
P2,char3gram,source_only,append,0.5,detector_cleanup_delta,5,0.0011868846152207038,0.0016780121021670949,-0.0008966426005903943,0.003270411831031802
P2,char3gram,source_only,append,0.5,decision_regret,5,0.00038190298540844185,0.00029483820599337135,1.581299973148735e-05,0.0007479929710853964
P2,char3gram,source_only,append,0.75,detection_auroc,5,0.7180436798023054,0.009422874964201399,0.706343635199681,0.7297437244049298
P2,char3gram,source_only,append,0.75,contaminated_utility_delta,5,-0.001956507105616452,0.002143111632122105,-0.004617531663354179,0.0007045174521212753
P2,char3gram,source_only,append,0.75,detector_cleanup_delta,5,-0.000745256089138256,0.003132629199970473,-0.0046349289864634526,0.0031444168081869407
P2,char3gram,source_only,append,0.75,decision_regret,5,0.000337239846667192,0.0004035838939805643,-0.0001638757447433595,0.0008383554380777435
P2,char3gram,source_only,replace,0.0,detection_auroc,5,0.7180436798023054,0.009422874964201399,0.706343635199681,0.7297437244049298
P2,char3gram,source_only,replace,0.0,contaminated_utility_delta,5,0.0019617881469842858,0.0024091826388047497,-0.0010296072007171145,0.004953183494685686
P2,char3gram,source_only,replace,0.0,detector_cleanup_delta,5,0.0009909435777587302,0.0025414323290380574,-0.0021646614490789685,0.004146548604596428
P2,char3gram,source_only,replace,0.0,decision_regret,5,9.654995288035707e-05,0.00017517282460262975,-0.00012095583689239086,0.000314055742653105
P2,char3gram,source_only,replace,0.05,detection_auroc,5,0.7180436798023054,0.009422874964201399,0.706343635199681,0.7297437244049298
P2,char3gram,source_only,replace,0.05,contaminated_utility_delta,5,0.0011373823063842519,0.0011879025066384309,-0.00033759346948469566,0.0026123580822531994
P2,char3gram,source_only,replace,0.05,detector_cleanup_delta,5,0.0008707595086277449,0.00189271308076125,-0.0014793541826828324,0.0032208731999383224
P2,char3gram,source_only,replace,0.05,decision_regret,5,0.00036287820900280716,0.00023958174723517643,6.539817883413439e-05,0.0006603582391714799
P2,char3gram,source_only,replace,0.1,detection_auroc,5,0.7180436798023054,0.009422874964201399,0.706343635199681,0.7297437244049298
P2,char3gram,source_only,replace,0.1,contaminated_utility_delta,5,-0.000314233413489752,0.0016267074069003019,-0.002334057436249258,0.0017055906092697539
P2,char3gram,source_only,replace,0.1,detector_cleanup_delta,5,-0.000574139701772415,0.0015275299939395,-0.0024708187014235066,0.0013225392978786763
P2,char3gram,source_only,replace,0.1,decision_regret,5,0.00047868918297726314,0.0004724389736909417,-0.00010792128200311441,0.0010652996479576407
P2,char3gram,source_only,replace,0.25,detection_auroc,5,0.7180436798023054,0.009422874964201399,0.706343635199681,0.7297437244049298
P2,char3gram,source_only,replace,0.25,contaminated_utility_delta,5,-0.000598762372837572,0.0017530012552754261,-0.002775400920319075,0.001577876174643931
P2,char3gram,source_only,replace,0.25,detector_cleanup_delta,5,-0.0013021406041940561,0.0022945613249996453,-0.0041512147931168425,0.0015469335847287302
P2,char3gram,source_only,replace,0.25,decision_regret,5,0.0010143509358383608,0.0005945438336347843,0.0002761272622600011,0.0017525746094167204
P2,char3gram,source_only,replace,0.5,detection_auroc,5,0.7180436798023054,0.009422874964201399,0.706343635199681,0.7297437244049298
P2,char3gram,source_only,replace,0.5,contaminated_utility_delta,5,-0.003365521308956168,0.0012878671094914583,-0.004964619533282457,-0.001766423084629879
P2,char3gram,source_only,replace,0.5,detector_cleanup_delta,5,-0.0023465673399684717,0.001786594014448838,-0.004564916807115929,-0.00012821787282101416
P2,char3gram,source_only,replace,0.5,decision_regret,5,0.0005842074072617521,0.0006561154721649438,-0.00023046755318992262,0.0013988823677134267
P2,char3gram,source_only,replace,0.75,detection_auroc,5,0.7180436798023054,0.009422874964201399,0.706343635199681,0.7297437244049298
P2,char3gram,source_only,replace,0.75,contaminated_utility_delta,5,-0.007492540321696368,0.0032345946542885655,-0.01150882005270883,-0.0034762605906839055
P2,char3gram,source_only,replace,0.75,detector_cleanup_delta,5,-0.007586208126345204,0.0030172617944627094,-0.011332633469685235,-0.0038397827830051723
P2,char3gram,source_only,replace,0.75,decision_regret,5,0.0014432616548571203,0.0005756192745563294,0.0007285359249683581,0.0021579873847458824
P2,char3gram,source_only,replace,1.0,detection_auroc,5,0.7180436798023054,0.009422874964201399,0.706343635199681,0.7297437244049298
P2,char3gram,source_only,replace,1.0,contaminated_utility_delta,5,-0.013768729461844414,0.004407428162331489,-0.0192412743356808,-0.00829618458800803
P2,char3gram,source_only,replace,1.0,detector_cleanup_delta,5,-0.014769129219737104,0.0062741408626843815,-0.022559504048591406,-0.006978754390882802
P2,char3gram,source_only,replace,1.0,decision_regret,5,0.0019615711770338607,0.0014855242641459406,0.00011704917978570752,0.003806093174282014
P2,char3gram,target_real_anchor,append,0.0,detection_auroc,5,0.7180436798023054,0.009422874964201399,0.706343635199681,0.7297437244049298
P2,char3gram,target_real_anchor,append,0.0,contaminated_utility_delta,5,0.0019617881469842858,0.0024091826388047497,-0.0010296072007171145,0.004953183494685686
P2,char3gram,target_real_anchor,append,0.0,detector_cleanup_delta,5,0.0011589352410665784,0.0027657545433105264,-0.0022752026032305957,0.004593073085363752
P2,char3gram,target_real_anchor,append,0.0,decision_regret,5,9.370154614632936e-05,0.00014931173201040784,-9.169345600044256e-05,0.0002790965482931013
P2,char3gram,target_real_anchor,append,0.050332383665717,detection_auroc,5,0.7180436798023054,0.009422874964201399,0.706343635199681,0.7297437244049298
P2,char3gram,target_real_anchor,append,0.050332383665717,contaminated_utility_delta,5,0.0019122999887327401,0.0013044307801146392,0.0002926352509155421,0.003531964726549938
P2,char3gram,target_real_anchor,append,0.050332383665717,detector_cleanup_delta,5,0.0016296452866377334,0.0015618927037046712,-0.0003097006526094955,0.0035689912258849623
P2,char3gram,target_real_anchor,append,0.050332383665717,decision_regret,5,0.00037692513390079287,0.0002983256913163687,6.504863254008591e-06,0.0007473454045475771
P2,char3gram,target_real_anchor,append,0.0999099909990999,detection_auroc,5,0.7180436798023054,0.009422874964201399,0.706343635199681,0.7297437244049298
P2,char3gram,target_real_anchor,append,0.0999099909990999,contaminated_utility_delta,5,0.0013002660415272118,0.0016511025591480317,-0.0007498485635090003,0.003350380646563424
P2,char3gram,target_real_anchor,append,0.0999099909990999,detector_cleanup_delta,5,0.0006635461986623239,0.0021256443916559567,-0.0019757899154406195,0.003302882312765267
P2,char3gram,target_real_anchor,append,0.0999099909990999,decision_regret,5,0.00034145584024155966,0.0002730802128576885,2.3819713143471803e-06,0.0006805297091687721
P2,char3gram,target_real_anchor,append,0.2498124531132783,detection_auroc,5,0.7180436798023054,0.009422874964201399,0.706343635199681,0.7297437244049298
P2,char3gram,target_real_anchor,append,0.2498124531132783,contaminated_utility_delta,5,0.001836580049280436,0.0017252059464555902,-0.0003055460639205211,0.003978706162481393
P2,char3gram,target_real_anchor,append,0.2498124531132783,detector_cleanup_delta,5,0.001613431782652572,0.0027238535059034108,-0.001768679052008797,0.004995542617313941
P2,char3gram,target_real_anchor,append,0.2498124531132783,decision_regret,5,0.0010234990979308919,0.0008348802574802478,-1.314166059342061e-05,0.0020601398564552044
P2,char3gram,target_real_anchor,append,0.5,detection_auroc,5,0.7180436798023054,0.009422874964201399,0.706343635199681,0.7297437244049298
P2,char3gram,target_real_anchor,append,0.5,contaminated_utility_delta,5,0.000718265293885156,0.0012837133459862758,-0.0008756753518396951,0.002312205939610007
P2,char3gram,target_real_anchor,append,0.5,detector_cleanup_delta,5,0.001323767837618031,0.001595657376926141,-0.0006575024807794119,0.0033050381560154737
P2,char3gram,target_real_anchor,append,0.5,decision_regret,5,0.00030586706178591203,0.00022123798512685083,3.116382061876154e-05,0.0005805703029530625
P2,char3gram,target_real_anchor,append,0.75,detection_auroc,5,0.7180436798023054,0.009422874964201399,0.706343635199681,0.7297437244049298
P2,char3gram,target_real_anchor,append,0.75,contaminated_utility_delta,5,-0.001956507105616452,0.002143111632122105,-0.004617531663354179,0.0007045174521212753
P2,char3gram,target_real_anchor,append,0.75,detector_cleanup_delta,5,-0.0006015405243101834,0.00291406255503333,-0.004219827087408744,0.003016746038788377
P2,char3gram,target_real_anchor,append,0.75,decision_regret,5,0.00032671810740631066,0.0003692544056487642,-0.00013177179426588845,0.0007852080090785098
P2,char3gram,target_real_anchor,replace,0.0,detection_auroc,5,0.7180436798023054,0.009422874964201399,0.706343635199681,0.7297437244049298
P2,char3gram,target_real_anchor,replace,0.0,contaminated_utility_delta,5,0.0019617881469842858,0.0024091826388047497,-0.0010296072007171145,0.004953183494685686
P2,char3gram,target_real_anchor,replace,0.0,detector_cleanup_delta,5,0.0011589352410665784,0.0027657545433105264,-0.0022752026032305957,0.004593073085363752
P2,char3gram,target_real_anchor,replace,0.0,decision_regret,5,9.370154614632936e-05,0.00014931173201040784,-9.169345600044256e-05,0.0002790965482931013
P2,char3gram,target_real_anchor,replace,0.05,detection_auroc,5,0.7180436798023054,0.009422874964201399,0.706343635199681,0.7297437244049298
P2,char3gram,target_real_anchor,replace,0.05,contaminated_utility_delta,5,0.0011373823063842519,0.0011879025066384309,-0.00033759346948469566,0.0026123580822531994
P2,char3gram,target_real_anchor,replace,0.05,detector_cleanup_delta,5,0.0008795394211311642,0.0017915915474388305,-0.0013450153028098026,0.003104094145072131
P2,char3gram,target_real_anchor,replace,0.05,decision_regret,5,0.0003344886637762177,0.00022293435838122483,5.767909701159525e-05,0.0006112982305408402
P2,char3gram,target_real_anchor,replace,0.1,detection_auroc,5,0.7180436798023054,0.009422874964201399,0.706343635199681,0.7297437244049298
P2,char3gram,target_real_anchor,replace,0.1,contaminated_utility_delta,5,-0.000314233413489752,0.0016267074069003019,-0.002334057436249258,0.0017055906092697539
P2,char3gram,target_real_anchor,replace,0.1,detector_cleanup_delta,5,-0.000294332692302696,0.0013111947146018043,-0.0019223959640588158,0.0013337305794534236
P2,char3gram,target_real_anchor,replace,0.1,decision_regret,5,0.000646450716751556,0.0005287317026926688,-1.0056403190906917e-05,0.001302957836694019
P2,char3gram,target_real_anchor,replace,0.25,detection_auroc,5,0.7180436798023054,0.009422874964201399,0.706343635199681,0.7297437244049298
P2,char3gram,target_real_anchor,replace,0.25,contaminated_utility_delta,5,-0.000598762372837572,0.0017530012552754261,-0.002775400920319075,0.001577876174643931
P2,char3gram,target_real_anchor,replace,0.25,detector_cleanup_delta,5,-0.0011818333455204239,0.0024914048013314352,-0.0042753209922856686,0.0019116543012448206
P2,char3gram,target_real_anchor,replace,0.25,decision_regret,5,0.00101740062123232,0.000719047636738501,0.00012458505770062518,0.001910216184764015
P2,char3gram,target_real_anchor,replace,0.5,detection_auroc,5,0.7180436798023054,0.009422874964201399,0.706343635199681,0.7297437244049298
P2,char3gram,target_real_anchor,replace,0.5,contaminated_utility_delta,5,-0.003365521308956168,0.0012878671094914583,-0.004964619533282457,-0.001766423084629879
P2,char3gram,target_real_anchor,replace,0.5,detector_cleanup_delta,5,-0.0022828110720473876,0.0017795510081421862,-0.004492415491824754,-7.320665227002155e-05
P2,char3gram,target_real_anchor,replace,0.5,decision_regret,5,0.0005598763335582883,0.0006666990206737567,-0.0002679398380500225,0.001387692505166599
P2,char3gram,target_real_anchor,replace,0.75,detection_auroc,5,0.7180436798023054,0.009422874964201399,0.706343635199681,0.7297437244049298
P2,char3gram,target_real_anchor,replace,0.75,contaminated_utility_delta,5,-0.007492540321696368,0.0032345946542885655,-0.01150882005270883,-0.0034762605906839055
P2,char3gram,target_real_anchor,replace,0.75,detector_cleanup_delta,5,-0.007913643184427891,0.0032412135485569127,-0.011938141358161278,-0.0038891450106945053
P2,char3gram,target_real_anchor,replace,0.75,decision_regret,5,0.001465165809943528,0.0006698952901534176,0.000633380945593765,0.002296950674293291
P2,char3gram,target_real_anchor,replace,1.0,detection_auroc,5,0.7180436798023054,0.009422874964201399,0.706343635199681,0.7297437244049298
P2,char3gram,target_real_anchor,replace,1.0,contaminated_utility_delta,5,-0.013768729461844414,0.004407428162331489,-0.0192412743356808,-0.00829618458800803
P2,char3gram,target_real_anchor,replace,1.0,detector_cleanup_delta,5,-0.014556102963350142,0.005990006490540655,-0.02199367837166135,-0.0071185275550389344
P2,char3gram,target_real_anchor,replace,1.0,decision_regret,5,0.0015123359200441492,0.0014205756837160502,-0.00025154176314976765,0.0032762136032380663
P2,column_positional_ablation,oracle_target,append,0.0,detection_auroc,5,0.7688575774947563,0.021710591853087245,0.7419003172110819,0.7958148377784307
P2,column_positional_ablation,oracle_target,append,0.0,contaminated_utility_delta,5,0.0019617881469842858,0.0024091826388047497,-0.0010296072007171145,0.004953183494685686
P2,column_positional_ablation,oracle_target,append,0.0,detector_cleanup_delta,5,0.0012488506071885977,0.0024077222888870403,-0.0017407314765952031,0.0042384326909723985
P2,column_positional_ablation,oracle_target,append,0.0,decision_regret,5,7.271582441118344e-05,7.399407147711445e-05,-1.9159950222465583e-05,0.00016459159904483247
P2,column_positional_ablation,oracle_target,append,0.050332383665717,detection_auroc,5,0.7688575774947563,0.021710591853087245,0.7419003172110819,0.7958148377784307
P2,column_positional_ablation,oracle_target,append,0.050332383665717,contaminated_utility_delta,5,0.0019122999887327401,0.0013044307801146392,0.0002926352509155421,0.003531964726549938
P2,column_positional_ablation,oracle_target,append,0.050332383665717,detector_cleanup_delta,5,0.0012300737594395207,0.001678386735519322,-0.000853918625117564,0.0033140661439966055
P2,column_positional_ablation,oracle_target,append,0.050332383665717,decision_regret,5,0.000215606049103132,0.00014950124089611752,2.9975740595634633e-05,0.0004012363576106294
P2,column_positional_ablation,oracle_target,append,0.0999099909990999,detection_auroc,5,0.7688575774947563,0.021710591853087245,0.7419003172110819,0.7958148377784307
P2,column_positional_ablation,oracle_target,append,0.0999099909990999,contaminated_utility_delta,5,0.0013002660415272118,0.0016511025591480317,-0.0007498485635090003,0.003350380646563424
P2,column_positional_ablation,oracle_target,append,0.0999099909990999,detector_cleanup_delta,5,0.00048366110474470014,0.00226850702817915,-0.002333062401817562,0.0033003846113069625
P2,column_positional_ablation,oracle_target,append,0.0999099909990999,decision_regret,5,0.000498594670659184,0.000231394799411366,0.0002112800788585093,0.0007859092624598588
P2,column_positional_ablation,oracle_target,append,0.2498124531132783,detection_auroc,5,0.7688575774947563,0.021710591853087245,0.7419003172110819,0.7958148377784307
P2,column_positional_ablation,oracle_target,append,0.2498124531132783,contaminated_utility_delta,5,0.001836580049280436,0.0017252059464555902,-0.0003055460639205211,0.003978706162481393
P2,column_positional_ablation,oracle_target,append,0.2498124531132783,detector_cleanup_delta,5,0.0012587705605841162,0.0023146410449525956,-0.0016152358936982621,0.004132777014866494
P2,column_positional_ablation,oracle_target,append,0.2498124531132783,decision_regret,5,0.0009802406956052746,0.0007320132203419898,7.132623369742667e-05,0.0018891551575131226
P2,column_positional_ablation,oracle_target,append,0.5,detection_auroc,5,0.7688575774947563,0.021710591853087245,0.7419003172110819,0.7958148377784307
P2,column_positional_ablation,oracle_target,append,0.5,contaminated_utility_delta,5,0.000718265293885156,0.0012837133459862758,-0.0008756753518396951,0.002312205939610007
P2,column_positional_ablation,oracle_target,append,0.5,detector_cleanup_delta,5,0.001163412172050368,0.001166742894675314,-0.0002852904754280154,0.0026121148195287517
P2,column_positional_ablation,oracle_target,append,0.5,decision_regret,5,0.00038656534365394803,0.0002749964995576079,4.511209052120895e-05,0.0007280185967866871
P2,column_positional_ablation,oracle_target,append,0.75,detection_auroc,5,0.7688575774947563,0.021710591853087245,0.7419003172110819,0.7958148377784307
P2,column_positional_ablation,oracle_target,append,0.75,contaminated_utility_delta,5,-0.001956507105616452,0.002143111632122105,-0.004617531663354179,0.0007045174521212753
P2,column_positional_ablation,oracle_target,append,0.75,detector_cleanup_delta,5,-0.0005104244019712122,0.003062770875351044,-0.004313356732641632,0.003292507928699208
P2,column_positional_ablation,oracle_target,append,0.75,decision_regret,5,0.0005063615941663759,0.0005466244715599158,-0.00017236233270672893,0.0011850855210394809
P2,column_positional_ablation,oracle_target,replace,0.0,detection_auroc,5,0.7688575774947563,0.021710591853087245,0.7419003172110819,0.7958148377784307
P2,column_positional_ablation,oracle_target,replace,0.0,contaminated_utility_delta,5,0.0019617881469842858,0.0024091826388047497,-0.0010296072007171145,0.004953183494685686
P2,column_positional_ablation,oracle_target,replace,0.0,detector_cleanup_delta,5,0.0012488506071885977,0.0024077222888870403,-0.0017407314765952031,0.0042384326909723985
P2,column_positional_ablation,oracle_target,replace,0.0,decision_regret,5,7.271582441118344e-05,7.399407147711445e-05,-1.9159950222465583e-05,0.00016459159904483247
P2,column_positional_ablation,oracle_target,replace,0.05,detection_auroc,5,0.7688575774947563,0.021710591853087245,0.7419003172110819,0.7958148377784307
P2,column_positional_ablation,oracle_target,replace,0.05,contaminated_utility_delta,5,0.0011373823063842519,0.0011879025066384309,-0.00033759346948469566,0.0026123580822531994
P2,column_positional_ablation,oracle_target,replace,0.05,detector_cleanup_delta,5,0.0007972468201290862,0.0020011479492191833,-0.0016875065434956678,0.0032820001837538405
P2,column_positional_ablation,oracle_target,replace,0.05,decision_regret,5,0.00025249760863791206,0.00040001330929608425,-0.0002441845163173828,0.0007491797335932069
P2,column_positional_ablation,oracle_target,replace,0.1,detection_auroc,5,0.7688575774947563,0.021710591853087245,0.7419003172110819,0.7958148377784307
P2,column_positional_ablation,oracle_target,replace,0.1,contaminated_utility_delta,5,-0.000314233413489752,0.0016267074069003019,-0.002334057436249258,0.0017055906092697539
P2,column_positional_ablation,oracle_target,replace,0.1,detector_cleanup_delta,5,-0.0007763164146891273,0.0018428008382922556,-0.0030644558714563374,0.001511823042078083
P2,column_positional_ablation,oracle_target,replace,0.1,decision_regret,5,0.000523636970254532,0.0005516531485181481,-0.00016133088375620678,0.0012086048242652707
P2,column_positional_ablation,oracle_target,replace,0.25,detection_auroc,5,0.7688575774947563,0.021710591853087245,0.7419003172110819,0.7958148377784307
P2,column_positional_ablation,oracle_target,replace,0.25,contaminated_utility_delta,5,-0.000598762372837572,0.0017530012552754261,-0.002775400920319075,0.001577876174643931
P2,column_positional_ablation,oracle_target,replace,0.25,detector_cleanup_delta,5,-0.0017197765485697076,0.002412291952836153,-0.004715032619563011,0.0012754795224235956
P2,column_positional_ablation,oracle_target,replace,0.25,decision_regret,5,0.0016630120461830409,0.0006802550696160373,0.0008183638166452122,0.0025076602757208694
P2,column_positional_ablation,oracle_target,replace,0.5,detection_auroc,5,0.7688575774947563,0.021710591853087245,0.7419003172110819,0.7958148377784307
P2,column_positional_ablation,oracle_target,replace,0.5,contaminated_utility_delta,5,-0.003365521308956168,0.0012878671094914583,-0.004964619533282457,-0.001766423084629879
P2,column_positional_ablation,oracle_target,replace,0.5,detector_cleanup_delta,5,-0.002427698318540064,0.001651036080329671,-0.004477730379220874,-0.00037766625785925394
P2,column_positional_ablation,oracle_target,replace,0.5,decision_regret,5,0.0006927472373271466,0.0006844528541816433,-0.0001571132301780105,0.0015426077048323037
P2,column_positional_ablation,oracle_target,replace,0.75,detection_auroc,5,0.7688575774947563,0.021710591853087245,0.7419003172110819,0.7958148377784307
P2,column_positional_ablation,oracle_target,replace,0.75,contaminated_utility_delta,5,-0.007492540321696368,0.0032345946542885655,-0.01150882005270883,-0.0034762605906839055
P2,column_positional_ablation,oracle_target,replace,0.75,detector_cleanup_delta,5,-0.009282188553424612,0.002796419481957205,-0.012754401948046494,-0.00580997515880273
P2,column_positional_ablation,oracle_target,replace,0.75,decision_regret,5,0.002443868792601476,0.0003559587938252326,0.002001887573464648,0.0028858500117383036
P2,column_positional_ablation,oracle_target,replace,1.0,detection_auroc,5,0.7688575774947563,0.021710591853087245,0.7419003172110819,0.7958148377784307
P2,column_positional_ablation,oracle_target,replace,1.0,contaminated_utility_delta,5,-0.013768729461844414,0.004407428162331489,-0.0192412743356808,-0.00829618458800803
P2,column_positional_ablation,oracle_target,replace,1.0,detector_cleanup_delta,5,-0.028989954690254206,0.01298661519979456,-0.0451149672423649,-0.012864942138143518
P2,column_positional_ablation,oracle_target,replace,1.0,decision_regret,5,0.015652628615565285,0.012389633793483982,0.0002688663832674937,0.031036390847863075
P2,column_positional_ablation,source_only,append,0.0,detection_auroc,5,0.7688575774947563,0.021710591853087245,0.7419003172110819,0.7958148377784307
P2,column_positional_ablation,source_only,append,0.0,contaminated_utility_delta,5,0.0019617881469842858,0.0024091826388047497,-0.0010296072007171145,0.004953183494685686
P2,column_positional_ablation,source_only,append,0.0,detector_cleanup_delta,5,0.0012459856062000296,0.002415993458533159,-0.0017538664911563922,0.0042458377035564515
P2,column_positional_ablation,source_only,append,0.0,decision_regret,5,7.198947093309451e-05,7.374762797591709e-05,-1.9580303677526456e-05,0.00016355924554371548
P2,column_positional_ablation,source_only,append,0.050332383665717,detection_auroc,5,0.7688575774947563,0.021710591853087245,0.7419003172110819,0.7958148377784307
P2,column_positional_ablation,source_only,append,0.050332383665717,contaminated_utility_delta,5,0.0019122999887327401,0.0013044307801146392,0.0002926352509155421,0.003531964726549938
P2,column_positional_ablation,source_only,append,0.050332383665717,detector_cleanup_delta,5,0.0012459316268634804,0.0016834737862551218,-0.0008443771654492831,0.003336240419176244
P2,column_positional_ablation,source_only,append,0.050332383665717,decision_regret,5,0.00022133467130980625,0.00015042461374321358,3.455784398115081e-05,0.0004081114986384617
P2,column_positional_ablation,source_only,append,0.0999099909990999,detection_auroc,5,0.7688575774947563,0.021710591853087245,0.7419003172110819,0.7958148377784307
P2,column_positional_ablation,source_only,append,0.0999099909990999,contaminated_utility_delta,5,0.0013002660415272118,0.0016511025591480317,-0.0007498485635090003,0.003350380646563424
P2,column_positional_ablation,source_only,append,0.0999099909990999,detector_cleanup_delta,5,0.000487503880561464,0.0022746802960848882,-0.0023368847505106207,0.0033118925116335483
P2,column_positional_ablation,source_only,append,0.0999099909990999,decision_regret,5,0.00022731606817786402,8.380859383237282e-05,0.00012325395447612466,0.0003313781818796034
P2,column_positional_ablation,source_only,append,0.2498124531132783,detection_auroc,5,0.7688575774947563,0.021710591853087245,0.7419003172110819,0.7958148377784307
P2,column_positional_ablation,source_only,append,0.2498124531132783,contaminated_utility_delta,5,0.001836580049280436,0.0017252059464555902,-0.0003055460639205211,0.003978706162481393
P2,column_positional_ablation,source_only,append,0.2498124531132783,detector_cleanup_delta,5,0.001286401800160376,0.0023163704264978803,-0.0015897519649259405,0.004162555565246692
P2,column_positional_ablation,source_only,append,0.2498124531132783,decision_regret,5,0.0009652076282451426,0.0007384276325028811,4.832862168747552e-05,0.0018820866348028095
P2,column_positional_ablation,source_only,append,0.5,detection_auroc,5,0.7688575774947563,0.021710591853087245,0.7419003172110819,0.7958148377784307
P2,column_positional_ablation,source_only,append,0.5,contaminated_utility_delta,5,0.000718265293885156,0.0012837133459862758,-0.0008756753518396951,0.002312205939610007
P2,column_positional_ablation,source_only,append,0.5,detector_cleanup_delta,5,0.001171634313275232,0.0011714515689649685,-0.0002829149255478831,0.0026261835520983473
P2,column_positional_ablation,source_only,append,0.5,decision_regret,5,0.000380289354788764,0.0002734411972569482,4.07672645290775e-05,0.0007198114450484505
P2,column_positional_ablation,source_only,append,0.75,detection_auroc,5,0.7688575774947563,0.021710591853087245,0.7419003172110819,0.7958148377784307
P2,column_positional_ablation,source_only,append,0.75,contaminated_utility_delta,5,-0.001956507105616452,0.002143111632122105,-0.004617531663354179,0.0007045174521212753
P2,column_positional_ablation,source_only,append,0.75,detector_cleanup_delta,5,-0.0005020215079869159,0.0030896081715459543,-0.004338276743151686,0.0033342337271778546
P2,column_positional_ablation,source_only,append,0.75,decision_regret,5,0.000509772269918876,0.0005472291512864856,-0.0001697024660011542,0.0011892470058389062
P2,column_positional_ablation,source_only,replace,0.0,detection_auroc,5,0.7688575774947563,0.021710591853087245,0.7419003172110819,0.7958148377784307
P2,column_positional_ablation,source_only,replace,0.0,contaminated_utility_delta,5,0.0019617881469842858,0.0024091826388047497,-0.0010296072007171145,0.004953183494685686
P2,column_positional_ablation,source_only,replace,0.0,detector_cleanup_delta,5,0.0012459856062000296,0.002415993458533159,-0.0017538664911563922,0.0042458377035564515
P2,column_positional_ablation,source_only,replace,0.0,decision_regret,5,7.198947093309451e-05,7.374762797591709e-05,-1.9580303677526456e-05,0.00016355924554371548
P2,column_positional_ablation,source_only,replace,0.05,detection_auroc,5,0.7688575774947563,0.021710591853087245,0.7419003172110819,0.7958148377784307
P2,column_positional_ablation,source_only,replace,0.05,contaminated_utility_delta,5,0.0011373823063842519,0.0011879025066384309,-0.00033759346948469566,0.0026123580822531994
P2,column_positional_ablation,source_only,replace,0.05,detector_cleanup_delta,5,0.0007941019165057503,0.0020010095983402348,-0.0016904796618134937,0.0032786834948249945
P2,column_positional_ablation,source_only,replace,0.05,decision_regret,5,0.000252761368089296,0.00039988858366954953,-0.00024376588954587734,0.0007492886257244694
P2,column_positional_ablation,source_only,replace,0.1,detection_auroc,5,0.7688575774947563,0.021710591853087245,0.7419003172110819,0.7958148377784307
P2,column_positional_ablation,source_only,replace,0.1,contaminated_utility_delta,5,-0.000314233413489752,0.0016267074069003019,-0.002334057436249258,0.0017055906092697539
P2,column_positional_ablation,source_only,replace,0.1,detector_cleanup_delta,5,-0.0007584964147101435,0.0018401201688742156,-0.0030433073807698877,0.001526314551349601
P2,column_positional_ablation,source_only,replace,0.1,decision_regret,5,0.00037038170253483595,0.00024707206273409985,6.36012172759623e-05,0.0006771621877937097
P2,column_positional_ablation,source_only,replace,0.25,detection_auroc,5,0.7688575774947563,0.021710591853087245,0.7419003172110819,0.7958148377784307
P2,column_positional_ablation,source_only,replace,0.25,contaminated_utility_delta,5,-0.000598762372837572,0.0017530012552754261,-0.002775400920319075,0.001577876174643931
P2,column_positional_ablation,source_only,replace,0.25,detector_cleanup_delta,5,-0.001712836516670664,0.002417972257404398,-0.00471514561734519,0.0012894725840038618
P2,column_positional_ablation,source_only,replace,0.25,decision_regret,5,0.0016547182899255889,0.0006797507068075278,0.0008106963095291193,0.0024987402703220583
P2,column_positional_ablation,source_only,replace,0.5,detection_auroc,5,0.7688575774947563,0.021710591853087245,0.7419003172110819,0.7958148377784307
P2,column_positional_ablation,source_only,replace,0.5,contaminated_utility_delta,5,-0.003365521308956168,0.0012878671094914583,-0.004964619533282457,-0.001766423084629879
P2,column_positional_ablation,source_only,replace,0.5,detector_cleanup_delta,5,-0.002426211285054472,0.0016507064709009654,-0.00447583408157419,-0.00037658848853475363
P2,column_positional_ablation,source_only,replace,0.5,decision_regret,5,0.0006935566749493386,0.0006845510303436787,-0.00015642569436169962,0.0015435390442603769
P2,column_positional_ablation,source_only,replace,0.75,detection_auroc,5,0.7688575774947563,0.021710591853087245,0.7419003172110819,0.7958148377784307
P2,column_positional_ablation,source_only,replace,0.75,contaminated_utility_delta,5,-0.007492540321696368,0.0032345946542885655,-0.01150882005270883,-0.0034762605906839055
P2,column_positional_ablation,source_only,replace,0.75,detector_cleanup_delta,5,-0.009287113837902209,0.0027841132393306334,-0.012744047014101516,-0.005830180661702902
P2,column_positional_ablation,source_only,replace,0.75,decision_regret,5,0.002447994583137128,0.000364165521833807,0.0019958233652890033,0.002900165800985253
P2,column_positional_ablation,source_only,replace,1.0,detection_auroc,5,0.7688575774947563,0.021710591853087245,0.7419003172110819,0.7958148377784307
P2,column_positional_ablation,source_only,replace,1.0,contaminated_utility_delta,5,-0.013768729461844414,0.004407428162331489,-0.0192412743356808,-0.00829618458800803
P2,column_positional_ablation,source_only,replace,1.0,detector_cleanup_delta,5,-0.029003886258881978,0.012989896238882529,-0.0451329727591049,-0.012874799758659058
P2,column_positional_ablation,source_only,replace,1.0,decision_regret,5,0.015666560184193063,0.01237948600653787,0.000295398093607702,0.031037722274778426
P2,column_positional_ablation,target_real_anchor,append,0.0,detection_auroc,5,0.7688575774947563,0.021710591853087245,0.7419003172110819,0.7958148377784307
P2,column_positional_ablation,target_real_anchor,append,0.0,contaminated_utility_delta,5,0.0019617881469842858,0.0024091826388047497,-0.0010296072007171145,0.004953183494685686
P2,column_positional_ablation,target_real_anchor,append,0.0,detector_cleanup_delta,5,0.0012280837888723297,0.002280065500891517,-0.0016029914571310995,0.004059159034875759
P2,column_positional_ablation,target_real_anchor,append,0.0,decision_regret,5,5.302041684259716e-05,6.11581481610535e-05,-2.2917453925794696e-05,0.00012895828761098901
P2,column_positional_ablation,target_real_anchor,append,0.050332383665717,detection_auroc,5,0.7688575774947563,0.021710591853087245,0.7419003172110819,0.7958148377784307
P2,column_positional_ablation,target_real_anchor,append,0.050332383665717,contaminated_utility_delta,5,0.0019122999887327401,0.0013044307801146392,0.0002926352509155421,0.003531964726549938
P2,column_positional_ablation,target_real_anchor,append,0.050332383665717,detector_cleanup_delta,5,0.001299325633631688,0.0016512938461542776,-0.0007510264855935035,0.0033496777528568794
P2,column_positional_ablation,target_real_anchor,append,0.050332383665717,decision_regret,5,0.00022599357376944153,0.00016816964687014647,1.7183377660140344e-05,0.0004348037698787427
P2,column_positional_ablation,target_real_anchor,append,0.0999099909990999,detection_auroc,5,0.7688575774947563,0.021710591853087245,0.7419003172110819,0.7958148377784307
P2,column_positional_ablation,target_real_anchor,append,0.0999099909990999,contaminated_utility_delta,5,0.0013002660415272118,0.0016511025591480317,-0.0007498485635090003,0.003350380646563424
P2,column_positional_ablation,target_real_anchor,append,0.0999099909990999,detector_cleanup_delta,5,0.00045478697685288,0.0022403072732314145,-0.002326921909232611,0.0032364958629383708
P2,column_positional_ablation,target_real_anchor,append,0.0999099909990999,decision_regret,5,0.00023480213355647203,0.00010183021520081074,0.00010836322141228365,0.00036124104570066037
P2,column_positional_ablation,target_real_anchor,append,0.2498124531132783,detection_auroc,5,0.7688575774947563,0.021710591853087245,0.7419003172110819,0.7958148377784307
P2,column_positional_ablation,target_real_anchor,append,0.2498124531132783,contaminated_utility_delta,5,0.001836580049280436,0.0017252059464555902,-0.0003055460639205211,0.003978706162481393
P2,column_positional_ablation,target_real_anchor,append,0.2498124531132783,detector_cleanup_delta,5,0.001441055391763824,0.0023310929693774003,-0.0014533788247780035,0.004335489608305651
P2,column_positional_ablation,target_real_anchor,append,0.2498124531132783,decision_regret,5,0.000882556037318664,0.0007168734447985136,-7.559910355963654e-06,0.0017726719849932918
P2,column_positional_ablation,target_real_anchor,append,0.5,detection_auroc,5,0.7688575774947563,0.021710591853087245,0.7419003172110819,0.7958148377784307
P2,column_positional_ablation,target_real_anchor,append,0.5,contaminated_utility_delta,5,0.000718265293885156,0.0012837133459862758,-0.0008756753518396951,0.002312205939610007
P2,column_positional_ablation,target_real_anchor,append,0.5,detector_cleanup_delta,5,0.001208718514087872,0.0010797447086751276,-0.00013196161792504543,0.0025493986461007897
P2,column_positional_ablation,target_real_anchor,append,0.5,decision_regret,5,0.0003417320136078632,0.000273658217653853,1.9404569344641954e-06,0.0006815235702812622
P2,column_positional_ablation,target_real_anchor,append,0.75,detection_auroc,5,0.7688575774947563,0.021710591853087245,0.7419003172110819,0.7958148377784307
P2,column_positional_ablation,target_real_anchor,append,0.75,contaminated_utility_delta,5,-0.001956507105616452,0.002143111632122105,-0.004617531663354179,0.0007045174521212753
P2,column_positional_ablation,target_real_anchor,append,0.75,detector_cleanup_delta,5,-0.0004910443212963516,0.003131785432152963,-0.004379669542499703,0.003397580899907
P2,column_positional_ablation,target_real_anchor,append,0.75,decision_regret,5,0.0004847213099191439,0.0005381152655028406,-0.00018343704213959314,0.001152879661977881
P2,column_positional_ablation,target_real_anchor,replace,0.0,detection_auroc,5,0.7688575774947563,0.021710591853087245,0.7419003172110819,0.7958148377784307
P2,column_positional_ablation,target_real_anchor,replace,0.0,contaminated_utility_delta,5,0.0019617881469842858,0.0024091826388047497,-0.0010296072007171145,0.004953183494685686
P2,column_positional_ablation,target_real_anchor,replace,0.0,detector_cleanup_delta,5,0.0012280837888723297,0.002280065500891517,-0.0016029914571310995,0.004059159034875759
P2,column_positional_ablation,target_real_anchor,replace,0.0,decision_regret,5,5.302041684259716e-05,6.11581481610535e-05,-2.2917453925794696e-05,0.00012895828761098901
P2,column_positional_ablation,target_real_anchor,replace,0.05,detection_auroc,5,0.7688575774947563,0.021710591853087245,0.7419003172110819,0.7958148377784307
P2,column_positional_ablation,target_real_anchor,replace,0.05,contaminated_utility_delta,5,0.0011373823063842519,0.0011879025066384309,-0.00033759346948469566,0.0026123580822531994
P2,column_positional_ablation,target_real_anchor,replace,0.05,detector_cleanup_delta,5,0.000860484398064628,0.0019691800640325445,-0.0015845755934251653,0.0033055443895544214
P2,column_positional_ablation,target_real_anchor,replace,0.05,decision_regret,5,0.00030815750343362805,0.0003925099077725242,-0.00017920791798579504,0.0007955229248530511
P2,column_positional_ablation,target_real_anchor,replace,0.1,detection_auroc,5,0.7688575774947563,0.021710591853087245,0.7419003172110819,0.7958148377784307
P2,column_positional_ablation,target_real_anchor,replace,0.1,contaminated_utility_delta,5,-0.000314233413489752,0.0016267074069003019,-0.002334057436249258,0.0017055906092697539
P2,column_positional_ablation,target_real_anchor,replace,0.1,detector_cleanup_delta,5,-0.0007493108979854113,0.0020078970378893967,-0.0032424443620326544,0.0017438225660618319
P2,column_positional_ablation,target_real_anchor,replace,0.1,decision_regret,5,0.00034012419842061883,0.00019428961577945046,9.888177728243326e-05,0.0005813666195588044
P2,column_positional_ablation,target_real_anchor,replace,0.25,detection_auroc,5,0.7688575774947563,0.021710591853087245,0.7419003172110819,0.7958148377784307
P2,column_positional_ablation,target_real_anchor,replace,0.25,contaminated_utility_delta,5,-0.000598762372837572,0.0017530012552754261,-0.002775400920319075,0.001577876174643931
P2,column_positional_ablation,target_real_anchor,replace,0.25,detector_cleanup_delta,5,-0.0016395241919399642,0.002263470179123387,-0.004449993624365299,0.0011709452404853708
P2,column_positional_ablation,target_real_anchor,replace,0.25,decision_regret,5,0.0015733393891548529,0.0007513711513002377,0.0006403888812964344,0.0025062898970132715
P2,column_positional_ablation,target_real_anchor,replace,0.5,detection_auroc,5,0.7688575774947563,0.021710591853087245,0.7419003172110819,0.7958148377784307
P2,column_positional_ablation,target_real_anchor,replace,0.5,contaminated_utility_delta,5,-0.003365521308956168,0.0012878671094914583,-0.004964619533282457,-0.001766423084629879
P2,column_positional_ablation,target_real_anchor,replace,0.5,detector_cleanup_delta,5,-0.002243642531474592,0.0015876134959091266,-0.004214925052407373,-0.0002723600105418106
P2,column_positional_ablation,target_real_anchor,replace,0.5,decision_regret,5,0.0006145964434428944,0.0005498832560200321,-6.817379877224273e-05,0.0012973666856580315
P2,column_positional_ablation,target_real_anchor,replace,0.75,detection_auroc,5,0.7688575774947563,0.021710591853087245,0.7419003172110819,0.7958148377784307
P2,column_positional_ablation,target_real_anchor,replace,0.75,contaminated_utility_delta,5,-0.007492540321696368,0.0032345946542885655,-0.01150882005270883,-0.0034762605906839055
P2,column_positional_ablation,target_real_anchor,replace,0.75,detector_cleanup_delta,5,-0.009154843454164941,0.0025401770300515596,-0.012308889821444124,-0.0060007970868857586
P2,column_positional_ablation,target_real_anchor,replace,0.75,decision_regret,5,0.002454578872649484,0.0004298567689785582,0.001920841198224616,0.0029883165470743524
P2,column_positional_ablation,target_real_anchor,replace,1.0,detection_auroc,5,0.7688575774947563,0.021710591853087245,0.7419003172110819,0.7958148377784307
P2,column_positional_ablation,target_real_anchor,replace,1.0,contaminated_utility_delta,5,-0.013768729461844414,0.004407428162331489,-0.0192412743356808,-0.00829618458800803
P2,column_positional_ablation,target_real_anchor,replace,1.0,detector_cleanup_delta,5,-0.026003888835251322,0.008372652093443555,-0.036399909509165565,-0.015607868161337083
P2,column_positional_ablation,target_real_anchor,replace,1.0,decision_regret,5,0.012666562760562402,0.006552685587822589,0.004530328974614424,0.02080279654651038
P2,datum_transformer,oracle_target,append,0.0,detection_auroc,5,0.7537994415193472,0.03113952120308499,0.7151346191201738,0.7924642639185205
P2,datum_transformer,oracle_target,append,0.0,contaminated_utility_delta,5,0.0019617881469842858,0.0024091826388047497,-0.0010296072007171145,0.004953183494685686
P2,datum_transformer,oracle_target,append,0.0,detector_cleanup_delta,5,0.0013912158094382082,0.002238387190376698,-0.001388108978893013,0.00417054059776943
P2,datum_transformer,oracle_target,append,0.0,decision_regret,5,0.00018228765007065892,0.0001831079428666915,-4.507089037206365e-05,0.0004096461905133815
P2,datum_transformer,oracle_target,append,0.050332383665717,detection_auroc,5,0.7537994415193472,0.03113952120308499,0.7151346191201738,0.7924642639185205
P2,datum_transformer,oracle_target,append,0.050332383665717,contaminated_utility_delta,5,0.0019122999887327401,0.0013044307801146392,0.0002926352509155421,0.003531964726549938
P2,datum_transformer,oracle_target,append,0.050332383665717,detector_cleanup_delta,5,0.001224491017748928,0.0015661165175155465,-0.0007200994790423807,0.0031690815145402366
P2,datum_transformer,oracle_target,append,0.050332383665717,decision_regret,5,0.00031272354522732,0.00019654581204023931,6.867968641923093e-05,0.0005567674040354091
P2,datum_transformer,oracle_target,append,0.0999099909990999,detection_auroc,5,0.7537994415193472,0.03113952120308499,0.7151346191201738,0.7924642639185205
P2,datum_transformer,oracle_target,append,0.0999099909990999,contaminated_utility_delta,5,0.0013002660415272118,0.0016511025591480317,-0.0007498485635090003,0.003350380646563424
P2,datum_transformer,oracle_target,append,0.0999099909990999,detector_cleanup_delta,5,0.0006429710803845198,0.002213003581104367,-0.0021048357941687765,0.003390777954937816
P2,datum_transformer,oracle_target,append,0.0999099909990999,decision_regret,5,0.0006057708029576556,0.0004963242722534406,-1.0497177334124969e-05,0.0012220387832494362
P2,datum_transformer,oracle_target,append,0.2498124531132783,detection_auroc,5,0.7537994415193472,0.03113952120308499,0.7151346191201738,0.7924642639185205
P2,datum_transformer,oracle_target,append,0.2498124531132783,contaminated_utility_delta,5,0.001836580049280436,0.0017252059464555902,-0.0003055460639205211,0.003978706162481393
P2,datum_transformer,oracle_target,append,0.2498124531132783,detector_cleanup_delta,5,0.0012107784979511211,0.0022024428158865265,-0.0015239154546377004,0.003945472450539942
P2,datum_transformer,oracle_target,append,0.2498124531132783,decision_regret,5,0.001040803628942176,0.0006882575190610947,0.00018621904603097368,0.0018953882118533782
P2,datum_transformer,oracle_target,append,0.5,detection_auroc,5,0.7537994415193472,0.03113952120308499,0.7151346191201738,0.7924642639185205
P2,datum_transformer,oracle_target,append,0.5,contaminated_utility_delta,5,0.000718265293885156,0.0012837133459862758,-0.0008756753518396951,0.002312205939610007
P2,datum_transformer,oracle_target,append,0.5,detector_cleanup_delta,5,0.0009464882342814423,0.001017010928245724,-0.0003162976211010649,0.0022092740896639497
P2,datum_transformer,oracle_target,append,0.5,decision_regret,5,0.000444736541472504,0.0002533143846066029,0.00013020518987934336,0.0007592678930656646
P2,datum_transformer,oracle_target,append,0.75,detection_auroc,5,0.7537994415193472,0.03113952120308499,0.7151346191201738,0.7924642639185205
P2,datum_transformer,oracle_target,append,0.75,contaminated_utility_delta,5,-0.001956507105616452,0.002143111632122105,-0.004617531663354179,0.0007045174521212753
P2,datum_transformer,oracle_target,append,0.75,detector_cleanup_delta,5,-0.00046730720768815186,0.0027066084047921075,-0.003828005421154232,0.002893391005777928
P2,datum_transformer,oracle_target,append,0.75,decision_regret,5,0.0003594444398642395,0.00045775712799829283,-0.00020893610589239295,0.0009278249856208719
P2,datum_transformer,oracle_target,replace,0.0,detection_auroc,5,0.7537994415193472,0.03113952120308499,0.7151346191201738,0.7924642639185205
P2,datum_transformer,oracle_target,replace,0.0,contaminated_utility_delta,5,0.0019617881469842858,0.0024091826388047497,-0.0010296072007171145,0.004953183494685686
P2,datum_transformer,oracle_target,replace,0.0,detector_cleanup_delta,5,0.0013912158094382082,0.002238387190376698,-0.001388108978893013,0.00417054059776943
P2,datum_transformer,oracle_target,replace,0.0,decision_regret,5,0.00018228765007065892,0.0001831079428666915,-4.507089037206365e-05,0.0004096461905133815
P2,datum_transformer,oracle_target,replace,0.05,detection_auroc,5,0.7537994415193472,0.03113952120308499,0.7151346191201738,0.7924642639185205
P2,datum_transformer,oracle_target,replace,0.05,contaminated_utility_delta,5,0.0011373823063842519,0.0011879025066384309,-0.00033759346948469566,0.0026123580822531994
P2,datum_transformer,oracle_target,replace,0.05,detector_cleanup_delta,5,0.0009268522368437962,0.0012311514069380902,-0.0006018241414891424,0.002455528615176735
P2,datum_transformer,oracle_target,replace,0.05,decision_regret,5,0.00024251569117004525,8.459279343090951e-05,0.00013747986505939703,0.00034755151728069347
P2,datum_transformer,oracle_target,replace,0.1,detection_auroc,5,0.7537994415193472,0.03113952120308499,0.7151346191201738,0.7924642639185205
P2,datum_transformer,oracle_target,replace,0.1,contaminated_utility_delta,5,-0.000314233413489752,0.0016267074069003019,-0.002334057436249258,0.0017055906092697539
P2,datum_transformer,oracle_target,replace,0.1,detector_cleanup_delta,5,-0.0008415368409705481,0.001674530097988795,-0.002920740577551856,0.00123766689561076
P2,datum_transformer,oracle_target,replace,0.1,decision_regret,5,0.0005302178045619761,0.0005260865297630259,-0.00012300489938472622,0.0011834405085086783
P2,datum_transformer,oracle_target,replace,0.25,detection_auroc,5,0.7537994415193472,0.03113952120308499,0.7151346191201738,0.7924642639185205
P2,datum_transformer,oracle_target,replace,0.25,contaminated_utility_delta,5,-0.000598762372837572,0.0017530012552754261,-0.002775400920319075,0.001577876174643931
P2,datum_transformer,oracle_target,replace,0.25,detector_cleanup_delta,5,-0.001849679656965304,0.00234268805714753,-0.0047585110765473145,0.0010591517626167065
P2,datum_transformer,oracle_target,replace,0.25,decision_regret,5,0.0016406719668263872,0.0007991966520471247,0.0006483382564944919,0.0026330056771582825
P2,datum_transformer,oracle_target,replace,0.5,detection_auroc,5,0.7537994415193472,0.03113952120308499,0.7151346191201738,0.7924642639185205
P2,datum_transformer,oracle_target,replace,0.5,contaminated_utility_delta,5,-0.003365521308956168,0.0012878671094914583,-0.004964619533282457,-0.001766423084629879
P2,datum_transformer,oracle_target,replace,0.5,detector_cleanup_delta,5,-0.0028172797001759686,0.001787554151558751,-0.005036821335006145,-0.0005977380653457926
P2,datum_transformer,oracle_target,replace,0.5,decision_regret,5,0.0008088291158782601,0.000530803271260346,0.00014974980382550162,0.0014679084279310185
P2,datum_transformer,oracle_target,replace,0.75,detection_auroc,5,0.7537994415193472,0.03113952120308499,0.7151346191201738,0.7924642639185205
P2,datum_transformer,oracle_target,replace,0.75,contaminated_utility_delta,5,-0.007492540321696368,0.0032345946542885655,-0.01150882005270883,-0.0034762605906839055
P2,datum_transformer,oracle_target,replace,0.75,detector_cleanup_delta,5,-0.009712952048981214,0.0032805590974842236,-0.013786304174307207,-0.00563959992365522
P2,datum_transformer,oracle_target,replace,0.75,decision_regret,5,0.002842515608932153,0.0008080301948657665,0.0018392136065057587,0.0038458176113585468
P2,datum_transformer,oracle_target,replace,1.0,detection_auroc,5,0.7537994415193472,0.03113952120308499,0.7151346191201738,0.7924642639185205
P2,datum_transformer,oracle_target,replace,1.0,contaminated_utility_delta,5,-0.013768729461844414,0.004407428162331489,-0.0192412743356808,-0.00829618458800803
P2,datum_transformer,oracle_target,replace,1.0,detector_cleanup_delta,5,-0.022034127590957506,0.00678064046773116,-0.030453404744502817,-0.013614850437412193
P2,datum_transformer,oracle_target,replace,1.0,decision_regret,5,0.008769594937683227,0.0035885861343715126,0.0043137767301809045,0.01322541314518555
P2,datum_transformer,source_only,append,0.0,detection_auroc,5,0.7537994415193472,0.03113952120308499,0.7151346191201738,0.7924642639185205
P2,datum_transformer,source_only,append,0.0,contaminated_utility_delta,5,0.0019617881469842858,0.0024091826388047497,-0.0010296072007171145,0.004953183494685686
P2,datum_transformer,source_only,append,0.0,detector_cleanup_delta,5,0.0013802316054470284,0.0021982828397014475,-0.0013492970544793951,0.004109760265373452
P2,datum_transformer,source_only,append,0.0,decision_regret,5,0.00020080700205351597,0.0002256896220390561,-7.942367640059476e-05,0.0004810376805076267
P2,datum_transformer,source_only,append,0.050332383665717,detection_auroc,5,0.7537994415193472,0.03113952120308499,0.7151346191201738,0.7924642639185205
P2,datum_transformer,source_only,append,0.050332383665717,contaminated_utility_delta,5,0.0019122999887327401,0.0013044307801146392,0.0002926352509155421,0.003531964726549938
P2,datum_transformer,source_only,append,0.050332383665717,detector_cleanup_delta,5,0.001170853991995496,0.0016009138459735384,-0.0008169430947757724,0.0031586510787667645
P2,datum_transformer,source_only,append,0.050332383665717,decision_regret,5,0.00027693717331466004,0.00017048014411231053,6.525811596181467e-05,0.0004886162306675054
P2,datum_transformer,source_only,append,0.0999099909990999,detection_auroc,5,0.7537994415193472,0.03113952120308499,0.7151346191201738,0.7924642639185205
P2,datum_transformer,source_only,append,0.0999099909990999,contaminated_utility_delta,5,0.0013002660415272118,0.0016511025591480317,-0.0007498485635090003,0.003350380646563424
P2,datum_transformer,source_only,append,0.0999099909990999,detector_cleanup_delta,5,0.0006592352457469361,0.00222261708661336,-0.00210050837249341,0.003418978863987282
P2,datum_transformer,source_only,append,0.0999099909990999,decision_regret,5,0.0002672263579532805,0.00025571674956035483,-5.028792371350037e-05,0.0005847406396200614
P2,datum_transformer,source_only,append,0.2498124531132783,detection_auroc,5,0.7537994415193472,0.03113952120308499,0.7151346191201738,0.7924642639185205
P2,datum_transformer,source_only,append,0.2498124531132783,contaminated_utility_delta,5,0.001836580049280436,0.0017252059464555902,-0.0003055460639205211,0.003978706162481393
P2,datum_transformer,source_only,append,0.2498124531132783,detector_cleanup_delta,5,0.0011863578781471558,0.0022245521595136005,-0.0015757884504473193,0.003948504206741631
P2,datum_transformer,source_only,append,0.2498124531132783,decision_regret,5,0.0010593351940753,0.0007031315530171807,0.00018628205869276535,0.0019323883294578344
P2,datum_transformer,source_only,append,0.5,detection_auroc,5,0.7537994415193472,0.03113952120308499,0.7151346191201738,0.7924642639185205
P2,datum_transformer,source_only,append,0.5,contaminated_utility_delta,5,0.000718265293885156,0.0012837133459862758,-0.0008756753518396951,0.002312205939610007
P2,datum_transformer,source_only,append,0.5,detector_cleanup_delta,5,0.0009292801009213299,0.0010157680668575729,-0.00033196253822075235,0.002190522740063412
P2,datum_transformer,source_only,append,0.5,decision_regret,5,0.00047503022467156,0.0002792895802994036,0.0001282464077403513,0.0008218140416027687
P2,datum_transformer,source_only,append,0.75,detection_auroc,5,0.7537994415193472,0.03113952120308499,0.7151346191201738,0.7924642639185205
P2,datum_transformer,source_only,append,0.75,contaminated_utility_delta,5,-0.001956507105616452,0.002143111632122105,-0.004617531663354179,0.0007045174521212753
P2,datum_transformer,source_only,append,0.75,detector_cleanup_delta,5,-0.0004995031788127362,0.0027475760513558703,-0.003911069444108177,0.002912063086482704
P2,datum_transformer,source_only,append,0.75,decision_regret,5,0.000401021235897488,0.0005146731205799987,-0.0002380298487698811,0.0010400723205648572
P2,datum_transformer,source_only,replace,0.0,detection_auroc,5,0.7537994415193472,0.03113952120308499,0.7151346191201738,0.7924642639185205
P2,datum_transformer,source_only,replace,0.0,contaminated_utility_delta,5,0.0019617881469842858,0.0024091826388047497,-0.0010296072007171145,0.004953183494685686
P2,datum_transformer,source_only,replace,0.0,detector_cleanup_delta,5,0.0013802316054470284,0.0021982828397014475,-0.0013492970544793951,0.004109760265373452
P2,datum_transformer,source_only,replace,0.0,decision_regret,5,0.00020080700205351597,0.0002256896220390561,-7.942367640059476e-05,0.0004810376805076267
P2,datum_transformer,source_only,replace,0.05,detection_auroc,5,0.7537994415193472,0.03113952120308499,0.7151346191201738,0.7924642639185205
P2,datum_transformer,source_only,replace,0.05,contaminated_utility_delta,5,0.0011373823063842519,0.0011879025066384309,-0.00033759346948469566,0.0026123580822531994
P2,datum_transformer,source_only,replace,0.05,detector_cleanup_delta,5,0.0008727835756097982,0.0013026923448726817,-0.0007447226097542524,0.0024902897609738487
P2,datum_transformer,source_only,replace,0.05,decision_regret,5,0.00023289406686124,8.279524657790426e-05,0.00013009018996305285,0.00033569794375942714
P2,datum_transformer,source_only,replace,0.1,detection_auroc,5,0.7537994415193472,0.03113952120308499,0.7151346191201738,0.7924642639185205
P2,datum_transformer,source_only,replace,0.1,contaminated_utility_delta,5,-0.000314233413489752,0.0016267074069003019,-0.002334057436249258,0.0017055906092697539
P2,datum_transformer,source_only,replace,0.1,detector_cleanup_delta,5,-0.000788210793783848,0.00167449930677082,-0.002867376298018336,0.00129095471045064
P2,datum_transformer,source_only,replace,0.1,decision_regret,5,0.00037628190875838,0.00026225482453757327,5.0649534774830154e-05,0.0007019142827419298
P2,datum_transformer,source_only,replace,0.25,detection_auroc,5,0.7537994415193472,0.03113952120308499,0.7151346191201738,0.7924642639185205
P2,datum_transformer,source_only,replace,0.25,contaminated_utility_delta,5,-0.000598762372837572,0.0017530012552754261,-0.002775400920319075,0.001577876174643931
P2,datum_transformer,source_only,replace,0.25,detector_cleanup_delta,5,-0.0018299447562422724,0.002239908507798642,-0.004611158509646161,0.0009512689971616166
P2,datum_transformer,source_only,replace,0.25,decision_regret,5,0.001632763901677063,0.0008164376057615436,0.0006190227198232764,0.0026465050835308497
P2,datum_transformer,source_only,replace,0.5,detection_auroc,5,0.7537994415193472,0.03113952120308499,0.7151346191201738,0.7924642639185205
P2,datum_transformer,source_only,replace,0.5,contaminated_utility_delta,5,-0.003365521308956168,0.0012878671094914583,-0.004964619533282457,-0.001766423084629879
P2,datum_transformer,source_only,replace,0.5,detector_cleanup_delta,5,-0.002751183319323784,0.0017639684138612698,-0.004941439392783921,-0.0005609272458636477
P2,datum_transformer,source_only,replace,0.5,decision_regret,5,0.0007911101061015641,0.0005256806701500165,0.00013839134342466053,0.0014438288687784677
P2,datum_transformer,source_only,replace,0.75,detection_auroc,5,0.7537994415193472,0.03113952120308499,0.7151346191201738,0.7924642639185205
P2,datum_transformer,source_only,replace,0.75,contaminated_utility_delta,5,-0.007492540321696368,0.0032345946542885655,-0.01150882005270883,-0.0034762605906839055
P2,datum_transformer,source_only,replace,0.75,detector_cleanup_delta,5,-0.00970116291998526,0.0033887483099684763,-0.013908849695446967,-0.005493476144523552
P2,datum_transformer,source_only,replace,0.75,decision_regret,5,0.0028337014387075166,0.0008299107149912847,0.0018032311821792935,0.0038641716952357397
P2,datum_transformer,source_only,replace,1.0,detection_auroc,5,0.7537994415193472,0.03113952120308499,0.7151346191201738,0.7924642639185205
P2,datum_transformer,source_only,replace,1.0,contaminated_utility_delta,5,-0.013768729461844414,0.004407428162331489,-0.0192412743356808,-0.00829618458800803
P2,datum_transformer,source_only,replace,1.0,detector_cleanup_delta,5,-0.02176208753447332,0.006861327163977358,-0.03028155045388154,-0.0132426246150651
P2,datum_transformer,source_only,replace,1.0,decision_regret,5,0.008497554881199038,0.0036250110318918165,0.003996509189807493,0.012998600572590583
P2,datum_transformer,target_real_anchor,append,0.0,detection_auroc,5,0.7537994415193472,0.03113952120308499,0.7151346191201738,0.7924642639185205
P2,datum_transformer,target_real_anchor,append,0.0,contaminated_utility_delta,5,0.0019617881469842858,0.0024091826388047497,-0.0010296072007171145,0.004953183494685686
P2,datum_transformer,target_real_anchor,append,0.0,detector_cleanup_delta,5,0.0013421344699826362,0.002337826554665281,-0.0015606605969899876,0.0042449295369552595
P2,datum_transformer,target_real_anchor,append,0.0,decision_regret,5,0.00020788658557820133,0.00021572782260673455,-5.997488516346907e-05,0.00047574805631987174
P2,datum_transformer,target_real_anchor,append,0.050332383665717,detection_auroc,5,0.7537994415193472,0.03113952120308499,0.7151346191201738,0.7924642639185205
P2,datum_transformer,target_real_anchor,append,0.050332383665717,contaminated_utility_delta,5,0.0019122999887327401,0.0013044307801146392,0.0002926352509155421,0.003531964726549938
P2,datum_transformer,target_real_anchor,append,0.050332383665717,detector_cleanup_delta,5,0.0010908065283624041,0.00135982871883111,-0.0005976438355337341,0.002779256892258542
P2,datum_transformer,target_real_anchor,append,0.050332383665717,decision_regret,5,0.000310718616959032,0.00020341933914541917,5.814014700376342e-05,0.0005632970869143006
P2,datum_transformer,target_real_anchor,append,0.0999099909990999,detection_auroc,5,0.7537994415193472,0.03113952120308499,0.7151346191201738,0.7924642639185205
P2,datum_transformer,target_real_anchor,append,0.0999099909990999,contaminated_utility_delta,5,0.0013002660415272118,0.0016511025591480317,-0.0007498485635090003,0.003350380646563424
P2,datum_transformer,target_real_anchor,append,0.0999099909990999,detector_cleanup_delta,5,0.000632104430260116,0.0020680971735988147,-0.001935777374984492,0.0031999862355047244
P2,datum_transformer,target_real_anchor,append,0.0999099909990999,decision_regret,5,0.000275887885389204,0.0002658208354024371,-5.417227590245074e-05,0.0006059480466808588
P2,datum_transformer,target_real_anchor,append,0.2498124531132783,detection_auroc,5,0.7537994415193472,0.03113952120308499,0.7151346191201738,0.7924642639185205
P2,datum_transformer,target_real_anchor,append,0.2498124531132783,contaminated_utility_delta,5,0.001836580049280436,0.0017252059464555902,-0.0003055460639205211,0.003978706162481393
P2,datum_transformer,target_real_anchor,append,0.2498124531132783,detector_cleanup_delta,5,0.0013025713254687641,0.002263858814255427,-0.0015083806612084618,0.0041135233121459905
P2,datum_transformer,target_real_anchor,append,0.2498124531132783,decision_regret,5,0.0009978610994959521,0.000680820951222671,0.00015251023513992057,0.0018432119638519837
P2,datum_transformer,target_real_anchor,append,0.5,detection_auroc,5,0.7537994415193472,0.03113952120308499,0.7151346191201738,0.7924642639185205
P2,datum_transformer,target_real_anchor,append,0.5,contaminated_utility_delta,5,0.000718265293885156,0.0012837133459862758,-0.0008756753518396951,0.002312205939610007
P2,datum_transformer,target_real_anchor,append,0.5,detector_cleanup_delta,5,0.001044061933111203,0.0009883252537800959,-0.00018310595302314069,0.002271229819245547
P2,datum_transformer,target_real_anchor,append,0.5,decision_regret,5,0.00042882269340271793,0.0002902011623250592,6.849035790680542e-05,0.0007891550288986304
P2,datum_transformer,target_real_anchor,append,0.75,detection_auroc,5,0.7537994415193472,0.03113952120308499,0.7151346191201738,0.7924642639185205
P2,datum_transformer,target_real_anchor,append,0.75,contaminated_utility_delta,5,-0.001956507105616452,0.002143111632122105,-0.004617531663354179,0.0007045174521212753
P2,datum_transformer,target_real_anchor,append,0.75,detector_cleanup_delta,5,-0.000359535621283393,0.002612971171021765,-0.0036039678526854487,0.0028848966101186627
P2,datum_transformer,target_real_anchor,append,0.75,decision_regret,5,0.000369706246969644,0.0004880606399243415,-0.00023630107856470147,0.0009757135725039894
P2,datum_transformer,target_real_anchor,replace,0.0,detection_auroc,5,0.7537994415193472,0.03113952120308499,0.7151346191201738,0.7924642639185205
P2,datum_transformer,target_real_anchor,replace,0.0,contaminated_utility_delta,5,0.0019617881469842858,0.0024091826388047497,-0.0010296072007171145,0.004953183494685686
P2,datum_transformer,target_real_anchor,replace,0.0,detector_cleanup_delta,5,0.0013421344699826362,0.002337826554665281,-0.0015606605969899876,0.0042449295369552595
P2,datum_transformer,target_real_anchor,replace,0.0,decision_regret,5,0.00020788658557820133,0.00021572782260673455,-5.997488516346907e-05,0.00047574805631987174
P2,datum_transformer,target_real_anchor,replace,0.05,detection_auroc,5,0.7537994415193472,0.03113952120308499,0.7151346191201738,0.7924642639185205
P2,datum_transformer,target_real_anchor,replace,0.05,contaminated_utility_delta,5,0.0011373823063842519,0.0011879025066384309,-0.00033759346948469566,0.0026123580822531994
P2,datum_transformer,target_real_anchor,replace,0.05,detector_cleanup_delta,5,0.0010556722025304084,0.0014252064102256384,-0.0007139552870559919,0.0028252996921168086
P2,datum_transformer,target_real_anchor,replace,0.05,decision_regret,5,0.00037086275700390684,0.00017055259041210945,0.00015909374568879805,0.0005826317683190156
P2,datum_transformer,target_real_anchor,replace,0.1,detection_auroc,5,0.7537994415193472,0.03113952120308499,0.7151346191201738,0.7924642639185205
P2,datum_transformer,target_real_anchor,replace,0.1,contaminated_utility_delta,5,-0.000314233413489752,0.0016267074069003019,-0.002334057436249258,0.0017055906092697539
P2,datum_transformer,target_real_anchor,replace,0.1,detector_cleanup_delta,5,-0.0007779815176664239,0.0016432173268685778,-0.0028183053136637635,0.0012623422783309159
P2,datum_transformer,target_real_anchor,replace,0.1,decision_regret,5,0.00040600120715762397,0.00028985294843483973,4.6101236312871396e-05,0.0007659011780023765
P2,datum_transformer,target_real_anchor,replace,0.25,detection_auroc,5,0.7537994415193472,0.03113952120308499,0.7151346191201738,0.7924642639185205
P2,datum_transformer,target_real_anchor,replace,0.25,contaminated_utility_delta,5,-0.000598762372837572,0.0017530012552754261,-0.002775400920319075,0.001577876174643931
P2,datum_transformer,target_real_anchor,replace,0.25,detector_cleanup_delta,5,-0.0016535062284050175,0.0020848060758351813,-0.004242134876006028,0.0009351224191959935
P2,datum_transformer,target_real_anchor,replace,0.25,decision_regret,5,0.001527461628522108,0.0007655609768629213,0.0005768921251217137,0.0024780311319225023
P2,datum_transformer,target_real_anchor,replace,0.5,detection_auroc,5,0.7537994415193472,0.03113952120308499,0.7151346191201738,0.7924642639185205
P2,datum_transformer,target_real_anchor,replace,0.5,contaminated_utility_delta,5,-0.003365521308956168,0.0012878671094914583,-0.004964619533282457,-0.001766423084629879
P2,datum_transformer,target_real_anchor,replace,0.5,detector_cleanup_delta,5,-0.002815937985041212,0.001652904439244957,-0.004868289919722856,-0.0007635860503595682
P2,datum_transformer,target_real_anchor,replace,0.5,decision_regret,5,0.000840548379332552,0.0005010429331729696,0.00021842140765726114,0.0014626753510078429
P2,datum_transformer,target_real_anchor,replace,0.75,detection_auroc,5,0.7537994415193472,0.03113952120308499,0.7151346191201738,0.7924642639185205
P2,datum_transformer,target_real_anchor,replace,0.75,contaminated_utility_delta,5,-0.007492540321696368,0.0032345946542885655,-0.01150882005270883,-0.0034762605906839055
P2,datum_transformer,target_real_anchor,replace,0.75,detector_cleanup_delta,5,-0.009657241093590962,0.003296054253051932,-0.013749832995731945,-0.005564649191449979
P2,datum_transformer,target_real_anchor,replace,0.75,decision_regret,5,0.002806252726090129,0.0007081553828954864,0.001926961682014602,0.003685543770165656
P2,datum_transformer,target_real_anchor,replace,1.0,detection_auroc,5,0.7537994415193472,0.03113952120308499,0.7151346191201738,0.7924642639185205
P2,datum_transformer,target_real_anchor,replace,1.0,contaminated_utility_delta,5,-0.013768729461844414,0.004407428162331489,-0.0192412743356808,-0.00829618458800803
P2,datum_transformer,target_real_anchor,replace,1.0,detector_cleanup_delta,5,-0.021760466362251565,0.006718198739473014,-0.030102211869833116,-0.013418720854670014
P2,datum_transformer,target_real_anchor,replace,1.0,decision_regret,5,0.008563599479638011,0.0037615481472283215,0.003893020567714533,0.01323417839156149
P2,flat_transformer,oracle_target,append,0.0,detection_auroc,5,0.7062376361415857,0.006080870315726372,0.6986872383928023,0.7137880338903692
P2,flat_transformer,oracle_target,append,0.0,contaminated_utility_delta,5,0.0019617881469842858,0.0024091826388047497,-0.0010296072007171145,0.004953183494685686
P2,flat_transformer,oracle_target,append,0.0,detector_cleanup_delta,5,0.0013190263243196441,0.0024511675386466956,-0.0017245001619836916,0.00436255281062298
P2,flat_transformer,oracle_target,append,0.0,decision_regret,5,0.00011697194144205901,6.493878291206722e-05,3.6339792612975354e-05,0.00019760409027114265
P2,flat_transformer,oracle_target,append,0.050332383665717,detection_auroc,5,0.7062376361415857,0.006080870315726372,0.6986872383928023,0.7137880338903692
P2,flat_transformer,oracle_target,append,0.050332383665717,contaminated_utility_delta,5,0.0019122999887327401,0.0013044307801146392,0.0002926352509155421,0.003531964726549938
P2,flat_transformer,oracle_target,append,0.050332383665717,detector_cleanup_delta,5,0.001458303420385104,0.001973662984857049,-0.0009923228524992742,0.003908929693269482
P2,flat_transformer,oracle_target,append,0.050332383665717,decision_regret,5,0.00033331201367816824,0.0003633833656471368,-0.000117888028991996,0.0007845120563483325
P2,flat_transformer,oracle_target,append,0.0999099909990999,detection_auroc,5,0.7062376361415857,0.006080870315726372,0.6986872383928023,0.7137880338903692
P2,flat_transformer,oracle_target,append,0.0999099909990999,contaminated_utility_delta,5,0.0013002660415272118,0.0016511025591480317,-0.0007498485635090003,0.003350380646563424
P2,flat_transformer,oracle_target,append,0.0999099909990999,detector_cleanup_delta,5,0.0007453528929947534,0.0022255803512825426,-0.0020180701043024662,0.0035087758902919725
P2,flat_transformer,oracle_target,append,0.0999099909990999,decision_regret,5,0.0006243899203350991,0.0002940008843234689,0.0002593396068305784,0.0009894402338396198
P2,flat_transformer,oracle_target,append,0.2498124531132783,detection_auroc,5,0.7062376361415857,0.006080870315726372,0.6986872383928023,0.7137880338903692
P2,flat_transformer,oracle_target,append,0.2498124531132783,contaminated_utility_delta,5,0.001836580049280436,0.0017252059464555902,-0.0003055460639205211,0.003978706162481393
P2,flat_transformer,oracle_target,append,0.2498124531132783,detector_cleanup_delta,5,0.001267586633860984,0.0026567703088191336,-0.0020312294100964306,0.004566402677818398
P2,flat_transformer,oracle_target,append,0.2498124531132783,decision_regret,5,0.000933713414291976,0.0009152816941466316,-0.00020275891354484517,0.002070185742128797
P2,flat_transformer,oracle_target,append,0.5,detection_auroc,5,0.7062376361415857,0.006080870315726372,0.6986872383928023,0.7137880338903692
P2,flat_transformer,oracle_target,append,0.5,contaminated_utility_delta,5,0.000718265293885156,0.0012837133459862758,-0.0008756753518396951,0.002312205939610007
P2,flat_transformer,oracle_target,append,0.5,detector_cleanup_delta,5,0.001565743281183336,0.0012253736945691256,4.4240880290917495e-05,0.0030872456820757546
P2,flat_transformer,oracle_target,append,0.5,decision_regret,5,0.000229128290565009,0.0001591337535696667,3.153763785852413e-05,0.0004267189432714939
P2,flat_transformer,oracle_target,append,0.75,detection_auroc,5,0.7062376361415857,0.006080870315726372,0.6986872383928023,0.7137880338903692
P2,flat_transformer,oracle_target,append,0.75,contaminated_utility_delta,5,-0.001956507105616452,0.002143111632122105,-0.004617531663354179,0.0007045174521212753
P2,flat_transformer,oracle_target,append,0.75,detector_cleanup_delta,5,-0.000803434390633364,0.0030801619759372395,-0.004627960624790803,0.0030210918435240753
P2,flat_transformer,oracle_target,append,0.75,decision_regret,5,0.0004942134503945197,0.0006273288184021771,-0.00028471815845117047,0.0012731450592402098
P2,flat_transformer,oracle_target,replace,0.0,detection_auroc,5,0.7062376361415857,0.006080870315726372,0.6986872383928023,0.7137880338903692
P2,flat_transformer,oracle_target,replace,0.0,contaminated_utility_delta,5,0.0019617881469842858,0.0024091826388047497,-0.0010296072007171145,0.004953183494685686
P2,flat_transformer,oracle_target,replace,0.0,detector_cleanup_delta,5,0.0013190263243196441,0.0024511675386466956,-0.0017245001619836916,0.00436255281062298
P2,flat_transformer,oracle_target,replace,0.0,decision_regret,5,0.00011697194144205901,6.493878291206722e-05,3.6339792612975354e-05,0.00019760409027114265
P2,flat_transformer,oracle_target,replace,0.05,detection_auroc,5,0.7062376361415857,0.006080870315726372,0.6986872383928023,0.7137880338903692
P2,flat_transformer,oracle_target,replace,0.05,contaminated_utility_delta,5,0.0011373823063842519,0.0011879025066384309,-0.00033759346948469566,0.0026123580822531994
P2,flat_transformer,oracle_target,replace,0.05,detector_cleanup_delta,5,0.0008850904950778261,0.0015976476364549757,-0.0010986510569236528,0.0028688320470793053
P2,flat_transformer,oracle_target,replace,0.05,decision_regret,5,0.000341257593078164,0.0003924549098367329,-0.00014603953938441158,0.0008285547255407395
P2,flat_transformer,oracle_target,replace,0.1,detection_auroc,5,0.7062376361415857,0.006080870315726372,0.6986872383928023,0.7137880338903692
P2,flat_transformer,oracle_target,replace,0.1,contaminated_utility_delta,5,-0.000314233413489752,0.0016267074069003019,-0.002334057436249258,0.0017055906092697539
P2,flat_transformer,oracle_target,replace,0.1,detector_cleanup_delta,5,-0.000685652364263836,0.0019190170458578877,-0.003068426742044917,0.0016971220135172445
P2,flat_transformer,oracle_target,replace,0.1,decision_regret,5,0.0004969459388514938,0.0005877377489356185,-0.00023282686438718628,0.001226718742090174
P2,flat_transformer,oracle_target,replace,0.25,detection_auroc,5,0.7062376361415857,0.006080870315726372,0.6986872383928023,0.7137880338903692
P2,flat_transformer,oracle_target,replace,0.25,contaminated_utility_delta,5,-0.000598762372837572,0.0017530012552754261,-0.002775400920319075,0.001577876174643931
P2,flat_transformer,oracle_target,replace,0.25,detector_cleanup_delta,5,-0.0012377543870290438,0.0018954833836404502,-0.0035913078636888446,0.0011157990896307572
P2,flat_transformer,oracle_target,replace,0.25,decision_regret,5,0.0010118699469798963,0.0002555980877509081,0.0006945030034098672,0.0013292368905499254
P2,flat_transformer,oracle_target,replace,0.5,detection_auroc,5,0.7062376361415857,0.006080870315726372,0.6986872383928023,0.7137880338903692
P2,flat_transformer,oracle_target,replace,0.5,contaminated_utility_delta,5,-0.003365521308956168,0.0012878671094914583,-0.004964619533282457,-0.001766423084629879
P2,flat_transformer,oracle_target,replace,0.5,detector_cleanup_delta,5,-0.0027060285170784084,0.0015897217961910648,-0.004679928838568675,-0.0007321281955881415
P2,flat_transformer,oracle_target,replace,0.5,decision_regret,5,0.000942683961758144,0.0006671916535410115,0.0001142561056542311,0.0017711118178620569
P2,flat_transformer,oracle_target,replace,0.75,detection_auroc,5,0.7062376361415857,0.006080870315726372,0.6986872383928023,0.7137880338903692
P2,flat_transformer,oracle_target,replace,0.75,contaminated_utility_delta,5,-0.007492540321696368,0.0032345946542885655,-0.01150882005270883,-0.0034762605906839055
P2,flat_transformer,oracle_target,replace,0.75,detector_cleanup_delta,5,-0.008752614578113046,0.0034631418562927315,-0.013052673141744284,-0.004452556014481808
P2,flat_transformer,oracle_target,replace,0.75,decision_regret,5,0.001881559305138523,0.0004416638592128849,0.0013331611918461482,0.002429957418430898
P2,flat_transformer,oracle_target,replace,1.0,detection_auroc,5,0.7062376361415857,0.006080870315726372,0.6986872383928023,0.7137880338903692
P2,flat_transformer,oracle_target,replace,1.0,contaminated_utility_delta,5,-0.013768729461844414,0.004407428162331489,-0.0192412743356808,-0.00829618458800803
P2,flat_transformer,oracle_target,replace,1.0,detector_cleanup_delta,5,-0.02017713281579293,0.006984113650017034,-0.028849055294382565,-0.011505210337203295
P2,flat_transformer,oracle_target,replace,1.0,decision_regret,5,0.006749364217771228,0.003028223471818391,0.0029893281542987217,0.010509400281243735
P2,flat_transformer,source_only,append,0.0,detection_auroc,5,0.7062376361415857,0.006080870315726372,0.6986872383928023,0.7137880338903692
P2,flat_transformer,source_only,append,0.0,contaminated_utility_delta,5,0.0019617881469842858,0.0024091826388047497,-0.0010296072007171145,0.004953183494685686
P2,flat_transformer,source_only,append,0.0,detector_cleanup_delta,5,0.0013085150966973761,0.0024653000620111242,-0.001752559235071344,0.004369589428466096
P2,flat_transformer,source_only,append,0.0,decision_regret,5,0.00011798789752911721,7.269826756503945e-05,2.7721075961823313e-05,0.0002082547190964111
P2,flat_transformer,source_only,append,0.050332383665717,detection_auroc,5,0.7062376361415857,0.006080870315726372,0.6986872383928023,0.7137880338903692
P2,flat_transformer,source_only,append,0.050332383665717,contaminated_utility_delta,5,0.0019122999887327401,0.0013044307801146392,0.0002926352509155421,0.003531964726549938
P2,flat_transformer,source_only,append,0.050332383665717,detector_cleanup_delta,5,0.0014084341186872719,0.0019252313445400245,-0.000982056330041503,0.003798924567416047
P2,flat_transformer,source_only,append,0.050332383665717,decision_regret,5,0.000328419809335704,0.00036380630848909353,-0.0001233053862346159,0.0007801450049060239
P2,flat_transformer,source_only,append,0.0999099909990999,detection_auroc,5,0.7062376361415857,0.006080870315726372,0.6986872383928023,0.7137880338903692
P2,flat_transformer,source_only,append,0.0999099909990999,contaminated_utility_delta,5,0.0013002660415272118,0.0016511025591480317,-0.0007498485635090003,0.003350380646563424
P2,flat_transformer,source_only,append,0.0999099909990999,detector_cleanup_delta,5,0.0007442793195161534,0.002225700519256714,-0.002019292886028332,0.0035078515250606384
P2,flat_transformer,source_only,append,0.0999099909990999,decision_regret,5,0.0002579213798532791,0.00015959410267987108,5.975912823004829e-05,0.0004560836314765099
P2,flat_transformer,source_only,append,0.2498124531132783,detection_auroc,5,0.7062376361415857,0.006080870315726372,0.6986872383928023,0.7137880338903692
P2,flat_transformer,source_only,append,0.2498124531132783,contaminated_utility_delta,5,0.001836580049280436,0.0017252059464555902,-0.0003055460639205211,0.003978706162481393
P2,flat_transformer,source_only,append,0.2498124531132783,detector_cleanup_delta,5,0.001262128834247464,0.002647481194945638,-0.002025153251438016,0.004549410919932944
P2,flat_transformer,source_only,append,0.2498124531132783,decision_regret,5,0.0009374947977091768,0.0009035681113816307,-0.00018443319611836278,0.0020594227915367164
P2,flat_transformer,source_only,append,0.5,detection_auroc,5,0.7062376361415857,0.006080870315726372,0.6986872383928023,0.7137880338903692
P2,flat_transformer,source_only,append,0.5,contaminated_utility_delta,5,0.000718265293885156,0.0012837133459862758,-0.0008756753518396951,0.002312205939610007
P2,flat_transformer,source_only,append,0.5,detector_cleanup_delta,5,0.0015741145427009082,0.0011576786123589323,0.0001366666882443308,0.0030115623971574855
P2,flat_transformer,source_only,append,0.5,decision_regret,5,0.00022296197622805703,0.00019489641888405883,-1.9033890479119023e-05,0.0004649578429352331
P2,flat_transformer,source_only,append,0.75,detection_auroc,5,0.7062376361415857,0.006080870315726372,0.6986872383928023,0.7137880338903692
P2,flat_transformer,source_only,append,0.75,contaminated_utility_delta,5,-0.001956507105616452,0.002143111632122105,-0.004617531663354179,0.0007045174521212753
P2,flat_transformer,source_only,append,0.75,detector_cleanup_delta,5,-0.0008401210672723521,0.0030831585701316822,-0.004668368064558257,0.0029881259300135535
P2,flat_transformer,source_only,append,0.75,decision_regret,5,0.000519099730571638,0.0006569504575148368,-0.0002966120011280263,0.0013348114622713024
P2,flat_transformer,source_only,replace,0.0,detection_auroc,5,0.7062376361415857,0.006080870315726372,0.6986872383928023,0.7137880338903692
P2,flat_transformer,source_only,replace,0.0,contaminated_utility_delta,5,0.0019617881469842858,0.0024091826388047497,-0.0010296072007171145,0.004953183494685686
P2,flat_transformer,source_only,replace,0.0,detector_cleanup_delta,5,0.0013085150966973761,0.0024653000620111242,-0.001752559235071344,0.004369589428466096
P2,flat_transformer,source_only,replace,0.0,decision_regret,5,0.00011798789752911721,7.269826756503945e-05,2.7721075961823313e-05,0.0002082547190964111
P2,flat_transformer,source_only,replace,0.05,detection_auroc,5,0.7062376361415857,0.006080870315726372,0.6986872383928023,0.7137880338903692
P2,flat_transformer,source_only,replace,0.05,contaminated_utility_delta,5,0.0011373823063842519,0.0011879025066384309,-0.00033759346948469566,0.0026123580822531994
P2,flat_transformer,source_only,replace,0.05,detector_cleanup_delta,5,0.0008823945688889222,0.0015948876158260214,-0.0010979199648632843,0.002862709102641129
P2,flat_transformer,source_only,replace,0.05,decision_regret,5,0.00034128746498581197,0.00038602732046051505,-0.00013802876115307693,0.0008206036911247009
P2,flat_transformer,source_only,replace,0.1,detection_auroc,5,0.7062376361415857,0.006080870315726372,0.6986872383928023,0.7137880338903692
P2,flat_transformer,source_only,replace,0.1,contaminated_utility_delta,5,-0.000314233413489752,0.0016267074069003019,-0.002334057436249258,0.0017055906092697539
P2,flat_transformer,source_only,replace,0.1,detector_cleanup_delta,5,-0.000689113649943024,0.0018986885768792683,-0.003046646899654751,0.0016684195997687032
P2,flat_transformer,source_only,replace,0.1,decision_regret,5,0.00042182073666534,0.0003473072247927906,-9.418140675929805e-06,0.0008530596140066099
P2,flat_transformer,source_only,replace,0.25,detection_auroc,5,0.7062376361415857,0.006080870315726372,0.6986872383928023,0.7137880338903692
P2,flat_transformer,source_only,replace,0.25,contaminated_utility_delta,5,-0.000598762372837572,0.0017530012552754261,-0.002775400920319075,0.001577876174643931
P2,flat_transformer,source_only,replace,0.25,detector_cleanup_delta,5,-0.0012603091760069799,0.0019306774169145667,-0.003657561816734836,0.0011369434647208766
P2,flat_transformer,source_only,replace,0.25,decision_regret,5,0.001032318894859392,0.00028030456360913115,0.0006842748096937169,0.0013803629800250672
P2,flat_transformer,source_only,replace,0.5,detection_auroc,5,0.7062376361415857,0.006080870315726372,0.6986872383928023,0.7137880338903692
P2,flat_transformer,source_only,replace,0.5,contaminated_utility_delta,5,-0.003365521308956168,0.0012878671094914583,-0.004964619533282457,-0.001766423084629879
P2,flat_transformer,source_only,replace,0.5,detector_cleanup_delta,5,-0.0027395133828756885,0.0016099308882550878,-0.0047385066064182385,-0.0007405201593331384
P2,flat_transformer,source_only,replace,0.5,decision_regret,5,0.00093587050807976,0.0006564001518728614,0.00012084207108374492,0.001750898945075775
P2,flat_transformer,source_only,replace,0.75,detection_auroc,5,0.7062376361415857,0.006080870315726372,0.6986872383928023,0.7137880338903692
P2,flat_transformer,source_only,replace,0.75,contaminated_utility_delta,5,-0.007492540321696368,0.0032345946542885655,-0.01150882005270883,-0.0034762605906839055
P2,flat_transformer,source_only,replace,0.75,detector_cleanup_delta,5,-0.008766814918314192,0.0034838955720092285,-0.013092642623579561,-0.004440987213048823
P2,flat_transformer,source_only,replace,0.75,decision_regret,5,0.0018926048854606549,0.00043103116491579284,0.0013574090058808856,0.002427800765040424
P2,flat_transformer,source_only,replace,1.0,detection_auroc,5,0.7062376361415857,0.006080870315726372,0.6986872383928023,0.7137880338903692
P2,flat_transformer,source_only,replace,1.0,contaminated_utility_delta,5,-0.013768729461844414,0.004407428162331489,-0.0192412743356808,-0.00829618458800803
P2,flat_transformer,source_only,replace,1.0,detector_cleanup_delta,5,-0.020290132775246217,0.007040776993676661,-0.02903241208767586,-0.011547853462816575
P2,flat_transformer,source_only,replace,1.0,decision_regret,5,0.006847066129044456,0.0031508695649866843,0.002934744827164535,0.010759387430924378
P2,flat_transformer,target_real_anchor,append,0.0,detection_auroc,5,0.7062376361415857,0.006080870315726372,0.6986872383928023,0.7137880338903692
P2,flat_transformer,target_real_anchor,append,0.0,contaminated_utility_delta,5,0.0019617881469842858,0.0024091826388047497,-0.0010296072007171145,0.004953183494685686
P2,flat_transformer,target_real_anchor,append,0.0,detector_cleanup_delta,5,0.001393926152790824,0.0023365200703649993,-0.0015072466996619216,0.00429509900524357
P2,flat_transformer,target_real_anchor,append,0.0,decision_regret,5,0.00016331404282426347,0.00013886981513259037,-9.115607063086293e-06,0.0003357436927116132
P2,flat_transformer,target_real_anchor,append,0.050332383665717,detection_auroc,5,0.7062376361415857,0.006080870315726372,0.6986872383928023,0.7137880338903692
P2,flat_transformer,target_real_anchor,append,0.050332383665717,contaminated_utility_delta,5,0.0019122999887327401,0.0013044307801146392,0.0002926352509155421,0.003531964726549938
P2,flat_transformer,target_real_anchor,append,0.050332383665717,detector_cleanup_delta,5,0.001410125145045064,0.001969101575637093,-0.0010348373902298205,0.0038550876803199485
P2,flat_transformer,target_real_anchor,append,0.050332383665717,decision_regret,5,0.00030616260350349556,0.0003016016024122271,-6.832524801233234e-05,0.0006806504550193235
P2,flat_transformer,target_real_anchor,append,0.0999099909990999,detection_auroc,5,0.7062376361415857,0.006080870315726372,0.6986872383928023,0.7137880338903692
P2,flat_transformer,target_real_anchor,append,0.0999099909990999,contaminated_utility_delta,5,0.0013002660415272118,0.0016511025591480317,-0.0007498485635090003,0.003350380646563424
P2,flat_transformer,target_real_anchor,append,0.0999099909990999,detector_cleanup_delta,5,0.0007117129993903055,0.0022116186912838056,-0.002034374307331321,0.003457800306111932
P2,flat_transformer,target_real_anchor,append,0.0999099909990999,decision_regret,5,0.00021265957935816796,0.00014697640431207844,3.0164269538419692e-05,0.00039515488917791624
P2,flat_transformer,target_real_anchor,append,0.2498124531132783,detection_auroc,5,0.7062376361415857,0.006080870315726372,0.6986872383928023,0.7137880338903692
P2,flat_transformer,target_real_anchor,append,0.2498124531132783,contaminated_utility_delta,5,0.001836580049280436,0.0017252059464555902,-0.0003055460639205211,0.003978706162481393
P2,flat_transformer,target_real_anchor,append,0.2498124531132783,detector_cleanup_delta,5,0.0012858796924422001,0.00268683532976579,-0.00205026700562992,0.00462202639051432
P2,flat_transformer,target_real_anchor,append,0.2498124531132783,decision_regret,5,0.0009428032218878243,0.0009109255372327161,-0.0001882602227384619,0.0020738666665141106
P2,flat_transformer,target_real_anchor,append,0.5,detection_auroc,5,0.7062376361415857,0.006080870315726372,0.6986872383928023,0.7137880338903692
P2,flat_transformer,target_real_anchor,append,0.5,contaminated_utility_delta,5,0.000718265293885156,0.0012837133459862758,-0.0008756753518396951,0.002312205939610007
P2,flat_transformer,target_real_anchor,append,0.5,detector_cleanup_delta,5,0.0016325869003259038,0.001110042230031535,0.0002542874268099257,0.003010886373841882
P2,flat_transformer,target_real_anchor,append,0.5,decision_regret,5,0.000231225515158617,0.00017865825771931735,9.391988566730922e-06,0.000453059041750503
P2,flat_transformer,target_real_anchor,append,0.75,detection_auroc,5,0.7062376361415857,0.006080870315726372,0.6986872383928023,0.7137880338903692
P2,flat_transformer,target_real_anchor,append,0.75,contaminated_utility_delta,5,-0.001956507105616452,0.002143111632122105,-0.004617531663354179,0.0007045174521212753
P2,flat_transformer,target_real_anchor,append,0.75,detector_cleanup_delta,5,-0.0006692246777052137,0.002909179598217528,-0.004281448249120809,0.0029429988937103822
P2,flat_transformer,target_real_anchor,append,0.75,decision_regret,5,0.00042044397737724777,0.0005871595464155658,-0.0003086108926086122,0.0011494988473631077
P2,flat_transformer,target_real_anchor,replace,0.0,detection_auroc,5,0.7062376361415857,0.006080870315726372,0.6986872383928023,0.7137880338903692
P2,flat_transformer,target_real_anchor,replace,0.0,contaminated_utility_delta,5,0.0019617881469842858,0.0024091826388047497,-0.0010296072007171145,0.004953183494685686
P2,flat_transformer,target_real_anchor,replace,0.0,detector_cleanup_delta,5,0.001393926152790824,0.0023365200703649993,-0.0015072466996619216,0.00429509900524357
P2,flat_transformer,target_real_anchor,replace,0.0,decision_regret,5,0.00016331404282426347,0.00013886981513259037,-9.115607063086293e-06,0.0003357436927116132
P2,flat_transformer,target_real_anchor,replace,0.05,detection_auroc,5,0.7062376361415857,0.006080870315726372,0.6986872383928023,0.7137880338903692
P2,flat_transformer,target_real_anchor,replace,0.05,contaminated_utility_delta,5,0.0011373823063842519,0.0011879025066384309,-0.00033759346948469566,0.0026123580822531994
P2,flat_transformer,target_real_anchor,replace,0.05,detector_cleanup_delta,5,0.0009066125361546912,0.0015576115401572483,-0.0010274176364452805,0.0028406427087546626
P2,flat_transformer,target_real_anchor,replace,0.05,decision_regret,5,0.00030741667465536003,0.00032813678565370066,-0.00010001895857714545,0.0007148523078878656
P2,flat_transformer,target_real_anchor,replace,0.1,detection_auroc,5,0.7062376361415857,0.006080870315726372,0.6986872383928023,0.7137880338903692
P2,flat_transformer,target_real_anchor,replace,0.1,contaminated_utility_delta,5,-0.000314233413489752,0.0016267074069003019,-0.002334057436249258,0.0017055906092697539
P2,flat_transformer,target_real_anchor,replace,0.1,detector_cleanup_delta,5,-0.000622925220619172,0.0018385263875635807,-0.0029057572458044906,0.0016599068045661464
P2,flat_transformer,target_real_anchor,replace,0.1,decision_regret,5,0.00038509218332468407,0.0002953465187172543,1.83710440386552e-05,0.0007518133226107129
P2,flat_transformer,target_real_anchor,replace,0.25,detection_auroc,5,0.7062376361415857,0.006080870315726372,0.6986872383928023,0.7137880338903692
P2,flat_transformer,target_real_anchor,replace,0.25,contaminated_utility_delta,5,-0.000598762372837572,0.0017530012552754261,-0.002775400920319075,0.001577876174643931
P2,flat_transformer,target_real_anchor,replace,0.25,detector_cleanup_delta,5,-0.001227149787111592,0.0019382467724535985,-0.0036338010241018684,0.0011795014498786846
P2,flat_transformer,target_real_anchor,replace,0.25,decision_regret,5,0.0010104120687067359,0.0002774954907974225,0.0006658559081196924,0.0013549682292937793
P2,flat_transformer,target_real_anchor,replace,0.5,detection_auroc,5,0.7062376361415857,0.006080870315726372,0.6986872383928023,0.7137880338903692
P2,flat_transformer,target_real_anchor,replace,0.5,contaminated_utility_delta,5,-0.003365521308956168,0.0012878671094914583,-0.004964619533282457,-0.001766423084629879
P2,flat_transformer,target_real_anchor,replace,0.5,detector_cleanup_delta,5,-0.002654081883639052,0.0015666765639629162,-0.0045993677699413815,-0.0007087959973367225
P2,flat_transformer,target_real_anchor,replace,0.5,decision_regret,5,0.0009071955778213198,0.0005704098598754885,0.00019893819059347184,0.0016154529650491678
P2,flat_transformer,target_real_anchor,replace,0.75,detection_auroc,5,0.7062376361415857,0.006080870315726372,0.6986872383928023,0.7137880338903692
P2,flat_transformer,target_real_anchor,replace,0.75,contaminated_utility_delta,5,-0.007492540321696368,0.0032345946542885655,-0.01150882005270883,-0.0034762605906839055
P2,flat_transformer,target_real_anchor,replace,0.75,detector_cleanup_delta,5,-0.00866214203794532,0.0034224777192440638,-0.012911709406585203,-0.0044125746693054356
P2,flat_transformer,target_real_anchor,replace,0.75,decision_regret,5,0.0017892944617284186,0.00036736358369305016,0.001333152325605643,0.0022454365978511943
P2,flat_transformer,target_real_anchor,replace,1.0,detection_auroc,5,0.7062376361415857,0.006080870315726372,0.6986872383928023,0.7137880338903692
P2,flat_transformer,target_real_anchor,replace,1.0,contaminated_utility_delta,5,-0.013768729461844414,0.004407428162331489,-0.0192412743356808,-0.00829618458800803
P2,flat_transformer,target_real_anchor,replace,1.0,detector_cleanup_delta,5,-0.020233934400789532,0.007086029830748619,-0.029032402531828004,-0.01143546626975106
P2,flat_transformer,target_real_anchor,replace,1.0,decision_regret,5,0.006766158736283029,0.003188728943828266,0.002806828806701159,0.0107254886658649
P3,char3gram,oracle_target,append,0.0,detection_auroc,5,0.6211835758467591,0.01868223274096745,0.5979865200462362,0.644380631647282
P3,char3gram,oracle_target,append,0.0,contaminated_utility_delta,5,-0.0027938617505738317,0.0022866116985329307,-0.005633065174513731,4.534167336606729e-05
P3,char3gram,oracle_target,append,0.0,detector_cleanup_delta,5,-0.001783846677269728,0.004417654476718027,-0.00726908919751419,0.0037013958429747344
P3,char3gram,oracle_target,append,0.0,decision_regret,5,0.001726180805210396,0.0015176294622773667,-0.00015820506071274778,0.00361056667113354
P3,char3gram,oracle_target,append,0.050332383665717,detection_auroc,5,0.6211835758467591,0.01868223274096745,0.5979865200462362,0.644380631647282
P3,char3gram,oracle_target,append,0.050332383665717,contaminated_utility_delta,5,0.0004679900183363199,0.0012654748668543324,-0.0011033045644684063,0.0020392846011410464
P3,char3gram,oracle_target,append,0.050332383665717,detector_cleanup_delta,5,0.0020138109028591997,0.002895504364161328,-0.0015814326227618024,0.0056090544284802014
P3,char3gram,oracle_target,append,0.050332383665717,decision_regret,5,0.001689573165908084,0.001867704973865377,-0.0006294888594066566,0.004008635191222824
P3,char3gram,oracle_target,append,0.0999099909990999,detection_auroc,5,0.6211835758467591,0.01868223274096745,0.5979865200462362,0.644380631647282
P3,char3gram,oracle_target,append,0.0999099909990999,contaminated_utility_delta,5,0.005560613102009909,0.0035248156311384698,0.0011839764325193925,0.009937249771500425
P3,char3gram,oracle_target,append,0.0999099909990999,detector_cleanup_delta,5,0.006867466886988317,0.0046933584216162175,0.0010398927042010167,0.012695041069775616
P3,char3gram,oracle_target,append,0.0999099909990999,decision_regret,5,0.0012513563867642041,0.0009902792351399025,2.1762312322227365e-05,0.002480950461206181
P3,char3gram,oracle_target,append,0.2498124531132783,detection_auroc,5,0.6211835758467591,0.01868223274096745,0.5979865200462362,0.644380631647282
P3,char3gram,oracle_target,append,0.2498124531132783,contaminated_utility_delta,5,0.00414983797331696,0.0033582891853609683,-2.002880370280142e-05,0.00831970475033672
P3,char3gram,oracle_target,append,0.2498124531132783,detector_cleanup_delta,5,0.005636313851184764,0.004448091786410546,0.0001132784192929212,0.011159349283076606
P3,char3gram,oracle_target,append,0.2498124531132783,decision_regret,5,0.001274264632372272,0.001418696244285766,-0.0004872794185442561,0.0030358086832887998
P3,char3gram,oracle_target,append,0.5,detection_auroc,5,0.6211835758467591,0.01868223274096745,0.5979865200462362,0.644380631647282
P3,char3gram,oracle_target,append,0.5,contaminated_utility_delta,5,0.0011726112751323002,0.006474805225202731,-0.006866921268383547,0.009212143818648148
P3,char3gram,oracle_target,append,0.5,detector_cleanup_delta,5,0.00565214957480088,0.0073904747525955,-0.0035243368551308224,0.014828636004732582
P3,char3gram,oracle_target,append,0.5,decision_regret,5,0.0,0.0,0.0,0.0
P3,char3gram,oracle_target,append,0.75,detection_auroc,5,0.6211835758467591,0.01868223274096745,0.5979865200462362,0.644380631647282
P3,char3gram,oracle_target,append,0.75,contaminated_utility_delta,5,-0.002614988360223368,0.005677096828840272,-0.009664035106911089,0.004434058386464354
P3,char3gram,oracle_target,append,0.75,detector_cleanup_delta,5,0.00357560367977426,0.006880339129595794,-0.004967465712877461,0.01211867307242598
P3,char3gram,oracle_target,append,0.75,decision_regret,5,0.0,0.0,0.0,0.0
P3,char3gram,oracle_target,replace,0.0,detection_auroc,5,0.6211835758467591,0.01868223274096745,0.5979865200462362,0.644380631647282
P3,char3gram,oracle_target,replace,0.0,contaminated_utility_delta,5,-0.0027938617505738317,0.0022866116985329307,-0.005633065174513731,4.534167336606729e-05
P3,char3gram,oracle_target,replace,0.0,detector_cleanup_delta,5,-0.001783846677269728,0.004417654476718027,-0.00726908919751419,0.0037013958429747344
P3,char3gram,oracle_target,replace,0.0,decision_regret,5,0.001726180805210396,0.0015176294622773667,-0.00015820506071274778,0.00361056667113354
P3,char3gram,oracle_target,replace,0.05,detection_auroc,5,0.6211835758467591,0.01868223274096745,0.5979865200462362,0.644380631647282
P3,char3gram,oracle_target,replace,0.05,contaminated_utility_delta,5,-0.0002707150697336798,0.005501207509826954,-0.007101366381333989,0.006559936241866629
P3,char3gram,oracle_target,replace,0.05,detector_cleanup_delta,5,0.001836385643183732,0.004057597758318268,-0.0032017874125123587,0.006874558698879823
P3,char3gram,oracle_target,replace,0.05,decision_regret,5,0.001823818193889192,0.0013391562338346283,0.00016103611036659264,0.0034866002774117917
P3,char3gram,oracle_target,replace,0.1,detection_auroc,5,0.6211835758467591,0.01868223274096745,0.5979865200462362,0.644380631647282
P3,char3gram,oracle_target,replace,0.1,contaminated_utility_delta,5,0.0009881433528816839,0.0073036326914739285,-0.008080514416225553,0.010056801121988921
P3,char3gram,oracle_target,replace,0.1,detector_cleanup_delta,5,0.002480425382203712,0.007232118036374042,-0.006499435214322036,0.01146028597872946
P3,char3gram,oracle_target,replace,0.1,decision_regret,5,0.000877782291131508,0.0003952020294271578,0.0003870741591747416,0.0013684904230882745
P3,char3gram,oracle_target,replace,0.25,detection_auroc,5,0.6211835758467591,0.01868223274096745,0.5979865200462362,0.644380631647282
P3,char3gram,oracle_target,replace,0.25,contaminated_utility_delta,5,-0.0008075889720288157,0.0035011100245576623,-0.005154791243272361,0.00353961329921473
P3,char3gram,oracle_target,replace,0.25,detector_cleanup_delta,5,0.001112822281868432,0.00282012805919651,-0.002388829199560128,0.0046144737632969925
P3,char3gram,oracle_target,replace,0.25,decision_regret,5,0.0002337306886892769,0.00025921894424403346,-8.81321420309283e-05,0.0005555935194094821
P3,char3gram,oracle_target,replace,0.5,detection_auroc,5,0.6211835758467591,0.01868223274096745,0.5979865200462362,0.644380631647282
P3,char3gram,oracle_target,replace,0.5,contaminated_utility_delta,5,-0.004258383986470044,0.007260973895939181,-0.013274073864955048,0.00475730589201496
P3,char3gram,oracle_target,replace,0.5,detector_cleanup_delta,5,-0.0011602017041566,0.007354299687744292,-0.010291770858429873,0.007971367450116671
P3,char3gram,oracle_target,replace,0.5,decision_regret,5,0.00030170370219179175,0.00041961273620489266,-0.00021931432554159658,0.0008227217299251801
P3,char3gram,oracle_target,replace,0.75,detection_auroc,5,0.6211835758467591,0.01868223274096745,0.5979865200462362,0.644380631647282
P3,char3gram,oracle_target,replace,0.75,contaminated_utility_delta,5,-0.004380632058192464,0.009884043488187548,-0.016653293014155295,0.007892028897770367
P3,char3gram,oracle_target,replace,0.75,detector_cleanup_delta,5,-0.00039202468889563795,0.009013692379379287,-0.011584002007254523,0.010799952629463247
P3,char3gram,oracle_target,replace,0.75,decision_regret,5,0.000108056589040472,0.00024162187851125416,-0.00019195659868531602,0.00040806977676626
P3,char3gram,oracle_target,replace,1.0,detection_auroc,5,0.6211835758467591,0.01868223274096745,0.5979865200462362,0.644380631647282
P3,char3gram,oracle_target,replace,1.0,contaminated_utility_delta,5,-0.0052920038746773635,0.00622431173065685,-0.013020507664231337,0.002436499914876611
P3,char3gram,oracle_target,replace,1.0,detector_cleanup_delta,5,-0.0016365899935193193,0.006790283683966064,-0.010067840781490407,0.0067946607944517675
P3,char3gram,oracle_target,replace,1.0,decision_regret,5,0.000226046685269512,0.00035445538027194007,-0.00021406779938378074,0.0006661611699228047
P3,char3gram,source_only,append,0.0,detection_auroc,5,0.6211835758467591,0.01868223274096745,0.5979865200462362,0.644380631647282
P3,char3gram,source_only,append,0.0,contaminated_utility_delta,5,-0.0027938617505738317,0.0022866116985329307,-0.005633065174513731,4.534167336606729e-05
P3,char3gram,source_only,append,0.0,detector_cleanup_delta,0,,,,
P3,char3gram,source_only,append,0.0,decision_regret,0,,,,
P3,char3gram,source_only,append,0.050332383665717,detection_auroc,5,0.6211835758467591,0.01868223274096745,0.5979865200462362,0.644380631647282
P3,char3gram,source_only,append,0.050332383665717,contaminated_utility_delta,5,0.0004679900183363199,0.0012654748668543324,-0.0011033045644684063,0.0020392846011410464
P3,char3gram,source_only,append,0.050332383665717,detector_cleanup_delta,0,,,,
P3,char3gram,source_only,append,0.050332383665717,decision_regret,0,,,,
P3,char3gram,source_only,append,0.0999099909990999,detection_auroc,5,0.6211835758467591,0.01868223274096745,0.5979865200462362,0.644380631647282
P3,char3gram,source_only,append,0.0999099909990999,contaminated_utility_delta,5,0.005560613102009909,0.0035248156311384698,0.0011839764325193925,0.009937249771500425
P3,char3gram,source_only,append,0.0999099909990999,detector_cleanup_delta,0,,,,
P3,char3gram,source_only,append,0.0999099909990999,decision_regret,0,,,,
P3,char3gram,source_only,append,0.2498124531132783,detection_auroc,5,0.6211835758467591,0.01868223274096745,0.5979865200462362,0.644380631647282
P3,char3gram,source_only,append,0.2498124531132783,contaminated_utility_delta,5,0.00414983797331696,0.0033582891853609683,-2.002880370280142e-05,0.00831970475033672
P3,char3gram,source_only,append,0.2498124531132783,detector_cleanup_delta,0,,,,
P3,char3gram,source_only,append,0.2498124531132783,decision_regret,0,,,,
P3,char3gram,source_only,append,0.5,detection_auroc,5,0.6211835758467591,0.01868223274096745,0.5979865200462362,0.644380631647282
P3,char3gram,source_only,append,0.5,contaminated_utility_delta,5,0.0011726112751323002,0.006474805225202731,-0.006866921268383547,0.009212143818648148
P3,char3gram,source_only,append,0.5,detector_cleanup_delta,0,,,,
P3,char3gram,source_only,append,0.5,decision_regret,0,,,,
P3,char3gram,source_only,append,0.75,detection_auroc,5,0.6211835758467591,0.01868223274096745,0.5979865200462362,0.644380631647282
P3,char3gram,source_only,append,0.75,contaminated_utility_delta,5,-0.002614988360223368,0.005677096828840272,-0.009664035106911089,0.004434058386464354
P3,char3gram,source_only,append,0.75,detector_cleanup_delta,0,,,,
P3,char3gram,source_only,append,0.75,decision_regret,0,,,,
P3,char3gram,source_only,replace,0.0,detection_auroc,5,0.6211835758467591,0.01868223274096745,0.5979865200462362,0.644380631647282
P3,char3gram,source_only,replace,0.0,contaminated_utility_delta,5,-0.0027938617505738317,0.0022866116985329307,-0.005633065174513731,4.534167336606729e-05
P3,char3gram,source_only,replace,0.0,detector_cleanup_delta,0,,,,
P3,char3gram,source_only,replace,0.0,decision_regret,0,,,,
P3,char3gram,source_only,replace,0.05,detection_auroc,5,0.6211835758467591,0.01868223274096745,0.5979865200462362,0.644380631647282
P3,char3gram,source_only,replace,0.05,contaminated_utility_delta,5,-0.0002707150697336798,0.005501207509826954,-0.007101366381333989,0.006559936241866629
P3,char3gram,source_only,replace,0.05,detector_cleanup_delta,0,,,,
P3,char3gram,source_only,replace,0.05,decision_regret,0,,,,
P3,char3gram,source_only,replace,0.1,detection_auroc,5,0.6211835758467591,0.01868223274096745,0.5979865200462362,0.644380631647282
P3,char3gram,source_only,replace,0.1,contaminated_utility_delta,5,0.0009881433528816839,0.0073036326914739285,-0.008080514416225553,0.010056801121988921
P3,char3gram,source_only,replace,0.1,detector_cleanup_delta,0,,,,
P3,char3gram,source_only,replace,0.1,decision_regret,0,,,,
P3,char3gram,source_only,replace,0.25,detection_auroc,5,0.6211835758467591,0.01868223274096745,0.5979865200462362,0.644380631647282
P3,char3gram,source_only,replace,0.25,contaminated_utility_delta,5,-0.0008075889720288157,0.0035011100245576623,-0.005154791243272361,0.00353961329921473
P3,char3gram,source_only,replace,0.25,detector_cleanup_delta,0,,,,
P3,char3gram,source_only,replace,0.25,decision_regret,0,,,,
P3,char3gram,source_only,replace,0.5,detection_auroc,5,0.6211835758467591,0.01868223274096745,0.5979865200462362,0.644380631647282
P3,char3gram,source_only,replace,0.5,contaminated_utility_delta,5,-0.004258383986470044,0.007260973895939181,-0.013274073864955048,0.00475730589201496
P3,char3gram,source_only,replace,0.5,detector_cleanup_delta,0,,,,
P3,char3gram,source_only,replace,0.5,decision_regret,0,,,,
P3,char3gram,source_only,replace,0.75,detection_auroc,5,0.6211835758467591,0.01868223274096745,0.5979865200462362,0.644380631647282
P3,char3gram,source_only,replace,0.75,contaminated_utility_delta,5,-0.004380632058192464,0.009884043488187548,-0.016653293014155295,0.007892028897770367
P3,char3gram,source_only,replace,0.75,detector_cleanup_delta,0,,,,
P3,char3gram,source_only,replace,0.75,decision_regret,0,,,,
P3,char3gram,source_only,replace,1.0,detection_auroc,5,0.6211835758467591,0.01868223274096745,0.5979865200462362,0.644380631647282
P3,char3gram,source_only,replace,1.0,contaminated_utility_delta,5,-0.0052920038746773635,0.00622431173065685,-0.013020507664231337,0.002436499914876611
P3,char3gram,source_only,replace,1.0,detector_cleanup_delta,0,,,,
P3,char3gram,source_only,replace,1.0,decision_regret,0,,,,
P3,char3gram,target_real_anchor,append,0.0,detection_auroc,5,0.6211835758467591,0.01868223274096745,0.5979865200462362,0.644380631647282
P3,char3gram,target_real_anchor,append,0.0,contaminated_utility_delta,5,-0.0027938617505738317,0.0022866116985329307,-0.005633065174513731,4.534167336606729e-05
P3,char3gram,target_real_anchor,append,0.0,detector_cleanup_delta,5,-0.0013307613219946234,0.004291701922308704,-0.006659613089947229,0.0039980904459579825
P3,char3gram,target_real_anchor,append,0.0,decision_regret,5,0.000919649804095452,0.0011269159033182288,-0.0004796011020580666,0.002318900710248971
P3,char3gram,target_real_anchor,append,0.050332383665717,detection_auroc,5,0.6211835758467591,0.01868223274096745,0.5979865200462362,0.644380631647282
P3,char3gram,target_real_anchor,append,0.050332383665717,contaminated_utility_delta,5,0.0004679900183363199,0.0012654748668543324,-0.0011033045644684063,0.0020392846011410464
P3,char3gram,target_real_anchor,append,0.050332383665717,detector_cleanup_delta,5,0.002677600044894748,0.003179039113983287,-0.0012696983718198922,0.0066248984616093885
P3,char3gram,target_real_anchor,append,0.050332383665717,decision_regret,5,0.000581514283767912,0.0007085030218109568,-0.00029820841103332923,0.0014612369785691533
P3,char3gram,target_real_anchor,append,0.0999099909990999,detection_auroc,5,0.6211835758467591,0.01868223274096745,0.5979865200462362,0.644380631647282
P3,char3gram,target_real_anchor,append,0.0999099909990999,contaminated_utility_delta,5,0.005560613102009909,0.0035248156311384698,0.0011839764325193925,0.009937249771500425
P3,char3gram,target_real_anchor,append,0.0999099909990999,detector_cleanup_delta,5,0.007431576446242401,0.004098490812907494,0.002342627956886287,0.012520524935598515
P3,char3gram,target_real_anchor,append,0.0999099909990999,decision_regret,5,0.0005819337841423235,0.0006366792483988532,-0.00020860791699796398,0.0013724754852826111
P3,char3gram,target_real_anchor,append,0.2498124531132783,detection_auroc,5,0.6211835758467591,0.01868223274096745,0.5979865200462362,0.644380631647282
P3,char3gram,target_real_anchor,append,0.2498124531132783,contaminated_utility_delta,5,0.00414983797331696,0.0033582891853609683,-2.002880370280142e-05,0.00831970475033672
P3,char3gram,target_real_anchor,append,0.2498124531132783,detector_cleanup_delta,5,0.006007811552412208,0.004304227283948555,0.0006634074938469169,0.0113522156109775
P3,char3gram,target_real_anchor,append,0.2498124531132783,decision_regret,5,0.001055308561487292,0.0011280111293963694,-0.0003453022474573476,0.0024559193704319316
P3,char3gram,target_real_anchor,append,0.5,detection_auroc,5,0.6211835758467591,0.01868223274096745,0.5979865200462362,0.644380631647282
P3,char3gram,target_real_anchor,append,0.5,contaminated_utility_delta,5,0.0011726112751323002,0.006474805225202731,-0.006866921268383547,0.009212143818648148
P3,char3gram,target_real_anchor,append,0.5,detector_cleanup_delta,5,0.00593447403401348,0.006670673697069547,-0.002348261339402578,0.014217209407429538
P3,char3gram,target_real_anchor,append,0.5,decision_regret,5,0.0,0.0,0.0,0.0
P3,char3gram,target_real_anchor,append,0.75,detection_auroc,5,0.6211835758467591,0.01868223274096745,0.5979865200462362,0.644380631647282
P3,char3gram,target_real_anchor,append,0.75,contaminated_utility_delta,5,-0.002614988360223368,0.005677096828840272,-0.009664035106911089,0.004434058386464354
P3,char3gram,target_real_anchor,append,0.75,detector_cleanup_delta,5,0.0035893683235815555,0.006747977196549321,-0.0047893520220737,0.01196808866923681
P3,char3gram,target_real_anchor,append,0.75,decision_regret,5,0.0,0.0,0.0,0.0
P3,char3gram,target_real_anchor,replace,0.0,detection_auroc,5,0.6211835758467591,0.01868223274096745,0.5979865200462362,0.644380631647282
P3,char3gram,target_real_anchor,replace,0.0,contaminated_utility_delta,5,-0.0027938617505738317,0.0022866116985329307,-0.005633065174513731,4.534167336606729e-05
P3,char3gram,target_real_anchor,replace,0.0,detector_cleanup_delta,5,-0.0013307613219946234,0.004291701922308704,-0.006659613089947229,0.0039980904459579825
P3,char3gram,target_real_anchor,replace,0.0,decision_regret,5,0.000919649804095452,0.0011269159033182288,-0.0004796011020580666,0.002318900710248971
P3,char3gram,target_real_anchor,replace,0.05,detection_auroc,5,0.6211835758467591,0.01868223274096745,0.5979865200462362,0.644380631647282
P3,char3gram,target_real_anchor,replace,0.05,contaminated_utility_delta,5,-0.0002707150697336798,0.005501207509826954,-0.007101366381333989,0.006559936241866629
P3,char3gram,target_real_anchor,replace,0.05,detector_cleanup_delta,5,0.0022417128428209713,0.003597433798728414,-0.0022250911909815056,0.006708516876623449
P3,char3gram,target_real_anchor,replace,0.05,decision_regret,5,0.0006893704067038079,0.0007360558463678805,-0.00022456363839859007,0.001603304451806206
P3,char3gram,target_real_anchor,replace,0.1,detection_auroc,5,0.6211835758467591,0.01868223274096745,0.5979865200462362,0.644380631647282
P3,char3gram,target_real_anchor,replace,0.1,contaminated_utility_delta,5,0.0009881433528816839,0.0073036326914739285,-0.008080514416225553,0.010056801121988921
P3,char3gram,target_real_anchor,replace,0.1,detector_cleanup_delta,5,0.002775727575315292,0.006807581686546196,-0.005677001519700381,0.011228456670330966
P3,char3gram,target_real_anchor,replace,0.1,decision_regret,5,0.0006451920997557839,0.0005133616054442037,7.76947621563065e-06,0.001282614723295937
P3,char3gram,target_real_anchor,replace,0.25,detection_auroc,5,0.6211835758467591,0.01868223274096745,0.5979865200462362,0.644380631647282
P3,char3gram,target_real_anchor,replace,0.25,contaminated_utility_delta,5,-0.0008075889720288157,0.0035011100245576623,-0.005154791243272361,0.00353961329921473
P3,char3gram,target_real_anchor,replace,0.25,detector_cleanup_delta,5,0.001537845860173016,0.002483278262288263,-0.001545551355632324,0.004621243075978356
P3,char3gram,target_real_anchor,replace,0.25,decision_regret,5,0.000137740552485192,0.00018860928323968112,-9.644880424053664e-05,0.00037192990921092065
P3,char3gram,target_real_anchor,replace,0.5,detection_auroc,5,0.6211835758467591,0.01868223274096745,0.5979865200462362,0.644380631647282
P3,char3gram,target_real_anchor,replace,0.5,contaminated_utility_delta,5,-0.004258383986470044,0.007260973895939181,-0.013274073864955048,0.00475730589201496
P3,char3gram,target_real_anchor,replace,0.5,detector_cleanup_delta,5,-0.000895413514606708,0.006776542267331865,-0.009309602080258791,0.0075187750510453755
P3,char3gram,target_real_anchor,replace,0.5,decision_regret,5,0.00033151492676455994,0.000469802573717248,-0.0002518220152836169,0.0009148518688127368
P3,char3gram,target_real_anchor,replace,0.75,detection_auroc,5,0.6211835758467591,0.01868223274096745,0.5979865200462362,0.644380631647282
P3,char3gram,target_real_anchor,replace,0.75,contaminated_utility_delta,5,-0.004380632058192464,0.009884043488187548,-0.016653293014155295,0.007892028897770367
P3,char3gram,target_real_anchor,replace,0.75,detector_cleanup_delta,5,2.218247395019534e-05,0.008135647893317537,-0.010079558617244489,0.01012392356514488
P3,char3gram,target_real_anchor,replace,0.75,decision_regret,5,0.00011830147333964801,0.00024201810341683468,-0.00018220369258659095,0.00041880663926588694
P3,char3gram,target_real_anchor,replace,1.0,detection_auroc,5,0.6211835758467591,0.01868223274096745,0.5979865200462362,0.644380631647282
P3,char3gram,target_real_anchor,replace,1.0,contaminated_utility_delta,5,-0.0052920038746773635,0.00622431173065685,-0.013020507664231337,0.002436499914876611
P3,char3gram,target_real_anchor,replace,1.0,detector_cleanup_delta,5,-0.0015547872426501317,0.006677582335076766,-0.009846100823156376,0.006736526337856113
P3,char3gram,target_real_anchor,replace,1.0,decision_regret,5,0.00030297966320458396,0.00032933841186676366,-0.00010594798603597976,0.0007119073124451477
P3,column_positional_ablation,oracle_target,append,0.0,detection_auroc,3,0.6778228727897266,0.11177985317598278,0.40014632410135287,0.9554994214781004
P3,column_positional_ablation,oracle_target,append,0.0,contaminated_utility_delta,3,-0.002562534285146093,0.0023529373944954266,-0.008407554800199746,0.00328248622990756
P3,column_positional_ablation,oracle_target,append,0.0,detector_cleanup_delta,3,-0.0034010425382906065,0.0032239106739284386,-0.011409680622710663,0.00460759554612945
P3,column_positional_ablation,oracle_target,append,0.0,decision_regret,3,0.0011520239846102532,0.001068555897129705,-0.0015024160165628532,0.00380646398578336
P3,column_positional_ablation,oracle_target,append,0.050332383665717,detection_auroc,3,0.6778228727897266,0.11177985317598278,0.40014632410135287,0.9554994214781004
P3,column_positional_ablation,oracle_target,append,0.050332383665717,contaminated_utility_delta,3,9.569744734689988e-05,0.001593984439593209,-0.003863979410989806,0.004055374305683606
P3,column_positional_ablation,oracle_target,append,0.050332383665717,detector_cleanup_delta,3,-0.0003927002747869733,0.004107932619185823,-0.010597370611435784,0.009811970061861837
P3,column_positional_ablation,oracle_target,append,0.050332383665717,decision_regret,3,0.0017062024324314199,0.0010024723035928073,-0.0007840768219086987,0.004196481686771538
P3,column_positional_ablation,oracle_target,append,0.0999099909990999,detection_auroc,3,0.6778228727897266,0.11177985317598278,0.40014632410135287,0.9554994214781004
P3,column_positional_ablation,oracle_target,append,0.0999099909990999,contaminated_utility_delta,3,0.004270349696958996,0.004208597866147637,-0.006184386975930317,0.01472508636984831
P3,column_positional_ablation,oracle_target,append,0.0999099909990999,detector_cleanup_delta,3,0.003848408236298747,0.0020921557568619733,-0.001348794778177636,0.00904561125077513
P3,column_positional_ablation,oracle_target,append,0.0999099909990999,decision_regret,3,0.0011846820971715332,0.0001471410560454643,0.0008191634509022265,0.00155020074344084
P3,column_positional_ablation,oracle_target,append,0.2498124531132783,detection_auroc,3,0.6778228727897266,0.11177985317598278,0.40014632410135287,0.9554994214781004
P3,column_positional_ablation,oracle_target,append,0.2498124531132783,contaminated_utility_delta,3,0.005924729767935307,0.002482084392650075,-0.0002411096755936589,0.012090569211464272
P3,column_positional_ablation,oracle_target,append,0.2498124531132783,detector_cleanup_delta,3,0.006794238839429106,0.001758840741376226,0.0024250362248135135,0.011163441454044699
P3,column_positional_ablation,oracle_target,append,0.2498124531132783,decision_regret,3,0.000484605140413,0.00024533804942972654,-0.00012484836030265029,0.0010940586411286504
P3,column_positional_ablation,oracle_target,append,0.5,detection_auroc,3,0.6778228727897266,0.11177985317598278,0.40014632410135287,0.9554994214781004
P3,column_positional_ablation,oracle_target,append,0.5,contaminated_utility_delta,3,-0.0001355070594311929,0.008357924282367441,-0.020897741961213967,0.020626727842351582
P3,column_positional_ablation,oracle_target,append,0.5,detector_cleanup_delta,3,0.0008861676892211067,0.007521685852121266,-0.017798735791972248,0.019571071170414463
P3,column_positional_ablation,oracle_target,append,0.5,decision_regret,3,0.0001763077933603,0.00020448241642939224,-0.0003316546886817886,0.0006842702754023886
P3,column_positional_ablation,oracle_target,append,0.75,detection_auroc,3,0.6778228727897266,0.11177985317598278,0.40014632410135287,0.9554994214781004
P3,column_positional_ablation,oracle_target,append,0.75,contaminated_utility_delta,3,-0.0026490435526186937,0.008011578337072996,-0.022550907430383724,0.017252820325146336
P3,column_positional_ablation,oracle_target,append,0.75,detector_cleanup_delta,3,-0.0016028546944086002,0.008395806606138855,-0.02245919450528068,0.01925348511646348
P3,column_positional_ablation,oracle_target,append,0.75,decision_regret,3,0.0001397503135684221,0.00019203780808806035,-0.00033729804758500113,0.0006167986747218453
P3,column_positional_ablation,oracle_target,replace,0.0,detection_auroc,3,0.6778228727897266,0.11177985317598278,0.40014632410135287,0.9554994214781004
P3,column_positional_ablation,oracle_target,replace,0.0,contaminated_utility_delta,3,-0.002562534285146093,0.0023529373944954266,-0.008407554800199746,0.00328248622990756
P3,column_positional_ablation,oracle_target,replace,0.0,detector_cleanup_delta,3,-0.0034010425382906065,0.0032239106739284386,-0.011409680622710663,0.00460759554612945
P3,column_positional_ablation,oracle_target,replace,0.0,decision_regret,3,0.0011520239846102532,0.001068555897129705,-0.0015024160165628532,0.00380646398578336
P3,column_positional_ablation,oracle_target,replace,0.05,detection_auroc,3,0.6778228727897266,0.11177985317598278,0.40014632410135287,0.9554994214781004
P3,column_positional_ablation,oracle_target,replace,0.05,contaminated_utility_delta,3,-0.00018230917678878646,0.007603020846597751,-0.01906925998504618,0.018704641631468608
P3,column_positional_ablation,oracle_target,replace,0.05,detector_cleanup_delta,3,-4.2952056931852785e-05,0.005904838381652934,-0.014711383762586695,0.01462547964872299
P3,column_positional_ablation,oracle_target,replace,0.05,decision_regret,3,0.0006383442832071867,0.0005932094768547218,-0.0008352697492153121,0.0021119583156296853
P3,column_positional_ablation,oracle_target,replace,0.1,detection_auroc,3,0.6778228727897266,0.11177985317598278,0.40014632410135287,0.9554994214781004
P3,column_positional_ablation,oracle_target,replace,0.1,contaminated_utility_delta,3,0.0004203937523252459,0.010263351390974252,-0.0250751844869391,0.02591597199158959
P3,column_positional_ablation,oracle_target,replace,0.1,detector_cleanup_delta,3,0.0006990965474739467,0.0089019178652791,-0.021414493328569862,0.022812686423517758
P3,column_positional_ablation,oracle_target,replace,0.1,decision_regret,3,0.0004747523629115534,0.00010839583359477517,0.00020548218488215906,0.0007440225409409477
P3,column_positional_ablation,oracle_target,replace,0.25,detection_auroc,3,0.6778228727897266,0.11177985317598278,0.40014632410135287,0.9554994214781004
P3,column_positional_ablation,oracle_target,replace,0.25,contaminated_utility_delta,3,5.351602566957351e-05,0.0046559950534589105,-0.0115126168723507,0.011619648923689848
P3,column_positional_ablation,oracle_target,replace,0.25,detector_cleanup_delta,3,0.0007724293489717666,0.0045853171134388054,-0.010618129812855736,0.012162988510799269
P3,column_positional_ablation,oracle_target,replace,0.25,decision_regret,3,0.00031608183725725334,0.0002874729131798355,-0.0003980404674795046,0.0010302041419940112
P3,column_positional_ablation,oracle_target,replace,0.5,detection_auroc,3,0.6778228727897266,0.11177985317598278,0.40014632410135287,0.9554994214781004
P3,column_positional_ablation,oracle_target,replace,0.5,contaminated_utility_delta,3,-0.005746537286219054,0.009693049957425225,-0.029825408227338986,0.018332333654900876
P3,column_positional_ablation,oracle_target,replace,0.5,detector_cleanup_delta,3,-0.005853738933541168,0.008861986226527025,-0.027868133119868955,0.016160655252786617
P3,column_positional_ablation,oracle_target,replace,0.5,decision_regret,3,0.0010209631835230877,0.0006065580386976024,-0.0004858105147709424,0.0025277368818171176
P3,column_positional_ablation,oracle_target,replace,0.75,detection_auroc,3,0.6778228727897266,0.11177985317598278,0.40014632410135287,0.9554994214781004
P3,column_positional_ablation,oracle_target,replace,0.75,contaminated_utility_delta,3,-0.006213969145888593,0.013349022670974956,-0.0393747797778676,0.026946841486090417
P3,column_positional_ablation,oracle_target,replace,0.75,detector_cleanup_delta,3,-0.006515113258183267,0.011201357285421387,-0.03434082731368784,0.021310600797321305
P3,column_positional_ablation,oracle_target,replace,0.75,decision_regret,3,0.0012907498146461068,0.0008352966738227894,-0.000784242153296699,0.0033657417825889123
P3,column_positional_ablation,oracle_target,replace,1.0,detection_auroc,3,0.6778228727897266,0.11177985317598278,0.40014632410135287,0.9554994214781004
P3,column_positional_ablation,oracle_target,replace,1.0,contaminated_utility_delta,3,-0.005233206414675892,0.008800714892093874,-0.02709539416848902,0.016628981339137237
P3,column_positional_ablation,oracle_target,replace,1.0,detector_cleanup_delta,3,-0.00506926116583014,0.008316702692774219,-0.025729095962366094,0.015590573630705814
P3,column_positional_ablation,oracle_target,replace,1.0,decision_regret,3,0.0007762238417015666,0.00033602490583004816,-5.85082989582094e-05,0.0016109559823613425
P3,column_positional_ablation,source_only,append,0.0,detection_auroc,5,0.6331979516715928,0.10432836577734012,0.5036571758944359,0.7627387274487496
P3,column_positional_ablation,source_only,append,0.0,contaminated_utility_delta,5,-0.0027938617505738317,0.0022866116985329307,-0.005633065174513731,4.534167336606729e-05
P3,column_positional_ablation,source_only,append,0.0,detector_cleanup_delta,1,-0.1694518985539543,,,
P3,column_positional_ablation,source_only,append,0.0,decision_regret,1,0.16292890791363346,,,
P3,column_positional_ablation,source_only,append,0.050332383665717,detection_auroc,5,0.6331979516715928,0.10432836577734012,0.5036571758944359,0.7627387274487496
P3,column_positional_ablation,source_only,append,0.050332383665717,contaminated_utility_delta,5,0.0004679900183363199,0.0012654748668543324,-0.0011033045644684063,0.0020392846011410464
P3,column_positional_ablation,source_only,append,0.050332383665717,detector_cleanup_delta,0,,,,
P3,column_positional_ablation,source_only,append,0.050332383665717,decision_regret,0,,,,
P3,column_positional_ablation,source_only,append,0.0999099909990999,detection_auroc,5,0.6331979516715928,0.10432836577734012,0.5036571758944359,0.7627387274487496
P3,column_positional_ablation,source_only,append,0.0999099909990999,contaminated_utility_delta,5,0.005560613102009909,0.0035248156311384698,0.0011839764325193925,0.009937249771500425
P3,column_positional_ablation,source_only,append,0.0999099909990999,detector_cleanup_delta,1,-0.1118453022086861,,,
P3,column_positional_ablation,source_only,append,0.0999099909990999,decision_regret,1,0.1180139002377061,,,
P3,column_positional_ablation,source_only,append,0.2498124531132783,detection_auroc,5,0.6331979516715928,0.10432836577734012,0.5036571758944359,0.7627387274487496
P3,column_positional_ablation,source_only,append,0.2498124531132783,contaminated_utility_delta,5,0.00414983797331696,0.0033582891853609683,-2.002880370280142e-05,0.00831970475033672
P3,column_positional_ablation,source_only,append,0.2498124531132783,detector_cleanup_delta,0,,,,
P3,column_positional_ablation,source_only,append,0.2498124531132783,decision_regret,0,,,,
P3,column_positional_ablation,source_only,append,0.5,detection_auroc,5,0.6331979516715928,0.10432836577734012,0.5036571758944359,0.7627387274487496
P3,column_positional_ablation,source_only,append,0.5,contaminated_utility_delta,5,0.0011726112751323002,0.006474805225202731,-0.006866921268383547,0.009212143818648148
P3,column_positional_ablation,source_only,append,0.5,detector_cleanup_delta,1,-0.1694654397563512,,,
P3,column_positional_ablation,source_only,append,0.5,decision_regret,1,0.157437756895954,,,
P3,column_positional_ablation,source_only,append,0.75,detection_auroc,5,0.6331979516715928,0.10432836577734012,0.5036571758944359,0.7627387274487496
P3,column_positional_ablation,source_only,append,0.75,contaminated_utility_delta,5,-0.002614988360223368,0.005677096828840272,-0.009664035106911089,0.004434058386464354
P3,column_positional_ablation,source_only,append,0.75,detector_cleanup_delta,1,-0.14613768797768203,,,
P3,column_positional_ablation,source_only,append,0.75,decision_regret,1,0.148705615807458,,,
P3,column_positional_ablation,source_only,replace,0.0,detection_auroc,5,0.6331979516715928,0.10432836577734012,0.5036571758944359,0.7627387274487496
P3,column_positional_ablation,source_only,replace,0.0,contaminated_utility_delta,5,-0.0027938617505738317,0.0022866116985329307,-0.005633065174513731,4.534167336606729e-05
P3,column_positional_ablation,source_only,replace,0.0,detector_cleanup_delta,1,-0.1694518985539543,,,
P3,column_positional_ablation,source_only,replace,0.0,decision_regret,1,0.16292890791363346,,,
P3,column_positional_ablation,source_only,replace,0.05,detection_auroc,5,0.6331979516715928,0.10432836577734012,0.5036571758944359,0.7627387274487496
P3,column_positional_ablation,source_only,replace,0.05,contaminated_utility_delta,5,-0.0002707150697336798,0.005501207509826954,-0.007101366381333989,0.006559936241866629
P3,column_positional_ablation,source_only,replace,0.05,detector_cleanup_delta,1,-0.10062119298766906,,,
P3,column_positional_ablation,source_only,replace,0.05,decision_regret,1,0.10419839176942505,,,
P3,column_positional_ablation,source_only,replace,0.1,detection_auroc,5,0.6331979516715928,0.10432836577734012,0.5036571758944359,0.7627387274487496
P3,column_positional_ablation,source_only,replace,0.1,contaminated_utility_delta,5,0.0009881433528816839,0.0073036326914739285,-0.008080514416225553,0.010056801121988921
P3,column_positional_ablation,source_only,replace,0.1,detector_cleanup_delta,0,,,,
P3,column_positional_ablation,source_only,replace,0.1,decision_regret,0,,,,
P3,column_positional_ablation,source_only,replace,0.25,detection_auroc,5,0.6331979516715928,0.10432836577734012,0.5036571758944359,0.7627387274487496
P3,column_positional_ablation,source_only,replace,0.25,contaminated_utility_delta,5,-0.0008075889720288157,0.0035011100245576623,-0.005154791243272361,0.00353961329921473
P3,column_positional_ablation,source_only,replace,0.25,detector_cleanup_delta,0,,,,
P3,column_positional_ablation,source_only,replace,0.25,decision_regret,0,,,,
P3,column_positional_ablation,source_only,replace,0.5,detection_auroc,5,0.6331979516715928,0.10432836577734012,0.5036571758944359,0.7627387274487496
P3,column_positional_ablation,source_only,replace,0.5,contaminated_utility_delta,5,-0.004258383986470044,0.007260973895939181,-0.013274073864955048,0.00475730589201496
P3,column_positional_ablation,source_only,replace,0.5,detector_cleanup_delta,0,,,,
P3,column_positional_ablation,source_only,replace,0.5,decision_regret,0,,,,
P3,column_positional_ablation,source_only,replace,0.75,detection_auroc,5,0.6331979516715928,0.10432836577734012,0.5036571758944359,0.7627387274487496
P3,column_positional_ablation,source_only,replace,0.75,contaminated_utility_delta,5,-0.004380632058192464,0.009884043488187548,-0.016653293014155295,0.007892028897770367
P3,column_positional_ablation,source_only,replace,0.75,detector_cleanup_delta,0,,,,
P3,column_positional_ablation,source_only,replace,0.75,decision_regret,0,,,,
P3,column_positional_ablation,source_only,replace,1.0,detection_auroc,5,0.6331979516715928,0.10432836577734012,0.5036571758944359,0.7627387274487496
P3,column_positional_ablation,source_only,replace,1.0,contaminated_utility_delta,5,-0.0052920038746773635,0.00622431173065685,-0.013020507664231337,0.002436499914876611
P3,column_positional_ablation,source_only,replace,1.0,detector_cleanup_delta,0,,,,
P3,column_positional_ablation,source_only,replace,1.0,decision_regret,0,,,,
P3,column_positional_ablation,target_real_anchor,append,0.0,detection_auroc,5,0.6331979516715928,0.10432836577734012,0.5036571758944359,0.7627387274487496
P3,column_positional_ablation,target_real_anchor,append,0.0,contaminated_utility_delta,5,-0.0027938617505738317,0.0022866116985329307,-0.005633065174513731,4.534167336606729e-05
P3,column_positional_ablation,target_real_anchor,append,0.0,detector_cleanup_delta,5,-0.0034771016994627917,0.0025249902246801737,-0.0066122911572645965,-0.00034191224166098657
P3,column_positional_ablation,target_real_anchor,append,0.0,decision_regret,5,0.001441817863288624,0.0006649969112404683,0.0006161151396846304,0.0022675205868926173
P3,column_positional_ablation,target_real_anchor,append,0.050332383665717,detection_auroc,5,0.6331979516715928,0.10432836577734012,0.5036571758944359,0.7627387274487496
P3,column_positional_ablation,target_real_anchor,append,0.050332383665717,contaminated_utility_delta,5,0.0004679900183363199,0.0012654748668543324,-0.0011033045644684063,0.0020392846011410464
P3,column_positional_ablation,target_real_anchor,append,0.050332383665717,detector_cleanup_delta,5,-0.0001164966960015357,0.002928040141015148,-0.003752138724395518,0.0035191453323924465
P3,column_positional_ablation,target_real_anchor,append,0.050332383665717,decision_regret,5,0.001456265791898728,0.001160252505707624,1.5622026735863815e-05,0.002896909557061592
P3,column_positional_ablation,target_real_anchor,append,0.0999099909990999,detection_auroc,5,0.6331979516715928,0.10432836577734012,0.5036571758944359,0.7627387274487496
P3,column_positional_ablation,target_real_anchor,append,0.0999099909990999,contaminated_utility_delta,5,0.005560613102009909,0.0035248156311384698,0.0011839764325193925,0.009937249771500425
P3,column_positional_ablation,target_real_anchor,append,0.0999099909990999,detector_cleanup_delta,5,0.005241395495645772,0.0028124270230351217,0.001749306113567673,0.00873348487772387
P3,column_positional_ablation,target_real_anchor,append,0.0999099909990999,decision_regret,5,0.001415151567465196,0.0008043433389235664,0.0004164274013287953,0.002413875733601597
P3,column_positional_ablation,target_real_anchor,append,0.2498124531132783,detection_auroc,5,0.6331979516715928,0.10432836577734012,0.5036571758944359,0.7627387274487496
P3,column_positional_ablation,target_real_anchor,append,0.2498124531132783,contaminated_utility_delta,5,0.00414983797331696,0.0033582891853609683,-2.002880370280142e-05,0.00831970475033672
P3,column_positional_ablation,target_real_anchor,append,0.2498124531132783,detector_cleanup_delta,5,0.004457017639378748,0.0037885311575638217,-0.000247065105041481,0.009161100383798977
P3,column_positional_ablation,target_real_anchor,append,0.2498124531132783,decision_regret,5,0.000736057992486584,0.0004152784750071039,0.00022042166084130144,0.0012516943241318666
P3,column_positional_ablation,target_real_anchor,append,0.5,detection_auroc,5,0.6331979516715928,0.10432836577734012,0.5036571758944359,0.7627387274487496
P3,column_positional_ablation,target_real_anchor,append,0.5,contaminated_utility_delta,5,0.0011726112751323002,0.006474805225202731,-0.006866921268383547,0.009212143818648148
P3,column_positional_ablation,target_real_anchor,append,0.5,detector_cleanup_delta,5,0.0019302529495410718,0.005762006511189988,-0.00522422309281921,0.009084728991901353
P3,column_positional_ablation,target_real_anchor,append,0.5,decision_regret,5,0.00020059974551000769,0.00023832280044688506,-9.531709575598941e-05,0.0004965165867760048
P3,column_positional_ablation,target_real_anchor,append,0.75,detection_auroc,5,0.6331979516715928,0.10432836577734012,0.5036571758944359,0.7627387274487496
P3,column_positional_ablation,target_real_anchor,append,0.75,contaminated_utility_delta,5,-0.002614988360223368,0.005677096828840272,-0.009664035106911089,0.004434058386464354
P3,column_positional_ablation,target_real_anchor,append,0.75,detector_cleanup_delta,5,-0.0016015166551127842,0.00607035703738583,-0.00913886044467763,0.005935827134452063
P3,column_positional_ablation,target_real_anchor,append,0.75,decision_regret,5,0.00012814025685404387,0.00016226163222865273,-7.333417017405382e-05,0.00032961468388214156
P3,column_positional_ablation,target_real_anchor,replace,0.0,detection_auroc,5,0.6331979516715928,0.10432836577734012,0.5036571758944359,0.7627387274487496
P3,column_positional_ablation,target_real_anchor,replace,0.0,contaminated_utility_delta,5,-0.0027938617505738317,0.0022866116985329307,-0.005633065174513731,4.534167336606729e-05
P3,column_positional_ablation,target_real_anchor,replace,0.0,detector_cleanup_delta,5,-0.0034771016994627917,0.0025249902246801737,-0.0066122911572645965,-0.00034191224166098657
P3,column_positional_ablation,target_real_anchor,replace,0.0,decision_regret,5,0.001441817863288624,0.0006649969112404683,0.0006161151396846304,0.0022675205868926173
P3,column_positional_ablation,target_real_anchor,replace,0.05,detection_auroc,5,0.6331979516715928,0.10432836577734012,0.5036571758944359,0.7627387274487496
P3,column_positional_ablation,target_real_anchor,replace,0.05,contaminated_utility_delta,5,-0.0002707150697336798,0.005501207509826954,-0.007101366381333989,0.006559936241866629
P3,column_positional_ablation,target_real_anchor,replace,0.05,detector_cleanup_delta,5,-0.0004774312352710277,0.004706922815462899,-0.006321847837555209,0.005366985367013153
P3,column_positional_ablation,target_real_anchor,replace,0.05,decision_regret,5,0.0009532484265570719,0.0009898501552740584,-0.0002758128748631323,0.002182309727977276
P3,column_positional_ablation,target_real_anchor,replace,0.1,detection_auroc,5,0.6331979516715928,0.10432836577734012,0.5036571758944359,0.7627387274487496
P3,column_positional_ablation,target_real_anchor,replace,0.1,contaminated_utility_delta,5,0.0009881433528816839,0.0073036326914739285,-0.008080514416225553,0.010056801121988921
P3,column_positional_ablation,target_real_anchor,replace,0.1,detector_cleanup_delta,5,0.0011645402697419598,0.006346084151899065,-0.006715163951242576,0.009044244490726496
P3,column_positional_ablation,target_real_anchor,replace,0.1,decision_regret,5,0.0007950798505317041,0.00040164381368586134,0.0002963731869767098,0.0012937865140866985
P3,column_positional_ablation,target_real_anchor,replace,0.25,detection_auroc,5,0.6331979516715928,0.10432836577734012,0.5036571758944359,0.7627387274487496
P3,column_positional_ablation,target_real_anchor,replace,0.25,contaminated_utility_delta,5,-0.0008075889720288157,0.0035011100245576623,-0.005154791243272361,0.00353961329921473
P3,column_positional_ablation,target_real_anchor,replace,0.25,detector_cleanup_delta,5,-6.74549623704359e-05,0.003465926695364203,-0.004370971360417512,0.004236061435676641
P3,column_positional_ablation,target_real_anchor,replace,0.25,decision_regret,5,0.000294312988431924,0.00024030776799381854,-4.06851557470324e-06,0.0005926944924385513
P3,column_positional_ablation,target_real_anchor,replace,0.5,detection_auroc,5,0.6331979516715928,0.10432836577734012,0.5036571758944359,0.7627387274487496
P3,column_positional_ablation,target_real_anchor,replace,0.5,contaminated_utility_delta,5,-0.004258383986470044,0.007260973895939181,-0.013274073864955048,0.00475730589201496
P3,column_positional_ablation,target_real_anchor,replace,0.5,detector_cleanup_delta,5,-0.004029412524317864,0.006946431873674125,-0.012654546897834143,0.004595721849198414
P3,column_positional_ablation,target_real_anchor,replace,0.5,decision_regret,5,0.0007771421086699333,0.00056692563303169,7.321096047560507e-05,0.0014810732568642615
P3,column_positional_ablation,target_real_anchor,replace,0.75,detection_auroc,5,0.6331979516715928,0.10432836577734012,0.5036571758944359,0.7627387274487496
P3,column_positional_ablation,target_real_anchor,replace,0.75,contaminated_utility_delta,5,-0.004380632058192464,0.009884043488187548,-0.016653293014155295,0.007892028897770367
P3,column_positional_ablation,target_real_anchor,replace,0.75,detector_cleanup_delta,5,-0.004369271421308856,0.008672271471271342,-0.01513731868983607,0.006398775847218358
P3,column_positional_ablation,target_real_anchor,replace,0.75,decision_regret,5,0.0007321197344143126,0.00046579401642065846,0.000153760073646048,0.0013104793951825772
P3,column_positional_ablation,target_real_anchor,replace,1.0,detection_auroc,5,0.6331979516715928,0.10432836577734012,0.5036571758944359,0.7627387274487496
P3,column_positional_ablation,target_real_anchor,replace,1.0,contaminated_utility_delta,5,-0.0052920038746773635,0.00622431173065685,-0.013020507664231337,0.002436499914876611
P3,column_positional_ablation,target_real_anchor,replace,1.0,detector_cleanup_delta,5,-0.004952413123297432,0.006101611815214864,-0.012528564845264448,0.002623738598669583
P3,column_positional_ablation,target_real_anchor,replace,1.0,decision_regret,5,0.000564665203812432,0.00025839124586123086,0.00024383009637552426,0.0008855003112493397
P3,datum_ta,oracle_target,append,0.0,detection_auroc,3,0.667740180349596,0.07818288083875513,0.47352313764476217,0.8619572230544299
P3,datum_ta,oracle_target,append,0.0,contaminated_utility_delta,3,-0.00204691667957324,0.0028827573491667776,-0.009208082924463845,0.005114249565317366
P3,datum_ta,oracle_target,append,0.0,detector_cleanup_delta,3,-0.0006170254245508468,0.0031461107825118207,-0.0084323978647328,0.007198347015631107
P3,datum_ta,oracle_target,append,0.0,decision_regret,3,0.00195517218459344,0.0009048512944785906,-0.0002926030395469302,0.004202947408733811
P3,datum_ta,oracle_target,append,0.050332383665717,detection_auroc,3,0.667740180349596,0.07818288083875513,0.47352313764476217,0.8619572230544299
P3,datum_ta,oracle_target,append,0.050332383665717,contaminated_utility_delta,3,0.00098648456000234,0.0003835321817284674,3.373780370077319e-05,0.0019392313163039067
P3,datum_ta,oracle_target,append,0.050332383665717,detector_cleanup_delta,3,0.0021358487139448603,0.000804532002272625,0.00013728042678943066,0.00413441700110029
P3,datum_ta,oracle_target,append,0.050332383665717,decision_regret,3,0.0010799033831278332,0.0005867960631229306,-0.0003777788463824659,0.0025375856126381323
P3,datum_ta,oracle_target,append,0.0999099909990999,detection_auroc,3,0.667740180349596,0.07818288083875513,0.47352313764476217,0.8619572230544299
P3,datum_ta,oracle_target,append,0.0999099909990999,contaminated_utility_delta,3,0.006349003099869947,0.0022000665738083833,0.0008837347555112011,0.011814271444228693
P3,datum_ta,oracle_target,append,0.0999099909990999,detector_cleanup_delta,3,0.0065133209132416,0.0018699640233375,0.001868072763252542,0.011158569063230657
P3,datum_ta,oracle_target,append,0.0999099909990999,decision_regret,3,0.00187431500401118,0.0010536865193612585,-0.0007431874150970667,0.004491817423119427
P3,datum_ta,oracle_target,append,0.2498124531132783,detection_auroc,3,0.667740180349596,0.07818288083875513,0.47352313764476217,0.8619572230544299
P3,datum_ta,oracle_target,append,0.2498124531132783,contaminated_utility_delta,3,0.002355101392559813,0.0026153893261494972,-0.004141885863437437,0.008852088648557063
P3,datum_ta,oracle_target,append,0.2498124531132783,detector_cleanup_delta,3,0.003381451063789773,0.001972626357946334,-0.0015188244631774207,0.008281726590756967
P3,datum_ta,oracle_target,append,0.2498124531132783,decision_regret,3,0.0005846737819995208,0.00033554774116714757,-0.00024887301592642916,0.0014182205799254707
P3,datum_ta,oracle_target,append,0.5,detection_auroc,3,0.667740180349596,0.07818288083875513,0.47352313764476217,0.8619572230544299
P3,datum_ta,oracle_target,append,0.5,contaminated_utility_delta,3,0.004884957403995474,0.004094346938554671,-0.005285964231057695,0.015055879039048644
P3,datum_ta,oracle_target,append,0.5,detector_cleanup_delta,3,0.00740061695805382,0.003105285211331302,-0.0003133391411548605,0.0151145730572625
P3,datum_ta,oracle_target,append,0.5,decision_regret,3,3.8804050726376567e-05,5.2216369766095526e-05,-9.09086025802811e-05,0.00016851670403303425
P3,datum_ta,oracle_target,append,0.75,detection_auroc,3,0.667740180349596,0.07818288083875513,0.47352313764476217,0.8619572230544299
P3,datum_ta,oracle_target,append,0.75,contaminated_utility_delta,3,-0.0008386550365153734,0.003032917489523744,-0.008372839748868443,0.006695529675837695
P3,datum_ta,oracle_target,append,0.75,detector_cleanup_delta,3,0.0011403692784891465,0.0029023038138475993,-0.006069353076446485,0.008350091633424778
P3,datum_ta,oracle_target,append,0.75,decision_regret,3,0.0,0.0,0.0,0.0
P3,datum_ta,oracle_target,replace,0.0,detection_auroc,3,0.667740180349596,0.07818288083875513,0.47352313764476217,0.8619572230544299
P3,datum_ta,oracle_target,replace,0.0,contaminated_utility_delta,3,-0.00204691667957324,0.0028827573491667776,-0.009208082924463845,0.005114249565317366
P3,datum_ta,oracle_target,replace,0.0,detector_cleanup_delta,3,-0.0006170254245508468,0.0031461107825118207,-0.0084323978647328,0.007198347015631107
P3,datum_ta,oracle_target,replace,0.0,decision_regret,3,0.00195517218459344,0.0009048512944785906,-0.0002926030395469302,0.004202947408733811
P3,datum_ta,oracle_target,replace,0.05,detection_auroc,3,0.667740180349596,0.07818288083875513,0.47352313764476217,0.8619572230544299
P3,datum_ta,oracle_target,replace,0.05,contaminated_utility_delta,3,-0.001657005950610953,0.0027214866552378583,-0.008417553582912586,0.005103541681690679
P3,datum_ta,oracle_target,replace,0.05,detector_cleanup_delta,3,-0.0023673242042147468,0.0013457719530915175,-0.005710407064305282,0.0009757586558757883
P3,datum_ta,oracle_target,replace,0.05,decision_regret,3,0.0016411762288471665,0.0017376469687938572,-0.0026753781360423032,0.005957730593736636
P3,datum_ta,oracle_target,replace,0.1,detection_auroc,3,0.667740180349596,0.07818288083875513,0.47352313764476217,0.8619572230544299
P3,datum_ta,oracle_target,replace,0.1,contaminated_utility_delta,3,0.0012139760466112067,0.0011470795342390136,-0.0016355274827689304,0.004063479575991344
P3,datum_ta,oracle_target,replace,0.1,detector_cleanup_delta,3,0.002135477288201394,0.002503982722780329,-0.004084760623028493,0.008355715199431282
P3,datum_ta,oracle_target,replace,0.1,decision_regret,3,0.0006334117917169066,0.0004164829288351545,-0.0004011891581027296,0.0016680127415365429
P3,datum_ta,oracle_target,replace,0.25,detection_auroc,3,0.667740180349596,0.07818288083875513,0.47352313764476217,0.8619572230544299
P3,datum_ta,oracle_target,replace,0.25,contaminated_utility_delta,3,-0.0017598776619471464,0.0006341408495295575,-0.0033351708608249115,-0.00018458446306938102
P3,datum_ta,oracle_target,replace,0.25,detector_cleanup_delta,3,-0.002501279656237374,0.00023747020142857376,-0.003091188339023041,-0.0019113709734517067
P3,datum_ta,oracle_target,replace,0.25,decision_regret,3,0.0016941408041527865,0.001005161516594571,-0.0008028188256199423,0.004191100433925515
P3,datum_ta,oracle_target,replace,0.5,detection_auroc,3,0.667740180349596,0.07818288083875513,0.47352313764476217,0.8619572230544299
P3,datum_ta,oracle_target,replace,0.5,contaminated_utility_delta,3,0.0002649120531537004,0.004350915642804291,-0.010543361575780867,0.011073185682088269
P3,datum_ta,oracle_target,replace,0.5,detector_cleanup_delta,3,0.0018865927386012866,0.004243779386277778,-0.00865553967520001,0.012428725152402585
P3,datum_ta,oracle_target,replace,0.5,decision_regret,3,0.0008470869574612998,0.0007979413397119583,-0.0011351092162817569,0.0028292831312043566
P3,datum_ta,oracle_target,replace,0.75,detection_auroc,3,0.667740180349596,0.07818288083875513,0.47352313764476217,0.8619572230544299
P3,datum_ta,oracle_target,replace,0.75,contaminated_utility_delta,3,-0.0005557964856784602,0.002837919131929146,-0.007605578424201412,0.006493985452844492
P3,datum_ta,oracle_target,replace,0.75,detector_cleanup_delta,3,3.9368419025876334e-05,0.0034775591158997805,-0.008599367325621905,0.008678104163673657
P3,datum_ta,oracle_target,replace,0.75,decision_regret,3,0.0007395724847114667,0.0007464393878303943,-0.0011146857481338461,0.0025938307175567797
P3,datum_ta,oracle_target,replace,1.0,detection_auroc,3,0.667740180349596,0.07818288083875513,0.47352313764476217,0.8619572230544299
P3,datum_ta,oracle_target,replace,1.0,contaminated_utility_delta,3,-0.002699534108313487,0.004645048552796566,-0.014238474391226729,0.008839406174599756
P3,datum_ta,oracle_target,replace,1.0,detector_cleanup_delta,3,-0.00040905640320934637,0.004355743082791204,-0.011229322057866616,0.010411209251447924
P3,datum_ta,oracle_target,replace,1.0,decision_regret,3,0.00047922182378866,0.0005066725368747925,-0.0007794225325702215,0.0017378661801475417
P3,datum_ta,source_only,append,0.0,detection_auroc,5,0.6372632489912258,0.07588342789138525,0.5430415285182013,0.7314849694642502
P3,datum_ta,source_only,append,0.0,contaminated_utility_delta,5,-0.0027938617505738317,0.0022866116985329307,-0.005633065174513731,4.534167336606729e-05
P3,datum_ta,source_only,append,0.0,detector_cleanup_delta,3,0.0001146508715343199,0.0012742364721745009,-0.0030507280026820576,0.0032800297457506976
P3,datum_ta,source_only,append,0.0,decision_regret,3,0.00012396826005466667,0.00011657740266262571,-0.00016562606223746517,0.0004135625823467985
P3,datum_ta,source_only,append,0.050332383665717,detection_auroc,5,0.6372632489912258,0.07588342789138525,0.5430415285182013,0.7314849694642502
P3,datum_ta,source_only,append,0.050332383665717,contaminated_utility_delta,5,0.0004679900183363199,0.0012654748668543324,-0.0011033045644684063,0.0020392846011410464
P3,datum_ta,source_only,append,0.050332383665717,detector_cleanup_delta,3,0.0009314657098675267,0.0015367480518750157,-0.0028860280792540522,0.004748959498989106
P3,datum_ta,source_only,append,0.050332383665717,decision_regret,3,0.00029873240289396,0.00031813923663971493,-0.0004915692724302182,0.0010890340782181381
P3,datum_ta,source_only,append,0.0999099909990999,detection_auroc,5,0.6372632489912258,0.07588342789138525,0.5430415285182013,0.7314849694642502
P3,datum_ta,source_only,append,0.0999099909990999,contaminated_utility_delta,5,0.005560613102009909,0.0035248156311384698,0.0011839764325193925,0.009937249771500425
P3,datum_ta,source_only,append,0.0999099909990999,detector_cleanup_delta,3,0.007053793651618033,0.0031134079761127656,-0.0006803405139079594,0.014787927817144025
P3,datum_ta,source_only,append,0.0999099909990999,decision_regret,3,0.0005413021760216267,0.00047577084039111925,-0.0006405781107450998,0.001723182462788353
P3,datum_ta,source_only,append,0.2498124531132783,detection_auroc,5,0.6372632489912258,0.07588342789138525,0.5430415285182013,0.7314849694642502
P3,datum_ta,source_only,append,0.2498124531132783,contaminated_utility_delta,5,0.00414983797331696,0.0033582891853609683,-2.002880370280142e-05,0.00831970475033672
P3,datum_ta,source_only,append,0.2498124531132783,detector_cleanup_delta,3,0.00479845956786204,0.004481510824091418,-0.0063342304758807495,0.015931149611604828
P3,datum_ta,source_only,append,0.2498124531132783,decision_regret,3,0.00021464524326699334,9.101527665046615e-05,-1.1449237805818892e-05,0.0004407397243398056
P3,datum_ta,source_only,append,0.5,detection_auroc,5,0.6372632489912258,0.07588342789138525,0.5430415285182013,0.7314849694642502
P3,datum_ta,source_only,append,0.5,contaminated_utility_delta,5,0.0011726112751323002,0.006474805225202731,-0.006866921268383547,0.009212143818648148
P3,datum_ta,source_only,append,0.5,detector_cleanup_delta,3,0.005167057537493341,0.004294301266028851,-0.005500578183066115,0.015834693258052798
P3,datum_ta,source_only,append,0.5,decision_regret,3,0.00011414302645123208,9.431968411778258e-05,-0.00012016005782613029,0.00034844611072859446
P3,datum_ta,source_only,append,0.75,detection_auroc,5,0.6372632489912258,0.07588342789138525,0.5430415285182013,0.7314849694642502
P3,datum_ta,source_only,append,0.75,contaminated_utility_delta,5,-0.002614988360223368,0.005677096828840272,-0.009664035106911089,0.004434058386464354
P3,datum_ta,source_only,append,0.75,detector_cleanup_delta,3,0.0008209642358691535,0.00285764888731056,-0.006277829132040378,0.007919757603778685
P3,datum_ta,source_only,append,0.75,decision_regret,3,1.9499331451486667e-05,3.377383278760068e-05,-6.439952024654196e-05,0.0001033981831495153
P3,datum_ta,source_only,replace,0.0,detection_auroc,5,0.6372632489912258,0.07588342789138525,0.5430415285182013,0.7314849694642502
P3,datum_ta,source_only,replace,0.0,contaminated_utility_delta,5,-0.0027938617505738317,0.0022866116985329307,-0.005633065174513731,4.534167336606729e-05
P3,datum_ta,source_only,replace,0.0,detector_cleanup_delta,3,0.0001146508715343199,0.0012742364721745009,-0.0030507280026820576,0.0032800297457506976
P3,datum_ta,source_only,replace,0.0,decision_regret,3,0.00012396826005466667,0.00011657740266262571,-0.00016562606223746517,0.0004135625823467985
P3,datum_ta,source_only,replace,0.05,detection_auroc,5,0.6372632489912258,0.07588342789138525,0.5430415285182013,0.7314849694642502
P3,datum_ta,source_only,replace,0.05,contaminated_utility_delta,5,-0.0002707150697336798,0.005501207509826954,-0.007101366381333989,0.006559936241866629
P3,datum_ta,source_only,replace,0.05,detector_cleanup_delta,3,0.0013951150034075867,0.007764909491112605,-0.017893989491793303,0.020684219498608474
P3,datum_ta,source_only,replace,0.05,decision_regret,3,0.0002516533822459632,0.0002981810005564007,-0.000489069286163638,0.0009923760506555645
P3,datum_ta,source_only,replace,0.1,detection_auroc,5,0.6372632489912258,0.07588342789138525,0.5430415285182013,0.7314849694642502
P3,datum_ta,source_only,replace,0.1,contaminated_utility_delta,5,0.0009881433528816839,0.0073036326914739285,-0.008080514416225553,0.010056801121988921
P3,datum_ta,source_only,replace,0.1,detector_cleanup_delta,3,0.00455945719898784,0.005528124025638337,-0.0091731641683334,0.018292078566309083
P3,datum_ta,source_only,replace,0.1,decision_regret,3,0.0006386160138636186,0.0004750277733144227,-0.0005414183919555259,0.0018186504196827631
P3,datum_ta,source_only,replace,0.25,detection_auroc,5,0.6372632489912258,0.07588342789138525,0.5430415285182013,0.7314849694642502
P3,datum_ta,source_only,replace,0.25,contaminated_utility_delta,5,-0.0008075889720288157,0.0035011100245576623,-0.005154791243272361,0.00353961329921473
P3,datum_ta,source_only,replace,0.25,detector_cleanup_delta,3,0.0008518572639862934,0.005005603043671438,-0.011582750026850159,0.013286464554822746
P3,datum_ta,source_only,replace,0.25,decision_regret,3,0.00035280076997977884,0.0004885054737700703,-0.0008607140998089147,0.0015663156397684723
P3,datum_ta,source_only,replace,0.5,detection_auroc,5,0.6372632489912258,0.07588342789138525,0.5430415285182013,0.7314849694642502
P3,datum_ta,source_only,replace,0.5,contaminated_utility_delta,5,-0.004258383986470044,0.007260973895939181,-0.013274073864955048,0.00475730589201496
P3,datum_ta,source_only,replace,0.5,detector_cleanup_delta,3,-0.0008215627381877302,0.005696813046356778,-0.014973230863433884,0.013330105387058422
P3,datum_ta,source_only,replace,0.5,decision_regret,3,0.00060346460263222,0.0005783975648752372,-0.000833354600658915,0.002040283805923355
P3,datum_ta,source_only,replace,0.75,detection_auroc,5,0.6372632489912258,0.07588342789138525,0.5430415285182013,0.7314849694642502
P3,datum_ta,source_only,replace,0.75,contaminated_utility_delta,5,-0.004380632058192464,0.009884043488187548,-0.016653293014155295,0.007892028897770367
P3,datum_ta,source_only,replace,0.75,detector_cleanup_delta,3,0.0012884445190045933,0.000715010269362095,-0.00048773945540654846,0.003064628493415735
P3,datum_ta,source_only,replace,0.75,decision_regret,3,0.0004178242772692388,0.0004176497945334416,-0.0006196753276360603,0.001455323882174538
P3,datum_ta,source_only,replace,1.0,detection_auroc,5,0.6372632489912258,0.07588342789138525,0.5430415285182013,0.7314849694642502
P3,datum_ta,source_only,replace,1.0,contaminated_utility_delta,5,-0.0052920038746773635,0.00622431173065685,-0.013020507664231337,0.002436499914876611
P3,datum_ta,source_only,replace,1.0,detector_cleanup_delta,3,-0.0025215987178734936,0.00484934875039164,-0.014568048826150705,0.009524851390403719
P3,datum_ta,source_only,replace,1.0,decision_regret,3,0.0007171060816595631,0.0007349574585727896,-0.0011086294577132845,0.002542841621032411
P3,datum_ta,target_real_anchor,append,0.0,detection_auroc,5,0.6372632489912258,0.07588342789138525,0.5430415285182013,0.7314849694642502
P3,datum_ta,target_real_anchor,append,0.0,contaminated_utility_delta,5,-0.0027938617505738317,0.0022866116985329307,-0.005633065174513731,4.534167336606729e-05
P3,datum_ta,target_real_anchor,append,0.0,detector_cleanup_delta,5,-0.001322689055923264,0.002477731620737012,-0.004399199206603475,0.0017538210947569467
P3,datum_ta,target_real_anchor,append,0.0,decision_regret,5,0.0006569163102509319,0.000464842711756685,7.973785023524665e-05,0.0012340947702666172
P3,datum_ta,target_real_anchor,append,0.050332383665717,detection_auroc,5,0.6372632489912258,0.07588342789138525,0.5430415285182013,0.7314849694642502
P3,datum_ta,target_real_anchor,append,0.050332383665717,contaminated_utility_delta,5,0.0004679900183363199,0.0012654748668543324,-0.0011033045644684063,0.0020392846011410464
P3,datum_ta,target_real_anchor,append,0.050332383665717,detector_cleanup_delta,5,0.0015902608311593644,0.001663324418077047,-0.0004750292161001309,0.00365555087841886
P3,datum_ta,target_real_anchor,append,0.050332383665717,decision_regret,5,0.0007679811637744161,0.0006045121375618003,1.7380206086727327e-05,0.0015185821214621048
P3,datum_ta,target_real_anchor,append,0.0999099909990999,detection_auroc,5,0.6372632489912258,0.07588342789138525,0.5430415285182013,0.7314849694642502
P3,datum_ta,target_real_anchor,append,0.0999099909990999,contaminated_utility_delta,5,0.005560613102009909,0.0035248156311384698,0.0011839764325193925,0.009937249771500425
P3,datum_ta,target_real_anchor,append,0.0999099909990999,detector_cleanup_delta,5,0.0055871502791272525,0.004450070971729602,6.165736407896544e-05,0.011112643194175539
P3,datum_ta,target_real_anchor,append,0.0999099909990999,decision_regret,5,0.00139327537763124,0.0013416700199949721,-0.00027262798366584095,0.0030591787389283214
P3,datum_ta,target_real_anchor,append,0.2498124531132783,detection_auroc,5,0.6372632489912258,0.07588342789138525,0.5430415285182013,0.7314849694642502
P3,datum_ta,target_real_anchor,append,0.2498124531132783,contaminated_utility_delta,5,0.00414983797331696,0.0033582891853609683,-2.002880370280142e-05,0.00831970475033672
P3,datum_ta,target_real_anchor,append,0.2498124531132783,detector_cleanup_delta,5,0.004302820032208691,0.0033423626153505667,0.00015272870378571675,0.008452911360631666
P3,datum_ta,target_real_anchor,append,0.2498124531132783,decision_regret,5,0.001024755426073548,0.001364844969078085,-0.0006699234351602397,0.0027194342873073356
P3,datum_ta,target_real_anchor,append,0.5,detection_auroc,5,0.6372632489912258,0.07588342789138525,0.5430415285182013,0.7314849694642502
P3,datum_ta,target_real_anchor,append,0.5,contaminated_utility_delta,5,0.0011726112751323002,0.006474805225202731,-0.006866921268383547,0.009212143818648148
P3,datum_ta,target_real_anchor,append,0.5,detector_cleanup_delta,5,0.002637074710975604,0.007976919325945592,-0.007267578832626876,0.012541728254578085
P3,datum_ta,target_real_anchor,append,0.5,decision_regret,5,0.00045789993791114805,0.0007258863369284433,-0.0004434069934409075,0.0013592068692632035
P3,datum_ta,target_real_anchor,append,0.75,detection_auroc,5,0.6372632489912258,0.07588342789138525,0.5430415285182013,0.7314849694642502
P3,datum_ta,target_real_anchor,append,0.75,contaminated_utility_delta,5,-0.002614988360223368,0.005677096828840272,-0.009664035106911089,0.004434058386464354
P3,datum_ta,target_real_anchor,append,0.75,detector_cleanup_delta,5,-0.0016988139954975158,0.007306575031939128,-0.010771125162830849,0.007373497171835817
P3,datum_ta,target_real_anchor,append,0.75,decision_regret,5,0.0005781684085027999,0.0009745870557626339,-0.000631941251753067,0.0017882780687586669
P3,datum_ta,target_real_anchor,replace,0.0,detection_auroc,5,0.6372632489912258,0.07588342789138525,0.5430415285182013,0.7314849694642502
P3,datum_ta,target_real_anchor,replace,0.0,contaminated_utility_delta,5,-0.0027938617505738317,0.0022866116985329307,-0.005633065174513731,4.534167336606729e-05
P3,datum_ta,target_real_anchor,replace,0.0,detector_cleanup_delta,5,-0.001322689055923264,0.002477731620737012,-0.004399199206603475,0.0017538210947569467
P3,datum_ta,target_real_anchor,replace,0.0,decision_regret,5,0.0006569163102509319,0.000464842711756685,7.973785023524665e-05,0.0012340947702666172
P3,datum_ta,target_real_anchor,replace,0.05,detection_auroc,5,0.6372632489912258,0.07588342789138525,0.5430415285182013,0.7314849694642502
P3,datum_ta,target_real_anchor,replace,0.05,contaminated_utility_delta,5,-0.0002707150697336798,0.005501207509826954,-0.007101366381333989,0.006559936241866629
P3,datum_ta,target_real_anchor,replace,0.05,detector_cleanup_delta,5,-0.0003555180589459916,0.006793561385235488,-0.00879083865058019,0.008079802532688207
P3,datum_ta,target_real_anchor,replace,0.05,decision_regret,5,0.0007641511043218722,0.0007358307678107805,-0.00014950346883940713,0.0016778056774831517
P3,datum_ta,target_real_anchor,replace,0.1,detection_auroc,5,0.6372632489912258,0.07588342789138525,0.5430415285182013,0.7314849694642502
P3,datum_ta,target_real_anchor,replace,0.1,contaminated_utility_delta,5,0.0009881433528816839,0.0073036326914739285,-0.008080514416225553,0.010056801121988921
P3,datum_ta,target_real_anchor,replace,0.1,detector_cleanup_delta,5,0.00179749973203746,0.008167735833784951,-0.008344083799612118,0.011939083263687037
P3,datum_ta,target_real_anchor,replace,0.1,decision_regret,5,0.000721830412858004,0.0004225597411233405,0.00019715319521484943,0.0012465076305011587
P3,datum_ta,target_real_anchor,replace,0.25,detection_auroc,5,0.6372632489912258,0.07588342789138525,0.5430415285182013,0.7314849694642502
P3,datum_ta,target_real_anchor,replace,0.25,contaminated_utility_delta,5,-0.0008075889720288157,0.0035011100245576623,-0.005154791243272361,0.00353961329921473
P3,datum_ta,target_real_anchor,replace,0.25,detector_cleanup_delta,5,-0.0005993779891792156,0.004365526061281517,-0.006019894532692755,0.004821138554334323
P3,datum_ta,target_real_anchor,replace,0.25,decision_regret,5,0.0008659998097136131,0.0005636207235844103,0.00016617224859729566,0.0015658273708299307
P3,datum_ta,target_real_anchor,replace,0.5,detection_auroc,5,0.6372632489912258,0.07588342789138525,0.5430415285182013,0.7314849694642502
P3,datum_ta,target_real_anchor,replace,0.5,contaminated_utility_delta,5,-0.004258383986470044,0.007260973895939181,-0.013274073864955048,0.00475730589201496
P3,datum_ta,target_real_anchor,replace,0.5,detector_cleanup_delta,5,-0.003682553035326268,0.009403982966676388,-0.015359140124769768,0.007994034054117232
P3,datum_ta,target_real_anchor,replace,0.5,decision_regret,5,0.001140552790075868,0.0014851062996987976,-0.0007034502357657387,0.002984555815917475
P3,datum_ta,target_real_anchor,replace,0.75,detection_auroc,5,0.6372632489912258,0.07588342789138525,0.5430415285182013,0.7314849694642502
P3,datum_ta,target_real_anchor,replace,0.75,contaminated_utility_delta,5,-0.004380632058192464,0.009884043488187548,-0.016653293014155295,0.007892028897770367
P3,datum_ta,target_real_anchor,replace,0.75,detector_cleanup_delta,5,-0.004652720226333208,0.011837798910539123,-0.01935128895152538,0.010045848498858962
P3,datum_ta,target_real_anchor,replace,0.75,decision_regret,5,0.00128266650895494,0.001501170095039454,-0.0005812823532356729,0.003146615371145553
P3,datum_ta,target_real_anchor,replace,1.0,detection_auroc,5,0.6372632489912258,0.07588342789138525,0.5430415285182013,0.7314849694642502
P3,datum_ta,target_real_anchor,replace,1.0,contaminated_utility_delta,5,-0.0052920038746773635,0.00622431173065685,-0.013020507664231337,0.002436499914876611
P3,datum_ta,target_real_anchor,replace,1.0,detector_cleanup_delta,5,-0.005491360491097599,0.008943832628423217,-0.01659659547177085,0.005613874489575652
P3,datum_ta,target_real_anchor,replace,1.0,decision_regret,5,0.0016543193312569479,0.0020828470429308755,-0.0009318768557154903,0.004240515518229386
P3,datum_transformer,oracle_target,append,0.0,detection_auroc,3,0.5703111933543873,0.02759710451287111,0.5017561852988489,0.6388662014099257
P3,datum_transformer,oracle_target,append,0.0,contaminated_utility_delta,3,-0.0016584635934952397,0.0022262718848555696,-0.007188829539274449,0.0038719023522839693
P3,datum_transformer,oracle_target,append,0.0,detector_cleanup_delta,3,-0.003066764812675074,0.003422917791154071,-0.01156976398190204,0.005436234356551892
P3,datum_transformer,oracle_target,append,0.0,decision_regret,3,0.00032231926177163996,0.0003702162075736567,-0.0005973487809632688,0.0012419873045065488
P3,datum_transformer,oracle_target,append,0.050332383665717,detection_auroc,3,0.5703111933543873,0.02759710451287111,0.5017561852988489,0.6388662014099257
P3,datum_transformer,oracle_target,append,0.050332383665717,contaminated_utility_delta,3,-6.163925960654009e-05,0.0014597958665857967,-0.0036879732232495714,0.0035646947040364916
P3,datum_transformer,oracle_target,append,0.050332383665717,detector_cleanup_delta,3,-0.0003670719194042332,0.0023615139152814244,-0.006233397693177994,0.005499253854369527
P3,datum_transformer,oracle_target,append,0.050332383665717,decision_regret,3,0.0011721482280221732,0.0003209377903959574,0.0003748945597737526,0.0019694018962705937
P3,datum_transformer,oracle_target,append,0.0999099909990999,detection_auroc,3,0.5703111933543873,0.02759710451287111,0.5017561852988489,0.6388662014099257
P3,datum_transformer,oracle_target,append,0.0999099909990999,contaminated_utility_delta,3,0.006396092627290369,0.00226771032572576,0.0007627878878293838,0.012029397366751354
P3,datum_transformer,oracle_target,append,0.0999099909990999,detector_cleanup_delta,3,0.006597784626272188,0.0019088649336300356,0.0018559012580040262,0.01133966799454035
P3,datum_transformer,oracle_target,append,0.0999099909990999,decision_regret,3,0.00105868139804844,0.000592981731073725,-0.0004143668824907927,0.002531729678587673
P3,datum_transformer,oracle_target,append,0.2498124531132783,detection_auroc,3,0.5703111933543873,0.02759710451287111,0.5017561852988489,0.6388662014099257
P3,datum_transformer,oracle_target,append,0.2498124531132783,contaminated_utility_delta,3,0.004062079100645886,0.004701106260083639,-0.007616116246973435,0.015740274448265208
P3,datum_transformer,oracle_target,append,0.2498124531132783,detector_cleanup_delta,3,0.0036572829416585337,0.0052126210446567945,-0.00929158557243681,0.01660615145575388
P3,datum_transformer,oracle_target,append,0.2498124531132783,decision_regret,3,0.00118701415269228,0.0007980412489926071,-0.0007954302094625907,0.0031694585148471506
P3,datum_transformer,oracle_target,append,0.5,detection_auroc,3,0.5703111933543873,0.02759710451287111,0.5017561852988489,0.6388662014099257
P3,datum_transformer,oracle_target,append,0.5,contaminated_utility_delta,3,0.004600286248136313,0.004566381770702954,-0.006743234914716145,0.01594380741098877
P3,datum_transformer,oracle_target,append,0.5,detector_cleanup_delta,3,0.00523432488221334,0.004197240803931994,-0.005192199284131401,0.015660849048558082
P3,datum_transformer,oracle_target,append,0.5,decision_regret,3,0.0002804852667897633,0.0002723458545220115,-0.00039605934106723455,0.0009570298746467611
P3,datum_transformer,oracle_target,append,0.75,detection_auroc,3,0.5703111933543873,0.02759710451287111,0.5017561852988489,0.6388662014099257
P3,datum_transformer,oracle_target,append,0.75,contaminated_utility_delta,3,0.00027988376947711335,0.0029838705042145907,-0.007132461477021824,0.0076922290159760496
P3,datum_transformer,oracle_target,append,0.75,detector_cleanup_delta,3,0.000829278674269847,0.0033115407860189977,-0.007397044676279275,0.00905560202481897
P3,datum_transformer,oracle_target,append,0.75,decision_regret,3,0.0001446505464725547,0.00017291619544254874,-0.0002848970955986712,0.0005741981885437806
P3,datum_transformer,oracle_target,replace,0.0,detection_auroc,3,0.5703111933543873,0.02759710451287111,0.5017561852988489,0.6388662014099257
P3,datum_transformer,oracle_target,replace,0.0,contaminated_utility_delta,3,-0.0016584635934952397,0.0022262718848555696,-0.007188829539274449,0.0038719023522839693
P3,datum_transformer,oracle_target,replace,0.0,detector_cleanup_delta,3,-0.003066764812675074,0.003422917791154071,-0.01156976398190204,0.005436234356551892
P3,datum_transformer,oracle_target,replace,0.0,decision_regret,3,0.00032231926177163996,0.0003702162075736567,-0.0005973487809632688,0.0012419873045065488
P3,datum_transformer,oracle_target,replace,0.05,detection_auroc,3,0.5703111933543873,0.02759710451287111,0.5017561852988489,0.6388662014099257
P3,datum_transformer,oracle_target,replace,0.05,contaminated_utility_delta,3,0.0007921452153741203,0.006831294972141388,-0.016177732245012722,0.01776202267576096
P3,datum_transformer,oracle_target,replace,0.05,detector_cleanup_delta,3,0.0007056199595221139,0.007545703805871162,-0.018038947426340428,0.01945018734538466
P3,datum_transformer,oracle_target,replace,0.05,decision_regret,3,0.0009345862304242533,0.0009381262097324991,-0.0013958484655536472,0.0032650209264021538
P3,datum_transformer,oracle_target,replace,0.1,detection_auroc,3,0.5703111933543873,0.02759710451287111,0.5017561852988489,0.6388662014099257
P3,datum_transformer,oracle_target,replace,0.1,contaminated_utility_delta,3,0.0043608887343188334,0.005778286459540278,-0.009993170569121468,0.018714948037759135
P3,datum_transformer,oracle_target,replace,0.1,detector_cleanup_delta,3,0.0034336824912350934,0.005575174499977975,-0.010415818733748985,0.01728318371621917
P3,datum_transformer,oracle_target,replace,0.1,decision_regret,3,0.00149870044191946,0.00023976319953711344,0.0009030956360593971,0.002094305247779523
P3,datum_transformer,oracle_target,replace,0.25,detection_auroc,3,0.5703111933543873,0.02759710451287111,0.5017561852988489,0.6388662014099257
P3,datum_transformer,oracle_target,replace,0.25,contaminated_utility_delta,3,0.000584542407090327,0.004022158470104343,-0.009407053131131885,0.01057613794531254
P3,datum_transformer,oracle_target,replace,0.25,detector_cleanup_delta,3,0.0011716786368303532,0.004843073503874705,-0.01085918289492361,0.013202540168584315
P3,datum_transformer,oracle_target,replace,0.25,decision_regret,3,0.0007678512141990867,0.0005639757614055905,-0.0006331422432216469,0.00216884467161982
P3,datum_transformer,oracle_target,replace,0.5,detection_auroc,3,0.5703111933543873,0.02759710451287111,0.5017561852988489,0.6388662014099257
P3,datum_transformer,oracle_target,replace,0.5,contaminated_utility_delta,3,-0.0011032468114522,0.006424410086059565,-0.01706236618198195,0.01485587255907755
P3,datum_transformer,oracle_target,replace,0.5,detector_cleanup_delta,3,-0.0015269497993738066,0.005584692103262455,-0.015400094061602337,0.012346194462854725
P3,datum_transformer,oracle_target,replace,0.5,decision_regret,3,0.0011015368907591834,0.0003724505793197598,0.00017631836090771058,0.0020267554206106564
P3,datum_transformer,oracle_target,replace,0.75,detection_auroc,3,0.5703111933543873,0.02759710451287111,0.5017561852988489,0.6388662014099257
P3,datum_transformer,oracle_target,replace,0.75,contaminated_utility_delta,3,0.0011656937076229266,0.0005756182622139841,-0.0002642213251150215,0.0025956087403608747
P3,datum_transformer,oracle_target,replace,0.75,detector_cleanup_delta,3,0.0013444097773589088,0.0013629970494683891,-0.0020414625942299465,0.004730282148947764
P3,datum_transformer,oracle_target,replace,0.75,decision_regret,3,0.0005045957089954933,0.00033426506460336377,-0.0003257647437063829,0.0013349561616973695
P3,datum_transformer,oracle_target,replace,1.0,detection_auroc,3,0.5703111933543873,0.02759710451287111,0.5017561852988489,0.6388662014099257
P3,datum_transformer,oracle_target,replace,1.0,contaminated_utility_delta,3,-0.0021647418693079732,0.004283957847572938,-0.01280668311401268,0.008477199375396732
P3,datum_transformer,oracle_target,replace,1.0,detector_cleanup_delta,3,-0.0021778544278873335,0.0038970134070454364,-0.01185857239552554,0.0075028635397508744
P3,datum_transformer,oracle_target,replace,1.0,decision_regret,3,0.0007063180579800934,0.0003423699135764339,-0.00014417595570382735,0.0015568120716640142
P3,datum_transformer,source_only,append,0.0,detection_auroc,5,0.4973558411934107,0.10451280122592321,0.3675860585597556,0.6271256238270657
P3,datum_transformer,source_only,append,0.0,contaminated_utility_delta,5,-0.0027938617505738317,0.0022866116985329307,-0.005633065174513731,4.534167336606729e-05
P3,datum_transformer,source_only,append,0.0,detector_cleanup_delta,0,,,,
P3,datum_transformer,source_only,append,0.0,decision_regret,0,,,,
P3,datum_transformer,source_only,append,0.050332383665717,detection_auroc,5,0.4973558411934107,0.10451280122592321,0.3675860585597556,0.6271256238270657
P3,datum_transformer,source_only,append,0.050332383665717,contaminated_utility_delta,5,0.0004679900183363199,0.0012654748668543324,-0.0011033045644684063,0.0020392846011410464
P3,datum_transformer,source_only,append,0.050332383665717,detector_cleanup_delta,0,,,,
P3,datum_transformer,source_only,append,0.050332383665717,decision_regret,0,,,,
P3,datum_transformer,source_only,append,0.0999099909990999,detection_auroc,5,0.4973558411934107,0.10451280122592321,0.3675860585597556,0.6271256238270657
P3,datum_transformer,source_only,append,0.0999099909990999,contaminated_utility_delta,5,0.005560613102009909,0.0035248156311384698,0.0011839764325193925,0.009937249771500425
P3,datum_transformer,source_only,append,0.0999099909990999,detector_cleanup_delta,0,,,,
P3,datum_transformer,source_only,append,0.0999099909990999,decision_regret,0,,,,
P3,datum_transformer,source_only,append,0.2498124531132783,detection_auroc,5,0.4973558411934107,0.10451280122592321,0.3675860585597556,0.6271256238270657
P3,datum_transformer,source_only,append,0.2498124531132783,contaminated_utility_delta,5,0.00414983797331696,0.0033582891853609683,-2.002880370280142e-05,0.00831970475033672
P3,datum_transformer,source_only,append,0.2498124531132783,detector_cleanup_delta,0,,,,
P3,datum_transformer,source_only,append,0.2498124531132783,decision_regret,0,,,,
P3,datum_transformer,source_only,append,0.5,detection_auroc,5,0.4973558411934107,0.10451280122592321,0.3675860585597556,0.6271256238270657
P3,datum_transformer,source_only,append,0.5,contaminated_utility_delta,5,0.0011726112751323002,0.006474805225202731,-0.006866921268383547,0.009212143818648148
P3,datum_transformer,source_only,append,0.5,detector_cleanup_delta,0,,,,
P3,datum_transformer,source_only,append,0.5,decision_regret,0,,,,
P3,datum_transformer,source_only,append,0.75,detection_auroc,5,0.4973558411934107,0.10451280122592321,0.3675860585597556,0.6271256238270657
P3,datum_transformer,source_only,append,0.75,contaminated_utility_delta,5,-0.002614988360223368,0.005677096828840272,-0.009664035106911089,0.004434058386464354
P3,datum_transformer,source_only,append,0.75,detector_cleanup_delta,0,,,,
P3,datum_transformer,source_only,append,0.75,decision_regret,0,,,,
P3,datum_transformer,source_only,replace,0.0,detection_auroc,5,0.4973558411934107,0.10451280122592321,0.3675860585597556,0.6271256238270657
P3,datum_transformer,source_only,replace,0.0,contaminated_utility_delta,5,-0.0027938617505738317,0.0022866116985329307,-0.005633065174513731,4.534167336606729e-05
P3,datum_transformer,source_only,replace,0.0,detector_cleanup_delta,0,,,,
P3,datum_transformer,source_only,replace,0.0,decision_regret,0,,,,
P3,datum_transformer,source_only,replace,0.05,detection_auroc,5,0.4973558411934107,0.10451280122592321,0.3675860585597556,0.6271256238270657
P3,datum_transformer,source_only,replace,0.05,contaminated_utility_delta,5,-0.0002707150697336798,0.005501207509826954,-0.007101366381333989,0.006559936241866629
P3,datum_transformer,source_only,replace,0.05,detector_cleanup_delta,0,,,,
P3,datum_transformer,source_only,replace,0.05,decision_regret,0,,,,
P3,datum_transformer,source_only,replace,0.1,detection_auroc,5,0.4973558411934107,0.10451280122592321,0.3675860585597556,0.6271256238270657
P3,datum_transformer,source_only,replace,0.1,contaminated_utility_delta,5,0.0009881433528816839,0.0073036326914739285,-0.008080514416225553,0.010056801121988921
P3,datum_transformer,source_only,replace,0.1,detector_cleanup_delta,0,,,,
P3,datum_transformer,source_only,replace,0.1,decision_regret,0,,,,
P3,datum_transformer,source_only,replace,0.25,detection_auroc,5,0.4973558411934107,0.10451280122592321,0.3675860585597556,0.6271256238270657
P3,datum_transformer,source_only,replace,0.25,contaminated_utility_delta,5,-0.0008075889720288157,0.0035011100245576623,-0.005154791243272361,0.00353961329921473
P3,datum_transformer,source_only,replace,0.25,detector_cleanup_delta,0,,,,
P3,datum_transformer,source_only,replace,0.25,decision_regret,0,,,,
P3,datum_transformer,source_only,replace,0.5,detection_auroc,5,0.4973558411934107,0.10451280122592321,0.3675860585597556,0.6271256238270657
P3,datum_transformer,source_only,replace,0.5,contaminated_utility_delta,5,-0.004258383986470044,0.007260973895939181,-0.013274073864955048,0.00475730589201496
P3,datum_transformer,source_only,replace,0.5,detector_cleanup_delta,0,,,,
P3,datum_transformer,source_only,replace,0.5,decision_regret,0,,,,
P3,datum_transformer,source_only,replace,0.75,detection_auroc,5,0.4973558411934107,0.10451280122592321,0.3675860585597556,0.6271256238270657
P3,datum_transformer,source_only,replace,0.75,contaminated_utility_delta,5,-0.004380632058192464,0.009884043488187548,-0.016653293014155295,0.007892028897770367
P3,datum_transformer,source_only,replace,0.75,detector_cleanup_delta,0,,,,
P3,datum_transformer,source_only,replace,0.75,decision_regret,0,,,,
P3,datum_transformer,source_only,replace,1.0,detection_auroc,5,0.4973558411934107,0.10451280122592321,0.3675860585597556,0.6271256238270657
P3,datum_transformer,source_only,replace,1.0,contaminated_utility_delta,5,-0.0052920038746773635,0.00622431173065685,-0.013020507664231337,0.002436499914876611
P3,datum_transformer,source_only,replace,1.0,detector_cleanup_delta,0,,,,
P3,datum_transformer,source_only,replace,1.0,decision_regret,0,,,,
P3,datum_transformer,target_real_anchor,append,0.0,detection_auroc,5,0.4973558411934107,0.10451280122592321,0.3675860585597556,0.6271256238270657
P3,datum_transformer,target_real_anchor,append,0.0,contaminated_utility_delta,5,-0.0027938617505738317,0.0022866116985329307,-0.005633065174513731,4.534167336606729e-05
P3,datum_transformer,target_real_anchor,append,0.0,detector_cleanup_delta,5,-0.004127994195618165,0.002835616539620483,-0.0076488771655760564,-0.0006071112256602743
P3,datum_transformer,target_real_anchor,append,0.0,decision_regret,5,0.001691085352385492,0.0008866586416660255,0.0005901532383325364,0.0027920174664384477
P3,datum_transformer,target_real_anchor,append,0.050332383665717,detection_auroc,5,0.4973558411934107,0.10451280122592321,0.3675860585597556,0.6271256238270657
P3,datum_transformer,target_real_anchor,append,0.050332383665717,contaminated_utility_delta,5,0.0004679900183363199,0.0012654748668543324,-0.0011033045644684063,0.0020392846011410464
P3,datum_transformer,target_real_anchor,append,0.050332383665717,detector_cleanup_delta,5,-4.5862586783920745e-06,0.002048626122853114,-0.0025482915612048654,0.0025391190438480813
P3,datum_transformer,target_real_anchor,append,0.050332383665717,decision_regret,5,0.001208303340932624,0.000582450116429745,0.0004850960006122188,0.001931510681253029
P3,datum_transformer,target_real_anchor,append,0.0999099909990999,detection_auroc,5,0.4973558411934107,0.10451280122592321,0.3675860585597556,0.6271256238270657
P3,datum_transformer,target_real_anchor,append,0.0999099909990999,contaminated_utility_delta,5,0.005560613102009909,0.0035248156311384698,0.0011839764325193925,0.009937249771500425
P3,datum_transformer,target_real_anchor,append,0.0999099909990999,detector_cleanup_delta,5,0.005137385996011876,0.003413758808088297,0.0008986445854576447,0.009376127406566107
P3,datum_transformer,target_real_anchor,append,0.0999099909990999,decision_regret,5,0.0011782668498154202,0.00046530451642796245,0.0006005149835652073,0.001756018716065633
P3,datum_transformer,target_real_anchor,append,0.2498124531132783,detection_auroc,5,0.4973558411934107,0.10451280122592321,0.3675860585597556,0.6271256238270657
P3,datum_transformer,target_real_anchor,append,0.2498124531132783,contaminated_utility_delta,5,0.00414983797331696,0.0033582891853609683,-2.002880370280142e-05,0.00831970475033672
P3,datum_transformer,target_real_anchor,append,0.2498124531132783,detector_cleanup_delta,5,0.00346848620789668,0.003615108028788323,-0.0010202632810671574,0.007957235696860517
P3,datum_transformer,target_real_anchor,append,0.2498124531132783,decision_regret,5,0.0010068775821130643,0.00036603424371710027,0.0005523860395797986,0.00146136912464633
P3,datum_transformer,target_real_anchor,append,0.5,detection_auroc,5,0.4973558411934107,0.10451280122592321,0.3675860585597556,0.6271256238270657
P3,datum_transformer,target_real_anchor,append,0.5,contaminated_utility_delta,5,0.0011726112751323002,0.006474805225202731,-0.006866921268383547,0.009212143818648148
P3,datum_transformer,target_real_anchor,append,0.5,detector_cleanup_delta,5,0.00137127575873644,0.006820396366360423,-0.007097364862853067,0.009839916380325947
P3,datum_transformer,target_real_anchor,append,0.5,decision_regret,5,0.000312375272993577,0.00021645347407165134,4.3612786952675607e-05,0.0005811377590344784
P3,datum_transformer,target_real_anchor,append,0.75,detection_auroc,5,0.4973558411934107,0.10451280122592321,0.3675860585597556,0.6271256238270657
P3,datum_transformer,target_real_anchor,append,0.75,contaminated_utility_delta,5,-0.002614988360223368,0.005677096828840272,-0.009664035106911089,0.004434058386464354
P3,datum_transformer,target_real_anchor,append,0.75,detector_cleanup_delta,5,-0.0020990714347776237,0.005884944889431697,-0.009406195635398193,0.005208052765842946
P3,datum_transformer,target_real_anchor,append,0.75,decision_regret,5,8.969674313674e-05,9.07232652950417e-05,-2.2951069179602264e-05,0.00020234455545308226
P3,datum_transformer,target_real_anchor,replace,0.0,detection_auroc,5,0.4973558411934107,0.10451280122592321,0.3675860585597556,0.6271256238270657
P3,datum_transformer,target_real_anchor,replace,0.0,contaminated_utility_delta,5,-0.0027938617505738317,0.0022866116985329307,-0.005633065174513731,4.534167336606729e-05
P3,datum_transformer,target_real_anchor,replace,0.0,detector_cleanup_delta,5,-0.004127994195618165,0.002835616539620483,-0.0076488771655760564,-0.0006071112256602743
P3,datum_transformer,target_real_anchor,replace,0.0,decision_regret,5,0.001691085352385492,0.0008866586416660255,0.0005901532383325364,0.0027920174664384477
P3,datum_transformer,target_real_anchor,replace,0.05,detection_auroc,5,0.4973558411934107,0.10451280122592321,0.3675860585597556,0.6271256238270657
P3,datum_transformer,target_real_anchor,replace,0.05,contaminated_utility_delta,5,-0.0002707150697336798,0.005501207509826954,-0.007101366381333989,0.006559936241866629
P3,datum_transformer,target_real_anchor,replace,0.05,detector_cleanup_delta,5,-0.0009124970258215556,0.0049638831863083295,-0.007075972069549596,0.005250978017906484
P3,datum_transformer,target_real_anchor,replace,0.05,decision_regret,5,0.0011610088714404721,0.0006019361656781153,0.00041360640530114015,0.001908411337579804
P3,datum_transformer,target_real_anchor,replace,0.1,detection_auroc,5,0.4973558411934107,0.10451280122592321,0.3675860585597556,0.6271256238270657
P3,datum_transformer,target_real_anchor,replace,0.1,contaminated_utility_delta,5,0.0009881433528816839,0.0073036326914739285,-0.008080514416225553,0.010056801121988921
P3,datum_transformer,target_real_anchor,replace,0.1,detector_cleanup_delta,5,-0.000269048018690856,0.00671725554066014,-0.008609622390263312,0.008071526352881601
P3,datum_transformer,target_real_anchor,replace,0.1,decision_regret,5,0.0018369255142265922,0.000569480150206131,0.0011298225140239674,0.002544028514429217
P3,datum_transformer,target_real_anchor,replace,0.25,detection_auroc,5,0.4973558411934107,0.10451280122592321,0.3675860585597556,0.6271256238270657
P3,datum_transformer,target_real_anchor,replace,0.25,contaminated_utility_delta,5,-0.0008075889720288157,0.0035011100245576623,-0.005154791243272361,0.00353961329921473
P3,datum_transformer,target_real_anchor,replace,0.25,detector_cleanup_delta,5,-0.0009087279267471675,0.00410434517724604,-0.006004945569534822,0.004187489716040487
P3,datum_transformer,target_real_anchor,replace,0.25,decision_regret,5,0.0009259901185463039,0.0007890904575016465,-5.37950938596279e-05,0.0019057753309522356
P3,datum_transformer,target_real_anchor,replace,0.5,detection_auroc,5,0.4973558411934107,0.10451280122592321,0.3675860585597556,0.6271256238270657
P3,datum_transformer,target_real_anchor,replace,0.5,contaminated_utility_delta,5,-0.004258383986470044,0.007260973895939181,-0.013274073864955048,0.00475730589201496
P3,datum_transformer,target_real_anchor,replace,0.5,detector_cleanup_delta,5,-0.00430038804544966,0.007065137561128773,-0.013072914997460404,0.004472138906561084
P3,datum_transformer,target_real_anchor,replace,0.5,decision_regret,5,0.000812788460105256,0.0006316645272315017,2.847335769949925e-05,0.001597103562511013
P3,datum_transformer,target_real_anchor,replace,0.75,detection_auroc,5,0.4973558411934107,0.10451280122592321,0.3675860585597556,0.6271256238270657
P3,datum_transformer,target_real_anchor,replace,0.75,contaminated_utility_delta,5,-0.004380632058192464,0.009884043488187548,-0.016653293014155295,0.007892028897770367
P3,datum_transformer,target_real_anchor,replace,0.75,detector_cleanup_delta,5,-0.004494785404062717,0.010464125549498876,-0.017487713371559653,0.008498142563434218
P3,datum_transformer,target_real_anchor,replace,0.75,decision_regret,5,0.000657897813406395,0.0004063893524542593,0.0001532987852106008,0.0011624968416021893
P3,datum_transformer,target_real_anchor,replace,1.0,detection_auroc,5,0.4973558411934107,0.10451280122592321,0.3675860585597556,0.6271256238270657
P3,datum_transformer,target_real_anchor,replace,1.0,contaminated_utility_delta,5,-0.0052920038746773635,0.00622431173065685,-0.013020507664231337,0.002436499914876611
P3,datum_transformer,target_real_anchor,replace,1.0,detector_cleanup_delta,5,-0.004989600015798132,0.006012422601788193,-0.012455008702425137,0.002475808670828873
P3,datum_transformer,target_real_anchor,replace,1.0,decision_regret,5,0.0003981378678650081,0.00033476451614591153,-1.7527179709472926e-05,0.0008138029154394892
P3,flat_transformer,oracle_target,append,0.0,detection_auroc,4,0.7252551516534622,0.10046250301718793,0.5653968908801607,0.8851134124267638
P3,flat_transformer,oracle_target,append,0.0,contaminated_utility_delta,4,-0.003250264497120085,0.0023627881057747117,-0.007009987635815595,0.000509458641575426
P3,flat_transformer,oracle_target,append,0.0,detector_cleanup_delta,4,-0.002925160017065025,0.0041264258033481506,-0.009491224293011365,0.0036409042588813135
P3,flat_transformer,oracle_target,append,0.0,decision_regret,4,0.001219020404211275,0.0011744948843413511,-0.0006498630484120993,0.0030879038568346496
P3,flat_transformer,oracle_target,append,0.050332383665717,detection_auroc,4,0.7252551516534622,0.10046250301718793,0.5653968908801607,0.8851134124267638
P3,flat_transformer,oracle_target,append,0.050332383665717,contaminated_utility_delta,4,0.0004226903943311299,0.0014565559190386672,-0.001895015107160731,0.002740395895822991
P3,flat_transformer,oracle_target,append,0.050332383665717,detector_cleanup_delta,4,-0.00021311117523622997,0.0016709840078445318,-0.002872019616212726,0.0024457972657402666
P3,flat_transformer,oracle_target,append,0.050332383665717,decision_regret,4,0.000419235732296485,0.00031748547495938297,-8.595450608638071e-05,0.0009244259706793507
P3,flat_transformer,oracle_target,append,0.0999099909990999,detection_auroc,4,0.7252551516534622,0.10046250301718793,0.5653968908801607,0.8851134124267638
P3,flat_transformer,oracle_target,append,0.0999099909990999,contaminated_utility_delta,4,0.005313067991512842,0.004019607331545883,-0.0010830242589719083,0.011709160241997592
P3,flat_transformer,oracle_target,append,0.0999099909990999,detector_cleanup_delta,4,0.004439276621136903,0.005121485167872686,-0.0037101491538939664,0.012588702396167772
P3,flat_transformer,oracle_target,append,0.0999099909990999,decision_regret,4,0.0008675325479036701,0.0005820957058000148,-5.871161621871454e-05,0.0017937767120260548
P3,flat_transformer,oracle_target,append,0.2498124531132783,detection_auroc,4,0.7252551516534622,0.10046250301718793,0.5653968908801607,0.8851134124267638
P3,flat_transformer,oracle_target,append,0.2498124531132783,contaminated_utility_delta,4,0.0053505664343288205,0.00232933812261277,0.0016440696832960714,0.00905706318536157
P3,flat_transformer,oracle_target,append,0.2498124531132783,detector_cleanup_delta,4,0.00502915391288576,0.003606063425744444,-0.0007088977000537979,0.010767205525825317
P3,flat_transformer,oracle_target,append,0.2498124531132783,decision_regret,4,0.0017110229651753801,0.0013498649090963814,-0.0004369133311175732,0.0038589592614683334
P3,flat_transformer,oracle_target,append,0.5,detection_auroc,4,0.7252551516534622,0.10046250301718793,0.5653968908801607,0.8851134124267638
P3,flat_transformer,oracle_target,append,0.5,contaminated_utility_delta,4,-5.974077681489666e-06,0.006829132256734287,-0.010872647437050402,0.010860699281687421
P3,flat_transformer,oracle_target,append,0.5,detector_cleanup_delta,4,0.0002779424268199497,0.008752497938532533,-0.013649234936423114,0.014205119790063012
P3,flat_transformer,oracle_target,append,0.5,decision_regret,4,0.00116819099974824,0.0014182273927511742,-0.0010885252633083202,0.0034249072628048
P3,flat_transformer,oracle_target,append,0.75,detection_auroc,4,0.7252551516534622,0.10046250301718793,0.5653968908801607,0.8851134124267638
P3,flat_transformer,oracle_target,append,0.75,contaminated_utility_delta,4,-0.002498067049253545,0.006548391704760669,-0.012918019542436581,0.00792188544392949
P3,flat_transformer,oracle_target,append,0.75,detector_cleanup_delta,4,-0.0017713168531388352,0.00974027418149964,-0.017270266643820746,0.013727632937543074
P3,flat_transformer,oracle_target,append,0.75,decision_regret,4,0.001121160243830165,0.002173053187091012,-0.0023366522993912234,0.004578972787051553
P3,flat_transformer,oracle_target,replace,0.0,detection_auroc,4,0.7252551516534622,0.10046250301718793,0.5653968908801607,0.8851134124267638
P3,flat_transformer,oracle_target,replace,0.0,contaminated_utility_delta,4,-0.003250264497120085,0.0023627881057747117,-0.007009987635815595,0.000509458641575426
P3,flat_transformer,oracle_target,replace,0.0,detector_cleanup_delta,4,-0.002925160017065025,0.0041264258033481506,-0.009491224293011365,0.0036409042588813135
P3,flat_transformer,oracle_target,replace,0.0,decision_regret,4,0.001219020404211275,0.0011744948843413511,-0.0006498630484120993,0.0030879038568346496
P3,flat_transformer,oracle_target,replace,0.05,detection_auroc,4,0.7252551516534622,0.10046250301718793,0.5653968908801607,0.8851134124267638
P3,flat_transformer,oracle_target,replace,0.05,contaminated_utility_delta,4,0.00017256925537441,0.006248282868302706,-0.009769843108924307,0.010114981619673127
P3,flat_transformer,oracle_target,replace,0.05,detector_cleanup_delta,4,-0.0006881305223764953,0.006258827373611467,-0.010647321547655667,0.009271060502902677
P3,flat_transformer,oracle_target,replace,0.05,decision_regret,4,0.0005071941353987936,0.00040459831486412494,-0.00013661207073288075,0.001151000341530468
P3,flat_transformer,oracle_target,replace,0.1,detection_auroc,4,0.7252551516534622,0.10046250301718793,0.5653968908801607,0.8851134124267638
P3,flat_transformer,oracle_target,replace,0.1,contaminated_utility_delta,4,0.0006813804215999295,0.008396231933585751,-0.012678898226072597,0.014041659069272456
P3,flat_transformer,oracle_target,replace,0.1,detector_cleanup_delta,4,0.0002713756154147395,0.007717860951740126,-0.012009463419864643,0.012552214650694121
P3,flat_transformer,oracle_target,replace,0.1,decision_regret,4,0.00118086313675089,0.0004764498250695482,0.00042272514402806366,0.0019390011294737163
P3,flat_transformer,oracle_target,replace,0.25,detection_auroc,4,0.7252551516534622,0.10046250301718793,0.5653968908801607,0.8851134124267638
P3,flat_transformer,oracle_target,replace,0.25,contaminated_utility_delta,4,-0.00042518664937334495,0.003920308444020982,-0.006663272210996893,0.005812898912250203
P3,flat_transformer,oracle_target,replace,0.25,detector_cleanup_delta,4,-0.0006139429040867741,0.004825920887319949,-0.008293059952808197,0.0070651741446346485
P3,flat_transformer,oracle_target,replace,0.25,decision_regret,4,0.0009216296810805949,0.001187526430038905,-0.0009679898687714374,0.0028112492309326272
P3,flat_transformer,oracle_target,replace,0.5,detection_auroc,4,0.7252551516534622,0.10046250301718793,0.5653968908801607,0.8851134124267638
P3,flat_transformer,oracle_target,replace,0.5,contaminated_utility_delta,4,-0.00526250168873992,0.007973328883843646,-0.01794984721233996,0.007424843834860119
P3,flat_transformer,oracle_target,replace,0.5,detector_cleanup_delta,4,-0.005253633533542315,0.007444438888161265,-0.0170993970508119,0.00659212998372727
P3,flat_transformer,oracle_target,replace,0.5,decision_regret,4,0.0013042897862860204,0.0008545779782476642,-5.553447843952941e-05,0.0026641140510115704
P3,flat_transformer,oracle_target,replace,0.75,detection_auroc,4,0.7252551516534622,0.10046250301718793,0.5653968908801607,0.8851134124267638
P3,flat_transformer,oracle_target,replace,0.75,contaminated_utility_delta,4,-0.005603624291942619,0.01096757436916153,-0.02305548255647382,0.011848233972588584
P3,flat_transformer,oracle_target,replace,0.75,detector_cleanup_delta,4,-0.0063323718879308415,0.01230704819416567,-0.025915631915166375,0.01325088813930469
P3,flat_transformer,oracle_target,replace,0.75,decision_regret,4,0.00238992588244981,0.0021467333620412547,-0.0010260059457789213,0.005805857710678541
P3,flat_transformer,oracle_target,replace,1.0,detection_auroc,4,0.7252551516534622,0.10046250301718793,0.5653968908801607,0.8851134124267638
P3,flat_transformer,oracle_target,replace,1.0,contaminated_utility_delta,4,-0.005235890413031324,0.007185755624150041,-0.016670031131405284,0.0061982503053426355
P3,flat_transformer,oracle_target,replace,1.0,detector_cleanup_delta,4,-0.00764137560557919,0.01000332816708534,-0.02355890298851978,0.0082761517773614
P3,flat_transformer,oracle_target,replace,1.0,decision_regret,4,0.00294509208554206,0.0027892011784073447,-0.0014931494069156492,0.0073833335779997684
P3,flat_transformer,source_only,append,0.0,detection_auroc,5,0.7394923293094797,0.09264460061117367,0.624458864102619,0.8545257945163405
P3,flat_transformer,source_only,append,0.0,contaminated_utility_delta,5,-0.0027938617505738317,0.0022866116985329307,-0.005633065174513731,4.534167336606729e-05
P3,flat_transformer,source_only,append,0.0,detector_cleanup_delta,4,-0.022940576952794008,0.02456254733400836,-0.062025070958529556,0.01614391705294154
P3,flat_transformer,source_only,append,0.0,decision_regret,4,0.020476383740178784,0.02267471720330841,-0.015604151253332105,0.056556918733689676
P3,flat_transformer,source_only,append,0.050332383665717,detection_auroc,5,0.7394923293094797,0.09264460061117367,0.624458864102619,0.8545257945163405
P3,flat_transformer,source_only,append,0.050332383665717,contaminated_utility_delta,5,0.0004679900183363199,0.0012654748668543324,-0.0011033045644684063,0.0020392846011410464
P3,flat_transformer,source_only,append,0.050332383665717,detector_cleanup_delta,4,-0.028860879611200256,0.03557478085980109,-0.08546829456547603,0.027746535343075515
P3,flat_transformer,source_only,append,0.050332383665717,decision_regret,4,0.029606321823046452,0.03604160064643283,-0.027743907583829077,0.08695655122992198
P3,flat_transformer,source_only,append,0.0999099909990999,detection_auroc,5,0.7394923293094797,0.09264460061117367,0.624458864102619,0.8545257945163405
P3,flat_transformer,source_only,append,0.0999099909990999,contaminated_utility_delta,5,0.005560613102009909,0.0035248156311384698,0.0011839764325193925,0.009937249771500425
P3,flat_transformer,source_only,append,0.0999099909990999,detector_cleanup_delta,4,-0.027712077812758234,0.039844631822482476,-0.09111377847718274,0.03568962285166627
P3,flat_transformer,source_only,append,0.0999099909990999,decision_regret,4,0.032908090243761276,0.03773655358433188,-0.027139187520537553,0.0929553680080601
P3,flat_transformer,source_only,append,0.2498124531132783,detection_auroc,5,0.7394923293094797,0.09264460061117367,0.624458864102619,0.8545257945163405
P3,flat_transformer,source_only,append,0.2498124531132783,contaminated_utility_delta,5,0.00414983797331696,0.0033582891853609683,-2.002880370280142e-05,0.00831970475033672
P3,flat_transformer,source_only,append,0.2498124531132783,detector_cleanup_delta,4,-0.024440273713861226,0.041267132591614554,-0.09010549053677955,0.04122494310905709
P3,flat_transformer,source_only,append,0.2498124531132783,decision_regret,4,0.030165478428471136,0.04027793708498936,-0.03392570760181588,0.09425666445875816
P3,flat_transformer,source_only,append,0.5,detection_auroc,5,0.7394923293094797,0.09264460061117367,0.624458864102619,0.8545257945163405
P3,flat_transformer,source_only,append,0.5,contaminated_utility_delta,5,0.0011726112751323002,0.006474805225202731,-0.006866921268383547,0.009212143818648148
P3,flat_transformer,source_only,append,0.5,detector_cleanup_delta,4,-0.029252094792180557,0.04397766819001047,-0.09923037861532638,0.040726189030965275
P3,flat_transformer,source_only,append,0.5,decision_regret,4,0.03014004699060322,0.03733633143550673,-0.02927038802428495,0.0895504820054914
P3,flat_transformer,source_only,append,0.75,detection_auroc,5,0.7394923293094797,0.09264460061117367,0.624458864102619,0.8545257945163405
P3,flat_transformer,source_only,append,0.75,contaminated_utility_delta,5,-0.002614988360223368,0.005677096828840272,-0.009664035106911089,0.004434058386464354
P3,flat_transformer,source_only,append,0.75,detector_cleanup_delta,4,-0.023897102541291317,0.04220348199573778,-0.0910522602150129,0.043258055132430265
P3,flat_transformer,source_only,append,0.75,decision_regret,4,0.02504556439108943,0.03399304954983993,-0.029044963081517612,0.07913609186369647
P3,flat_transformer,source_only,replace,0.0,detection_auroc,5,0.7394923293094797,0.09264460061117367,0.624458864102619,0.8545257945163405
P3,flat_transformer,source_only,replace,0.0,contaminated_utility_delta,5,-0.0027938617505738317,0.0022866116985329307,-0.005633065174513731,4.534167336606729e-05
P3,flat_transformer,source_only,replace,0.0,detector_cleanup_delta,4,-0.022940576952794008,0.02456254733400836,-0.062025070958529556,0.01614391705294154
P3,flat_transformer,source_only,replace,0.0,decision_regret,4,0.020476383740178784,0.02267471720330841,-0.015604151253332105,0.056556918733689676
P3,flat_transformer,source_only,replace,0.05,detection_auroc,5,0.7394923293094797,0.09264460061117367,0.624458864102619,0.8545257945163405
P3,flat_transformer,source_only,replace,0.05,contaminated_utility_delta,5,-0.0002707150697336798,0.005501207509826954,-0.007101366381333989,0.006559936241866629
P3,flat_transformer,source_only,replace,0.05,detector_cleanup_delta,4,-0.03821035426990638,0.0551113518583553,-0.125904813320313,0.049484104780500235
P3,flat_transformer,source_only,replace,0.05,decision_regret,4,0.03800474980203053,0.052003062483931835,-0.0447437272306828,0.12075322683474386
P3,flat_transformer,source_only,replace,0.1,detection_auroc,5,0.7394923293094797,0.09264460061117367,0.624458864102619,0.8545257945163405
P3,flat_transformer,source_only,replace,0.1,contaminated_utility_delta,5,0.0009881433528816839,0.0073036326914739285,-0.008080514416225553,0.010056801121988921
P3,flat_transformer,source_only,replace,0.1,detector_cleanup_delta,4,-0.03406694998325252,0.04594418504625963,-0.10717440095812249,0.03904050099161745
P3,flat_transformer,source_only,replace,0.1,decision_regret,4,0.034836499133173014,0.039262476481143935,-0.027638862473679478,0.09731186074002551
P3,flat_transformer,source_only,replace,0.25,detection_auroc,5,0.7394923293094797,0.09264460061117367,0.624458864102619,0.8545257945163405
P3,flat_transformer,source_only,replace,0.25,contaminated_utility_delta,5,-0.0008075889720288157,0.0035011100245576623,-0.005154791243272361,0.00353961329921473
P3,flat_transformer,source_only,replace,0.25,detector_cleanup_delta,4,-0.020556972686574426,0.026375565705451007,-0.06252638350111454,0.02141243812796569
P3,flat_transformer,source_only,replace,0.25,decision_regret,4,0.02081515223083964,0.023077584849801748,-0.015906435089221783,0.057536739550901064
P3,flat_transformer,source_only,replace,0.5,detection_auroc,5,0.7394923293094797,0.09264460061117367,0.624458864102619,0.8545257945163405
P3,flat_transformer,source_only,replace,0.5,contaminated_utility_delta,5,-0.004258383986470044,0.007260973895939181,-0.013274073864955048,0.00475730589201496
P3,flat_transformer,source_only,replace,0.5,detector_cleanup_delta,4,-0.03637223902051822,0.04901371345493869,-0.11436399466697023,0.04161951662593378
P3,flat_transformer,source_only,replace,0.5,decision_regret,4,0.030898508030555504,0.04312474813886962,-0.03772258965986253,0.09951960572097354
P3,flat_transformer,source_only,replace,0.75,detection_auroc,5,0.7394923293094797,0.09264460061117367,0.624458864102619,0.8545257945163405
P3,flat_transformer,source_only,replace,0.75,contaminated_utility_delta,5,-0.004380632058192464,0.009884043488187548,-0.016653293014155295,0.007892028897770367
P3,flat_transformer,source_only,replace,0.75,detector_cleanup_delta,4,-0.06458692189347794,0.08152140890644065,-0.19430567518139014,0.06513183139443425
P3,flat_transformer,source_only,replace,0.75,decision_regret,4,0.058497363009964956,0.07074313729254803,-0.05407075494045882,0.17106548096038873
P3,flat_transformer,source_only,replace,1.0,detection_auroc,5,0.7394923293094797,0.09264460061117367,0.624458864102619,0.8545257945163405
P3,flat_transformer,source_only,replace,1.0,contaminated_utility_delta,5,-0.0052920038746773635,0.00622431173065685,-0.013020507664231337,0.002436499914876611
P3,flat_transformer,source_only,replace,1.0,detector_cleanup_delta,2,0.00161350532897703,0.0020362814548085164,-0.016681757673490765,0.019908768331444827
P3,flat_transformer,source_only,replace,1.0,decision_regret,2,0.0026398801158868,0.0013599296138421962,-0.009578602693223241,0.014858362924996843
P3,flat_transformer,target_real_anchor,append,0.0,detection_auroc,5,0.7394923293094797,0.09264460061117367,0.624458864102619,0.8545257945163405
P3,flat_transformer,target_real_anchor,append,0.0,contaminated_utility_delta,5,-0.0027938617505738317,0.0022866116985329307,-0.005633065174513731,4.534167336606729e-05
P3,flat_transformer,target_real_anchor,append,0.0,detector_cleanup_delta,5,-0.00197863709136128,0.003720728098671366,-0.006598531218586659,0.002641257035864098
P3,flat_transformer,target_real_anchor,append,0.0,decision_regret,5,0.001292234199219912,0.0012147626530514951,-0.0002160928534366193,0.0028005612518764433
P3,flat_transformer,target_real_anchor,append,0.050332383665717,detection_auroc,5,0.7394923293094797,0.09264460061117367,0.624458864102619,0.8545257945163405
P3,flat_transformer,target_real_anchor,append,0.050332383665717,contaminated_utility_delta,5,0.0004679900183363199,0.0012654748668543324,-0.0011033045644684063,0.0020392846011410464
P3,flat_transformer,target_real_anchor,append,0.050332383665717,detector_cleanup_delta,5,0.00014066252496015608,0.0016055483917959436,-0.0018528891105068191,0.0021342141604271314
P3,flat_transformer,target_real_anchor,append,0.050332383665717,decision_regret,5,0.0008802968144253067,0.00036913668493549254,0.0004219530823246199,0.0013386405465259936
P3,flat_transformer,target_real_anchor,append,0.0999099909990999,detection_auroc,5,0.7394923293094797,0.09264460061117367,0.624458864102619,0.8545257945163405
P3,flat_transformer,target_real_anchor,append,0.0999099909990999,contaminated_utility_delta,5,0.005560613102009909,0.0035248156311384698,0.0011839764325193925,0.009937249771500425
P3,flat_transformer,target_real_anchor,append,0.0999099909990999,detector_cleanup_delta,5,0.00565685461727462,0.004393666334752537,0.0002013973092925064,0.011112311925256732
P3,flat_transformer,target_real_anchor,append,0.0999099909990999,decision_regret,5,0.000741589175725894,0.0005196619650088527,9.634362253857737e-05,0.0013868347289132106
P3,flat_transformer,target_real_anchor,append,0.2498124531132783,detection_auroc,5,0.7394923293094797,0.09264460061117367,0.624458864102619,0.8545257945163405
P3,flat_transformer,target_real_anchor,append,0.2498124531132783,contaminated_utility_delta,5,0.00414983797331696,0.0033582891853609683,-2.002880370280142e-05,0.00831970475033672
P3,flat_transformer,target_real_anchor,append,0.2498124531132783,detector_cleanup_delta,5,0.003777045461853608,0.004726246989166079,-0.0020913652712128477,0.009645456194920063
P3,flat_transformer,target_real_anchor,append,0.2498124531132783,decision_regret,5,0.0015925679242209227,0.0011756995123284569,0.00013274416705695525,0.00305239168138489
P3,flat_transformer,target_real_anchor,append,0.5,detection_auroc,5,0.7394923293094797,0.09264460061117367,0.624458864102619,0.8545257945163405
P3,flat_transformer,target_real_anchor,append,0.5,contaminated_utility_delta,5,0.0011726112751323002,0.006474805225202731,-0.006866921268383547,0.009212143818648148
P3,flat_transformer,target_real_anchor,append,0.5,detector_cleanup_delta,5,0.002235071399877116,0.00821485025519278,-0.007965012412630763,0.012435155212384995
P3,flat_transformer,target_real_anchor,append,0.5,decision_regret,5,0.0010549405439086905,0.001114562545604346,-0.00032897164271456685,0.002438852730531948
P3,flat_transformer,target_real_anchor,append,0.75,detection_auroc,5,0.7394923293094797,0.09264460061117367,0.624458864102619,0.8545257945163405
P3,flat_transformer,target_real_anchor,append,0.75,contaminated_utility_delta,5,-0.002614988360223368,0.005677096828840272,-0.009664035106911089,0.004434058386464354
P3,flat_transformer,target_real_anchor,append,0.75,detector_cleanup_delta,5,-0.0006642788355112766,0.008342079422367449,-0.01102233852442139,0.009693780853398835
P3,flat_transformer,target_real_anchor,append,0.75,decision_regret,5,0.0012270198705022892,0.0016977850507766369,-0.0008810587037356105,0.003335098444740189
P3,flat_transformer,target_real_anchor,replace,0.0,detection_auroc,5,0.7394923293094797,0.09264460061117367,0.624458864102619,0.8545257945163405
P3,flat_transformer,target_real_anchor,replace,0.0,contaminated_utility_delta,5,-0.0027938617505738317,0.0022866116985329307,-0.005633065174513731,4.534167336606729e-05
P3,flat_transformer,target_real_anchor,replace,0.0,detector_cleanup_delta,5,-0.00197863709136128,0.003720728098671366,-0.006598531218586659,0.002641257035864098
P3,flat_transformer,target_real_anchor,replace,0.0,decision_regret,5,0.001292234199219912,0.0012147626530514951,-0.0002160928534366193,0.0028005612518764433
P3,flat_transformer,target_real_anchor,replace,0.05,detection_auroc,5,0.7394923293094797,0.09264460061117367,0.624458864102619,0.8545257945163405
P3,flat_transformer,target_real_anchor,replace,0.05,contaminated_utility_delta,5,-0.0002707150697336798,0.005501207509826954,-0.007101366381333989,0.006559936241866629
P3,flat_transformer,target_real_anchor,replace,0.05,detector_cleanup_delta,5,-0.0008342891600491047,0.0053422820248095184,-0.007467608418506191,0.0057990300984079824
P3,flat_transformer,target_real_anchor,replace,0.05,decision_regret,5,0.000730298224724004,0.0006033276414046324,-1.8831986729318665e-05,0.0014794284361773268
P3,flat_transformer,target_real_anchor,replace,0.1,detection_auroc,5,0.7394923293094797,0.09264460061117367,0.624458864102619,0.8545257945163405
P3,flat_transformer,target_real_anchor,replace,0.1,contaminated_utility_delta,5,0.0009881433528816839,0.0073036326914739285,-0.008080514416225553,0.010056801121988921
P3,flat_transformer,target_real_anchor,replace,0.1,detector_cleanup_delta,5,0.0006112951859013602,0.0071414247339476765,-0.008255954802123364,0.009478545173926083
P3,flat_transformer,target_real_anchor,replace,0.1,decision_regret,5,0.0007234172485605119,0.00042394213864089224,0.00019702355768860716,0.0012498109394324165
P3,flat_transformer,target_real_anchor,replace,0.25,detection_auroc,5,0.7394923293094797,0.09264460061117367,0.624458864102619,0.8545257945163405
P3,flat_transformer,target_real_anchor,replace,0.25,contaminated_utility_delta,5,-0.0008075889720288157,0.0035011100245576623,-0.005154791243272361,0.00353961329921473
P3,flat_transformer,target_real_anchor,replace,0.25,detector_cleanup_delta,5,-0.0005428003217552843,0.004264494327921466,-0.005837869399279526,0.004752268755768957
P3,flat_transformer,target_real_anchor,replace,0.25,decision_regret,5,0.0010245099902301239,0.0007202453229681738,0.0001302073028258999,0.0019188126776343477
P3,flat_transformer,target_real_anchor,replace,0.5,detection_auroc,5,0.7394923293094797,0.09264460061117367,0.624458864102619,0.8545257945163405
P3,flat_transformer,target_real_anchor,replace,0.5,contaminated_utility_delta,5,-0.004258383986470044,0.007260973895939181,-0.013274073864955048,0.00475730589201496
P3,flat_transformer,target_real_anchor,replace,0.5,detector_cleanup_delta,5,-0.0038029015133001316,0.007520580791637715,-0.013140935927859448,0.005535132901259184
P3,flat_transformer,target_real_anchor,replace,0.5,decision_regret,5,0.0008799288516345519,0.0004885275708376881,0.0002733417547954556,0.0014865159484736482
P3,flat_transformer,target_real_anchor,replace,0.75,detection_auroc,5,0.7394923293094797,0.09264460061117367,0.624458864102619,0.8545257945163405
P3,flat_transformer,target_real_anchor,replace,0.75,contaminated_utility_delta,5,-0.004380632058192464,0.009884043488187548,-0.016653293014155295,0.007892028897770367
P3,flat_transformer,target_real_anchor,replace,0.75,detector_cleanup_delta,5,-0.0041767544189949355,0.011054507702669742,-0.017902738651266153,0.009549229813276282
P3,flat_transformer,target_real_anchor,replace,0.75,decision_regret,5,0.0009989690179627998,0.00113100331901532,-0.0004053570851074897,0.0024032951210330895
P3,flat_transformer,target_real_anchor,replace,1.0,detection_auroc,5,0.7394923293094797,0.09264460061117367,0.624458864102619,0.8545257945163405
P3,flat_transformer,target_real_anchor,replace,1.0,contaminated_utility_delta,5,-0.0052920038746773635,0.00622431173065685,-0.013020507664231337,0.002436499914876611
P3,flat_transformer,target_real_anchor,replace,1.0,detector_cleanup_delta,5,-0.006592503609197949,0.00856114825274405,-0.0172225731779153,0.0040375659595194
P3,flat_transformer,target_real_anchor,replace,1.0,decision_regret,5,0.002157632594416282,0.002215086886674732,-0.0005927610456609943,0.004908026234493558
P4,char3gram,oracle_target,append,0.0,detection_auroc,5,0.6607478738789639,0.01787368291829283,0.6385547652840101,0.6829409824739178
P4,char3gram,oracle_target,append,0.0,contaminated_utility_delta,5,-0.0027938617505738317,0.0022866116985329307,-0.005633065174513731,4.534167336606729e-05
P4,char3gram,oracle_target,append,0.0,detector_cleanup_delta,5,-0.001796504147532708,0.004421043746185527,-0.007285955001655176,0.0036929467065897597
P4,char3gram,oracle_target,append,0.0,decision_regret,5,0.001683244975296128,0.0013903464436976648,-4.309814887389898e-05,0.003409588099466155
P4,char3gram,oracle_target,append,0.050332383665717,detection_auroc,5,0.6607478738789639,0.01787368291829283,0.6385547652840101,0.6829409824739178
P4,char3gram,oracle_target,append,0.050332383665717,contaminated_utility_delta,5,0.0004210648209109559,0.0023323700431712494,-0.0024749550921837433,0.0033170847340056554
P4,char3gram,oracle_target,append,0.050332383665717,detector_cleanup_delta,5,0.0017749924819058997,0.00296452177496835,-0.0019059474779634209,0.005455932441775221
P4,char3gram,oracle_target,append,0.050332383665717,decision_regret,5,0.0015637847018216996,0.0015683170780458023,-0.00038353815175589615,0.0035111075553992954
P4,char3gram,oracle_target,append,0.0999099909990999,detection_auroc,5,0.6607478738789639,0.01787368291829283,0.6385547652840101,0.6829409824739178
P4,char3gram,oracle_target,append,0.0999099909990999,contaminated_utility_delta,5,0.004677793023996624,0.005144593808041074,-0.0017100638928299848,0.011065649940823232
P4,char3gram,oracle_target,append,0.0999099909990999,detector_cleanup_delta,5,0.006707151888143083,0.005612169763589824,-0.0002612772591141319,0.013675581035400298
P4,char3gram,oracle_target,append,0.0999099909990999,decision_regret,5,0.0010980656558650722,0.0005595013726421393,0.00040335294450973946,0.0017927783672204048
P4,char3gram,oracle_target,append,0.2498124531132783,detection_auroc,5,0.6607478738789639,0.01787368291829283,0.6385547652840101,0.6829409824739178
P4,char3gram,oracle_target,append,0.2498124531132783,contaminated_utility_delta,5,0.001589910816611348,0.0033133274323878586,-0.0025241285704455723,0.005703950203668268
P4,char3gram,oracle_target,append,0.2498124531132783,detector_cleanup_delta,5,0.0024440690982578763,0.0024035834358138485,-0.0005403739206710874,0.00542851211718684
P4,char3gram,oracle_target,append,0.2498124531132783,decision_regret,5,0.000931265364398476,0.0009272657164894906,-0.00022008709253514295,0.002082617821332095
P4,char3gram,oracle_target,append,0.5,detection_auroc,5,0.6607478738789639,0.01787368291829283,0.6385547652840101,0.6829409824739178
P4,char3gram,oracle_target,append,0.5,contaminated_utility_delta,5,-0.00017586825978214028,0.008467679339441704,-0.010689880843900736,0.010338144324336454
P4,char3gram,oracle_target,append,0.5,detector_cleanup_delta,5,0.003519125095315145,0.00861325949555466,-0.00717564912750179,0.014213899318132078
P4,char3gram,oracle_target,append,0.5,decision_regret,5,9.4695843718316e-05,0.00021174634374085104,-0.00016822196805597767,0.00035761365549260963
P4,char3gram,oracle_target,append,0.75,detection_auroc,5,0.6607478738789639,0.01787368291829283,0.6385547652840101,0.6829409824739178
P4,char3gram,oracle_target,append,0.75,contaminated_utility_delta,5,-0.0014047321542042285,0.008943250542485452,-0.012509244379724697,0.009699780071316241
P4,char3gram,oracle_target,append,0.75,detector_cleanup_delta,5,0.003411236023613164,0.008100690452124543,-0.006647099671382853,0.013469571718609182
P4,char3gram,oracle_target,append,0.75,decision_regret,5,0.0,0.0,0.0,0.0
P4,char3gram,oracle_target,replace,0.0,detection_auroc,5,0.6607478738789639,0.01787368291829283,0.6385547652840101,0.6829409824739178
P4,char3gram,oracle_target,replace,0.0,contaminated_utility_delta,5,-0.0027938617505738317,0.0022866116985329307,-0.005633065174513731,4.534167336606729e-05
P4,char3gram,oracle_target,replace,0.0,detector_cleanup_delta,5,-0.001796504147532708,0.004421043746185527,-0.007285955001655176,0.0036929467065897597
P4,char3gram,oracle_target,replace,0.0,decision_regret,5,0.001683244975296128,0.0013903464436976648,-4.309814887389898e-05,0.003409588099466155
P4,char3gram,oracle_target,replace,0.05,detection_auroc,5,0.6607478738789639,0.01787368291829283,0.6385547652840101,0.6829409824739178
P4,char3gram,oracle_target,replace,0.05,contaminated_utility_delta,5,-0.0009271884698353,0.0048858941682372,-0.006993827357569156,0.005139450417898556
P4,char3gram,oracle_target,replace,0.05,detector_cleanup_delta,5,0.0011244591986040123,0.003566735493855709,-0.0033042278552321445,0.005553146252440169
P4,char3gram,oracle_target,replace,0.05,decision_regret,5,0.0018426089796954078,0.0010994935023696,0.0004774074815441106,0.003207810477846705
P4,char3gram,oracle_target,replace,0.1,detection_auroc,5,0.6607478738789639,0.01787368291829283,0.6385547652840101,0.6829409824739178
P4,char3gram,oracle_target,replace,0.1,contaminated_utility_delta,5,0.001634987341929928,0.006339907198550117,-0.006237047178462634,0.00950702186232249
P4,char3gram,oracle_target,replace,0.1,detector_cleanup_delta,5,0.0028928624979085845,0.006034840099742074,-0.004600381188857561,0.01038610618467473
P4,char3gram,oracle_target,replace,0.1,decision_regret,5,0.000669066911155288,0.0005933965783999299,-6.773225690120228e-05,0.0014058660792117782
P4,char3gram,oracle_target,replace,0.25,detection_auroc,5,0.6607478738789639,0.01787368291829283,0.6385547652840101,0.6829409824739178
P4,char3gram,oracle_target,replace,0.25,contaminated_utility_delta,5,-0.001435802185233856,0.005718528398491313,-0.008536293020346346,0.0056646886498786355
P4,char3gram,oracle_target,replace,0.25,detector_cleanup_delta,5,-7.9576995098838e-06,0.004584451769700179,-0.00570030641344813,0.0056843910144283635
P4,char3gram,oracle_target,replace,0.25,decision_regret,5,0.0005933925114737102,0.00031360287023640687,0.000204003117767797,0.0009827819051796234
P4,char3gram,oracle_target,replace,0.5,detection_auroc,5,0.6607478738789639,0.01787368291829283,0.6385547652840101,0.6829409824739178
P4,char3gram,oracle_target,replace,0.5,contaminated_utility_delta,5,-0.002219781238544956,0.00863438222093524,-0.012940782789010903,0.00850122031192099
P4,char3gram,oracle_target,replace,0.5,detector_cleanup_delta,5,-0.00042524791037303994,0.007859065562337413,-0.010183566678650426,0.009333070857904347
P4,char3gram,oracle_target,replace,0.5,decision_regret,5,0.0007782330282570257,0.0009886751399886446,-0.0004493692989859412,0.0020058353554999924
P4,char3gram,oracle_target,replace,0.75,detection_auroc,5,0.6607478738789639,0.01787368291829283,0.6385547652840101,0.6829409824739178
P4,char3gram,oracle_target,replace,0.75,contaminated_utility_delta,5,-0.0036624691392790317,0.010476906618537438,-0.016671266900059704,0.00934632862150164
P4,char3gram,oracle_target,replace,0.75,detector_cleanup_delta,5,-0.004558108962479756,0.010252171610916024,-0.01728786135516087,0.00817164343020136
P4,char3gram,oracle_target,replace,0.75,decision_regret,5,0.002425742622867624,0.001997618776213374,-5.462869369238449e-05,0.004906113939427633
P4,char3gram,oracle_target,replace,1.0,detection_auroc,5,0.6607478738789639,0.01787368291829283,0.6385547652840101,0.6829409824739178
P4,char3gram,oracle_target,replace,1.0,contaminated_utility_delta,5,0.0020505825534867872,0.010975234893679154,-0.011576971485824334,0.01567813659279791
P4,char3gram,oracle_target,replace,1.0,detector_cleanup_delta,5,0.0012800890639678717,0.007044115414038029,-0.007466335444835351,0.010026513572771095
P4,char3gram,oracle_target,replace,1.0,decision_regret,5,0.0031040368308112554,0.0035006039044477174,-0.001242537009313004,0.007450610670935515
P4,char3gram,source_only,append,0.0,detection_auroc,5,0.6607478738789639,0.01787368291829283,0.6385547652840101,0.6829409824739178
P4,char3gram,source_only,append,0.0,contaminated_utility_delta,5,-0.0027938617505738317,0.0022866116985329307,-0.005633065174513731,4.534167336606729e-05
P4,char3gram,source_only,append,0.0,detector_cleanup_delta,0,,,,
P4,char3gram,source_only,append,0.0,decision_regret,0,,,,
P4,char3gram,source_only,append,0.050332383665717,detection_auroc,5,0.6607478738789639,0.01787368291829283,0.6385547652840101,0.6829409824739178
P4,char3gram,source_only,append,0.050332383665717,contaminated_utility_delta,5,0.0004210648209109559,0.0023323700431712494,-0.0024749550921837433,0.0033170847340056554
P4,char3gram,source_only,append,0.050332383665717,detector_cleanup_delta,0,,,,
P4,char3gram,source_only,append,0.050332383665717,decision_regret,0,,,,
P4,char3gram,source_only,append,0.0999099909990999,detection_auroc,5,0.6607478738789639,0.01787368291829283,0.6385547652840101,0.6829409824739178
P4,char3gram,source_only,append,0.0999099909990999,contaminated_utility_delta,5,0.004677793023996624,0.005144593808041074,-0.0017100638928299848,0.011065649940823232
P4,char3gram,source_only,append,0.0999099909990999,detector_cleanup_delta,0,,,,
P4,char3gram,source_only,append,0.0999099909990999,decision_regret,0,,,,
P4,char3gram,source_only,append,0.2498124531132783,detection_auroc,5,0.6607478738789639,0.01787368291829283,0.6385547652840101,0.6829409824739178
P4,char3gram,source_only,append,0.2498124531132783,contaminated_utility_delta,5,0.001589910816611348,0.0033133274323878586,-0.0025241285704455723,0.005703950203668268
P4,char3gram,source_only,append,0.2498124531132783,detector_cleanup_delta,0,,,,
P4,char3gram,source_only,append,0.2498124531132783,decision_regret,0,,,,
P4,char3gram,source_only,append,0.5,detection_auroc,5,0.6607478738789639,0.01787368291829283,0.6385547652840101,0.6829409824739178
P4,char3gram,source_only,append,0.5,contaminated_utility_delta,5,-0.00017586825978214028,0.008467679339441704,-0.010689880843900736,0.010338144324336454
P4,char3gram,source_only,append,0.5,detector_cleanup_delta,0,,,,
P4,char3gram,source_only,append,0.5,decision_regret,0,,,,
P4,char3gram,source_only,append,0.75,detection_auroc,5,0.6607478738789639,0.01787368291829283,0.6385547652840101,0.6829409824739178
P4,char3gram,source_only,append,0.75,contaminated_utility_delta,5,-0.0014047321542042285,0.008943250542485452,-0.012509244379724697,0.009699780071316241
P4,char3gram,source_only,append,0.75,detector_cleanup_delta,0,,,,
P4,char3gram,source_only,append,0.75,decision_regret,0,,,,
P4,char3gram,source_only,replace,0.0,detection_auroc,5,0.6607478738789639,0.01787368291829283,0.6385547652840101,0.6829409824739178
P4,char3gram,source_only,replace,0.0,contaminated_utility_delta,5,-0.0027938617505738317,0.0022866116985329307,-0.005633065174513731,4.534167336606729e-05
P4,char3gram,source_only,replace,0.0,detector_cleanup_delta,0,,,,
P4,char3gram,source_only,replace,0.0,decision_regret,0,,,,
P4,char3gram,source_only,replace,0.05,detection_auroc,5,0.6607478738789639,0.01787368291829283,0.6385547652840101,0.6829409824739178
P4,char3gram,source_only,replace,0.05,contaminated_utility_delta,5,-0.0009271884698353,0.0048858941682372,-0.006993827357569156,0.005139450417898556
P4,char3gram,source_only,replace,0.05,detector_cleanup_delta,0,,,,
P4,char3gram,source_only,replace,0.05,decision_regret,0,,,,
P4,char3gram,source_only,replace,0.1,detection_auroc,5,0.6607478738789639,0.01787368291829283,0.6385547652840101,0.6829409824739178
P4,char3gram,source_only,replace,0.1,contaminated_utility_delta,5,0.001634987341929928,0.006339907198550117,-0.006237047178462634,0.00950702186232249
P4,char3gram,source_only,replace,0.1,detector_cleanup_delta,0,,,,
P4,char3gram,source_only,replace,0.1,decision_regret,0,,,,
P4,char3gram,source_only,replace,0.25,detection_auroc,5,0.6607478738789639,0.01787368291829283,0.6385547652840101,0.6829409824739178
P4,char3gram,source_only,replace,0.25,contaminated_utility_delta,5,-0.001435802185233856,0.005718528398491313,-0.008536293020346346,0.0056646886498786355
P4,char3gram,source_only,replace,0.25,detector_cleanup_delta,0,,,,
P4,char3gram,source_only,replace,0.25,decision_regret,0,,,,
P4,char3gram,source_only,replace,0.5,detection_auroc,5,0.6607478738789639,0.01787368291829283,0.6385547652840101,0.6829409824739178
P4,char3gram,source_only,replace,0.5,contaminated_utility_delta,5,-0.002219781238544956,0.00863438222093524,-0.012940782789010903,0.00850122031192099
P4,char3gram,source_only,replace,0.5,detector_cleanup_delta,0,,,,
P4,char3gram,source_only,replace,0.5,decision_regret,0,,,,
P4,char3gram,source_only,replace,0.75,detection_auroc,5,0.6607478738789639,0.01787368291829283,0.6385547652840101,0.6829409824739178
P4,char3gram,source_only,replace,0.75,contaminated_utility_delta,5,-0.0036624691392790317,0.010476906618537438,-0.016671266900059704,0.00934632862150164
P4,char3gram,source_only,replace,0.75,detector_cleanup_delta,0,,,,
P4,char3gram,source_only,replace,0.75,decision_regret,0,,,,
P4,char3gram,source_only,replace,1.0,detection_auroc,5,0.6607478738789639,0.01787368291829283,0.6385547652840101,0.6829409824739178
P4,char3gram,source_only,replace,1.0,contaminated_utility_delta,5,0.0020505825534867872,0.010975234893679154,-0.011576971485824334,0.01567813659279791
P4,char3gram,source_only,replace,1.0,detector_cleanup_delta,0,,,,
P4,char3gram,source_only,replace,1.0,decision_regret,0,,,,
P4,char3gram,target_real_anchor,append,0.0,detection_auroc,5,0.6607478738789639,0.01787368291829283,0.6385547652840101,0.6829409824739178
P4,char3gram,target_real_anchor,append,0.0,contaminated_utility_delta,5,-0.0027938617505738317,0.0022866116985329307,-0.005633065174513731,4.534167336606729e-05
P4,char3gram,target_real_anchor,append,0.0,detector_cleanup_delta,5,-0.0013307613219946234,0.004291701922308704,-0.006659613089947229,0.0039980904459579825
P4,char3gram,target_real_anchor,append,0.0,decision_regret,5,0.000919649804095452,0.0011269159033182288,-0.0004796011020580666,0.002318900710248971
P4,char3gram,target_real_anchor,append,0.050332383665717,detection_auroc,5,0.6607478738789639,0.01787368291829283,0.6385547652840101,0.6829409824739178
P4,char3gram,target_real_anchor,append,0.050332383665717,contaminated_utility_delta,5,0.0004210648209109559,0.0023323700431712494,-0.0024749550921837433,0.0033170847340056554
P4,char3gram,target_real_anchor,append,0.050332383665717,detector_cleanup_delta,5,0.0023922416278016802,0.003451287508162249,-0.001893097818533764,0.0066775810741371245
P4,char3gram,target_real_anchor,append,0.050332383665717,decision_regret,5,0.0004623150650078639,0.0005599485602049486,-0.00023295290304465368,0.0011575830330603815
P4,char3gram,target_real_anchor,append,0.0999099909990999,detection_auroc,5,0.6607478738789639,0.01787368291829283,0.6385547652840101,0.6829409824739178
P4,char3gram,target_real_anchor,append,0.0999099909990999,contaminated_utility_delta,5,0.004677793023996624,0.005144593808041074,-0.0017100638928299848,0.011065649940823232
P4,char3gram,target_real_anchor,append,0.0999099909990999,detector_cleanup_delta,5,0.007164056565651869,0.005187212135781125,0.0007232820056067906,0.013604831125696947
P4,char3gram,target_real_anchor,append,0.0999099909990999,decision_regret,5,0.000693331912464816,0.0006263755537509833,-8.44160619827267e-05,0.0014710798869123588
P4,char3gram,target_real_anchor,append,0.2498124531132783,detection_auroc,5,0.6607478738789639,0.01787368291829283,0.6385547652840101,0.6829409824739178
P4,char3gram,target_real_anchor,append,0.2498124531132783,contaminated_utility_delta,5,0.001589910816611348,0.0033133274323878586,-0.0025241285704455723,0.005703950203668268
P4,char3gram,target_real_anchor,append,0.2498124531132783,detector_cleanup_delta,5,0.003003069828760624,0.0016897572525815818,0.0009049590825263693,0.005101180574994878
P4,char3gram,target_real_anchor,append,0.2498124531132783,decision_regret,5,0.000839334840056608,0.0009081691943563804,-0.0002883061528534264,0.0019669758329666424
P4,char3gram,target_real_anchor,append,0.5,detection_auroc,5,0.6607478738789639,0.01787368291829283,0.6385547652840101,0.6829409824739178
P4,char3gram,target_real_anchor,append,0.5,contaminated_utility_delta,5,-0.00017586825978214028,0.008467679339441704,-0.010689880843900736,0.010338144324336454
P4,char3gram,target_real_anchor,append,0.5,detector_cleanup_delta,5,0.0036638316257864402,0.008148068838903181,-0.006453332106365585,0.013780995357938464
P4,char3gram,target_real_anchor,append,0.5,decision_regret,5,0.00013388564441288,0.0001937075967070833,-0.00010663410459687932,0.0003744053934226393
P4,char3gram,target_real_anchor,append,0.75,detection_auroc,5,0.6607478738789639,0.01787368291829283,0.6385547652840101,0.6829409824739178
P4,char3gram,target_real_anchor,append,0.75,contaminated_utility_delta,5,-0.0014047321542042285,0.008943250542485452,-0.012509244379724697,0.009699780071316241
P4,char3gram,target_real_anchor,append,0.75,detector_cleanup_delta,5,0.0036223656876460237,0.007607565219658113,-0.005823674159590566,0.013068405534882614
P4,char3gram,target_real_anchor,append,0.75,decision_regret,5,2.9573396138688e-05,6.612812409163616e-05,-5.2535514814647615e-05,0.00011168230709202361
P4,char3gram,target_real_anchor,replace,0.0,detection_auroc,5,0.6607478738789639,0.01787368291829283,0.6385547652840101,0.6829409824739178
P4,char3gram,target_real_anchor,replace,0.0,contaminated_utility_delta,5,-0.0027938617505738317,0.0022866116985329307,-0.005633065174513731,4.534167336606729e-05
P4,char3gram,target_real_anchor,replace,0.0,detector_cleanup_delta,5,-0.0013307613219946234,0.004291701922308704,-0.006659613089947229,0.0039980904459579825
P4,char3gram,target_real_anchor,replace,0.0,decision_regret,5,0.000919649804095452,0.0011269159033182288,-0.0004796011020580666,0.002318900710248971
P4,char3gram,target_real_anchor,replace,0.05,detection_auroc,5,0.6607478738789639,0.01787368291829283,0.6385547652840101,0.6829409824739178
P4,char3gram,target_real_anchor,replace,0.05,contaminated_utility_delta,5,-0.0009271884698353,0.0048858941682372,-0.006993827357569156,0.005139450417898556
P4,char3gram,target_real_anchor,replace,0.05,detector_cleanup_delta,5,0.0016099415229361765,0.003244006849881588,-0.0024180249924881944,0.005637908038360547
P4,char3gram,target_real_anchor,replace,0.05,decision_regret,5,0.000441558105120436,0.0005909000105298294,-0.00029214116449267826,0.0011752573747335503
P4,char3gram,target_real_anchor,replace,0.1,detection_auroc,5,0.6607478738789639,0.01787368291829283,0.6385547652840101,0.6829409824739178
P4,char3gram,target_real_anchor,replace,0.1,contaminated_utility_delta,5,0.001634987341929928,0.006339907198550117,-0.006237047178462634,0.00950702186232249
P4,char3gram,target_real_anchor,replace,0.1,detector_cleanup_delta,5,0.003184673070640112,0.0053701739291791,-0.0034832785613140263,0.009852624702594251
P4,char3gram,target_real_anchor,replace,0.1,decision_regret,5,0.0007127690930701201,0.00039753661320055634,0.0002191621924911341,0.0012063759936491061
P4,char3gram,target_real_anchor,replace,0.25,detection_auroc,5,0.6607478738789639,0.01787368291829283,0.6385547652840101,0.6829409824739178
P4,char3gram,target_real_anchor,replace,0.25,contaminated_utility_delta,5,-0.001435802185233856,0.005718528398491313,-0.008536293020346346,0.0056646886498786355
P4,char3gram,target_real_anchor,replace,0.25,detector_cleanup_delta,5,0.00038582404555156415,0.004099635763058617,-0.004704546087186938,0.005476194178290066
P4,char3gram,target_real_anchor,replace,0.25,decision_regret,5,0.00048432918226154806,0.0003040248923451064,0.0001068324188788543,0.0008618259456442418
P4,char3gram,target_real_anchor,replace,0.5,detection_auroc,5,0.6607478738789639,0.01787368291829283,0.6385547652840101,0.6829409824739178
P4,char3gram,target_real_anchor,replace,0.5,contaminated_utility_delta,5,-0.002219781238544956,0.00863438222093524,-0.012940782789010903,0.00850122031192099
P4,char3gram,target_real_anchor,replace,0.5,detector_cleanup_delta,5,-0.00028659203163882536,0.007516086875818257,-0.009619046512714162,0.00904586244943651
P4,char3gram,target_real_anchor,replace,0.5,decision_regret,5,0.0007791321926551361,0.0009749060085962868,-0.00043137349985140254,0.0019896378851616747
P4,char3gram,target_real_anchor,replace,0.75,detection_auroc,5,0.6607478738789639,0.01787368291829283,0.6385547652840101,0.6829409824739178
P4,char3gram,target_real_anchor,replace,0.75,contaminated_utility_delta,5,-0.0036624691392790317,0.010476906618537438,-0.016671266900059704,0.00934632862150164
P4,char3gram,target_real_anchor,replace,0.75,detector_cleanup_delta,5,-0.00377411961672136,0.009042939826711206,-0.015002412437471649,0.00745417320402893
P4,char3gram,target_real_anchor,replace,0.75,decision_regret,5,0.0022889280849419523,0.0020119354690866687,-0.00020921975373216616,0.004787075923616071
P4,char3gram,target_real_anchor,replace,1.0,detection_auroc,5,0.6607478738789639,0.01787368291829283,0.6385547652840101,0.6829409824739178
P4,char3gram,target_real_anchor,replace,1.0,contaminated_utility_delta,5,0.0020505825534867872,0.010975234893679154,-0.011576971485824334,0.01567813659279791
P4,char3gram,target_real_anchor,replace,1.0,detector_cleanup_delta,5,0.00024278994646238818,0.007846444371666048,-0.0094998575437439,0.009985437436668675
P4,char3gram,target_real_anchor,replace,1.0,decision_regret,5,0.0033752693568687596,0.003747999087213782,-0.0012784861750251633,0.008029024888762682
P4,column_positional_ablation,oracle_target,append,0.0,detection_auroc,3,0.7158915864496063,0.08967422074593155,0.49312847292281387,0.9386546999763987
P4,column_positional_ablation,oracle_target,append,0.0,contaminated_utility_delta,3,-0.0015025859150063464,0.0019659465293708983,-0.006386267827901273,0.0033810959978885797
P4,column_positional_ablation,oracle_target,append,0.0,detector_cleanup_delta,3,-0.0023878018481870798,0.0018332581354827296,-0.006941867517912824,0.0021662638215386642
P4,column_positional_ablation,oracle_target,append,0.0,decision_regret,3,0.0003917710438742067,0.0004214849567925939,-0.0006552556322297343,0.0014387977199781478
P4,column_positional_ablation,oracle_target,append,0.050332383665717,detection_auroc,3,0.7158915864496063,0.08967422074593155,0.49312847292281387,0.9386546999763987
P4,column_positional_ablation,oracle_target,append,0.050332383665717,contaminated_utility_delta,3,0.0010553353968113998,0.0008071795294331521,-0.0009498097124063789,0.0030604805060291786
P4,column_positional_ablation,oracle_target,append,0.050332383665717,detector_cleanup_delta,3,0.00014420635138473286,0.0020309869932588873,-0.0049010450306440825,0.005189457733413548
P4,column_positional_ablation,oracle_target,append,0.050332383665717,decision_regret,3,0.0007038301372635734,0.0004166799200613059,-0.00033126016588982943,0.001738920440416976
P4,column_positional_ablation,oracle_target,append,0.0999099909990999,detection_auroc,3,0.7158915864496063,0.08967422074593155,0.49312847292281387,0.9386546999763987
P4,column_positional_ablation,oracle_target,append,0.0999099909990999,contaminated_utility_delta,3,0.0022783732481072663,0.005586773613906778,-0.01159994177321024,0.016156688269424773
P4,column_positional_ablation,oracle_target,append,0.0999099909990999,detector_cleanup_delta,3,0.002067462561071707,0.0038359249208800273,-0.007461503194329269,0.011596428316472684
P4,column_positional_ablation,oracle_target,append,0.0999099909990999,decision_regret,3,0.0014610303941430666,0.0005578409696432576,7.527660429287918e-05,0.002846784183993254
P4,column_positional_ablation,oracle_target,append,0.2498124531132783,detection_auroc,3,0.7158915864496063,0.08967422074593155,0.49312847292281387,0.9386546999763987
P4,column_positional_ablation,oracle_target,append,0.2498124531132783,contaminated_utility_delta,3,-0.0005977807646677069,0.0015747392114373357,-0.004509649825971169,0.0033140882966357556
P4,column_positional_ablation,oracle_target,append,0.2498124531132783,detector_cleanup_delta,3,-0.0009722019512904798,0.00029580468226610975,-0.0017070215178200472,-0.00023738238476091243
P4,column_positional_ablation,oracle_target,append,0.2498124531132783,decision_regret,3,0.0011040091764951264,0.0008256325936588995,-0.0009469758854631822,0.0031549942384534353
P4,column_positional_ablation,oracle_target,append,0.5,detection_auroc,3,0.7158915864496063,0.08967422074593155,0.49312847292281387,0.9386546999763987
P4,column_positional_ablation,oracle_target,append,0.5,contaminated_utility_delta,3,0.0012418863149461596,0.00993549057005289,-0.02343924049486201,0.02592301312475433
P4,column_positional_ablation,oracle_target,append,0.5,detector_cleanup_delta,3,0.0018232216143064135,0.00806529444640028,-0.01821208047636702,0.02185852370497985
P4,column_positional_ablation,oracle_target,append,0.5,decision_regret,3,0.0006525372083025467,0.0009301560887877301,-0.0016580986096692424,0.0029631730262743355
P4,column_positional_ablation,oracle_target,append,0.75,detection_auroc,3,0.7158915864496063,0.08967422074593155,0.49312847292281387,0.9386546999763987
P4,column_positional_ablation,oracle_target,append,0.75,contaminated_utility_delta,3,-0.0017292324483658206,0.012512400712157062,-0.03281175892196686,0.029353294025235222
P4,column_positional_ablation,oracle_target,append,0.75,detector_cleanup_delta,3,-0.00038932222207489954,0.010351547591633302,-0.026103991969429495,0.025325347525279693
P4,column_positional_ablation,oracle_target,append,0.75,decision_regret,3,0.0004072753369664934,0.0007054215762957015,-0.0013450890033920215,0.0021596396773250082
P4,column_positional_ablation,oracle_target,replace,0.0,detection_auroc,3,0.7158915864496063,0.08967422074593155,0.49312847292281387,0.9386546999763987
P4,column_positional_ablation,oracle_target,replace,0.0,contaminated_utility_delta,3,-0.0015025859150063464,0.0019659465293708983,-0.006386267827901273,0.0033810959978885797
P4,column_positional_ablation,oracle_target,replace,0.0,detector_cleanup_delta,3,-0.0023878018481870798,0.0018332581354827296,-0.006941867517912824,0.0021662638215386642
P4,column_positional_ablation,oracle_target,replace,0.0,decision_regret,3,0.0003917710438742067,0.0004214849567925939,-0.0006552556322297343,0.0014387977199781478
P4,column_positional_ablation,oracle_target,replace,0.05,detection_auroc,3,0.7158915864496063,0.08967422074593155,0.49312847292281387,0.9386546999763987
P4,column_positional_ablation,oracle_target,replace,0.05,contaminated_utility_delta,3,-0.0042089011515837604,0.0023157743345076833,-0.00996160350783782,0.0015438012046702998
P4,column_positional_ablation,oracle_target,replace,0.05,detector_cleanup_delta,3,-0.004430574418416481,0.00279728767261902,-0.011379422216583699,0.0025182733797507366
P4,column_positional_ablation,oracle_target,replace,0.05,decision_regret,3,0.0009066818266939133,0.0011153938389611038,-0.001864110072123339,0.0036774737255111656
P4,column_positional_ablation,oracle_target,replace,0.1,detection_auroc,3,0.7158915864496063,0.08967422074593155,0.49312847292281387,0.9386546999763987
P4,column_positional_ablation,oracle_target,replace,0.1,contaminated_utility_delta,3,-0.0011621290845874263,0.006472139954465656,-0.017239816021201625,0.014915557852026773
P4,column_positional_ablation,oracle_target,replace,0.1,detector_cleanup_delta,3,-0.0021324484414334465,0.005117990807402709,-0.014846242414494035,0.010581345531627144
P4,column_positional_ablation,oracle_target,replace,0.1,decision_regret,3,0.0008454438184379532,0.0007526744755158273,-0.0010243032308628137,0.0027151908677387204
P4,column_positional_ablation,oracle_target,replace,0.25,detection_auroc,3,0.7158915864496063,0.08967422074593155,0.49312847292281387,0.9386546999763987
P4,column_positional_ablation,oracle_target,replace,0.25,contaminated_utility_delta,3,-0.003915468531042881,0.004663316108967078,-0.015499787939140811,0.007668850877055049
P4,column_positional_ablation,oracle_target,replace,0.25,detector_cleanup_delta,3,-0.0035428738628621136,0.0026935518890860402,-0.010234027689097088,0.003148279963372861
P4,column_positional_ablation,oracle_target,replace,0.25,decision_regret,3,0.0014495528148329665,0.0011950812840194702,-0.0015191936714068067,0.00441829930107274
P4,column_positional_ablation,oracle_target,replace,0.5,detection_auroc,3,0.7158915864496063,0.08967422074593155,0.49312847292281387,0.9386546999763987
P4,column_positional_ablation,oracle_target,replace,0.5,contaminated_utility_delta,3,-0.0017741655330394401,0.011709341799467046,-0.03086178307687,0.02731345201079112
P4,column_positional_ablation,oracle_target,replace,0.5,detector_cleanup_delta,3,-0.0014348918643498736,0.01035675364950656,-0.02716249417639698,0.024292710447697232
P4,column_positional_ablation,oracle_target,replace,0.5,decision_regret,3,0.0007145843279037266,0.0006412288231040078,-0.0008783163734302206,0.0023074850292376737
P4,column_positional_ablation,oracle_target,replace,0.75,detection_auroc,3,0.7158915864496063,0.08967422074593155,0.49312847292281387,0.9386546999763987
P4,column_positional_ablation,oracle_target,replace,0.75,contaminated_utility_delta,3,-0.0037096004731697993,0.014557002259282114,-0.03987119875548726,0.032451997809147655
P4,column_positional_ablation,oracle_target,replace,0.75,detector_cleanup_delta,3,-0.0028887352073371595,0.012115399962232305,-0.03298505714645695,0.027207586731782633
P4,column_positional_ablation,oracle_target,replace,0.75,decision_regret,3,0.0007620372277594066,0.0004612644619526687,-0.000383807217267443,0.0019078816727862561
P4,column_positional_ablation,oracle_target,replace,1.0,detection_auroc,3,0.7158915864496063,0.08967422074593155,0.49312847292281387,0.9386546999763987
P4,column_positional_ablation,oracle_target,replace,1.0,contaminated_utility_delta,3,0.0028149535548625524,0.01542910699057252,-0.035513072979049286,0.04114298008877439
P4,column_positional_ablation,oracle_target,replace,1.0,detector_cleanup_delta,3,0.0024022695021785265,0.013700660129630216,-0.03163205700171006,0.036436596006067114
P4,column_positional_ablation,oracle_target,replace,1.0,decision_regret,3,0.0021426739710057063,0.0005530237104775538,0.0007688869163163189,0.003516461025695094
P4,column_positional_ablation,source_only,append,0.0,detection_auroc,5,0.6582104954694753,0.10662957807014983,0.5258123872361127,0.7906086037028379
P4,column_positional_ablation,source_only,append,0.0,contaminated_utility_delta,5,-0.0027938617505738317,0.0022866116985329307,-0.005633065174513731,4.534167336606729e-05
P4,column_positional_ablation,source_only,append,0.0,detector_cleanup_delta,3,-0.13792305526022045,0.03843575862709874,-0.23340277274552954,-0.042443337774911355
P4,column_positional_ablation,source_only,append,0.0,decision_regret,3,0.1374585235993442,0.03965809122535965,0.03894236361039345,0.235974683588295
P4,column_positional_ablation,source_only,append,0.050332383665717,detection_auroc,5,0.6582104954694753,0.10662957807014983,0.5258123872361127,0.7906086037028379
P4,column_positional_ablation,source_only,append,0.050332383665717,contaminated_utility_delta,5,0.0004210648209109559,0.0023323700431712494,-0.0024749550921837433,0.0033170847340056554
P4,column_positional_ablation,source_only,append,0.050332383665717,detector_cleanup_delta,3,-0.1609732814669655,0.03906750110385899,-0.25802233426290927,-0.06392422867102172
P4,column_positional_ablation,source_only,append,0.050332383665717,decision_regret,3,0.16202861686377684,0.03857309149423698,0.06620774562414686,0.2578494881034068
P4,column_positional_ablation,source_only,append,0.0999099909990999,detection_auroc,5,0.6582104954694753,0.10662957807014983,0.5258123872361127,0.7906086037028379
P4,column_positional_ablation,source_only,append,0.0999099909990999,contaminated_utility_delta,5,0.004677793023996624,0.005144593808041074,-0.0017100638928299848,0.011065649940823232
P4,column_positional_ablation,source_only,append,0.0999099909990999,detector_cleanup_delta,3,-0.15004611771573148,0.028079434476126014,-0.2197992998224985,-0.08029293560896447
P4,column_positional_ablation,source_only,append,0.0999099909990999,decision_regret,3,0.15232449096383874,0.02494937093718897,0.09034681773431993,0.21430216419335754
P4,column_positional_ablation,source_only,append,0.2498124531132783,detection_auroc,5,0.6582104954694753,0.10662957807014983,0.5258123872361127,0.7906086037028379
P4,column_positional_ablation,source_only,append,0.2498124531132783,contaminated_utility_delta,5,0.001589910816611348,0.0033133274323878586,-0.0025241285704455723,0.005703950203668268
P4,column_positional_ablation,source_only,append,0.2498124531132783,detector_cleanup_delta,3,-0.15131423257622126,0.03289764888387118,-0.2330365227965668,-0.06959194235587571
P4,column_positional_ablation,source_only,append,0.2498124531132783,decision_regret,3,0.14969741655057944,0.031154457993600993,0.0723054525595337,0.2270893805416252
P4,column_positional_ablation,source_only,append,0.5,detection_auroc,5,0.6582104954694753,0.10662957807014983,0.5258123872361127,0.7906086037028379
P4,column_positional_ablation,source_only,append,0.5,contaminated_utility_delta,5,-0.00017586825978214028,0.008467679339441704,-0.010689880843900736,0.010338144324336454
P4,column_positional_ablation,source_only,append,0.5,detector_cleanup_delta,3,-0.1636320435748316,0.021450174613736505,-0.21691723125644402,-0.11034685589321919
P4,column_positional_ablation,source_only,append,0.5,decision_regret,3,0.16599495001593945,0.01295249114006067,0.13381917831380272,0.19817072171807618
P4,column_positional_ablation,source_only,append,0.75,detection_auroc,5,0.6582104954694753,0.10662957807014983,0.5258123872361127,0.7906086037028379
P4,column_positional_ablation,source_only,append,0.75,contaminated_utility_delta,5,-0.0014047321542042285,0.008943250542485452,-0.012509244379724697,0.009699780071316241
P4,column_positional_ablation,source_only,append,0.75,detector_cleanup_delta,3,-0.12951425071815767,0.034464680321919246,-0.21512926282925676,-0.04389923860705856
P4,column_positional_ablation,source_only,append,0.75,decision_regret,3,0.12778501826979186,0.026985457311743948,0.060749426092860034,0.19482061044672366
P4,column_positional_ablation,source_only,replace,0.0,detection_auroc,5,0.6582104954694753,0.10662957807014983,0.5258123872361127,0.7906086037028379
P4,column_positional_ablation,source_only,replace,0.0,contaminated_utility_delta,5,-0.0027938617505738317,0.0022866116985329307,-0.005633065174513731,4.534167336606729e-05
P4,column_positional_ablation,source_only,replace,0.0,detector_cleanup_delta,3,-0.13792305526022045,0.03843575862709874,-0.23340277274552954,-0.042443337774911355
P4,column_positional_ablation,source_only,replace,0.0,decision_regret,3,0.1374585235993442,0.03965809122535965,0.03894236361039345,0.235974683588295
P4,column_positional_ablation,source_only,replace,0.05,detection_auroc,5,0.6582104954694753,0.10662957807014983,0.5258123872361127,0.7906086037028379
P4,column_positional_ablation,source_only,replace,0.05,contaminated_utility_delta,5,-0.0009271884698353,0.0048858941682372,-0.006993827357569156,0.005139450417898556
P4,column_positional_ablation,source_only,replace,0.05,detector_cleanup_delta,3,-0.16231199354795947,0.04621382385941455,-0.2771134962013183,-0.04751049089460062
P4,column_positional_ablation,source_only,replace,0.05,decision_regret,3,0.15810309239637568,0.04525962392687326,0.04567195377999225,0.2705342310127591
P4,column_positional_ablation,source_only,replace,0.1,detection_auroc,5,0.6582104954694753,0.10662957807014983,0.5258123872361127,0.7906086037028379
P4,column_positional_ablation,source_only,replace,0.1,contaminated_utility_delta,5,0.001634987341929928,0.006339907198550117,-0.006237047178462634,0.00950702186232249
P4,column_positional_ablation,source_only,replace,0.1,detector_cleanup_delta,3,-0.14868042833128559,0.033169103309849665,-0.23107704872822582,-0.06628380793434534
P4,column_positional_ablation,source_only,replace,0.1,decision_regret,3,0.14751829924669815,0.029246109352904198,0.07486693608117478,0.22016966241222152
P4,column_positional_ablation,source_only,replace,0.25,detection_auroc,5,0.6582104954694753,0.10662957807014983,0.5258123872361127,0.7906086037028379
P4,column_positional_ablation,source_only,replace,0.25,contaminated_utility_delta,5,-0.001435802185233856,0.005718528398491313,-0.008536293020346346,0.0056646886498786355
P4,column_positional_ablation,source_only,replace,0.25,detector_cleanup_delta,3,-0.1592015445883915,0.041065100189765176,-0.2612129086065928,-0.057190180570190194
P4,column_positional_ablation,source_only,replace,0.25,decision_regret,3,0.15508540773710608,0.04042031387564341,0.054675781717835145,0.255495033756377
P4,column_positional_ablation,source_only,replace,0.5,detection_auroc,5,0.6582104954694753,0.10662957807014983,0.5258123872361127,0.7906086037028379
P4,column_positional_ablation,source_only,replace,0.5,contaminated_utility_delta,5,-0.002219781238544956,0.00863438222093524,-0.012940782789010903,0.00850122031192099
P4,column_positional_ablation,source_only,replace,0.5,detector_cleanup_delta,3,-0.17938778273075692,0.03615804423785585,-0.2692093440051514,-0.08956622145636246
P4,column_positional_ablation,source_only,replace,0.5,decision_regret,3,0.17832758302381638,0.028755401977741298,0.1068952045543692,0.24975996149326357
P4,column_positional_ablation,source_only,replace,0.75,detection_auroc,5,0.6582104954694753,0.10662957807014983,0.5258123872361127,0.7906086037028379
P4,column_positional_ablation,source_only,replace,0.75,contaminated_utility_delta,5,-0.0036624691392790317,0.010476906618537438,-0.016671266900059704,0.00934632862150164
P4,column_positional_ablation,source_only,replace,0.75,detector_cleanup_delta,2,-0.18941568253361413,0.00581543331227713,-0.2416652778290874,-0.13716608723814086
P4,column_positional_ablation,source_only,replace,0.75,decision_regret,2,0.18378584843883383,0.01373878880918159,0.06034772842561843,0.30722396845204925
P4,column_positional_ablation,source_only,replace,1.0,detection_auroc,5,0.6582104954694753,0.10662957807014983,0.5258123872361127,0.7906086037028379
P4,column_positional_ablation,source_only,replace,1.0,contaminated_utility_delta,5,0.0020505825534867872,0.010975234893679154,-0.011576971485824334,0.01567813659279791
P4,column_positional_ablation,source_only,replace,1.0,detector_cleanup_delta,0,,,,
P4,column_positional_ablation,source_only,replace,1.0,decision_regret,0,,,,
P4,column_positional_ablation,target_real_anchor,append,0.0,detection_auroc,5,0.6582104954694753,0.10662957807014983,0.5258123872361127,0.7906086037028379
P4,column_positional_ablation,target_real_anchor,append,0.0,contaminated_utility_delta,5,-0.0027938617505738317,0.0022866116985329307,-0.005633065174513731,4.534167336606729e-05
P4,column_positional_ablation,target_real_anchor,append,0.0,detector_cleanup_delta,5,-0.0024603802790392156,0.0021230622328932244,-0.005096510219568828,0.00017574966149039653
P4,column_positional_ablation,target_real_anchor,append,0.0,decision_regret,5,0.000597364336375572,0.00032997692385288845,0.00018764386978941555,0.0010070848029617285
P4,column_positional_ablation,target_real_anchor,append,0.050332383665717,detection_auroc,5,0.6582104954694753,0.10662957807014983,0.5258123872361127,0.7906086037028379
P4,column_positional_ablation,target_real_anchor,append,0.050332383665717,contaminated_utility_delta,5,0.0004210648209109559,0.0023323700431712494,-0.0024749550921837433,0.0033170847340056554
P4,column_positional_ablation,target_real_anchor,append,0.050332383665717,detector_cleanup_delta,5,-0.00018235314129582802,0.00326264709201826,-0.004233464574299105,0.003868758291707449
P4,column_positional_ablation,target_real_anchor,append,0.050332383665717,decision_regret,5,0.0009035536379972439,0.0007877614288486123,-7.458136737763417e-05,0.001881688643372122
P4,column_positional_ablation,target_real_anchor,append,0.0999099909990999,detection_auroc,5,0.6582104954694753,0.10662957807014983,0.5258123872361127,0.7906086037028379
P4,column_positional_ablation,target_real_anchor,append,0.0999099909990999,contaminated_utility_delta,5,0.004677793023996624,0.005144593808041074,-0.0017100638928299848,0.011065649940823232
P4,column_positional_ablation,target_real_anchor,append,0.0999099909990999,detector_cleanup_delta,5,0.004318825915667386,0.0038804622999654946,-0.0004994044185867444,0.009137056249921515
P4,column_positional_ablation,target_real_anchor,append,0.0999099909990999,decision_regret,5,0.001147911346186912,0.0006349821657291148,0.00035947685149961416,0.0019363458408742098
P4,column_positional_ablation,target_real_anchor,append,0.2498124531132783,detection_auroc,5,0.6582104954694753,0.10662957807014983,0.5258123872361127,0.7906086037028379
P4,column_positional_ablation,target_real_anchor,append,0.2498124531132783,contaminated_utility_delta,5,0.001589910816611348,0.0033133274323878586,-0.0025241285704455723,0.005703950203668268
P4,column_positional_ablation,target_real_anchor,append,0.2498124531132783,detector_cleanup_delta,5,0.001153929460283584,0.002309305029117854,-0.001713451455242951,0.004021310375810119
P4,column_positional_ablation,target_real_anchor,append,0.2498124531132783,decision_regret,5,0.0009937718530861552,0.0007414624828470489,7.31245821161986e-05,0.0019144191240561118
P4,column_positional_ablation,target_real_anchor,append,0.5,detection_auroc,5,0.6582104954694753,0.10662957807014983,0.5258123872361127,0.7906086037028379
P4,column_positional_ablation,target_real_anchor,append,0.5,contaminated_utility_delta,5,-0.00017586825978214028,0.008467679339441704,-0.010689880843900736,0.010338144324336454
P4,column_positional_ablation,target_real_anchor,append,0.5,detector_cleanup_delta,5,0.00019831126540255945,0.007828091191721053,-0.009521547742013471,0.00991817027281859
P4,column_positional_ablation,target_real_anchor,append,0.5,decision_regret,5,0.000425697410896008,0.0004035725926250571,-7.540414802827941e-05,0.0009267989698202954
P4,column_positional_ablation,target_real_anchor,append,0.75,detection_auroc,5,0.6582104954694753,0.10662957807014983,0.5258123872361127,0.7906086037028379
P4,column_positional_ablation,target_real_anchor,append,0.75,contaminated_utility_delta,5,-0.0014047321542042285,0.008943250542485452,-0.012509244379724697,0.009699780071316241
P4,column_positional_ablation,target_real_anchor,append,0.75,detector_cleanup_delta,5,-0.0010292952150165637,0.007801475595569005,-0.010716106594899867,0.00865751616486674
P4,column_positional_ablation,target_real_anchor,append,0.75,decision_regret,5,0.0006343318221700079,0.0008392196416717141,-0.00040769699347922297,0.0016763606378192388
P4,column_positional_ablation,target_real_anchor,replace,0.0,detection_auroc,5,0.6582104954694753,0.10662957807014983,0.5258123872361127,0.7906086037028379
P4,column_positional_ablation,target_real_anchor,replace,0.0,contaminated_utility_delta,5,-0.0027938617505738317,0.0022866116985329307,-0.005633065174513731,4.534167336606729e-05
P4,column_positional_ablation,target_real_anchor,replace,0.0,detector_cleanup_delta,5,-0.0024603802790392156,0.0021230622328932244,-0.005096510219568828,0.00017574966149039653
P4,column_positional_ablation,target_real_anchor,replace,0.0,decision_regret,5,0.000597364336375572,0.00032997692385288845,0.00018764386978941555,0.0010070848029617285
P4,column_positional_ablation,target_real_anchor,replace,0.05,detection_auroc,5,0.6582104954694753,0.10662957807014983,0.5258123872361127,0.7906086037028379
P4,column_positional_ablation,target_real_anchor,replace,0.05,contaminated_utility_delta,5,-0.0009271884698353,0.0048858941682372,-0.006993827357569156,0.005139450417898556
P4,column_positional_ablation,target_real_anchor,replace,0.05,detector_cleanup_delta,5,-0.0013466005319398516,0.0032587349233615943,-0.005392854365967245,0.0026996533020875423
P4,column_positional_ablation,target_real_anchor,replace,0.05,decision_regret,5,0.0012099544809005599,0.0014090493884319083,-0.000539611416406372,0.0029595203782074916
P4,column_positional_ablation,target_real_anchor,replace,0.1,detection_auroc,5,0.6582104954694753,0.10662957807014983,0.5258123872361127,0.7906086037028379
P4,column_positional_ablation,target_real_anchor,replace,0.1,contaminated_utility_delta,5,0.001634987341929928,0.006339907198550117,-0.006237047178462634,0.00950702186232249
P4,column_positional_ablation,target_real_anchor,replace,0.1,detector_cleanup_delta,5,0.0011362447416381478,0.005872434871136332,-0.006155346219648196,0.008427835702924491
P4,column_positional_ablation,target_real_anchor,replace,0.1,decision_regret,5,0.001390975248207948,0.0009451746120058773,0.00021738596046403887,0.0025645645359518568
P4,column_positional_ablation,target_real_anchor,replace,0.25,detection_auroc,5,0.6582104954694753,0.10662957807014983,0.5258123872361127,0.7906086037028379
P4,column_positional_ablation,target_real_anchor,replace,0.25,contaminated_utility_delta,5,-0.001435802185233856,0.005718528398491313,-0.008536293020346346,0.0056646886498786355
P4,column_positional_ablation,target_real_anchor,replace,0.25,detector_cleanup_delta,5,-0.0011774368288825,0.00456036037784228,-0.0068398721288841745,0.004484998471119174
P4,column_positional_ablation,target_real_anchor,replace,0.25,decision_regret,5,0.0008118144559151651,0.00040443814683506095,0.00030963816948982234,0.0013139907423405078
P4,column_positional_ablation,target_real_anchor,replace,0.5,detection_auroc,5,0.6582104954694753,0.10662957807014983,0.5258123872361127,0.7906086037028379
P4,column_positional_ablation,target_real_anchor,replace,0.5,contaminated_utility_delta,5,-0.002219781238544956,0.00863438222093524,-0.012940782789010903,0.00850122031192099
P4,column_positional_ablation,target_real_anchor,replace,0.5,detector_cleanup_delta,5,-0.0023024483061297634,0.008539161179480203,-0.012905217317549521,0.008300320705289996
P4,column_positional_ablation,target_real_anchor,replace,0.5,decision_regret,5,0.0008416807084341081,0.0007423910929430025,-8.011958426036266e-05,0.001763481001128579
P4,column_positional_ablation,target_real_anchor,replace,0.75,detection_auroc,5,0.6582104954694753,0.10662957807014983,0.5258123872361127,0.7906086037028379
P4,column_positional_ablation,target_real_anchor,replace,0.75,contaminated_utility_delta,5,-0.0036624691392790317,0.010476906618537438,-0.016671266900059704,0.00934632862150164
P4,column_positional_ablation,target_real_anchor,replace,0.75,detector_cleanup_delta,5,-0.0033768099484167043,0.009203928615045159,-0.014804996751755709,0.0080513768549223
P4,column_positional_ablation,target_real_anchor,replace,0.75,decision_regret,5,0.001045022601305652,0.000842965827024248,-1.6577178264182754e-06,0.0020917029204377225
P4,column_positional_ablation,target_real_anchor,replace,1.0,detection_auroc,5,0.6582104954694753,0.10662957807014983,0.5258123872361127,0.7906086037028379
P4,column_positional_ablation,target_real_anchor,replace,1.0,contaminated_utility_delta,5,0.0020505825534867872,0.010975234893679154,-0.011576971485824334,0.01567813659279791
P4,column_positional_ablation,target_real_anchor,replace,1.0,detector_cleanup_delta,5,0.0012859999510182604,0.010100203533315717,-0.011255059150830317,0.013827059052866837
P4,column_positional_ablation,target_real_anchor,replace,1.0,decision_regret,5,0.001853823562837836,0.0005680130052895367,0.0011485422636582938,0.002559104862017378
P4,datum_ta,oracle_target,append,0.0,detection_auroc,3,0.6602301962594886,0.1442450964937852,0.30190551232421153,1.0185548801947657
P4,datum_ta,oracle_target,append,0.0,contaminated_utility_delta,3,-0.0043806712823971665,0.0008409723229588961,-0.0064697623443976384,-0.0022915802203966945
P4,datum_ta,oracle_target,append,0.0,detector_cleanup_delta,3,-0.00625478422527943,0.0025349392718174166,-0.012551922467397995,4.235401683913478e-05
P4,datum_ta,oracle_target,append,0.0,decision_regret,3,0.0015227299122802403,0.0011634222865129988,-0.0013673712643374975,0.004412831088897978
P4,datum_ta,oracle_target,append,0.050332383665717,detection_auroc,3,0.6602301962594886,0.1442450964937852,0.30190551232421153,1.0185548801947657
P4,datum_ta,oracle_target,append,0.050332383665717,contaminated_utility_delta,3,9.800435440277325e-05,0.003147092816547485,-0.007719807593561398,0.007915816302366945
P4,datum_ta,oracle_target,append,0.050332383665717,detector_cleanup_delta,3,-0.002345654888355593,0.002303587927953293,-0.008068084532517169,0.0033767747558059837
P4,datum_ta,oracle_target,append,0.050332383665717,decision_regret,3,0.0017046641217890797,0.002213040170000358,-0.003792832422127171,0.00720216066570533
P4,datum_ta,oracle_target,append,0.0999099909990999,detection_auroc,3,0.6602301962594886,0.1442450964937852,0.30190551232421153,1.0185548801947657
P4,datum_ta,oracle_target,append,0.0999099909990999,contaminated_utility_delta,3,0.004903697358321374,0.005853891152803384,-0.009638174414839124,0.019445569131481873
P4,datum_ta,oracle_target,append,0.0999099909990999,detector_cleanup_delta,3,0.004431988080838707,0.007465144474222378,-0.014112458831241693,0.022976434992919105
P4,datum_ta,oracle_target,append,0.0999099909990999,decision_regret,3,0.0015153767902081133,0.0006025667300868916,1.85180521531836e-05,0.003012235528263043
P4,datum_ta,oracle_target,append,0.2498124531132783,detection_auroc,3,0.6602301962594886,0.1442450964937852,0.30190551232421153,1.0185548801947657
P4,datum_ta,oracle_target,append,0.2498124531132783,contaminated_utility_delta,3,0.0024511133104762194,0.004370704442611302,-0.008406318422329223,0.013308545043281661
P4,datum_ta,oracle_target,append,0.2498124531132783,detector_cleanup_delta,3,0.0021034131271543337,0.004321165028069461,-0.008630955877769688,0.012837782132078356
P4,datum_ta,oracle_target,append,0.2498124531132783,decision_regret,3,0.001154148818376043,0.0008081313720838207,-0.0008533607990659138,0.0031616584358179997
P4,datum_ta,oracle_target,append,0.5,detection_auroc,3,0.6602301962594886,0.1442450964937852,0.30190551232421153,1.0185548801947657
P4,datum_ta,oracle_target,append,0.5,contaminated_utility_delta,3,-0.004684977829358288,0.007360720676364837,-0.022970021647176576,0.013600065988460003
P4,datum_ta,oracle_target,append,0.5,detector_cleanup_delta,3,-0.004910479629445079,0.006042945364136556,-0.01992198809854353,0.01010102883965337
P4,datum_ta,oracle_target,append,0.5,decision_regret,3,0.0014967049757493266,0.0013108464695203463,-0.0017596181735009455,0.004753028124999599
P4,datum_ta,oracle_target,append,0.75,detection_auroc,3,0.6602301962594886,0.1442450964937852,0.30190551232421153,1.0185548801947657
P4,datum_ta,oracle_target,append,0.75,contaminated_utility_delta,3,-0.005432538666575254,0.008009499719619553,-0.02532923897233588,0.014464161639185371
P4,datum_ta,oracle_target,append,0.75,detector_cleanup_delta,3,-0.00445474747078664,0.00915582508607372,-0.02719907784929208,0.018289582907718798
P4,datum_ta,oracle_target,append,0.75,decision_regret,3,0.0007862222008792266,0.0010649547837425421,-0.0018592721387245396,0.0034317165404829926
P4,datum_ta,oracle_target,replace,0.0,detection_auroc,3,0.6602301962594886,0.1442450964937852,0.30190551232421153,1.0185548801947657
P4,datum_ta,oracle_target,replace,0.0,contaminated_utility_delta,3,-0.0043806712823971665,0.0008409723229588961,-0.0064697623443976384,-0.0022915802203966945
P4,datum_ta,oracle_target,replace,0.0,detector_cleanup_delta,3,-0.00625478422527943,0.0025349392718174166,-0.012551922467397995,4.235401683913478e-05
P4,datum_ta,oracle_target,replace,0.0,decision_regret,3,0.0015227299122802403,0.0011634222865129988,-0.0013673712643374975,0.004412831088897978
P4,datum_ta,oracle_target,replace,0.05,detection_auroc,3,0.6602301962594886,0.1442450964937852,0.30190551232421153,1.0185548801947657
P4,datum_ta,oracle_target,replace,0.05,contaminated_utility_delta,3,0.0014487326614587399,0.0046315457845607574,-0.010056664885666908,0.012954130208584387
P4,datum_ta,oracle_target,replace,0.05,detector_cleanup_delta,3,0.0006522122242602468,0.005963717361927369,-0.014162482976723722,0.015466907425244215
P4,datum_ta,oracle_target,replace,0.05,decision_regret,3,0.00076403143714898,0.0006427905599543144,-0.000832748833590644,0.002360811707888604
P4,datum_ta,oracle_target,replace,0.1,detection_auroc,3,0.6602301962594886,0.1442450964937852,0.30190551232421153,1.0185548801947657
P4,datum_ta,oracle_target,replace,0.1,contaminated_utility_delta,3,0.0011600150737951997,0.008637453470745526,-0.020296608826372537,0.022616638973962936
P4,datum_ta,oracle_target,replace,0.1,detector_cleanup_delta,3,0.00041966883246524034,0.009008734565621462,-0.02195926843714376,0.02279860610207424
P4,datum_ta,oracle_target,replace,0.1,decision_regret,3,0.0011623512000226266,0.000936769708609034,-0.0011647137603584426,0.003489416160403696
P4,datum_ta,oracle_target,replace,0.25,detection_auroc,3,0.6602301962594886,0.1442450964937852,0.30190551232421153,1.0185548801947657
P4,datum_ta,oracle_target,replace,0.25,contaminated_utility_delta,3,-0.0015389997799548337,0.008027319737634478,-0.021479967464490404,0.01840196790458074
P4,datum_ta,oracle_target,replace,0.25,detector_cleanup_delta,3,-0.0013165347828598334,0.008751963022007444,-0.02305761617767291,0.020424546611953243
P4,datum_ta,oracle_target,replace,0.25,decision_regret,3,0.0009494552251647333,0.0007333111452977779,-0.0008721906453163025,0.002771101095645769
P4,datum_ta,oracle_target,replace,0.5,detection_auroc,3,0.6602301962594886,0.1442450964937852,0.30190551232421153,1.0185548801947657
P4,datum_ta,oracle_target,replace,0.5,contaminated_utility_delta,3,-0.006706362907110773,0.007415306552992697,-0.025127005559589275,0.01171427974536773
P4,datum_ta,oracle_target,replace,0.5,detector_cleanup_delta,3,-0.006089827766870274,0.0076961382272185165,-0.02520809497194712,0.013028439438206571
P4,datum_ta,oracle_target,replace,0.5,decision_regret,3,0.00045930637031467995,0.0003743154196124,-0.00047054467963413205,0.001389157420263492
P4,datum_ta,oracle_target,replace,0.75,detection_auroc,3,0.6602301962594886,0.1442450964937852,0.30190551232421153,1.0185548801947657
P4,datum_ta,oracle_target,replace,0.75,contaminated_utility_delta,3,-0.008880100478192493,0.009566386443557489,-0.032644321807810774,0.014884120851425786
P4,datum_ta,oracle_target,replace,0.75,detector_cleanup_delta,3,-0.009216808412186773,0.010069555095271342,-0.034230969964898,0.015797353140524453
P4,datum_ta,oracle_target,replace,0.75,decision_regret,3,0.0014974183205997875,0.0015378956480987423,-0.002322926255579013,0.005317762896778588
P4,datum_ta,oracle_target,replace,1.0,detection_auroc,3,0.6602301962594886,0.1442450964937852,0.30190551232421153,1.0185548801947657
P4,datum_ta,oracle_target,replace,1.0,contaminated_utility_delta,3,-0.004389552528047913,0.009204844137376515,-0.027255652980488848,0.018476547924393023
P4,datum_ta,oracle_target,replace,1.0,detector_cleanup_delta,3,-0.005420333186564,0.010058393926470349,-0.03040676885894947,0.019566102485821472
P4,datum_ta,oracle_target,replace,1.0,decision_regret,3,0.0019907328802912065,0.0017769843532893874,-0.002423540964905233,0.006405006725487646
P4,datum_ta,source_only,append,0.0,detection_auroc,5,0.632618169954758,0.18364652316385413,0.4045908937469066,0.8606454461626093
P4,datum_ta,source_only,append,0.0,contaminated_utility_delta,5,-0.0027938617505738317,0.0022866116985329307,-0.005633065174513731,4.534167336606729e-05
P4,datum_ta,source_only,append,0.0,detector_cleanup_delta,4,-0.036807236093758994,0.030441444349415075,-0.0852463671424068,0.01163189495488881
P4,datum_ta,source_only,append,0.0,decision_regret,4,0.03413614816772788,0.02980157336545379,-0.013284805356537005,0.08155710169199276
P4,datum_ta,source_only,append,0.050332383665717,detection_auroc,5,0.632618169954758,0.18364652316385413,0.4045908937469066,0.8606454461626093
P4,datum_ta,source_only,append,0.050332383665717,contaminated_utility_delta,5,0.0004210648209109559,0.0023323700431712494,-0.0024749550921837433,0.0033170847340056554
P4,datum_ta,source_only,append,0.050332383665717,detector_cleanup_delta,4,-0.05154037008499135,0.05446355550532236,-0.13820404058025498,0.035123300410272285
P4,datum_ta,source_only,append,0.050332383665717,decision_regret,4,0.05190778236188723,0.05448656410845168,-0.03479249995538573,0.1386080646791602
P4,datum_ta,source_only,append,0.0999099909990999,detection_auroc,5,0.632618169954758,0.18364652316385413,0.4045908937469066,0.8606454461626093
P4,datum_ta,source_only,append,0.0999099909990999,contaminated_utility_delta,5,0.004677793023996624,0.005144593808041074,-0.0017100638928299848,0.011065649940823232
P4,datum_ta,source_only,append,0.0999099909990999,detector_cleanup_delta,4,-0.029687243258885887,0.03634302182596523,-0.08751710102532999,0.028142614507558214
P4,datum_ta,source_only,append,0.0999099909990999,decision_regret,4,0.03366545370184789,0.03504824230326935,-0.022104120910515952,0.08943502831421174
P4,datum_ta,source_only,append,0.2498124531132783,detection_auroc,5,0.632618169954758,0.18364652316385413,0.4045908937469066,0.8606454461626093
P4,datum_ta,source_only,append,0.2498124531132783,contaminated_utility_delta,5,0.001589910816611348,0.0033133274323878586,-0.0025241285704455723,0.005703950203668268
P4,datum_ta,source_only,append,0.2498124531132783,detector_cleanup_delta,4,-0.030696693058939215,0.029015815382331087,-0.07686733028808608,0.015473944170207653
P4,datum_ta,source_only,append,0.2498124531132783,decision_regret,4,0.03254249209948783,0.027663751291901253,-0.011476709445111442,0.0765616936440871
P4,datum_ta,source_only,append,0.5,detection_auroc,5,0.632618169954758,0.18364652316385413,0.4045908937469066,0.8606454461626093
P4,datum_ta,source_only,append,0.5,contaminated_utility_delta,5,-0.00017586825978214028,0.008467679339441704,-0.010689880843900736,0.010338144324336454
P4,datum_ta,source_only,append,0.5,detector_cleanup_delta,4,-0.024921579006542252,0.03046538876573611,-0.07339881096481658,0.02355565295173208
P4,datum_ta,source_only,append,0.5,decision_regret,4,0.02225928714232183,0.023317403076284285,-0.014843904492144108,0.05936247877678777
P4,datum_ta,source_only,append,0.75,detection_auroc,5,0.632618169954758,0.18364652316385413,0.4045908937469066,0.8606454461626093
P4,datum_ta,source_only,append,0.75,contaminated_utility_delta,5,-0.0014047321542042285,0.008943250542485452,-0.012509244379724697,0.009699780071316241
P4,datum_ta,source_only,append,0.75,detector_cleanup_delta,4,-0.03697441957232682,0.03801973545927688,-0.09747230289244666,0.023523463747793016
P4,datum_ta,source_only,append,0.75,decision_regret,4,0.033044125512719846,0.03492156630027584,-0.0225238793107966,0.0886121303362363
P4,datum_ta,source_only,replace,0.0,detection_auroc,5,0.632618169954758,0.18364652316385413,0.4045908937469066,0.8606454461626093
P4,datum_ta,source_only,replace,0.0,contaminated_utility_delta,5,-0.0027938617505738317,0.0022866116985329307,-0.005633065174513731,4.534167336606729e-05
P4,datum_ta,source_only,replace,0.0,detector_cleanup_delta,4,-0.036807236093758994,0.030441444349415075,-0.0852463671424068,0.01163189495488881
P4,datum_ta,source_only,replace,0.0,decision_regret,4,0.03413614816772788,0.02980157336545379,-0.013284805356537005,0.08155710169199276
P4,datum_ta,source_only,replace,0.05,detection_auroc,5,0.632618169954758,0.18364652316385413,0.4045908937469066,0.8606454461626093
P4,datum_ta,source_only,replace,0.05,contaminated_utility_delta,5,-0.0009271884698353,0.0048858941682372,-0.006993827357569156,0.005139450417898556
P4,datum_ta,source_only,replace,0.05,detector_cleanup_delta,4,-0.03618547718684344,0.039586789825141855,-0.09917689369537612,0.026805939321689246
P4,datum_ta,source_only,replace,0.05,decision_regret,4,0.03587901314133196,0.03953985049525819,-0.02703771241872034,0.09879573870138426
P4,datum_ta,source_only,replace,0.1,detection_auroc,5,0.632618169954758,0.18364652316385413,0.4045908937469066,0.8606454461626093
P4,datum_ta,source_only,replace,0.1,contaminated_utility_delta,5,0.001634987341929928,0.006339907198550117,-0.006237047178462634,0.00950702186232249
P4,datum_ta,source_only,replace,0.1,detector_cleanup_delta,4,-0.03585282196610061,0.039956833368784514,-0.09943306032876313,0.027727416396561913
P4,datum_ta,source_only,replace,0.1,decision_regret,4,0.036808284098996155,0.03737573444893199,-0.02266484990313815,0.09628141810113046
P4,datum_ta,source_only,replace,0.25,detection_auroc,5,0.632618169954758,0.18364652316385413,0.4045908937469066,0.8606454461626093
P4,datum_ta,source_only,replace,0.25,contaminated_utility_delta,5,-0.001435802185233856,0.005718528398491313,-0.008536293020346346,0.0056646886498786355
P4,datum_ta,source_only,replace,0.25,detector_cleanup_delta,4,-0.043853119811245095,0.03930512156960569,-0.1063963392702044,0.018690099647714203
P4,datum_ta,source_only,replace,0.25,decision_regret,4,0.04213813264221069,0.03640061625144146,-0.015783370707514295,0.10005963599193568
P4,datum_ta,source_only,replace,0.5,detection_auroc,5,0.632618169954758,0.18364652316385413,0.4045908937469066,0.8606454461626093
P4,datum_ta,source_only,replace,0.5,contaminated_utility_delta,5,-0.002219781238544956,0.00863438222093524,-0.012940782789010903,0.00850122031192099
P4,datum_ta,source_only,replace,0.5,detector_cleanup_delta,4,-0.037861437996102885,0.03533848949020314,-0.09409286065230495,0.018369984660099176
P4,datum_ta,source_only,replace,0.5,decision_regret,4,0.0332720758051573,0.028861842132743336,-0.012653555624358041,0.07919770723467265
P4,datum_ta,source_only,replace,0.75,detection_auroc,5,0.632618169954758,0.18364652316385413,0.4045908937469066,0.8606454461626093
P4,datum_ta,source_only,replace,0.75,contaminated_utility_delta,5,-0.0036624691392790317,0.010476906618537438,-0.016671266900059704,0.00934632862150164
P4,datum_ta,source_only,replace,0.75,detector_cleanup_delta,4,-0.07690370274914018,0.0829467213677837,-0.20889044622529038,0.05508304072701001
P4,datum_ta,source_only,replace,0.75,decision_regret,4,0.07047636110940596,0.08404803044749326,-0.06326281087259279,0.20421553309140472
P4,datum_ta,source_only,replace,1.0,detection_auroc,5,0.632618169954758,0.18364652316385413,0.4045908937469066,0.8606454461626093
P4,datum_ta,source_only,replace,1.0,contaminated_utility_delta,5,0.0020505825534867872,0.010975234893679154,-0.011576971485824334,0.01567813659279791
P4,datum_ta,source_only,replace,1.0,detector_cleanup_delta,3,-0.025942993926350414,0.04125940668167034,-0.12843704202873124,0.07655105417603042
P4,datum_ta,source_only,replace,1.0,decision_regret,3,0.02515294819699049,0.02751976344619705,-0.04320993399815583,0.0935158303921368
P4,datum_ta,target_real_anchor,append,0.0,detection_auroc,5,0.632618169954758,0.18364652316385413,0.4045908937469066,0.8606454461626093
P4,datum_ta,target_real_anchor,append,0.0,contaminated_utility_delta,5,-0.0027938617505738317,0.0022866116985329307,-0.005633065174513731,4.534167336606729e-05
P4,datum_ta,target_real_anchor,append,0.0,detector_cleanup_delta,5,-0.003492296618854529,0.0035704120260702404,-0.007925548690379706,0.0009409554526706478
P4,datum_ta,target_real_anchor,append,0.0,decision_regret,5,0.0020726384360805527,0.00185308972950982,-0.0002282763664929418,0.004373553238654047
P4,datum_ta,target_real_anchor,append,0.050332383665717,detection_auroc,5,0.632618169954758,0.18364652316385413,0.4045908937469066,0.8606454461626093
P4,datum_ta,target_real_anchor,append,0.050332383665717,contaminated_utility_delta,5,0.0004210648209109559,0.0023323700431712494,-0.0024749550921837433,0.0033170847340056554
P4,datum_ta,target_real_anchor,append,0.050332383665717,detector_cleanup_delta,5,-0.0005151402647702119,0.0037547976423602733,-0.0051773373178293355,0.004147056788288912
P4,datum_ta,target_real_anchor,append,0.050332383665717,decision_regret,5,0.00204788121055278,0.0019716073710449996,-0.0004001926806669661,0.0044959551017725264
P4,datum_ta,target_real_anchor,append,0.0999099909990999,detection_auroc,5,0.632618169954758,0.18364652316385413,0.4045908937469066,0.8606454461626093
P4,datum_ta,target_real_anchor,append,0.0999099909990999,contaminated_utility_delta,5,0.004677793023996624,0.005144593808041074,-0.0017100638928299848,0.011065649940823232
P4,datum_ta,target_real_anchor,append,0.0999099909990999,detector_cleanup_delta,5,0.004316162704908153,0.004342807973122402,-0.001076145606430194,0.0097084710162465
P4,datum_ta,target_real_anchor,append,0.0999099909990999,decision_regret,5,0.0017519016297011867,0.0023969414390896874,-0.0012242942610191983,0.004728097520421572
P4,datum_ta,target_real_anchor,append,0.2498124531132783,detection_auroc,5,0.632618169954758,0.18364652316385413,0.4045908937469066,0.8606454461626093
P4,datum_ta,target_real_anchor,append,0.2498124531132783,contaminated_utility_delta,5,0.001589910816611348,0.0033133274323878586,-0.0025241285704455723,0.005703950203668268
P4,datum_ta,target_real_anchor,append,0.2498124531132783,detector_cleanup_delta,5,0.001445550750426472,0.0035306908195693967,-0.0029383809290213893,0.005829482429874334
P4,datum_ta,target_real_anchor,append,0.2498124531132783,decision_regret,5,0.0016870976272722986,0.0015469268639300288,-0.00023366576752387115,0.003607861022068468
P4,datum_ta,target_real_anchor,append,0.5,detection_auroc,5,0.632618169954758,0.18364652316385413,0.4045908937469066,0.8606454461626093
P4,datum_ta,target_real_anchor,append,0.5,contaminated_utility_delta,5,-0.00017586825978214028,0.008467679339441704,-0.010689880843900736,0.010338144324336454
P4,datum_ta,target_real_anchor,append,0.5,detector_cleanup_delta,5,0.0009740327082319361,0.005993524389597122,-0.006467910748687001,0.008415976165150873
P4,datum_ta,target_real_anchor,append,0.5,decision_regret,5,0.001603651754263464,0.0015056000760987481,-0.000265797655921199,0.003473101164448127
P4,datum_ta,target_real_anchor,append,0.75,detection_auroc,5,0.632618169954758,0.18364652316385413,0.4045908937469066,0.8606454461626093
P4,datum_ta,target_real_anchor,append,0.75,contaminated_utility_delta,5,-0.0014047321542042285,0.008943250542485452,-0.012509244379724697,0.009699780071316241
P4,datum_ta,target_real_anchor,append,0.75,detector_cleanup_delta,5,-0.00046271941201404403,0.008457881568457764,-0.010964566456639235,0.010039127632611146
P4,datum_ta,target_real_anchor,append,0.75,decision_regret,5,0.001317203692258496,0.0011659641112217102,-0.00013053196784315103,0.002764939352360143
P4,datum_ta,target_real_anchor,replace,0.0,detection_auroc,5,0.632618169954758,0.18364652316385413,0.4045908937469066,0.8606454461626093
P4,datum_ta,target_real_anchor,replace,0.0,contaminated_utility_delta,5,-0.0027938617505738317,0.0022866116985329307,-0.005633065174513731,4.534167336606729e-05
P4,datum_ta,target_real_anchor,replace,0.0,detector_cleanup_delta,5,-0.003492296618854529,0.0035704120260702404,-0.007925548690379706,0.0009409554526706478
P4,datum_ta,target_real_anchor,replace,0.0,decision_regret,5,0.0020726384360805527,0.00185308972950982,-0.0002282763664929418,0.004373553238654047
P4,datum_ta,target_real_anchor,replace,0.05,detection_auroc,5,0.632618169954758,0.18364652316385413,0.4045908937469066,0.8606454461626093
P4,datum_ta,target_real_anchor,replace,0.05,contaminated_utility_delta,5,-0.0009271884698353,0.0048858941682372,-0.006993827357569156,0.005139450417898556
P4,datum_ta,target_real_anchor,replace,0.05,detector_cleanup_delta,5,-0.0010073485811283203,0.005171905242643674,-0.007429117123040273,0.005414419960783633
P4,datum_ta,target_real_anchor,replace,0.05,decision_regret,5,0.00164289321791872,0.0018277840712960598,-0.0006266004598998994,0.00391238689573734
P4,datum_ta,target_real_anchor,replace,0.1,detection_auroc,5,0.632618169954758,0.18364652316385413,0.4045908937469066,0.8606454461626093
P4,datum_ta,target_real_anchor,replace,0.1,contaminated_utility_delta,5,0.001634987341929928,0.006339907198550117,-0.006237047178462634,0.00950702186232249
P4,datum_ta,target_real_anchor,replace,0.1,detector_cleanup_delta,5,0.0011931730834049562,0.004745681695276248,-0.004699369024554167,0.007085715191364079
P4,datum_ta,target_real_anchor,replace,0.1,decision_regret,5,0.0017425876632333522,0.0015833456867998027,-0.00022339567277717548,0.00370857099924388
P4,datum_ta,target_real_anchor,replace,0.25,detection_auroc,5,0.632618169954758,0.18364652316385413,0.4045908937469066,0.8606454461626093
P4,datum_ta,target_real_anchor,replace,0.25,contaminated_utility_delta,5,-0.001435802185233856,0.005718528398491313,-0.008536293020346346,0.0056646886498786355
P4,datum_ta,target_real_anchor,replace,0.25,detector_cleanup_delta,5,-0.0015655653439139762,0.005450984632518834,-0.008333856716874588,0.005202726029046635
P4,datum_ta,target_real_anchor,replace,0.25,decision_regret,5,0.001449303110916116,0.0018166056538173696,-0.000806310728362322,0.003704916950194554
P4,datum_ta,target_real_anchor,replace,0.5,detection_auroc,5,0.632618169954758,0.18364652316385413,0.4045908937469066,0.8606454461626093
P4,datum_ta,target_real_anchor,replace,0.5,contaminated_utility_delta,5,-0.002219781238544956,0.00863438222093524,-0.012940782789010903,0.00850122031192099
P4,datum_ta,target_real_anchor,replace,0.5,detector_cleanup_delta,5,-0.0012280145899127043,0.006521309375537835,-0.009325289662666705,0.006869260482841296
P4,datum_ta,target_real_anchor,replace,0.5,decision_regret,5,0.0013506092730264847,0.001334118573830852,-0.00030591772943423475,0.003007136275487204
P4,datum_ta,target_real_anchor,replace,0.75,detection_auroc,5,0.632618169954758,0.18364652316385413,0.4045908937469066,0.8606454461626093
P4,datum_ta,target_real_anchor,replace,0.75,contaminated_utility_delta,5,-0.0036624691392790317,0.010476906618537438,-0.016671266900059704,0.00934632862150164
P4,datum_ta,target_real_anchor,replace,0.75,detector_cleanup_delta,5,-0.004374819677996132,0.009663625305512043,-0.016373795311981285,0.007624155955989023
P4,datum_ta,target_real_anchor,replace,0.75,decision_regret,5,0.002104476719265274,0.0016171561286899422,9.651217479639956e-05,0.004112441263734149
P4,datum_ta,target_real_anchor,replace,1.0,detection_auroc,5,0.632618169954758,0.18364652316385413,0.4045908937469066,0.8606454461626093
P4,datum_ta,target_real_anchor,replace,1.0,contaminated_utility_delta,5,0.0020505825534867872,0.010975234893679154,-0.011576971485824334,0.01567813659279791
P4,datum_ta,target_real_anchor,replace,1.0,detector_cleanup_delta,5,0.0017618907775083285,0.010548401797066629,-0.011335679972497192,0.01485946152751385
P4,datum_ta,target_real_anchor,replace,1.0,decision_regret,5,0.0014940242381490322,0.001723463306009891,-0.0006459381011486866,0.003633986577446751
P4,datum_transformer,oracle_target,append,0.0,detection_auroc,3,0.5491271958673632,0.08355773272769945,0.3415582808901303,0.7566961108445962
P4,datum_transformer,oracle_target,append,0.0,contaminated_utility_delta,3,-0.0016584635934952397,0.0022262718848555696,-0.007188829539274449,0.0038719023522839693
P4,datum_transformer,oracle_target,append,0.0,detector_cleanup_delta,3,-0.001981263610960347,0.004252693935346519,-0.012545540992286556,0.008583013770365862
P4,datum_transformer,oracle_target,append,0.0,decision_regret,3,0.0016969893617409134,0.0005428764140678622,0.00034840958873514944,0.003045569134746677
P4,datum_transformer,oracle_target,append,0.050332383665717,detection_auroc,3,0.5491271958673632,0.08355773272769945,0.3415582808901303,0.7566961108445962
P4,datum_transformer,oracle_target,append,0.050332383665717,contaminated_utility_delta,3,-0.0005573168283083401,0.002646732113083542,-0.007132163883319806,0.006017530226703126
P4,datum_transformer,oracle_target,append,0.050332383665717,detector_cleanup_delta,3,-0.0008687924370537779,0.005003610916759469,-0.013298451010301617,0.011560866136194059
P4,datum_transformer,oracle_target,append,0.050332383665717,decision_regret,3,0.0016091324954085934,0.0005788898510905889,0.0001710903853649286,0.0030471746054522584
P4,datum_transformer,oracle_target,append,0.0999099909990999,detection_auroc,3,0.5491271958673632,0.08355773272769945,0.3415582808901303,0.7566961108445962
P4,datum_transformer,oracle_target,append,0.0999099909990999,contaminated_utility_delta,3,0.0057727478234713275,0.004964042800973494,-0.006558618101169667,0.01810411374811232
P4,datum_transformer,oracle_target,append,0.0999099909990999,detector_cleanup_delta,3,0.005819268633221887,0.005266951236228194,-0.0072645635586425904,0.018903100825086366
P4,datum_transformer,oracle_target,append,0.0999099909990999,decision_regret,3,0.0015277985676365533,0.0007243257038535975,-0.0002715262288962698,0.0033271233641693765
P4,datum_transformer,oracle_target,append,0.2498124531132783,detection_auroc,3,0.5491271958673632,0.08355773272769945,0.3415582808901303,0.7566961108445962
P4,datum_transformer,oracle_target,append,0.2498124531132783,contaminated_utility_delta,3,0.0014103790482481733,0.0019450977707705828,-0.0034215116771645297,0.006242269773660877
P4,datum_transformer,oracle_target,append,0.2498124531132783,detector_cleanup_delta,3,0.001239274277221033,0.0006567262021820896,-0.00039212404791406767,0.002870672602356134
P4,datum_transformer,oracle_target,append,0.2498124531132783,decision_regret,3,0.0011281326258594732,0.00040966906845241554,0.00011045824357920034,0.0021458070081397463
P4,datum_transformer,oracle_target,append,0.5,detection_auroc,3,0.5491271958673632,0.08355773272769945,0.3415582808901303,0.7566961108445962
P4,datum_transformer,oracle_target,append,0.5,contaminated_utility_delta,3,0.0015926267035737199,0.009371919253076686,-0.021688511344473062,0.0248737647516205
P4,datum_transformer,oracle_target,append,0.5,detector_cleanup_delta,3,0.00037153807384307974,0.011226695447463282,-0.027517119465536203,0.02826019561322236
P4,datum_transformer,oracle_target,append,0.5,decision_regret,3,0.0013025765674982532,0.0013882023594416562,-0.002145909265131552,0.004751062400128059
P4,datum_transformer,oracle_target,append,0.75,detection_auroc,3,0.5491271958673632,0.08355773272769945,0.3415582808901303,0.7566961108445962
P4,datum_transformer,oracle_target,append,0.75,contaminated_utility_delta,3,0.003363483681362039,0.0063118650402014245,-0.012316058296480832,0.01904302565920491
P4,datum_transformer,oracle_target,append,0.75,detector_cleanup_delta,3,0.003078142237440467,0.006624154259072755,-0.013377169165973727,0.01953345364085466
P4,datum_transformer,oracle_target,append,0.75,decision_regret,3,0.0006496360534065533,0.0003811614491193404,-0.0002972214766162048,0.0015964935834293114
P4,datum_transformer,oracle_target,replace,0.0,detection_auroc,3,0.5491271958673632,0.08355773272769945,0.3415582808901303,0.7566961108445962
P4,datum_transformer,oracle_target,replace,0.0,contaminated_utility_delta,3,-0.0016584635934952397,0.0022262718848555696,-0.007188829539274449,0.0038719023522839693
P4,datum_transformer,oracle_target,replace,0.0,detector_cleanup_delta,3,-0.001981263610960347,0.004252693935346519,-0.012545540992286556,0.008583013770365862
P4,datum_transformer,oracle_target,replace,0.0,decision_regret,3,0.0016969893617409134,0.0005428764140678622,0.00034840958873514944,0.003045569134746677
P4,datum_transformer,oracle_target,replace,0.05,detection_auroc,3,0.5491271958673632,0.08355773272769945,0.3415582808901303,0.7566961108445962
P4,datum_transformer,oracle_target,replace,0.05,contaminated_utility_delta,3,-0.001191441914779553,0.006147079998917106,-0.016461635157235713,0.014078751327676609
P4,datum_transformer,oracle_target,replace,0.05,detector_cleanup_delta,3,-0.0017935243419196013,0.005065580631214382,-0.01437712421983129,0.010790075535992087
P4,datum_transformer,oracle_target,replace,0.05,decision_regret,3,0.0014110940454677716,0.0012785858428045413,-0.0017650892643530688,0.004587277355288612
P4,datum_transformer,oracle_target,replace,0.1,detection_auroc,3,0.5491271958673632,0.08355773272769945,0.3415582808901303,0.7566961108445962
P4,datum_transformer,oracle_target,replace,0.1,contaminated_utility_delta,3,0.004517410221735514,0.004366175289338519,-0.006328770470622711,0.015363590914093738
P4,datum_transformer,oracle_target,replace,0.1,detector_cleanup_delta,3,0.0043475446095946535,0.003594022997634412,-0.004580503455726957,0.013275592674916264
P4,datum_transformer,oracle_target,replace,0.1,decision_regret,3,0.0011491073804905398,0.0006308211798979806,-0.0004179393018648729,0.0027161540628459525
P4,datum_transformer,oracle_target,replace,0.25,detection_auroc,3,0.5491271958673632,0.08355773272769945,0.3415582808901303,0.7566961108445962
P4,datum_transformer,oracle_target,replace,0.25,contaminated_utility_delta,3,0.0014200927720455336,0.004776309847245498,-0.010444918642501466,0.013285104186592532
P4,datum_transformer,oracle_target,replace,0.25,detector_cleanup_delta,3,0.000939371228339733,0.004482492400957229,-0.010195757187512398,0.012074499644191865
P4,datum_transformer,oracle_target,replace,0.25,decision_regret,3,0.0008693605997123267,0.000489347013892834,-0.00034624477163127504,0.0020849659710559286
P4,datum_transformer,oracle_target,replace,0.5,detection_auroc,3,0.5491271958673632,0.08355773272769945,0.3415582808901303,0.7566961108445962
P4,datum_transformer,oracle_target,replace,0.5,contaminated_utility_delta,3,0.0009258702817836597,0.007561279987310046,-0.01785739048379628,0.019709131047363604
P4,datum_transformer,oracle_target,replace,0.5,detector_cleanup_delta,3,0.0006845254286289402,0.006156479874975479,-0.014609018400429604,0.015978069257687483
P4,datum_transformer,oracle_target,replace,0.5,decision_regret,3,0.0011251731993139732,0.0014198222869878944,-0.002401860887776255,0.004652207286404202
P4,datum_transformer,oracle_target,replace,0.75,detection_auroc,3,0.5491271958673632,0.08355773272769945,0.3415582808901303,0.7566961108445962
P4,datum_transformer,oracle_target,replace,0.75,contaminated_utility_delta,3,0.002498661420972847,0.005852046108730025,-0.01203862700862518,0.017035949850570872
P4,datum_transformer,oracle_target,replace,0.75,detector_cleanup_delta,3,0.0017095456863408668,0.0045897145719240974,-0.009691937367945807,0.013111028740627539
P4,datum_transformer,oracle_target,replace,0.75,decision_regret,3,0.001202931567374,0.0009731603859126236,-0.0012145328468530531,0.0036203959816010533
P4,datum_transformer,oracle_target,replace,1.0,detection_auroc,3,0.5491271958673632,0.08355773272769945,0.3415582808901303,0.7566961108445962
P4,datum_transformer,oracle_target,replace,1.0,contaminated_utility_delta,3,0.0083799958749634,0.00582514840518226,-0.006090474954892145,0.022850466704818946
P4,datum_transformer,oracle_target,replace,1.0,detector_cleanup_delta,3,0.007262137424922994,0.0046718605478907995,-0.0043434075461311,0.018867682395977088
P4,datum_transformer,oracle_target,replace,1.0,decision_regret,3,0.0017622347370447001,0.0028639323204891535,-0.005352167544183038,0.008876637018272439
P4,datum_transformer,source_only,append,0.0,detection_auroc,5,0.5425618177333462,0.07064673914782242,0.45484230514300267,0.6302813303236898
P4,datum_transformer,source_only,append,0.0,contaminated_utility_delta,5,-0.0027938617505738317,0.0022866116985329307,-0.005633065174513731,4.534167336606729e-05
P4,datum_transformer,source_only,append,0.0,detector_cleanup_delta,0,,,,
P4,datum_transformer,source_only,append,0.0,decision_regret,0,,,,
P4,datum_transformer,source_only,append,0.050332383665717,detection_auroc,5,0.5425618177333462,0.07064673914782242,0.45484230514300267,0.6302813303236898
P4,datum_transformer,source_only,append,0.050332383665717,contaminated_utility_delta,5,0.0004210648209109559,0.0023323700431712494,-0.0024749550921837433,0.0033170847340056554
P4,datum_transformer,source_only,append,0.050332383665717,detector_cleanup_delta,0,,,,
P4,datum_transformer,source_only,append,0.050332383665717,decision_regret,0,,,,
P4,datum_transformer,source_only,append,0.0999099909990999,detection_auroc,5,0.5425618177333462,0.07064673914782242,0.45484230514300267,0.6302813303236898
P4,datum_transformer,source_only,append,0.0999099909990999,contaminated_utility_delta,5,0.004677793023996624,0.005144593808041074,-0.0017100638928299848,0.011065649940823232
P4,datum_transformer,source_only,append,0.0999099909990999,detector_cleanup_delta,0,,,,
P4,datum_transformer,source_only,append,0.0999099909990999,decision_regret,0,,,,
P4,datum_transformer,source_only,append,0.2498124531132783,detection_auroc,5,0.5425618177333462,0.07064673914782242,0.45484230514300267,0.6302813303236898
P4,datum_transformer,source_only,append,0.2498124531132783,contaminated_utility_delta,5,0.001589910816611348,0.0033133274323878586,-0.0025241285704455723,0.005703950203668268
P4,datum_transformer,source_only,append,0.2498124531132783,detector_cleanup_delta,0,,,,
P4,datum_transformer,source_only,append,0.2498124531132783,decision_regret,0,,,,
P4,datum_transformer,source_only,append,0.5,detection_auroc,5,0.5425618177333462,0.07064673914782242,0.45484230514300267,0.6302813303236898
P4,datum_transformer,source_only,append,0.5,contaminated_utility_delta,5,-0.00017586825978214028,0.008467679339441704,-0.010689880843900736,0.010338144324336454
P4,datum_transformer,source_only,append,0.5,detector_cleanup_delta,0,,,,
P4,datum_transformer,source_only,append,0.5,decision_regret,0,,,,
P4,datum_transformer,source_only,append,0.75,detection_auroc,5,0.5425618177333462,0.07064673914782242,0.45484230514300267,0.6302813303236898
P4,datum_transformer,source_only,append,0.75,contaminated_utility_delta,5,-0.0014047321542042285,0.008943250542485452,-0.012509244379724697,0.009699780071316241
P4,datum_transformer,source_only,append,0.75,detector_cleanup_delta,0,,,,
P4,datum_transformer,source_only,append,0.75,decision_regret,0,,,,
P4,datum_transformer,source_only,replace,0.0,detection_auroc,5,0.5425618177333462,0.07064673914782242,0.45484230514300267,0.6302813303236898
P4,datum_transformer,source_only,replace,0.0,contaminated_utility_delta,5,-0.0027938617505738317,0.0022866116985329307,-0.005633065174513731,4.534167336606729e-05
P4,datum_transformer,source_only,replace,0.0,detector_cleanup_delta,0,,,,
P4,datum_transformer,source_only,replace,0.0,decision_regret,0,,,,
P4,datum_transformer,source_only,replace,0.05,detection_auroc,5,0.5425618177333462,0.07064673914782242,0.45484230514300267,0.6302813303236898
P4,datum_transformer,source_only,replace,0.05,contaminated_utility_delta,5,-0.0009271884698353,0.0048858941682372,-0.006993827357569156,0.005139450417898556
P4,datum_transformer,source_only,replace,0.05,detector_cleanup_delta,0,,,,
P4,datum_transformer,source_only,replace,0.05,decision_regret,0,,,,
P4,datum_transformer,source_only,replace,0.1,detection_auroc,5,0.5425618177333462,0.07064673914782242,0.45484230514300267,0.6302813303236898
P4,datum_transformer,source_only,replace,0.1,contaminated_utility_delta,5,0.001634987341929928,0.006339907198550117,-0.006237047178462634,0.00950702186232249
P4,datum_transformer,source_only,replace,0.1,detector_cleanup_delta,0,,,,
P4,datum_transformer,source_only,replace,0.1,decision_regret,0,,,,
P4,datum_transformer,source_only,replace,0.25,detection_auroc,5,0.5425618177333462,0.07064673914782242,0.45484230514300267,0.6302813303236898
P4,datum_transformer,source_only,replace,0.25,contaminated_utility_delta,5,-0.001435802185233856,0.005718528398491313,-0.008536293020346346,0.0056646886498786355
P4,datum_transformer,source_only,replace,0.25,detector_cleanup_delta,0,,,,
P4,datum_transformer,source_only,replace,0.25,decision_regret,0,,,,
P4,datum_transformer,source_only,replace,0.5,detection_auroc,5,0.5425618177333462,0.07064673914782242,0.45484230514300267,0.6302813303236898
P4,datum_transformer,source_only,replace,0.5,contaminated_utility_delta,5,-0.002219781238544956,0.00863438222093524,-0.012940782789010903,0.00850122031192099
P4,datum_transformer,source_only,replace,0.5,detector_cleanup_delta,0,,,,
P4,datum_transformer,source_only,replace,0.5,decision_regret,0,,,,
P4,datum_transformer,source_only,replace,0.75,detection_auroc,5,0.5425618177333462,0.07064673914782242,0.45484230514300267,0.6302813303236898
P4,datum_transformer,source_only,replace,0.75,contaminated_utility_delta,5,-0.0036624691392790317,0.010476906618537438,-0.016671266900059704,0.00934632862150164
P4,datum_transformer,source_only,replace,0.75,detector_cleanup_delta,0,,,,
P4,datum_transformer,source_only,replace,0.75,decision_regret,0,,,,
P4,datum_transformer,source_only,replace,1.0,detection_auroc,5,0.5425618177333462,0.07064673914782242,0.45484230514300267,0.6302813303236898
P4,datum_transformer,source_only,replace,1.0,contaminated_utility_delta,5,0.0020505825534867872,0.010975234893679154,-0.011576971485824334,0.01567813659279791
P4,datum_transformer,source_only,replace,1.0,detector_cleanup_delta,0,,,,
P4,datum_transformer,source_only,replace,1.0,decision_regret,0,,,,
P4,datum_transformer,target_real_anchor,append,0.0,detection_auroc,5,0.5425618177333462,0.07064673914782242,0.45484230514300267,0.6302813303236898
P4,datum_transformer,target_real_anchor,append,0.0,contaminated_utility_delta,5,-0.0027938617505738317,0.0022866116985329307,-0.005633065174513731,4.534167336606729e-05
P4,datum_transformer,target_real_anchor,append,0.0,detector_cleanup_delta,5,-0.003389812569352832,0.0021252083561489727,-0.006028607273864815,-0.0007510178648408496
P4,datum_transformer,target_real_anchor,append,0.0,decision_regret,5,0.0011025349363900602,0.0004289629937996392,0.0005699070304273437,0.0016351628423527766
P4,datum_transformer,target_real_anchor,append,0.050332383665717,detection_auroc,5,0.5425618177333462,0.07064673914782242,0.45484230514300267,0.6302813303236898
P4,datum_transformer,target_real_anchor,append,0.050332383665717,contaminated_utility_delta,5,0.0004210648209109559,0.0023323700431712494,-0.0024749550921837433,0.0033170847340056554
P4,datum_transformer,target_real_anchor,append,0.050332383665717,detector_cleanup_delta,5,-8.955368034577576e-05,0.0030300845640623447,-0.0038519005950549364,0.0036727932343633848
P4,datum_transformer,target_real_anchor,append,0.050332383665717,decision_regret,5,0.0011713437048756093,0.0006541887072203828,0.0003590611390885971,0.0019836262706626213
P4,datum_transformer,target_real_anchor,append,0.0999099909990999,detection_auroc,5,0.5425618177333462,0.07064673914782242,0.45484230514300267,0.6302813303236898
P4,datum_transformer,target_real_anchor,append,0.0999099909990999,contaminated_utility_delta,5,0.004677793023996624,0.005144593808041074,-0.0017100638928299848,0.011065649940823232
P4,datum_transformer,target_real_anchor,append,0.0999099909990999,detector_cleanup_delta,5,0.0037508820173439176,0.00543210153463021,-0.0029939628927938312,0.010495726927481666
P4,datum_transformer,target_real_anchor,append,0.0999099909990999,decision_regret,5,0.001559769467157092,0.0011915560017165855,8.025727798198533e-05,0.0030392816563321987
P4,datum_transformer,target_real_anchor,append,0.2498124531132783,detection_auroc,5,0.5425618177333462,0.07064673914782242,0.45484230514300267,0.6302813303236898
P4,datum_transformer,target_real_anchor,append,0.2498124531132783,contaminated_utility_delta,5,0.001589910816611348,0.0033133274323878586,-0.0025241285704455723,0.005703950203668268
P4,datum_transformer,target_real_anchor,append,0.2498124531132783,detector_cleanup_delta,5,0.001265824179657196,0.002717672482529662,-0.0021086119008089333,0.004640260260123326
P4,datum_transformer,target_real_anchor,append,0.2498124531132783,decision_regret,5,0.00086886512588792,0.0004954212967230495,0.00025371833780348505,0.001484011913972355
P4,datum_transformer,target_real_anchor,append,0.5,detection_auroc,5,0.5425618177333462,0.07064673914782242,0.45484230514300267,0.6302813303236898
P4,datum_transformer,target_real_anchor,append,0.5,contaminated_utility_delta,5,-0.00017586825978214028,0.008467679339441704,-0.010689880843900736,0.010338144324336454
P4,datum_transformer,target_real_anchor,append,0.5,detector_cleanup_delta,5,-0.00075126469373374,0.008943261534846071,-0.011855790568072646,0.010353261180605165
P4,datum_transformer,target_real_anchor,append,0.5,decision_regret,5,0.0009351276927375019,0.000768288429133615,-1.8828389954231805e-05,0.0018890837754292357
P4,datum_transformer,target_real_anchor,append,0.75,detection_auroc,5,0.5425618177333462,0.07064673914782242,0.45484230514300267,0.6302813303236898
P4,datum_transformer,target_real_anchor,append,0.75,contaminated_utility_delta,5,-0.0014047321542042285,0.008943250542485452,-0.012509244379724697,0.009699780071316241
P4,datum_transformer,target_real_anchor,append,0.75,detector_cleanup_delta,5,-0.0014090193830438317,0.008726879593121333,-0.012244871590481704,0.00942683282439404
P4,datum_transformer,target_real_anchor,append,0.75,decision_regret,5,0.00030999723251160004,0.00029817907838519057,-6.024099413686927e-05,0.0006802354591600693
P4,datum_transformer,target_real_anchor,replace,0.0,detection_auroc,5,0.5425618177333462,0.07064673914782242,0.45484230514300267,0.6302813303236898
P4,datum_transformer,target_real_anchor,replace,0.0,contaminated_utility_delta,5,-0.0027938617505738317,0.0022866116985329307,-0.005633065174513731,4.534167336606729e-05
P4,datum_transformer,target_real_anchor,replace,0.0,detector_cleanup_delta,5,-0.003389812569352832,0.0021252083561489727,-0.006028607273864815,-0.0007510178648408496
P4,datum_transformer,target_real_anchor,replace,0.0,decision_regret,5,0.0011025349363900602,0.0004289629937996392,0.0005699070304273437,0.0016351628423527766
P4,datum_transformer,target_real_anchor,replace,0.05,detection_auroc,5,0.5425618177333462,0.07064673914782242,0.45484230514300267,0.6302813303236898
P4,datum_transformer,target_real_anchor,replace,0.05,contaminated_utility_delta,5,-0.0009271884698353,0.0048858941682372,-0.006993827357569156,0.005139450417898556
P4,datum_transformer,target_real_anchor,replace,0.05,detector_cleanup_delta,5,-0.001334233478536504,0.004047309842414631,-0.006359632399438502,0.0036911654423654934
P4,datum_transformer,target_real_anchor,replace,0.05,decision_regret,5,0.001014204803012776,0.0007969650265061421,2.464202177259074e-05,0.002003767584252961
P4,datum_transformer,target_real_anchor,replace,0.1,detection_auroc,5,0.5425618177333462,0.07064673914782242,0.45484230514300267,0.6302813303236898
P4,datum_transformer,target_real_anchor,replace,0.1,contaminated_utility_delta,5,0.001634987341929928,0.006339907198550117,-0.006237047178462634,0.00950702186232249
P4,datum_transformer,target_real_anchor,replace,0.1,detector_cleanup_delta,5,0.00180193884893884,0.00643596987909857,-0.0061893732434616855,0.009793250941339366
P4,datum_transformer,target_real_anchor,replace,0.1,decision_regret,5,0.000769995780550508,0.00040048796990510885,0.00027272428660562174,0.0012672672744953942
P4,datum_transformer,target_real_anchor,replace,0.25,detection_auroc,5,0.5425618177333462,0.07064673914782242,0.45484230514300267,0.6302813303236898
P4,datum_transformer,target_real_anchor,replace,0.25,contaminated_utility_delta,5,-0.001435802185233856,0.005718528398491313,-0.008536293020346346,0.0056646886498786355
P4,datum_transformer,target_real_anchor,replace,0.25,detector_cleanup_delta,5,-0.001701154787965064,0.0057465879981520515,-0.008836486217780305,0.005434176641850177
P4,datum_transformer,target_real_anchor,replace,0.25,decision_regret,5,0.00075231752858358,0.0002569592833207408,0.00043326043747997513,0.0010713746196871848
P4,datum_transformer,target_real_anchor,replace,0.5,detection_auroc,5,0.5425618177333462,0.07064673914782242,0.45484230514300267,0.6302813303236898
P4,datum_transformer,target_real_anchor,replace,0.5,contaminated_utility_delta,5,-0.002219781238544956,0.00863438222093524,-0.012940782789010903,0.00850122031192099
P4,datum_transformer,target_real_anchor,replace,0.5,detector_cleanup_delta,5,-0.0026269363956288603,0.007290097949334365,-0.01167878856269643,0.006424915771438709
P4,datum_transformer,target_real_anchor,replace,0.5,decision_regret,5,0.0009695747878084542,0.0015639232450803914,-0.0009722924015618698,0.0029114419771787783
P4,datum_transformer,target_real_anchor,replace,0.75,detection_auroc,5,0.5425618177333462,0.07064673914782242,0.45484230514300267,0.6302813303236898
P4,datum_transformer,target_real_anchor,replace,0.75,contaminated_utility_delta,5,-0.0036624691392790317,0.010476906618537438,-0.016671266900059704,0.00934632862150164
P4,datum_transformer,target_real_anchor,replace,0.75,detector_cleanup_delta,5,-0.0036563475735714294,0.009845609602495137,-0.015881286557358914,0.008568591410216054
P4,datum_transformer,target_real_anchor,replace,0.75,decision_regret,5,0.0008256032922434679,0.0005672009841979284,0.00012133025041915818,0.0015298763340677777
P4,datum_transformer,target_real_anchor,replace,1.0,detection_auroc,5,0.5425618177333462,0.07064673914782242,0.45484230514300267,0.6302813303236898
P4,datum_transformer,target_real_anchor,replace,1.0,contaminated_utility_delta,5,0.0020505825534867872,0.010975234893679154,-0.011576971485824334,0.01567813659279791
P4,datum_transformer,target_real_anchor,replace,1.0,detector_cleanup_delta,5,0.0018666682429094726,0.010378210179690648,-0.011019581703004223,0.014752918188823167
P4,datum_transformer,target_real_anchor,replace,1.0,decision_regret,5,0.0008331032139024519,0.0014793752247225886,-0.0010037837424701896,0.002669990170275093
P4,flat_transformer,oracle_target,append,0.0,detection_auroc,4,0.6989835702600254,0.2010926247579477,0.3790003299196586,1.0189668106003924
P4,flat_transformer,oracle_target,append,0.0,contaminated_utility_delta,4,-0.003250264497120085,0.0023627881057747117,-0.007009987635815595,0.000509458641575426
P4,flat_transformer,oracle_target,append,0.0,detector_cleanup_delta,4,-0.0035144645942990003,0.003582415771611819,-0.009214887512477059,0.0021859583238790577
P4,flat_transformer,oracle_target,append,0.0,decision_regret,4,0.0005225408775395151,0.0003574061884414889,-4.617212440605949e-05,0.0010912538794850897
P4,flat_transformer,oracle_target,append,0.050332383665717,detection_auroc,4,0.6989835702600254,0.2010926247579477,0.3790003299196586,1.0189668106003924
P4,flat_transformer,oracle_target,append,0.050332383665717,contaminated_utility_delta,4,0.00010881400026536005,0.0025696814700953154,-0.003980122649865061,0.004197750650395782
P4,flat_transformer,oracle_target,append,0.050332383665717,detector_cleanup_delta,4,-0.00090986467947225,0.003574747052636822,-0.006598084954466189,0.004778355595521689
P4,flat_transformer,oracle_target,append,0.050332383665717,decision_regret,4,0.0009051248318922888,0.0006828640560894239,-0.00018146426426412805,0.0019917139280487056
P4,flat_transformer,oracle_target,append,0.0999099909990999,detection_auroc,4,0.6989835702600254,0.2010926247579477,0.3790003299196586,1.0189668106003924
P4,flat_transformer,oracle_target,append,0.0999099909990999,contaminated_utility_delta,4,0.0036879643282812452,0.005362591564461661,-0.004845115527252051,0.01222104418381454
P4,flat_transformer,oracle_target,append,0.0999099909990999,detector_cleanup_delta,4,0.003931301064635039,0.005206612668159798,-0.004353581559779209,0.012216183689049288
P4,flat_transformer,oracle_target,append,0.0999099909990999,decision_regret,4,0.0007665300054812551,0.0006669451511536631,-0.00029472856057667445,0.0018277885715391846
P4,flat_transformer,oracle_target,append,0.2498124531132783,detection_auroc,4,0.6989835702600254,0.2010926247579477,0.3790003299196586,1.0189668106003924
P4,flat_transformer,oracle_target,append,0.2498124531132783,contaminated_utility_delta,4,0.0018457990405485948,0.003768420492897102,-0.004150598896639301,0.00784219697773649
P4,flat_transformer,oracle_target,append,0.2498124531132783,detector_cleanup_delta,4,0.0008094048692506941,0.0021625096209408,-0.0026316305074010663,0.004250440245902454
P4,flat_transformer,oracle_target,append,0.2498124531132783,decision_regret,4,0.0014255478284373195,0.001192290949866657,-0.000471653135675853,0.0033227487925504917
P4,flat_transformer,oracle_target,append,0.5,detection_auroc,4,0.6989835702600254,0.2010926247579477,0.3790003299196586,1.0189668106003924
P4,flat_transformer,oracle_target,append,0.5,contaminated_utility_delta,4,-0.0027673993726617706,0.007129415670351692,-0.014111890652133027,0.008577091906809484
P4,flat_transformer,oracle_target,append,0.5,detector_cleanup_delta,4,-0.00363480622184199,0.007315465689189789,-0.015275344598837878,0.008005732155153898
P4,flat_transformer,oracle_target,append,0.5,decision_regret,4,0.00133729606563601,0.0002798667180280238,0.0008919656642559293,0.0017826264670160908
P4,flat_transformer,oracle_target,append,0.75,detection_auroc,4,0.6989835702600254,0.2010926247579477,0.3790003299196586,1.0189668106003924
P4,flat_transformer,oracle_target,append,0.75,contaminated_utility_delta,4,-0.004393636005810805,0.006861875263116072,-0.015312410795021512,0.006525138783399901
P4,flat_transformer,oracle_target,append,0.75,detector_cleanup_delta,4,-0.004148619430088186,0.004211939349714946,-0.010850754840877882,0.0025535159807015106
P4,flat_transformer,oracle_target,append,0.75,decision_regret,4,0.0009945101485935202,0.0009953776207363805,-0.0005893577671437706,0.0025783780643308107
P4,flat_transformer,oracle_target,replace,0.0,detection_auroc,4,0.6989835702600254,0.2010926247579477,0.3790003299196586,1.0189668106003924
P4,flat_transformer,oracle_target,replace,0.0,contaminated_utility_delta,4,-0.003250264497120085,0.0023627881057747117,-0.007009987635815595,0.000509458641575426
P4,flat_transformer,oracle_target,replace,0.0,detector_cleanup_delta,4,-0.0035144645942990003,0.003582415771611819,-0.009214887512477059,0.0021859583238790577
P4,flat_transformer,oracle_target,replace,0.0,decision_regret,4,0.0005225408775395151,0.0003574061884414889,-4.617212440605949e-05,0.0010912538794850897
P4,flat_transformer,oracle_target,replace,0.05,detection_auroc,4,0.6989835702600254,0.2010926247579477,0.3790003299196586,1.0189668106003924
P4,flat_transformer,oracle_target,replace,0.05,contaminated_utility_delta,4,-0.0006021217868052099,0.00557896287627409,-0.009479496683261934,0.008275253109651513
P4,flat_transformer,oracle_target,replace,0.05,detector_cleanup_delta,4,-0.0021731421831436,0.004696023906722382,-0.009645564148879904,0.005299279782592703
P4,flat_transformer,oracle_target,replace,0.05,decision_regret,4,0.000409104933431345,0.0003662565519745662,-0.0001736909718773592,0.0009919008387400492
P4,flat_transformer,oracle_target,replace,0.1,detection_auroc,4,0.6989835702600254,0.2010926247579477,0.3790003299196586,1.0189668106003924
P4,flat_transformer,oracle_target,replace,0.1,contaminated_utility_delta,4,0.000901374701607475,0.007071396444458307,-0.010350795042323868,0.012153544445538818
P4,flat_transformer,oracle_target,replace,0.1,detector_cleanup_delta,4,0.0004239556968303898,0.006217377138516343,-0.009469278754682973,0.010317190148343754
P4,flat_transformer,oracle_target,replace,0.1,decision_regret,4,0.001267156438124935,0.0005287647573288781,0.00042577371396217264,0.002108539162287697
P4,flat_transformer,oracle_target,replace,0.25,detection_auroc,4,0.6989835702600254,0.2010926247579477,0.3790003299196586,1.0189668106003924
P4,flat_transformer,oracle_target,replace,0.25,contaminated_utility_delta,4,-0.0017149871690343805,0.006563723106941988,-0.012159335344330793,0.008729361006262034
P4,flat_transformer,oracle_target,replace,0.25,detector_cleanup_delta,4,-0.0025460176963451797,0.006983313056383466,-0.013658027113808698,0.00856599172111834
P4,flat_transformer,oracle_target,replace,0.25,decision_regret,4,0.0012347425187142001,0.0004573359659881602,0.0005070189410980122,0.001962466096330388
P4,flat_transformer,oracle_target,replace,0.5,detection_auroc,4,0.6989835702600254,0.2010926247579477,0.3790003299196586,1.0189668106003924
P4,flat_transformer,oracle_target,replace,0.5,contaminated_utility_delta,4,-0.004981399344909825,0.00696848941164833,-0.016069821035664258,0.0061070223458446074
P4,flat_transformer,oracle_target,replace,0.5,detector_cleanup_delta,4,-0.004681833371991075,0.00547651863146249,-0.013396196614248668,0.0040325298702665185
P4,flat_transformer,oracle_target,replace,0.5,decision_regret,4,0.0010106778969786148,0.000549782963503084,0.0001358505165244562,0.0018855052774327734
P4,flat_transformer,oracle_target,replace,0.75,detection_auroc,4,0.6989835702600254,0.2010926247579477,0.3790003299196586,1.0189668106003924
P4,flat_transformer,oracle_target,replace,0.75,contaminated_utility_delta,4,-0.006892035305362465,0.008764708338026186,-0.020838642138982837,0.007054571528257908
P4,flat_transformer,oracle_target,replace,0.75,detector_cleanup_delta,4,-0.007994959498529665,0.0072673508412933446,-0.01955893641556689,0.003569017418507559
P4,flat_transformer,oracle_target,replace,0.75,decision_regret,4,0.001706712523267095,0.0013998286134554335,-0.0005207271761937349,0.003934152222727924
P4,flat_transformer,oracle_target,replace,1.0,detection_auroc,4,0.6989835702600254,0.2010926247579477,0.3790003299196586,1.0189668106003924
P4,flat_transformer,oracle_target,replace,1.0,contaminated_utility_delta,4,-0.00016292997869178562,0.011311209326496997,-0.01816158814339228,0.017835728186008707
P4,flat_transformer,oracle_target,replace,1.0,detector_cleanup_delta,4,-0.00461645691108375,0.014600236685803136,-0.027848691559584665,0.01861577773741717
P4,flat_transformer,oracle_target,replace,1.0,decision_regret,4,0.005470222204856714,0.0050196445253684096,-0.002517152381941429,0.013457596791654858
P4,flat_transformer,source_only,append,0.0,detection_auroc,5,0.7182354671141674,0.1793930334807993,0.4954895959124964,0.9409813383158384
P4,flat_transformer,source_only,append,0.0,contaminated_utility_delta,5,-0.0027938617505738317,0.0022866116985329307,-0.005633065174513731,4.534167336606729e-05
P4,flat_transformer,source_only,append,0.0,detector_cleanup_delta,4,-0.09338221911714568,0.08112888271495422,-0.22247637564114636,0.03571193740685498
P4,flat_transformer,source_only,append,0.0,decision_regret,4,0.09013195462002557,0.0826394670312459,-0.04136587864207608,0.22162978788212723
P4,flat_transformer,source_only,append,0.050332383665717,detection_auroc,5,0.7182354671141674,0.1793930334807993,0.4954895959124964,0.9409813383158384
P4,flat_transformer,source_only,append,0.050332383665717,contaminated_utility_delta,5,0.0004210648209109559,0.0023323700431712494,-0.0024749550921837433,0.0033170847340056554
P4,flat_transformer,source_only,append,0.050332383665717,detector_cleanup_delta,4,-0.06830317399819548,0.06823247958714006,-0.1768762752794154,0.04026992728302446
P4,flat_transformer,source_only,append,0.050332383665717,decision_regret,4,0.06843821924196104,0.06894549428645445,-0.04126944753698193,0.17814588602090403
P4,flat_transformer,source_only,append,0.0999099909990999,detection_auroc,5,0.7182354671141674,0.1793930334807993,0.4954895959124964,0.9409813383158384
P4,flat_transformer,source_only,append,0.0999099909990999,contaminated_utility_delta,5,0.004677793023996624,0.005144593808041074,-0.0017100638928299848,0.011065649940823232
P4,flat_transformer,source_only,append,0.0999099909990999,detector_cleanup_delta,4,-0.05869665793858293,0.06662656545432491,-0.16471439147051264,0.04732107559334678
P4,flat_transformer,source_only,append,0.0999099909990999,decision_regret,4,0.06322180025830174,0.060384948859145415,-0.03286412843746475,0.15930772895406822
P4,flat_transformer,source_only,append,0.2498124531132783,detection_auroc,5,0.7182354671141674,0.1793930334807993,0.4954895959124964,0.9409813383158384
P4,flat_transformer,source_only,append,0.2498124531132783,contaminated_utility_delta,5,0.001589910816611348,0.0033133274323878586,-0.0025241285704455723,0.005703950203668268
P4,flat_transformer,source_only,append,0.2498124531132783,detector_cleanup_delta,4,-0.06845241872480969,0.07778198158154938,-0.1922209086757333,0.05531607122611393
P4,flat_transformer,source_only,append,0.2498124531132783,decision_regret,4,0.07094773121061158,0.07345756065136258,-0.04593964003442977,0.18783510245565294
P4,flat_transformer,source_only,append,0.5,detection_auroc,5,0.7182354671141674,0.1793930334807993,0.4954895959124964,0.9409813383158384
P4,flat_transformer,source_only,append,0.5,contaminated_utility_delta,5,-0.00017586825978214028,0.008467679339441704,-0.010689880843900736,0.010338144324336454
P4,flat_transformer,source_only,append,0.5,detector_cleanup_delta,4,-0.06138939183137896,0.06876927161191071,-0.17081664901056745,0.04803786534780954
P4,flat_transformer,source_only,append,0.5,decision_regret,4,0.05977446485013995,0.06423249593682544,-0.04243376983651049,0.1619826995367904
P4,flat_transformer,source_only,append,0.75,detection_auroc,5,0.7182354671141674,0.1793930334807993,0.4954895959124964,0.9409813383158384
P4,flat_transformer,source_only,append,0.75,contaminated_utility_delta,5,-0.0014047321542042285,0.008943250542485452,-0.012509244379724697,0.009699780071316241
P4,flat_transformer,source_only,append,0.75,detector_cleanup_delta,4,-0.042253714856932016,0.045144905712775914,-0.11408933405093455,0.02958190433707051
P4,flat_transformer,source_only,append,0.75,decision_regret,4,0.03849914622595406,0.03841295548109897,-0.022624437896971425,0.09962273034887954
P4,flat_transformer,source_only,replace,0.0,detection_auroc,5,0.7182354671141674,0.1793930334807993,0.4954895959124964,0.9409813383158384
P4,flat_transformer,source_only,replace,0.0,contaminated_utility_delta,5,-0.0027938617505738317,0.0022866116985329307,-0.005633065174513731,4.534167336606729e-05
P4,flat_transformer,source_only,replace,0.0,detector_cleanup_delta,4,-0.09338221911714568,0.08112888271495422,-0.22247637564114636,0.03571193740685498
P4,flat_transformer,source_only,replace,0.0,decision_regret,4,0.09013195462002557,0.0826394670312459,-0.04136587864207608,0.22162978788212723
P4,flat_transformer,source_only,replace,0.05,detection_auroc,5,0.7182354671141674,0.1793930334807993,0.4954895959124964,0.9409813383158384
P4,flat_transformer,source_only,replace,0.05,contaminated_utility_delta,5,-0.0009271884698353,0.0048858941682372,-0.006993827357569156,0.005139450417898556
P4,flat_transformer,source_only,replace,0.05,detector_cleanup_delta,4,-0.0871787629060964,0.09034404589311841,-0.2309363004345646,0.056578774622371805
P4,flat_transformer,source_only,replace,0.05,decision_regret,4,0.08700034861706175,0.08530391104293243,-0.048737209645353455,0.22273790687947698
P4,flat_transformer,source_only,replace,0.1,detection_auroc,5,0.7182354671141674,0.1793930334807993,0.4954895959124964,0.9409813383158384
P4,flat_transformer,source_only,replace,0.1,contaminated_utility_delta,5,0.001634987341929928,0.006339907198550117,-0.006237047178462634,0.00950702186232249
P4,flat_transformer,source_only,replace,0.1,detector_cleanup_delta,4,-0.0489229876031635,0.05507669498556836,-0.13656229983519336,0.038716324628866365
P4,flat_transformer,source_only,replace,0.1,decision_regret,4,0.05051415414769658,0.04794856823782435,-0.025782717768357333,0.1268110260637505
P4,flat_transformer,source_only,replace,0.25,detection_auroc,5,0.7182354671141674,0.1793930334807993,0.4954895959124964,0.9409813383158384
P4,flat_transformer,source_only,replace,0.25,contaminated_utility_delta,5,-0.001435802185233856,0.005718528398491313,-0.008536293020346346,0.0056646886498786355
P4,flat_transformer,source_only,replace,0.25,detector_cleanup_delta,4,-0.06936799507035848,0.06181513950168352,-0.16772967622922333,0.02899368608850636
P4,flat_transformer,source_only,replace,0.25,decision_regret,4,0.06765300790132409,0.0567448265048449,-0.02264067382583025,0.1579466896284784
P4,flat_transformer,source_only,replace,0.5,detection_auroc,5,0.7182354671141674,0.1793930334807993,0.4954895959124964,0.9409813383158384
P4,flat_transformer,source_only,replace,0.5,contaminated_utility_delta,5,-0.002219781238544956,0.00863438222093524,-0.012940782789010903,0.00850122031192099
P4,flat_transformer,source_only,replace,0.5,detector_cleanup_delta,4,-0.06308425670591845,0.05666231462602482,-0.15324664362112628,0.027078130209289383
P4,flat_transformer,source_only,replace,0.5,decision_regret,4,0.058181965607069855,0.05119675029244052,-0.02328348879828511,0.1396474200124248
P4,flat_transformer,source_only,replace,0.75,detection_auroc,5,0.7182354671141674,0.1793930334807993,0.4954895959124964,0.9409813383158384
P4,flat_transformer,source_only,replace,0.75,contaminated_utility_delta,5,-0.0036624691392790317,0.010476906618537438,-0.016671266900059704,0.00934632862150164
P4,flat_transformer,source_only,replace,0.75,detector_cleanup_delta,4,-0.07485312621675537,0.07076405528918825,-0.18745452936773993,0.037748276934229205
P4,flat_transformer,source_only,replace,0.75,decision_regret,4,0.0681004119323142,0.060622948843961806,-0.028364227849620532,0.16456505171424893
P4,flat_transformer,source_only,replace,1.0,detection_auroc,5,0.7182354671141674,0.1793930334807993,0.4954895959124964,0.9409813383158384
P4,flat_transformer,source_only,replace,1.0,contaminated_utility_delta,5,0.0020505825534867872,0.010975234893679154,-0.011576971485824334,0.01567813659279791
P4,flat_transformer,source_only,replace,1.0,detector_cleanup_delta,3,-0.043839336691036755,0.026135180903517248,-0.10876272517688101,0.021084051794807497
P4,flat_transformer,source_only,replace,1.0,decision_regret,3,0.04920493122011632,0.03334500706071672,-0.03362865831799111,0.13203852075822375
P4,flat_transformer,target_real_anchor,append,0.0,detection_auroc,5,0.7182354671141674,0.1793930334807993,0.4954895959124964,0.9409813383158384
P4,flat_transformer,target_real_anchor,append,0.0,contaminated_utility_delta,5,-0.0027938617505738317,0.0022866116985329307,-0.005633065174513731,4.534167336606729e-05
P4,flat_transformer,target_real_anchor,append,0.0,detector_cleanup_delta,5,-0.002650195626954575,0.003538556224794523,-0.00704389349690176,0.0017435022429926096
P4,flat_transformer,target_real_anchor,append,0.0,decision_regret,5,0.000854900170398124,0.0009445195703701526,-0.00031787577572938114,0.0020276761165256294
P4,flat_transformer,target_real_anchor,append,0.050332383665717,detection_auroc,5,0.7182354671141674,0.1793930334807993,0.4954895959124964,0.9409813383158384
P4,flat_transformer,target_real_anchor,append,0.050332383665717,contaminated_utility_delta,5,0.0004210648209109559,0.0023323700431712494,-0.0024749550921837433,0.0033170847340056554
P4,flat_transformer,target_real_anchor,append,0.050332383665717,detector_cleanup_delta,5,-0.0003878854169568881,0.0036834613751848782,-0.004961506795298079,0.004185735961384302
P4,flat_transformer,target_real_anchor,append,0.050332383665717,decision_regret,5,0.0015376241637503401,0.0014066389224721616,-0.00020894874475547846,0.0032841970722561585
P4,flat_transformer,target_real_anchor,append,0.0999099909990999,detection_auroc,5,0.7182354671141674,0.1793930334807993,0.4954895959124964,0.9409813383158384
P4,flat_transformer,target_real_anchor,append,0.0999099909990999,contaminated_utility_delta,5,0.004677793023996624,0.005144593808041074,-0.0017100638928299848,0.011065649940823232
P4,flat_transformer,target_real_anchor,append,0.0999099909990999,detector_cleanup_delta,5,0.004951024472196056,0.0052627521863813625,-0.0015835454491018282,0.01148559439349394
P4,flat_transformer,target_real_anchor,append,0.0999099909990999,decision_regret,5,0.000834775857481156,0.0006290114911973066,5.375493440499645e-05,0.0016157967805573155
P4,flat_transformer,target_real_anchor,append,0.2498124531132783,detection_auroc,5,0.7182354671141674,0.1793930334807993,0.4954895959124964,0.9409813383158384
P4,flat_transformer,target_real_anchor,append,0.2498124531132783,contaminated_utility_delta,5,0.001589910816611348,0.0033133274323878586,-0.0025241285704455723,0.005703950203668268
P4,flat_transformer,target_real_anchor,append,0.2498124531132783,detector_cleanup_delta,5,0.0010805213748269714,0.002096129196490479,-0.0015221667840390398,0.003683209533692983
P4,flat_transformer,target_real_anchor,append,0.2498124531132783,decision_regret,5,0.001226937471384991,0.0012221783843412936,-0.00029059742783443614,0.0027444723706044182
P4,flat_transformer,target_real_anchor,append,0.5,detection_auroc,5,0.7182354671141674,0.1793930334807993,0.4954895959124964,0.9409813383158384
P4,flat_transformer,target_real_anchor,append,0.5,contaminated_utility_delta,5,-0.00017586825978214028,0.008467679339441704,-0.010689880843900736,0.010338144324336454
P4,flat_transformer,target_real_anchor,append,0.5,detector_cleanup_delta,5,-0.0007510012576554481,0.008855518927928026,-0.011746580295875672,0.010244577780564776
P4,flat_transformer,target_real_anchor,append,0.5,decision_regret,5,0.0012307834945033,0.0004549981476086563,0.0006658286753682294,0.0017957383136383703
P4,flat_transformer,target_real_anchor,append,0.75,detection_auroc,5,0.7182354671141674,0.1793930334807993,0.4954895959124964,0.9409813383158384
P4,flat_transformer,target_real_anchor,append,0.75,contaminated_utility_delta,5,-0.0014047321542042285,0.008943250542485452,-0.012509244379724697,0.009699780071316241
P4,flat_transformer,target_real_anchor,append,0.75,detector_cleanup_delta,5,-0.00106817990962162,0.007383580949247488,-0.0102361065521254,0.00809974673288216
P4,flat_transformer,target_real_anchor,append,0.75,decision_regret,5,0.001043552270155892,0.001057131490995439,-0.00026904984358061134,0.0023561543838923954
P4,flat_transformer,target_real_anchor,replace,0.0,detection_auroc,5,0.7182354671141674,0.1793930334807993,0.4954895959124964,0.9409813383158384
P4,flat_transformer,target_real_anchor,replace,0.0,contaminated_utility_delta,5,-0.0027938617505738317,0.0022866116985329307,-0.005633065174513731,4.534167336606729e-05
P4,flat_transformer,target_real_anchor,replace,0.0,detector_cleanup_delta,5,-0.002650195626954575,0.003538556224794523,-0.00704389349690176,0.0017435022429926096
P4,flat_transformer,target_real_anchor,replace,0.0,decision_regret,5,0.000854900170398124,0.0009445195703701526,-0.00031787577572938114,0.0020276761165256294
P4,flat_transformer,target_real_anchor,replace,0.05,detection_auroc,5,0.7182354671141674,0.1793930334807993,0.4954895959124964,0.9409813383158384
P4,flat_transformer,target_real_anchor,replace,0.05,contaminated_utility_delta,5,-0.0009271884698353,0.0048858941682372,-0.006993827357569156,0.005139450417898556
P4,flat_transformer,target_real_anchor,replace,0.05,detector_cleanup_delta,5,-0.002251227162171528,0.004043886457503047,-0.007272375389276817,0.002769921064933761
P4,flat_transformer,target_real_anchor,replace,0.05,decision_regret,5,0.001661838362476413,0.0016093477337246885,-0.00033643077908035034,0.0036601075040331764
P4,flat_transformer,target_real_anchor,replace,0.1,detection_auroc,5,0.7182354671141674,0.1793930334807993,0.4954895959124964,0.9409813383158384
P4,flat_transformer,target_real_anchor,replace,0.1,contaminated_utility_delta,5,0.001634987341929928,0.006339907198550117,-0.006237047178462634,0.00950702186232249
P4,flat_transformer,target_real_anchor,replace,0.1,detector_cleanup_delta,5,0.0009722145295078123,0.005837877604710038,-0.006276467918180667,0.008220896977196291
P4,flat_transformer,target_real_anchor,replace,0.1,decision_regret,5,0.0013003690134837339,0.0005348018040895443,0.0006363248671713242,0.0019644131597961437
P4,flat_transformer,target_real_anchor,replace,0.25,detection_auroc,5,0.7182354671141674,0.1793930334807993,0.4954895959124964,0.9409813383158384
P4,flat_transformer,target_real_anchor,replace,0.25,contaminated_utility_delta,5,-0.001435802185233856,0.005718528398491313,-0.008536293020346346,0.0056646886498786355
P4,flat_transformer,target_real_anchor,replace,0.25,detector_cleanup_delta,5,-0.002149588411612496,0.0063122165125070314,-0.009987240404059797,0.005688063580834805
P4,flat_transformer,target_real_anchor,replace,0.25,decision_regret,5,0.0012222656982755194,0.00041039704348211885,0.0007126904644145076,0.0017318409321365313
P4,flat_transformer,target_real_anchor,replace,0.5,detection_auroc,5,0.7182354671141674,0.1793930334807993,0.4954895959124964,0.9409813383158384
P4,flat_transformer,target_real_anchor,replace,0.5,contaminated_utility_delta,5,-0.002219781238544956,0.00863438222093524,-0.012940782789010903,0.00850122031192099
P4,flat_transformer,target_real_anchor,replace,0.5,detector_cleanup_delta,5,-0.002182203712272808,0.007551208234283784,-0.011558267119722795,0.007193859695177179
P4,flat_transformer,target_real_anchor,replace,0.5,decision_regret,5,0.0011231295853913379,0.0007593213472151811,0.00018030760548666752,0.0020659515652960083
P4,flat_transformer,target_real_anchor,replace,0.75,detection_auroc,5,0.7182354671141674,0.1793930334807993,0.4954895959124964,0.9409813383158384
P4,flat_transformer,target_real_anchor,replace,0.75,contaminated_utility_delta,5,-0.0036624691392790317,0.010476906618537438,-0.016671266900059704,0.00934632862150164
P4,flat_transformer,target_real_anchor,replace,0.75,detector_cleanup_delta,5,-0.004841039273682848,0.009764401515048838,-0.01696514509892528,0.007283066551559583
P4,flat_transformer,target_real_anchor,replace,0.75,decision_regret,5,0.001638291304827544,0.0013851742834694331,-8.162973419414661e-05,0.0033582123438492344
P4,flat_transformer,target_real_anchor,replace,1.0,detection_auroc,5,0.7182354671141674,0.1793930334807993,0.4954895959124964,0.9409813383158384
P4,flat_transformer,target_real_anchor,replace,1.0,contaminated_utility_delta,5,0.0020505825534867872,0.010975234893679154,-0.011576971485824334,0.01567813659279791
P4,flat_transformer,target_real_anchor,replace,1.0,detector_cleanup_delta,5,-0.0018954299955885531,0.012960481506465485,-0.01798799328155243,0.014197133290375325
P4,flat_transformer,target_real_anchor,replace,1.0,decision_regret,5,0.004986560715475436,0.004393012055718793,-0.00046808419778569723,0.010441205628736568
