protocol,detector,calibration_policy,quantifier,contamination_mode,true_prevalence,metric,n_seeds,mean,std,ci95_low,ci95_high
P1,c2st_lr,oracle_target,acc,replace,0.05,prevalence_absolute_error,5,0.03732190143217939,0.004431378209173086,0.0318196186474245,0.04282418421693428
P1,c2st_lr,oracle_target,acc,replace,0.05,prevalence_error,5,0.0053619938268308475,0.023014354422488132,-0.023214101501474252,0.03393808915513594
P1,c2st_lr,oracle_target,acc,replace,0.05,false_positive_share,5,0.8317081253135006,0.012185588439684317,0.8165777188510166,0.8468385317759846
P1,c2st_lr,oracle_target,acc,replace,0.05,prevalence_decision_error,5,0.16999999999999998,0.09746794344808965,0.04897756364154661,0.2910224363584534
P1,c2st_lr,oracle_target,acc,replace,0.05,decision_regret,5,0.0002535070840249321,0.0002601314616989024,-6.948878676671637e-05,0.0005765029548165806
P1,c2st_lr,oracle_target,acc,replace,0.1,prevalence_absolute_error,5,0.04443339490460072,0.005654533334419682,0.03741236443660872,0.051454425372592726
P1,c2st_lr,oracle_target,acc,replace,0.1,prevalence_error,5,-0.001946090720758254,0.023811307693006517,-0.03151173423331677,0.027619552791800263
P1,c2st_lr,oracle_target,acc,replace,0.1,false_positive_share,5,0.7008523552790311,0.01821502551812836,0.6782354138668083,0.7234692966912539
P1,c2st_lr,oracle_target,acc,replace,0.1,prevalence_decision_error,5,0.5399999999999999,0.19987496091306683,0.29182245689186026,0.7881775431081396
P1,c2st_lr,oracle_target,acc,replace,0.1,decision_regret,5,0.0006176388478651386,0.00030640857242832494,0.00023718235473987697,0.0009980953409904
P1,c2st_lr,oracle_target,cc,replace,0.05,prevalence_absolute_error,5,0.008413999999999939,0.0026706984105285916,0.0050978899335865704,0.011730110066413307
P1,c2st_lr,oracle_target,cc,replace,0.05,prevalence_error,5,0.007017999999999937,0.004320748777700448,0.0016530817974463718,0.012382918202553501
P1,c2st_lr,oracle_target,cc,replace,0.05,false_positive_share,5,0.8317081253135006,0.012185588439684317,0.8165777188510166,0.8468385317759846
P1,c2st_lr,oracle_target,cc,replace,0.05,prevalence_decision_error,5,0.0,0.0,0.0,0.0
P1,c2st_lr,oracle_target,cc,replace,0.05,decision_regret,5,0.00019856662871252012,0.00027443464938419143,-0.00014218899528750317,0.0005393222527125434
P1,c2st_lr,oracle_target,cc,replace,0.1,prevalence_absolute_error,5,0.03628,0.0044039981834691965,0.030811714007431525,0.041748285992568475
P1,c2st_lr,oracle_target,cc,replace,0.1,prevalence_error,5,-0.03628,0.0044039981834691965,-0.041748285992568475,-0.030811714007431525
P1,c2st_lr,oracle_target,cc,replace,0.1,false_positive_share,5,0.7008523552790311,0.01821502551812836,0.6782354138668083,0.7234692966912539
P1,c2st_lr,oracle_target,cc,replace,0.1,prevalence_decision_error,5,1.0,0.0,1.0,1.0
P1,c2st_lr,oracle_target,cc,replace,0.1,decision_regret,5,0.0005195720263723425,0.000304599588966794,0.00014136168288460987,0.0008977823698600751
P1,c2st_lr,oracle_target,dys,replace,0.05,prevalence_absolute_error,5,0.034277091208815044,0.0018480125878840513,0.03198248051021205,0.03657170190741804
P1,c2st_lr,oracle_target,dys,replace,0.05,prevalence_error,5,-0.00011050527170262115,0.01626310525079453,-0.020303817560612787,0.020082807017207542
P1,c2st_lr,oracle_target,dys,replace,0.05,false_positive_share,5,0.8317081253135006,0.012185588439684317,0.8165777188510166,0.8468385317759846
P1,c2st_lr,oracle_target,dys,replace,0.05,prevalence_decision_error,5,0.136,0.06542170893518451,0.054768219314215896,0.21723178068578414
P1,c2st_lr,oracle_target,dys,replace,0.05,decision_regret,5,0.00027432269221930414,0.00023142860102677899,-1.3033869830310016e-05,0.0005616792542689182
P1,c2st_lr,oracle_target,dys,replace,0.1,prevalence_absolute_error,5,0.03749964130487157,0.005930600423146748,0.030135828271718245,0.0448634543380249
P1,c2st_lr,oracle_target,dys,replace,0.1,prevalence_error,5,-0.0038451602137528685,0.01914494212125891,-0.027616745593414864,0.019926425165909124
P1,c2st_lr,oracle_target,dys,replace,0.1,false_positive_share,5,0.7008523552790311,0.01821502551812836,0.6782354138668083,0.7234692966912539
P1,c2st_lr,oracle_target,dys,replace,0.1,prevalence_decision_error,5,0.53,0.16703293088490068,0.32260122320576123,0.7373987767942388
P1,c2st_lr,oracle_target,dys,replace,0.1,decision_regret,5,0.0005008154681268679,0.00044419030968829336,-5.071964776406652e-05,0.0010523505840178025
P1,c2st_lr,oracle_target,emq,replace,0.05,prevalence_absolute_error,5,0.02709336767723789,0.0018656686659156577,0.024776834062193574,0.029409901292282208
P1,c2st_lr,oracle_target,emq,replace,0.05,prevalence_error,5,0.0013799180885744073,0.011899668992379453,-0.013395472489804824,0.01615530866695364
P1,c2st_lr,oracle_target,emq,replace,0.05,false_positive_share,5,0.8317081253135006,0.012185588439684317,0.8165777188510166,0.8468385317759846
P1,c2st_lr,oracle_target,emq,replace,0.05,prevalence_decision_error,5,0.09000000000000001,0.03807886552931954,0.042718843579801616,0.1372811564201984
P1,c2st_lr,oracle_target,emq,replace,0.05,decision_regret,5,0.00023190962268152012,0.0002536161238125297,-8.299638762048636e-05,0.0005468156329835266
P1,c2st_lr,oracle_target,emq,replace,0.1,prevalence_absolute_error,5,0.029830841401552947,0.0034433208535365684,0.025555393863452333,0.03410628893965356
P1,c2st_lr,oracle_target,emq,replace,0.1,prevalence_error,5,-0.00230144832001215,0.013866555894380274,-0.01951905155314433,0.014916154913120032
P1,c2st_lr,oracle_target,emq,replace,0.1,false_positive_share,5,0.7008523552790311,0.01821502551812836,0.6782354138668083,0.7234692966912539
P1,c2st_lr,oracle_target,emq,replace,0.1,prevalence_decision_error,5,0.544,0.14310835055998652,0.3663075132673413,0.7216924867326588
P1,c2st_lr,oracle_target,emq,replace,0.1,decision_regret,5,0.0004168750684718026,0.000391315613504441,-6.900744075168043e-05,0.0009027575776952856
P1,c2st_lr,oracle_target,hdy,replace,0.05,prevalence_absolute_error,5,0.028665019157921152,0.002552169188436797,0.02549608255931426,0.03183395575652804
P1,c2st_lr,oracle_target,hdy,replace,0.05,prevalence_error,5,-0.0006970989219504349,0.013850959951408044,-0.01789533723417596,0.016501139390275088
P1,c2st_lr,oracle_target,hdy,replace,0.05,false_positive_share,5,0.8317081253135006,0.012185588439684317,0.8165777188510166,0.8468385317759846
P1,c2st_lr,oracle_target,hdy,replace,0.05,prevalence_decision_error,5,0.096,0.06107372593840988,0.02016695326611305,0.17183304673388694
P1,c2st_lr,oracle_target,hdy,replace,0.05,decision_regret,5,0.00029269805879426013,0.00021270985629993078,2.858388816353994e-05,0.0005568122294249804
P1,c2st_lr,oracle_target,hdy,replace,0.1,prevalence_absolute_error,5,0.03158567073452497,0.004297458342698038,0.026249671426616404,0.03692167004243354
P1,c2st_lr,oracle_target,hdy,replace,0.1,prevalence_error,5,-0.0030182119534477364,0.017704096546746987,-0.025000751256267054,0.01896432734937158
P1,c2st_lr,oracle_target,hdy,replace,0.1,false_positive_share,5,0.7008523552790311,0.01821502551812836,0.6782354138668083,0.7234692966912539
P1,c2st_lr,oracle_target,hdy,replace,0.1,prevalence_decision_error,5,0.528,0.16037456157383567,0.32886868066605546,0.7271313193339446
P1,c2st_lr,oracle_target,hdy,replace,0.1,decision_regret,5,0.0004168750684718026,0.000391315613504441,-6.900744075168043e-05,0.0009027575776952856
P1,c2st_lr,oracle_target,kdey,replace,0.05,prevalence_absolute_error,5,0.029572387668281137,0.002949301624405947,0.025910346021412393,0.03323442931514988
P1,c2st_lr,oracle_target,kdey,replace,0.05,prevalence_error,5,-0.012532143925418507,0.011615061516467235,-0.02695414764733789,0.0018898597965008763
P1,c2st_lr,oracle_target,kdey,replace,0.05,false_positive_share,5,0.8317081253135006,0.012185588439684317,0.8165777188510166,0.8468385317759846
P1,c2st_lr,oracle_target,kdey,replace,0.05,prevalence_decision_error,5,0.052000000000000005,0.03114482300479487,0.013328594544517833,0.09067140545548218
P1,c2st_lr,oracle_target,kdey,replace,0.05,decision_regret,5,0.00023190962268152012,0.0002536161238125297,-8.299638762048636e-05,0.0005468156329835266
P1,c2st_lr,oracle_target,kdey,replace,0.1,prevalence_absolute_error,5,0.033534617549736474,0.005700431095876903,0.026456597483744893,0.04061263761572806
P1,c2st_lr,oracle_target,kdey,replace,0.1,prevalence_error,5,-0.014962638412090617,0.015534908739563352,-0.034251775309387444,0.004326498485206212
P1,c2st_lr,oracle_target,kdey,replace,0.1,false_positive_share,5,0.7008523552790311,0.01821502551812836,0.6782354138668083,0.7234692966912539
P1,c2st_lr,oracle_target,kdey,replace,0.1,prevalence_decision_error,5,0.6499999999999999,0.1457737973711325,0.46899792392281414,0.8310020760771857
P1,c2st_lr,oracle_target,kdey,replace,0.1,decision_regret,5,0.00044895941962210656,0.0003678618825744744,-7.80143628207892e-06,0.000905720275526292
P1,c2st_lr,oracle_target,median_sweep,replace,0.05,prevalence_absolute_error,5,0.03358414039867946,0.0006722593569964026,0.032749420157641415,0.03441886063971751
P1,c2st_lr,oracle_target,median_sweep,replace,0.05,prevalence_error,5,-0.00463642108666767,0.014856520555820056,-0.02308322779940361,0.013810385626068268
P1,c2st_lr,oracle_target,median_sweep,replace,0.05,false_positive_share,5,0.8317081253135006,0.012185588439684317,0.8165777188510166,0.8468385317759846
P1,c2st_lr,oracle_target,median_sweep,replace,0.05,prevalence_decision_error,5,0.10400000000000001,0.06985699678629192,0.01726108206782527,0.19073891793217473
P1,c2st_lr,oracle_target,median_sweep,replace,0.05,decision_regret,5,0.00023190962268152012,0.0002536161238125297,-8.299638762048636e-05,0.0005468156329835266
P1,c2st_lr,oracle_target,median_sweep,replace,0.1,prevalence_absolute_error,5,0.03445659250410614,0.0028083960827005763,0.030969508195520353,0.03794367681269192
P1,c2st_lr,oracle_target,median_sweep,replace,0.1,prevalence_error,5,-0.006760469000068867,0.01589665423076649,-0.02649877225030517,0.012977834250167436
P1,c2st_lr,oracle_target,median_sweep,replace,0.1,false_positive_share,5,0.7008523552790311,0.01821502551812836,0.6782354138668083,0.7234692966912539
P1,c2st_lr,oracle_target,median_sweep,replace,0.1,prevalence_decision_error,5,0.5640000000000001,0.16742162345408076,0.35611859763624104,0.771881402363759
P1,c2st_lr,oracle_target,median_sweep,replace,0.1,decision_regret,5,0.000434577685547364,0.00037688658556588516,-3.338881915573806e-05,0.0009025441902504661
P1,c2st_lr,oracle_target,pacc,replace,0.05,prevalence_absolute_error,5,0.030118830772439893,0.0017718758330923375,0.027918756341201834,0.03231890520367795
P1,c2st_lr,oracle_target,pacc,replace,0.05,prevalence_error,5,-0.0031474340803791115,0.01489103814020986,-0.02163710003495683,0.015342231874198607
P1,c2st_lr,oracle_target,pacc,replace,0.05,false_positive_share,5,0.8317081253135006,0.012185588439684317,0.8165777188510166,0.8468385317759846
P1,c2st_lr,oracle_target,pacc,replace,0.05,prevalence_decision_error,5,0.088,0.057183913821983186,0.016996792930856874,0.15900320706914312
P1,c2st_lr,oracle_target,pacc,replace,0.05,decision_regret,5,0.00023190962268152012,0.0002536161238125297,-8.299638762048636e-05,0.0005468156329835266
P1,c2st_lr,oracle_target,pacc,replace,0.1,prevalence_absolute_error,5,0.0321989750627593,0.004686980797647852,0.026379319746047604,0.038018630379471
P1,c2st_lr,oracle_target,pacc,replace,0.1,prevalence_error,5,-0.005764953015811327,0.017609053806371146,-0.027629481169615337,0.01609957513799268
P1,c2st_lr,oracle_target,pacc,replace,0.1,false_positive_share,5,0.7008523552790311,0.01821502551812836,0.6782354138668083,0.7234692966912539
P1,c2st_lr,oracle_target,pacc,replace,0.1,prevalence_decision_error,5,0.56,0.16186414056238646,0.35901912406349124,0.7609808759365089
P1,c2st_lr,oracle_target,pacc,replace,0.1,decision_regret,5,0.000434577685547364,0.00037688658556588516,-3.338881915573806e-05,0.0009025441902504661
P1,c2st_lr,oracle_target,pcc,replace,0.05,prevalence_absolute_error,5,0.3926115654840834,0.0018103836735800947,0.3903636772536631,0.39485945371450365
P1,c2st_lr,oracle_target,pcc,replace,0.05,prevalence_error,5,0.3926115654840834,0.0018103836735800947,0.3903636772536631,0.39485945371450365
P1,c2st_lr,oracle_target,pcc,replace,0.05,false_positive_share,5,0.8317081253135006,0.012185588439684317,0.8165777188510166,0.8468385317759846
P1,c2st_lr,oracle_target,pcc,replace,0.05,prevalence_decision_error,5,1.0,0.0,1.0,1.0
P1,c2st_lr,oracle_target,pcc,replace,0.05,decision_regret,5,0.00055256474249094,0.00038399344790148685,7.577390268553104e-05,0.001029355582296349
P1,c2st_lr,oracle_target,pcc,replace,0.1,prevalence_absolute_error,5,0.3488920813339843,0.0018506843349623328,0.3465941532232219,0.3511900094447467
P1,c2st_lr,oracle_target,pcc,replace,0.1,prevalence_error,5,0.3488920813339843,0.0018506843349623328,0.3465941532232219,0.3511900094447467
P1,c2st_lr,oracle_target,pcc,replace,0.1,false_positive_share,5,0.7008523552790311,0.01821502551812836,0.6782354138668083,0.7234692966912539
P1,c2st_lr,oracle_target,pcc,replace,0.1,prevalence_decision_error,5,0.0,0.0,0.0,0.0
P1,c2st_lr,oracle_target,pcc,replace,0.1,decision_regret,5,0.0004116326057930079,0.00027839629696684487,6.595794661603291e-05,0.0007573072649699829
P1,c2st_lr,source_only,acc,replace,0.05,prevalence_absolute_error,5,0.03732190143217939,0.004431378209173086,0.0318196186474245,0.04282418421693428
P1,c2st_lr,source_only,acc,replace,0.05,prevalence_error,5,0.0053619938268308475,0.023014354422488132,-0.023214101501474252,0.03393808915513594
P1,c2st_lr,source_only,acc,replace,0.05,false_positive_share,5,0.8317081253135006,0.012185588439684317,0.8165777188510166,0.8468385317759846
P1,c2st_lr,source_only,acc,replace,0.05,prevalence_decision_error,5,0.16999999999999998,0.09746794344808965,0.04897756364154661,0.2910224363584534
P1,c2st_lr,source_only,acc,replace,0.05,decision_regret,5,0.0002535070840249321,0.0002601314616989024,-6.948878676671637e-05,0.0005765029548165806
P1,c2st_lr,source_only,acc,replace,0.1,prevalence_absolute_error,5,0.04443339490460072,0.005654533334419682,0.03741236443660872,0.051454425372592726
P1,c2st_lr,source_only,acc,replace,0.1,prevalence_error,5,-0.001946090720758254,0.023811307693006517,-0.03151173423331677,0.027619552791800263
P1,c2st_lr,source_only,acc,replace,0.1,false_positive_share,5,0.7008523552790311,0.01821502551812836,0.6782354138668083,0.7234692966912539
P1,c2st_lr,source_only,acc,replace,0.1,prevalence_decision_error,5,0.5399999999999999,0.19987496091306683,0.29182245689186026,0.7881775431081396
P1,c2st_lr,source_only,acc,replace,0.1,decision_regret,5,0.0006176388478651386,0.00030640857242832494,0.00023718235473987697,0.0009980953409904
P1,c2st_lr,source_only,cc,replace,0.05,prevalence_absolute_error,5,0.008413999999999939,0.0026706984105285916,0.0050978899335865704,0.011730110066413307
P1,c2st_lr,source_only,cc,replace,0.05,prevalence_error,5,0.007017999999999937,0.004320748777700448,0.0016530817974463718,0.012382918202553501
P1,c2st_lr,source_only,cc,replace,0.05,false_positive_share,5,0.8317081253135006,0.012185588439684317,0.8165777188510166,0.8468385317759846
P1,c2st_lr,source_only,cc,replace,0.05,prevalence_decision_error,5,0.0,0.0,0.0,0.0
P1,c2st_lr,source_only,cc,replace,0.05,decision_regret,5,0.00019856662871252012,0.00027443464938419143,-0.00014218899528750317,0.0005393222527125434
P1,c2st_lr,source_only,cc,replace,0.1,prevalence_absolute_error,5,0.03628,0.0044039981834691965,0.030811714007431525,0.041748285992568475
P1,c2st_lr,source_only,cc,replace,0.1,prevalence_error,5,-0.03628,0.0044039981834691965,-0.041748285992568475,-0.030811714007431525
P1,c2st_lr,source_only,cc,replace,0.1,false_positive_share,5,0.7008523552790311,0.01821502551812836,0.6782354138668083,0.7234692966912539
P1,c2st_lr,source_only,cc,replace,0.1,prevalence_decision_error,5,1.0,0.0,1.0,1.0
P1,c2st_lr,source_only,cc,replace,0.1,decision_regret,5,0.0005195720263723425,0.000304599588966794,0.00014136168288460987,0.0008977823698600751
P1,c2st_lr,source_only,dys,replace,0.05,prevalence_absolute_error,5,0.034277091208815044,0.0018480125878840513,0.03198248051021205,0.03657170190741804
P1,c2st_lr,source_only,dys,replace,0.05,prevalence_error,5,-0.00011050527170262115,0.01626310525079453,-0.020303817560612787,0.020082807017207542
P1,c2st_lr,source_only,dys,replace,0.05,false_positive_share,5,0.8317081253135006,0.012185588439684317,0.8165777188510166,0.8468385317759846
P1,c2st_lr,source_only,dys,replace,0.05,prevalence_decision_error,5,0.136,0.06542170893518451,0.054768219314215896,0.21723178068578414
P1,c2st_lr,source_only,dys,replace,0.05,decision_regret,5,0.00027432269221930414,0.00023142860102677899,-1.3033869830310016e-05,0.0005616792542689182
P1,c2st_lr,source_only,dys,replace,0.1,prevalence_absolute_error,5,0.03749964130487157,0.005930600423146748,0.030135828271718245,0.0448634543380249
P1,c2st_lr,source_only,dys,replace,0.1,prevalence_error,5,-0.0038451602137528685,0.01914494212125891,-0.027616745593414864,0.019926425165909124
P1,c2st_lr,source_only,dys,replace,0.1,false_positive_share,5,0.7008523552790311,0.01821502551812836,0.6782354138668083,0.7234692966912539
P1,c2st_lr,source_only,dys,replace,0.1,prevalence_decision_error,5,0.53,0.16703293088490068,0.32260122320576123,0.7373987767942388
P1,c2st_lr,source_only,dys,replace,0.1,decision_regret,5,0.0005008154681268679,0.00044419030968829336,-5.071964776406652e-05,0.0010523505840178025
P1,c2st_lr,source_only,emq,replace,0.05,prevalence_absolute_error,5,0.02709336767723789,0.0018656686659156577,0.024776834062193574,0.029409901292282208
P1,c2st_lr,source_only,emq,replace,0.05,prevalence_error,5,0.0013799180885744073,0.011899668992379453,-0.013395472489804824,0.01615530866695364
P1,c2st_lr,source_only,emq,replace,0.05,false_positive_share,5,0.8317081253135006,0.012185588439684317,0.8165777188510166,0.8468385317759846
P1,c2st_lr,source_only,emq,replace,0.05,prevalence_decision_error,5,0.09000000000000001,0.03807886552931954,0.042718843579801616,0.1372811564201984
P1,c2st_lr,source_only,emq,replace,0.05,decision_regret,5,0.00023190962268152012,0.0002536161238125297,-8.299638762048636e-05,0.0005468156329835266
P1,c2st_lr,source_only,emq,replace,0.1,prevalence_absolute_error,5,0.029830841401552947,0.0034433208535365684,0.025555393863452333,0.03410628893965356
P1,c2st_lr,source_only,emq,replace,0.1,prevalence_error,5,-0.00230144832001215,0.013866555894380274,-0.01951905155314433,0.014916154913120032
P1,c2st_lr,source_only,emq,replace,0.1,false_positive_share,5,0.7008523552790311,0.01821502551812836,0.6782354138668083,0.7234692966912539
P1,c2st_lr,source_only,emq,replace,0.1,prevalence_decision_error,5,0.544,0.14310835055998652,0.3663075132673413,0.7216924867326588
P1,c2st_lr,source_only,emq,replace,0.1,decision_regret,5,0.0004168750684718026,0.000391315613504441,-6.900744075168043e-05,0.0009027575776952856
P1,c2st_lr,source_only,hdy,replace,0.05,prevalence_absolute_error,5,0.028665019157921152,0.002552169188436797,0.02549608255931426,0.03183395575652804
P1,c2st_lr,source_only,hdy,replace,0.05,prevalence_error,5,-0.0006970989219504349,0.013850959951408044,-0.01789533723417596,0.016501139390275088
P1,c2st_lr,source_only,hdy,replace,0.05,false_positive_share,5,0.8317081253135006,0.012185588439684317,0.8165777188510166,0.8468385317759846
P1,c2st_lr,source_only,hdy,replace,0.05,prevalence_decision_error,5,0.096,0.06107372593840988,0.02016695326611305,0.17183304673388694
P1,c2st_lr,source_only,hdy,replace,0.05,decision_regret,5,0.00029269805879426013,0.00021270985629993078,2.858388816353994e-05,0.0005568122294249804
P1,c2st_lr,source_only,hdy,replace,0.1,prevalence_absolute_error,5,0.03158567073452497,0.004297458342698038,0.026249671426616404,0.03692167004243354
P1,c2st_lr,source_only,hdy,replace,0.1,prevalence_error,5,-0.0030182119534477364,0.017704096546746987,-0.025000751256267054,0.01896432734937158
P1,c2st_lr,source_only,hdy,replace,0.1,false_positive_share,5,0.7008523552790311,0.01821502551812836,0.6782354138668083,0.7234692966912539
P1,c2st_lr,source_only,hdy,replace,0.1,prevalence_decision_error,5,0.528,0.16037456157383567,0.32886868066605546,0.7271313193339446
P1,c2st_lr,source_only,hdy,replace,0.1,decision_regret,5,0.0004168750684718026,0.000391315613504441,-6.900744075168043e-05,0.0009027575776952856
P1,c2st_lr,source_only,kdey,replace,0.05,prevalence_absolute_error,5,0.029572387668281137,0.002949301624405947,0.025910346021412393,0.03323442931514988
P1,c2st_lr,source_only,kdey,replace,0.05,prevalence_error,5,-0.012532143925418507,0.011615061516467235,-0.02695414764733789,0.0018898597965008763
P1,c2st_lr,source_only,kdey,replace,0.05,false_positive_share,5,0.8317081253135006,0.012185588439684317,0.8165777188510166,0.8468385317759846
P1,c2st_lr,source_only,kdey,replace,0.05,prevalence_decision_error,5,0.052000000000000005,0.03114482300479487,0.013328594544517833,0.09067140545548218
P1,c2st_lr,source_only,kdey,replace,0.05,decision_regret,5,0.00023190962268152012,0.0002536161238125297,-8.299638762048636e-05,0.0005468156329835266
P1,c2st_lr,source_only,kdey,replace,0.1,prevalence_absolute_error,5,0.033534617549736474,0.005700431095876903,0.026456597483744893,0.04061263761572806
P1,c2st_lr,source_only,kdey,replace,0.1,prevalence_error,5,-0.014962638412090617,0.015534908739563352,-0.034251775309387444,0.004326498485206212
P1,c2st_lr,source_only,kdey,replace,0.1,false_positive_share,5,0.7008523552790311,0.01821502551812836,0.6782354138668083,0.7234692966912539
P1,c2st_lr,source_only,kdey,replace,0.1,prevalence_decision_error,5,0.6499999999999999,0.1457737973711325,0.46899792392281414,0.8310020760771857
P1,c2st_lr,source_only,kdey,replace,0.1,decision_regret,5,0.00044895941962210656,0.0003678618825744744,-7.80143628207892e-06,0.000905720275526292
P1,c2st_lr,source_only,median_sweep,replace,0.05,prevalence_absolute_error,5,0.03358414039867946,0.0006722593569964026,0.032749420157641415,0.03441886063971751
P1,c2st_lr,source_only,median_sweep,replace,0.05,prevalence_error,5,-0.00463642108666767,0.014856520555820056,-0.02308322779940361,0.013810385626068268
P1,c2st_lr,source_only,median_sweep,replace,0.05,false_positive_share,5,0.8317081253135006,0.012185588439684317,0.8165777188510166,0.8468385317759846
P1,c2st_lr,source_only,median_sweep,replace,0.05,prevalence_decision_error,5,0.10400000000000001,0.06985699678629192,0.01726108206782527,0.19073891793217473
P1,c2st_lr,source_only,median_sweep,replace,0.05,decision_regret,5,0.00023190962268152012,0.0002536161238125297,-8.299638762048636e-05,0.0005468156329835266
P1,c2st_lr,source_only,median_sweep,replace,0.1,prevalence_absolute_error,5,0.03445659250410614,0.0028083960827005763,0.030969508195520353,0.03794367681269192
P1,c2st_lr,source_only,median_sweep,replace,0.1,prevalence_error,5,-0.006760469000068867,0.01589665423076649,-0.02649877225030517,0.012977834250167436
P1,c2st_lr,source_only,median_sweep,replace,0.1,false_positive_share,5,0.7008523552790311,0.01821502551812836,0.6782354138668083,0.7234692966912539
P1,c2st_lr,source_only,median_sweep,replace,0.1,prevalence_decision_error,5,0.5640000000000001,0.16742162345408076,0.35611859763624104,0.771881402363759
P1,c2st_lr,source_only,median_sweep,replace,0.1,decision_regret,5,0.000434577685547364,0.00037688658556588516,-3.338881915573806e-05,0.0009025441902504661
P1,c2st_lr,source_only,pacc,replace,0.05,prevalence_absolute_error,5,0.030118830772439893,0.0017718758330923375,0.027918756341201834,0.03231890520367795
P1,c2st_lr,source_only,pacc,replace,0.05,prevalence_error,5,-0.0031474340803791115,0.01489103814020986,-0.02163710003495683,0.015342231874198607
P1,c2st_lr,source_only,pacc,replace,0.05,false_positive_share,5,0.8317081253135006,0.012185588439684317,0.8165777188510166,0.8468385317759846
P1,c2st_lr,source_only,pacc,replace,0.05,prevalence_decision_error,5,0.088,0.057183913821983186,0.016996792930856874,0.15900320706914312
P1,c2st_lr,source_only,pacc,replace,0.05,decision_regret,5,0.00023190962268152012,0.0002536161238125297,-8.299638762048636e-05,0.0005468156329835266
P1,c2st_lr,source_only,pacc,replace,0.1,prevalence_absolute_error,5,0.0321989750627593,0.004686980797647852,0.026379319746047604,0.038018630379471
P1,c2st_lr,source_only,pacc,replace,0.1,prevalence_error,5,-0.005764953015811327,0.017609053806371146,-0.027629481169615337,0.01609957513799268
P1,c2st_lr,source_only,pacc,replace,0.1,false_positive_share,5,0.7008523552790311,0.01821502551812836,0.6782354138668083,0.7234692966912539
P1,c2st_lr,source_only,pacc,replace,0.1,prevalence_decision_error,5,0.56,0.16186414056238646,0.35901912406349124,0.7609808759365089
P1,c2st_lr,source_only,pacc,replace,0.1,decision_regret,5,0.000434577685547364,0.00037688658556588516,-3.338881915573806e-05,0.0009025441902504661
P1,c2st_lr,source_only,pcc,replace,0.05,prevalence_absolute_error,5,0.3926115654840834,0.0018103836735800947,0.3903636772536631,0.39485945371450365
P1,c2st_lr,source_only,pcc,replace,0.05,prevalence_error,5,0.3926115654840834,0.0018103836735800947,0.3903636772536631,0.39485945371450365
P1,c2st_lr,source_only,pcc,replace,0.05,false_positive_share,5,0.8317081253135006,0.012185588439684317,0.8165777188510166,0.8468385317759846
P1,c2st_lr,source_only,pcc,replace,0.05,prevalence_decision_error,5,1.0,0.0,1.0,1.0
P1,c2st_lr,source_only,pcc,replace,0.05,decision_regret,5,0.00055256474249094,0.00038399344790148685,7.577390268553104e-05,0.001029355582296349
P1,c2st_lr,source_only,pcc,replace,0.1,prevalence_absolute_error,5,0.3488920813339843,0.0018506843349623328,0.3465941532232219,0.3511900094447467
P1,c2st_lr,source_only,pcc,replace,0.1,prevalence_error,5,0.3488920813339843,0.0018506843349623328,0.3465941532232219,0.3511900094447467
P1,c2st_lr,source_only,pcc,replace,0.1,false_positive_share,5,0.7008523552790311,0.01821502551812836,0.6782354138668083,0.7234692966912539
P1,c2st_lr,source_only,pcc,replace,0.1,prevalence_decision_error,5,0.0,0.0,0.0,0.0
P1,c2st_lr,source_only,pcc,replace,0.1,decision_regret,5,0.0004116326057930079,0.00027839629696684487,6.595794661603291e-05,0.0007573072649699829
P1,c2st_lr,target_real_anchor,acc,replace,0.05,prevalence_absolute_error,5,0.0364519162679742,0.004508328732802572,0.030854086788385648,0.04204974574756275
P1,c2st_lr,target_real_anchor,acc,replace,0.05,prevalence_error,5,0.0030087597430755583,0.0170472729565744,-0.018158225354655513,0.02417574484080663
P1,c2st_lr,target_real_anchor,acc,replace,0.05,false_positive_share,5,0.8341441908067047,0.013409759149972025,0.8174937756456009,0.8507946059678084
P1,c2st_lr,target_real_anchor,acc,replace,0.05,prevalence_decision_error,5,0.162,0.08105553651663779,0.06135625845220033,0.2626437415477997
P1,c2st_lr,target_real_anchor,acc,replace,0.05,decision_regret,5,0.0002501333037964441,0.00024708247490738054,-5.666010988313524e-05,0.0005569267174760234
P1,c2st_lr,target_real_anchor,acc,replace,0.1,prevalence_absolute_error,5,0.04332948646677888,0.007238046723554096,0.034342264432825044,0.052316708500732716
P1,c2st_lr,target_real_anchor,acc,replace,0.1,prevalence_error,5,-0.003593292368852958,0.017381806008231235,-0.02517565511303556,0.01798907037532965
P1,c2st_lr,target_real_anchor,acc,replace,0.1,false_positive_share,5,0.7045471381489883,0.02012456605960753,0.6795591889933003,0.7295350873046763
P1,c2st_lr,target_real_anchor,acc,replace,0.1,prevalence_decision_error,5,0.548,0.1317952958189328,0.3843545260490161,0.711645473950984
P1,c2st_lr,target_real_anchor,acc,replace,0.1,decision_regret,5,0.0006372132348743601,0.0004408780892483435,8.979078385782594e-05,0.0011846356858908943
P1,c2st_lr,target_real_anchor,cc,replace,0.05,prevalence_absolute_error,5,0.010469999999999955,0.007540769191534762,0.001106898376107137,0.019833101623892773
P1,c2st_lr,target_real_anchor,cc,replace,0.05,prevalence_error,5,0.006985999999999952,0.010745305021263923,-0.006356058394621592,0.020328058394621498
P1,c2st_lr,target_real_anchor,cc,replace,0.05,false_positive_share,5,0.8341441908067047,0.013409759149972025,0.8174937756456009,0.8507946059678084
P1,c2st_lr,target_real_anchor,cc,replace,0.05,prevalence_decision_error,5,0.0,0.0,0.0,0.0
P1,c2st_lr,target_real_anchor,cc,replace,0.05,decision_regret,5,0.0001994399421146081,0.0002552850748282835,-0.00011753834457842551,0.0005164182288076417
P1,c2st_lr,target_real_anchor,cc,replace,0.1,prevalence_absolute_error,5,0.036421999999999996,0.010037373660475133,0.02395895448926929,0.0488850455107307
P1,c2st_lr,target_real_anchor,cc,replace,0.1,prevalence_error,5,-0.03641,0.010059997514910228,-0.048901136736283365,-0.02391886326371663
P1,c2st_lr,target_real_anchor,cc,replace,0.1,false_positive_share,5,0.7045471381489883,0.02012456605960753,0.6795591889933003,0.7295350873046763
P1,c2st_lr,target_real_anchor,cc,replace,0.1,prevalence_decision_error,5,0.998,0.004472135954999583,0.9924471097896044,1.0035528902103956
P1,c2st_lr,target_real_anchor,cc,replace,0.1,decision_regret,5,0.0004582426606442707,0.0003440615029775097,3.1033879229219784e-05,0.0008854514420593216
P1,c2st_lr,target_real_anchor,dys,replace,0.05,prevalence_absolute_error,5,0.034277091208815044,0.0018480125878840513,0.03198248051021205,0.03657170190741804
P1,c2st_lr,target_real_anchor,dys,replace,0.05,prevalence_error,5,-0.00011050527170262115,0.01626310525079453,-0.020303817560612787,0.020082807017207542
P1,c2st_lr,target_real_anchor,dys,replace,0.05,false_positive_share,5,0.8341441908067047,0.013409759149972025,0.8174937756456009,0.8507946059678084
P1,c2st_lr,target_real_anchor,dys,replace,0.05,prevalence_decision_error,5,0.136,0.06542170893518451,0.054768219314215896,0.21723178068578414
P1,c2st_lr,target_real_anchor,dys,replace,0.05,decision_regret,5,0.00023479206465095614,0.00023929445924400096,-6.233125036195778e-05,0.00053191537966387
P1,c2st_lr,target_real_anchor,dys,replace,0.1,prevalence_absolute_error,5,0.03749964130487157,0.005930600423146748,0.030135828271718245,0.0448634543380249
P1,c2st_lr,target_real_anchor,dys,replace,0.1,prevalence_error,5,-0.0038451602137528685,0.01914494212125891,-0.027616745593414864,0.019926425165909124
P1,c2st_lr,target_real_anchor,dys,replace,0.1,false_positive_share,5,0.7045471381489883,0.02012456605960753,0.6795591889933003,0.7295350873046763
P1,c2st_lr,target_real_anchor,dys,replace,0.1,prevalence_decision_error,5,0.53,0.16703293088490068,0.32260122320576123,0.7373987767942388
P1,c2st_lr,target_real_anchor,dys,replace,0.1,decision_regret,5,0.00037496117991150794,0.0004951880783633857,-0.00023989602933201237,0.0009898183891550282
P1,c2st_lr,target_real_anchor,emq,replace,0.05,prevalence_absolute_error,5,0.02709336767723789,0.0018656686659156577,0.024776834062193574,0.029409901292282208
P1,c2st_lr,target_real_anchor,emq,replace,0.05,prevalence_error,5,0.0013799180885744073,0.011899668992379453,-0.013395472489804824,0.01615530866695364
P1,c2st_lr,target_real_anchor,emq,replace,0.05,false_positive_share,5,0.8341441908067047,0.013409759149972025,0.8174937756456009,0.8507946059678084
P1,c2st_lr,target_real_anchor,emq,replace,0.05,prevalence_decision_error,5,0.09000000000000001,0.03807886552931954,0.042718843579801616,0.1372811564201984
P1,c2st_lr,target_real_anchor,emq,replace,0.05,decision_regret,5,0.0002256947896835761,0.0002356403856217646,-6.689139366582094e-05,0.0005182809730329731
P1,c2st_lr,target_real_anchor,emq,replace,0.1,prevalence_absolute_error,5,0.029830841401552947,0.0034433208535365684,0.025555393863452333,0.03410628893965356
P1,c2st_lr,target_real_anchor,emq,replace,0.1,prevalence_error,5,-0.00230144832001215,0.013866555894380274,-0.01951905155314433,0.014916154913120032
P1,c2st_lr,target_real_anchor,emq,replace,0.1,false_positive_share,5,0.7045471381489883,0.02012456605960753,0.6795591889933003,0.7295350873046763
P1,c2st_lr,target_real_anchor,emq,replace,0.1,prevalence_decision_error,5,0.544,0.14310835055998652,0.3663075132673413,0.7216924867326588
P1,c2st_lr,target_real_anchor,emq,replace,0.1,decision_regret,5,0.0004411332894190028,0.0003633722248154542,-1.0052920081551127e-05,0.0008923194989195566
P1,c2st_lr,target_real_anchor,hdy,replace,0.05,prevalence_absolute_error,5,0.028665019157921152,0.002552169188436797,0.02549608255931426,0.03183395575652804
P1,c2st_lr,target_real_anchor,hdy,replace,0.05,prevalence_error,5,-0.0006970989219504349,0.013850959951408044,-0.01789533723417596,0.016501139390275088
P1,c2st_lr,target_real_anchor,hdy,replace,0.05,false_positive_share,5,0.8341441908067047,0.013409759149972025,0.8174937756456009,0.8507946059678084
P1,c2st_lr,target_real_anchor,hdy,replace,0.05,prevalence_decision_error,5,0.096,0.06107372593840988,0.02016695326611305,0.17183304673388694
P1,c2st_lr,target_real_anchor,hdy,replace,0.05,decision_regret,5,0.00024877707903670014,0.0002205696964401568,-2.5096372127775485e-05,0.0005226505302011758
P1,c2st_lr,target_real_anchor,hdy,replace,0.1,prevalence_absolute_error,5,0.03158567073452497,0.004297458342698038,0.026249671426616404,0.03692167004243354
P1,c2st_lr,target_real_anchor,hdy,replace,0.1,prevalence_error,5,-0.0030182119534477364,0.017704096546746987,-0.025000751256267054,0.01896432734937158
P1,c2st_lr,target_real_anchor,hdy,replace,0.1,false_positive_share,5,0.7045471381489883,0.02012456605960753,0.6795591889933003,0.7295350873046763
P1,c2st_lr,target_real_anchor,hdy,replace,0.1,prevalence_decision_error,5,0.528,0.16037456157383567,0.32886868066605546,0.7271313193339446
P1,c2st_lr,target_real_anchor,hdy,replace,0.1,decision_regret,5,0.0004411332894190028,0.0003633722248154542,-1.0052920081551127e-05,0.0008923194989195566
P1,c2st_lr,target_real_anchor,kdey,replace,0.05,prevalence_absolute_error,5,0.029572387668281137,0.002949301624405947,0.025910346021412393,0.03323442931514988
P1,c2st_lr,target_real_anchor,kdey,replace,0.05,prevalence_error,5,-0.012532143925418507,0.011615061516467235,-0.02695414764733789,0.0018898597965008763
P1,c2st_lr,target_real_anchor,kdey,replace,0.05,false_positive_share,5,0.8341441908067047,0.013409759149972025,0.8174937756456009,0.8507946059678084
P1,c2st_lr,target_real_anchor,kdey,replace,0.05,prevalence_decision_error,5,0.052000000000000005,0.03114482300479487,0.013328594544517833,0.09067140545548218
P1,c2st_lr,target_real_anchor,kdey,replace,0.05,decision_regret,5,0.0002256947896835761,0.0002356403856217646,-6.689139366582094e-05,0.0005182809730329731
P1,c2st_lr,target_real_anchor,kdey,replace,0.1,prevalence_absolute_error,5,0.033534617549736474,0.005700431095876903,0.026456597483744893,0.04061263761572806
P1,c2st_lr,target_real_anchor,kdey,replace,0.1,prevalence_error,5,-0.014962638412090617,0.015534908739563352,-0.034251775309387444,0.004326498485206212
P1,c2st_lr,target_real_anchor,kdey,replace,0.1,false_positive_share,5,0.7045471381489883,0.02012456605960753,0.6795591889933003,0.7295350873046763
P1,c2st_lr,target_real_anchor,kdey,replace,0.1,prevalence_decision_error,5,0.6499999999999999,0.1457737973711325,0.46899792392281414,0.8310020760771857
P1,c2st_lr,target_real_anchor,kdey,replace,0.1,decision_regret,5,0.00042514631747625476,0.0003765175114688202,-4.2361921207852116e-05,0.0008926545561603616
P1,c2st_lr,target_real_anchor,median_sweep,replace,0.05,prevalence_absolute_error,5,0.03358414039867946,0.0006722593569964026,0.032749420157641415,0.03441886063971751
P1,c2st_lr,target_real_anchor,median_sweep,replace,0.05,prevalence_error,5,-0.00463642108666767,0.014856520555820056,-0.02308322779940361,0.013810385626068268
P1,c2st_lr,target_real_anchor,median_sweep,replace,0.05,false_positive_share,5,0.8341441908067047,0.013409759149972025,0.8174937756456009,0.8507946059678084
P1,c2st_lr,target_real_anchor,median_sweep,replace,0.05,prevalence_decision_error,5,0.10400000000000001,0.06985699678629192,0.01726108206782527,0.19073891793217473
P1,c2st_lr,target_real_anchor,median_sweep,replace,0.05,decision_regret,5,0.0002256947896835761,0.0002356403856217646,-6.689139366582094e-05,0.0005182809730329731
P1,c2st_lr,target_real_anchor,median_sweep,replace,0.1,prevalence_absolute_error,5,0.03445659250410614,0.0028083960827005763,0.030969508195520353,0.03794367681269192
P1,c2st_lr,target_real_anchor,median_sweep,replace,0.1,prevalence_error,5,-0.006760469000068867,0.01589665423076649,-0.02649877225030517,0.012977834250167436
P1,c2st_lr,target_real_anchor,median_sweep,replace,0.1,false_positive_share,5,0.7045471381489883,0.02012456605960753,0.6795591889933003,0.7295350873046763
P1,c2st_lr,target_real_anchor,median_sweep,replace,0.1,prevalence_decision_error,5,0.5640000000000001,0.16742162345408076,0.35611859763624104,0.771881402363759
P1,c2st_lr,target_real_anchor,median_sweep,replace,0.1,decision_regret,5,0.0004113817448468908,0.0003922453181791689,-7.565514520016357e-05,0.0008984186348939451
P1,c2st_lr,target_real_anchor,pacc,replace,0.05,prevalence_absolute_error,5,0.030118830772439893,0.0017718758330923375,0.027918756341201834,0.03231890520367795
P1,c2st_lr,target_real_anchor,pacc,replace,0.05,prevalence_error,5,-0.0031474340803791115,0.01489103814020986,-0.02163710003495683,0.015342231874198607
P1,c2st_lr,target_real_anchor,pacc,replace,0.05,false_positive_share,5,0.8341441908067047,0.013409759149972025,0.8174937756456009,0.8507946059678084
P1,c2st_lr,target_real_anchor,pacc,replace,0.05,prevalence_decision_error,5,0.088,0.057183913821983186,0.016996792930856874,0.15900320706914312
P1,c2st_lr,target_real_anchor,pacc,replace,0.05,decision_regret,5,0.0002256947896835761,0.0002356403856217646,-6.689139366582094e-05,0.0005182809730329731
P1,c2st_lr,target_real_anchor,pacc,replace,0.1,prevalence_absolute_error,5,0.0321989750627593,0.004686980797647852,0.026379319746047604,0.038018630379471
P1,c2st_lr,target_real_anchor,pacc,replace,0.1,prevalence_error,5,-0.005764953015811327,0.017609053806371146,-0.027629481169615337,0.01609957513799268
P1,c2st_lr,target_real_anchor,pacc,replace,0.1,false_positive_share,5,0.7045471381489883,0.02012456605960753,0.6795591889933003,0.7295350873046763
P1,c2st_lr,target_real_anchor,pacc,replace,0.1,prevalence_decision_error,5,0.56,0.16186414056238646,0.35901912406349124,0.7609808759365089
P1,c2st_lr,target_real_anchor,pacc,replace,0.1,decision_regret,5,0.0004113817448468908,0.0003922453181791689,-7.565514520016357e-05,0.0008984186348939451
P1,c2st_lr,target_real_anchor,pcc,replace,0.05,prevalence_absolute_error,5,0.3926115654840834,0.0018103836735800947,0.3903636772536631,0.39485945371450365
P1,c2st_lr,target_real_anchor,pcc,replace,0.05,prevalence_error,5,0.3926115654840834,0.0018103836735800947,0.3903636772536631,0.39485945371450365
P1,c2st_lr,target_real_anchor,pcc,replace,0.05,false_positive_share,5,0.8341441908067047,0.013409759149972025,0.8174937756456009,0.8507946059678084
P1,c2st_lr,target_real_anchor,pcc,replace,0.05,prevalence_decision_error,5,1.0,0.0,1.0,1.0
P1,c2st_lr,target_real_anchor,pcc,replace,0.05,decision_regret,5,0.000391909505235664,0.00025248154971529394,7.841225474348968e-05,0.0007054067557278383
P1,c2st_lr,target_real_anchor,pcc,replace,0.1,prevalence_absolute_error,5,0.3488920813339843,0.0018506843349623328,0.3465941532232219,0.3511900094447467
P1,c2st_lr,target_real_anchor,pcc,replace,0.1,prevalence_error,5,0.3488920813339843,0.0018506843349623328,0.3465941532232219,0.3511900094447467
P1,c2st_lr,target_real_anchor,pcc,replace,0.1,false_positive_share,5,0.7045471381489883,0.02012456605960753,0.6795591889933003,0.7295350873046763
P1,c2st_lr,target_real_anchor,pcc,replace,0.1,prevalence_decision_error,5,0.0,0.0,0.0,0.0
P1,c2st_lr,target_real_anchor,pcc,replace,0.1,decision_regret,5,0.00043417739040563593,0.00041365333262120943,-7.94410604471265e-05,0.0009477958412583984
P1,c2st_xgb,oracle_target,acc,replace,0.05,prevalence_absolute_error,5,0.008451047411599376,0.0016202791111555811,0.006439205172235896,0.010462889650962856
P1,c2st_xgb,oracle_target,acc,replace,0.05,prevalence_error,5,-0.0021018315524879193,0.005166370688201448,-0.008516728037402862,0.004313064932427023
P1,c2st_xgb,oracle_target,acc,replace,0.05,false_positive_share,5,0.5358727182078347,0.01570635894730576,0.5163706977600996,0.5553747386555697
P1,c2st_xgb,oracle_target,acc,replace,0.05,prevalence_decision_error,5,0.0,0.0,0.0,0.0
P1,c2st_xgb,oracle_target,acc,replace,0.05,decision_regret,5,0.00022465873946797945,0.00028681246462523803,-0.00013146597209326926,0.0005807834510292282
P1,c2st_xgb,oracle_target,acc,replace,0.1,prevalence_absolute_error,5,0.009006722490576921,0.0018588593012968595,0.006698643818430407,0.011314801162723435
P1,c2st_xgb,oracle_target,acc,replace,0.1,prevalence_error,5,-0.0032139122540108577,0.004634195124251865,-0.008968025500445818,0.0025402009924241024
P1,c2st_xgb,oracle_target,acc,replace,0.1,false_positive_share,5,0.35368191525787224,0.014461818631368853,0.3357251957147491,0.37163863480099535
P1,c2st_xgb,oracle_target,acc,replace,0.1,prevalence_decision_error,5,0.618,0.13881642554107204,0.44563664204631737,0.7903633579536826
P1,c2st_xgb,oracle_target,acc,replace,0.1,decision_regret,5,0.0009649679497922177,0.00043389481752681116,0.00042621637586198464,0.0015037195237224508
P1,c2st_xgb,oracle_target,cc,replace,0.05,prevalence_absolute_error,5,0.03526799999999995,0.0037902598855487518,0.030561770756278146,0.03997422924372176
P1,c2st_xgb,oracle_target,cc,replace,0.05,prevalence_error,5,0.03526799999999995,0.0037902598855487518,0.030561770756278146,0.03997422924372176
P1,c2st_xgb,oracle_target,cc,replace,0.05,false_positive_share,5,0.5358727182078347,0.01570635894730576,0.5163706977600996,0.5553747386555697
P1,c2st_xgb,oracle_target,cc,replace,0.05,prevalence_decision_error,5,0.02,0.023452078799117145,-0.009119601927901524,0.049119601927901525
P1,c2st_xgb,oracle_target,cc,replace,0.05,decision_regret,5,0.00023487336161189546,0.0002804257079484671,-0.00011332114411851925,0.0005830678673423102
P1,c2st_xgb,oracle_target,cc,replace,0.1,prevalence_absolute_error,5,0.021545999999999926,0.003569086717915392,0.01711439351589715,0.025977606484102703
P1,c2st_xgb,oracle_target,cc,replace,0.1,prevalence_error,5,0.021545999999999926,0.003569086717915392,0.01711439351589715,0.025977606484102703
P1,c2st_xgb,oracle_target,cc,replace,0.1,false_positive_share,5,0.35368191525787224,0.014461818631368853,0.3357251957147491,0.37163863480099535
P1,c2st_xgb,oracle_target,cc,replace,0.1,prevalence_decision_error,5,0.0,0.0,0.0,0.0
P1,c2st_xgb,oracle_target,cc,replace,0.1,decision_regret,5,0.0007377339910464961,0.0004979853203308955,0.00011940354715765417,0.001356064434935338
P1,c2st_xgb,oracle_target,dys,replace,0.05,prevalence_absolute_error,5,0.004628364619369204,0.0003423356381487101,0.004203298782177839,0.005053430456560568
P1,c2st_xgb,oracle_target,dys,replace,0.05,prevalence_error,5,0.0004672837796783455,0.0017670720199361837,-0.0017268259297096179,0.002661393489066309
P1,c2st_xgb,oracle_target,dys,replace,0.05,false_positive_share,5,0.5358727182078347,0.01570635894730576,0.5163706977600996,0.5553747386555697
P1,c2st_xgb,oracle_target,dys,replace,0.05,prevalence_decision_error,5,0.0,0.0,0.0,0.0
P1,c2st_xgb,oracle_target,dys,replace,0.05,decision_regret,5,0.00022465873946797945,0.00028681246462523803,-0.00013146597209326926,0.0005807834510292282
P1,c2st_xgb,oracle_target,dys,replace,0.1,prevalence_absolute_error,5,0.005909715263377846,0.0004117432234397064,0.005398468526328394,0.006420962000427298
P1,c2st_xgb,oracle_target,dys,replace,0.1,prevalence_error,5,-0.00023358162947221704,0.0017993849587202382,-0.002467813151624503,0.002000649892680069
P1,c2st_xgb,oracle_target,dys,replace,0.1,false_positive_share,5,0.35368191525787224,0.014461818631368853,0.3357251957147491,0.37163863480099535
P1,c2st_xgb,oracle_target,dys,replace,0.1,prevalence_decision_error,5,0.504,0.1171750826754562,0.35850791835533646,0.6494920816446635
P1,c2st_xgb,oracle_target,dys,replace,0.1,decision_regret,5,0.0008640447649769977,0.00031941608027413965,0.00046743731765323495,0.0012606522123007604
P1,c2st_xgb,oracle_target,emq,replace,0.05,prevalence_absolute_error,5,0.007319523682410088,0.0019447014630028761,0.004904857888545227,0.009734189476274949
P1,c2st_xgb,oracle_target,emq,replace,0.05,prevalence_error,5,-0.0065409176817027345,0.002513762672953281,-0.009662166292737286,-0.0034196690706681824
P1,c2st_xgb,oracle_target,emq,replace,0.05,false_positive_share,5,0.5358727182078347,0.01570635894730576,0.5163706977600996,0.5553747386555697
P1,c2st_xgb,oracle_target,emq,replace,0.05,prevalence_decision_error,5,0.0,0.0,0.0,0.0
P1,c2st_xgb,oracle_target,emq,replace,0.05,decision_regret,5,0.00022465873946797945,0.00028681246462523803,-0.00013146597209326926,0.0005807834510292282
P1,c2st_xgb,oracle_target,emq,replace,0.1,prevalence_absolute_error,5,0.007060009758508257,0.0018832294625942439,0.0047216715344483625,0.009398347982568151
P1,c2st_xgb,oracle_target,emq,replace,0.1,prevalence_error,5,-0.004641599105914428,0.0031664510033683354,-0.008573267318873076,-0.0007099308929557797
P1,c2st_xgb,oracle_target,emq,replace,0.1,false_positive_share,5,0.35368191525787224,0.014461818631368853,0.3357251957147491,0.37163863480099535
P1,c2st_xgb,oracle_target,emq,replace,0.1,prevalence_decision_error,5,0.7120000000000001,0.14532721699667955,0.5315524266960769,0.8924475733039232
P1,c2st_xgb,oracle_target,emq,replace,0.1,decision_regret,5,0.0008331601303949137,0.0005591774604796904,0.00013884960911027407,0.0015274706516795534
P1,c2st_xgb,oracle_target,hdy,replace,0.05,prevalence_absolute_error,5,0.004703657214508137,0.00039501087298386125,0.004213186434625036,0.0051941279943912375
P1,c2st_xgb,oracle_target,hdy,replace,0.05,prevalence_error,5,0.00039493433361024636,0.002625425031838185,-0.002864961408406199,0.0036548300756266915
P1,c2st_xgb,oracle_target,hdy,replace,0.05,false_positive_share,5,0.5358727182078347,0.01570635894730576,0.5163706977600996,0.5553747386555697
P1,c2st_xgb,oracle_target,hdy,replace,0.05,prevalence_decision_error,5,0.0,0.0,0.0,0.0
P1,c2st_xgb,oracle_target,hdy,replace,0.05,decision_regret,5,0.00022465873946797945,0.00028681246462523803,-0.00013146597209326926,0.0005807834510292282
P1,c2st_xgb,oracle_target,hdy,replace,0.1,prevalence_absolute_error,5,0.00581073887506452,0.0006884631985706483,0.004955898907311137,0.006665578842817903
P1,c2st_xgb,oracle_target,hdy,replace,0.1,prevalence_error,5,-0.00029341265766539453,0.002885683497902995,-0.0038764619672222505,0.0032896366518914612
P1,c2st_xgb,oracle_target,hdy,replace,0.1,false_positive_share,5,0.35368191525787224,0.014461818631368853,0.3357251957147491,0.37163863480099535
P1,c2st_xgb,oracle_target,hdy,replace,0.1,prevalence_decision_error,5,0.514,0.1820164827701052,0.2879966862646846,0.7400033137353155
P1,c2st_xgb,oracle_target,hdy,replace,0.1,decision_regret,5,0.0007784067887018777,0.00039391169761328695,0.00028930081530413175,0.0012675127620996236
P1,c2st_xgb,oracle_target,kdey,replace,0.05,prevalence_absolute_error,5,0.0054409401970571215,0.0009588956476667562,0.0042503139933150295,0.0066315664007992135
P1,c2st_xgb,oracle_target,kdey,replace,0.05,prevalence_error,5,0.0020796025982584344,0.0031012473288481363,-0.0017711045594978859,0.005930309756014754
P1,c2st_xgb,oracle_target,kdey,replace,0.05,false_positive_share,5,0.5358727182078347,0.01570635894730576,0.5163706977600996,0.5553747386555697
P1,c2st_xgb,oracle_target,kdey,replace,0.05,prevalence_decision_error,5,0.0,0.0,0.0,0.0
P1,c2st_xgb,oracle_target,kdey,replace,0.05,decision_regret,5,0.00022465873946797945,0.00028681246462523803,-0.00013146597209326926,0.0005807834510292282
P1,c2st_xgb,oracle_target,kdey,replace,0.1,prevalence_absolute_error,5,0.006335568831800828,0.0012105523991425829,0.004832469499846289,0.007838668163755365
P1,c2st_xgb,oracle_target,kdey,replace,0.1,prevalence_error,5,0.002331119087385549,0.003216188262424147,-0.0016623060895120337,0.0063245442642831315
P1,c2st_xgb,oracle_target,kdey,replace,0.1,false_positive_share,5,0.35368191525787224,0.014461818631368853,0.3357251957147491,0.37163863480099535
P1,c2st_xgb,oracle_target,kdey,replace,0.1,prevalence_decision_error,5,0.366,0.17401149387324966,0.14993619278393103,0.582063807216069
P1,c2st_xgb,oracle_target,kdey,replace,0.1,decision_regret,5,0.0008764248192266897,0.000415216149776199,0.00036086587457680164,0.0013919837638765777
P1,c2st_xgb,oracle_target,median_sweep,replace,0.05,prevalence_absolute_error,5,0.008064950645203375,0.0006483703997207356,0.007259892462369154,0.008870008828037595
P1,c2st_xgb,oracle_target,median_sweep,replace,0.05,prevalence_error,5,3.442292815941002e-05,0.006193912896207511,-0.007656335723071466,0.007725181579390285
P1,c2st_xgb,oracle_target,median_sweep,replace,0.05,false_positive_share,5,0.5358727182078347,0.01570635894730576,0.5163706977600996,0.5553747386555697
P1,c2st_xgb,oracle_target,median_sweep,replace,0.05,prevalence_decision_error,5,0.0,0.0,0.0,0.0
P1,c2st_xgb,oracle_target,median_sweep,replace,0.05,decision_regret,5,0.00022465873946797945,0.00028681246462523803,-0.00013146597209326926,0.0005807834510292282
P1,c2st_xgb,oracle_target,median_sweep,replace,0.1,prevalence_absolute_error,5,0.008019028137327563,0.0014834552680496585,0.006177075138044588,0.009860981136610538
P1,c2st_xgb,oracle_target,median_sweep,replace,0.1,prevalence_error,5,-0.0008514582018856979,0.005862441316395181,-0.008130640526035876,0.006427724122264481
P1,c2st_xgb,oracle_target,median_sweep,replace,0.1,false_positive_share,5,0.35368191525787224,0.014461818631368853,0.3357251957147491,0.37163863480099535
P1,c2st_xgb,oracle_target,median_sweep,replace,0.1,prevalence_decision_error,5,0.524,0.24203305559365232,0.22347626849411178,0.8245237315058882
P1,c2st_xgb,oracle_target,median_sweep,replace,0.1,decision_regret,5,0.0006863230738873657,0.0004800721723813013,9.023474090203245e-05,0.001282411406872699
P1,c2st_xgb,oracle_target,pacc,replace,0.05,prevalence_absolute_error,5,0.0091099400821336,0.0008841027532383774,0.008012181522724681,0.01020769864154252
P1,c2st_xgb,oracle_target,pacc,replace,0.05,prevalence_error,5,0.00016999994439532602,0.007207853003102152,-0.0087797316339015,0.009119731522692152
P1,c2st_xgb,oracle_target,pacc,replace,0.05,false_positive_share,5,0.5358727182078347,0.01570635894730576,0.5163706977600996,0.5553747386555697
P1,c2st_xgb,oracle_target,pacc,replace,0.05,prevalence_decision_error,5,0.0,0.0,0.0,0.0
P1,c2st_xgb,oracle_target,pacc,replace,0.05,decision_regret,5,0.00022465873946797945,0.00028681246462523803,-0.00013146597209326926,0.0005807834510292282
P1,c2st_xgb,oracle_target,pacc,replace,0.1,prevalence_absolute_error,5,0.008650191666160673,0.0011703198444368362,0.007197047648940024,0.010103335683381322
P1,c2st_xgb,oracle_target,pacc,replace,0.1,prevalence_error,5,-0.0005549814367519512,0.006588772380706631,-0.00873602289423468,0.007626060020730778
P1,c2st_xgb,oracle_target,pacc,replace,0.1,false_positive_share,5,0.35368191525787224,0.014461818631368853,0.3357251957147491,0.37163863480099535
P1,c2st_xgb,oracle_target,pacc,replace,0.1,prevalence_decision_error,5,0.528,0.2811049626029395,0.1789620882195146,0.8770379117804854
P1,c2st_xgb,oracle_target,pacc,replace,0.1,decision_regret,5,0.0007576776824574377,0.0005114552191735036,0.00012262215011628265,0.0013927332147985927
P1,c2st_xgb,oracle_target,pcc,replace,0.05,prevalence_absolute_error,5,0.16500460188475657,0.0048556768625951634,0.15897548273756115,0.171033721031952
P1,c2st_xgb,oracle_target,pcc,replace,0.05,prevalence_error,5,0.16500460188475657,0.0048556768625951634,0.15897548273756115,0.171033721031952
P1,c2st_xgb,oracle_target,pcc,replace,0.05,false_positive_share,5,0.5358727182078347,0.01570635894730576,0.5163706977600996,0.5553747386555697
P1,c2st_xgb,oracle_target,pcc,replace,0.05,prevalence_decision_error,5,1.0,0.0,1.0,1.0
P1,c2st_xgb,oracle_target,pcc,replace,0.05,decision_regret,5,0.000709651178283348,0.00046639874861532433,0.00013054064332041209,0.001288761713246284
P1,c2st_xgb,oracle_target,pcc,replace,0.1,prevalence_absolute_error,5,0.146229894444795,0.004343476438734238,0.14083675612377242,0.1516230327658176
P1,c2st_xgb,oracle_target,pcc,replace,0.1,prevalence_error,5,0.146229894444795,0.004343476438734238,0.14083675612377242,0.1516230327658176
P1,c2st_xgb,oracle_target,pcc,replace,0.1,false_positive_share,5,0.35368191525787224,0.014461818631368853,0.3357251957147491,0.37163863480099535
P1,c2st_xgb,oracle_target,pcc,replace,0.1,prevalence_decision_error,5,0.0,0.0,0.0,0.0
P1,c2st_xgb,oracle_target,pcc,replace,0.1,decision_regret,5,0.0007377339910464961,0.0004979853203308955,0.00011940354715765417,0.001356064434935338
P1,c2st_xgb,source_only,acc,replace,0.05,prevalence_absolute_error,5,0.008451047411599376,0.0016202791111555811,0.006439205172235896,0.010462889650962856
P1,c2st_xgb,source_only,acc,replace,0.05,prevalence_error,5,-0.0021018315524879193,0.005166370688201448,-0.008516728037402862,0.004313064932427023
P1,c2st_xgb,source_only,acc,replace,0.05,false_positive_share,5,0.5358727182078347,0.01570635894730576,0.5163706977600996,0.5553747386555697
P1,c2st_xgb,source_only,acc,replace,0.05,prevalence_decision_error,5,0.0,0.0,0.0,0.0
P1,c2st_xgb,source_only,acc,replace,0.05,decision_regret,5,0.00022465873946797945,0.00028681246462523803,-0.00013146597209326926,0.0005807834510292282
P1,c2st_xgb,source_only,acc,replace,0.1,prevalence_absolute_error,5,0.009006722490576921,0.0018588593012968595,0.006698643818430407,0.011314801162723435
P1,c2st_xgb,source_only,acc,replace,0.1,prevalence_error,5,-0.0032139122540108577,0.004634195124251865,-0.008968025500445818,0.0025402009924241024
P1,c2st_xgb,source_only,acc,replace,0.1,false_positive_share,5,0.35368191525787224,0.014461818631368853,0.3357251957147491,0.37163863480099535
P1,c2st_xgb,source_only,acc,replace,0.1,prevalence_decision_error,5,0.618,0.13881642554107204,0.44563664204631737,0.7903633579536826
P1,c2st_xgb,source_only,acc,replace,0.1,decision_regret,5,0.0009649679497922177,0.00043389481752681116,0.00042621637586198464,0.0015037195237224508
P1,c2st_xgb,source_only,cc,replace,0.05,prevalence_absolute_error,5,0.03526799999999995,0.0037902598855487518,0.030561770756278146,0.03997422924372176
P1,c2st_xgb,source_only,cc,replace,0.05,prevalence_error,5,0.03526799999999995,0.0037902598855487518,0.030561770756278146,0.03997422924372176
P1,c2st_xgb,source_only,cc,replace,0.05,false_positive_share,5,0.5358727182078347,0.01570635894730576,0.5163706977600996,0.5553747386555697
P1,c2st_xgb,source_only,cc,replace,0.05,prevalence_decision_error,5,0.02,0.023452078799117145,-0.009119601927901524,0.049119601927901525
P1,c2st_xgb,source_only,cc,replace,0.05,decision_regret,5,0.00023487336161189546,0.0002804257079484671,-0.00011332114411851925,0.0005830678673423102
P1,c2st_xgb,source_only,cc,replace,0.1,prevalence_absolute_error,5,0.021545999999999926,0.003569086717915392,0.01711439351589715,0.025977606484102703
P1,c2st_xgb,source_only,cc,replace,0.1,prevalence_error,5,0.021545999999999926,0.003569086717915392,0.01711439351589715,0.025977606484102703
P1,c2st_xgb,source_only,cc,replace,0.1,false_positive_share,5,0.35368191525787224,0.014461818631368853,0.3357251957147491,0.37163863480099535
P1,c2st_xgb,source_only,cc,replace,0.1,prevalence_decision_error,5,0.0,0.0,0.0,0.0
P1,c2st_xgb,source_only,cc,replace,0.1,decision_regret,5,0.0007377339910464961,0.0004979853203308955,0.00011940354715765417,0.001356064434935338
P1,c2st_xgb,source_only,dys,replace,0.05,prevalence_absolute_error,5,0.004628364619369204,0.0003423356381487101,0.004203298782177839,0.005053430456560568
P1,c2st_xgb,source_only,dys,replace,0.05,prevalence_error,5,0.0004672837796783455,0.0017670720199361837,-0.0017268259297096179,0.002661393489066309
P1,c2st_xgb,source_only,dys,replace,0.05,false_positive_share,5,0.5358727182078347,0.01570635894730576,0.5163706977600996,0.5553747386555697
P1,c2st_xgb,source_only,dys,replace,0.05,prevalence_decision_error,5,0.0,0.0,0.0,0.0
P1,c2st_xgb,source_only,dys,replace,0.05,decision_regret,5,0.00022465873946797945,0.00028681246462523803,-0.00013146597209326926,0.0005807834510292282
P1,c2st_xgb,source_only,dys,replace,0.1,prevalence_absolute_error,5,0.005909715263377846,0.0004117432234397064,0.005398468526328394,0.006420962000427298
P1,c2st_xgb,source_only,dys,replace,0.1,prevalence_error,5,-0.00023358162947221704,0.0017993849587202382,-0.002467813151624503,0.002000649892680069
P1,c2st_xgb,source_only,dys,replace,0.1,false_positive_share,5,0.35368191525787224,0.014461818631368853,0.3357251957147491,0.37163863480099535
P1,c2st_xgb,source_only,dys,replace,0.1,prevalence_decision_error,5,0.504,0.1171750826754562,0.35850791835533646,0.6494920816446635
P1,c2st_xgb,source_only,dys,replace,0.1,decision_regret,5,0.0008640447649769977,0.00031941608027413965,0.00046743731765323495,0.0012606522123007604
P1,c2st_xgb,source_only,emq,replace,0.05,prevalence_absolute_error,5,0.007319523682410088,0.0019447014630028761,0.004904857888545227,0.009734189476274949
P1,c2st_xgb,source_only,emq,replace,0.05,prevalence_error,5,-0.0065409176817027345,0.002513762672953281,-0.009662166292737286,-0.0034196690706681824
P1,c2st_xgb,source_only,emq,replace,0.05,false_positive_share,5,0.5358727182078347,0.01570635894730576,0.5163706977600996,0.5553747386555697
P1,c2st_xgb,source_only,emq,replace,0.05,prevalence_decision_error,5,0.0,0.0,0.0,0.0
P1,c2st_xgb,source_only,emq,replace,0.05,decision_regret,5,0.00022465873946797945,0.00028681246462523803,-0.00013146597209326926,0.0005807834510292282
P1,c2st_xgb,source_only,emq,replace,0.1,prevalence_absolute_error,5,0.007060009758508257,0.0018832294625942439,0.0047216715344483625,0.009398347982568151
P1,c2st_xgb,source_only,emq,replace,0.1,prevalence_error,5,-0.004641599105914428,0.0031664510033683354,-0.008573267318873076,-0.0007099308929557797
P1,c2st_xgb,source_only,emq,replace,0.1,false_positive_share,5,0.35368191525787224,0.014461818631368853,0.3357251957147491,0.37163863480099535
P1,c2st_xgb,source_only,emq,replace,0.1,prevalence_decision_error,5,0.7120000000000001,0.14532721699667955,0.5315524266960769,0.8924475733039232
P1,c2st_xgb,source_only,emq,replace,0.1,decision_regret,5,0.0008331601303949137,0.0005591774604796904,0.00013884960911027407,0.0015274706516795534
P1,c2st_xgb,source_only,hdy,replace,0.05,prevalence_absolute_error,5,0.004703657214508137,0.00039501087298386125,0.004213186434625036,0.0051941279943912375
P1,c2st_xgb,source_only,hdy,replace,0.05,prevalence_error,5,0.00039493433361024636,0.002625425031838185,-0.002864961408406199,0.0036548300756266915
P1,c2st_xgb,source_only,hdy,replace,0.05,false_positive_share,5,0.5358727182078347,0.01570635894730576,0.5163706977600996,0.5553747386555697
P1,c2st_xgb,source_only,hdy,replace,0.05,prevalence_decision_error,5,0.0,0.0,0.0,0.0
P1,c2st_xgb,source_only,hdy,replace,0.05,decision_regret,5,0.00022465873946797945,0.00028681246462523803,-0.00013146597209326926,0.0005807834510292282
P1,c2st_xgb,source_only,hdy,replace,0.1,prevalence_absolute_error,5,0.00581073887506452,0.0006884631985706483,0.004955898907311137,0.006665578842817903
P1,c2st_xgb,source_only,hdy,replace,0.1,prevalence_error,5,-0.00029341265766539453,0.002885683497902995,-0.0038764619672222505,0.0032896366518914612
P1,c2st_xgb,source_only,hdy,replace,0.1,false_positive_share,5,0.35368191525787224,0.014461818631368853,0.3357251957147491,0.37163863480099535
P1,c2st_xgb,source_only,hdy,replace,0.1,prevalence_decision_error,5,0.514,0.1820164827701052,0.2879966862646846,0.7400033137353155
P1,c2st_xgb,source_only,hdy,replace,0.1,decision_regret,5,0.0007784067887018777,0.00039391169761328695,0.00028930081530413175,0.0012675127620996236
P1,c2st_xgb,source_only,kdey,replace,0.05,prevalence_absolute_error,5,0.0054409401970571215,0.0009588956476667562,0.0042503139933150295,0.0066315664007992135
P1,c2st_xgb,source_only,kdey,replace,0.05,prevalence_error,5,0.0020796025982584344,0.0031012473288481363,-0.0017711045594978859,0.005930309756014754
P1,c2st_xgb,source_only,kdey,replace,0.05,false_positive_share,5,0.5358727182078347,0.01570635894730576,0.5163706977600996,0.5553747386555697
P1,c2st_xgb,source_only,kdey,replace,0.05,prevalence_decision_error,5,0.0,0.0,0.0,0.0
P1,c2st_xgb,source_only,kdey,replace,0.05,decision_regret,5,0.00022465873946797945,0.00028681246462523803,-0.00013146597209326926,0.0005807834510292282
P1,c2st_xgb,source_only,kdey,replace,0.1,prevalence_absolute_error,5,0.006335568831800828,0.0012105523991425829,0.004832469499846289,0.007838668163755365
P1,c2st_xgb,source_only,kdey,replace,0.1,prevalence_error,5,0.002331119087385549,0.003216188262424147,-0.0016623060895120337,0.0063245442642831315
P1,c2st_xgb,source_only,kdey,replace,0.1,false_positive_share,5,0.35368191525787224,0.014461818631368853,0.3357251957147491,0.37163863480099535
P1,c2st_xgb,source_only,kdey,replace,0.1,prevalence_decision_error,5,0.366,0.17401149387324966,0.14993619278393103,0.582063807216069
P1,c2st_xgb,source_only,kdey,replace,0.1,decision_regret,5,0.0008764248192266897,0.000415216149776199,0.00036086587457680164,0.0013919837638765777
P1,c2st_xgb,source_only,median_sweep,replace,0.05,prevalence_absolute_error,5,0.008064950645203375,0.0006483703997207356,0.007259892462369154,0.008870008828037595
P1,c2st_xgb,source_only,median_sweep,replace,0.05,prevalence_error,5,3.442292815941002e-05,0.006193912896207511,-0.007656335723071466,0.007725181579390285
P1,c2st_xgb,source_only,median_sweep,replace,0.05,false_positive_share,5,0.5358727182078347,0.01570635894730576,0.5163706977600996,0.5553747386555697
P1,c2st_xgb,source_only,median_sweep,replace,0.05,prevalence_decision_error,5,0.0,0.0,0.0,0.0
P1,c2st_xgb,source_only,median_sweep,replace,0.05,decision_regret,5,0.00022465873946797945,0.00028681246462523803,-0.00013146597209326926,0.0005807834510292282
P1,c2st_xgb,source_only,median_sweep,replace,0.1,prevalence_absolute_error,5,0.008019028137327563,0.0014834552680496585,0.006177075138044588,0.009860981136610538
P1,c2st_xgb,source_only,median_sweep,replace,0.1,prevalence_error,5,-0.0008514582018856979,0.005862441316395181,-0.008130640526035876,0.006427724122264481
P1,c2st_xgb,source_only,median_sweep,replace,0.1,false_positive_share,5,0.35368191525787224,0.014461818631368853,0.3357251957147491,0.37163863480099535
P1,c2st_xgb,source_only,median_sweep,replace,0.1,prevalence_decision_error,5,0.524,0.24203305559365232,0.22347626849411178,0.8245237315058882
P1,c2st_xgb,source_only,median_sweep,replace,0.1,decision_regret,5,0.0006863230738873657,0.0004800721723813013,9.023474090203245e-05,0.001282411406872699
P1,c2st_xgb,source_only,pacc,replace,0.05,prevalence_absolute_error,5,0.0091099400821336,0.0008841027532383774,0.008012181522724681,0.01020769864154252
P1,c2st_xgb,source_only,pacc,replace,0.05,prevalence_error,5,0.00016999994439532602,0.007207853003102152,-0.0087797316339015,0.009119731522692152
P1,c2st_xgb,source_only,pacc,replace,0.05,false_positive_share,5,0.5358727182078347,0.01570635894730576,0.5163706977600996,0.5553747386555697
P1,c2st_xgb,source_only,pacc,replace,0.05,prevalence_decision_error,5,0.0,0.0,0.0,0.0
P1,c2st_xgb,source_only,pacc,replace,0.05,decision_regret,5,0.00022465873946797945,0.00028681246462523803,-0.00013146597209326926,0.0005807834510292282
P1,c2st_xgb,source_only,pacc,replace,0.1,prevalence_absolute_error,5,0.008650191666160673,0.0011703198444368362,0.007197047648940024,0.010103335683381322
P1,c2st_xgb,source_only,pacc,replace,0.1,prevalence_error,5,-0.0005549814367519512,0.006588772380706631,-0.00873602289423468,0.007626060020730778
P1,c2st_xgb,source_only,pacc,replace,0.1,false_positive_share,5,0.35368191525787224,0.014461818631368853,0.3357251957147491,0.37163863480099535
P1,c2st_xgb,source_only,pacc,replace,0.1,prevalence_decision_error,5,0.528,0.2811049626029395,0.1789620882195146,0.8770379117804854
P1,c2st_xgb,source_only,pacc,replace,0.1,decision_regret,5,0.0007576776824574377,0.0005114552191735036,0.00012262215011628265,0.0013927332147985927
P1,c2st_xgb,source_only,pcc,replace,0.05,prevalence_absolute_error,5,0.16500460188475657,0.0048556768625951634,0.15897548273756115,0.171033721031952
P1,c2st_xgb,source_only,pcc,replace,0.05,prevalence_error,5,0.16500460188475657,0.0048556768625951634,0.15897548273756115,0.171033721031952
P1,c2st_xgb,source_only,pcc,replace,0.05,false_positive_share,5,0.5358727182078347,0.01570635894730576,0.5163706977600996,0.5553747386555697
P1,c2st_xgb,source_only,pcc,replace,0.05,prevalence_decision_error,5,1.0,0.0,1.0,1.0
P1,c2st_xgb,source_only,pcc,replace,0.05,decision_regret,5,0.000709651178283348,0.00046639874861532433,0.00013054064332041209,0.001288761713246284
P1,c2st_xgb,source_only,pcc,replace,0.1,prevalence_absolute_error,5,0.146229894444795,0.004343476438734238,0.14083675612377242,0.1516230327658176
P1,c2st_xgb,source_only,pcc,replace,0.1,prevalence_error,5,0.146229894444795,0.004343476438734238,0.14083675612377242,0.1516230327658176
P1,c2st_xgb,source_only,pcc,replace,0.1,false_positive_share,5,0.35368191525787224,0.014461818631368853,0.3357251957147491,0.37163863480099535
P1,c2st_xgb,source_only,pcc,replace,0.1,prevalence_decision_error,5,0.0,0.0,0.0,0.0
P1,c2st_xgb,source_only,pcc,replace,0.1,decision_regret,5,0.0007377339910464961,0.0004979853203308955,0.00011940354715765417,0.001356064434935338
P1,c2st_xgb,target_real_anchor,acc,replace,0.05,prevalence_absolute_error,5,0.008438920202936165,0.0005117002304902559,0.0078035604488638464,0.009074279957008484
P1,c2st_xgb,target_real_anchor,acc,replace,0.05,prevalence_error,5,5.801423934582196e-05,0.005356714109450076,-0.006593224819028475,0.0067092532977201195
P1,c2st_xgb,target_real_anchor,acc,replace,0.05,false_positive_share,5,0.5326662763076144,0.05687977803601769,0.46204070369447003,0.6032918489207588
P1,c2st_xgb,target_real_anchor,acc,replace,0.05,prevalence_decision_error,5,0.0,0.0,0.0,0.0
P1,c2st_xgb,target_real_anchor,acc,replace,0.05,decision_regret,5,0.000201606538124356,0.00027526051934290813,-0.00014017453887060386,0.0005433876151193159
P1,c2st_xgb,target_real_anchor,acc,replace,0.1,prevalence_absolute_error,5,0.008789670705740094,0.0005534427480095155,0.008102480770469721,0.009476860641010467
P1,c2st_xgb,target_real_anchor,acc,replace,0.1,prevalence_error,5,-0.0010323858457332161,0.004634864938326678,-0.006787330776190362,0.00472255908472393
P1,c2st_xgb,target_real_anchor,acc,replace,0.1,false_positive_share,5,0.3523702299946526,0.05292222121906627,0.28665861320196273,0.4180818467873425
P1,c2st_xgb,target_real_anchor,acc,replace,0.1,prevalence_decision_error,5,0.53,0.1823458252881047,0.30358775351700695,0.7564122464829931
P1,c2st_xgb,target_real_anchor,acc,replace,0.1,decision_regret,5,0.0006996263966371952,0.000500954917547247,7.760871079564343e-05,0.0013216440824787468
P1,c2st_xgb,target_real_anchor,cc,replace,0.05,prevalence_absolute_error,5,0.03640999999999995,0.013306842224960818,0.019887373079488426,0.05293262692051147
P1,c2st_xgb,target_real_anchor,cc,replace,0.05,prevalence_error,5,0.03640999999999995,0.013306842224960818,0.019887373079488426,0.05293262692051147
P1,c2st_xgb,target_real_anchor,cc,replace,0.05,false_positive_share,5,0.5326662763076144,0.05687977803601769,0.46204070369447003,0.6032918489207588
P1,c2st_xgb,target_real_anchor,cc,replace,0.05,prevalence_decision_error,5,0.20400000000000001,0.3639780213144744,-0.24793840520362515,0.6559384052036252
P1,c2st_xgb,target_real_anchor,cc,replace,0.05,decision_regret,5,0.000533578779504599,0.0006970703345460639,-0.00033194835911710204,0.0013991059181263001
P1,c2st_xgb,target_real_anchor,cc,replace,0.1,prevalence_absolute_error,5,0.02282599999999993,0.013562486129025175,0.005985949247451442,0.03966605075254842
P1,c2st_xgb,target_real_anchor,cc,replace,0.1,prevalence_error,5,0.022733999999999928,0.013656695427518338,0.0057769729532164416,0.039691027046783414
P1,c2st_xgb,target_real_anchor,cc,replace,0.1,false_positive_share,5,0.3523702299946526,0.05292222121906627,0.28665861320196273,0.4180818467873425
P1,c2st_xgb,target_real_anchor,cc,replace,0.1,prevalence_decision_error,5,0.014000000000000002,0.021908902300206645,-0.013203495226330225,0.041203495226330225
P1,c2st_xgb,target_real_anchor,cc,replace,0.1,decision_regret,5,0.0008235454627026608,0.0007125343143649162,-6.118274292905878e-05,0.0017082736683343802
P1,c2st_xgb,target_real_anchor,dys,replace,0.05,prevalence_absolute_error,5,0.004628364619369204,0.0003423356381487101,0.004203298782177839,0.005053430456560568
P1,c2st_xgb,target_real_anchor,dys,replace,0.05,prevalence_error,5,0.0004672837796783455,0.0017670720199361837,-0.0017268259297096179,0.002661393489066309
P1,c2st_xgb,target_real_anchor,dys,replace,0.05,false_positive_share,5,0.5326662763076144,0.05687977803601769,0.46204070369447003,0.6032918489207588
P1,c2st_xgb,target_real_anchor,dys,replace,0.05,prevalence_decision_error,5,0.0,0.0,0.0,0.0
P1,c2st_xgb,target_real_anchor,dys,replace,0.05,decision_regret,5,0.000201606538124356,0.00027526051934290813,-0.00014017453887060386,0.0005433876151193159
P1,c2st_xgb,target_real_anchor,dys,replace,0.1,prevalence_absolute_error,5,0.005909715263377846,0.0004117432234397064,0.005398468526328394,0.006420962000427298
P1,c2st_xgb,target_real_anchor,dys,replace,0.1,prevalence_error,5,-0.00023358162947221704,0.0017993849587202382,-0.002467813151624503,0.002000649892680069
P1,c2st_xgb,target_real_anchor,dys,replace,0.1,false_positive_share,5,0.3523702299946526,0.05292222121906627,0.28665861320196273,0.4180818467873425
P1,c2st_xgb,target_real_anchor,dys,replace,0.1,prevalence_decision_error,5,0.504,0.1171750826754562,0.35850791835533646,0.6494920816446635
P1,c2st_xgb,target_real_anchor,dys,replace,0.1,decision_regret,5,0.0007553557550352832,0.0004489665748011983,0.000197890122707778,0.0013128213873627884
P1,c2st_xgb,target_real_anchor,emq,replace,0.05,prevalence_absolute_error,5,0.007319523682410088,0.0019447014630028761,0.004904857888545227,0.009734189476274949
P1,c2st_xgb,target_real_anchor,emq,replace,0.05,prevalence_error,5,-0.0065409176817027345,0.002513762672953281,-0.009662166292737286,-0.0034196690706681824
P1,c2st_xgb,target_real_anchor,emq,replace,0.05,false_positive_share,5,0.5326662763076144,0.05687977803601769,0.46204070369447003,0.6032918489207588
P1,c2st_xgb,target_real_anchor,emq,replace,0.05,prevalence_decision_error,5,0.0,0.0,0.0,0.0
P1,c2st_xgb,target_real_anchor,emq,replace,0.05,decision_regret,5,0.000201606538124356,0.00027526051934290813,-0.00014017453887060386,0.0005433876151193159
P1,c2st_xgb,target_real_anchor,emq,replace,0.1,prevalence_absolute_error,5,0.007060009758508257,0.0018832294625942439,0.0047216715344483625,0.009398347982568151
P1,c2st_xgb,target_real_anchor,emq,replace,0.1,prevalence_error,5,-0.004641599105914428,0.0031664510033683354,-0.008573267318873076,-0.0007099308929557797
P1,c2st_xgb,target_real_anchor,emq,replace,0.1,false_positive_share,5,0.3523702299946526,0.05292222121906627,0.28665861320196273,0.4180818467873425
P1,c2st_xgb,target_real_anchor,emq,replace,0.1,prevalence_decision_error,5,0.7120000000000001,0.14532721699667955,0.5315524266960769,0.8924475733039232
P1,c2st_xgb,target_real_anchor,emq,replace,0.1,decision_regret,5,0.0007367753722100593,0.0005531045340264768,5.000538506611419e-05,0.0014235453593540045
P1,c2st_xgb,target_real_anchor,hdy,replace,0.05,prevalence_absolute_error,5,0.004703657214508137,0.00039501087298386125,0.004213186434625036,0.0051941279943912375
P1,c2st_xgb,target_real_anchor,hdy,replace,0.05,prevalence_error,5,0.00039493433361024636,0.002625425031838185,-0.002864961408406199,0.0036548300756266915
P1,c2st_xgb,target_real_anchor,hdy,replace,0.05,false_positive_share,5,0.5326662763076144,0.05687977803601769,0.46204070369447003,0.6032918489207588
P1,c2st_xgb,target_real_anchor,hdy,replace,0.05,prevalence_decision_error,5,0.0,0.0,0.0,0.0
P1,c2st_xgb,target_real_anchor,hdy,replace,0.05,decision_regret,5,0.000201606538124356,0.00027526051934290813,-0.00014017453887060386,0.0005433876151193159
P1,c2st_xgb,target_real_anchor,hdy,replace,0.1,prevalence_absolute_error,5,0.00581073887506452,0.0006884631985706483,0.004955898907311137,0.006665578842817903
P1,c2st_xgb,target_real_anchor,hdy,replace,0.1,prevalence_error,5,-0.00029341265766539453,0.002885683497902995,-0.0038764619672222505,0.0032896366518914612
P1,c2st_xgb,target_real_anchor,hdy,replace,0.1,false_positive_share,5,0.3523702299946526,0.05292222121906627,0.28665861320196273,0.4180818467873425
P1,c2st_xgb,target_real_anchor,hdy,replace,0.1,prevalence_decision_error,5,0.514,0.1820164827701052,0.2879966862646846,0.7400033137353155
P1,c2st_xgb,target_real_anchor,hdy,replace,0.1,decision_regret,5,0.0006738574503632272,0.0005093866273100075,4.137041406595263e-05,0.001306344486660502
P1,c2st_xgb,target_real_anchor,kdey,replace,0.05,prevalence_absolute_error,5,0.0054409401970571215,0.0009588956476667562,0.0042503139933150295,0.0066315664007992135
P1,c2st_xgb,target_real_anchor,kdey,replace,0.05,prevalence_error,5,0.0020796025982584344,0.0031012473288481363,-0.0017711045594978859,0.005930309756014754
P1,c2st_xgb,target_real_anchor,kdey,replace,0.05,false_positive_share,5,0.5326662763076144,0.05687977803601769,0.46204070369447003,0.6032918489207588
P1,c2st_xgb,target_real_anchor,kdey,replace,0.05,prevalence_decision_error,5,0.0,0.0,0.0,0.0
P1,c2st_xgb,target_real_anchor,kdey,replace,0.05,decision_regret,5,0.000201606538124356,0.00027526051934290813,-0.00014017453887060386,0.0005433876151193159
P1,c2st_xgb,target_real_anchor,kdey,replace,0.1,prevalence_absolute_error,5,0.006335568831800828,0.0012105523991425829,0.004832469499846289,0.007838668163755365
P1,c2st_xgb,target_real_anchor,kdey,replace,0.1,prevalence_error,5,0.002331119087385549,0.003216188262424147,-0.0016623060895120337,0.0063245442642831315
P1,c2st_xgb,target_real_anchor,kdey,replace,0.1,false_positive_share,5,0.3523702299946526,0.05292222121906627,0.28665861320196273,0.4180818467873425
P1,c2st_xgb,target_real_anchor,kdey,replace,0.1,prevalence_decision_error,5,0.366,0.17401149387324966,0.14993619278393103,0.582063807216069
P1,c2st_xgb,target_real_anchor,kdey,replace,0.1,decision_regret,5,0.0007730872010155633,0.000549041834358394,9.136172178499102e-05,0.0014548126802461357
P1,c2st_xgb,target_real_anchor,median_sweep,replace,0.05,prevalence_absolute_error,5,0.008064950645203375,0.0006483703997207356,0.007259892462369154,0.008870008828037595
P1,c2st_xgb,target_real_anchor,median_sweep,replace,0.05,prevalence_error,5,3.442292815941002e-05,0.006193912896207511,-0.007656335723071466,0.007725181579390285
P1,c2st_xgb,target_real_anchor,median_sweep,replace,0.05,false_positive_share,5,0.5326662763076144,0.05687977803601769,0.46204070369447003,0.6032918489207588
P1,c2st_xgb,target_real_anchor,median_sweep,replace,0.05,prevalence_decision_error,5,0.0,0.0,0.0,0.0
P1,c2st_xgb,target_real_anchor,median_sweep,replace,0.05,decision_regret,5,0.000201606538124356,0.00027526051934290813,-0.00014017453887060386,0.0005433876151193159
P1,c2st_xgb,target_real_anchor,median_sweep,replace,0.1,prevalence_absolute_error,5,0.008019028137327563,0.0014834552680496585,0.006177075138044588,0.009860981136610538
P1,c2st_xgb,target_real_anchor,median_sweep,replace,0.1,prevalence_error,5,-0.0008514582018856979,0.005862441316395181,-0.008130640526035876,0.006427724122264481
P1,c2st_xgb,target_real_anchor,median_sweep,replace,0.1,false_positive_share,5,0.3523702299946526,0.05292222121906627,0.28665861320196273,0.4180818467873425
P1,c2st_xgb,target_real_anchor,median_sweep,replace,0.1,prevalence_decision_error,5,0.524,0.24203305559365232,0.22347626849411178,0.8245237315058882
P1,c2st_xgb,target_real_anchor,median_sweep,replace,0.1,decision_regret,5,0.0007090957459208272,0.0004956472839711772,9.366835760633895e-05,0.0013245231342353155
P1,c2st_xgb,target_real_anchor,pacc,replace,0.05,prevalence_absolute_error,5,0.0091099400821336,0.0008841027532383774,0.008012181522724681,0.01020769864154252
P1,c2st_xgb,target_real_anchor,pacc,replace,0.05,prevalence_error,5,0.00016999994439532602,0.007207853003102152,-0.0087797316339015,0.009119731522692152
P1,c2st_xgb,target_real_anchor,pacc,replace,0.05,false_positive_share,5,0.5326662763076144,0.05687977803601769,0.46204070369447003,0.6032918489207588
P1,c2st_xgb,target_real_anchor,pacc,replace,0.05,prevalence_decision_error,5,0.0,0.0,0.0,0.0
P1,c2st_xgb,target_real_anchor,pacc,replace,0.05,decision_regret,5,0.000201606538124356,0.00027526051934290813,-0.00014017453887060386,0.0005433876151193159
P1,c2st_xgb,target_real_anchor,pacc,replace,0.1,prevalence_absolute_error,5,0.008650191666160673,0.0011703198444368362,0.007197047648940024,0.010103335683381322
P1,c2st_xgb,target_real_anchor,pacc,replace,0.1,prevalence_error,5,-0.0005549814367519512,0.006588772380706631,-0.00873602289423468,0.007626060020730778
P1,c2st_xgb,target_real_anchor,pacc,replace,0.1,false_positive_share,5,0.3523702299946526,0.05292222121906627,0.28665861320196273,0.4180818467873425
P1,c2st_xgb,target_real_anchor,pacc,replace,0.1,prevalence_decision_error,5,0.528,0.2811049626029395,0.1789620882195146,0.8770379117804854
P1,c2st_xgb,target_real_anchor,pacc,replace,0.1,decision_regret,5,0.0007007262575246233,0.0005566868075681146,9.508290292308723e-06,0.0013919442247569379
P1,c2st_xgb,target_real_anchor,pcc,replace,0.05,prevalence_absolute_error,5,0.16500460188475657,0.0048556768625951634,0.15897548273756115,0.171033721031952
P1,c2st_xgb,target_real_anchor,pcc,replace,0.05,prevalence_error,5,0.16500460188475657,0.0048556768625951634,0.15897548273756115,0.171033721031952
P1,c2st_xgb,target_real_anchor,pcc,replace,0.05,false_positive_share,5,0.5326662763076144,0.05687977803601769,0.46204070369447003,0.6032918489207588
P1,c2st_xgb,target_real_anchor,pcc,replace,0.05,prevalence_decision_error,5,1.0,0.0,1.0,1.0
P1,c2st_xgb,target_real_anchor,pcc,replace,0.05,decision_regret,5,0.0007529105240155053,0.000674874509230889,-8.505685740192335e-05,0.001590877905432934
P1,c2st_xgb,target_real_anchor,pcc,replace,0.1,prevalence_absolute_error,5,0.146229894444795,0.004343476438734238,0.14083675612377242,0.1516230327658176
P1,c2st_xgb,target_real_anchor,pcc,replace,0.1,prevalence_error,5,0.146229894444795,0.004343476438734238,0.14083675612377242,0.1516230327658176
P1,c2st_xgb,target_real_anchor,pcc,replace,0.1,false_positive_share,5,0.3523702299946526,0.05292222121906627,0.28665861320196273,0.4180818467873425
P1,c2st_xgb,target_real_anchor,pcc,replace,0.1,prevalence_decision_error,5,0.0,0.0,0.0,0.0
P1,c2st_xgb,target_real_anchor,pcc,replace,0.1,decision_regret,5,0.0007323726123421927,0.0005200284718371125,8.667198082113001e-05,0.0013780732438632554
P1,char3gram,oracle_target,acc,replace,0.05,prevalence_absolute_error,5,0.010918946684722732,0.0017281383704018975,0.008773179486280175,0.01306471388316529
P1,char3gram,oracle_target,acc,replace,0.05,prevalence_error,5,0.0013382979890644146,0.006509508954331477,-0.006744324925514012,0.00942092090364284
P1,char3gram,oracle_target,acc,replace,0.05,false_positive_share,5,0.5874623825808996,0.016108811209473353,0.5674606516482352,0.6074641135135639
P1,char3gram,oracle_target,acc,replace,0.05,prevalence_decision_error,5,0.0,0.0,0.0,0.0
P1,char3gram,oracle_target,acc,replace,0.05,decision_regret,5,0.00050084135929938,0.0003844574461170507,2.3474389614474634e-05,0.0009782083289842853
P1,char3gram,oracle_target,acc,replace,0.1,prevalence_absolute_error,5,0.011036868792151641,0.001761072551479692,0.008850208406754462,0.01322352917754882
P1,char3gram,oracle_target,acc,replace,0.1,prevalence_error,5,0.0011036351359732352,0.006339995274136328,-0.006768508744703848,0.008975779016650318
P1,char3gram,oracle_target,acc,replace,0.1,false_positive_share,5,0.40297675649837733,0.01598609753198932,0.38312739472113216,0.4228261182756225
P1,char3gram,oracle_target,acc,replace,0.1,prevalence_decision_error,5,0.4779999999999999,0.1712308383440319,0.2653888326459669,0.6906111673540329
P1,char3gram,oracle_target,acc,replace,0.1,decision_regret,5,0.000945438680724832,0.0003373059347981221,0.0005266180451055375,0.0013642593163441265
P1,char3gram,oracle_target,cc,replace,0.05,prevalence_absolute_error,5,0.031129999999999942,0.004155135376855975,0.02597071799489505,0.03628928200510484
P1,char3gram,oracle_target,cc,replace,0.05,prevalence_error,5,0.031129999999999942,0.004155135376855975,0.02597071799489505,0.03628928200510484
P1,char3gram,oracle_target,cc,replace,0.05,false_positive_share,5,0.5874623825808996,0.016108811209473353,0.5674606516482352,0.6074641135135639
P1,char3gram,oracle_target,cc,replace,0.05,prevalence_decision_error,5,0.022,0.0438178046004133,-0.03240699045266046,0.07640699045266046
P1,char3gram,oracle_target,cc,replace,0.05,decision_regret,5,0.00050084135929938,0.0003844574461170507,2.3474389614474634e-05,0.0009782083289842853
P1,char3gram,oracle_target,cc,replace,0.1,prevalence_absolute_error,5,0.011989999999999923,0.003733818420866228,0.007353852090980297,0.016626147909019548
P1,char3gram,oracle_target,cc,replace,0.1,prevalence_error,5,0.011457999999999923,0.004103062271036106,0.006363375295666215,0.01655262470433363
P1,char3gram,oracle_target,cc,replace,0.1,false_positive_share,5,0.40297675649837733,0.01598609753198932,0.38312739472113216,0.4228261182756225
P1,char3gram,oracle_target,cc,replace,0.1,prevalence_decision_error,5,0.078,0.06058052492344384,0.0027793432102739546,0.15322065678972605
P1,char3gram,oracle_target,cc,replace,0.1,decision_regret,5,0.0006741648019522718,0.0005545141066446487,-1.4355400764511062e-05,0.0013626850046690548
P1,char3gram,oracle_target,dys,replace,0.05,prevalence_absolute_error,5,0.009045572818422215,0.0011235784784251553,0.007650465872605135,0.010440679764239295
P1,char3gram,oracle_target,dys,replace,0.05,prevalence_error,5,0.0013306526636672267,0.0028461896266000525,-0.002203358527743073,0.004864663855077526
P1,char3gram,oracle_target,dys,replace,0.05,false_positive_share,5,0.5874623825808996,0.016108811209473353,0.5674606516482352,0.6074641135135639
P1,char3gram,oracle_target,dys,replace,0.05,prevalence_decision_error,5,0.002,0.00447213595499958,-0.0035528902103955868,0.007552890210395587
P1,char3gram,oracle_target,dys,replace,0.05,decision_regret,5,0.00050084135929938,0.0003844574461170507,2.3474389614474634e-05,0.0009782083289842853
P1,char3gram,oracle_target,dys,replace,0.1,prevalence_absolute_error,5,0.010441267504889145,0.000903193409008659,0.009319804765508165,0.011562730244270125
P1,char3gram,oracle_target,dys,replace,0.1,prevalence_error,5,-0.0005855086207217318,0.0035489863318743475,-0.0049921571791273454,0.0038211399376838814
P1,char3gram,oracle_target,dys,replace,0.1,false_positive_share,5,0.40297675649837733,0.01598609753198932,0.38312739472113216,0.4228261182756225
P1,char3gram,oracle_target,dys,replace,0.1,prevalence_decision_error,5,0.504,0.13722244714331544,0.33361582763672626,0.6743841723632737
P1,char3gram,oracle_target,dys,replace,0.1,decision_regret,5,0.0007502125035807241,0.0004946730512942815,0.00013599478490701087,0.0013644302222544373
P1,char3gram,oracle_target,emq,replace,0.05,prevalence_absolute_error,5,0.016908270216018623,0.0036870003710087994,0.012330254593973074,0.02148628583806417
P1,char3gram,oracle_target,emq,replace,0.05,prevalence_error,5,-0.016155387927949134,0.004347651538656492,-0.0215537103202341,-0.010757065535664169
P1,char3gram,oracle_target,emq,replace,0.05,false_positive_share,5,0.5874623825808996,0.016108811209473353,0.5674606516482352,0.6074641135135639
P1,char3gram,oracle_target,emq,replace,0.05,prevalence_decision_error,5,0.0,0.0,0.0,0.0
P1,char3gram,oracle_target,emq,replace,0.05,decision_regret,5,0.00050084135929938,0.0003844574461170507,2.3474389614474634e-05,0.0009782083289842853
P1,char3gram,oracle_target,emq,replace,0.1,prevalence_absolute_error,5,0.014570439276682574,0.0030742795459993656,0.01075321704400095,0.0183876615093642
P1,char3gram,oracle_target,emq,replace,0.1,prevalence_error,5,-0.012560518218993599,0.0043769942594227545,-0.01799527441126338,-0.007125762026723818
P1,char3gram,oracle_target,emq,replace,0.1,false_positive_share,5,0.40297675649837733,0.01598609753198932,0.38312739472113216,0.4228261182756225
P1,char3gram,oracle_target,emq,replace,0.1,prevalence_decision_error,5,0.834,0.09396807968666811,0.7173232184727217,0.9506767815272782
P1,char3gram,oracle_target,emq,replace,0.1,decision_regret,5,0.0007529853214071241,0.0004394157906671308,0.0002073785538935063,0.0012985920889207418
P1,char3gram,oracle_target,hdy,replace,0.05,prevalence_absolute_error,5,0.0075261614451062695,0.0006461111024109749,0.006723908550402817,0.008328414339809723
P1,char3gram,oracle_target,hdy,replace,0.05,prevalence_error,5,0.0007235980432908095,0.003529704732465372,-0.003659109247300892,0.00510630533388251
P1,char3gram,oracle_target,hdy,replace,0.05,false_positive_share,5,0.5874623825808996,0.016108811209473353,0.5674606516482352,0.6074641135135639
P1,char3gram,oracle_target,hdy,replace,0.05,prevalence_decision_error,5,0.0,0.0,0.0,0.0
P1,char3gram,oracle_target,hdy,replace,0.05,decision_regret,5,0.00050084135929938,0.0003844574461170507,2.3474389614474634e-05,0.0009782083289842853
P1,char3gram,oracle_target,hdy,replace,0.1,prevalence_absolute_error,5,0.009108280601031023,0.0006440816805310474,0.008308547566413044,0.009908013635649002
P1,char3gram,oracle_target,hdy,replace,0.1,prevalence_error,5,-0.00044478979015510304,0.0036995203738610337,-0.0050383510489996775,0.004148771468689472
P1,char3gram,oracle_target,hdy,replace,0.1,false_positive_share,5,0.40297675649837733,0.01598609753198932,0.38312739472113216,0.4228261182756225
P1,char3gram,oracle_target,hdy,replace,0.1,prevalence_decision_error,5,0.52,0.1365650028374766,0.3504321525621104,0.6895678474378897
P1,char3gram,oracle_target,hdy,replace,0.1,decision_regret,5,0.0008838427631481201,0.00047975034502346903,0.00028815403160664427,0.001479531494689596
P1,char3gram,oracle_target,kdey,replace,0.05,prevalence_absolute_error,5,0.008980431033986516,0.001674940653829715,0.006900717524998285,0.011060144542974746
P1,char3gram,oracle_target,kdey,replace,0.05,prevalence_error,5,-0.003614695883308875,0.004586746351273254,-0.00930989369657735,0.002080501929959599
P1,char3gram,oracle_target,kdey,replace,0.05,false_positive_share,5,0.5874623825808996,0.016108811209473353,0.5674606516482352,0.6074641135135639
P1,char3gram,oracle_target,kdey,replace,0.05,prevalence_decision_error,5,0.0,0.0,0.0,0.0
P1,char3gram,oracle_target,kdey,replace,0.05,decision_regret,5,0.00050084135929938,0.0003844574461170507,2.3474389614474634e-05,0.0009782083289842853
P1,char3gram,oracle_target,kdey,replace,0.1,prevalence_absolute_error,5,0.009537255080143546,0.0009502368001490617,0.00835738025563011,0.010717129904656982
P1,char3gram,oracle_target,kdey,replace,0.1,prevalence_error,5,-0.002353389967261523,0.004213606858746325,-0.0075852739063512874,0.0028784939718282418
P1,char3gram,oracle_target,kdey,replace,0.1,false_positive_share,5,0.40297675649837733,0.01598609753198932,0.38312739472113216,0.4228261182756225
P1,char3gram,oracle_target,kdey,replace,0.1,prevalence_decision_error,5,0.584,0.14993331851193048,0.3978331962725179,0.770166803727482
P1,char3gram,oracle_target,kdey,replace,0.1,decision_regret,5,0.0008931398513957881,0.0005112476292090731,0.0002583420760398549,0.0015279376267517213
P1,char3gram,oracle_target,median_sweep,replace,0.05,prevalence_absolute_error,5,0.010898853072546264,0.0015013930388959305,0.009034627388995443,0.012763078756097085
P1,char3gram,oracle_target,median_sweep,replace,0.05,prevalence_error,5,-0.001892500503733048,0.0062185793383697195,-0.009613886588160512,0.005828885580694415
P1,char3gram,oracle_target,median_sweep,replace,0.05,false_positive_share,5,0.5874623825808996,0.016108811209473353,0.5674606516482352,0.6074641135135639
P1,char3gram,oracle_target,median_sweep,replace,0.05,prevalence_decision_error,5,0.0,0.0,0.0,0.0
P1,char3gram,oracle_target,median_sweep,replace,0.05,decision_regret,5,0.00050084135929938,0.0003844574461170507,2.3474389614474634e-05,0.0009782083289842853
P1,char3gram,oracle_target,median_sweep,replace,0.1,prevalence_absolute_error,5,0.011288920340893424,0.0006670482248394172,0.01046067057504459,0.012117170106742257
P1,char3gram,oracle_target,median_sweep,replace,0.1,prevalence_error,5,-0.0027298979567564946,0.005662474844740883,-0.009760789112205698,0.0043009931986927085
P1,char3gram,oracle_target,median_sweep,replace,0.1,false_positive_share,5,0.40297675649837733,0.01598609753198932,0.38312739472113216,0.4228261182756225
P1,char3gram,oracle_target,median_sweep,replace,0.1,prevalence_decision_error,5,0.59,0.1896048522585854,0.35457448106577083,0.8254255189342291
P1,char3gram,oracle_target,median_sweep,replace,0.1,decision_regret,5,0.0008414742409922321,0.0005170272386954796,0.000199500132613351,0.0014834483493711133
P1,char3gram,oracle_target,pacc,replace,0.05,prevalence_absolute_error,5,0.011431913154892026,0.0010000142579855023,0.010190231453060977,0.012673594856723076
P1,char3gram,oracle_target,pacc,replace,0.05,prevalence_error,5,-0.0015239925231017102,0.00584548220568943,-0.008782117330047006,0.005734132283843585
P1,char3gram,oracle_target,pacc,replace,0.05,false_positive_share,5,0.5874623825808996,0.016108811209473353,0.5674606516482352,0.6074641135135639
P1,char3gram,oracle_target,pacc,replace,0.05,prevalence_decision_error,5,0.0,0.0,0.0,0.0
P1,char3gram,oracle_target,pacc,replace,0.05,decision_regret,5,0.00050084135929938,0.0003844574461170507,2.3474389614474634e-05,0.0009782083289842853
P1,char3gram,oracle_target,pacc,replace,0.1,prevalence_absolute_error,5,0.011673132827121718,0.0007125266434557726,0.010788414146181716,0.01255785150806172
P1,char3gram,oracle_target,pacc,replace,0.1,prevalence_error,5,-0.0022349594381586694,0.005384841596251872,-0.00892112338425471,0.0044512045079373695
P1,char3gram,oracle_target,pacc,replace,0.1,false_positive_share,5,0.40297675649837733,0.01598609753198932,0.38312739472113216,0.4228261182756225
P1,char3gram,oracle_target,pacc,replace,0.1,prevalence_decision_error,5,0.5740000000000001,0.16964669168598603,0.36335581051913735,0.7846441894808628
P1,char3gram,oracle_target,pacc,replace,0.1,decision_regret,5,0.000866853440174236,0.0003085998109729763,0.00048367616503660444,0.0012500307153118675
P1,char3gram,oracle_target,pcc,replace,0.05,prevalence_absolute_error,5,0.22352902609907038,0.003511843390802293,0.21916849659338133,0.22788955560475943
P1,char3gram,oracle_target,pcc,replace,0.05,prevalence_error,5,0.22352902609907038,0.003511843390802293,0.21916849659338133,0.22788955560475943
P1,char3gram,oracle_target,pcc,replace,0.05,false_positive_share,5,0.5874623825808996,0.016108811209473353,0.5674606516482352,0.6074641135135639
P1,char3gram,oracle_target,pcc,replace,0.05,prevalence_decision_error,5,1.0,0.0,1.0,1.0
P1,char3gram,oracle_target,pcc,replace,0.05,decision_regret,5,0.0006525198265940719,0.0006352464398720168,-0.00013624280778212338,0.001441282460970267
P1,char3gram,oracle_target,pcc,replace,0.1,prevalence_absolute_error,5,0.1982406292361826,0.0034962493343045345,0.1938994623090328,0.2025817961633324
P1,char3gram,oracle_target,pcc,replace,0.1,prevalence_error,5,0.1982406292361826,0.0034962493343045345,0.1938994623090328,0.2025817961633324
P1,char3gram,oracle_target,pcc,replace,0.1,false_positive_share,5,0.40297675649837733,0.01598609753198932,0.38312739472113216,0.4228261182756225
P1,char3gram,oracle_target,pcc,replace,0.1,prevalence_decision_error,5,0.0,0.0,0.0,0.0
P1,char3gram,oracle_target,pcc,replace,0.1,decision_regret,5,0.0006656365796909719,0.0005391213779392182,-3.7710259581602784e-06,0.001335044185340104
P1,char3gram,source_only,acc,replace,0.05,prevalence_absolute_error,5,0.010918946684722732,0.0017281383704018975,0.008773179486280175,0.01306471388316529
P1,char3gram,source_only,acc,replace,0.05,prevalence_error,5,0.0013382979890644146,0.006509508954331477,-0.006744324925514012,0.00942092090364284
P1,char3gram,source_only,acc,replace,0.05,false_positive_share,5,0.5874623825808996,0.016108811209473353,0.5674606516482352,0.6074641135135639
P1,char3gram,source_only,acc,replace,0.05,prevalence_decision_error,5,0.0,0.0,0.0,0.0
P1,char3gram,source_only,acc,replace,0.05,decision_regret,5,0.00050084135929938,0.0003844574461170507,2.3474389614474634e-05,0.0009782083289842853
P1,char3gram,source_only,acc,replace,0.1,prevalence_absolute_error,5,0.011036868792151641,0.001761072551479692,0.008850208406754462,0.01322352917754882
P1,char3gram,source_only,acc,replace,0.1,prevalence_error,5,0.0011036351359732352,0.006339995274136328,-0.006768508744703848,0.008975779016650318
P1,char3gram,source_only,acc,replace,0.1,false_positive_share,5,0.40297675649837733,0.01598609753198932,0.38312739472113216,0.4228261182756225
P1,char3gram,source_only,acc,replace,0.1,prevalence_decision_error,5,0.4779999999999999,0.1712308383440319,0.2653888326459669,0.6906111673540329
P1,char3gram,source_only,acc,replace,0.1,decision_regret,5,0.000945438680724832,0.0003373059347981221,0.0005266180451055375,0.0013642593163441265
P1,char3gram,source_only,cc,replace,0.05,prevalence_absolute_error,5,0.031129999999999942,0.004155135376855975,0.02597071799489505,0.03628928200510484
P1,char3gram,source_only,cc,replace,0.05,prevalence_error,5,0.031129999999999942,0.004155135376855975,0.02597071799489505,0.03628928200510484
P1,char3gram,source_only,cc,replace,0.05,false_positive_share,5,0.5874623825808996,0.016108811209473353,0.5674606516482352,0.6074641135135639
P1,char3gram,source_only,cc,replace,0.05,prevalence_decision_error,5,0.022,0.0438178046004133,-0.03240699045266046,0.07640699045266046
P1,char3gram,source_only,cc,replace,0.05,decision_regret,5,0.00050084135929938,0.0003844574461170507,2.3474389614474634e-05,0.0009782083289842853
P1,char3gram,source_only,cc,replace,0.1,prevalence_absolute_error,5,0.011989999999999923,0.003733818420866228,0.007353852090980297,0.016626147909019548
P1,char3gram,source_only,cc,replace,0.1,prevalence_error,5,0.011457999999999923,0.004103062271036106,0.006363375295666215,0.01655262470433363
P1,char3gram,source_only,cc,replace,0.1,false_positive_share,5,0.40297675649837733,0.01598609753198932,0.38312739472113216,0.4228261182756225
P1,char3gram,source_only,cc,replace,0.1,prevalence_decision_error,5,0.078,0.06058052492344384,0.0027793432102739546,0.15322065678972605
P1,char3gram,source_only,cc,replace,0.1,decision_regret,5,0.0006741648019522718,0.0005545141066446487,-1.4355400764511062e-05,0.0013626850046690548
P1,char3gram,source_only,dys,replace,0.05,prevalence_absolute_error,5,0.009045572818422215,0.0011235784784251553,0.007650465872605135,0.010440679764239295
P1,char3gram,source_only,dys,replace,0.05,prevalence_error,5,0.0013306526636672267,0.0028461896266000525,-0.002203358527743073,0.004864663855077526
P1,char3gram,source_only,dys,replace,0.05,false_positive_share,5,0.5874623825808996,0.016108811209473353,0.5674606516482352,0.6074641135135639
P1,char3gram,source_only,dys,replace,0.05,prevalence_decision_error,5,0.002,0.00447213595499958,-0.0035528902103955868,0.007552890210395587
P1,char3gram,source_only,dys,replace,0.05,decision_regret,5,0.00050084135929938,0.0003844574461170507,2.3474389614474634e-05,0.0009782083289842853
P1,char3gram,source_only,dys,replace,0.1,prevalence_absolute_error,5,0.010441267504889145,0.000903193409008659,0.009319804765508165,0.011562730244270125
P1,char3gram,source_only,dys,replace,0.1,prevalence_error,5,-0.0005855086207217318,0.0035489863318743475,-0.0049921571791273454,0.0038211399376838814
P1,char3gram,source_only,dys,replace,0.1,false_positive_share,5,0.40297675649837733,0.01598609753198932,0.38312739472113216,0.4228261182756225
P1,char3gram,source_only,dys,replace,0.1,prevalence_decision_error,5,0.504,0.13722244714331544,0.33361582763672626,0.6743841723632737
P1,char3gram,source_only,dys,replace,0.1,decision_regret,5,0.0007502125035807241,0.0004946730512942815,0.00013599478490701087,0.0013644302222544373
P1,char3gram,source_only,emq,replace,0.05,prevalence_absolute_error,5,0.016908270216018623,0.0036870003710087994,0.012330254593973074,0.02148628583806417
P1,char3gram,source_only,emq,replace,0.05,prevalence_error,5,-0.016155387927949134,0.004347651538656492,-0.0215537103202341,-0.010757065535664169
P1,char3gram,source_only,emq,replace,0.05,false_positive_share,5,0.5874623825808996,0.016108811209473353,0.5674606516482352,0.6074641135135639
P1,char3gram,source_only,emq,replace,0.05,prevalence_decision_error,5,0.0,0.0,0.0,0.0
P1,char3gram,source_only,emq,replace,0.05,decision_regret,5,0.00050084135929938,0.0003844574461170507,2.3474389614474634e-05,0.0009782083289842853
P1,char3gram,source_only,emq,replace,0.1,prevalence_absolute_error,5,0.014570439276682574,0.0030742795459993656,0.01075321704400095,0.0183876615093642
P1,char3gram,source_only,emq,replace,0.1,prevalence_error,5,-0.012560518218993599,0.0043769942594227545,-0.01799527441126338,-0.007125762026723818
P1,char3gram,source_only,emq,replace,0.1,false_positive_share,5,0.40297675649837733,0.01598609753198932,0.38312739472113216,0.4228261182756225
P1,char3gram,source_only,emq,replace,0.1,prevalence_decision_error,5,0.834,0.09396807968666811,0.7173232184727217,0.9506767815272782
P1,char3gram,source_only,emq,replace,0.1,decision_regret,5,0.0007529853214071241,0.0004394157906671308,0.0002073785538935063,0.0012985920889207418
P1,char3gram,source_only,hdy,replace,0.05,prevalence_absolute_error,5,0.0075261614451062695,0.0006461111024109749,0.006723908550402817,0.008328414339809723
P1,char3gram,source_only,hdy,replace,0.05,prevalence_error,5,0.0007235980432908095,0.003529704732465372,-0.003659109247300892,0.00510630533388251
P1,char3gram,source_only,hdy,replace,0.05,false_positive_share,5,0.5874623825808996,0.016108811209473353,0.5674606516482352,0.6074641135135639
P1,char3gram,source_only,hdy,replace,0.05,prevalence_decision_error,5,0.0,0.0,0.0,0.0
P1,char3gram,source_only,hdy,replace,0.05,decision_regret,5,0.00050084135929938,0.0003844574461170507,2.3474389614474634e-05,0.0009782083289842853
P1,char3gram,source_only,hdy,replace,0.1,prevalence_absolute_error,5,0.009108280601031023,0.0006440816805310474,0.008308547566413044,0.009908013635649002
P1,char3gram,source_only,hdy,replace,0.1,prevalence_error,5,-0.00044478979015510304,0.0036995203738610337,-0.0050383510489996775,0.004148771468689472
P1,char3gram,source_only,hdy,replace,0.1,false_positive_share,5,0.40297675649837733,0.01598609753198932,0.38312739472113216,0.4228261182756225
P1,char3gram,source_only,hdy,replace,0.1,prevalence_decision_error,5,0.52,0.1365650028374766,0.3504321525621104,0.6895678474378897
P1,char3gram,source_only,hdy,replace,0.1,decision_regret,5,0.0008838427631481201,0.00047975034502346903,0.00028815403160664427,0.001479531494689596
P1,char3gram,source_only,kdey,replace,0.05,prevalence_absolute_error,5,0.008980431033986516,0.001674940653829715,0.006900717524998285,0.011060144542974746
P1,char3gram,source_only,kdey,replace,0.05,prevalence_error,5,-0.003614695883308875,0.004586746351273254,-0.00930989369657735,0.002080501929959599
P1,char3gram,source_only,kdey,replace,0.05,false_positive_share,5,0.5874623825808996,0.016108811209473353,0.5674606516482352,0.6074641135135639
P1,char3gram,source_only,kdey,replace,0.05,prevalence_decision_error,5,0.0,0.0,0.0,0.0
P1,char3gram,source_only,kdey,replace,0.05,decision_regret,5,0.00050084135929938,0.0003844574461170507,2.3474389614474634e-05,0.0009782083289842853
P1,char3gram,source_only,kdey,replace,0.1,prevalence_absolute_error,5,0.009537255080143546,0.0009502368001490617,0.00835738025563011,0.010717129904656982
P1,char3gram,source_only,kdey,replace,0.1,prevalence_error,5,-0.002353389967261523,0.004213606858746325,-0.0075852739063512874,0.0028784939718282418
P1,char3gram,source_only,kdey,replace,0.1,false_positive_share,5,0.40297675649837733,0.01598609753198932,0.38312739472113216,0.4228261182756225
P1,char3gram,source_only,kdey,replace,0.1,prevalence_decision_error,5,0.584,0.14993331851193048,0.3978331962725179,0.770166803727482
P1,char3gram,source_only,kdey,replace,0.1,decision_regret,5,0.0008931398513957881,0.0005112476292090731,0.0002583420760398549,0.0015279376267517213
P1,char3gram,source_only,median_sweep,replace,0.05,prevalence_absolute_error,5,0.010898853072546264,0.0015013930388959305,0.009034627388995443,0.012763078756097085
P1,char3gram,source_only,median_sweep,replace,0.05,prevalence_error,5,-0.001892500503733048,0.0062185793383697195,-0.009613886588160512,0.005828885580694415
P1,char3gram,source_only,median_sweep,replace,0.05,false_positive_share,5,0.5874623825808996,0.016108811209473353,0.5674606516482352,0.6074641135135639
P1,char3gram,source_only,median_sweep,replace,0.05,prevalence_decision_error,5,0.0,0.0,0.0,0.0
P1,char3gram,source_only,median_sweep,replace,0.05,decision_regret,5,0.00050084135929938,0.0003844574461170507,2.3474389614474634e-05,0.0009782083289842853
P1,char3gram,source_only,median_sweep,replace,0.1,prevalence_absolute_error,5,0.011288920340893424,0.0006670482248394172,0.01046067057504459,0.012117170106742257
P1,char3gram,source_only,median_sweep,replace,0.1,prevalence_error,5,-0.0027298979567564946,0.005662474844740883,-0.009760789112205698,0.0043009931986927085
P1,char3gram,source_only,median_sweep,replace,0.1,false_positive_share,5,0.40297675649837733,0.01598609753198932,0.38312739472113216,0.4228261182756225
P1,char3gram,source_only,median_sweep,replace,0.1,prevalence_decision_error,5,0.59,0.1896048522585854,0.35457448106577083,0.8254255189342291
P1,char3gram,source_only,median_sweep,replace,0.1,decision_regret,5,0.0008414742409922321,0.0005170272386954796,0.000199500132613351,0.0014834483493711133
P1,char3gram,source_only,pacc,replace,0.05,prevalence_absolute_error,5,0.011431913154892026,0.0010000142579855023,0.010190231453060977,0.012673594856723076
P1,char3gram,source_only,pacc,replace,0.05,prevalence_error,5,-0.0015239925231017102,0.00584548220568943,-0.008782117330047006,0.005734132283843585
P1,char3gram,source_only,pacc,replace,0.05,false_positive_share,5,0.5874623825808996,0.016108811209473353,0.5674606516482352,0.6074641135135639
P1,char3gram,source_only,pacc,replace,0.05,prevalence_decision_error,5,0.0,0.0,0.0,0.0
P1,char3gram,source_only,pacc,replace,0.05,decision_regret,5,0.00050084135929938,0.0003844574461170507,2.3474389614474634e-05,0.0009782083289842853
P1,char3gram,source_only,pacc,replace,0.1,prevalence_absolute_error,5,0.011673132827121718,0.0007125266434557726,0.010788414146181716,0.01255785150806172
P1,char3gram,source_only,pacc,replace,0.1,prevalence_error,5,-0.0022349594381586694,0.005384841596251872,-0.00892112338425471,0.0044512045079373695
P1,char3gram,source_only,pacc,replace,0.1,false_positive_share,5,0.40297675649837733,0.01598609753198932,0.38312739472113216,0.4228261182756225
P1,char3gram,source_only,pacc,replace,0.1,prevalence_decision_error,5,0.5740000000000001,0.16964669168598603,0.36335581051913735,0.7846441894808628
P1,char3gram,source_only,pacc,replace,0.1,decision_regret,5,0.000866853440174236,0.0003085998109729763,0.00048367616503660444,0.0012500307153118675
P1,char3gram,source_only,pcc,replace,0.05,prevalence_absolute_error,5,0.22352902609907038,0.003511843390802293,0.21916849659338133,0.22788955560475943
P1,char3gram,source_only,pcc,replace,0.05,prevalence_error,5,0.22352902609907038,0.003511843390802293,0.21916849659338133,0.22788955560475943
P1,char3gram,source_only,pcc,replace,0.05,false_positive_share,5,0.5874623825808996,0.016108811209473353,0.5674606516482352,0.6074641135135639
P1,char3gram,source_only,pcc,replace,0.05,prevalence_decision_error,5,1.0,0.0,1.0,1.0
P1,char3gram,source_only,pcc,replace,0.05,decision_regret,5,0.0006525198265940719,0.0006352464398720168,-0.00013624280778212338,0.001441282460970267
P1,char3gram,source_only,pcc,replace,0.1,prevalence_absolute_error,5,0.1982406292361826,0.0034962493343045345,0.1938994623090328,0.2025817961633324
P1,char3gram,source_only,pcc,replace,0.1,prevalence_error,5,0.1982406292361826,0.0034962493343045345,0.1938994623090328,0.2025817961633324
P1,char3gram,source_only,pcc,replace,0.1,false_positive_share,5,0.40297675649837733,0.01598609753198932,0.38312739472113216,0.4228261182756225
P1,char3gram,source_only,pcc,replace,0.1,prevalence_decision_error,5,0.0,0.0,0.0,0.0
P1,char3gram,source_only,pcc,replace,0.1,decision_regret,5,0.0006656365796909719,0.0005391213779392182,-3.7710259581602784e-06,0.001335044185340104
P1,char3gram,target_real_anchor,acc,replace,0.05,prevalence_absolute_error,5,0.010664783198915425,0.002002391106802303,0.008178486251275617,0.013151080146555232
P1,char3gram,target_real_anchor,acc,replace,0.05,prevalence_error,5,0.0023632002608434807,0.0061108324381299,-0.005224400376638147,0.009950800898325108
P1,char3gram,target_real_anchor,acc,replace,0.05,false_positive_share,5,0.5925949977855673,0.06570580026112233,0.5110104711281642,0.6741795244429705
P1,char3gram,target_real_anchor,acc,replace,0.05,prevalence_decision_error,5,0.002,0.00447213595499958,-0.0035528902103955868,0.007552890210395587
P1,char3gram,target_real_anchor,acc,replace,0.05,decision_regret,5,0.0004528508890484461,0.000295229800493769,8.627467457845327e-05,0.000819427103518439
P1,char3gram,target_real_anchor,acc,replace,0.1,prevalence_absolute_error,5,0.011424536216884839,0.0016659210306924552,0.00935602204922351,0.013493050384546169
P1,char3gram,target_real_anchor,acc,replace,0.1,prevalence_error,5,0.002219948699766915,0.0057407279468177485,-0.0049081065152788966,0.009348003914812726
P1,char3gram,target_real_anchor,acc,replace,0.1,false_positive_share,5,0.4106169184475169,0.06678982020863432,0.32768640324795345,0.49354743364708037
P1,char3gram,target_real_anchor,acc,replace,0.1,prevalence_decision_error,5,0.458,0.16843396332094068,0.24886161166961468,0.6671383883303854
P1,char3gram,target_real_anchor,acc,replace,0.1,decision_regret,5,0.0009346032706265359,0.0004720325419330876,0.00034849745732761243,0.0015207090839254593
P1,char3gram,target_real_anchor,cc,replace,0.05,prevalence_absolute_error,5,0.03323199999999995,0.01689715863688331,0.012251406448644156,0.05421259355135574
P1,char3gram,target_real_anchor,cc,replace,0.05,prevalence_error,5,0.033191999999999944,0.016947429598614658,0.012148986805307252,0.054235013194692636
P1,char3gram,target_real_anchor,cc,replace,0.05,false_positive_share,5,0.5925949977855673,0.06570580026112233,0.5110104711281642,0.6741795244429705
P1,char3gram,target_real_anchor,cc,replace,0.05,prevalence_decision_error,5,0.196,0.3200468715672753,-0.20139067816282963,0.5933906781628296
P1,char3gram,target_real_anchor,cc,replace,0.05,decision_regret,5,0.000510371236979571,0.00028796452447809467,0.00015281605417525424,0.0008679264197838878
P1,char3gram,target_real_anchor,cc,replace,0.1,prevalence_absolute_error,5,0.01849599999999995,0.012250221630648142,0.0032853408312071442,0.03370665916879276
P1,char3gram,target_real_anchor,cc,replace,0.1,prevalence_error,5,0.013491999999999954,0.018304088887458977,-0.009235528191479448,0.036219528191479354
P1,char3gram,target_real_anchor,cc,replace,0.1,false_positive_share,5,0.4106169184475169,0.06678982020863432,0.32768640324795345,0.49354743364708037
P1,char3gram,target_real_anchor,cc,replace,0.1,prevalence_decision_error,5,0.298,0.4099024274141347,-0.2109610868964626,0.8069610868964625
P1,char3gram,target_real_anchor,cc,replace,0.1,decision_regret,5,0.0005362967376571481,0.0006086805710037653,-0.0002194800137643373,0.0012920734890786334
P1,char3gram,target_real_anchor,dys,replace,0.05,prevalence_absolute_error,5,0.009045572818422215,0.0011235784784251553,0.007650465872605135,0.010440679764239295
P1,char3gram,target_real_anchor,dys,replace,0.05,prevalence_error,5,0.0013306526636672267,0.0028461896266000525,-0.002203358527743073,0.004864663855077526
P1,char3gram,target_real_anchor,dys,replace,0.05,false_positive_share,5,0.5925949977855673,0.06570580026112233,0.5110104711281642,0.6741795244429705
P1,char3gram,target_real_anchor,dys,replace,0.05,prevalence_decision_error,5,0.002,0.00447213595499958,-0.0035528902103955868,0.007552890210395587
P1,char3gram,target_real_anchor,dys,replace,0.05,decision_regret,5,0.0004528508890484461,0.000295229800493769,8.627467457845327e-05,0.000819427103518439
P1,char3gram,target_real_anchor,dys,replace,0.1,prevalence_absolute_error,5,0.010441267504889145,0.000903193409008659,0.009319804765508165,0.011562730244270125
P1,char3gram,target_real_anchor,dys,replace,0.1,prevalence_error,5,-0.0005855086207217318,0.0035489863318743475,-0.0049921571791273454,0.0038211399376838814
P1,char3gram,target_real_anchor,dys,replace,0.1,false_positive_share,5,0.4106169184475169,0.06678982020863432,0.32768640324795345,0.49354743364708037
P1,char3gram,target_real_anchor,dys,replace,0.1,prevalence_decision_error,5,0.504,0.13722244714331544,0.33361582763672626,0.6743841723632737
P1,char3gram,target_real_anchor,dys,replace,0.1,decision_regret,5,0.000765525189985112,0.000496948869507672,0.00014848166976937538,0.0013825687102008487
P1,char3gram,target_real_anchor,emq,replace,0.05,prevalence_absolute_error,5,0.016908270216018623,0.0036870003710087994,0.012330254593973074,0.02148628583806417
P1,char3gram,target_real_anchor,emq,replace,0.05,prevalence_error,5,-0.016155387927949134,0.004347651538656492,-0.0215537103202341,-0.010757065535664169
P1,char3gram,target_real_anchor,emq,replace,0.05,false_positive_share,5,0.5925949977855673,0.06570580026112233,0.5110104711281642,0.6741795244429705
P1,char3gram,target_real_anchor,emq,replace,0.05,prevalence_decision_error,5,0.0,0.0,0.0,0.0
P1,char3gram,target_real_anchor,emq,replace,0.05,decision_regret,5,0.0004528508890484461,0.000295229800493769,8.627467457845327e-05,0.000819427103518439
P1,char3gram,target_real_anchor,emq,replace,0.1,prevalence_absolute_error,5,0.014570439276682574,0.0030742795459993656,0.01075321704400095,0.0183876615093642
P1,char3gram,target_real_anchor,emq,replace,0.1,prevalence_error,5,-0.012560518218993599,0.0043769942594227545,-0.01799527441126338,-0.007125762026723818
P1,char3gram,target_real_anchor,emq,replace,0.1,false_positive_share,5,0.4106169184475169,0.06678982020863432,0.32768640324795345,0.49354743364708037
P1,char3gram,target_real_anchor,emq,replace,0.1,prevalence_decision_error,5,0.834,0.09396807968666811,0.7173232184727217,0.9506767815272782
P1,char3gram,target_real_anchor,emq,replace,0.1,decision_regret,5,0.000847344762829548,0.00043409028585783446,0.00030835048290989435,0.0013863390427492016
P1,char3gram,target_real_anchor,hdy,replace,0.05,prevalence_absolute_error,5,0.0075261614451062695,0.0006461111024109749,0.006723908550402817,0.008328414339809723
P1,char3gram,target_real_anchor,hdy,replace,0.05,prevalence_error,5,0.0007235980432908095,0.003529704732465372,-0.003659109247300892,0.00510630533388251
P1,char3gram,target_real_anchor,hdy,replace,0.05,false_positive_share,5,0.5925949977855673,0.06570580026112233,0.5110104711281642,0.6741795244429705
P1,char3gram,target_real_anchor,hdy,replace,0.05,prevalence_decision_error,5,0.0,0.0,0.0,0.0
P1,char3gram,target_real_anchor,hdy,replace,0.05,decision_regret,5,0.0004528508890484461,0.000295229800493769,8.627467457845327e-05,0.000819427103518439
P1,char3gram,target_real_anchor,hdy,replace,0.1,prevalence_absolute_error,5,0.009108280601031023,0.0006440816805310474,0.008308547566413044,0.009908013635649002
P1,char3gram,target_real_anchor,hdy,replace,0.1,prevalence_error,5,-0.00044478979015510304,0.0036995203738610337,-0.0050383510489996775,0.004148771468689472
P1,char3gram,target_real_anchor,hdy,replace,0.1,false_positive_share,5,0.4106169184475169,0.06678982020863432,0.32768640324795345,0.49354743364708037
P1,char3gram,target_real_anchor,hdy,replace,0.1,prevalence_decision_error,5,0.52,0.1365650028374766,0.3504321525621104,0.6895678474378897
P1,char3gram,target_real_anchor,hdy,replace,0.1,decision_regret,5,0.000884290886601256,0.00043208720881473037,0.0003477837553316532,0.001420798017870859
P1,char3gram,target_real_anchor,kdey,replace,0.05,prevalence_absolute_error,5,0.008980431033986516,0.001674940653829715,0.006900717524998285,0.011060144542974746
P1,char3gram,target_real_anchor,kdey,replace,0.05,prevalence_error,5,-0.003614695883308875,0.004586746351273254,-0.00930989369657735,0.002080501929959599
P1,char3gram,target_real_anchor,kdey,replace,0.05,false_positive_share,5,0.5925949977855673,0.06570580026112233,0.5110104711281642,0.6741795244429705
P1,char3gram,target_real_anchor,kdey,replace,0.05,prevalence_decision_error,5,0.0,0.0,0.0,0.0
P1,char3gram,target_real_anchor,kdey,replace,0.05,decision_regret,5,0.0004528508890484461,0.000295229800493769,8.627467457845327e-05,0.000819427103518439
P1,char3gram,target_real_anchor,kdey,replace,0.1,prevalence_absolute_error,5,0.009537255080143546,0.0009502368001490617,0.00835738025563011,0.010717129904656982
P1,char3gram,target_real_anchor,kdey,replace,0.1,prevalence_error,5,-0.002353389967261523,0.004213606858746325,-0.0075852739063512874,0.0028784939718282418
P1,char3gram,target_real_anchor,kdey,replace,0.1,false_positive_share,5,0.4106169184475169,0.06678982020863432,0.32768640324795345,0.49354743364708037
P1,char3gram,target_real_anchor,kdey,replace,0.1,prevalence_decision_error,5,0.584,0.14993331851193048,0.3978331962725179,0.770166803727482
P1,char3gram,target_real_anchor,kdey,replace,0.1,decision_regret,5,0.000978163364778936,0.0004517165439425626,0.0004172831947724274,0.0015390435347854446
P1,char3gram,target_real_anchor,median_sweep,replace,0.05,prevalence_absolute_error,5,0.010898853072546264,0.0015013930388959305,0.009034627388995443,0.012763078756097085
P1,char3gram,target_real_anchor,median_sweep,replace,0.05,prevalence_error,5,-0.001892500503733048,0.0062185793383697195,-0.009613886588160512,0.005828885580694415
P1,char3gram,target_real_anchor,median_sweep,replace,0.05,false_positive_share,5,0.5925949977855673,0.06570580026112233,0.5110104711281642,0.6741795244429705
P1,char3gram,target_real_anchor,median_sweep,replace,0.05,prevalence_decision_error,5,0.0,0.0,0.0,0.0
P1,char3gram,target_real_anchor,median_sweep,replace,0.05,decision_regret,5,0.0004528508890484461,0.000295229800493769,8.627467457845327e-05,0.000819427103518439
P1,char3gram,target_real_anchor,median_sweep,replace,0.1,prevalence_absolute_error,5,0.011288920340893424,0.0006670482248394172,0.01046067057504459,0.012117170106742257
P1,char3gram,target_real_anchor,median_sweep,replace,0.1,prevalence_error,5,-0.0027298979567564946,0.005662474844740883,-0.009760789112205698,0.0043009931986927085
P1,char3gram,target_real_anchor,median_sweep,replace,0.1,false_positive_share,5,0.4106169184475169,0.06678982020863432,0.32768640324795345,0.49354743364708037
P1,char3gram,target_real_anchor,median_sweep,replace,0.1,prevalence_decision_error,5,0.59,0.1896048522585854,0.35457448106577083,0.8254255189342291
P1,char3gram,target_real_anchor,median_sweep,replace,0.1,decision_regret,5,0.0008973079586321361,0.00046238351379971195,0.0003231829961840804,0.0014714329210801917
P1,char3gram,target_real_anchor,pacc,replace,0.05,prevalence_absolute_error,5,0.011431913154892026,0.0010000142579855023,0.010190231453060977,0.012673594856723076
P1,char3gram,target_real_anchor,pacc,replace,0.05,prevalence_error,5,-0.0015239925231017102,0.00584548220568943,-0.008782117330047006,0.005734132283843585
P1,char3gram,target_real_anchor,pacc,replace,0.05,false_positive_share,5,0.5925949977855673,0.06570580026112233,0.5110104711281642,0.6741795244429705
P1,char3gram,target_real_anchor,pacc,replace,0.05,prevalence_decision_error,5,0.0,0.0,0.0,0.0
P1,char3gram,target_real_anchor,pacc,replace,0.05,decision_regret,5,0.0004528508890484461,0.000295229800493769,8.627467457845327e-05,0.000819427103518439
P1,char3gram,target_real_anchor,pacc,replace,0.1,prevalence_absolute_error,5,0.011673132827121718,0.0007125266434557726,0.010788414146181716,0.01255785150806172
P1,char3gram,target_real_anchor,pacc,replace,0.1,prevalence_error,5,-0.0022349594381586694,0.005384841596251872,-0.00892112338425471,0.0044512045079373695
P1,char3gram,target_real_anchor,pacc,replace,0.1,false_positive_share,5,0.4106169184475169,0.06678982020863432,0.32768640324795345,0.49354743364708037
P1,char3gram,target_real_anchor,pacc,replace,0.1,prevalence_decision_error,5,0.5740000000000001,0.16964669168598603,0.36335581051913735,0.7846441894808628
P1,char3gram,target_real_anchor,pacc,replace,0.1,decision_regret,5,0.000842489183253564,0.00038714237566402917,0.0003617884332124619,0.0013231899332946662
P1,char3gram,target_real_anchor,pcc,replace,0.05,prevalence_absolute_error,5,0.22352902609907038,0.003511843390802293,0.21916849659338133,0.22788955560475943
P1,char3gram,target_real_anchor,pcc,replace,0.05,prevalence_error,5,0.22352902609907038,0.003511843390802293,0.21916849659338133,0.22788955560475943
P1,char3gram,target_real_anchor,pcc,replace,0.05,false_positive_share,5,0.5925949977855673,0.06570580026112233,0.5110104711281642,0.6741795244429705
P1,char3gram,target_real_anchor,pcc,replace,0.05,prevalence_decision_error,5,1.0,0.0,1.0,1.0
P1,char3gram,target_real_anchor,pcc,replace,0.05,decision_regret,5,0.000493209481510201,0.0005568523741221161,-0.00019821406375152408,0.0011846330267719259
P1,char3gram,target_real_anchor,pcc,replace,0.1,prevalence_absolute_error,5,0.1982406292361826,0.0034962493343045345,0.1938994623090328,0.2025817961633324
P1,char3gram,target_real_anchor,pcc,replace,0.1,prevalence_error,5,0.1982406292361826,0.0034962493343045345,0.1938994623090328,0.2025817961633324
P1,char3gram,target_real_anchor,pcc,replace,0.1,false_positive_share,5,0.4106169184475169,0.06678982020863432,0.32768640324795345,0.49354743364708037
P1,char3gram,target_real_anchor,pcc,replace,0.1,prevalence_decision_error,5,0.0,0.0,0.0,0.0
P1,char3gram,target_real_anchor,pcc,replace,0.1,decision_regret,5,0.000506737133783432,0.000351732878658203,7.000308136896827e-05,0.0009434711861978956
P1,column_positional_ablation,oracle_target,acc,replace,0.05,prevalence_absolute_error,5,0.010979275386861812,0.0030341792097660024,0.00721184429799702,0.014746706475726604
P1,column_positional_ablation,oracle_target,acc,replace,0.05,prevalence_error,5,0.001515775279786346,0.010181135786826723,-0.011125774487540348,0.01415732504711304
P1,column_positional_ablation,oracle_target,acc,replace,0.05,false_positive_share,5,0.5622470012857865,0.020588758345329305,0.5366826812806739,0.5878113212908992
P1,column_positional_ablation,oracle_target,acc,replace,0.05,prevalence_decision_error,5,0.0,0.0,0.0,0.0
P1,column_positional_ablation,oracle_target,acc,replace,0.05,decision_regret,5,0.00035995375001174004,0.0003857283963316477,-0.0001189913127981397,0.0008388988128216197
P1,column_positional_ablation,oracle_target,acc,replace,0.1,prevalence_absolute_error,5,0.010903855783136433,0.0028854371617919915,0.007321112340260068,0.014486599226012798
P1,column_positional_ablation,oracle_target,acc,replace,0.1,prevalence_error,5,0.0007621946981283138,0.00939224237094277,-0.010899814516275287,0.012424203912531916
P1,column_positional_ablation,oracle_target,acc,replace,0.1,false_positive_share,5,0.37850386094327715,0.019573829047655728,0.35419974210780797,0.40280797977874633
P1,column_positional_ablation,oracle_target,acc,replace,0.1,prevalence_decision_error,5,0.45999999999999996,0.29706901555025894,0.09114009840940929,0.8288599015905906
P1,column_positional_ablation,oracle_target,acc,replace,0.1,decision_regret,5,0.00055219281460916,0.000388099546762501,7.030357967496435e-05,0.0010340820495433557
P1,column_positional_ablation,oracle_target,cc,replace,0.05,prevalence_absolute_error,5,0.03595799999999995,0.008067237445371253,0.02594120169912116,0.045974798300878736
P1,column_positional_ablation,oracle_target,cc,replace,0.05,prevalence_error,5,0.03595799999999995,0.008067237445371253,0.02594120169912116,0.045974798300878736
P1,column_positional_ablation,oracle_target,cc,replace,0.05,false_positive_share,5,0.5622470012857865,0.020588758345329305,0.5366826812806739,0.5878113212908992
P1,column_positional_ablation,oracle_target,cc,replace,0.05,prevalence_decision_error,5,0.092,0.12316655390161729,-0.06093147576246155,0.24493147576246155
P1,column_positional_ablation,oracle_target,cc,replace,0.05,decision_regret,5,0.000455633386811704,0.00035973285983927685,8.966045778393238e-06,0.0009023007278450148
P1,column_positional_ablation,oracle_target,cc,replace,0.1,prevalence_absolute_error,5,0.02064799999999993,0.008150991964172224,0.010527206728439093,0.03076879327156077
P1,column_positional_ablation,oracle_target,cc,replace,0.1,prevalence_error,5,0.020547999999999934,0.008286849220300813,0.010258517664609482,0.03083748233539039
P1,column_positional_ablation,oracle_target,cc,replace,0.1,false_positive_share,5,0.37850386094327715,0.019573829047655728,0.35419974210780797,0.40280797977874633
P1,column_positional_ablation,oracle_target,cc,replace,0.1,prevalence_decision_error,5,0.02,0.030822070014844886,-0.01827065468754865,0.05827065468754865
P1,column_positional_ablation,oracle_target,cc,replace,0.1,decision_regret,5,0.0006729578517821159,0.0005636078549019568,-2.6853730754494644e-05,0.0013727694343187266
P1,column_positional_ablation,oracle_target,dys,replace,0.05,prevalence_absolute_error,5,0.006166440904559318,0.0009821262263729617,0.004946970127580291,0.007385911681538344
P1,column_positional_ablation,oracle_target,dys,replace,0.05,prevalence_error,5,0.000740522644430385,0.002880705228999784,-0.002836345327855977,0.004317390616716747
P1,column_positional_ablation,oracle_target,dys,replace,0.05,false_positive_share,5,0.5622470012857865,0.020588758345329305,0.5366826812806739,0.5878113212908992
P1,column_positional_ablation,oracle_target,dys,replace,0.05,prevalence_decision_error,5,0.0,0.0,0.0,0.0
P1,column_positional_ablation,oracle_target,dys,replace,0.05,decision_regret,5,0.00035995375001174004,0.0003857283963316477,-0.0001189913127981397,0.0008388988128216197
P1,column_positional_ablation,oracle_target,dys,replace,0.1,prevalence_absolute_error,5,0.006956801736442852,0.000543959170249884,0.00628138721825078,0.007632216254634925
P1,column_positional_ablation,oracle_target,dys,replace,0.1,prevalence_error,5,0.0003615633732994679,0.002187154781030841,-0.0023541479768057643,0.0030772747234047
P1,column_positional_ablation,oracle_target,dys,replace,0.1,false_positive_share,5,0.37850386094327715,0.019573829047655728,0.35419974210780797,0.40280797977874633
P1,column_positional_ablation,oracle_target,dys,replace,0.1,prevalence_decision_error,5,0.44800000000000006,0.09654014708917737,0.3281295749780726,0.5678704250219275
P1,column_positional_ablation,oracle_target,dys,replace,0.1,decision_regret,5,0.0008194661662485999,0.0005868660768568818,9.077568684832656e-05,0.001548156645648873
P1,column_positional_ablation,oracle_target,emq,replace,0.05,prevalence_absolute_error,5,0.01101945642234714,0.0067363659282658195,0.0026551533704929926,0.01938375947420129
P1,column_positional_ablation,oracle_target,emq,replace,0.05,prevalence_error,5,-0.009370338011877751,0.008071602008198732,-0.01939255563328732,0.0006518796095318184
P1,column_positional_ablation,oracle_target,emq,replace,0.05,false_positive_share,5,0.5622470012857865,0.020588758345329305,0.5366826812806739,0.5878113212908992
P1,column_positional_ablation,oracle_target,emq,replace,0.05,prevalence_decision_error,5,0.0,0.0,0.0,0.0
P1,column_positional_ablation,oracle_target,emq,replace,0.05,decision_regret,5,0.00035995375001174004,0.0003857283963316477,-0.0001189913127981397,0.0008388988128216197
P1,column_positional_ablation,oracle_target,emq,replace,0.1,prevalence_absolute_error,5,0.009927700403609168,0.004976171349636317,0.0037489675898727173,0.016106433217345617
P1,column_positional_ablation,oracle_target,emq,replace,0.1,prevalence_error,5,-0.005845689357246553,0.007779213823116393,-0.015504859095739242,0.0038134803812461364
P1,column_positional_ablation,oracle_target,emq,replace,0.1,false_positive_share,5,0.37850386094327715,0.019573829047655728,0.35419974210780797,0.40280797977874633
P1,column_positional_ablation,oracle_target,emq,replace,0.1,prevalence_decision_error,5,0.6900000000000001,0.21059439688652687,0.4285125191625648,0.9514874808374354
P1,column_positional_ablation,oracle_target,emq,replace,0.1,decision_regret,5,0.00088916766867684,0.0007143295053981022,2.2104389693151016e-06,0.0017761248983843647
P1,column_positional_ablation,oracle_target,hdy,replace,0.05,prevalence_absolute_error,5,0.0058830946204817824,0.0006744997545092729,0.005045592558510341,0.006720596682453224
P1,column_positional_ablation,oracle_target,hdy,replace,0.05,prevalence_error,5,0.0008285902684037179,0.0033173008111271373,-0.0032903827199849927,0.004947563256792429
P1,column_positional_ablation,oracle_target,hdy,replace,0.05,false_positive_share,5,0.5622470012857865,0.020588758345329305,0.5366826812806739,0.5878113212908992
P1,column_positional_ablation,oracle_target,hdy,replace,0.05,prevalence_decision_error,5,0.0,0.0,0.0,0.0
P1,column_positional_ablation,oracle_target,hdy,replace,0.05,decision_regret,5,0.00035995375001174004,0.0003857283963316477,-0.0001189913127981397,0.0008388988128216197
P1,column_positional_ablation,oracle_target,hdy,replace,0.1,prevalence_absolute_error,5,0.006846992378048299,0.0007360771949567414,0.0059330318251717,0.007760952930924898
P1,column_positional_ablation,oracle_target,hdy,replace,0.1,prevalence_error,5,0.0003030417828552325,0.00336365228302415,-0.003873484159451753,0.004479567725162218
P1,column_positional_ablation,oracle_target,hdy,replace,0.1,false_positive_share,5,0.37850386094327715,0.019573829047655728,0.35419974210780797,0.40280797977874633
P1,column_positional_ablation,oracle_target,hdy,replace,0.1,prevalence_decision_error,5,0.476,0.17643695757975425,0.2569245818206144,0.6950754181793856
P1,column_positional_ablation,oracle_target,hdy,replace,0.1,decision_regret,5,0.0006893776163140279,0.000567831166582769,-1.567790028984058e-05,0.0013944331329178964
P1,column_positional_ablation,oracle_target,kdey,replace,0.05,prevalence_absolute_error,5,0.013853960362792303,0.010586477859519192,0.0007091119368460765,0.026998808788738532
P1,column_positional_ablation,oracle_target,kdey,replace,0.05,prevalence_error,5,-0.011804633892315506,0.01258128961052051,-0.02742636825267388,0.0038171004680428687
P1,column_positional_ablation,oracle_target,kdey,replace,0.05,false_positive_share,5,0.5622470012857865,0.020588758345329305,0.5366826812806739,0.5878113212908992
P1,column_positional_ablation,oracle_target,kdey,replace,0.05,prevalence_decision_error,5,0.0,0.0,0.0,0.0
P1,column_positional_ablation,oracle_target,kdey,replace,0.05,decision_regret,5,0.00035995375001174004,0.0003857283963316477,-0.0001189913127981397,0.0008388988128216197
P1,column_positional_ablation,oracle_target,kdey,replace,0.1,prevalence_absolute_error,5,0.016133132512587137,0.01545831224150522,-0.0030608972706824243,0.035327162295856696
P1,column_positional_ablation,oracle_target,kdey,replace,0.1,prevalence_error,5,-0.013425772272704448,0.017491737892327823,-0.035144633479624494,0.008293088934215598
P1,column_positional_ablation,oracle_target,kdey,replace,0.1,false_positive_share,5,0.37850386094327715,0.019573829047655728,0.35419974210780797,0.40280797977874633
P1,column_positional_ablation,oracle_target,kdey,replace,0.1,prevalence_decision_error,5,0.776,0.2123205124334434,0.5123692636312187,1.0396307363687813
P1,column_positional_ablation,oracle_target,kdey,replace,0.1,decision_regret,5,0.000734409837253492,0.0006217896060851894,-3.764393107978778e-05,0.0015064636055867717
P1,column_positional_ablation,oracle_target,median_sweep,replace,0.05,prevalence_absolute_error,5,0.009501832585930079,0.0030022525414667455,0.0057740436916750675,0.01322962148018509
P1,column_positional_ablation,oracle_target,median_sweep,replace,0.05,prevalence_error,5,3.96330846683942e-05,0.008773858605319538,-0.010854551270887166,0.010933817440223955
P1,column_positional_ablation,oracle_target,median_sweep,replace,0.05,false_positive_share,5,0.5622470012857865,0.020588758345329305,0.5366826812806739,0.5878113212908992
P1,column_positional_ablation,oracle_target,median_sweep,replace,0.05,prevalence_decision_error,5,0.0,0.0,0.0,0.0
P1,column_positional_ablation,oracle_target,median_sweep,replace,0.05,decision_regret,5,0.00035995375001174004,0.0003857283963316477,-0.0001189913127981397,0.0008388988128216197
P1,column_positional_ablation,oracle_target,median_sweep,replace,0.1,prevalence_absolute_error,5,0.009668674276121706,0.0033064070073669004,0.005563227731665578,0.013774120820577832
P1,column_positional_ablation,oracle_target,median_sweep,replace,0.1,prevalence_error,5,-0.000819311733737551,0.008581920265386515,-0.01147517316272328,0.009836549695248177
P1,column_positional_ablation,oracle_target,median_sweep,replace,0.1,false_positive_share,5,0.37850386094327715,0.019573829047655728,0.35419974210780797,0.40280797977874633
P1,column_positional_ablation,oracle_target,median_sweep,replace,0.1,prevalence_decision_error,5,0.53,0.2642915057280502,0.20183875230641618,0.8581612476935838
P1,column_positional_ablation,oracle_target,median_sweep,replace,0.1,decision_regret,5,0.0006203509943623041,0.0005056844100605871,-7.539132062836236e-06,0.0012482411207874445
P1,column_positional_ablation,oracle_target,pacc,replace,0.05,prevalence_absolute_error,5,0.00983599778585359,0.002817175262587449,0.006338012685668518,0.01333398288603866
P1,column_positional_ablation,oracle_target,pacc,replace,0.05,prevalence_error,5,0.0006297708089534126,0.008937099962752751,-0.010467104463144878,0.011726646081051704
P1,column_positional_ablation,oracle_target,pacc,replace,0.05,false_positive_share,5,0.5622470012857865,0.020588758345329305,0.5366826812806739,0.5878113212908992
P1,column_positional_ablation,oracle_target,pacc,replace,0.05,prevalence_decision_error,5,0.0,0.0,0.0,0.0
P1,column_positional_ablation,oracle_target,pacc,replace,0.05,decision_regret,5,0.00035995375001174004,0.0003857283963316477,-0.0001189913127981397,0.0008388988128216197
P1,column_positional_ablation,oracle_target,pacc,replace,0.1,prevalence_absolute_error,5,0.009970912258625717,0.0031072784209862734,0.006112716510891621,0.013829108006359812
P1,column_positional_ablation,oracle_target,pacc,replace,0.1,prevalence_error,5,-0.00031644992817178726,0.008945789982049196,-0.01142411528437417,0.010791215428030595
P1,column_positional_ablation,oracle_target,pacc,replace,0.1,false_positive_share,5,0.37850386094327715,0.019573829047655728,0.35419974210780797,0.40280797977874633
P1,column_positional_ablation,oracle_target,pacc,replace,0.1,prevalence_decision_error,5,0.496,0.27898028604186353,0.14960022261322997,0.84239977738677
P1,column_positional_ablation,oracle_target,pacc,replace,0.1,decision_regret,5,0.0006203509943623041,0.0005056844100605871,-7.539132062836236e-06,0.0012482411207874445
P1,column_positional_ablation,oracle_target,pcc,replace,0.05,prevalence_absolute_error,5,0.19649081799134294,0.028659813782666962,0.16090495902218133,0.23207667696050455
P1,column_positional_ablation,oracle_target,pcc,replace,0.05,prevalence_error,5,0.19649081799134294,0.028659813782666962,0.16090495902218133,0.23207667696050455
P1,column_positional_ablation,oracle_target,pcc,replace,0.05,false_positive_share,5,0.5622470012857865,0.020588758345329305,0.5366826812806739,0.5878113212908992
P1,column_positional_ablation,oracle_target,pcc,replace,0.05,prevalence_decision_error,5,1.0,0.0,1.0,1.0
P1,column_positional_ablation,oracle_target,pcc,replace,0.05,decision_regret,5,0.000767241098976782,0.0005108715145245083,0.0001329103316838687,0.0014015718662696952
P1,column_positional_ablation,oracle_target,pcc,replace,0.1,prevalence_absolute_error,5,0.17410636934761187,0.026169004726045227,0.14161325831045735,0.2065994803847664
P1,column_positional_ablation,oracle_target,pcc,replace,0.1,prevalence_error,5,0.17410636934761187,0.026169004726045227,0.14161325831045735,0.2065994803847664
P1,column_positional_ablation,oracle_target,pcc,replace,0.1,false_positive_share,5,0.37850386094327715,0.019573829047655728,0.35419974210780797,0.40280797977874633
P1,column_positional_ablation,oracle_target,pcc,replace,0.1,prevalence_decision_error,5,0.0,0.0,0.0,0.0
P1,column_positional_ablation,oracle_target,pcc,replace,0.1,decision_regret,5,0.0006729578517821159,0.0005636078549019568,-2.6853730754494644e-05,0.0013727694343187266
P1,column_positional_ablation,source_only,acc,replace,0.05,prevalence_absolute_error,5,0.010979275386861812,0.0030341792097660024,0.00721184429799702,0.014746706475726604
P1,column_positional_ablation,source_only,acc,replace,0.05,prevalence_error,5,0.001515775279786346,0.010181135786826723,-0.011125774487540348,0.01415732504711304
P1,column_positional_ablation,source_only,acc,replace,0.05,false_positive_share,5,0.5622470012857865,0.020588758345329305,0.5366826812806739,0.5878113212908992
P1,column_positional_ablation,source_only,acc,replace,0.05,prevalence_decision_error,5,0.0,0.0,0.0,0.0
P1,column_positional_ablation,source_only,acc,replace,0.05,decision_regret,5,0.00035995375001174004,0.0003857283963316477,-0.0001189913127981397,0.0008388988128216197
P1,column_positional_ablation,source_only,acc,replace,0.1,prevalence_absolute_error,5,0.010903855783136433,0.0028854371617919915,0.007321112340260068,0.014486599226012798
P1,column_positional_ablation,source_only,acc,replace,0.1,prevalence_error,5,0.0007621946981283138,0.00939224237094277,-0.010899814516275287,0.012424203912531916
P1,column_positional_ablation,source_only,acc,replace,0.1,false_positive_share,5,0.37850386094327715,0.019573829047655728,0.35419974210780797,0.40280797977874633
P1,column_positional_ablation,source_only,acc,replace,0.1,prevalence_decision_error,5,0.45999999999999996,0.29706901555025894,0.09114009840940929,0.8288599015905906
P1,column_positional_ablation,source_only,acc,replace,0.1,decision_regret,5,0.00055219281460916,0.000388099546762501,7.030357967496435e-05,0.0010340820495433557
P1,column_positional_ablation,source_only,cc,replace,0.05,prevalence_absolute_error,5,0.03595799999999995,0.008067237445371253,0.02594120169912116,0.045974798300878736
P1,column_positional_ablation,source_only,cc,replace,0.05,prevalence_error,5,0.03595799999999995,0.008067237445371253,0.02594120169912116,0.045974798300878736
P1,column_positional_ablation,source_only,cc,replace,0.05,false_positive_share,5,0.5622470012857865,0.020588758345329305,0.5366826812806739,0.5878113212908992
P1,column_positional_ablation,source_only,cc,replace,0.05,prevalence_decision_error,5,0.092,0.12316655390161729,-0.06093147576246155,0.24493147576246155
P1,column_positional_ablation,source_only,cc,replace,0.05,decision_regret,5,0.000455633386811704,0.00035973285983927685,8.966045778393238e-06,0.0009023007278450148
P1,column_positional_ablation,source_only,cc,replace,0.1,prevalence_absolute_error,5,0.02064799999999993,0.008150991964172224,0.010527206728439093,0.03076879327156077
P1,column_positional_ablation,source_only,cc,replace,0.1,prevalence_error,5,0.020547999999999934,0.008286849220300813,0.010258517664609482,0.03083748233539039
P1,column_positional_ablation,source_only,cc,replace,0.1,false_positive_share,5,0.37850386094327715,0.019573829047655728,0.35419974210780797,0.40280797977874633
P1,column_positional_ablation,source_only,cc,replace,0.1,prevalence_decision_error,5,0.02,0.030822070014844886,-0.01827065468754865,0.05827065468754865
P1,column_positional_ablation,source_only,cc,replace,0.1,decision_regret,5,0.0006729578517821159,0.0005636078549019568,-2.6853730754494644e-05,0.0013727694343187266
P1,column_positional_ablation,source_only,dys,replace,0.05,prevalence_absolute_error,5,0.006166440904559318,0.0009821262263729617,0.004946970127580291,0.007385911681538344
P1,column_positional_ablation,source_only,dys,replace,0.05,prevalence_error,5,0.000740522644430385,0.002880705228999784,-0.002836345327855977,0.004317390616716747
P1,column_positional_ablation,source_only,dys,replace,0.05,false_positive_share,5,0.5622470012857865,0.020588758345329305,0.5366826812806739,0.5878113212908992
P1,column_positional_ablation,source_only,dys,replace,0.05,prevalence_decision_error,5,0.0,0.0,0.0,0.0
P1,column_positional_ablation,source_only,dys,replace,0.05,decision_regret,5,0.00035995375001174004,0.0003857283963316477,-0.0001189913127981397,0.0008388988128216197
P1,column_positional_ablation,source_only,dys,replace,0.1,prevalence_absolute_error,5,0.006956801736442852,0.000543959170249884,0.00628138721825078,0.007632216254634925
P1,column_positional_ablation,source_only,dys,replace,0.1,prevalence_error,5,0.0003615633732994679,0.002187154781030841,-0.0023541479768057643,0.0030772747234047
P1,column_positional_ablation,source_only,dys,replace,0.1,false_positive_share,5,0.37850386094327715,0.019573829047655728,0.35419974210780797,0.40280797977874633
P1,column_positional_ablation,source_only,dys,replace,0.1,prevalence_decision_error,5,0.44800000000000006,0.09654014708917737,0.3281295749780726,0.5678704250219275
P1,column_positional_ablation,source_only,dys,replace,0.1,decision_regret,5,0.0008194661662485999,0.0005868660768568818,9.077568684832656e-05,0.001548156645648873
P1,column_positional_ablation,source_only,emq,replace,0.05,prevalence_absolute_error,5,0.01101945642234714,0.0067363659282658195,0.0026551533704929926,0.01938375947420129
P1,column_positional_ablation,source_only,emq,replace,0.05,prevalence_error,5,-0.009370338011877751,0.008071602008198732,-0.01939255563328732,0.0006518796095318184
P1,column_positional_ablation,source_only,emq,replace,0.05,false_positive_share,5,0.5622470012857865,0.020588758345329305,0.5366826812806739,0.5878113212908992
P1,column_positional_ablation,source_only,emq,replace,0.05,prevalence_decision_error,5,0.0,0.0,0.0,0.0
P1,column_positional_ablation,source_only,emq,replace,0.05,decision_regret,5,0.00035995375001174004,0.0003857283963316477,-0.0001189913127981397,0.0008388988128216197
P1,column_positional_ablation,source_only,emq,replace,0.1,prevalence_absolute_error,5,0.009927700403609168,0.004976171349636317,0.0037489675898727173,0.016106433217345617
P1,column_positional_ablation,source_only,emq,replace,0.1,prevalence_error,5,-0.005845689357246553,0.007779213823116393,-0.015504859095739242,0.0038134803812461364
P1,column_positional_ablation,source_only,emq,replace,0.1,false_positive_share,5,0.37850386094327715,0.019573829047655728,0.35419974210780797,0.40280797977874633
P1,column_positional_ablation,source_only,emq,replace,0.1,prevalence_decision_error,5,0.6900000000000001,0.21059439688652687,0.4285125191625648,0.9514874808374354
P1,column_positional_ablation,source_only,emq,replace,0.1,decision_regret,5,0.00088916766867684,0.0007143295053981022,2.2104389693151016e-06,0.0017761248983843647
P1,column_positional_ablation,source_only,hdy,replace,0.05,prevalence_absolute_error,5,0.0058830946204817824,0.0006744997545092729,0.005045592558510341,0.006720596682453224
P1,column_positional_ablation,source_only,hdy,replace,0.05,prevalence_error,5,0.0008285902684037179,0.0033173008111271373,-0.0032903827199849927,0.004947563256792429
P1,column_positional_ablation,source_only,hdy,replace,0.05,false_positive_share,5,0.5622470012857865,0.020588758345329305,0.5366826812806739,0.5878113212908992
P1,column_positional_ablation,source_only,hdy,replace,0.05,prevalence_decision_error,5,0.0,0.0,0.0,0.0
P1,column_positional_ablation,source_only,hdy,replace,0.05,decision_regret,5,0.00035995375001174004,0.0003857283963316477,-0.0001189913127981397,0.0008388988128216197
P1,column_positional_ablation,source_only,hdy,replace,0.1,prevalence_absolute_error,5,0.006846992378048299,0.0007360771949567414,0.0059330318251717,0.007760952930924898
P1,column_positional_ablation,source_only,hdy,replace,0.1,prevalence_error,5,0.0003030417828552325,0.00336365228302415,-0.003873484159451753,0.004479567725162218
P1,column_positional_ablation,source_only,hdy,replace,0.1,false_positive_share,5,0.37850386094327715,0.019573829047655728,0.35419974210780797,0.40280797977874633
P1,column_positional_ablation,source_only,hdy,replace,0.1,prevalence_decision_error,5,0.476,0.17643695757975425,0.2569245818206144,0.6950754181793856
P1,column_positional_ablation,source_only,hdy,replace,0.1,decision_regret,5,0.0006893776163140279,0.000567831166582769,-1.567790028984058e-05,0.0013944331329178964
P1,column_positional_ablation,source_only,kdey,replace,0.05,prevalence_absolute_error,5,0.013853960362792303,0.010586477859519192,0.0007091119368460765,0.026998808788738532
P1,column_positional_ablation,source_only,kdey,replace,0.05,prevalence_error,5,-0.011804633892315506,0.01258128961052051,-0.02742636825267388,0.0038171004680428687
P1,column_positional_ablation,source_only,kdey,replace,0.05,false_positive_share,5,0.5622470012857865,0.020588758345329305,0.5366826812806739,0.5878113212908992
P1,column_positional_ablation,source_only,kdey,replace,0.05,prevalence_decision_error,5,0.0,0.0,0.0,0.0
P1,column_positional_ablation,source_only,kdey,replace,0.05,decision_regret,5,0.00035995375001174004,0.0003857283963316477,-0.0001189913127981397,0.0008388988128216197
P1,column_positional_ablation,source_only,kdey,replace,0.1,prevalence_absolute_error,5,0.016133132512587137,0.01545831224150522,-0.0030608972706824243,0.035327162295856696
P1,column_positional_ablation,source_only,kdey,replace,0.1,prevalence_error,5,-0.013425772272704448,0.017491737892327823,-0.035144633479624494,0.008293088934215598
P1,column_positional_ablation,source_only,kdey,replace,0.1,false_positive_share,5,0.37850386094327715,0.019573829047655728,0.35419974210780797,0.40280797977874633
P1,column_positional_ablation,source_only,kdey,replace,0.1,prevalence_decision_error,5,0.776,0.2123205124334434,0.5123692636312187,1.0396307363687813
P1,column_positional_ablation,source_only,kdey,replace,0.1,decision_regret,5,0.000734409837253492,0.0006217896060851894,-3.764393107978778e-05,0.0015064636055867717
P1,column_positional_ablation,source_only,median_sweep,replace,0.05,prevalence_absolute_error,5,0.009501832585930079,0.0030022525414667455,0.0057740436916750675,0.01322962148018509
P1,column_positional_ablation,source_only,median_sweep,replace,0.05,prevalence_error,5,3.96330846683942e-05,0.008773858605319538,-0.010854551270887166,0.010933817440223955
P1,column_positional_ablation,source_only,median_sweep,replace,0.05,false_positive_share,5,0.5622470012857865,0.020588758345329305,0.5366826812806739,0.5878113212908992
P1,column_positional_ablation,source_only,median_sweep,replace,0.05,prevalence_decision_error,5,0.0,0.0,0.0,0.0
P1,column_positional_ablation,source_only,median_sweep,replace,0.05,decision_regret,5,0.00035995375001174004,0.0003857283963316477,-0.0001189913127981397,0.0008388988128216197
P1,column_positional_ablation,source_only,median_sweep,replace,0.1,prevalence_absolute_error,5,0.009668674276121706,0.0033064070073669004,0.005563227731665578,0.013774120820577832
P1,column_positional_ablation,source_only,median_sweep,replace,0.1,prevalence_error,5,-0.000819311733737551,0.008581920265386515,-0.01147517316272328,0.009836549695248177
P1,column_positional_ablation,source_only,median_sweep,replace,0.1,false_positive_share,5,0.37850386094327715,0.019573829047655728,0.35419974210780797,0.40280797977874633
P1,column_positional_ablation,source_only,median_sweep,replace,0.1,prevalence_decision_error,5,0.53,0.2642915057280502,0.20183875230641618,0.8581612476935838
P1,column_positional_ablation,source_only,median_sweep,replace,0.1,decision_regret,5,0.0006203509943623041,0.0005056844100605871,-7.539132062836236e-06,0.0012482411207874445
P1,column_positional_ablation,source_only,pacc,replace,0.05,prevalence_absolute_error,5,0.00983599778585359,0.002817175262587449,0.006338012685668518,0.01333398288603866
P1,column_positional_ablation,source_only,pacc,replace,0.05,prevalence_error,5,0.0006297708089534126,0.008937099962752751,-0.010467104463144878,0.011726646081051704
P1,column_positional_ablation,source_only,pacc,replace,0.05,false_positive_share,5,0.5622470012857865,0.020588758345329305,0.5366826812806739,0.5878113212908992
P1,column_positional_ablation,source_only,pacc,replace,0.05,prevalence_decision_error,5,0.0,0.0,0.0,0.0
P1,column_positional_ablation,source_only,pacc,replace,0.05,decision_regret,5,0.00035995375001174004,0.0003857283963316477,-0.0001189913127981397,0.0008388988128216197
P1,column_positional_ablation,source_only,pacc,replace,0.1,prevalence_absolute_error,5,0.009970912258625717,0.0031072784209862734,0.006112716510891621,0.013829108006359812
P1,column_positional_ablation,source_only,pacc,replace,0.1,prevalence_error,5,-0.00031644992817178726,0.008945789982049196,-0.01142411528437417,0.010791215428030595
P1,column_positional_ablation,source_only,pacc,replace,0.1,false_positive_share,5,0.37850386094327715,0.019573829047655728,0.35419974210780797,0.40280797977874633
P1,column_positional_ablation,source_only,pacc,replace,0.1,prevalence_decision_error,5,0.496,0.27898028604186353,0.14960022261322997,0.84239977738677
P1,column_positional_ablation,source_only,pacc,replace,0.1,decision_regret,5,0.0006203509943623041,0.0005056844100605871,-7.539132062836236e-06,0.0012482411207874445
P1,column_positional_ablation,source_only,pcc,replace,0.05,prevalence_absolute_error,5,0.19649081799134294,0.028659813782666962,0.16090495902218133,0.23207667696050455
P1,column_positional_ablation,source_only,pcc,replace,0.05,prevalence_error,5,0.19649081799134294,0.028659813782666962,0.16090495902218133,0.23207667696050455
P1,column_positional_ablation,source_only,pcc,replace,0.05,false_positive_share,5,0.5622470012857865,0.020588758345329305,0.5366826812806739,0.5878113212908992
P1,column_positional_ablation,source_only,pcc,replace,0.05,prevalence_decision_error,5,1.0,0.0,1.0,1.0
P1,column_positional_ablation,source_only,pcc,replace,0.05,decision_regret,5,0.000767241098976782,0.0005108715145245083,0.0001329103316838687,0.0014015718662696952
P1,column_positional_ablation,source_only,pcc,replace,0.1,prevalence_absolute_error,5,0.17410636934761187,0.026169004726045227,0.14161325831045735,0.2065994803847664
P1,column_positional_ablation,source_only,pcc,replace,0.1,prevalence_error,5,0.17410636934761187,0.026169004726045227,0.14161325831045735,0.2065994803847664
P1,column_positional_ablation,source_only,pcc,replace,0.1,false_positive_share,5,0.37850386094327715,0.019573829047655728,0.35419974210780797,0.40280797977874633
P1,column_positional_ablation,source_only,pcc,replace,0.1,prevalence_decision_error,5,0.0,0.0,0.0,0.0
P1,column_positional_ablation,source_only,pcc,replace,0.1,decision_regret,5,0.0006729578517821159,0.0005636078549019568,-2.6853730754494644e-05,0.0013727694343187266
P1,column_positional_ablation,target_real_anchor,acc,replace,0.05,prevalence_absolute_error,5,0.010255868836473923,0.002996912995700629,0.0065347098639634595,0.013977027808984386
P1,column_positional_ablation,target_real_anchor,acc,replace,0.05,prevalence_error,5,0.0009336878692187654,0.009293149818682593,-0.010605281690553248,0.012472657428990779
P1,column_positional_ablation,target_real_anchor,acc,replace,0.05,false_positive_share,5,0.5528917097395274,0.031514068154877145,0.5137618258746767,0.5920215936043781
P1,column_positional_ablation,target_real_anchor,acc,replace,0.05,prevalence_decision_error,5,0.0,0.0,0.0,0.0
P1,column_positional_ablation,target_real_anchor,acc,replace,0.05,decision_regret,5,0.00042934684708526797,0.00040593660028275793,-7.469001503906448e-05,0.0009333837092096004
P1,column_positional_ablation,target_real_anchor,acc,replace,0.1,prevalence_absolute_error,5,0.010508080840847759,0.0030968595815636904,0.0066628217909277514,0.014353339890767767
P1,column_positional_ablation,target_real_anchor,acc,replace,0.1,prevalence_error,5,0.0003936574960322888,0.008913537653134221,-0.010673961304498145,0.011461276296562722
P1,column_positional_ablation,target_real_anchor,acc,replace,0.1,false_positive_share,5,0.36993685422534467,0.029458317341433757,0.3333595221348247,0.4065141863158646
P1,column_positional_ablation,target_real_anchor,acc,replace,0.1,prevalence_decision_error,5,0.46399999999999997,0.2617823523463719,0.13895427772641727,0.7890457222735827
P1,column_positional_ablation,target_real_anchor,acc,replace,0.1,decision_regret,5,0.000548438674226388,0.0003890207297119521,6.54056395880997e-05,0.0010314717088646763
P1,column_positional_ablation,target_real_anchor,cc,replace,0.05,prevalence_absolute_error,5,0.03385399999999994,0.006375972866943527,0.025937184037592122,0.041770815962407754
P1,column_positional_ablation,target_real_anchor,cc,replace,0.05,prevalence_error,5,0.03385399999999994,0.006375972866943527,0.025937184037592122,0.041770815962407754
P1,column_positional_ablation,target_real_anchor,cc,replace,0.05,false_positive_share,5,0.5528917097395274,0.031514068154877145,0.5137618258746767,0.5920215936043781
P1,column_positional_ablation,target_real_anchor,cc,replace,0.05,prevalence_decision_error,5,0.036,0.04505552130427524,-0.01994381872382127,0.09194381872382126
P1,column_positional_ablation,target_real_anchor,cc,replace,0.05,decision_regret,5,0.000507228832799784,0.00037582037772580887,4.058619998630725e-05,0.0009738714656132607
P1,column_positional_ablation,target_real_anchor,cc,replace,0.1,prevalence_absolute_error,5,0.018591999999999928,0.006456289181875306,0.010575458160872927,0.026608541839126927
P1,column_positional_ablation,target_real_anchor,cc,replace,0.1,prevalence_error,5,0.01854399999999993,0.006525352864022,0.01044170427316799,0.026646295726831866
P1,column_positional_ablation,target_real_anchor,cc,replace,0.1,false_positive_share,5,0.36993685422534467,0.029458317341433757,0.3333595221348247,0.4065141863158646
P1,column_positional_ablation,target_real_anchor,cc,replace,0.1,prevalence_decision_error,5,0.012,0.01788854381999832,-0.010211560841582347,0.03421156084158235
P1,column_positional_ablation,target_real_anchor,cc,replace,0.1,decision_regret,5,0.000674803249940156,0.0005821514438127369,-4.803323934446087e-05,0.001397639739224773
P1,column_positional_ablation,target_real_anchor,dys,replace,0.05,prevalence_absolute_error,5,0.006166440904559318,0.0009821262263729617,0.004946970127580291,0.007385911681538344
P1,column_positional_ablation,target_real_anchor,dys,replace,0.05,prevalence_error,5,0.000740522644430385,0.002880705228999784,-0.002836345327855977,0.004317390616716747
P1,column_positional_ablation,target_real_anchor,dys,replace,0.05,false_positive_share,5,0.5528917097395274,0.031514068154877145,0.5137618258746767,0.5920215936043781
P1,column_positional_ablation,target_real_anchor,dys,replace,0.05,prevalence_decision_error,5,0.0,0.0,0.0,0.0
P1,column_positional_ablation,target_real_anchor,dys,replace,0.05,decision_regret,5,0.00042934684708526797,0.00040593660028275793,-7.469001503906448e-05,0.0009333837092096004
P1,column_positional_ablation,target_real_anchor,dys,replace,0.1,prevalence_absolute_error,5,0.006956801736442852,0.000543959170249884,0.00628138721825078,0.007632216254634925
P1,column_positional_ablation,target_real_anchor,dys,replace,0.1,prevalence_error,5,0.0003615633732994679,0.002187154781030841,-0.0023541479768057643,0.0030772747234047
P1,column_positional_ablation,target_real_anchor,dys,replace,0.1,false_positive_share,5,0.36993685422534467,0.029458317341433757,0.3333595221348247,0.4065141863158646
P1,column_positional_ablation,target_real_anchor,dys,replace,0.1,prevalence_decision_error,5,0.44800000000000006,0.09654014708917737,0.3281295749780726,0.5678704250219275
P1,column_positional_ablation,target_real_anchor,dys,replace,0.1,decision_regret,5,0.00084576040585852,0.0006209230003183941,7.478267070650565e-05,0.0016167381410105344
P1,column_positional_ablation,target_real_anchor,emq,replace,0.05,prevalence_absolute_error,5,0.01101945642234714,0.0067363659282658195,0.0026551533704929926,0.01938375947420129
P1,column_positional_ablation,target_real_anchor,emq,replace,0.05,prevalence_error,5,-0.009370338011877751,0.008071602008198732,-0.01939255563328732,0.0006518796095318184
P1,column_positional_ablation,target_real_anchor,emq,replace,0.05,false_positive_share,5,0.5528917097395274,0.031514068154877145,0.5137618258746767,0.5920215936043781
P1,column_positional_ablation,target_real_anchor,emq,replace,0.05,prevalence_decision_error,5,0.0,0.0,0.0,0.0
P1,column_positional_ablation,target_real_anchor,emq,replace,0.05,decision_regret,5,0.00042934684708526797,0.00040593660028275793,-7.469001503906448e-05,0.0009333837092096004
P1,column_positional_ablation,target_real_anchor,emq,replace,0.1,prevalence_absolute_error,5,0.009927700403609168,0.004976171349636317,0.0037489675898727173,0.016106433217345617
P1,column_positional_ablation,target_real_anchor,emq,replace,0.1,prevalence_error,5,-0.005845689357246553,0.007779213823116393,-0.015504859095739242,0.0038134803812461364
P1,column_positional_ablation,target_real_anchor,emq,replace,0.1,false_positive_share,5,0.36993685422534467,0.029458317341433757,0.3333595221348247,0.4065141863158646
P1,column_positional_ablation,target_real_anchor,emq,replace,0.1,prevalence_decision_error,5,0.6900000000000001,0.21059439688652687,0.4285125191625648,0.9514874808374354
P1,column_positional_ablation,target_real_anchor,emq,replace,0.1,decision_regret,5,0.0009268249059696067,0.000770392933296101,-2.9744263774756003e-05,0.0018833940757139694
P1,column_positional_ablation,target_real_anchor,hdy,replace,0.05,prevalence_absolute_error,5,0.0058830946204817824,0.0006744997545092729,0.005045592558510341,0.006720596682453224
P1,column_positional_ablation,target_real_anchor,hdy,replace,0.05,prevalence_error,5,0.0008285902684037179,0.0033173008111271373,-0.0032903827199849927,0.004947563256792429
P1,column_positional_ablation,target_real_anchor,hdy,replace,0.05,false_positive_share,5,0.5528917097395274,0.031514068154877145,0.5137618258746767,0.5920215936043781
P1,column_positional_ablation,target_real_anchor,hdy,replace,0.05,prevalence_decision_error,5,0.0,0.0,0.0,0.0
P1,column_positional_ablation,target_real_anchor,hdy,replace,0.05,decision_regret,5,0.00042934684708526797,0.00040593660028275793,-7.469001503906448e-05,0.0009333837092096004
P1,column_positional_ablation,target_real_anchor,hdy,replace,0.1,prevalence_absolute_error,5,0.006846992378048299,0.0007360771949567414,0.0059330318251717,0.007760952930924898
P1,column_positional_ablation,target_real_anchor,hdy,replace,0.1,prevalence_error,5,0.0003030417828552325,0.00336365228302415,-0.003873484159451753,0.004479567725162218
P1,column_positional_ablation,target_real_anchor,hdy,replace,0.1,false_positive_share,5,0.36993685422534467,0.029458317341433757,0.3333595221348247,0.4065141863158646
P1,column_positional_ablation,target_real_anchor,hdy,replace,0.1,prevalence_decision_error,5,0.476,0.17643695757975425,0.2569245818206144,0.6950754181793856
P1,column_positional_ablation,target_real_anchor,hdy,replace,0.1,decision_regret,5,0.0006981974187508988,0.0005887035791314406,-3.277462107031178e-05,0.0014291694585721092
P1,column_positional_ablation,target_real_anchor,kdey,replace,0.05,prevalence_absolute_error,5,0.013853960362792303,0.010586477859519192,0.0007091119368460765,0.026998808788738532
P1,column_positional_ablation,target_real_anchor,kdey,replace,0.05,prevalence_error,5,-0.011804633892315506,0.01258128961052051,-0.02742636825267388,0.0038171004680428687
P1,column_positional_ablation,target_real_anchor,kdey,replace,0.05,false_positive_share,5,0.5528917097395274,0.031514068154877145,0.5137618258746767,0.5920215936043781
P1,column_positional_ablation,target_real_anchor,kdey,replace,0.05,prevalence_decision_error,5,0.0,0.0,0.0,0.0
P1,column_positional_ablation,target_real_anchor,kdey,replace,0.05,decision_regret,5,0.00042934684708526797,0.00040593660028275793,-7.469001503906448e-05,0.0009333837092096004
P1,column_positional_ablation,target_real_anchor,kdey,replace,0.1,prevalence_absolute_error,5,0.016133132512587137,0.01545831224150522,-0.0030608972706824243,0.035327162295856696
P1,column_positional_ablation,target_real_anchor,kdey,replace,0.1,prevalence_error,5,-0.013425772272704448,0.017491737892327823,-0.035144633479624494,0.008293088934215598
P1,column_positional_ablation,target_real_anchor,kdey,replace,0.1,false_positive_share,5,0.36993685422534467,0.029458317341433757,0.3333595221348247,0.4065141863158646
P1,column_positional_ablation,target_real_anchor,kdey,replace,0.1,prevalence_decision_error,5,0.776,0.2123205124334434,0.5123692636312187,1.0396307363687813
P1,column_positional_ablation,target_real_anchor,kdey,replace,0.1,decision_regret,5,0.0007646262750609827,0.0006817943843689694,-8.19332661874657e-05,0.001611185816309431
P1,column_positional_ablation,target_real_anchor,median_sweep,replace,0.05,prevalence_absolute_error,5,0.009501832585930079,0.0030022525414667455,0.0057740436916750675,0.01322962148018509
P1,column_positional_ablation,target_real_anchor,median_sweep,replace,0.05,prevalence_error,5,3.96330846683942e-05,0.008773858605319538,-0.010854551270887166,0.010933817440223955
P1,column_positional_ablation,target_real_anchor,median_sweep,replace,0.05,false_positive_share,5,0.5528917097395274,0.031514068154877145,0.5137618258746767,0.5920215936043781
P1,column_positional_ablation,target_real_anchor,median_sweep,replace,0.05,prevalence_decision_error,5,0.0,0.0,0.0,0.0
P1,column_positional_ablation,target_real_anchor,median_sweep,replace,0.05,decision_regret,5,0.00042934684708526797,0.00040593660028275793,-7.469001503906448e-05,0.0009333837092096004
P1,column_positional_ablation,target_real_anchor,median_sweep,replace,0.1,prevalence_absolute_error,5,0.009668674276121706,0.0033064070073669004,0.005563227731665578,0.013774120820577832
P1,column_positional_ablation,target_real_anchor,median_sweep,replace,0.1,prevalence_error,5,-0.000819311733737551,0.008581920265386515,-0.01147517316272328,0.009836549695248177
P1,column_positional_ablation,target_real_anchor,median_sweep,replace,0.1,false_positive_share,5,0.36993685422534467,0.029458317341433757,0.3333595221348247,0.4065141863158646
P1,column_positional_ablation,target_real_anchor,median_sweep,replace,0.1,prevalence_decision_error,5,0.53,0.2642915057280502,0.20183875230641618,0.8581612476935838
P1,column_positional_ablation,target_real_anchor,median_sweep,replace,0.1,decision_regret,5,0.0006172688936539508,0.0005165918806097368,-2.4164646263536522e-05,0.001258702433571438
P1,column_positional_ablation,target_real_anchor,pacc,replace,0.05,prevalence_absolute_error,5,0.00983599778585359,0.002817175262587449,0.006338012685668518,0.01333398288603866
P1,column_positional_ablation,target_real_anchor,pacc,replace,0.05,prevalence_error,5,0.0006297708089534126,0.008937099962752751,-0.010467104463144878,0.011726646081051704
P1,column_positional_ablation,target_real_anchor,pacc,replace,0.05,false_positive_share,5,0.5528917097395274,0.031514068154877145,0.5137618258746767,0.5920215936043781
P1,column_positional_ablation,target_real_anchor,pacc,replace,0.05,prevalence_decision_error,5,0.0,0.0,0.0,0.0
P1,column_positional_ablation,target_real_anchor,pacc,replace,0.05,decision_regret,5,0.00042934684708526797,0.00040593660028275793,-7.469001503906448e-05,0.0009333837092096004
P1,column_positional_ablation,target_real_anchor,pacc,replace,0.1,prevalence_absolute_error,5,0.009970912258625717,0.0031072784209862734,0.006112716510891621,0.013829108006359812
P1,column_positional_ablation,target_real_anchor,pacc,replace,0.1,prevalence_error,5,-0.00031644992817178726,0.008945789982049196,-0.01142411528437417,0.010791215428030595
P1,column_positional_ablation,target_real_anchor,pacc,replace,0.1,false_positive_share,5,0.36993685422534467,0.029458317341433757,0.3333595221348247,0.4065141863158646
P1,column_positional_ablation,target_real_anchor,pacc,replace,0.1,prevalence_decision_error,5,0.496,0.27898028604186353,0.14960022261322997,0.84239977738677
P1,column_positional_ablation,target_real_anchor,pacc,replace,0.1,decision_regret,5,0.0006172688936539508,0.0005165918806097368,-2.4164646263536522e-05,0.001258702433571438
P1,column_positional_ablation,target_real_anchor,pcc,replace,0.05,prevalence_absolute_error,5,0.19649081799134294,0.028659813782666962,0.16090495902218133,0.23207667696050455
P1,column_positional_ablation,target_real_anchor,pcc,replace,0.05,prevalence_error,5,0.19649081799134294,0.028659813782666962,0.16090495902218133,0.23207667696050455
P1,column_positional_ablation,target_real_anchor,pcc,replace,0.05,false_positive_share,5,0.5528917097395274,0.031514068154877145,0.5137618258746767,0.5920215936043781
P1,column_positional_ablation,target_real_anchor,pcc,replace,0.05,prevalence_decision_error,5,1.0,0.0,1.0,1.0
P1,column_positional_ablation,target_real_anchor,pcc,replace,0.05,decision_regret,5,0.0007517017910489319,0.000549041121617293,6.997719680332487e-05,0.001433426385294539
P1,column_positional_ablation,target_real_anchor,pcc,replace,0.1,prevalence_absolute_error,5,0.17410636934761187,0.026169004726045227,0.14161325831045735,0.2065994803847664
P1,column_positional_ablation,target_real_anchor,pcc,replace,0.1,prevalence_error,5,0.17410636934761187,0.026169004726045227,0.14161325831045735,0.2065994803847664
P1,column_positional_ablation,target_real_anchor,pcc,replace,0.1,false_positive_share,5,0.36993685422534467,0.029458317341433757,0.3333595221348247,0.4065141863158646
P1,column_positional_ablation,target_real_anchor,pcc,replace,0.1,prevalence_decision_error,5,0.0,0.0,0.0,0.0
P1,column_positional_ablation,target_real_anchor,pcc,replace,0.1,decision_regret,5,0.000674803249940156,0.0005821514438127369,-4.803323934446087e-05,0.001397639739224773
P1,datum_transformer,oracle_target,acc,replace,0.05,prevalence_absolute_error,5,0.011571118576534476,0.004433301577374995,0.006066447614727986,0.017075789538340966
P1,datum_transformer,oracle_target,acc,replace,0.05,prevalence_error,5,-0.001045525986539115,0.011413602243797475,-0.015217384982480143,0.013126333009401914
P1,datum_transformer,oracle_target,acc,replace,0.05,false_positive_share,5,0.5727203492053511,0.02413728353106078,0.5427499532303963,0.6026907451803059
P1,datum_transformer,oracle_target,acc,replace,0.05,prevalence_decision_error,5,0.0,0.0,0.0,0.0
P1,datum_transformer,oracle_target,acc,replace,0.05,decision_regret,5,0.00035764636571934005,0.00032840535832131157,-5.012274452543945e-05,0.0007654154759641195
P1,datum_transformer,oracle_target,acc,replace,0.1,prevalence_absolute_error,5,0.011371157318903782,0.0030668475534585,0.007563163123795067,0.015179151514012496
P1,datum_transformer,oracle_target,acc,replace,0.1,prevalence_error,5,-0.002203673040296895,0.00968537581027197,-0.014229655492985212,0.009822309412391421
P1,datum_transformer,oracle_target,acc,replace,0.1,false_positive_share,5,0.38868928130346714,0.0233631953960879,0.3596800426971449,0.4176985199097894
P1,datum_transformer,oracle_target,acc,replace,0.1,prevalence_decision_error,5,0.5900000000000001,0.2906888370749727,0.22906213632428696,0.9509378636757132
P1,datum_transformer,oracle_target,acc,replace,0.1,decision_regret,5,0.0008048584399180239,0.0004949052805670669,0.00019035237051696398,0.0014193645093190837
P1,datum_transformer,oracle_target,cc,replace,0.05,prevalence_absolute_error,5,0.03289199999999995,0.006518716898286049,0.024797943912915656,0.04098605608708424
P1,datum_transformer,oracle_target,cc,replace,0.05,prevalence_error,5,0.03289199999999995,0.006518716898286049,0.024797943912915656,0.04098605608708424
P1,datum_transformer,oracle_target,cc,replace,0.05,false_positive_share,5,0.5727203492053511,0.02413728353106078,0.5427499532303963,0.6026907451803059
P1,datum_transformer,oracle_target,cc,replace,0.05,prevalence_decision_error,5,0.032,0.04494441010848846,-0.023805855952215446,0.08780585595221545
P1,datum_transformer,oracle_target,cc,replace,0.05,decision_regret,5,0.00033490246917094405,0.00034302228240820317,-9.10159494770062e-05,0.0007608208878188943
P1,datum_transformer,oracle_target,cc,replace,0.1,prevalence_absolute_error,5,0.016437999999999925,0.004416878988607227,0.010953720375423678,0.02192227962457617
P1,datum_transformer,oracle_target,cc,replace,0.1,prevalence_error,5,0.016317999999999926,0.0045698271302096315,0.010643810174403802,0.021992189825596052
P1,datum_transformer,oracle_target,cc,replace,0.1,false_positive_share,5,0.38868928130346714,0.0233631953960879,0.3596800426971449,0.4176985199097894
P1,datum_transformer,oracle_target,cc,replace,0.1,prevalence_decision_error,5,0.02,0.02345207879911715,-0.009119601927901528,0.04911960192790153
P1,datum_transformer,oracle_target,cc,replace,0.1,decision_regret,5,0.0009847783081849651,0.00035505771575395446,0.0005439159252488145,0.0014256406911211158
P1,datum_transformer,oracle_target,dys,replace,0.05,prevalence_absolute_error,5,0.006136751750878843,0.0008196401166934215,0.0051190341264970894,0.007154469375260596
P1,datum_transformer,oracle_target,dys,replace,0.05,prevalence_error,5,0.0013138672833659247,0.00289772926027356,-0.0022841388156573795,0.0049118733823892285
P1,datum_transformer,oracle_target,dys,replace,0.05,false_positive_share,5,0.5727203492053511,0.02413728353106078,0.5427499532303963,0.6026907451803059
P1,datum_transformer,oracle_target,dys,replace,0.05,prevalence_decision_error,5,0.0,0.0,0.0,0.0
P1,datum_transformer,oracle_target,dys,replace,0.05,decision_regret,5,0.00035764636571934005,0.00032840535832131157,-5.012274452543945e-05,0.0007654154759641195
P1,datum_transformer,oracle_target,dys,replace,0.1,prevalence_absolute_error,5,0.007049276328167248,0.0010443793056209034,0.005752508143908726,0.008346044512425769
P1,datum_transformer,oracle_target,dys,replace,0.1,prevalence_error,5,0.00042999728259409726,0.002503063421642444,-0.0026779664532800536,0.003537961018468248
P1,datum_transformer,oracle_target,dys,replace,0.1,false_positive_share,5,0.38868928130346714,0.0233631953960879,0.3596800426971449,0.4176985199097894
P1,datum_transformer,oracle_target,dys,replace,0.1,prevalence_decision_error,5,0.45599999999999996,0.10089598604503551,0.33072108656460997,0.58127891343539
P1,datum_transformer,oracle_target,dys,replace,0.1,decision_regret,5,0.0010015809224286037,0.00028529655313404637,0.0006473384635904311,0.0013558233812667763
P1,datum_transformer,oracle_target,emq,replace,0.05,prevalence_absolute_error,5,0.013817846089449932,0.008628958955259421,0.0031035784127263436,0.02453211376617352
P1,datum_transformer,oracle_target,emq,replace,0.05,prevalence_error,5,-0.01160394368541655,0.01137387105631787,-0.025726469896258267,0.002518582525425167
P1,datum_transformer,oracle_target,emq,replace,0.05,false_positive_share,5,0.5727203492053511,0.02413728353106078,0.5427499532303963,0.6026907451803059
P1,datum_transformer,oracle_target,emq,replace,0.05,prevalence_decision_error,5,0.0,0.0,0.0,0.0
P1,datum_transformer,oracle_target,emq,replace,0.05,decision_regret,5,0.00035764636571934005,0.00032840535832131157,-5.012274452543945e-05,0.0007654154759641195
P1,datum_transformer,oracle_target,emq,replace,0.1,prevalence_absolute_error,5,0.011946415120831753,0.005179665482329451,0.005515010968684539,0.018377819272978966
P1,datum_transformer,oracle_target,emq,replace,0.1,prevalence_error,5,-0.008440647452818865,0.008915515354956462,-0.019510721894501155,0.0026294269888634276
P1,datum_transformer,oracle_target,emq,replace,0.1,false_positive_share,5,0.38868928130346714,0.0233631953960879,0.3596800426971449,0.4176985199097894
P1,datum_transformer,oracle_target,emq,replace,0.1,prevalence_decision_error,5,0.742,0.2631919451655008,0.4152040370707784,1.0687959629292216
P1,datum_transformer,oracle_target,emq,replace,0.1,decision_regret,5,0.00081607189813086,0.0002167053864847013,0.0005469966215159738,0.0010851471747457461
P1,datum_transformer,oracle_target,hdy,replace,0.05,prevalence_absolute_error,5,0.005755539178825444,0.0005764025677608065,0.005039840861964645,0.006471237495686242
P1,datum_transformer,oracle_target,hdy,replace,0.05,prevalence_error,5,0.0008739564235963955,0.0030613016732610994,-0.0029271516517328537,0.004675064498925645
P1,datum_transformer,oracle_target,hdy,replace,0.05,false_positive_share,5,0.5727203492053511,0.02413728353106078,0.5427499532303963,0.6026907451803059
P1,datum_transformer,oracle_target,hdy,replace,0.05,prevalence_decision_error,5,0.0,0.0,0.0,0.0
P1,datum_transformer,oracle_target,hdy,replace,0.05,decision_regret,5,0.00035764636571934005,0.00032840535832131157,-5.012274452543945e-05,0.0007654154759641195
P1,datum_transformer,oracle_target,hdy,replace,0.1,prevalence_absolute_error,5,0.006931044556400876,0.0009112182186359118,0.0057996176998132976,0.008062471412988454
P1,datum_transformer,oracle_target,hdy,replace,0.1,prevalence_error,5,-3.5048410014096724e-05,0.0030027534300810766,-0.003763459239628633,0.00369336241960044
P1,datum_transformer,oracle_target,hdy,replace,0.1,false_positive_share,5,0.38868928130346714,0.0233631953960879,0.3596800426971449,0.4176985199097894
P1,datum_transformer,oracle_target,hdy,replace,0.1,prevalence_decision_error,5,0.48599999999999993,0.14604793733565702,0.30465753419839525,0.6673424658016046
P1,datum_transformer,oracle_target,hdy,replace,0.1,decision_regret,5,0.0010015809224286037,0.00028529655313404637,0.0006473384635904311,0.0013558233812667763
P1,datum_transformer,oracle_target,kdey,replace,0.05,prevalence_absolute_error,5,0.017845702326379064,0.017707765897205963,-0.004141393076801957,0.03983279772956008
P1,datum_transformer,oracle_target,kdey,replace,0.05,prevalence_error,5,-0.0167484342192845,0.018615529894842622,-0.03986266749719648,0.006365799058627487
P1,datum_transformer,oracle_target,kdey,replace,0.05,false_positive_share,5,0.5727203492053511,0.02413728353106078,0.5427499532303963,0.6026907451803059
P1,datum_transformer,oracle_target,kdey,replace,0.05,prevalence_decision_error,5,0.0,0.0,0.0,0.0
P1,datum_transformer,oracle_target,kdey,replace,0.05,decision_regret,5,0.00035764636571934005,0.00032840535832131157,-5.012274452543945e-05,0.0007654154759641195
P1,datum_transformer,oracle_target,kdey,replace,0.1,prevalence_absolute_error,5,0.02691597291889441,0.03610993932999011,-0.01792043872447647,0.07175238456226529
P1,datum_transformer,oracle_target,kdey,replace,0.1,prevalence_error,5,-0.025510218600184282,0.0370752252040708,-0.07154519096137579,0.020524753761007233
P1,datum_transformer,oracle_target,kdey,replace,0.1,false_positive_share,5,0.38868928130346714,0.0233631953960879,0.3596800426971449,0.4176985199097894
P1,datum_transformer,oracle_target,kdey,replace,0.1,prevalence_decision_error,5,0.85,0.17088007490635063,0.6378243629784219,1.062175637021578
P1,datum_transformer,oracle_target,kdey,replace,0.1,decision_regret,5,0.00036008366796161064,0.00027924889904743053,1.3350363476378742e-05,0.0007068169724468425
P1,datum_transformer,oracle_target,median_sweep,replace,0.05,prevalence_absolute_error,5,0.00949758000137978,0.004561723307410729,0.003833452400800876,0.015161707601958684
P1,datum_transformer,oracle_target,median_sweep,replace,0.05,prevalence_error,5,-0.0027385629775134165,0.008698126185614713,-0.013538713114024638,0.008061587158997803
P1,datum_transformer,oracle_target,median_sweep,replace,0.05,false_positive_share,5,0.5727203492053511,0.02413728353106078,0.5427499532303963,0.6026907451803059
P1,datum_transformer,oracle_target,median_sweep,replace,0.05,prevalence_decision_error,5,0.0,0.0,0.0,0.0
P1,datum_transformer,oracle_target,median_sweep,replace,0.05,decision_regret,5,0.00035764636571934005,0.00032840535832131157,-5.012274452543945e-05,0.0007654154759641195
P1,datum_transformer,oracle_target,median_sweep,replace,0.1,prevalence_absolute_error,5,0.010465690199986055,0.0038909632735278144,0.005634421184913503,0.015296959215058609
P1,datum_transformer,oracle_target,median_sweep,replace,0.1,prevalence_error,5,-0.0038790614034874688,0.00826936495288455,-0.014146834153492181,0.006388711346517244
P1,datum_transformer,oracle_target,median_sweep,replace,0.1,false_positive_share,5,0.38868928130346714,0.0233631953960879,0.3596800426971449,0.4176985199097894
P1,datum_transformer,oracle_target,median_sweep,replace,0.1,prevalence_decision_error,5,0.5980000000000001,0.23847431727546678,0.30189502574283106,0.8941049742571692
P1,datum_transformer,oracle_target,median_sweep,replace,0.1,decision_regret,5,0.0008447803581181759,0.00035813844828558897,0.00040009274050939957,0.0012894679757269522
P1,datum_transformer,oracle_target,pacc,replace,0.05,prevalence_absolute_error,5,0.009773495264096297,0.004066030125331438,0.004724852041860312,0.014822138486332282
P1,datum_transformer,oracle_target,pacc,replace,0.05,prevalence_error,5,-0.002026157893573232,0.008748371150145562,-0.012888695393633434,0.00883637960648697
P1,datum_transformer,oracle_target,pacc,replace,0.05,false_positive_share,5,0.5727203492053511,0.02413728353106078,0.5427499532303963,0.6026907451803059
P1,datum_transformer,oracle_target,pacc,replace,0.05,prevalence_decision_error,5,0.0,0.0,0.0,0.0
P1,datum_transformer,oracle_target,pacc,replace,0.05,decision_regret,5,0.00035764636571934005,0.00032840535832131157,-5.012274452543945e-05,0.0007654154759641195
P1,datum_transformer,oracle_target,pacc,replace,0.1,prevalence_absolute_error,5,0.010761952355978256,0.0035975852588355723,0.006294960259613555,0.015228944452342956
P1,datum_transformer,oracle_target,pacc,replace,0.1,prevalence_error,5,-0.003053783009033994,0.008663956848135089,-0.01381150630935429,0.007703940291286301
P1,datum_transformer,oracle_target,pacc,replace,0.1,false_positive_share,5,0.38868928130346714,0.0233631953960879,0.3596800426971449,0.4176985199097894
P1,datum_transformer,oracle_target,pacc,replace,0.1,prevalence_decision_error,5,0.582,0.25917175772062817,0.2601957590871075,0.9038042409128924
P1,datum_transformer,oracle_target,pacc,replace,0.1,decision_regret,5,0.0008447803581181759,0.00035813844828558897,0.00040009274050939957,0.0012894679757269522
P1,datum_transformer,oracle_target,pcc,replace,0.05,prevalence_absolute_error,5,0.20541407768011574,0.03754982526956375,0.15878981150405647,0.252038343856175
P1,datum_transformer,oracle_target,pcc,replace,0.05,prevalence_error,5,0.20541407768011574,0.03754982526956375,0.15878981150405647,0.252038343856175
P1,datum_transformer,oracle_target,pcc,replace,0.05,false_positive_share,5,0.5727203492053511,0.02413728353106078,0.5427499532303963,0.6026907451803059
P1,datum_transformer,oracle_target,pcc,replace,0.05,prevalence_decision_error,5,1.0,0.0,1.0,1.0
P1,datum_transformer,oracle_target,pcc,replace,0.05,decision_regret,5,0.00075195824085302,0.0009607801896592132,-0.0004410079308342095,0.0019449244125402496
P1,datum_transformer,oracle_target,pcc,replace,0.1,prevalence_absolute_error,5,0.181842425328218,0.03406081680772745,0.1395503353486492,0.22413451530778683
P1,datum_transformer,oracle_target,pcc,replace,0.1,prevalence_error,5,0.181842425328218,0.03406081680772745,0.1395503353486492,0.22413451530778683
P1,datum_transformer,oracle_target,pcc,replace,0.1,false_positive_share,5,0.38868928130346714,0.0233631953960879,0.3596800426971449,0.4176985199097894
P1,datum_transformer,oracle_target,pcc,replace,0.1,prevalence_decision_error,5,0.0,0.0,0.0,0.0
P1,datum_transformer,oracle_target,pcc,replace,0.1,decision_regret,5,0.0009847783081849651,0.00035505771575395446,0.0005439159252488145,0.0014256406911211158
P1,datum_transformer,source_only,acc,replace,0.05,prevalence_absolute_error,5,0.011571118576534476,0.004433301577374995,0.006066447614727986,0.017075789538340966
P1,datum_transformer,source_only,acc,replace,0.05,prevalence_error,5,-0.001045525986539115,0.011413602243797475,-0.015217384982480143,0.013126333009401914
P1,datum_transformer,source_only,acc,replace,0.05,false_positive_share,5,0.5727203492053511,0.02413728353106078,0.5427499532303963,0.6026907451803059
P1,datum_transformer,source_only,acc,replace,0.05,prevalence_decision_error,5,0.0,0.0,0.0,0.0
P1,datum_transformer,source_only,acc,replace,0.05,decision_regret,5,0.00035764636571934005,0.00032840535832131157,-5.012274452543945e-05,0.0007654154759641195
P1,datum_transformer,source_only,acc,replace,0.1,prevalence_absolute_error,5,0.011371157318903782,0.0030668475534585,0.007563163123795067,0.015179151514012496
P1,datum_transformer,source_only,acc,replace,0.1,prevalence_error,5,-0.002203673040296895,0.00968537581027197,-0.014229655492985212,0.009822309412391421
P1,datum_transformer,source_only,acc,replace,0.1,false_positive_share,5,0.38868928130346714,0.0233631953960879,0.3596800426971449,0.4176985199097894
P1,datum_transformer,source_only,acc,replace,0.1,prevalence_decision_error,5,0.5900000000000001,0.2906888370749727,0.22906213632428696,0.9509378636757132
P1,datum_transformer,source_only,acc,replace,0.1,decision_regret,5,0.0008048584399180239,0.0004949052805670669,0.00019035237051696398,0.0014193645093190837
P1,datum_transformer,source_only,cc,replace,0.05,prevalence_absolute_error,5,0.03289199999999995,0.006518716898286049,0.024797943912915656,0.04098605608708424
P1,datum_transformer,source_only,cc,replace,0.05,prevalence_error,5,0.03289199999999995,0.006518716898286049,0.024797943912915656,0.04098605608708424
P1,datum_transformer,source_only,cc,replace,0.05,false_positive_share,5,0.5727203492053511,0.02413728353106078,0.5427499532303963,0.6026907451803059
P1,datum_transformer,source_only,cc,replace,0.05,prevalence_decision_error,5,0.032,0.04494441010848846,-0.023805855952215446,0.08780585595221545
P1,datum_transformer,source_only,cc,replace,0.05,decision_regret,5,0.00033490246917094405,0.00034302228240820317,-9.10159494770062e-05,0.0007608208878188943
P1,datum_transformer,source_only,cc,replace,0.1,prevalence_absolute_error,5,0.016437999999999925,0.004416878988607227,0.010953720375423678,0.02192227962457617
P1,datum_transformer,source_only,cc,replace,0.1,prevalence_error,5,0.016317999999999926,0.0045698271302096315,0.010643810174403802,0.021992189825596052
P1,datum_transformer,source_only,cc,replace,0.1,false_positive_share,5,0.38868928130346714,0.0233631953960879,0.3596800426971449,0.4176985199097894
P1,datum_transformer,source_only,cc,replace,0.1,prevalence_decision_error,5,0.02,0.02345207879911715,-0.009119601927901528,0.04911960192790153
P1,datum_transformer,source_only,cc,replace,0.1,decision_regret,5,0.0009847783081849651,0.00035505771575395446,0.0005439159252488145,0.0014256406911211158
P1,datum_transformer,source_only,dys,replace,0.05,prevalence_absolute_error,5,0.006136751750878843,0.0008196401166934215,0.0051190341264970894,0.007154469375260596
P1,datum_transformer,source_only,dys,replace,0.05,prevalence_error,5,0.0013138672833659247,0.00289772926027356,-0.0022841388156573795,0.0049118733823892285
P1,datum_transformer,source_only,dys,replace,0.05,false_positive_share,5,0.5727203492053511,0.02413728353106078,0.5427499532303963,0.6026907451803059
P1,datum_transformer,source_only,dys,replace,0.05,prevalence_decision_error,5,0.0,0.0,0.0,0.0
P1,datum_transformer,source_only,dys,replace,0.05,decision_regret,5,0.00035764636571934005,0.00032840535832131157,-5.012274452543945e-05,0.0007654154759641195
P1,datum_transformer,source_only,dys,replace,0.1,prevalence_absolute_error,5,0.007049276328167248,0.0010443793056209034,0.005752508143908726,0.008346044512425769
P1,datum_transformer,source_only,dys,replace,0.1,prevalence_error,5,0.00042999728259409726,0.002503063421642444,-0.0026779664532800536,0.003537961018468248
P1,datum_transformer,source_only,dys,replace,0.1,false_positive_share,5,0.38868928130346714,0.0233631953960879,0.3596800426971449,0.4176985199097894
P1,datum_transformer,source_only,dys,replace,0.1,prevalence_decision_error,5,0.45599999999999996,0.10089598604503551,0.33072108656460997,0.58127891343539
P1,datum_transformer,source_only,dys,replace,0.1,decision_regret,5,0.0010015809224286037,0.00028529655313404637,0.0006473384635904311,0.0013558233812667763
P1,datum_transformer,source_only,emq,replace,0.05,prevalence_absolute_error,5,0.013817846089449932,0.008628958955259421,0.0031035784127263436,0.02453211376617352
P1,datum_transformer,source_only,emq,replace,0.05,prevalence_error,5,-0.01160394368541655,0.01137387105631787,-0.025726469896258267,0.002518582525425167
P1,datum_transformer,source_only,emq,replace,0.05,false_positive_share,5,0.5727203492053511,0.02413728353106078,0.5427499532303963,0.6026907451803059
P1,datum_transformer,source_only,emq,replace,0.05,prevalence_decision_error,5,0.0,0.0,0.0,0.0
P1,datum_transformer,source_only,emq,replace,0.05,decision_regret,5,0.00035764636571934005,0.00032840535832131157,-5.012274452543945e-05,0.0007654154759641195
P1,datum_transformer,source_only,emq,replace,0.1,prevalence_absolute_error,5,0.011946415120831753,0.005179665482329451,0.005515010968684539,0.018377819272978966
P1,datum_transformer,source_only,emq,replace,0.1,prevalence_error,5,-0.008440647452818865,0.008915515354956462,-0.019510721894501155,0.0026294269888634276
P1,datum_transformer,source_only,emq,replace,0.1,false_positive_share,5,0.38868928130346714,0.0233631953960879,0.3596800426971449,0.4176985199097894
P1,datum_transformer,source_only,emq,replace,0.1,prevalence_decision_error,5,0.742,0.2631919451655008,0.4152040370707784,1.0687959629292216
P1,datum_transformer,source_only,emq,replace,0.1,decision_regret,5,0.00081607189813086,0.0002167053864847013,0.0005469966215159738,0.0010851471747457461
P1,datum_transformer,source_only,hdy,replace,0.05,prevalence_absolute_error,5,0.005755539178825444,0.0005764025677608065,0.005039840861964645,0.006471237495686242
P1,datum_transformer,source_only,hdy,replace,0.05,prevalence_error,5,0.0008739564235963955,0.0030613016732610994,-0.0029271516517328537,0.004675064498925645
P1,datum_transformer,source_only,hdy,replace,0.05,false_positive_share,5,0.5727203492053511,0.02413728353106078,0.5427499532303963,0.6026907451803059
P1,datum_transformer,source_only,hdy,replace,0.05,prevalence_decision_error,5,0.0,0.0,0.0,0.0
P1,datum_transformer,source_only,hdy,replace,0.05,decision_regret,5,0.00035764636571934005,0.00032840535832131157,-5.012274452543945e-05,0.0007654154759641195
P1,datum_transformer,source_only,hdy,replace,0.1,prevalence_absolute_error,5,0.006931044556400876,0.0009112182186359118,0.0057996176998132976,0.008062471412988454
P1,datum_transformer,source_only,hdy,replace,0.1,prevalence_error,5,-3.5048410014096724e-05,0.0030027534300810766,-0.003763459239628633,0.00369336241960044
P1,datum_transformer,source_only,hdy,replace,0.1,false_positive_share,5,0.38868928130346714,0.0233631953960879,0.3596800426971449,0.4176985199097894
P1,datum_transformer,source_only,hdy,replace,0.1,prevalence_decision_error,5,0.48599999999999993,0.14604793733565702,0.30465753419839525,0.6673424658016046
P1,datum_transformer,source_only,hdy,replace,0.1,decision_regret,5,0.0010015809224286037,0.00028529655313404637,0.0006473384635904311,0.0013558233812667763
P1,datum_transformer,source_only,kdey,replace,0.05,prevalence_absolute_error,5,0.017845702326379064,0.017707765897205963,-0.004141393076801957,0.03983279772956008
P1,datum_transformer,source_only,kdey,replace,0.05,prevalence_error,5,-0.0167484342192845,0.018615529894842622,-0.03986266749719648,0.006365799058627487
P1,datum_transformer,source_only,kdey,replace,0.05,false_positive_share,5,0.5727203492053511,0.02413728353106078,0.5427499532303963,0.6026907451803059
P1,datum_transformer,source_only,kdey,replace,0.05,prevalence_decision_error,5,0.0,0.0,0.0,0.0
P1,datum_transformer,source_only,kdey,replace,0.05,decision_regret,5,0.00035764636571934005,0.00032840535832131157,-5.012274452543945e-05,0.0007654154759641195
P1,datum_transformer,source_only,kdey,replace,0.1,prevalence_absolute_error,5,0.02691597291889441,0.03610993932999011,-0.01792043872447647,0.07175238456226529
P1,datum_transformer,source_only,kdey,replace,0.1,prevalence_error,5,-0.025510218600184282,0.0370752252040708,-0.07154519096137579,0.020524753761007233
P1,datum_transformer,source_only,kdey,replace,0.1,false_positive_share,5,0.38868928130346714,0.0233631953960879,0.3596800426971449,0.4176985199097894
P1,datum_transformer,source_only,kdey,replace,0.1,prevalence_decision_error,5,0.85,0.17088007490635063,0.6378243629784219,1.062175637021578
P1,datum_transformer,source_only,kdey,replace,0.1,decision_regret,5,0.00036008366796161064,0.00027924889904743053,1.3350363476378742e-05,0.0007068169724468425
P1,datum_transformer,source_only,median_sweep,replace,0.05,prevalence_absolute_error,5,0.00949758000137978,0.004561723307410729,0.003833452400800876,0.015161707601958684
P1,datum_transformer,source_only,median_sweep,replace,0.05,prevalence_error,5,-0.0027385629775134165,0.008698126185614713,-0.013538713114024638,0.008061587158997803
P1,datum_transformer,source_only,median_sweep,replace,0.05,false_positive_share,5,0.5727203492053511,0.02413728353106078,0.5427499532303963,0.6026907451803059
P1,datum_transformer,source_only,median_sweep,replace,0.05,prevalence_decision_error,5,0.0,0.0,0.0,0.0
P1,datum_transformer,source_only,median_sweep,replace,0.05,decision_regret,5,0.00035764636571934005,0.00032840535832131157,-5.012274452543945e-05,0.0007654154759641195
P1,datum_transformer,source_only,median_sweep,replace,0.1,prevalence_absolute_error,5,0.010465690199986055,0.0038909632735278144,0.005634421184913503,0.015296959215058609
P1,datum_transformer,source_only,median_sweep,replace,0.1,prevalence_error,5,-0.0038790614034874688,0.00826936495288455,-0.014146834153492181,0.006388711346517244
P1,datum_transformer,source_only,median_sweep,replace,0.1,false_positive_share,5,0.38868928130346714,0.0233631953960879,0.3596800426971449,0.4176985199097894
P1,datum_transformer,source_only,median_sweep,replace,0.1,prevalence_decision_error,5,0.5980000000000001,0.23847431727546678,0.30189502574283106,0.8941049742571692
P1,datum_transformer,source_only,median_sweep,replace,0.1,decision_regret,5,0.0008447803581181759,0.00035813844828558897,0.00040009274050939957,0.0012894679757269522
P1,datum_transformer,source_only,pacc,replace,0.05,prevalence_absolute_error,5,0.009773495264096297,0.004066030125331438,0.004724852041860312,0.014822138486332282
P1,datum_transformer,source_only,pacc,replace,0.05,prevalence_error,5,-0.002026157893573232,0.008748371150145562,-0.012888695393633434,0.00883637960648697
P1,datum_transformer,source_only,pacc,replace,0.05,false_positive_share,5,0.5727203492053511,0.02413728353106078,0.5427499532303963,0.6026907451803059
P1,datum_transformer,source_only,pacc,replace,0.05,prevalence_decision_error,5,0.0,0.0,0.0,0.0
P1,datum_transformer,source_only,pacc,replace,0.05,decision_regret,5,0.00035764636571934005,0.00032840535832131157,-5.012274452543945e-05,0.0007654154759641195
P1,datum_transformer,source_only,pacc,replace,0.1,prevalence_absolute_error,5,0.010761952355978256,0.0035975852588355723,0.006294960259613555,0.015228944452342956
P1,datum_transformer,source_only,pacc,replace,0.1,prevalence_error,5,-0.003053783009033994,0.008663956848135089,-0.01381150630935429,0.007703940291286301
P1,datum_transformer,source_only,pacc,replace,0.1,false_positive_share,5,0.38868928130346714,0.0233631953960879,0.3596800426971449,0.4176985199097894
P1,datum_transformer,source_only,pacc,replace,0.1,prevalence_decision_error,5,0.582,0.25917175772062817,0.2601957590871075,0.9038042409128924
P1,datum_transformer,source_only,pacc,replace,0.1,decision_regret,5,0.0008447803581181759,0.00035813844828558897,0.00040009274050939957,0.0012894679757269522
P1,datum_transformer,source_only,pcc,replace,0.05,prevalence_absolute_error,5,0.20541407768011574,0.03754982526956375,0.15878981150405647,0.252038343856175
P1,datum_transformer,source_only,pcc,replace,0.05,prevalence_error,5,0.20541407768011574,0.03754982526956375,0.15878981150405647,0.252038343856175
P1,datum_transformer,source_only,pcc,replace,0.05,false_positive_share,5,0.5727203492053511,0.02413728353106078,0.5427499532303963,0.6026907451803059
P1,datum_transformer,source_only,pcc,replace,0.05,prevalence_decision_error,5,1.0,0.0,1.0,1.0
P1,datum_transformer,source_only,pcc,replace,0.05,decision_regret,5,0.00075195824085302,0.0009607801896592132,-0.0004410079308342095,0.0019449244125402496
P1,datum_transformer,source_only,pcc,replace,0.1,prevalence_absolute_error,5,0.181842425328218,0.03406081680772745,0.1395503353486492,0.22413451530778683
P1,datum_transformer,source_only,pcc,replace,0.1,prevalence_error,5,0.181842425328218,0.03406081680772745,0.1395503353486492,0.22413451530778683
P1,datum_transformer,source_only,pcc,replace,0.1,false_positive_share,5,0.38868928130346714,0.0233631953960879,0.3596800426971449,0.4176985199097894
P1,datum_transformer,source_only,pcc,replace,0.1,prevalence_decision_error,5,0.0,0.0,0.0,0.0
P1,datum_transformer,source_only,pcc,replace,0.1,decision_regret,5,0.0009847783081849651,0.00035505771575395446,0.0005439159252488145,0.0014256406911211158
P1,datum_transformer,target_real_anchor,acc,replace,0.05,prevalence_absolute_error,5,0.011528049462107441,0.004969824592375643,0.005357197188366908,0.017698901735847976
P1,datum_transformer,target_real_anchor,acc,replace,0.05,prevalence_error,5,-0.0006052485693584864,0.011588277672786158,-0.01499399575684556,0.013783498618128586
P1,datum_transformer,target_real_anchor,acc,replace,0.05,false_positive_share,5,0.5790964650451583,0.07950958720290943,0.48037227310326297,0.6778206569870537
P1,datum_transformer,target_real_anchor,acc,replace,0.05,prevalence_decision_error,5,0.0,0.0,0.0,0.0
P1,datum_transformer,target_real_anchor,acc,replace,0.05,decision_regret,5,0.000274592637086653,0.00020939630718767331,1.4592781094902962e-05,0.000534592493078403
P1,datum_transformer,target_real_anchor,acc,replace,0.1,prevalence_absolute_error,5,0.011987297863148052,0.0037767580194611825,0.007297833400455751,0.016676762325840352
P1,datum_transformer,target_real_anchor,acc,replace,0.1,prevalence_error,5,-0.001677441874523581,0.010254851928927429,-0.014410522321583193,0.011055638572536032
P1,datum_transformer,target_real_anchor,acc,replace,0.1,false_positive_share,5,0.39827205283142947,0.07705040279716865,0.30260134163108654,0.4939427640317724
P1,datum_transformer,target_real_anchor,acc,replace,0.1,prevalence_decision_error,5,0.552,0.2842006333560852,0.19911830529504126,0.9048816947049588
P1,datum_transformer,target_real_anchor,acc,replace,0.1,decision_regret,5,0.0010186909550146672,0.0004498621034438946,0.0004601133770121658,0.0015772685330171688
P1,datum_transformer,target_real_anchor,cc,replace,0.05,prevalence_absolute_error,5,0.036795999999999954,0.016045176222154754,0.016873282340115318,0.05671871765988459
P1,datum_transformer,target_real_anchor,cc,replace,0.05,prevalence_error,5,0.036759999999999945,0.01611566318833948,0.016749761211861124,0.05677023878813876
P1,datum_transformer,target_real_anchor,cc,replace,0.05,false_positive_share,5,0.5790964650451583,0.07950958720290943,0.48037227310326297,0.6778206569870537
P1,datum_transformer,target_real_anchor,cc,replace,0.05,prevalence_decision_error,5,0.21200000000000002,0.3018608951156145,-0.16280980593062094,0.586809805930621
P1,datum_transformer,target_real_anchor,cc,replace,0.05,decision_regret,5,0.00039474291987101704,0.00028755354100296814,3.7698040451621616e-05,0.0007517877992904125
P1,datum_transformer,target_real_anchor,cc,replace,0.1,prevalence_absolute_error,5,0.022187999999999944,0.01178293129912925,0.007557558412562847,0.03681844158743704
P1,datum_transformer,target_real_anchor,cc,replace,0.1,prevalence_error,5,0.02030399999999994,0.01528813036312811,0.0013212789282579275,0.039286721071741956
P1,datum_transformer,target_real_anchor,cc,replace,0.1,false_positive_share,5,0.39827205283142947,0.07705040279716865,0.30260134163108654,0.4939427640317724
P1,datum_transformer,target_real_anchor,cc,replace,0.1,prevalence_decision_error,5,0.134,0.29407482041140487,-0.23114211728307882,0.49914211728307883
P1,datum_transformer,target_real_anchor,cc,replace,0.1,decision_regret,5,0.0009112132362906072,0.00037190920270631063,0.0004494269686895153,0.0013729995038916992
P1,datum_transformer,target_real_anchor,dys,replace,0.05,prevalence_absolute_error,5,0.006136751750878843,0.0008196401166934215,0.0051190341264970894,0.007154469375260596
P1,datum_transformer,target_real_anchor,dys,replace,0.05,prevalence_error,5,0.0013138672833659247,0.00289772926027356,-0.0022841388156573795,0.0049118733823892285
P1,datum_transformer,target_real_anchor,dys,replace,0.05,false_positive_share,5,0.5790964650451583,0.07950958720290943,0.48037227310326297,0.6778206569870537
P1,datum_transformer,target_real_anchor,dys,replace,0.05,prevalence_decision_error,5,0.0,0.0,0.0,0.0
P1,datum_transformer,target_real_anchor,dys,replace,0.05,decision_regret,5,0.000274592637086653,0.00020939630718767331,1.4592781094902962e-05,0.000534592493078403
P1,datum_transformer,target_real_anchor,dys,replace,0.1,prevalence_absolute_error,5,0.007049276328167248,0.0010443793056209034,0.005752508143908726,0.008346044512425769
P1,datum_transformer,target_real_anchor,dys,replace,0.1,prevalence_error,5,0.00042999728259409726,0.002503063421642444,-0.0026779664532800536,0.003537961018468248
P1,datum_transformer,target_real_anchor,dys,replace,0.1,false_positive_share,5,0.39827205283142947,0.07705040279716865,0.30260134163108654,0.4939427640317724
P1,datum_transformer,target_real_anchor,dys,replace,0.1,prevalence_decision_error,5,0.45599999999999996,0.10089598604503551,0.33072108656460997,0.58127891343539
P1,datum_transformer,target_real_anchor,dys,replace,0.1,decision_regret,5,0.0010296685293831231,0.0003646795141328557,0.0005768591058019154,0.001482477952964331
P1,datum_transformer,target_real_anchor,emq,replace,0.05,prevalence_absolute_error,5,0.013817846089449932,0.008628958955259421,0.0031035784127263436,0.02453211376617352
P1,datum_transformer,target_real_anchor,emq,replace,0.05,prevalence_error,5,-0.01160394368541655,0.01137387105631787,-0.025726469896258267,0.002518582525425167
P1,datum_transformer,target_real_anchor,emq,replace,0.05,false_positive_share,5,0.5790964650451583,0.07950958720290943,0.48037227310326297,0.6778206569870537
P1,datum_transformer,target_real_anchor,emq,replace,0.05,prevalence_decision_error,5,0.0,0.0,0.0,0.0
P1,datum_transformer,target_real_anchor,emq,replace,0.05,decision_regret,5,0.000274592637086653,0.00020939630718767331,1.4592781094902962e-05,0.000534592493078403
P1,datum_transformer,target_real_anchor,emq,replace,0.1,prevalence_absolute_error,5,0.011946415120831753,0.005179665482329451,0.005515010968684539,0.018377819272978966
P1,datum_transformer,target_real_anchor,emq,replace,0.1,prevalence_error,5,-0.008440647452818865,0.008915515354956462,-0.019510721894501155,0.0026294269888634276
P1,datum_transformer,target_real_anchor,emq,replace,0.1,false_positive_share,5,0.39827205283142947,0.07705040279716865,0.30260134163108654,0.4939427640317724
P1,datum_transformer,target_real_anchor,emq,replace,0.1,prevalence_decision_error,5,0.742,0.2631919451655008,0.4152040370707784,1.0687959629292216
P1,datum_transformer,target_real_anchor,emq,replace,0.1,decision_regret,5,0.0008899088558303311,0.0002116772978786536,0.0006270767758173529,0.0011527409358433093
P1,datum_transformer,target_real_anchor,hdy,replace,0.05,prevalence_absolute_error,5,0.005755539178825444,0.0005764025677608065,0.005039840861964645,0.006471237495686242
P1,datum_transformer,target_real_anchor,hdy,replace,0.05,prevalence_error,5,0.0008739564235963955,0.0030613016732610994,-0.0029271516517328537,0.004675064498925645
P1,datum_transformer,target_real_anchor,hdy,replace,0.05,false_positive_share,5,0.5790964650451583,0.07950958720290943,0.48037227310326297,0.6778206569870537
P1,datum_transformer,target_real_anchor,hdy,replace,0.05,prevalence_decision_error,5,0.0,0.0,0.0,0.0
P1,datum_transformer,target_real_anchor,hdy,replace,0.05,decision_regret,5,0.000274592637086653,0.00020939630718767331,1.4592781094902962e-05,0.000534592493078403
P1,datum_transformer,target_real_anchor,hdy,replace,0.1,prevalence_absolute_error,5,0.006931044556400876,0.0009112182186359118,0.0057996176998132976,0.008062471412988454
P1,datum_transformer,target_real_anchor,hdy,replace,0.1,prevalence_error,5,-3.5048410014096724e-05,0.0030027534300810766,-0.003763459239628633,0.00369336241960044
P1,datum_transformer,target_real_anchor,hdy,replace,0.1,false_positive_share,5,0.39827205283142947,0.07705040279716865,0.30260134163108654,0.4939427640317724
P1,datum_transformer,target_real_anchor,hdy,replace,0.1,prevalence_decision_error,5,0.48599999999999993,0.14604793733565702,0.30465753419839525,0.6673424658016046
P1,datum_transformer,target_real_anchor,hdy,replace,0.1,decision_regret,5,0.0010296685293831231,0.0003646795141328557,0.0005768591058019154,0.001482477952964331
P1,datum_transformer,target_real_anchor,kdey,replace,0.05,prevalence_absolute_error,5,0.017845702326379064,0.017707765897205963,-0.004141393076801957,0.03983279772956008
P1,datum_transformer,target_real_anchor,kdey,replace,0.05,prevalence_error,5,-0.0167484342192845,0.018615529894842622,-0.03986266749719648,0.006365799058627487
P1,datum_transformer,target_real_anchor,kdey,replace,0.05,false_positive_share,5,0.5790964650451583,0.07950958720290943,0.48037227310326297,0.6778206569870537
P1,datum_transformer,target_real_anchor,kdey,replace,0.05,prevalence_decision_error,5,0.0,0.0,0.0,0.0
P1,datum_transformer,target_real_anchor,kdey,replace,0.05,decision_regret,5,0.000274592637086653,0.00020939630718767331,1.4592781094902962e-05,0.000534592493078403
P1,datum_transformer,target_real_anchor,kdey,replace,0.1,prevalence_absolute_error,5,0.02691597291889441,0.03610993932999011,-0.01792043872447647,0.07175238456226529
P1,datum_transformer,target_real_anchor,kdey,replace,0.1,prevalence_error,5,-0.025510218600184282,0.0370752252040708,-0.07154519096137579,0.020524753761007233
P1,datum_transformer,target_real_anchor,kdey,replace,0.1,false_positive_share,5,0.39827205283142947,0.07705040279716865,0.30260134163108654,0.4939427640317724
P1,datum_transformer,target_real_anchor,kdey,replace,0.1,prevalence_decision_error,5,0.85,0.17088007490635063,0.6378243629784219,1.062175637021578
P1,datum_transformer,target_real_anchor,kdey,replace,0.1,decision_regret,5,0.00042979275024762,0.00036541883647278096,-2.393466326614061e-05,0.0008835201637613806
P1,datum_transformer,target_real_anchor,median_sweep,replace,0.05,prevalence_absolute_error,5,0.00949758000137978,0.004561723307410729,0.003833452400800876,0.015161707601958684
P1,datum_transformer,target_real_anchor,median_sweep,replace,0.05,prevalence_error,5,-0.0027385629775134165,0.008698126185614713,-0.013538713114024638,0.008061587158997803
P1,datum_transformer,target_real_anchor,median_sweep,replace,0.05,false_positive_share,5,0.5790964650451583,0.07950958720290943,0.48037227310326297,0.6778206569870537
P1,datum_transformer,target_real_anchor,median_sweep,replace,0.05,prevalence_decision_error,5,0.0,0.0,0.0,0.0
P1,datum_transformer,target_real_anchor,median_sweep,replace,0.05,decision_regret,5,0.000274592637086653,0.00020939630718767331,1.4592781094902962e-05,0.000534592493078403
P1,datum_transformer,target_real_anchor,median_sweep,replace,0.1,prevalence_absolute_error,5,0.010465690199986055,0.0038909632735278144,0.005634421184913503,0.015296959215058609
P1,datum_transformer,target_real_anchor,median_sweep,replace,0.1,prevalence_error,5,-0.0038790614034874688,0.00826936495288455,-0.014146834153492181,0.006388711346517244
P1,datum_transformer,target_real_anchor,median_sweep,replace,0.1,false_positive_share,5,0.39827205283142947,0.07705040279716865,0.30260134163108654,0.4939427640317724
P1,datum_transformer,target_real_anchor,median_sweep,replace,0.1,prevalence_decision_error,5,0.5980000000000001,0.23847431727546678,0.30189502574283106,0.8941049742571692
P1,datum_transformer,target_real_anchor,median_sweep,replace,0.1,decision_regret,5,0.0009061307200992072,0.0003691429717110663,0.0004477791819356256,0.0013644822582627887
P1,datum_transformer,target_real_anchor,pacc,replace,0.05,prevalence_absolute_error,5,0.009773495264096297,0.004066030125331438,0.004724852041860312,0.014822138486332282
P1,datum_transformer,target_real_anchor,pacc,replace,0.05,prevalence_error,5,-0.002026157893573232,0.008748371150145562,-0.012888695393633434,0.00883637960648697
P1,datum_transformer,target_real_anchor,pacc,replace,0.05,false_positive_share,5,0.5790964650451583,0.07950958720290943,0.48037227310326297,0.6778206569870537
P1,datum_transformer,target_real_anchor,pacc,replace,0.05,prevalence_decision_error,5,0.0,0.0,0.0,0.0
P1,datum_transformer,target_real_anchor,pacc,replace,0.05,decision_regret,5,0.000274592637086653,0.00020939630718767331,1.4592781094902962e-05,0.000534592493078403
P1,datum_transformer,target_real_anchor,pacc,replace,0.1,prevalence_absolute_error,5,0.010761952355978256,0.0035975852588355723,0.006294960259613555,0.015228944452342956
P1,datum_transformer,target_real_anchor,pacc,replace,0.1,prevalence_error,5,-0.003053783009033994,0.008663956848135089,-0.01381150630935429,0.007703940291286301
P1,datum_transformer,target_real_anchor,pacc,replace,0.1,false_positive_share,5,0.39827205283142947,0.07705040279716865,0.30260134163108654,0.4939427640317724
P1,datum_transformer,target_real_anchor,pacc,replace,0.1,prevalence_decision_error,5,0.582,0.25917175772062817,0.2601957590871075,0.9038042409128924
P1,datum_transformer,target_real_anchor,pacc,replace,0.1,decision_regret,5,0.0009061307200992072,0.0003691429717110663,0.0004477791819356256,0.0013644822582627887
P1,datum_transformer,target_real_anchor,pcc,replace,0.05,prevalence_absolute_error,5,0.20541407768011574,0.03754982526956375,0.15878981150405647,0.252038343856175
P1,datum_transformer,target_real_anchor,pcc,replace,0.05,prevalence_error,5,0.20541407768011574,0.03754982526956375,0.15878981150405647,0.252038343856175
P1,datum_transformer,target_real_anchor,pcc,replace,0.05,false_positive_share,5,0.5790964650451583,0.07950958720290943,0.48037227310326297,0.6778206569870537
P1,datum_transformer,target_real_anchor,pcc,replace,0.05,prevalence_decision_error,5,1.0,0.0,1.0,1.0
P1,datum_transformer,target_real_anchor,pcc,replace,0.05,decision_regret,5,0.0008400124317646959,0.0009028430153487229,-0.00028101523642354157,0.0019610400999529333
P1,datum_transformer,target_real_anchor,pcc,replace,0.1,prevalence_absolute_error,5,0.181842425328218,0.03406081680772745,0.1395503353486492,0.22413451530778683
P1,datum_transformer,target_real_anchor,pcc,replace,0.1,prevalence_error,5,0.181842425328218,0.03406081680772745,0.1395503353486492,0.22413451530778683
P1,datum_transformer,target_real_anchor,pcc,replace,0.1,false_positive_share,5,0.39827205283142947,0.07705040279716865,0.30260134163108654,0.4939427640317724
P1,datum_transformer,target_real_anchor,pcc,replace,0.1,prevalence_decision_error,5,0.0,0.0,0.0,0.0
P1,datum_transformer,target_real_anchor,pcc,replace,0.1,decision_regret,5,0.0009953194705528872,0.0002730715962682342,0.0006562563005345874,0.001334382640571187
P1,flat_transformer,oracle_target,acc,replace,0.05,prevalence_absolute_error,5,0.009400395157367732,0.0014063708157906114,0.007654155147276073,0.011146635167459392
P1,flat_transformer,oracle_target,acc,replace,0.05,prevalence_error,5,-0.0032028617916483497,0.005554151118206791,-0.0100992512757089,0.0036935276924122008
P1,flat_transformer,oracle_target,acc,replace,0.05,false_positive_share,5,0.5692961640636616,0.030480593201257237,0.531449508841766,0.6071428192855571
P1,flat_transformer,oracle_target,acc,replace,0.05,prevalence_decision_error,5,0.0,0.0,0.0,0.0
P1,flat_transformer,oracle_target,acc,replace,0.05,decision_regret,5,0.0004633108550274617,0.0001518187823158952,0.0002748029387746803,0.000651818771280243
P1,flat_transformer,oracle_target,acc,replace,0.1,prevalence_absolute_error,5,0.010305396461424452,0.001634327877873841,0.008276110374207746,0.012334682548641158
P1,flat_transformer,oracle_target,acc,replace,0.1,prevalence_error,5,-0.004238588248539041,0.005907864949567926,-0.01157417146266743,0.0030969949655893494
P1,flat_transformer,oracle_target,acc,replace,0.1,false_positive_share,5,0.3855764011062611,0.029593093371322578,0.34883172247160743,0.4223210797409148
P1,flat_transformer,oracle_target,acc,replace,0.1,prevalence_decision_error,5,0.6639999999999999,0.1937266114915553,0.4234566410169281,0.9045433589830718
P1,flat_transformer,oracle_target,acc,replace,0.1,decision_regret,5,0.000532163526633236,0.00043058607412623597,-2.4796997372084984e-06,0.0010668067530036807
P1,flat_transformer,oracle_target,cc,replace,0.05,prevalence_absolute_error,5,0.030509999999999947,0.004299354602728185,0.025171646174280714,0.03584835382571918
P1,flat_transformer,oracle_target,cc,replace,0.05,prevalence_error,5,0.030509999999999947,0.004299354602728185,0.025171646174280714,0.03584835382571918
P1,flat_transformer,oracle_target,cc,replace,0.05,false_positive_share,5,0.5692961640636616,0.030480593201257237,0.531449508841766,0.6071428192855571
P1,flat_transformer,oracle_target,cc,replace,0.05,prevalence_decision_error,5,0.004,0.005477225575051661,-0.0028008738065825566,0.010800873806582557
P1,flat_transformer,oracle_target,cc,replace,0.05,decision_regret,5,0.0004633108550274617,0.0001518187823158952,0.0002748029387746803,0.000651818771280243
P1,flat_transformer,oracle_target,cc,replace,0.1,prevalence_absolute_error,5,0.012959999999999921,0.00478664287366417,0.007016597871512513,0.01890340212848733
P1,flat_transformer,oracle_target,cc,replace,0.1,prevalence_error,5,0.012667999999999924,0.005052244055862699,0.006394810445696244,0.018941189554303604
P1,flat_transformer,oracle_target,cc,replace,0.1,false_positive_share,5,0.3855764011062611,0.029593093371322578,0.34883172247160743,0.4223210797409148
P1,flat_transformer,oracle_target,cc,replace,0.1,prevalence_decision_error,5,0.046,0.04669047011971501,-0.01197387580685872,0.10397387580685871
P1,flat_transformer,oracle_target,cc,replace,0.1,decision_regret,5,0.000719095104792488,0.0003347607702960493,0.0003034347083049236,0.0011347555012800525
P1,flat_transformer,oracle_target,dys,replace,0.05,prevalence_absolute_error,5,0.008849767597096011,0.0010689862961093177,0.007522445798643883,0.01017708939554814
P1,flat_transformer,oracle_target,dys,replace,0.05,prevalence_error,5,0.0015919625292861485,0.005808334772019018,-0.005620037646644935,0.008803962705217232
P1,flat_transformer,oracle_target,dys,replace,0.05,false_positive_share,5,0.5692961640636616,0.030480593201257237,0.531449508841766,0.6071428192855571
P1,flat_transformer,oracle_target,dys,replace,0.05,prevalence_decision_error,5,0.0,0.0,0.0,0.0
P1,flat_transformer,oracle_target,dys,replace,0.05,decision_regret,5,0.0004633108550274617,0.0001518187823158952,0.0002748029387746803,0.000651818771280243
P1,flat_transformer,oracle_target,dys,replace,0.1,prevalence_absolute_error,5,0.009551741719664865,0.0006092299249145962,0.008795282855270028,0.010308200584059702
P1,flat_transformer,oracle_target,dys,replace,0.1,prevalence_error,5,0.0006828082455188323,0.005946778910501002,-0.006701093032927666,0.00806670952396533
P1,flat_transformer,oracle_target,dys,replace,0.1,false_positive_share,5,0.3855764011062611,0.029593093371322578,0.34883172247160743,0.4223210797409148
P1,flat_transformer,oracle_target,dys,replace,0.1,prevalence_decision_error,5,0.48,0.21059439688652687,0.2185125191625647,0.7414874808374352
P1,flat_transformer,oracle_target,dys,replace,0.1,decision_regret,5,0.0006157497146485801,0.00036495994386784053,0.00016259209156141587,0.0010689073377357443
P1,flat_transformer,oracle_target,emq,replace,0.05,prevalence_absolute_error,5,0.01880774161974374,0.009885952195443134,0.006532710690698537,0.03108277254878894
P1,flat_transformer,oracle_target,emq,replace,0.05,prevalence_error,5,-0.015291232372012964,0.01481576619884589,-0.03368743586692414,0.0031049711228982105
P1,flat_transformer,oracle_target,emq,replace,0.05,false_positive_share,5,0.5692961640636616,0.030480593201257237,0.531449508841766,0.6071428192855571
P1,flat_transformer,oracle_target,emq,replace,0.05,prevalence_decision_error,5,0.0,0.0,0.0,0.0
P1,flat_transformer,oracle_target,emq,replace,0.05,decision_regret,5,0.0004633108550274617,0.0001518187823158952,0.0002748029387746803,0.000651818771280243
P1,flat_transformer,oracle_target,emq,replace,0.1,prevalence_absolute_error,5,0.01564596805134838,0.0064813558383880095,0.007598301847274214,0.023693634255422546
P1,flat_transformer,oracle_target,emq,replace,0.1,prevalence_error,5,-0.010914493627964884,0.012792359096200363,-0.026798305369811315,0.004969318113881549
P1,flat_transformer,oracle_target,emq,replace,0.1,false_positive_share,5,0.3855764011062611,0.029593093371322578,0.34883172247160743,0.4223210797409148
P1,flat_transformer,oracle_target,emq,replace,0.1,prevalence_decision_error,5,0.74,0.3280243893371345,0.3327039252273054,1.1472960747726946
P1,flat_transformer,oracle_target,emq,replace,0.1,decision_regret,5,0.000334021103376744,0.0002180131356834061,6.332204166314623e-05,0.0006047201650903418
P1,flat_transformer,oracle_target,hdy,replace,0.05,prevalence_absolute_error,5,0.008803898770369448,0.0010450466504491461,0.00750630196806331,0.010101495572675586
P1,flat_transformer,oracle_target,hdy,replace,0.05,prevalence_error,5,0.0010170424096341254,0.006371320504770671,-0.006893996882157051,0.0089280817014253
P1,flat_transformer,oracle_target,hdy,replace,0.05,false_positive_share,5,0.5692961640636616,0.030480593201257237,0.531449508841766,0.6071428192855571
P1,flat_transformer,oracle_target,hdy,replace,0.05,prevalence_decision_error,5,0.0,0.0,0.0,0.0
P1,flat_transformer,oracle_target,hdy,replace,0.05,decision_regret,5,0.0004633108550274617,0.0001518187823158952,0.0002748029387746803,0.000651818771280243
P1,flat_transformer,oracle_target,hdy,replace,0.1,prevalence_absolute_error,5,0.009193549089126899,0.0007431549676881793,0.008270800320662205,0.010116297857591593
P1,flat_transformer,oracle_target,hdy,replace,0.1,prevalence_error,5,-0.00019653273748656744,0.006525761288056207,-0.008299335589737784,0.00790627011476465
P1,flat_transformer,oracle_target,hdy,replace,0.1,false_positive_share,5,0.3855764011062611,0.029593093371322578,0.34883172247160743,0.4223210797409148
P1,flat_transformer,oracle_target,hdy,replace,0.1,prevalence_decision_error,5,0.506,0.2388095475478315,0.2094787823825276,0.8025212176174724
P1,flat_transformer,oracle_target,hdy,replace,0.1,decision_regret,5,0.0005492730577534201,0.00041779700518520613,3.0509557857598293e-05,0.001068036557649242
P1,flat_transformer,oracle_target,kdey,replace,0.05,prevalence_absolute_error,5,0.015685775683147624,0.0059343634356581665,0.00831729025283408,0.02305426111346117
P1,flat_transformer,oracle_target,kdey,replace,0.05,prevalence_error,5,-0.014925805019474986,0.0064587970387933345,-0.02294546077424975,-0.006906149264700222
P1,flat_transformer,oracle_target,kdey,replace,0.05,false_positive_share,5,0.5692961640636616,0.030480593201257237,0.531449508841766,0.6071428192855571
P1,flat_transformer,oracle_target,kdey,replace,0.05,prevalence_decision_error,5,0.0,0.0,0.0,0.0
P1,flat_transformer,oracle_target,kdey,replace,0.05,decision_regret,5,0.0004633108550274617,0.0001518187823158952,0.0002748029387746803,0.000651818771280243
P1,flat_transformer,oracle_target,kdey,replace,0.1,prevalence_absolute_error,5,0.014269940176087945,0.003504500498239132,0.00991852807573726,0.01862135227643863
P1,flat_transformer,oracle_target,kdey,replace,0.1,prevalence_error,5,-0.012764358178473753,0.004472240143001361,-0.018317377755360197,-0.007211338601587309
P1,flat_transformer,oracle_target,kdey,replace,0.1,false_positive_share,5,0.3855764011062611,0.029593093371322578,0.34883172247160743,0.4223210797409148
P1,flat_transformer,oracle_target,kdey,replace,0.1,prevalence_decision_error,5,0.868,0.09311283477587821,0.7523851452880965,0.9836148547119035
P1,flat_transformer,oracle_target,kdey,replace,0.1,decision_regret,5,0.000668717577114144,0.0003210794907844097,0.0002700447328455452,0.0010673904213827428
P1,flat_transformer,oracle_target,median_sweep,replace,0.05,prevalence_absolute_error,5,0.0116940713755514,0.003123572324688269,0.007815644074200337,0.015572498676902462
P1,flat_transformer,oracle_target,median_sweep,replace,0.05,prevalence_error,5,-0.004765255754256412,0.009378075450616521,-0.01640967441372549,0.006879162905212665
P1,flat_transformer,oracle_target,median_sweep,replace,0.05,false_positive_share,5,0.5692961640636616,0.030480593201257237,0.531449508841766,0.6071428192855571
P1,flat_transformer,oracle_target,median_sweep,replace,0.05,prevalence_decision_error,5,0.0,0.0,0.0,0.0
P1,flat_transformer,oracle_target,median_sweep,replace,0.05,decision_regret,5,0.0004633108550274617,0.0001518187823158952,0.0002748029387746803,0.000651818771280243
P1,flat_transformer,oracle_target,median_sweep,replace,0.1,prevalence_absolute_error,5,0.012255231740102844,0.003246578311806996,0.008224072332982942,0.016286391147222745
P1,flat_transformer,oracle_target,median_sweep,replace,0.1,prevalence_error,5,-0.005304474865573343,0.009138530581836285,-0.016651459285523553,0.006042509554376868
P1,flat_transformer,oracle_target,median_sweep,replace,0.1,false_positive_share,5,0.3855764011062611,0.029593093371322578,0.34883172247160743,0.4223210797409148
P1,flat_transformer,oracle_target,median_sweep,replace,0.1,prevalence_decision_error,5,0.6200000000000001,0.2682349716200332,0.28694229268019655,0.9530577073198037
P1,flat_transformer,oracle_target,median_sweep,replace,0.1,decision_regret,5,0.000356649941614616,0.00019810301058478919,0.00011067256543570404,0.0006026273177935279
P1,flat_transformer,oracle_target,pacc,replace,0.05,prevalence_absolute_error,5,0.01242448158136511,0.002986792178991102,0.008715889262595285,0.016133073900134937
P1,flat_transformer,oracle_target,pacc,replace,0.05,prevalence_error,5,-0.004643613828403577,0.009717276453079775,-0.016709206160785903,0.007421978503978748
P1,flat_transformer,oracle_target,pacc,replace,0.05,false_positive_share,5,0.5692961640636616,0.030480593201257237,0.531449508841766,0.6071428192855571
P1,flat_transformer,oracle_target,pacc,replace,0.05,prevalence_decision_error,5,0.0,0.0,0.0,0.0
P1,flat_transformer,oracle_target,pacc,replace,0.05,decision_regret,5,0.0004633108550274617,0.0001518187823158952,0.0002748029387746803,0.000651818771280243
P1,flat_transformer,oracle_target,pacc,replace,0.1,prevalence_absolute_error,5,0.012304413765581355,0.002885298798499352,0.008721842123424133,0.01588698540773858
P1,flat_transformer,oracle_target,pacc,replace,0.1,prevalence_error,5,-0.005169006956181432,0.009184400472895198,-0.016572946368461024,0.00623493245609816
P1,flat_transformer,oracle_target,pacc,replace,0.1,false_positive_share,5,0.3855764011062611,0.029593093371322578,0.34883172247160743,0.4223210797409148
P1,flat_transformer,oracle_target,pacc,replace,0.1,prevalence_decision_error,5,0.632,0.2751726730618431,0.29032799856961466,0.9736720014303853
P1,flat_transformer,oracle_target,pacc,replace,0.1,decision_regret,5,0.0004474957045963241,0.00019809203134523871,0.00020153196094388964,0.0006934594482487586
P1,flat_transformer,oracle_target,pcc,replace,0.05,prevalence_absolute_error,5,0.2173123792557455,0.00624576815095473,0.20955723380157731,0.2250675247099137
P1,flat_transformer,oracle_target,pcc,replace,0.05,prevalence_error,5,0.2173123792557455,0.00624576815095473,0.20955723380157731,0.2250675247099137
P1,flat_transformer,oracle_target,pcc,replace,0.05,false_positive_share,5,0.5692961640636616,0.030480593201257237,0.531449508841766,0.6071428192855571
P1,flat_transformer,oracle_target,pcc,replace,0.05,prevalence_decision_error,5,1.0,0.0,1.0,1.0
P1,flat_transformer,oracle_target,pcc,replace,0.05,decision_regret,5,0.000538748305979316,0.00029431829762223524,0.00017330387180916601,0.0009041927401494661
P1,flat_transformer,oracle_target,pcc,replace,0.1,prevalence_absolute_error,5,0.19263076072567048,0.006395116742095942,0.1846901745026998,0.20057134694864115
P1,flat_transformer,oracle_target,pcc,replace,0.1,prevalence_error,5,0.19263076072567048,0.006395116742095942,0.1846901745026998,0.20057134694864115
P1,flat_transformer,oracle_target,pcc,replace,0.1,false_positive_share,5,0.3855764011062611,0.029593093371322578,0.34883172247160743,0.4223210797409148
P1,flat_transformer,oracle_target,pcc,replace,0.1,prevalence_decision_error,5,0.0,0.0,0.0,0.0
P1,flat_transformer,oracle_target,pcc,replace,0.1,decision_regret,5,0.000669784792575172,0.00037351944795450205,0.0002059991414211222,0.0011335704437292217
P1,flat_transformer,source_only,acc,replace,0.05,prevalence_absolute_error,5,0.009400395157367732,0.0014063708157906114,0.007654155147276073,0.011146635167459392
P1,flat_transformer,source_only,acc,replace,0.05,prevalence_error,5,-0.0032028617916483497,0.005554151118206791,-0.0100992512757089,0.0036935276924122008
P1,flat_transformer,source_only,acc,replace,0.05,false_positive_share,5,0.5692961640636616,0.030480593201257237,0.531449508841766,0.6071428192855571
P1,flat_transformer,source_only,acc,replace,0.05,prevalence_decision_error,5,0.0,0.0,0.0,0.0
P1,flat_transformer,source_only,acc,replace,0.05,decision_regret,5,0.0004633108550274617,0.0001518187823158952,0.0002748029387746803,0.000651818771280243
P1,flat_transformer,source_only,acc,replace,0.1,prevalence_absolute_error,5,0.010305396461424452,0.001634327877873841,0.008276110374207746,0.012334682548641158
P1,flat_transformer,source_only,acc,replace,0.1,prevalence_error,5,-0.004238588248539041,0.005907864949567926,-0.01157417146266743,0.0030969949655893494
P1,flat_transformer,source_only,acc,replace,0.1,false_positive_share,5,0.3855764011062611,0.029593093371322578,0.34883172247160743,0.4223210797409148
P1,flat_transformer,source_only,acc,replace,0.1,prevalence_decision_error,5,0.6639999999999999,0.1937266114915553,0.4234566410169281,0.9045433589830718
P1,flat_transformer,source_only,acc,replace,0.1,decision_regret,5,0.000532163526633236,0.00043058607412623597,-2.4796997372084984e-06,0.0010668067530036807
P1,flat_transformer,source_only,cc,replace,0.05,prevalence_absolute_error,5,0.030509999999999947,0.004299354602728185,0.025171646174280714,0.03584835382571918
P1,flat_transformer,source_only,cc,replace,0.05,prevalence_error,5,0.030509999999999947,0.004299354602728185,0.025171646174280714,0.03584835382571918
P1,flat_transformer,source_only,cc,replace,0.05,false_positive_share,5,0.5692961640636616,0.030480593201257237,0.531449508841766,0.6071428192855571
P1,flat_transformer,source_only,cc,replace,0.05,prevalence_decision_error,5,0.004,0.005477225575051661,-0.0028008738065825566,0.010800873806582557
P1,flat_transformer,source_only,cc,replace,0.05,decision_regret,5,0.0004633108550274617,0.0001518187823158952,0.0002748029387746803,0.000651818771280243
P1,flat_transformer,source_only,cc,replace,0.1,prevalence_absolute_error,5,0.012959999999999921,0.00478664287366417,0.007016597871512513,0.01890340212848733
P1,flat_transformer,source_only,cc,replace,0.1,prevalence_error,5,0.012667999999999924,0.005052244055862699,0.006394810445696244,0.018941189554303604
P1,flat_transformer,source_only,cc,replace,0.1,false_positive_share,5,0.3855764011062611,0.029593093371322578,0.34883172247160743,0.4223210797409148
P1,flat_transformer,source_only,cc,replace,0.1,prevalence_decision_error,5,0.046,0.04669047011971501,-0.01197387580685872,0.10397387580685871
P1,flat_transformer,source_only,cc,replace,0.1,decision_regret,5,0.000719095104792488,0.0003347607702960493,0.0003034347083049236,0.0011347555012800525
P1,flat_transformer,source_only,dys,replace,0.05,prevalence_absolute_error,5,0.008849767597096011,0.0010689862961093177,0.007522445798643883,0.01017708939554814
P1,flat_transformer,source_only,dys,replace,0.05,prevalence_error,5,0.0015919625292861485,0.005808334772019018,-0.005620037646644935,0.008803962705217232
P1,flat_transformer,source_only,dys,replace,0.05,false_positive_share,5,0.5692961640636616,0.030480593201257237,0.531449508841766,0.6071428192855571
P1,flat_transformer,source_only,dys,replace,0.05,prevalence_decision_error,5,0.0,0.0,0.0,0.0
P1,flat_transformer,source_only,dys,replace,0.05,decision_regret,5,0.0004633108550274617,0.0001518187823158952,0.0002748029387746803,0.000651818771280243
P1,flat_transformer,source_only,dys,replace,0.1,prevalence_absolute_error,5,0.009551741719664865,0.0006092299249145962,0.008795282855270028,0.010308200584059702
P1,flat_transformer,source_only,dys,replace,0.1,prevalence_error,5,0.0006828082455188323,0.005946778910501002,-0.006701093032927666,0.00806670952396533
P1,flat_transformer,source_only,dys,replace,0.1,false_positive_share,5,0.3855764011062611,0.029593093371322578,0.34883172247160743,0.4223210797409148
P1,flat_transformer,source_only,dys,replace,0.1,prevalence_decision_error,5,0.48,0.21059439688652687,0.2185125191625647,0.7414874808374352
P1,flat_transformer,source_only,dys,replace,0.1,decision_regret,5,0.0006157497146485801,0.00036495994386784053,0.00016259209156141587,0.0010689073377357443
P1,flat_transformer,source_only,emq,replace,0.05,prevalence_absolute_error,5,0.01880774161974374,0.009885952195443134,0.006532710690698537,0.03108277254878894
P1,flat_transformer,source_only,emq,replace,0.05,prevalence_error,5,-0.015291232372012964,0.01481576619884589,-0.03368743586692414,0.0031049711228982105
P1,flat_transformer,source_only,emq,replace,0.05,false_positive_share,5,0.5692961640636616,0.030480593201257237,0.531449508841766,0.6071428192855571
P1,flat_transformer,source_only,emq,replace,0.05,prevalence_decision_error,5,0.0,0.0,0.0,0.0
P1,flat_transformer,source_only,emq,replace,0.05,decision_regret,5,0.0004633108550274617,0.0001518187823158952,0.0002748029387746803,0.000651818771280243
P1,flat_transformer,source_only,emq,replace,0.1,prevalence_absolute_error,5,0.01564596805134838,0.0064813558383880095,0.007598301847274214,0.023693634255422546
P1,flat_transformer,source_only,emq,replace,0.1,prevalence_error,5,-0.010914493627964884,0.012792359096200363,-0.026798305369811315,0.004969318113881549
P1,flat_transformer,source_only,emq,replace,0.1,false_positive_share,5,0.3855764011062611,0.029593093371322578,0.34883172247160743,0.4223210797409148
P1,flat_transformer,source_only,emq,replace,0.1,prevalence_decision_error,5,0.74,0.3280243893371345,0.3327039252273054,1.1472960747726946
P1,flat_transformer,source_only,emq,replace,0.1,decision_regret,5,0.000334021103376744,0.0002180131356834061,6.332204166314623e-05,0.0006047201650903418
P1,flat_transformer,source_only,hdy,replace,0.05,prevalence_absolute_error,5,0.008803898770369448,0.0010450466504491461,0.00750630196806331,0.010101495572675586
P1,flat_transformer,source_only,hdy,replace,0.05,prevalence_error,5,0.0010170424096341254,0.006371320504770671,-0.006893996882157051,0.0089280817014253
P1,flat_transformer,source_only,hdy,replace,0.05,false_positive_share,5,0.5692961640636616,0.030480593201257237,0.531449508841766,0.6071428192855571
P1,flat_transformer,source_only,hdy,replace,0.05,prevalence_decision_error,5,0.0,0.0,0.0,0.0
P1,flat_transformer,source_only,hdy,replace,0.05,decision_regret,5,0.0004633108550274617,0.0001518187823158952,0.0002748029387746803,0.000651818771280243
P1,flat_transformer,source_only,hdy,replace,0.1,prevalence_absolute_error,5,0.009193549089126899,0.0007431549676881793,0.008270800320662205,0.010116297857591593
P1,flat_transformer,source_only,hdy,replace,0.1,prevalence_error,5,-0.00019653273748656744,0.006525761288056207,-0.008299335589737784,0.00790627011476465
P1,flat_transformer,source_only,hdy,replace,0.1,false_positive_share,5,0.3855764011062611,0.029593093371322578,0.34883172247160743,0.4223210797409148
P1,flat_transformer,source_only,hdy,replace,0.1,prevalence_decision_error,5,0.506,0.2388095475478315,0.2094787823825276,0.8025212176174724
P1,flat_transformer,source_only,hdy,replace,0.1,decision_regret,5,0.0005492730577534201,0.00041779700518520613,3.0509557857598293e-05,0.001068036557649242
P1,flat_transformer,source_only,kdey,replace,0.05,prevalence_absolute_error,5,0.015685775683147624,0.0059343634356581665,0.00831729025283408,0.02305426111346117
P1,flat_transformer,source_only,kdey,replace,0.05,prevalence_error,5,-0.014925805019474986,0.0064587970387933345,-0.02294546077424975,-0.006906149264700222
P1,flat_transformer,source_only,kdey,replace,0.05,false_positive_share,5,0.5692961640636616,0.030480593201257237,0.531449508841766,0.6071428192855571
P1,flat_transformer,source_only,kdey,replace,0.05,prevalence_decision_error,5,0.0,0.0,0.0,0.0
P1,flat_transformer,source_only,kdey,replace,0.05,decision_regret,5,0.0004633108550274617,0.0001518187823158952,0.0002748029387746803,0.000651818771280243
P1,flat_transformer,source_only,kdey,replace,0.1,prevalence_absolute_error,5,0.014269940176087945,0.003504500498239132,0.00991852807573726,0.01862135227643863
P1,flat_transformer,source_only,kdey,replace,0.1,prevalence_error,5,-0.012764358178473753,0.004472240143001361,-0.018317377755360197,-0.007211338601587309
P1,flat_transformer,source_only,kdey,replace,0.1,false_positive_share,5,0.3855764011062611,0.029593093371322578,0.34883172247160743,0.4223210797409148
P1,flat_transformer,source_only,kdey,replace,0.1,prevalence_decision_error,5,0.868,0.09311283477587821,0.7523851452880965,0.9836148547119035
P1,flat_transformer,source_only,kdey,replace,0.1,decision_regret,5,0.000668717577114144,0.0003210794907844097,0.0002700447328455452,0.0010673904213827428
P1,flat_transformer,source_only,median_sweep,replace,0.05,prevalence_absolute_error,5,0.0116940713755514,0.003123572324688269,0.007815644074200337,0.015572498676902462
P1,flat_transformer,source_only,median_sweep,replace,0.05,prevalence_error,5,-0.004765255754256412,0.009378075450616521,-0.01640967441372549,0.006879162905212665
P1,flat_transformer,source_only,median_sweep,replace,0.05,false_positive_share,5,0.5692961640636616,0.030480593201257237,0.531449508841766,0.6071428192855571
P1,flat_transformer,source_only,median_sweep,replace,0.05,prevalence_decision_error,5,0.0,0.0,0.0,0.0
P1,flat_transformer,source_only,median_sweep,replace,0.05,decision_regret,5,0.0004633108550274617,0.0001518187823158952,0.0002748029387746803,0.000651818771280243
P1,flat_transformer,source_only,median_sweep,replace,0.1,prevalence_absolute_error,5,0.012255231740102844,0.003246578311806996,0.008224072332982942,0.016286391147222745
P1,flat_transformer,source_only,median_sweep,replace,0.1,prevalence_error,5,-0.005304474865573343,0.009138530581836285,-0.016651459285523553,0.006042509554376868
P1,flat_transformer,source_only,median_sweep,replace,0.1,false_positive_share,5,0.3855764011062611,0.029593093371322578,0.34883172247160743,0.4223210797409148
P1,flat_transformer,source_only,median_sweep,replace,0.1,prevalence_decision_error,5,0.6200000000000001,0.2682349716200332,0.28694229268019655,0.9530577073198037
P1,flat_transformer,source_only,median_sweep,replace,0.1,decision_regret,5,0.000356649941614616,0.00019810301058478919,0.00011067256543570404,0.0006026273177935279
P1,flat_transformer,source_only,pacc,replace,0.05,prevalence_absolute_error,5,0.01242448158136511,0.002986792178991102,0.008715889262595285,0.016133073900134937
P1,flat_transformer,source_only,pacc,replace,0.05,prevalence_error,5,-0.004643613828403577,0.009717276453079775,-0.016709206160785903,0.007421978503978748
P1,flat_transformer,source_only,pacc,replace,0.05,false_positive_share,5,0.5692961640636616,0.030480593201257237,0.531449508841766,0.6071428192855571
P1,flat_transformer,source_only,pacc,replace,0.05,prevalence_decision_error,5,0.0,0.0,0.0,0.0
P1,flat_transformer,source_only,pacc,replace,0.05,decision_regret,5,0.0004633108550274617,0.0001518187823158952,0.0002748029387746803,0.000651818771280243
P1,flat_transformer,source_only,pacc,replace,0.1,prevalence_absolute_error,5,0.012304413765581355,0.002885298798499352,0.008721842123424133,0.01588698540773858
P1,flat_transformer,source_only,pacc,replace,0.1,prevalence_error,5,-0.005169006956181432,0.009184400472895198,-0.016572946368461024,0.00623493245609816
P1,flat_transformer,source_only,pacc,replace,0.1,false_positive_share,5,0.3855764011062611,0.029593093371322578,0.34883172247160743,0.4223210797409148
P1,flat_transformer,source_only,pacc,replace,0.1,prevalence_decision_error,5,0.632,0.2751726730618431,0.29032799856961466,0.9736720014303853
P1,flat_transformer,source_only,pacc,replace,0.1,decision_regret,5,0.0004474957045963241,0.00019809203134523871,0.00020153196094388964,0.0006934594482487586
P1,flat_transformer,source_only,pcc,replace,0.05,prevalence_absolute_error,5,0.2173123792557455,0.00624576815095473,0.20955723380157731,0.2250675247099137
P1,flat_transformer,source_only,pcc,replace,0.05,prevalence_error,5,0.2173123792557455,0.00624576815095473,0.20955723380157731,0.2250675247099137
P1,flat_transformer,source_only,pcc,replace,0.05,false_positive_share,5,0.5692961640636616,0.030480593201257237,0.531449508841766,0.6071428192855571
P1,flat_transformer,source_only,pcc,replace,0.05,prevalence_decision_error,5,1.0,0.0,1.0,1.0
P1,flat_transformer,source_only,pcc,replace,0.05,decision_regret,5,0.000538748305979316,0.00029431829762223524,0.00017330387180916601,0.0009041927401494661
P1,flat_transformer,source_only,pcc,replace,0.1,prevalence_absolute_error,5,0.19263076072567048,0.006395116742095942,0.1846901745026998,0.20057134694864115
P1,flat_transformer,source_only,pcc,replace,0.1,prevalence_error,5,0.19263076072567048,0.006395116742095942,0.1846901745026998,0.20057134694864115
P1,flat_transformer,source_only,pcc,replace,0.1,false_positive_share,5,0.3855764011062611,0.029593093371322578,0.34883172247160743,0.4223210797409148
P1,flat_transformer,source_only,pcc,replace,0.1,prevalence_decision_error,5,0.0,0.0,0.0,0.0
P1,flat_transformer,source_only,pcc,replace,0.1,decision_regret,5,0.000669784792575172,0.00037351944795450205,0.0002059991414211222,0.0011335704437292217
P1,flat_transformer,target_real_anchor,acc,replace,0.05,prevalence_absolute_error,5,0.009792421477987184,0.0017474798033081092,0.00762263871863131,0.011962204237343057
P1,flat_transformer,target_real_anchor,acc,replace,0.05,prevalence_error,5,-0.0017950819959904932,0.007159080447095595,-0.0106842544473936,0.007094090455412613
P1,flat_transformer,target_real_anchor,acc,replace,0.05,false_positive_share,5,0.5662784672433014,0.05508147432410079,0.49788578360708047,0.6346711508795224
P1,flat_transformer,target_real_anchor,acc,replace,0.05,prevalence_decision_error,5,0.0,0.0,0.0,0.0
P1,flat_transformer,target_real_anchor,acc,replace,0.05,decision_regret,5,0.00023506502182882782,0.0001019249835659039,0.00010850843921753463,0.000361621604440121
P1,flat_transformer,target_real_anchor,acc,replace,0.1,prevalence_absolute_error,5,0.010401720133790876,0.001958249476079269,0.007970232259841864,0.012833208007739887
P1,flat_transformer,target_real_anchor,acc,replace,0.1,prevalence_error,5,-0.0025026538674270443,0.007173596143138736,-0.011409849936015787,0.006404542201161699
P1,flat_transformer,target_real_anchor,acc,replace,0.1,false_positive_share,5,0.38388749865279836,0.05331984146100444,0.31768217112073677,0.45009282618485996
P1,flat_transformer,target_real_anchor,acc,replace,0.1,prevalence_decision_error,5,0.552,0.2263183598385248,0.27098864045597915,0.833011359544021
P1,flat_transformer,target_real_anchor,acc,replace,0.1,decision_regret,5,0.0005340921170013039,0.0004865311813230094,-7.001613485102445e-05,0.0011382003688536323
P1,flat_transformer,target_real_anchor,cc,replace,0.05,prevalence_absolute_error,5,0.031361999999999945,0.008969340555470067,0.020225092744643812,0.04249890725535608
P1,flat_transformer,target_real_anchor,cc,replace,0.05,prevalence_error,5,0.031361999999999945,0.008969340555470067,0.020225092744643812,0.04249890725535608
P1,flat_transformer,target_real_anchor,cc,replace,0.05,false_positive_share,5,0.5662784672433014,0.05508147432410079,0.49788578360708047,0.6346711508795224
P1,flat_transformer,target_real_anchor,cc,replace,0.05,prevalence_decision_error,5,0.032,0.06610597552415363,-0.05008140987448076,0.11408140987448076
P1,flat_transformer,target_real_anchor,cc,replace,0.05,decision_regret,5,0.0002339846246099878,0.00010283384902660631,0.00010629953647692955,0.000361669712743046
P1,flat_transformer,target_real_anchor,cc,replace,0.1,prevalence_absolute_error,5,0.015001999999999936,0.007267108778599639,0.005978692658582235,0.024025307341417636
P1,flat_transformer,target_real_anchor,cc,replace,0.1,prevalence_error,5,0.013725999999999936,0.009347798136459723,0.0021191755914816614,0.02533282440851821
P1,flat_transformer,target_real_anchor,cc,replace,0.1,false_positive_share,5,0.38388749865279836,0.05331984146100444,0.31768217112073677,0.45009282618485996
P1,flat_transformer,target_real_anchor,cc,replace,0.1,prevalence_decision_error,5,0.11200000000000002,0.19588261791185047,-0.1312203945350485,0.3552203945350485
P1,flat_transformer,target_real_anchor,cc,replace,0.1,decision_regret,5,0.0007220308912937281,0.00028877494444902647,0.00036346943918808,0.0010805923433993762
P1,flat_transformer,target_real_anchor,dys,replace,0.05,prevalence_absolute_error,5,0.008849767597096011,0.0010689862961093177,0.007522445798643883,0.01017708939554814
P1,flat_transformer,target_real_anchor,dys,replace,0.05,prevalence_error,5,0.0015919625292861485,0.005808334772019018,-0.005620037646644935,0.008803962705217232
P1,flat_transformer,target_real_anchor,dys,replace,0.05,false_positive_share,5,0.5662784672433014,0.05508147432410079,0.49788578360708047,0.6346711508795224
P1,flat_transformer,target_real_anchor,dys,replace,0.05,prevalence_decision_error,5,0.0,0.0,0.0,0.0
P1,flat_transformer,target_real_anchor,dys,replace,0.05,decision_regret,5,0.00023506502182882782,0.0001019249835659039,0.00010850843921753463,0.000361621604440121
P1,flat_transformer,target_real_anchor,dys,replace,0.1,prevalence_absolute_error,5,0.009551741719664865,0.0006092299249145962,0.008795282855270028,0.010308200584059702
P1,flat_transformer,target_real_anchor,dys,replace,0.1,prevalence_error,5,0.0006828082455188323,0.005946778910501002,-0.006701093032927666,0.00806670952396533
P1,flat_transformer,target_real_anchor,dys,replace,0.1,false_positive_share,5,0.38388749865279836,0.05331984146100444,0.31768217112073677,0.45009282618485996
P1,flat_transformer,target_real_anchor,dys,replace,0.1,prevalence_decision_error,5,0.48,0.21059439688652687,0.2185125191625647,0.7414874808374352
P1,flat_transformer,target_real_anchor,dys,replace,0.1,decision_regret,5,0.00066157767733828,0.0003135335959065404,0.0002722742990737617,0.0010508810556027982
P1,flat_transformer,target_real_anchor,emq,replace,0.05,prevalence_absolute_error,5,0.01880774161974374,0.009885952195443134,0.006532710690698537,0.03108277254878894
P1,flat_transformer,target_real_anchor,emq,replace,0.05,prevalence_error,5,-0.015291232372012964,0.01481576619884589,-0.03368743586692414,0.0031049711228982105
P1,flat_transformer,target_real_anchor,emq,replace,0.05,false_positive_share,5,0.5662784672433014,0.05508147432410079,0.49788578360708047,0.6346711508795224
P1,flat_transformer,target_real_anchor,emq,replace,0.05,prevalence_decision_error,5,0.0,0.0,0.0,0.0
P1,flat_transformer,target_real_anchor,emq,replace,0.05,decision_regret,5,0.00023506502182882782,0.0001019249835659039,0.00010850843921753463,0.000361621604440121
P1,flat_transformer,target_real_anchor,emq,replace,0.1,prevalence_absolute_error,5,0.01564596805134838,0.0064813558383880095,0.007598301847274214,0.023693634255422546
P1,flat_transformer,target_real_anchor,emq,replace,0.1,prevalence_error,5,-0.010914493627964884,0.012792359096200363,-0.026798305369811315,0.004969318113881549
P1,flat_transformer,target_real_anchor,emq,replace,0.1,false_positive_share,5,0.38388749865279836,0.05331984146100444,0.31768217112073677,0.45009282618485996
P1,flat_transformer,target_real_anchor,emq,replace,0.1,prevalence_decision_error,5,0.74,0.3280243893371345,0.3327039252273054,1.1472960747726946
P1,flat_transformer,target_real_anchor,emq,replace,0.1,decision_regret,5,0.000297931036507608,0.00019232850601263267,5.912365476340583e-05,0.0005367384182518102
P1,flat_transformer,target_real_anchor,hdy,replace,0.05,prevalence_absolute_error,5,0.008803898770369448,0.0010450466504491461,0.00750630196806331,0.010101495572675586
P1,flat_transformer,target_real_anchor,hdy,replace,0.05,prevalence_error,5,0.0010170424096341254,0.006371320504770671,-0.006893996882157051,0.0089280817014253
P1,flat_transformer,target_real_anchor,hdy,replace,0.05,false_positive_share,5,0.5662784672433014,0.05508147432410079,0.49788578360708047,0.6346711508795224
P1,flat_transformer,target_real_anchor,hdy,replace,0.05,prevalence_decision_error,5,0.0,0.0,0.0,0.0
P1,flat_transformer,target_real_anchor,hdy,replace,0.05,decision_regret,5,0.00023506502182882782,0.0001019249835659039,0.00010850843921753463,0.000361621604440121
P1,flat_transformer,target_real_anchor,hdy,replace,0.1,prevalence_absolute_error,5,0.009193549089126899,0.0007431549676881793,0.008270800320662205,0.010116297857591593
P1,flat_transformer,target_real_anchor,hdy,replace,0.1,prevalence_error,5,-0.00019653273748656744,0.006525761288056207,-0.008299335589737784,0.00790627011476465
P1,flat_transformer,target_real_anchor,hdy,replace,0.1,false_positive_share,5,0.38388749865279836,0.05331984146100444,0.31768217112073677,0.45009282618485996
P1,flat_transformer,target_real_anchor,hdy,replace,0.1,prevalence_decision_error,5,0.506,0.2388095475478315,0.2094787823825276,0.8025212176174724
P1,flat_transformer,target_real_anchor,hdy,replace,0.1,decision_regret,5,0.00059492677885154,0.0003931815889715735,0.000106727355068987,0.001083126202634093
P1,flat_transformer,target_real_anchor,kdey,replace,0.05,prevalence_absolute_error,5,0.015685775683147624,0.0059343634356581665,0.00831729025283408,0.02305426111346117
P1,flat_transformer,target_real_anchor,kdey,replace,0.05,prevalence_error,5,-0.014925805019474986,0.0064587970387933345,-0.02294546077424975,-0.006906149264700222
P1,flat_transformer,target_real_anchor,kdey,replace,0.05,false_positive_share,5,0.5662784672433014,0.05508147432410079,0.49788578360708047,0.6346711508795224
P1,flat_transformer,target_real_anchor,kdey,replace,0.05,prevalence_decision_error,5,0.0,0.0,0.0,0.0
P1,flat_transformer,target_real_anchor,kdey,replace,0.05,decision_regret,5,0.00023506502182882782,0.0001019249835659039,0.00010850843921753463,0.000361621604440121
P1,flat_transformer,target_real_anchor,kdey,replace,0.1,prevalence_absolute_error,5,0.014269940176087945,0.003504500498239132,0.00991852807573726,0.01862135227643863
P1,flat_transformer,target_real_anchor,kdey,replace,0.1,prevalence_error,5,-0.012764358178473753,0.004472240143001361,-0.018317377755360197,-0.007211338601587309
P1,flat_transformer,target_real_anchor,kdey,replace,0.1,false_positive_share,5,0.38388749865279836,0.05331984146100444,0.31768217112073677,0.45009282618485996
P1,flat_transformer,target_real_anchor,kdey,replace,0.1,prevalence_decision_error,5,0.868,0.09311283477587821,0.7523851452880965,0.9836148547119035
P1,flat_transformer,target_real_anchor,kdey,replace,0.1,decision_regret,5,0.0006510147935517199,0.0003198835285036996,0.0002538269325902885,0.0010482026545131514
P1,flat_transformer,target_real_anchor,median_sweep,replace,0.05,prevalence_absolute_error,5,0.0116940713755514,0.003123572324688269,0.007815644074200337,0.015572498676902462
P1,flat_transformer,target_real_anchor,median_sweep,replace,0.05,prevalence_error,5,-0.004765255754256412,0.009378075450616521,-0.01640967441372549,0.006879162905212665
P1,flat_transformer,target_real_anchor,median_sweep,replace,0.05,false_positive_share,5,0.5662784672433014,0.05508147432410079,0.49788578360708047,0.6346711508795224
P1,flat_transformer,target_real_anchor,median_sweep,replace,0.05,prevalence_decision_error,5,0.0,0.0,0.0,0.0
P1,flat_transformer,target_real_anchor,median_sweep,replace,0.05,decision_regret,5,0.00023506502182882782,0.0001019249835659039,0.00010850843921753463,0.000361621604440121
P1,flat_transformer,target_real_anchor,median_sweep,replace,0.1,prevalence_absolute_error,5,0.012255231740102844,0.003246578311806996,0.008224072332982942,0.016286391147222745
P1,flat_transformer,target_real_anchor,median_sweep,replace,0.1,prevalence_error,5,-0.005304474865573343,0.009138530581836285,-0.016651459285523553,0.006042509554376868
P1,flat_transformer,target_real_anchor,median_sweep,replace,0.1,false_positive_share,5,0.38388749865279836,0.05331984146100444,0.31768217112073677,0.45009282618485996
P1,flat_transformer,target_real_anchor,median_sweep,replace,0.1,prevalence_decision_error,5,0.6200000000000001,0.2682349716200332,0.28694229268019655,0.9530577073198037
P1,flat_transformer,target_real_anchor,median_sweep,replace,0.1,decision_regret,5,0.00035743727167628005,0.00018075278776661665,0.0001330030425315064,0.0005818715008210538
P1,flat_transformer,target_real_anchor,pacc,replace,0.05,prevalence_absolute_error,5,0.01242448158136511,0.002986792178991102,0.008715889262595285,0.016133073900134937
P1,flat_transformer,target_real_anchor,pacc,replace,0.05,prevalence_error,5,-0.004643613828403577,0.009717276453079775,-0.016709206160785903,0.007421978503978748
P1,flat_transformer,target_real_anchor,pacc,replace,0.05,false_positive_share,5,0.5662784672433014,0.05508147432410079,0.49788578360708047,0.6346711508795224
P1,flat_transformer,target_real_anchor,pacc,replace,0.05,prevalence_decision_error,5,0.0,0.0,0.0,0.0
P1,flat_transformer,target_real_anchor,pacc,replace,0.05,decision_regret,5,0.00023506502182882782,0.0001019249835659039,0.00010850843921753463,0.000361621604440121
P1,flat_transformer,target_real_anchor,pacc,replace,0.1,prevalence_absolute_error,5,0.012304413765581355,0.002885298798499352,0.008721842123424133,0.01588698540773858
P1,flat_transformer,target_real_anchor,pacc,replace,0.1,prevalence_error,5,-0.005169006956181432,0.009184400472895198,-0.016572946368461024,0.00623493245609816
P1,flat_transformer,target_real_anchor,pacc,replace,0.1,false_positive_share,5,0.38388749865279836,0.05331984146100444,0.31768217112073677,0.45009282618485996
P1,flat_transformer,target_real_anchor,pacc,replace,0.1,prevalence_decision_error,5,0.632,0.2751726730618431,0.29032799856961466,0.9736720014303853
P1,flat_transformer,target_real_anchor,pacc,replace,0.1,decision_regret,5,0.00042322058693686795,0.00019232817854511345,0.000184413611797295,0.0006620275620764409
P1,flat_transformer,target_real_anchor,pcc,replace,0.05,prevalence_absolute_error,5,0.2173123792557455,0.00624576815095473,0.20955723380157731,0.2250675247099137
P1,flat_transformer,target_real_anchor,pcc,replace,0.05,prevalence_error,5,0.2173123792557455,0.00624576815095473,0.20955723380157731,0.2250675247099137
P1,flat_transformer,target_real_anchor,pcc,replace,0.05,false_positive_share,5,0.5662784672433014,0.05508147432410079,0.49788578360708047,0.6346711508795224
P1,flat_transformer,target_real_anchor,pcc,replace,0.05,prevalence_decision_error,5,1.0,0.0,1.0,1.0
P1,flat_transformer,target_real_anchor,pcc,replace,0.05,decision_regret,5,0.0007099636096028721,0.0004604828473139643,0.00013819863630276175,0.0012817285829029824
P1,flat_transformer,target_real_anchor,pcc,replace,0.1,prevalence_absolute_error,5,0.19263076072567048,0.006395116742095942,0.1846901745026998,0.20057134694864115
P1,flat_transformer,target_real_anchor,pcc,replace,0.1,prevalence_error,5,0.19263076072567048,0.006395116742095942,0.1846901745026998,0.20057134694864115
P1,flat_transformer,target_real_anchor,pcc,replace,0.1,false_positive_share,5,0.38388749865279836,0.05331984146100444,0.31768217112073677,0.45009282618485996
P1,flat_transformer,target_real_anchor,pcc,replace,0.1,prevalence_decision_error,5,0.0,0.0,0.0,0.0
P1,flat_transformer,target_real_anchor,pcc,replace,0.1,decision_regret,5,0.0007839923824138241,0.0003753337970774334,0.00031795391927365784,0.0012500308455539904
P2,c2st_lr,oracle_target,acc,replace,0.05,prevalence_absolute_error,5,0.10738154984866984,0.050008888013317744,0.04528731401232943,0.16947578568501023
P2,c2st_lr,oracle_target,acc,replace,0.05,prevalence_error,5,0.0572838933983457,0.08040946697773256,-0.04255764686265925,0.15712543365935064
P2,c2st_lr,oracle_target,acc,replace,0.05,false_positive_share,5,0.9173002125422505,0.0031172961168176596,0.9134295781822576,0.9211708469022434
P2,c2st_lr,oracle_target,acc,replace,0.05,prevalence_decision_error,5,0.37,0.2776688675382964,0.025228563755687494,0.7147714362443125
P2,c2st_lr,oracle_target,acc,replace,0.05,decision_regret,5,0.0006006096737562839,0.0003779030896850298,0.00013138101248441419,0.0010698383350281537
P2,c2st_lr,oracle_target,acc,replace,0.1,prevalence_absolute_error,5,0.13592069885668406,0.03878485246611913,0.08776294387385947,0.18407845383950866
P2,c2st_lr,oracle_target,acc,replace,0.1,prevalence_error,5,0.04541450467684682,0.09610346647683769,-0.07391370975002488,0.16474271910371852
P2,c2st_lr,oracle_target,acc,replace,0.1,false_positive_share,5,0.8401181532129194,0.005509317002670237,0.8332774326360118,0.8469588737898269
P2,c2st_lr,oracle_target,acc,replace,0.1,prevalence_decision_error,5,0.526,0.2841302518212378,0.17320569551299958,0.8787943044870005
P2,c2st_lr,oracle_target,acc,replace,0.1,decision_regret,5,0.0005057333471112204,0.00037872681993127643,3.5481889648354735e-05,0.000975984804574086
P2,c2st_lr,oracle_target,cc,replace,0.05,prevalence_absolute_error,5,0.006671999999999956,0.0009429846234165185,0.005501129942243931,0.00784287005775598
P2,c2st_lr,oracle_target,cc,replace,0.05,prevalence_error,5,0.0009279999999999563,0.005728788702683989,-0.006185230685439201,0.008041230685439113
P2,c2st_lr,oracle_target,cc,replace,0.05,false_positive_share,5,0.9173002125422505,0.0031172961168176596,0.9134295781822576,0.9211708469022434
P2,c2st_lr,oracle_target,cc,replace,0.05,prevalence_decision_error,5,0.0,0.0,0.0,0.0
P2,c2st_lr,oracle_target,cc,replace,0.05,decision_regret,5,0.000506487846313888,0.000472015003243363,-7.959618982542873e-05,0.0010925718824532048
P2,c2st_lr,oracle_target,cc,replace,0.1,prevalence_absolute_error,5,0.046914,0.00621057404754182,0.039202553796988684,0.05462544620301131
P2,c2st_lr,oracle_target,cc,replace,0.1,prevalence_error,5,-0.046914,0.00621057404754182,-0.05462544620301131,-0.039202553796988684
P2,c2st_lr,oracle_target,cc,replace,0.1,false_positive_share,5,0.8401181532129194,0.005509317002670237,0.8332774326360118,0.8469588737898269
P2,c2st_lr,oracle_target,cc,replace,0.1,prevalence_decision_error,5,1.0,0.0,1.0,1.0
P2,c2st_lr,oracle_target,cc,replace,0.1,decision_regret,5,0.00010123278841886827,0.0001634008193287366,-0.00010165612621862171,0.00030412170305635827
P2,c2st_lr,oracle_target,dys,replace,0.05,prevalence_absolute_error,5,0.06138932631718328,0.019835658641058924,0.036760103101921016,0.08601854953244555
P2,c2st_lr,oracle_target,dys,replace,0.05,prevalence_error,5,0.026629321946235684,0.0322649136122139,-0.013432859691204876,0.06669150358367625
P2,c2st_lr,oracle_target,dys,replace,0.05,false_positive_share,5,0.9173002125422505,0.0031172961168176596,0.9134295781822576,0.9211708469022434
P2,c2st_lr,oracle_target,dys,replace,0.05,prevalence_decision_error,5,0.354,0.16318700928689145,0.15137656559392354,0.5566234344060764
P2,c2st_lr,oracle_target,dys,replace,0.05,decision_regret,5,0.0005491091944328441,0.00024128599579279863,0.0002495130601861811,0.000848705328679507
P2,c2st_lr,oracle_target,dys,replace,0.1,prevalence_absolute_error,5,0.06667945945102334,0.012547246072331434,0.05109999572640582,0.08225892317564086
P2,c2st_lr,oracle_target,dys,replace,0.1,prevalence_error,5,0.013378408151092711,0.033179934012431946,-0.0278199213749206,0.05457673767710602
P2,c2st_lr,oracle_target,dys,replace,0.1,false_positive_share,5,0.8401181532129194,0.005509317002670237,0.8332774326360118,0.8469588737898269
P2,c2st_lr,oracle_target,dys,replace,0.1,prevalence_decision_error,5,0.45999999999999996,0.1372953021774598,0.28952536616374125,0.6304746338362587
P2,c2st_lr,oracle_target,dys,replace,0.1,decision_regret,5,0.000544539972662666,0.00024566483124854643,0.00023950679607654286,0.0008495731492487893
P2,c2st_lr,oracle_target,emq,replace,0.05,prevalence_absolute_error,5,0.048625469962446044,0.011493960600750102,0.03435383288772213,0.06289710703716996
P2,c2st_lr,oracle_target,emq,replace,0.05,prevalence_error,5,0.023095581428282202,0.025371640839188647,-0.008407471577094674,0.054598634433659074
P2,c2st_lr,oracle_target,emq,replace,0.05,false_positive_share,5,0.9173002125422505,0.0031172961168176596,0.9134295781822576,0.9211708469022434
P2,c2st_lr,oracle_target,emq,replace,0.05,prevalence_decision_error,5,0.28800000000000003,0.14956603892595405,0.10228923411170013,0.47371076588829997
P2,c2st_lr,oracle_target,emq,replace,0.05,decision_regret,5,0.000550323049771832,0.00029042293550348564,0.00018971534650450008,0.0009109307530391639
P2,c2st_lr,oracle_target,emq,replace,0.1,prevalence_absolute_error,5,0.05492110369958816,0.007827222595883728,0.045202323196352326,0.06463988420282399
P2,c2st_lr,oracle_target,emq,replace,0.1,prevalence_error,5,0.015458991100520278,0.03072392197082516,-0.02268979669427497,0.053607778895315525
P2,c2st_lr,oracle_target,emq,replace,0.1,false_positive_share,5,0.8401181532129194,0.005509317002670237,0.8332774326360118,0.8469588737898269
P2,c2st_lr,oracle_target,emq,replace,0.1,prevalence_decision_error,5,0.40599999999999997,0.20019990009987518,0.1574189916019948,0.6545810083980051
P2,c2st_lr,oracle_target,emq,replace,0.1,decision_regret,5,0.0006449795986609502,0.0003392465704441279,0.00022374934562637943,0.001066209851695521
P2,c2st_lr,oracle_target,hdy,replace,0.05,prevalence_absolute_error,5,0.05142170622892121,0.009799802730658636,0.039253643988763444,0.06358976846907897
P2,c2st_lr,oracle_target,hdy,replace,0.05,prevalence_error,5,0.02486547331543176,0.023485521004578958,-0.004295652595012231,0.05402659922587575
P2,c2st_lr,oracle_target,hdy,replace,0.05,false_positive_share,5,0.9173002125422505,0.0031172961168176596,0.9134295781822576,0.9211708469022434
P2,c2st_lr,oracle_target,hdy,replace,0.05,prevalence_decision_error,5,0.33199999999999996,0.1449827575955155,0.15198012953334505,0.5120198704666549
P2,c2st_lr,oracle_target,hdy,replace,0.05,decision_regret,5,0.00040511779914453194,0.00024201898655229207,0.00010461153666078992,0.000705624061628274
P2,c2st_lr,oracle_target,hdy,replace,0.1,prevalence_absolute_error,5,0.05681116381692684,0.007795922498304796,0.04713124751799502,0.06649108011585865
P2,c2st_lr,oracle_target,hdy,replace,0.1,prevalence_error,5,0.01911593373797814,0.028249783146660715,-0.015960804952293912,0.05419267242825019
P2,c2st_lr,oracle_target,hdy,replace,0.1,false_positive_share,5,0.8401181532129194,0.005509317002670237,0.8332774326360118,0.8469588737898269
P2,c2st_lr,oracle_target,hdy,replace,0.1,prevalence_decision_error,5,0.374,0.1718429515575195,0.1606287937059546,0.5873712062940454
P2,c2st_lr,oracle_target,hdy,replace,0.1,decision_regret,5,0.00057775280210457,0.00022508479789205675,0.00029827311201903266,0.0008572324921901073
P2,c2st_lr,oracle_target,kdey,replace,0.05,prevalence_absolute_error,5,0.05522351724457566,0.013524996001388954,0.03843001663380113,0.0720170178553502
P2,c2st_lr,oracle_target,kdey,replace,0.05,prevalence_error,5,0.03217019293225869,0.023520160721031275,0.002966056132987869,0.06137432973152951
P2,c2st_lr,oracle_target,kdey,replace,0.05,false_positive_share,5,0.9173002125422505,0.0031172961168176596,0.9134295781822576,0.9211708469022434
P2,c2st_lr,oracle_target,kdey,replace,0.05,prevalence_decision_error,5,0.38,0.16926310879810758,0.16983209158134305,0.590167908418657
P2,c2st_lr,oracle_target,kdey,replace,0.05,decision_regret,5,0.0004965973558025761,0.00027184223380645223,0.00015906064089381419,0.000834134070711338
P2,c2st_lr,oracle_target,kdey,replace,0.1,prevalence_absolute_error,5,0.05960567091669018,0.011041143136103286,0.04589628098557613,0.07331506084780423
P2,c2st_lr,oracle_target,kdey,replace,0.1,prevalence_error,5,0.027665590385263488,0.027655171187179983,-0.006672840042019946,0.062004020812546926
P2,c2st_lr,oracle_target,kdey,replace,0.1,false_positive_share,5,0.8401181532129194,0.005509317002670237,0.8332774326360118,0.8469588737898269
P2,c2st_lr,oracle_target,kdey,replace,0.1,prevalence_decision_error,5,0.32199999999999995,0.14923136399564269,0.136704787923769,0.5072952120762309
P2,c2st_lr,oracle_target,kdey,replace,0.1,decision_regret,5,0.0006034506398069079,0.0003389355547029489,0.00018260656382103384,0.001024294715792782
P2,c2st_lr,oracle_target,pacc,replace,0.05,prevalence_absolute_error,5,0.04964718749304455,0.010868998187325913,0.036151543747299994,0.06314283123878911
P2,c2st_lr,oracle_target,pacc,replace,0.05,prevalence_error,5,0.01856313577563174,0.025552210446059816,-0.013164124009766874,0.050290395561030356
P2,c2st_lr,oracle_target,pacc,replace,0.05,false_positive_share,5,0.9173002125422505,0.0031172961168176596,0.9134295781822576,0.9211708469022434
P2,c2st_lr,oracle_target,pacc,replace,0.05,prevalence_decision_error,5,0.28,0.15280706789936124,0.09026496511828508,0.469735034881715
P2,c2st_lr,oracle_target,pacc,replace,0.05,decision_regret,5,0.00040511779914453194,0.00024201898655229207,0.00010461153666078992,0.000705624061628274
P2,c2st_lr,oracle_target,pacc,replace,0.1,prevalence_absolute_error,5,0.0553989005246591,0.006829282512595051,0.046919226295207284,0.06387857475411092
P2,c2st_lr,oracle_target,pacc,replace,0.1,prevalence_error,5,0.012343358830000846,0.03114311170492952,-0.026325921766048387,0.051012639426050076
P2,c2st_lr,oracle_target,pacc,replace,0.1,false_positive_share,5,0.8401181532129194,0.005509317002670237,0.8332774326360118,0.8469588737898269
P2,c2st_lr,oracle_target,pacc,replace,0.1,prevalence_decision_error,5,0.422,0.19549936061276516,0.17925548225527452,0.6647445177447254
P2,c2st_lr,oracle_target,pacc,replace,0.1,decision_regret,5,0.000563646882058676,0.0003836541859823485,8.727729156422266e-05,0.0010400164725531294
P2,c2st_lr,oracle_target,pcc,replace,0.05,prevalence_absolute_error,5,0.42540764005138243,0.0033436744216096747,0.4212559199003549,0.42955936020241
P2,c2st_lr,oracle_target,pcc,replace,0.05,prevalence_error,5,0.42540764005138243,0.0033436744216096747,0.4212559199003549,0.42955936020241
P2,c2st_lr,oracle_target,pcc,replace,0.05,false_positive_share,5,0.9173002125422505,0.0031172961168176596,0.9134295781822576,0.9211708469022434
P2,c2st_lr,oracle_target,pcc,replace,0.05,prevalence_decision_error,5,1.0,0.0,1.0,1.0
P2,c2st_lr,oracle_target,pcc,replace,0.05,decision_regret,5,0.0006395812399047976,0.0005544662474942309,-4.887953782792699e-05,0.0013280420176375223
P2,c2st_lr,oracle_target,pcc,replace,0.1,prevalence_absolute_error,5,0.3782043745151355,0.0031981884378525834,0.3742332990723824,0.3821754499578886
P2,c2st_lr,oracle_target,pcc,replace,0.1,prevalence_error,5,0.3782043745151355,0.0031981884378525834,0.3742332990723824,0.3821754499578886
P2,c2st_lr,oracle_target,pcc,replace,0.1,false_positive_share,5,0.8401181532129194,0.005509317002670237,0.8332774326360118,0.8469588737898269
P2,c2st_lr,oracle_target,pcc,replace,0.1,prevalence_decision_error,5,0.0,0.0,0.0,0.0
P2,c2st_lr,oracle_target,pcc,replace,0.1,decision_regret,5,0.000704024646478152,0.0003321816155788839,0.00029156669354868923,0.0011164825994076147
P2,c2st_lr,source_only,acc,replace,0.05,prevalence_absolute_error,5,0.04095467020926295,0.005103335064645361,0.03461804278872193,0.047291297629803976
P2,c2st_lr,source_only,acc,replace,0.05,prevalence_error,5,-0.03673837948153652,0.008834053532089948,-0.04770730571053741,-0.025769453252535632
P2,c2st_lr,source_only,acc,replace,0.05,false_positive_share,5,0.9929951085179194,0.0018819216485139176,0.9906583941595194,0.9953318228763194
P2,c2st_lr,source_only,acc,replace,0.05,prevalence_decision_error,5,0.01,0.01,-0.0024166399820376404,0.02241663998203764
P2,c2st_lr,source_only,acc,replace,0.05,decision_regret,5,0.00023430797756230411,0.00018518689633441056,4.368075444773892e-06,0.00046424787967983434
P2,c2st_lr,source_only,acc,replace,0.1,prevalence_absolute_error,5,0.0913981717559638,0.005453776462891884,0.08462641386773989,0.09816992964418772
P2,c2st_lr,source_only,acc,replace,0.1,prevalence_error,5,-0.0912060247041884,0.005676184020940251,-0.09825393805016938,-0.08415811135820742
P2,c2st_lr,source_only,acc,replace,0.1,false_positive_share,5,0.9853326050204462,0.003915433087716069,0.9804709527180533,0.990194257322839
P2,c2st_lr,source_only,acc,replace,0.1,prevalence_decision_error,5,0.992,0.010954451150103333,0.9783982523868349,1.0056017476131651
P2,c2st_lr,source_only,acc,replace,0.1,decision_regret,5,0.000233453215705448,0.00014451290335348638,5.4016746335523947e-05,0.000412889685075372
P2,c2st_lr,source_only,cc,replace,0.05,prevalence_absolute_error,5,0.0059259999999999695,0.001623308350252671,0.003910396463507682,0.007941603536492257
P2,c2st_lr,source_only,cc,replace,0.05,prevalence_error,5,-0.00237400000000003,0.003909824804259121,-0.007228688698732661,0.0024806886987326
P2,c2st_lr,source_only,cc,replace,0.05,false_positive_share,5,0.9929951085179194,0.0018819216485139176,0.9906583941595194,0.9953318228763194
P2,c2st_lr,source_only,cc,replace,0.05,prevalence_decision_error,5,0.0,0.0,0.0,0.0
P2,c2st_lr,source_only,cc,replace,0.05,decision_regret,5,0.0001916907733502641,0.00016695524368996726,-1.5611542050904416e-05,0.0003989930887514326
P2,c2st_lr,source_only,cc,replace,0.1,prevalence_absolute_error,5,0.05482,0.0036596994412109855,0.050275882959601885,0.059364117040398116
P2,c2st_lr,source_only,cc,replace,0.1,prevalence_error,5,-0.05482,0.0036596994412109855,-0.059364117040398116,-0.050275882959601885
P2,c2st_lr,source_only,cc,replace,0.1,false_positive_share,5,0.9853326050204462,0.003915433087716069,0.9804709527180533,0.990194257322839
P2,c2st_lr,source_only,cc,replace,0.1,prevalence_decision_error,5,1.0,0.0,1.0,1.0
P2,c2st_lr,source_only,cc,replace,0.1,decision_regret,5,0.000233453215705448,0.00014451290335348638,5.4016746335523947e-05,0.000412889685075372
P2,c2st_lr,source_only,dys,replace,0.05,prevalence_absolute_error,5,0.04399651177523024,0.0037203569459882866,0.03937707849492928,0.048615945055531205
P2,c2st_lr,source_only,dys,replace,0.05,prevalence_error,5,-0.042158153642780735,0.005272713401805579,-0.04870509204664922,-0.03561121523891225
P2,c2st_lr,source_only,dys,replace,0.05,false_positive_share,5,0.9929951085179194,0.0018819216485139176,0.9906583941595194,0.9953318228763194
P2,c2st_lr,source_only,dys,replace,0.05,prevalence_decision_error,5,0.004,0.00894427190999916,-0.0071057804207911735,0.015105780420791174
P2,c2st_lr,source_only,dys,replace,0.05,decision_regret,5,0.0001916907733502641,0.00016695524368996726,-1.5611542050904416e-05,0.0003989930887514326
P2,c2st_lr,source_only,dys,replace,0.1,prevalence_absolute_error,5,0.09647495656566403,0.0022078207586905467,0.09373358501511106,0.099216328116217
P2,c2st_lr,source_only,dys,replace,0.1,prevalence_error,5,-0.09647495656566403,0.0022078207586905467,-0.099216328116217,-0.09373358501511106
P2,c2st_lr,source_only,dys,replace,0.1,false_positive_share,5,0.9853326050204462,0.003915433087716069,0.9804709527180533,0.990194257322839
P2,c2st_lr,source_only,dys,replace,0.1,prevalence_decision_error,5,1.0,0.0,1.0,1.0
P2,c2st_lr,source_only,dys,replace,0.1,decision_regret,5,0.000233453215705448,0.00014451290335348638,5.4016746335523947e-05,0.000412889685075372
P2,c2st_lr,source_only,emq,replace,0.05,prevalence_absolute_error,5,0.044306789362967725,0.0026529490032763097,0.04101271809652897,0.04760086062940648
P2,c2st_lr,source_only,emq,replace,0.05,prevalence_error,5,-0.04345943925754083,0.0034000415862379934,-0.047681148487568166,-0.0392377300275135
P2,c2st_lr,source_only,emq,replace,0.05,false_positive_share,5,0.9929951085179194,0.0018819216485139176,0.9906583941595194,0.9953318228763194
P2,c2st_lr,source_only,emq,replace,0.05,prevalence_decision_error,5,0.0,0.0,0.0,0.0
P2,c2st_lr,source_only,emq,replace,0.05,decision_regret,5,0.0001916907733502641,0.00016695524368996726,-1.5611542050904416e-05,0.0003989930887514326
P2,c2st_lr,source_only,emq,replace,0.1,prevalence_absolute_error,5,0.09753385732198275,0.001943183843764451,0.09512107590128922,0.09994663874267627
P2,c2st_lr,source_only,emq,replace,0.1,prevalence_error,5,-0.09753385732198275,0.001943183843764451,-0.09994663874267627,-0.09512107590128922
P2,c2st_lr,source_only,emq,replace,0.1,false_positive_share,5,0.9853326050204462,0.003915433087716069,0.9804709527180533,0.990194257322839
P2,c2st_lr,source_only,emq,replace,0.1,prevalence_decision_error,5,1.0,0.0,1.0,1.0
P2,c2st_lr,source_only,emq,replace,0.1,decision_regret,5,0.000233453215705448,0.00014451290335348638,5.4016746335523947e-05,0.000412889685075372
P2,c2st_lr,source_only,hdy,replace,0.05,prevalence_absolute_error,5,0.04489890869422815,0.0030013264087445273,0.04117226974563187,0.048625547642824424
P2,c2st_lr,source_only,hdy,replace,0.05,prevalence_error,5,-0.043899736868113784,0.003934518484867,-0.04878508682104036,-0.03901438691518721
P2,c2st_lr,source_only,hdy,replace,0.05,false_positive_share,5,0.9929951085179194,0.0018819216485139176,0.9906583941595194,0.9953318228763194
P2,c2st_lr,source_only,hdy,replace,0.05,prevalence_decision_error,5,0.0,0.0,0.0,0.0
P2,c2st_lr,source_only,hdy,replace,0.05,decision_regret,5,0.0001916907733502641,0.00016695524368996726,-1.5611542050904416e-05,0.0003989930887514326
P2,c2st_lr,source_only,hdy,replace,0.1,prevalence_absolute_error,5,0.09743102736422328,0.0022057495892367804,0.09469222751021523,0.10016982721823132
P2,c2st_lr,source_only,hdy,replace,0.1,prevalence_error,5,-0.09743102736422328,0.0022057495892367804,-0.10016982721823132,-0.09469222751021523
P2,c2st_lr,source_only,hdy,replace,0.1,false_positive_share,5,0.9853326050204462,0.003915433087716069,0.9804709527180533,0.990194257322839
P2,c2st_lr,source_only,hdy,replace,0.1,prevalence_decision_error,5,1.0,0.0,1.0,1.0
P2,c2st_lr,source_only,hdy,replace,0.1,decision_regret,5,0.000233453215705448,0.00014451290335348638,5.4016746335523947e-05,0.000412889685075372
P2,c2st_lr,source_only,kdey,replace,0.05,prevalence_absolute_error,5,0.04742811457095063,0.0017153456315741296,0.045298231655748936,0.04955799748615232
P2,c2st_lr,source_only,kdey,replace,0.05,prevalence_error,5,-0.04710955125948076,0.00200881826982424,-0.049603828584055494,-0.04461527393490603
P2,c2st_lr,source_only,kdey,replace,0.05,false_positive_share,5,0.9929951085179194,0.0018819216485139176,0.9906583941595194,0.9953318228763194
P2,c2st_lr,source_only,kdey,replace,0.05,prevalence_decision_error,5,0.0,0.0,0.0,0.0
P2,c2st_lr,source_only,kdey,replace,0.05,decision_regret,5,0.0001916907733502641,0.00016695524368996726,-1.5611542050904416e-05,0.0003989930887514326
P2,c2st_lr,source_only,kdey,replace,0.1,prevalence_absolute_error,5,0.0991334790610118,0.0010015977597347449,0.09788983118206762,0.10037712693995599
P2,c2st_lr,source_only,kdey,replace,0.1,prevalence_error,5,-0.0991334790610118,0.0010015977597347449,-0.10037712693995599,-0.09788983118206762
P2,c2st_lr,source_only,kdey,replace,0.1,false_positive_share,5,0.9853326050204462,0.003915433087716069,0.9804709527180533,0.990194257322839
P2,c2st_lr,source_only,kdey,replace,0.1,prevalence_decision_error,5,1.0,0.0,1.0,1.0
P2,c2st_lr,source_only,kdey,replace,0.1,decision_regret,5,0.000233453215705448,0.00014451290335348638,5.4016746335523947e-05,0.000412889685075372
P2,c2st_lr,source_only,median_sweep,replace,0.05,prevalence_absolute_error,5,0.04531338082151763,0.0029063403216313113,0.041704682677620085,0.04892207896541518
P2,c2st_lr,source_only,median_sweep,replace,0.05,prevalence_error,5,-0.04415009252798221,0.003957268074413073,-0.049063689827222055,-0.03923649522874236
P2,c2st_lr,source_only,median_sweep,replace,0.05,false_positive_share,5,0.9929951085179194,0.0018819216485139176,0.9906583941595194,0.9953318228763194
P2,c2st_lr,source_only,median_sweep,replace,0.05,prevalence_decision_error,5,0.0,0.0,0.0,0.0
P2,c2st_lr,source_only,median_sweep,replace,0.05,decision_regret,5,0.0001916907733502641,0.00016695524368996726,-1.5611542050904416e-05,0.0003989930887514326
P2,c2st_lr,source_only,median_sweep,replace,0.1,prevalence_absolute_error,5,0.09841481041291063,0.001250599647316214,0.09686198585467176,0.0999676349711495
P2,c2st_lr,source_only,median_sweep,replace,0.1,prevalence_error,5,-0.09841481041291063,0.001250599647316214,-0.0999676349711495,-0.09686198585467176
P2,c2st_lr,source_only,median_sweep,replace,0.1,false_positive_share,5,0.9853326050204462,0.003915433087716069,0.9804709527180533,0.990194257322839
P2,c2st_lr,source_only,median_sweep,replace,0.1,prevalence_decision_error,5,1.0,0.0,1.0,1.0
P2,c2st_lr,source_only,median_sweep,replace,0.1,decision_regret,5,0.000233453215705448,0.00014451290335348638,5.4016746335523947e-05,0.000412889685075372
P2,c2st_lr,source_only,pacc,replace,0.05,prevalence_absolute_error,5,0.04570087235493046,0.002695967211610546,0.04235338692793585,0.04904835778192506
P2,c2st_lr,source_only,pacc,replace,0.05,prevalence_error,5,-0.04505106461761439,0.0032919699864092807,-0.04913858523290613,-0.040963544002322654
P2,c2st_lr,source_only,pacc,replace,0.05,false_positive_share,5,0.9929951085179194,0.0018819216485139176,0.9906583941595194,0.9953318228763194
P2,c2st_lr,source_only,pacc,replace,0.05,prevalence_decision_error,5,0.0,0.0,0.0,0.0
P2,c2st_lr,source_only,pacc,replace,0.05,decision_regret,5,0.0001916907733502641,0.00016695524368996726,-1.5611542050904416e-05,0.0003989930887514326
P2,c2st_lr,source_only,pacc,replace,0.1,prevalence_absolute_error,5,0.09854341751082576,0.0016089945842195394,0.09654558686229553,0.100541248159356
P2,c2st_lr,source_only,pacc,replace,0.1,prevalence_error,5,-0.09854341751082576,0.0016089945842195394,-0.100541248159356,-0.09654558686229553
P2,c2st_lr,source_only,pacc,replace,0.1,false_positive_share,5,0.9853326050204462,0.003915433087716069,0.9804709527180533,0.990194257322839
P2,c2st_lr,source_only,pacc,replace,0.1,prevalence_decision_error,5,1.0,0.0,1.0,1.0
P2,c2st_lr,source_only,pacc,replace,0.1,decision_regret,5,0.000233453215705448,0.00014451290335348638,5.4016746335523947e-05,0.000412889685075372
P2,c2st_lr,source_only,pcc,replace,0.05,prevalence_absolute_error,5,0.3829719517387198,0.002025086004245097,0.38045747535398233,0.38548642812345724
P2,c2st_lr,source_only,pcc,replace,0.05,prevalence_error,5,0.3829719517387198,0.002025086004245097,0.38045747535398233,0.38548642812345724
P2,c2st_lr,source_only,pcc,replace,0.05,false_positive_share,5,0.9929951085179194,0.0018819216485139176,0.9906583941595194,0.9953318228763194
P2,c2st_lr,source_only,pcc,replace,0.05,prevalence_decision_error,5,1.0,0.0,1.0,1.0
P2,c2st_lr,source_only,pcc,replace,0.05,decision_regret,5,0.0005144473476269921,0.0002536174082862131,0.0001995397424402563,0.0008293549528137279
P2,c2st_lr,source_only,pcc,replace,0.1,prevalence_absolute_error,5,0.32956791982668976,0.002270310639676533,0.32674895684066446,0.33238688281271506
P2,c2st_lr,source_only,pcc,replace,0.1,prevalence_error,5,0.32956791982668976,0.002270310639676533,0.32674895684066446,0.33238688281271506
P2,c2st_lr,source_only,pcc,replace,0.1,false_positive_share,5,0.9853326050204462,0.003915433087716069,0.9804709527180533,0.990194257322839
P2,c2st_lr,source_only,pcc,replace,0.1,prevalence_decision_error,5,0.0,0.0,0.0,0.0
P2,c2st_lr,source_only,pcc,replace,0.1,decision_regret,5,0.0004660164371824725,0.00030239817197089044,9.053951392358722e-05,0.0008414933604413578
P2,c2st_lr,target_real_anchor,acc,replace,0.05,prevalence_absolute_error,5,0.0421175014550539,0.003432799705572669,0.037855117647599835,0.04637988526250796
P2,c2st_lr,target_real_anchor,acc,replace,0.05,prevalence_error,5,-0.03878442887006228,0.006571080824029964,-0.04694350335854741,-0.030625354381577152
P2,c2st_lr,target_real_anchor,acc,replace,0.05,false_positive_share,5,0.9929757231055334,0.002361073653901847,0.990044062952376,0.9959073832586908
P2,c2st_lr,target_real_anchor,acc,replace,0.05,prevalence_decision_error,5,0.004,0.005477225575051661,-0.0028008738065825566,0.010800873806582557
P2,c2st_lr,target_real_anchor,acc,replace,0.05,decision_regret,5,0.00023329119830583952,0.0001850801915619576,3.4837876627006952e-06,0.0004630986089489784
P2,c2st_lr,target_real_anchor,acc,replace,0.1,prevalence_absolute_error,5,0.09320224692828648,0.004045139212186508,0.08817954320079216,0.0982249506557808
P2,c2st_lr,target_real_anchor,acc,replace,0.1,prevalence_error,5,-0.09312770662923098,0.004157259439355101,-0.09828962600627097,-0.08796578725219098
P2,c2st_lr,target_real_anchor,acc,replace,0.1,false_positive_share,5,0.9852960307221948,0.0049072112344875,0.9792029232007506,0.9913891382436391
P2,c2st_lr,target_real_anchor,acc,replace,0.1,prevalence_decision_error,5,0.9960000000000001,0.005477225575051666,0.9891991261934175,1.0028008738065826
P2,c2st_lr,target_real_anchor,acc,replace,0.1,decision_regret,5,0.00022787056770982758,0.00014003888307613516,5.398932824552416e-05,0.000401751807174131
P2,c2st_lr,target_real_anchor,cc,replace,0.05,prevalence_absolute_error,5,0.00966999999999997,0.0034955400155054746,0.005329713808466195,0.014010286191533746
P2,c2st_lr,target_real_anchor,cc,replace,0.05,prevalence_error,5,-0.0024820000000000293,0.010378078820282653,-0.015368086841665992,0.010404086841665933
P2,c2st_lr,target_real_anchor,cc,replace,0.05,false_positive_share,5,0.9929757231055334,0.002361073653901847,0.990044062952376,0.9959073832586908
P2,c2st_lr,target_real_anchor,cc,replace,0.05,prevalence_decision_error,5,0.0,0.0,0.0,0.0
P2,c2st_lr,target_real_anchor,cc,replace,0.05,decision_regret,5,0.00018535236393053554,0.0001537360094799869,-5.536104268276788e-06,0.00037624083212934787
P2,c2st_lr,target_real_anchor,cc,replace,0.1,prevalence_absolute_error,5,0.054972,0.009193430806831585,0.04355684794717984,0.06638715205282017
P2,c2st_lr,target_real_anchor,cc,replace,0.1,prevalence_error,5,-0.054972,0.009193430806831585,-0.06638715205282017,-0.04355684794717984
P2,c2st_lr,target_real_anchor,cc,replace,0.1,false_positive_share,5,0.9852960307221948,0.0049072112344875,0.9792029232007506,0.9913891382436391
P2,c2st_lr,target_real_anchor,cc,replace,0.1,prevalence_decision_error,5,1.0,0.0,1.0,1.0
P2,c2st_lr,target_real_anchor,cc,replace,0.1,decision_regret,5,0.00022787056770982758,0.00014003888307613516,5.398932824552416e-05,0.000401751807174131
P2,c2st_lr,target_real_anchor,dys,replace,0.05,prevalence_absolute_error,5,0.04399651177523024,0.0037203569459882866,0.03937707849492928,0.048615945055531205
P2,c2st_lr,target_real_anchor,dys,replace,0.05,prevalence_error,5,-0.042158153642780735,0.005272713401805579,-0.04870509204664922,-0.03561121523891225
P2,c2st_lr,target_real_anchor,dys,replace,0.05,false_positive_share,5,0.9929757231055334,0.002361073653901847,0.990044062952376,0.9959073832586908
P2,c2st_lr,target_real_anchor,dys,replace,0.05,prevalence_decision_error,5,0.004,0.00894427190999916,-0.0071057804207911735,0.015105780420791174
P2,c2st_lr,target_real_anchor,dys,replace,0.05,decision_regret,5,0.00018535236393053554,0.0001537360094799869,-5.536104268276788e-06,0.00037624083212934787
P2,c2st_lr,target_real_anchor,dys,replace,0.1,prevalence_absolute_error,5,0.09647495656566403,0.0022078207586905467,0.09373358501511106,0.099216328116217
P2,c2st_lr,target_real_anchor,dys,replace,0.1,prevalence_error,5,-0.09647495656566403,0.0022078207586905467,-0.099216328116217,-0.09373358501511106
P2,c2st_lr,target_real_anchor,dys,replace,0.1,false_positive_share,5,0.9852960307221948,0.0049072112344875,0.9792029232007506,0.9913891382436391
P2,c2st_lr,target_real_anchor,dys,replace,0.1,prevalence_decision_error,5,1.0,0.0,1.0,1.0
P2,c2st_lr,target_real_anchor,dys,replace,0.1,decision_regret,5,0.00022787056770982758,0.00014003888307613516,5.398932824552416e-05,0.000401751807174131
P2,c2st_lr,target_real_anchor,emq,replace,0.05,prevalence_absolute_error,5,0.044306789362967725,0.0026529490032763097,0.04101271809652897,0.04760086062940648
P2,c2st_lr,target_real_anchor,emq,replace,0.05,prevalence_error,5,-0.04345943925754083,0.0034000415862379934,-0.047681148487568166,-0.0392377300275135
P2,c2st_lr,target_real_anchor,emq,replace,0.05,false_positive_share,5,0.9929757231055334,0.002361073653901847,0.990044062952376,0.9959073832586908
P2,c2st_lr,target_real_anchor,emq,replace,0.05,prevalence_decision_error,5,0.0,0.0,0.0,0.0
P2,c2st_lr,target_real_anchor,emq,replace,0.05,decision_regret,5,0.00018535236393053554,0.0001537360094799869,-5.536104268276788e-06,0.00037624083212934787
P2,c2st_lr,target_real_anchor,emq,replace,0.1,prevalence_absolute_error,5,0.09753385732198275,0.001943183843764451,0.09512107590128922,0.09994663874267627
P2,c2st_lr,target_real_anchor,emq,replace,0.1,prevalence_error,5,-0.09753385732198275,0.001943183843764451,-0.09994663874267627,-0.09512107590128922
P2,c2st_lr,target_real_anchor,emq,replace,0.1,false_positive_share,5,0.9852960307221948,0.0049072112344875,0.9792029232007506,0.9913891382436391
P2,c2st_lr,target_real_anchor,emq,replace,0.1,prevalence_decision_error,5,1.0,0.0,1.0,1.0
P2,c2st_lr,target_real_anchor,emq,replace,0.1,decision_regret,5,0.00022787056770982758,0.00014003888307613516,5.398932824552416e-05,0.000401751807174131
P2,c2st_lr,target_real_anchor,hdy,replace,0.05,prevalence_absolute_error,5,0.04489890869422815,0.0030013264087445273,0.04117226974563187,0.048625547642824424
P2,c2st_lr,target_real_anchor,hdy,replace,0.05,prevalence_error,5,-0.043899736868113784,0.003934518484867,-0.04878508682104036,-0.03901438691518721
P2,c2st_lr,target_real_anchor,hdy,replace,0.05,false_positive_share,5,0.9929757231055334,0.002361073653901847,0.990044062952376,0.9959073832586908
P2,c2st_lr,target_real_anchor,hdy,replace,0.05,prevalence_decision_error,5,0.0,0.0,0.0,0.0
P2,c2st_lr,target_real_anchor,hdy,replace,0.05,decision_regret,5,0.00018535236393053554,0.0001537360094799869,-5.536104268276788e-06,0.00037624083212934787
P2,c2st_lr,target_real_anchor,hdy,replace,0.1,prevalence_absolute_error,5,0.09743102736422328,0.0022057495892367804,0.09469222751021523,0.10016982721823132
P2,c2st_lr,target_real_anchor,hdy,replace,0.1,prevalence_error,5,-0.09743102736422328,0.0022057495892367804,-0.10016982721823132,-0.09469222751021523
P2,c2st_lr,target_real_anchor,hdy,replace,0.1,false_positive_share,5,0.9852960307221948,0.0049072112344875,0.9792029232007506,0.9913891382436391
P2,c2st_lr,target_real_anchor,hdy,replace,0.1,prevalence_decision_error,5,1.0,0.0,1.0,1.0
P2,c2st_lr,target_real_anchor,hdy,replace,0.1,decision_regret,5,0.00022787056770982758,0.00014003888307613516,5.398932824552416e-05,0.000401751807174131
P2,c2st_lr,target_real_anchor,kdey,replace,0.05,prevalence_absolute_error,5,0.04742811457095063,0.0017153456315741296,0.045298231655748936,0.04955799748615232
P2,c2st_lr,target_real_anchor,kdey,replace,0.05,prevalence_error,5,-0.04710955125948076,0.00200881826982424,-0.049603828584055494,-0.04461527393490603
P2,c2st_lr,target_real_anchor,kdey,replace,0.05,false_positive_share,5,0.9929757231055334,0.002361073653901847,0.990044062952376,0.9959073832586908
P2,c2st_lr,target_real_anchor,kdey,replace,0.05,prevalence_decision_error,5,0.0,0.0,0.0,0.0
P2,c2st_lr,target_real_anchor,kdey,replace,0.05,decision_regret,5,0.00018535236393053554,0.0001537360094799869,-5.536104268276788e-06,0.00037624083212934787
P2,c2st_lr,target_real_anchor,kdey,replace,0.1,prevalence_absolute_error,5,0.0991334790610118,0.0010015977597347449,0.09788983118206762,0.10037712693995599
P2,c2st_lr,target_real_anchor,kdey,replace,0.1,prevalence_error,5,-0.0991334790610118,0.0010015977597347449,-0.10037712693995599,-0.09788983118206762
P2,c2st_lr,target_real_anchor,kdey,replace,0.1,false_positive_share,5,0.9852960307221948,0.0049072112344875,0.9792029232007506,0.9913891382436391
P2,c2st_lr,target_real_anchor,kdey,replace,0.1,prevalence_decision_error,5,1.0,0.0,1.0,1.0
P2,c2st_lr,target_real_anchor,kdey,replace,0.1,decision_regret,5,0.00022787056770982758,0.00014003888307613516,5.398932824552416e-05,0.000401751807174131
P2,c2st_lr,target_real_anchor,median_sweep,replace,0.05,prevalence_absolute_error,5,0.04531338082151763,0.0029063403216313113,0.041704682677620085,0.04892207896541518
P2,c2st_lr,target_real_anchor,median_sweep,replace,0.05,prevalence_error,5,-0.04415009252798221,0.003957268074413073,-0.049063689827222055,-0.03923649522874236
P2,c2st_lr,target_real_anchor,median_sweep,replace,0.05,false_positive_share,5,0.9929757231055334,0.002361073653901847,0.990044062952376,0.9959073832586908
P2,c2st_lr,target_real_anchor,median_sweep,replace,0.05,prevalence_decision_error,5,0.0,0.0,0.0,0.0
P2,c2st_lr,target_real_anchor,median_sweep,replace,0.05,decision_regret,5,0.00018535236393053554,0.0001537360094799869,-5.536104268276788e-06,0.00037624083212934787
P2,c2st_lr,target_real_anchor,median_sweep,replace,0.1,prevalence_absolute_error,5,0.09841481041291063,0.001250599647316214,0.09686198585467176,0.0999676349711495
P2,c2st_lr,target_real_anchor,median_sweep,replace,0.1,prevalence_error,5,-0.09841481041291063,0.001250599647316214,-0.0999676349711495,-0.09686198585467176
P2,c2st_lr,target_real_anchor,median_sweep,replace,0.1,false_positive_share,5,0.9852960307221948,0.0049072112344875,0.9792029232007506,0.9913891382436391
P2,c2st_lr,target_real_anchor,median_sweep,replace,0.1,prevalence_decision_error,5,1.0,0.0,1.0,1.0
P2,c2st_lr,target_real_anchor,median_sweep,replace,0.1,decision_regret,5,0.00022787056770982758,0.00014003888307613516,5.398932824552416e-05,0.000401751807174131
P2,c2st_lr,target_real_anchor,pacc,replace,0.05,prevalence_absolute_error,5,0.04570087235493046,0.002695967211610546,0.04235338692793585,0.04904835778192506
P2,c2st_lr,target_real_anchor,pacc,replace,0.05,prevalence_error,5,-0.04505106461761439,0.0032919699864092807,-0.04913858523290613,-0.040963544002322654
P2,c2st_lr,target_real_anchor,pacc,replace,0.05,false_positive_share,5,0.9929757231055334,0.002361073653901847,0.990044062952376,0.9959073832586908
P2,c2st_lr,target_real_anchor,pacc,replace,0.05,prevalence_decision_error,5,0.0,0.0,0.0,0.0
P2,c2st_lr,target_real_anchor,pacc,replace,0.05,decision_regret,5,0.00018535236393053554,0.0001537360094799869,-5.536104268276788e-06,0.00037624083212934787
P2,c2st_lr,target_real_anchor,pacc,replace,0.1,prevalence_absolute_error,5,0.09854341751082576,0.0016089945842195394,0.09654558686229553,0.100541248159356
P2,c2st_lr,target_real_anchor,pacc,replace,0.1,prevalence_error,5,-0.09854341751082576,0.0016089945842195394,-0.100541248159356,-0.09654558686229553
P2,c2st_lr,target_real_anchor,pacc,replace,0.1,false_positive_share,5,0.9852960307221948,0.0049072112344875,0.9792029232007506,0.9913891382436391
P2,c2st_lr,target_real_anchor,pacc,replace,0.1,prevalence_decision_error,5,1.0,0.0,1.0,1.0
P2,c2st_lr,target_real_anchor,pacc,replace,0.1,decision_regret,5,0.00022787056770982758,0.00014003888307613516,5.398932824552416e-05,0.000401751807174131
P2,c2st_lr,target_real_anchor,pcc,replace,0.05,prevalence_absolute_error,5,0.3829719517387198,0.002025086004245097,0.38045747535398233,0.38548642812345724
P2,c2st_lr,target_real_anchor,pcc,replace,0.05,prevalence_error,5,0.3829719517387198,0.002025086004245097,0.38045747535398233,0.38548642812345724
P2,c2st_lr,target_real_anchor,pcc,replace,0.05,false_positive_share,5,0.9929757231055334,0.002361073653901847,0.990044062952376,0.9959073832586908
P2,c2st_lr,target_real_anchor,pcc,replace,0.05,prevalence_decision_error,5,1.0,0.0,1.0,1.0
P2,c2st_lr,target_real_anchor,pcc,replace,0.05,decision_regret,5,0.0004869549983601481,0.00030544634526912396,0.00010769326805656025,0.0008662167286637359
P2,c2st_lr,target_real_anchor,pcc,replace,0.1,prevalence_absolute_error,5,0.32956791982668976,0.002270310639676533,0.32674895684066446,0.33238688281271506
P2,c2st_lr,target_real_anchor,pcc,replace,0.1,prevalence_error,5,0.32956791982668976,0.002270310639676533,0.32674895684066446,0.33238688281271506
P2,c2st_lr,target_real_anchor,pcc,replace,0.1,false_positive_share,5,0.9852960307221948,0.0049072112344875,0.9792029232007506,0.9913891382436391
P2,c2st_lr,target_real_anchor,pcc,replace,0.1,prevalence_decision_error,5,0.0,0.0,0.0,0.0
P2,c2st_lr,target_real_anchor,pcc,replace,0.1,decision_regret,5,0.00048642177954529616,0.0003562391829070482,4.409241138008871e-05,0.0009287511477105036
P2,c2st_xgb,oracle_target,acc,replace,0.05,prevalence_absolute_error,5,0.01300007739080758,0.0031668733754367504,0.009067884733657734,0.016932270047957425
P2,c2st_xgb,oracle_target,acc,replace,0.05,prevalence_error,5,-0.0038323688886655674,0.007878626186007915,-0.013614975379137029,0.005950237601805894
P2,c2st_xgb,oracle_target,acc,replace,0.05,false_positive_share,5,0.634127239254221,0.011367740033004435,0.6200123257142998,0.6482421527941422
P2,c2st_xgb,oracle_target,acc,replace,0.05,prevalence_decision_error,5,0.0,0.0,0.0,0.0
P2,c2st_xgb,oracle_target,acc,replace,0.05,decision_regret,5,9.129458630218533e-05,6.710998091668326e-05,7.966539077798091e-06,0.00017462263352657257
P2,c2st_xgb,oracle_target,acc,replace,0.1,prevalence_absolute_error,5,0.014833315492459382,0.0020059713372013645,0.012342573101627785,0.01732405788329098
P2,c2st_xgb,oracle_target,acc,replace,0.1,prevalence_error,5,-0.004516459001031486,0.008127573176689138,-0.014608174007292989,0.005575256005230017
P2,c2st_xgb,oracle_target,acc,replace,0.1,false_positive_share,5,0.4509342469920078,0.012191087265113911,0.43579701283595546,0.46607148114806013
P2,c2st_xgb,oracle_target,acc,replace,0.1,prevalence_decision_error,5,0.592,0.18673510650116112,0.36013774105676255,0.8238622589432374
P2,c2st_xgb,oracle_target,acc,replace,0.1,decision_regret,5,0.000506805211523868,0.0002866074878216594,0.00015093501228008975,0.0008626754107676463
P2,c2st_xgb,oracle_target,cc,replace,0.05,prevalence_absolute_error,5,0.02129799999999994,0.003663041086310658,0.016749733759186786,0.02584626624081309
P2,c2st_xgb,oracle_target,cc,replace,0.05,prevalence_error,5,0.021293999999999938,0.0036704264057463355,0.01673656367392827,0.025851436326071606
P2,c2st_xgb,oracle_target,cc,replace,0.05,false_positive_share,5,0.634127239254221,0.011367740033004435,0.6200123257142998,0.6482421527941422
P2,c2st_xgb,oracle_target,cc,replace,0.05,prevalence_decision_error,5,0.0,0.0,0.0,0.0
P2,c2st_xgb,oracle_target,cc,replace,0.05,decision_regret,5,9.129458630218533e-05,6.710998091668326e-05,7.966539077798091e-06,0.00017462263352657257
P2,c2st_xgb,oracle_target,cc,replace,0.1,prevalence_absolute_error,5,0.008047999999999979,0.0015084661083365582,0.006174991940767935,0.009921008059232022
P2,c2st_xgb,oracle_target,cc,replace,0.1,prevalence_error,5,-0.005232000000000022,0.0036264817661198698,-0.009734871849133468,-0.0007291281508665769
P2,c2st_xgb,oracle_target,cc,replace,0.1,false_positive_share,5,0.4509342469920078,0.012191087265113911,0.43579701283595546,0.46607148114806013
P2,c2st_xgb,oracle_target,cc,replace,0.1,prevalence_decision_error,5,0.734,0.15978110025907322,0.5356055602149227,0.9323944397850773
P2,c2st_xgb,oracle_target,cc,replace,0.1,decision_regret,5,0.000365426189236244,0.00031021921897867756,-1.97618465204698e-05,0.0007506142249929578
P2,c2st_xgb,oracle_target,dys,replace,0.05,prevalence_absolute_error,5,0.005847680107821607,0.00035958624978789345,0.0054011948072108735,0.00629416540843234
P2,c2st_xgb,oracle_target,dys,replace,0.05,prevalence_error,5,-0.0006364318350660118,0.0009372451490539279,-0.0018001753941373948,0.0005273117240053712
P2,c2st_xgb,oracle_target,dys,replace,0.05,false_positive_share,5,0.634127239254221,0.011367740033004435,0.6200123257142998,0.6482421527941422
P2,c2st_xgb,oracle_target,dys,replace,0.05,prevalence_decision_error,5,0.0,0.0,0.0,0.0
P2,c2st_xgb,oracle_target,dys,replace,0.05,decision_regret,5,9.129458630218533e-05,6.710998091668326e-05,7.966539077798091e-06,0.00017462263352657257
P2,c2st_xgb,oracle_target,dys,replace,0.1,prevalence_absolute_error,5,0.008898034408068693,0.0006115798166152403,0.008138657767749488,0.009657411048387897
P2,c2st_xgb,oracle_target,dys,replace,0.1,prevalence_error,5,-0.0002472019212694376,0.00263180677894532,-0.003515021648914454,0.0030206178063755785
P2,c2st_xgb,oracle_target,dys,replace,0.1,false_positive_share,5,0.4509342469920078,0.012191087265113911,0.43579701283595546,0.46607148114806013
P2,c2st_xgb,oracle_target,dys,replace,0.1,prevalence_decision_error,5,0.51,0.09643650760992956,0.3902582603882472,0.6297417396117528
P2,c2st_xgb,oracle_target,dys,replace,0.1,decision_regret,5,0.000319198406032848,0.00022589483560495315,3.871292128201985e-05,0.0005996838907836761
P2,c2st_xgb,oracle_target,emq,replace,0.05,prevalence_absolute_error,5,0.048242971886082245,0.0012174415032403917,0.04673131860158958,0.04975462517057491
P2,c2st_xgb,oracle_target,emq,replace,0.05,prevalence_error,5,-0.048242971886082245,0.0012174415032403917,-0.04975462517057491,-0.04673131860158958
P2,c2st_xgb,oracle_target,emq,replace,0.05,false_positive_share,5,0.634127239254221,0.011367740033004435,0.6200123257142998,0.6482421527941422
P2,c2st_xgb,oracle_target,emq,replace,0.05,prevalence_decision_error,5,0.0,0.0,0.0,0.0
P2,c2st_xgb,oracle_target,emq,replace,0.05,decision_regret,5,9.129458630218533e-05,6.710998091668326e-05,7.966539077798091e-06,0.00017462263352657257
P2,c2st_xgb,oracle_target,emq,replace,0.1,prevalence_absolute_error,5,0.03943405712723781,0.0066087322381342154,0.03122823223337797,0.04763988202109765
P2,c2st_xgb,oracle_target,emq,replace,0.1,prevalence_error,5,-0.0393376561921862,0.0066396473171239905,-0.04758186722662927,-0.031093445157743135
P2,c2st_xgb,oracle_target,emq,replace,0.1,false_positive_share,5,0.4509342469920078,0.012191087265113911,0.43579701283595546,0.46607148114806013
P2,c2st_xgb,oracle_target,emq,replace,0.1,prevalence_decision_error,5,0.9920000000000002,0.008366600265340762,0.9816114936631646,1.0023885063368358
P2,c2st_xgb,oracle_target,emq,replace,0.1,decision_regret,5,0.000373328147567908,0.0002796250711384645,2.6127763740110192e-05,0.0007205285313957059
P2,c2st_xgb,oracle_target,hdy,replace,0.05,prevalence_absolute_error,5,0.005822301442117779,0.00038939722011938424,0.0053388009328949135,0.006305801951340645
P2,c2st_xgb,oracle_target,hdy,replace,0.05,prevalence_error,5,-0.00028690092980870104,0.0007857456960576779,-0.0012625330723470768,0.0006887312127296748
P2,c2st_xgb,oracle_target,hdy,replace,0.05,false_positive_share,5,0.634127239254221,0.011367740033004435,0.6200123257142998,0.6482421527941422
P2,c2st_xgb,oracle_target,hdy,replace,0.05,prevalence_decision_error,5,0.0,0.0,0.0,0.0
P2,c2st_xgb,oracle_target,hdy,replace,0.05,decision_regret,5,9.129458630218533e-05,6.710998091668326e-05,7.966539077798091e-06,0.00017462263352657257
P2,c2st_xgb,oracle_target,hdy,replace,0.1,prevalence_absolute_error,5,0.008846093495551512,0.0006701816853351361,0.00801395302461535,0.009678233966487674
P2,c2st_xgb,oracle_target,hdy,replace,0.1,prevalence_error,5,0.0003160001408431274,0.0024516653961974646,-0.002728144517257232,0.0033601447989434867
P2,c2st_xgb,oracle_target,hdy,replace,0.1,false_positive_share,5,0.4509342469920078,0.012191087265113911,0.43579701283595546,0.46607148114806013
P2,c2st_xgb,oracle_target,hdy,replace,0.1,prevalence_decision_error,5,0.49800000000000005,0.08757853618324528,0.3892568846058787,0.6067431153941214
P2,c2st_xgb,oracle_target,hdy,replace,0.1,decision_regret,5,0.000301107997704092,0.0002451848427986548,-3.3291945042471217e-06,0.0006055451899124311
P2,c2st_xgb,oracle_target,kdey,replace,0.05,prevalence_absolute_error,5,0.006030175925390629,0.0004198728488693973,0.005508834925126249,0.0065515169256550095
P2,c2st_xgb,oracle_target,kdey,replace,0.05,prevalence_error,5,0.0014817481230836136,0.0009512127668345444,0.0003006614758733683,0.002662834770293859
P2,c2st_xgb,oracle_target,kdey,replace,0.05,false_positive_share,5,0.634127239254221,0.011367740033004435,0.6200123257142998,0.6482421527941422
P2,c2st_xgb,oracle_target,kdey,replace,0.05,prevalence_decision_error,5,0.0,0.0,0.0,0.0
P2,c2st_xgb,oracle_target,kdey,replace,0.05,decision_regret,5,9.129458630218533e-05,6.710998091668326e-05,7.966539077798091e-06,0.00017462263352657257
P2,c2st_xgb,oracle_target,kdey,replace,0.1,prevalence_absolute_error,5,0.009037418058908115,0.0007421382259400861,0.0081159317420675,0.00995890437574873
P2,c2st_xgb,oracle_target,kdey,replace,0.1,prevalence_error,5,0.0011424784408452285,0.0029327116486579704,-0.00249896403040618,0.004783920912096637
P2,c2st_xgb,oracle_target,kdey,replace,0.1,false_positive_share,5,0.4509342469920078,0.012191087265113911,0.43579701283595546,0.46607148114806013
P2,c2st_xgb,oracle_target,kdey,replace,0.1,prevalence_decision_error,5,0.47000000000000003,0.08276472678623423,0.3672340184283623,0.5727659815716378
P2,c2st_xgb,oracle_target,kdey,replace,0.1,decision_regret,5,0.00044595985498328795,0.00020305925455126037,0.00019382848910489412,0.0006980912208616818
P2,c2st_xgb,oracle_target,median_sweep,replace,0.05,prevalence_absolute_error,5,0.010838155971963099,0.0013962737419005052,0.009104453135007988,0.01257185880891821
P2,c2st_xgb,oracle_target,median_sweep,replace,0.05,prevalence_error,5,-0.0004697803236499608,0.007505019015191539,-0.009788492240647963,0.008848931593348042
P2,c2st_xgb,oracle_target,median_sweep,replace,0.05,false_positive_share,5,0.634127239254221,0.011367740033004435,0.6200123257142998,0.6482421527941422
P2,c2st_xgb,oracle_target,median_sweep,replace,0.05,prevalence_decision_error,5,0.0,0.0,0.0,0.0
P2,c2st_xgb,oracle_target,median_sweep,replace,0.05,decision_regret,5,9.129458630218533e-05,6.710998091668326e-05,7.966539077798091e-06,0.00017462263352657257
P2,c2st_xgb,oracle_target,median_sweep,replace,0.1,prevalence_absolute_error,5,0.012347158922283153,0.0012308797269099169,0.01081881987926023,0.013875497965306077
P2,c2st_xgb,oracle_target,median_sweep,replace,0.1,prevalence_error,5,-0.0006351091498510101,0.007431633757985167,-0.009862701234976937,0.008592482935274917
P2,c2st_xgb,oracle_target,median_sweep,replace,0.1,false_positive_share,5,0.4509342469920078,0.012191087265113911,0.43579701283595546,0.46607148114806013
P2,c2st_xgb,oracle_target,median_sweep,replace,0.1,prevalence_decision_error,5,0.522,0.19018412131405713,0.28585522353431814,0.7581447764656819
P2,c2st_xgb,oracle_target,median_sweep,replace,0.1,decision_regret,5,0.000340835646767352,0.00030794089391886887,-4.152347478639186e-05,0.0007231947683210959
P2,c2st_xgb,oracle_target,pacc,replace,0.05,prevalence_absolute_error,5,0.014735684664337717,0.0014730648370978364,0.012906633089093442,0.016564736239581993
P2,c2st_xgb,oracle_target,pacc,replace,0.05,prevalence_error,5,-0.0009588435887244392,0.010776130045975107,-0.014339176306773603,0.012421489129324724
P2,c2st_xgb,oracle_target,pacc,replace,0.05,false_positive_share,5,0.634127239254221,0.011367740033004435,0.6200123257142998,0.6482421527941422
P2,c2st_xgb,oracle_target,pacc,replace,0.05,prevalence_decision_error,5,0.002,0.00447213595499958,-0.0035528902103955868,0.007552890210395587
P2,c2st_xgb,oracle_target,pacc,replace,0.05,decision_regret,5,9.129458630218533e-05,6.710998091668326e-05,7.966539077798091e-06,0.00017462263352657257
P2,c2st_xgb,oracle_target,pacc,replace,0.1,prevalence_absolute_error,5,0.01553658816361321,0.0016174889123203758,0.013528210413691235,0.017544965913535188
P2,c2st_xgb,oracle_target,pacc,replace,0.1,prevalence_error,5,-0.0007538856957867498,0.010805130928144294,-0.014170227765141543,0.012662456373568042
P2,c2st_xgb,oracle_target,pacc,replace,0.1,false_positive_share,5,0.4509342469920078,0.012191087265113911,0.43579701283595546,0.46607148114806013
P2,c2st_xgb,oracle_target,pacc,replace,0.1,prevalence_decision_error,5,0.56,0.24809272460110557,0.251952195646526,0.8680478043534741
P2,c2st_xgb,oracle_target,pacc,replace,0.1,decision_regret,5,0.000444204195548816,0.00031387007948842046,5.448301773469059e-05,0.0008339253733629414
P2,c2st_xgb,oracle_target,pcc,replace,0.05,prevalence_absolute_error,5,0.32630253278382504,0.0031347230041007157,0.32241026008529206,0.330194805482358
P2,c2st_xgb,oracle_target,pcc,replace,0.05,prevalence_error,5,0.32630253278382504,0.0031347230041007157,0.32241026008529206,0.330194805482358
P2,c2st_xgb,oracle_target,pcc,replace,0.05,false_positive_share,5,0.634127239254221,0.011367740033004435,0.6200123257142998,0.6482421527941422
P2,c2st_xgb,oracle_target,pcc,replace,0.05,prevalence_decision_error,5,1.0,0.0,1.0,1.0
P2,c2st_xgb,oracle_target,pcc,replace,0.05,decision_regret,5,0.0005773468874627699,0.00022054228863941047,0.0003035074675777509,0.0008511863073477889
P2,c2st_xgb,oracle_target,pcc,replace,0.1,prevalence_absolute_error,5,0.2900682719699884,0.0034146111384913747,0.28582847225145813,0.2943080716885187
P2,c2st_xgb,oracle_target,pcc,replace,0.1,prevalence_error,5,0.2900682719699884,0.0034146111384913747,0.28582847225145813,0.2943080716885187
P2,c2st_xgb,oracle_target,pcc,replace,0.1,false_positive_share,5,0.4509342469920078,0.012191087265113911,0.43579701283595546,0.46607148114806013
P2,c2st_xgb,oracle_target,pcc,replace,0.1,prevalence_decision_error,5,0.0,0.0,0.0,0.0
P2,c2st_xgb,oracle_target,pcc,replace,0.1,decision_regret,5,0.0007987258278068721,0.0005437226783882286,0.00012360495304528487,0.0014738467025684594
P2,c2st_xgb,source_only,acc,replace,0.05,prevalence_absolute_error,5,0.020632909766207384,0.004809342956682469,0.014661321761879918,0.02660449777053485
P2,c2st_xgb,source_only,acc,replace,0.05,prevalence_error,5,-0.020483706616616828,0.004916096763903791,-0.026587846980042195,-0.01437956625319146
P2,c2st_xgb,source_only,acc,replace,0.05,false_positive_share,5,0.63434731443494,0.011928542202235999,0.6195360730313693,0.6491585558385107
P2,c2st_xgb,source_only,acc,replace,0.05,prevalence_decision_error,5,0.0,0.0,0.0,0.0
P2,c2st_xgb,source_only,acc,replace,0.05,decision_regret,5,9.150941905408425e-05,6.747492922588501e-05,7.728228652955854e-06,0.00017529060945521263
P2,c2st_xgb,source_only,acc,replace,0.1,prevalence_absolute_error,5,0.03890028968701534,0.004659831553469152,0.033114344609378774,0.0446862347646519
P2,c2st_xgb,source_only,acc,replace,0.1,prevalence_error,5,-0.03890028968701534,0.004659831553469152,-0.0446862347646519,-0.033114344609378774
P2,c2st_xgb,source_only,acc,replace,0.1,false_positive_share,5,0.4511781301907082,0.012808869925986717,0.4352738175459356,0.4670824428354808
P2,c2st_xgb,source_only,acc,replace,0.1,prevalence_decision_error,5,1.0,0.0,1.0,1.0
P2,c2st_xgb,source_only,acc,replace,0.1,decision_regret,5,0.00036417764967271594,0.0002724747344394629,2.585558149910362e-05,0.0007024997178463283
P2,c2st_xgb,source_only,cc,replace,0.05,prevalence_absolute_error,5,0.021631999999999943,0.003608645175131516,0.017151275203747422,0.026112724796252464
P2,c2st_xgb,source_only,cc,replace,0.05,prevalence_error,5,0.02162799999999994,0.0036163821700699677,0.01713766845567806,0.02611833154432182
P2,c2st_xgb,source_only,cc,replace,0.05,false_positive_share,5,0.63434731443494,0.011928542202235999,0.6195360730313693,0.6491585558385107
P2,c2st_xgb,source_only,cc,replace,0.05,prevalence_decision_error,5,0.0,0.0,0.0,0.0
P2,c2st_xgb,source_only,cc,replace,0.05,decision_regret,5,9.150941905408425e-05,6.747492922588501e-05,7.728228652955854e-06,0.00017529060945521263
P2,c2st_xgb,source_only,cc,replace,0.1,prevalence_absolute_error,5,0.007893999999999977,0.0014817827101164466,0.006054123755687581,0.009733876244312373
P2,c2st_xgb,source_only,cc,replace,0.1,prevalence_error,5,-0.004930000000000022,0.00354279550637627,-0.00932896163326551,-0.0005310383667345335
P2,c2st_xgb,source_only,cc,replace,0.1,false_positive_share,5,0.4511781301907082,0.012808869925986717,0.4352738175459356,0.4670824428354808
P2,c2st_xgb,source_only,cc,replace,0.1,prevalence_decision_error,5,0.716,0.14943225890014514,0.5304553439534258,0.9015446560465742
P2,c2st_xgb,source_only,cc,replace,0.1,decision_regret,5,0.000366573022017856,0.0002882301956255357,8.687964914400287e-06,0.0007244580791213117
P2,c2st_xgb,source_only,dys,replace,0.05,prevalence_absolute_error,5,0.013429403857382888,0.0018051759317342661,0.011187981892524514,0.01567082582224126
P2,c2st_xgb,source_only,dys,replace,0.05,prevalence_error,5,-0.013358266881298046,0.001849295871427705,-0.015654470986876685,-0.011062062775719406
P2,c2st_xgb,source_only,dys,replace,0.05,false_positive_share,5,0.63434731443494,0.011928542202235999,0.6195360730313693,0.6491585558385107
P2,c2st_xgb,source_only,dys,replace,0.05,prevalence_decision_error,5,0.0,0.0,0.0,0.0
P2,c2st_xgb,source_only,dys,replace,0.05,decision_regret,5,9.150941905408425e-05,6.747492922588501e-05,7.728228652955854e-06,0.00017529060945521263
P2,c2st_xgb,source_only,dys,replace,0.1,prevalence_absolute_error,5,0.027052333183872467,0.002726790039060773,0.02366657616171007,0.030438090206034864
P2,c2st_xgb,source_only,dys,replace,0.1,prevalence_error,5,-0.027049358438309374,0.002723740358553146,-0.030431328781979426,-0.02366738809463932
P2,c2st_xgb,source_only,dys,replace,0.1,false_positive_share,5,0.4511781301907082,0.012808869925986717,0.4352738175459356,0.4670824428354808
P2,c2st_xgb,source_only,dys,replace,0.1,prevalence_decision_error,5,0.998,0.004472135954999583,0.9924471097896044,1.0035528902103956
P2,c2st_xgb,source_only,dys,replace,0.1,decision_regret,5,0.00036417764967271594,0.0002724747344394629,2.585558149910362e-05,0.0007024997178463283
P2,c2st_xgb,source_only,emq,replace,0.05,prevalence_absolute_error,5,0.02161120246834929,0.0018606857172202256,0.019300856001304986,0.023921548935393593
P2,c2st_xgb,source_only,emq,replace,0.05,prevalence_error,5,-0.021605156181849394,0.0018713681185131205,-0.023928766601993452,-0.019281545761705335
P2,c2st_xgb,source_only,emq,replace,0.05,false_positive_share,5,0.63434731443494,0.011928542202235999,0.6195360730313693,0.6491585558385107
P2,c2st_xgb,source_only,emq,replace,0.05,prevalence_decision_error,5,0.0,0.0,0.0,0.0
P2,c2st_xgb,source_only,emq,replace,0.05,decision_regret,5,9.150941905408425e-05,6.747492922588501e-05,7.728228652955854e-06,0.00017529060945521263
P2,c2st_xgb,source_only,emq,replace,0.1,prevalence_absolute_error,5,0.03465809563622328,0.0028194255082388485,0.031157316487025754,0.03815887478542081
P2,c2st_xgb,source_only,emq,replace,0.1,prevalence_error,5,-0.03465809563622328,0.0028194255082388485,-0.03815887478542081,-0.031157316487025754
P2,c2st_xgb,source_only,emq,replace,0.1,false_positive_share,5,0.4511781301907082,0.012808869925986717,0.4352738175459356,0.4670824428354808
P2,c2st_xgb,source_only,emq,replace,0.1,prevalence_decision_error,5,1.0,0.0,1.0,1.0
P2,c2st_xgb,source_only,emq,replace,0.1,decision_regret,5,0.00036417764967271594,0.0002724747344394629,2.585558149910362e-05,0.0007024997178463283
P2,c2st_xgb,source_only,hdy,replace,0.05,prevalence_absolute_error,5,0.014242728277406169,0.002322257450343282,0.01135926480675445,0.01712619174805789
P2,c2st_xgb,source_only,hdy,replace,0.05,prevalence_error,5,-0.014169020910140207,0.0023734011030813263,-0.01711598761313339,-0.011222054207147024
P2,c2st_xgb,source_only,hdy,replace,0.05,false_positive_share,5,0.63434731443494,0.011928542202235999,0.6195360730313693,0.6491585558385107
P2,c2st_xgb,source_only,hdy,replace,0.05,prevalence_decision_error,5,0.0,0.0,0.0,0.0
P2,c2st_xgb,source_only,hdy,replace,0.05,decision_regret,5,9.150941905408425e-05,6.747492922588501e-05,7.728228652955854e-06,0.00017529060945521263
P2,c2st_xgb,source_only,hdy,replace,0.1,prevalence_absolute_error,5,0.029577241832077262,0.002928448766466624,0.025941092428171435,0.03321339123598309
P2,c2st_xgb,source_only,hdy,replace,0.1,prevalence_error,5,-0.029577241832077262,0.002928448766466624,-0.03321339123598309,-0.025941092428171435
P2,c2st_xgb,source_only,hdy,replace,0.1,false_positive_share,5,0.4511781301907082,0.012808869925986717,0.4352738175459356,0.4670824428354808
P2,c2st_xgb,source_only,hdy,replace,0.1,prevalence_decision_error,5,1.0,0.0,1.0,1.0
P2,c2st_xgb,source_only,hdy,replace,0.1,decision_regret,5,0.00036417764967271594,0.0002724747344394629,2.585558149910362e-05,0.0007024997178463283
P2,c2st_xgb,source_only,kdey,replace,0.05,prevalence_absolute_error,5,0.013650564452841716,0.0026342801974902135,0.010379673570437016,0.016921455335246416
P2,c2st_xgb,source_only,kdey,replace,0.05,prevalence_error,5,-0.013519512318863395,0.0027491424715410688,-0.016933023551708858,-0.010106001086017934
P2,c2st_xgb,source_only,kdey,replace,0.05,false_positive_share,5,0.63434731443494,0.011928542202235999,0.6195360730313693,0.6491585558385107
P2,c2st_xgb,source_only,kdey,replace,0.05,prevalence_decision_error,5,0.0,0.0,0.0,0.0
P2,c2st_xgb,source_only,kdey,replace,0.05,decision_regret,5,9.150941905408425e-05,6.747492922588501e-05,7.728228652955854e-06,0.00017529060945521263
P2,c2st_xgb,source_only,kdey,replace,0.1,prevalence_absolute_error,5,0.027995211295601712,0.0031303061486675342,0.024108422847445354,0.03188199974375807
P2,c2st_xgb,source_only,kdey,replace,0.1,prevalence_error,5,-0.027991277913000972,0.0031279645207936213,-0.0318751588461291,-0.024107396979872842
P2,c2st_xgb,source_only,kdey,replace,0.1,false_positive_share,5,0.4511781301907082,0.012808869925986717,0.4352738175459356,0.4670824428354808
P2,c2st_xgb,source_only,kdey,replace,0.1,prevalence_decision_error,5,0.998,0.004472135954999583,0.9924471097896044,1.0035528902103956
P2,c2st_xgb,source_only,kdey,replace,0.1,decision_regret,5,0.00036417764967271594,0.0002724747344394629,2.585558149910362e-05,0.0007024997178463283
P2,c2st_xgb,source_only,median_sweep,replace,0.05,prevalence_absolute_error,5,0.019088086965180467,0.006061945016608887,0.011561188078966493,0.026614985851394442
P2,c2st_xgb,source_only,median_sweep,replace,0.05,prevalence_error,5,-0.018872602493940748,0.006287895581861897,-0.026680056062403174,-0.011065148925478323
P2,c2st_xgb,source_only,median_sweep,replace,0.05,false_positive_share,5,0.63434731443494,0.011928542202235999,0.6195360730313693,0.6491585558385107
P2,c2st_xgb,source_only,median_sweep,replace,0.05,prevalence_decision_error,5,0.0,0.0,0.0,0.0
P2,c2st_xgb,source_only,median_sweep,replace,0.05,decision_regret,5,9.150941905408425e-05,6.747492922588501e-05,7.728228652955854e-06,0.00017529060945521263
P2,c2st_xgb,source_only,median_sweep,replace,0.1,prevalence_absolute_error,5,0.03753883569705376,0.006490407636608078,0.029479930201010734,0.045597741193096786
P2,c2st_xgb,source_only,median_sweep,replace,0.1,prevalence_error,5,-0.03753883569705376,0.006490407636608078,-0.045597741193096786,-0.029479930201010734
P2,c2st_xgb,source_only,median_sweep,replace,0.1,false_positive_share,5,0.4511781301907082,0.012808869925986717,0.4352738175459356,0.4670824428354808
P2,c2st_xgb,source_only,median_sweep,replace,0.1,prevalence_decision_error,5,1.0,0.0,1.0,1.0
P2,c2st_xgb,source_only,median_sweep,replace,0.1,decision_regret,5,0.00036417764967271594,0.0002724747344394629,2.585558149910362e-05,0.0007024997178463283
P2,c2st_xgb,source_only,pacc,replace,0.05,prevalence_absolute_error,5,0.0195276341610246,0.00681006654066706,0.01107181971210626,0.027983448609942937
P2,c2st_xgb,source_only,pacc,replace,0.05,prevalence_error,5,-0.0192002618896153,0.0071580662581586215,-0.028088175059127994,-0.01031234872010261
P2,c2st_xgb,source_only,pacc,replace,0.05,false_positive_share,5,0.63434731443494,0.011928542202235999,0.6195360730313693,0.6491585558385107
P2,c2st_xgb,source_only,pacc,replace,0.05,prevalence_decision_error,5,0.0,0.0,0.0,0.0
P2,c2st_xgb,source_only,pacc,replace,0.05,decision_regret,5,9.150941905408425e-05,6.747492922588501e-05,7.728228652955854e-06,0.00017529060945521263
P2,c2st_xgb,source_only,pacc,replace,0.1,prevalence_absolute_error,5,0.038127548596766425,0.006881497476610393,0.029583040926329254,0.046672056267203596
P2,c2st_xgb,source_only,pacc,replace,0.1,prevalence_error,5,-0.038127548596766425,0.006881497476610393,-0.046672056267203596,-0.029583040926329254
P2,c2st_xgb,source_only,pacc,replace,0.1,false_positive_share,5,0.4511781301907082,0.012808869925986717,0.4352738175459356,0.4670824428354808
P2,c2st_xgb,source_only,pacc,replace,0.1,prevalence_decision_error,5,1.0,0.0,1.0,1.0
P2,c2st_xgb,source_only,pacc,replace,0.1,decision_regret,5,0.00036417764967271594,0.0002724747344394629,2.585558149910362e-05,0.0007024997178463283
P2,c2st_xgb,source_only,pcc,replace,0.05,prevalence_absolute_error,5,0.1527263144321545,0.004924896090175623,0.14661124826208896,0.15884138060222006
P2,c2st_xgb,source_only,pcc,replace,0.05,prevalence_error,5,0.1527263144321545,0.004924896090175623,0.14661124826208896,0.15884138060222006
P2,c2st_xgb,source_only,pcc,replace,0.05,false_positive_share,5,0.63434731443494,0.011928542202235999,0.6195360730313693,0.6491585558385107
P2,c2st_xgb,source_only,pcc,replace,0.05,prevalence_decision_error,5,1.0,0.0,1.0,1.0
P2,c2st_xgb,source_only,pcc,replace,0.05,decision_regret,5,0.0005916898184558218,0.0002227270800525192,0.000315137621729561,0.0008682420151820827
P2,c2st_xgb,source_only,pcc,replace,0.1,prevalence_absolute_error,5,0.12242265965674815,0.004456032953387072,0.11688976396371782,0.12795555534977845
P2,c2st_xgb,source_only,pcc,replace,0.1,prevalence_error,5,0.12242265965674815,0.004456032953387072,0.11688976396371782,0.12795555534977845
P2,c2st_xgb,source_only,pcc,replace,0.1,false_positive_share,5,0.4511781301907082,0.012808869925986717,0.4352738175459356,0.4670824428354808
P2,c2st_xgb,source_only,pcc,replace,0.1,prevalence_decision_error,5,0.0,0.0,0.0,0.0
P2,c2st_xgb,source_only,pcc,replace,0.1,decision_regret,5,0.000823000718207108,0.0005388743000532205,0.00015389990027377142,0.0014921015361404446
P2,c2st_xgb,target_real_anchor,acc,replace,0.05,prevalence_absolute_error,5,0.01860149112888613,0.005224774081346629,0.012114077253329875,0.025088905004442382
P2,c2st_xgb,target_real_anchor,acc,replace,0.05,prevalence_error,5,-0.018298484354203233,0.00548411799550594,-0.02510791623112435,-0.011489052477282116
P2,c2st_xgb,target_real_anchor,acc,replace,0.05,false_positive_share,5,0.6305416840340424,0.05319739156124823,0.5644883981340918,0.6965949699339931
P2,c2st_xgb,target_real_anchor,acc,replace,0.05,prevalence_decision_error,5,0.0,0.0,0.0,0.0
P2,c2st_xgb,target_real_anchor,acc,replace,0.05,decision_regret,5,8.897357495523945e-05,0.00010202831885506965,-3.771131536435481e-05,0.00021565846527483372
P2,c2st_xgb,target_real_anchor,acc,replace,0.1,prevalence_absolute_error,5,0.03659280217011958,0.0051147195722774305,0.03024203901631454,0.04294356532392462
P2,c2st_xgb,target_real_anchor,acc,replace,0.1,prevalence_error,5,-0.03659280217011958,0.0051147195722774305,-0.04294356532392462,-0.03024203901631454
P2,c2st_xgb,target_real_anchor,acc,replace,0.1,false_positive_share,5,0.4489526311678172,0.057318743026064045,0.3777820115300604,0.520123250805574
P2,c2st_xgb,target_real_anchor,acc,replace,0.1,prevalence_decision_error,5,1.0,0.0,1.0,1.0
P2,c2st_xgb,target_real_anchor,acc,replace,0.1,decision_regret,5,0.00032758213685807997,0.0002577144418214042,7.587392631263853e-06,0.0006475768810848961
P2,c2st_xgb,target_real_anchor,cc,replace,0.05,prevalence_absolute_error,5,0.022833999999999938,0.012425925720041954,0.007405175389069658,0.03826282461093022
P2,c2st_xgb,target_real_anchor,cc,replace,0.05,prevalence_error,5,0.022777999999999944,0.012496402282257088,0.007261667179049965,0.03829433282094992
P2,c2st_xgb,target_real_anchor,cc,replace,0.05,false_positive_share,5,0.6305416840340424,0.05319739156124823,0.5644883981340918,0.6965949699339931
P2,c2st_xgb,target_real_anchor,cc,replace,0.05,prevalence_decision_error,5,0.036,0.08049844718999241,-0.06395202378712053,0.13595202378712054
P2,c2st_xgb,target_real_anchor,cc,replace,0.05,decision_regret,5,8.897357495523945e-05,0.00010202831885506965,-3.771131536435481e-05,0.00021565846527483372
P2,c2st_xgb,target_real_anchor,cc,replace,0.1,prevalence_absolute_error,5,0.011855999999999974,0.0038449941482400145,0.007081809192826202,0.016630190807173748
P2,c2st_xgb,target_real_anchor,cc,replace,0.1,prevalence_error,5,-0.003672000000000027,0.01244257288505875,-0.019121494796403817,0.011777494796403765
P2,c2st_xgb,target_real_anchor,cc,replace,0.1,false_positive_share,5,0.4489526311678172,0.057318743026064045,0.3777820115300604,0.520123250805574
P2,c2st_xgb,target_real_anchor,cc,replace,0.1,prevalence_decision_error,5,0.6399999999999999,0.403732584763727,0.13869978459713062,1.141300215402869
P2,c2st_xgb,target_real_anchor,cc,replace,0.1,decision_regret,5,0.000525986025464144,0.00036879268859680377,6.806942123272099e-05,0.000983902629695567
P2,c2st_xgb,target_real_anchor,dys,replace,0.05,prevalence_absolute_error,5,0.013429403857382888,0.0018051759317342661,0.011187981892524514,0.01567082582224126
P2,c2st_xgb,target_real_anchor,dys,replace,0.05,prevalence_error,5,-0.013358266881298046,0.001849295871427705,-0.015654470986876685,-0.011062062775719406
P2,c2st_xgb,target_real_anchor,dys,replace,0.05,false_positive_share,5,0.6305416840340424,0.05319739156124823,0.5644883981340918,0.6965949699339931
P2,c2st_xgb,target_real_anchor,dys,replace,0.05,prevalence_decision_error,5,0.0,0.0,0.0,0.0
P2,c2st_xgb,target_real_anchor,dys,replace,0.05,decision_regret,5,8.897357495523945e-05,0.00010202831885506965,-3.771131536435481e-05,0.00021565846527483372
P2,c2st_xgb,target_real_anchor,dys,replace,0.1,prevalence_absolute_error,5,0.027052333183872467,0.002726790039060773,0.02366657616171007,0.030438090206034864
P2,c2st_xgb,target_real_anchor,dys,replace,0.1,prevalence_error,5,-0.027049358438309374,0.002723740358553146,-0.030431328781979426,-0.02366738809463932
P2,c2st_xgb,target_real_anchor,dys,replace,0.1,false_positive_share,5,0.4489526311678172,0.057318743026064045,0.3777820115300604,0.520123250805574
P2,c2st_xgb,target_real_anchor,dys,replace,0.1,prevalence_decision_error,5,0.998,0.004472135954999583,0.9924471097896044,1.0035528902103956
P2,c2st_xgb,target_real_anchor,dys,replace,0.1,decision_regret,5,0.00032758213685807997,0.0002577144418214042,7.587392631263853e-06,0.0006475768810848961
P2,c2st_xgb,target_real_anchor,emq,replace,0.05,prevalence_absolute_error,5,0.02161120246834929,0.0018606857172202256,0.019300856001304986,0.023921548935393593
P2,c2st_xgb,target_real_anchor,emq,replace,0.05,prevalence_error,5,-0.021605156181849394,0.0018713681185131205,-0.023928766601993452,-0.019281545761705335
P2,c2st_xgb,target_real_anchor,emq,replace,0.05,false_positive_share,5,0.6305416840340424,0.05319739156124823,0.5644883981340918,0.6965949699339931
P2,c2st_xgb,target_real_anchor,emq,replace,0.05,prevalence_decision_error,5,0.0,0.0,0.0,0.0
P2,c2st_xgb,target_real_anchor,emq,replace,0.05,decision_regret,5,8.897357495523945e-05,0.00010202831885506965,-3.771131536435481e-05,0.00021565846527483372
P2,c2st_xgb,target_real_anchor,emq,replace,0.1,prevalence_absolute_error,5,0.03465809563622328,0.0028194255082388485,0.031157316487025754,0.03815887478542081
P2,c2st_xgb,target_real_anchor,emq,replace,0.1,prevalence_error,5,-0.03465809563622328,0.0028194255082388485,-0.03815887478542081,-0.031157316487025754
P2,c2st_xgb,target_real_anchor,emq,replace,0.1,false_positive_share,5,0.4489526311678172,0.057318743026064045,0.3777820115300604,0.520123250805574
P2,c2st_xgb,target_real_anchor,emq,replace,0.1,prevalence_decision_error,5,1.0,0.0,1.0,1.0
P2,c2st_xgb,target_real_anchor,emq,replace,0.1,decision_regret,5,0.00032758213685807997,0.0002577144418214042,7.587392631263853e-06,0.0006475768810848961
P2,c2st_xgb,target_real_anchor,hdy,replace,0.05,prevalence_absolute_error,5,0.014242728277406169,0.002322257450343282,0.01135926480675445,0.01712619174805789
P2,c2st_xgb,target_real_anchor,hdy,replace,0.05,prevalence_error,5,-0.014169020910140207,0.0023734011030813263,-0.01711598761313339,-0.011222054207147024
P2,c2st_xgb,target_real_anchor,hdy,replace,0.05,false_positive_share,5,0.6305416840340424,0.05319739156124823,0.5644883981340918,0.6965949699339931
P2,c2st_xgb,target_real_anchor,hdy,replace,0.05,prevalence_decision_error,5,0.0,0.0,0.0,0.0
P2,c2st_xgb,target_real_anchor,hdy,replace,0.05,decision_regret,5,8.897357495523945e-05,0.00010202831885506965,-3.771131536435481e-05,0.00021565846527483372
P2,c2st_xgb,target_real_anchor,hdy,replace,0.1,prevalence_absolute_error,5,0.029577241832077262,0.002928448766466624,0.025941092428171435,0.03321339123598309
P2,c2st_xgb,target_real_anchor,hdy,replace,0.1,prevalence_error,5,-0.029577241832077262,0.002928448766466624,-0.03321339123598309,-0.025941092428171435
P2,c2st_xgb,target_real_anchor,hdy,replace,0.1,false_positive_share,5,0.4489526311678172,0.057318743026064045,0.3777820115300604,0.520123250805574
P2,c2st_xgb,target_real_anchor,hdy,replace,0.1,prevalence_decision_error,5,1.0,0.0,1.0,1.0
P2,c2st_xgb,target_real_anchor,hdy,replace,0.1,decision_regret,5,0.00032758213685807997,0.0002577144418214042,7.587392631263853e-06,0.0006475768810848961
P2,c2st_xgb,target_real_anchor,kdey,replace,0.05,prevalence_absolute_error,5,0.013650564452841716,0.0026342801974902135,0.010379673570437016,0.016921455335246416
P2,c2st_xgb,target_real_anchor,kdey,replace,0.05,prevalence_error,5,-0.013519512318863395,0.0027491424715410688,-0.016933023551708858,-0.010106001086017934
P2,c2st_xgb,target_real_anchor,kdey,replace,0.05,false_positive_share,5,0.6305416840340424,0.05319739156124823,0.5644883981340918,0.6965949699339931
P2,c2st_xgb,target_real_anchor,kdey,replace,0.05,prevalence_decision_error,5,0.0,0.0,0.0,0.0
P2,c2st_xgb,target_real_anchor,kdey,replace,0.05,decision_regret,5,8.897357495523945e-05,0.00010202831885506965,-3.771131536435481e-05,0.00021565846527483372
P2,c2st_xgb,target_real_anchor,kdey,replace,0.1,prevalence_absolute_error,5,0.027995211295601712,0.0031303061486675342,0.024108422847445354,0.03188199974375807
P2,c2st_xgb,target_real_anchor,kdey,replace,0.1,prevalence_error,5,-0.027991277913000972,0.0031279645207936213,-0.0318751588461291,-0.024107396979872842
P2,c2st_xgb,target_real_anchor,kdey,replace,0.1,false_positive_share,5,0.4489526311678172,0.057318743026064045,0.3777820115300604,0.520123250805574
P2,c2st_xgb,target_real_anchor,kdey,replace,0.1,prevalence_decision_error,5,0.998,0.004472135954999583,0.9924471097896044,1.0035528902103956
P2,c2st_xgb,target_real_anchor,kdey,replace,0.1,decision_regret,5,0.00032758213685807997,0.0002577144418214042,7.587392631263853e-06,0.0006475768810848961
P2,c2st_xgb,target_real_anchor,median_sweep,replace,0.05,prevalence_absolute_error,5,0.019088086965180467,0.006061945016608887,0.011561188078966493,0.026614985851394442
P2,c2st_xgb,target_real_anchor,median_sweep,replace,0.05,prevalence_error,5,-0.018872602493940748,0.006287895581861897,-0.026680056062403174,-0.011065148925478323
P2,c2st_xgb,target_real_anchor,median_sweep,replace,0.05,false_positive_share,5,0.6305416840340424,0.05319739156124823,0.5644883981340918,0.6965949699339931
P2,c2st_xgb,target_real_anchor,median_sweep,replace,0.05,prevalence_decision_error,5,0.0,0.0,0.0,0.0
P2,c2st_xgb,target_real_anchor,median_sweep,replace,0.05,decision_regret,5,8.897357495523945e-05,0.00010202831885506965,-3.771131536435481e-05,0.00021565846527483372
P2,c2st_xgb,target_real_anchor,median_sweep,replace,0.1,prevalence_absolute_error,5,0.03753883569705376,0.006490407636608078,0.029479930201010734,0.045597741193096786
P2,c2st_xgb,target_real_anchor,median_sweep,replace,0.1,prevalence_error,5,-0.03753883569705376,0.006490407636608078,-0.045597741193096786,-0.029479930201010734
P2,c2st_xgb,target_real_anchor,median_sweep,replace,0.1,false_positive_share,5,0.4489526311678172,0.057318743026064045,0.3777820115300604,0.520123250805574
P2,c2st_xgb,target_real_anchor,median_sweep,replace,0.1,prevalence_decision_error,5,1.0,0.0,1.0,1.0
P2,c2st_xgb,target_real_anchor,median_sweep,replace,0.1,decision_regret,5,0.00032758213685807997,0.0002577144418214042,7.587392631263853e-06,0.0006475768810848961
P2,c2st_xgb,target_real_anchor,pacc,replace,0.05,prevalence_absolute_error,5,0.0195276341610246,0.00681006654066706,0.01107181971210626,0.027983448609942937
P2,c2st_xgb,target_real_anchor,pacc,replace,0.05,prevalence_error,5,-0.0192002618896153,0.0071580662581586215,-0.028088175059127994,-0.01031234872010261
P2,c2st_xgb,target_real_anchor,pacc,replace,0.05,false_positive_share,5,0.6305416840340424,0.05319739156124823,0.5644883981340918,0.6965949699339931
P2,c2st_xgb,target_real_anchor,pacc,replace,0.05,prevalence_decision_error,5,0.0,0.0,0.0,0.0
P2,c2st_xgb,target_real_anchor,pacc,replace,0.05,decision_regret,5,8.897357495523945e-05,0.00010202831885506965,-3.771131536435481e-05,0.00021565846527483372
P2,c2st_xgb,target_real_anchor,pacc,replace,0.1,prevalence_absolute_error,5,0.038127548596766425,0.006881497476610393,0.029583040926329254,0.046672056267203596
P2,c2st_xgb,target_real_anchor,pacc,replace,0.1,prevalence_error,5,-0.038127548596766425,0.006881497476610393,-0.046672056267203596,-0.029583040926329254
P2,c2st_xgb,target_real_anchor,pacc,replace,0.1,false_positive_share,5,0.4489526311678172,0.057318743026064045,0.3777820115300604,0.520123250805574
P2,c2st_xgb,target_real_anchor,pacc,replace,0.1,prevalence_decision_error,5,1.0,0.0,1.0,1.0
P2,c2st_xgb,target_real_anchor,pacc,replace,0.1,decision_regret,5,0.00032758213685807997,0.0002577144418214042,7.587392631263853e-06,0.0006475768810848961
P2,c2st_xgb,target_real_anchor,pcc,replace,0.05,prevalence_absolute_error,5,0.1527263144321545,0.004924896090175623,0.14661124826208896,0.15884138060222006
P2,c2st_xgb,target_real_anchor,pcc,replace,0.05,prevalence_error,5,0.1527263144321545,0.004924896090175623,0.14661124826208896,0.15884138060222006
P2,c2st_xgb,target_real_anchor,pcc,replace,0.05,false_positive_share,5,0.6305416840340424,0.05319739156124823,0.5644883981340918,0.6965949699339931
P2,c2st_xgb,target_real_anchor,pcc,replace,0.05,prevalence_decision_error,5,1.0,0.0,1.0,1.0
P2,c2st_xgb,target_real_anchor,pcc,replace,0.05,decision_regret,5,0.0006541514616171427,0.0003518550537398704,0.00021726570880229492,0.0010910372144319904
P2,c2st_xgb,target_real_anchor,pcc,replace,0.1,prevalence_absolute_error,5,0.12242265965674815,0.004456032953387072,0.11688976396371782,0.12795555534977845
P2,c2st_xgb,target_real_anchor,pcc,replace,0.1,prevalence_error,5,0.12242265965674815,0.004456032953387072,0.11688976396371782,0.12795555534977845
P2,c2st_xgb,target_real_anchor,pcc,replace,0.1,false_positive_share,5,0.4489526311678172,0.057318743026064045,0.3777820115300604,0.520123250805574
P2,c2st_xgb,target_real_anchor,pcc,replace,0.1,prevalence_decision_error,5,0.0,0.0,0.0,0.0
P2,c2st_xgb,target_real_anchor,pcc,replace,0.1,decision_regret,5,0.00092367796902232,0.0004658851652702912,0.0003452051320089888,0.0015021508060356513
P2,char3gram,oracle_target,acc,replace,0.05,prevalence_absolute_error,5,0.017738440851487413,0.002672215200156275,0.014420447442000502,0.021056434260974324
P2,char3gram,oracle_target,acc,replace,0.05,prevalence_error,5,0.0014307156812736418,0.010424933336521922,-0.011513548726359873,0.014374980088907158
P2,char3gram,oracle_target,acc,replace,0.05,false_positive_share,5,0.6947461061397147,0.01665600067244745,0.674064949750679,0.7154272625287503
P2,char3gram,oracle_target,acc,replace,0.05,prevalence_decision_error,5,0.02,0.029154759474226504,-0.016200415215437153,0.05620041521543716
P2,char3gram,oracle_target,acc,replace,0.05,decision_regret,5,0.00036287820900280716,0.00023958174723517643,6.539817883413439e-05,0.0006603582391714799
P2,char3gram,oracle_target,acc,replace,0.1,prevalence_absolute_error,5,0.019569808946565664,0.0020780494593049424,0.016989569746459918,0.02215004814667141
P2,char3gram,oracle_target,acc,replace,0.1,prevalence_error,5,0.0015217559964804572,0.010107188563604333,-0.01102797616600386,0.014071488158964774
P2,char3gram,oracle_target,acc,replace,0.1,false_positive_share,5,0.5190046250854046,0.01957678738934349,0.4946968329835673,0.5433124171872419
P2,char3gram,oracle_target,acc,replace,0.1,prevalence_decision_error,5,0.496,0.16257306049896458,0.29413888370063324,0.6978611162993668
P2,char3gram,oracle_target,acc,replace,0.1,decision_regret,5,0.0006911950123965952,0.00043603763101514163,0.00014978278410303684,0.0012326072406901535
P2,char3gram,oracle_target,cc,replace,0.05,prevalence_absolute_error,5,0.01841599999999994,0.0043366669228798276,0.013031316809658959,0.02380068319034092
P2,char3gram,oracle_target,cc,replace,0.05,prevalence_error,5,0.01831199999999994,0.00440462484214036,0.012842935907920315,0.023781064092079564
P2,char3gram,oracle_target,cc,replace,0.05,false_positive_share,5,0.6947461061397147,0.01665600067244745,0.674064949750679,0.7154272625287503
P2,char3gram,oracle_target,cc,replace,0.05,prevalence_decision_error,5,0.0,0.0,0.0,0.0
P2,char3gram,oracle_target,cc,replace,0.05,decision_regret,5,0.00036287820900280716,0.00023958174723517643,6.539817883413439e-05,0.0006603582391714799
P2,char3gram,oracle_target,cc,replace,0.1,prevalence_absolute_error,5,0.014295999999999998,0.0038143780620174548,0.00955982408485468,0.019032175915145316
P2,char3gram,oracle_target,cc,replace,0.1,prevalence_error,5,-0.013692000000000005,0.004606562709873812,-0.01941180307231829,-0.00797219692768172
P2,char3gram,oracle_target,cc,replace,0.1,false_positive_share,5,0.5190046250854046,0.01957678738934349,0.4946968329835673,0.5433124171872419
P2,char3gram,oracle_target,cc,replace,0.1,prevalence_decision_error,5,0.9299999999999999,0.08124038404635958,0.8291267399293878,1.030873260070612
P2,char3gram,oracle_target,cc,replace,0.1,decision_regret,5,0.00047868918297726314,0.0004724389736909417,-0.00010792128200311441,0.0010652996479576407
P2,char3gram,oracle_target,dys,replace,0.05,prevalence_absolute_error,5,0.01695743737905343,0.0015852545166933419,0.0149890839176854,0.01892579084042146
P2,char3gram,oracle_target,dys,replace,0.05,prevalence_error,5,-0.0002707837038195884,0.008105751072795734,-0.01033540298931159,0.009793835581672414
P2,char3gram,oracle_target,dys,replace,0.05,false_positive_share,5,0.6947461061397147,0.01665600067244745,0.674064949750679,0.7154272625287503
P2,char3gram,oracle_target,dys,replace,0.05,prevalence_decision_error,5,0.013999999999999999,0.026076809620810593,-0.018378635694174063,0.04637863569417406
P2,char3gram,oracle_target,dys,replace,0.05,decision_regret,5,0.00036287820900280716,0.00023958174723517643,6.539817883413439e-05,0.0006603582391714799
P2,char3gram,oracle_target,dys,replace,0.1,prevalence_absolute_error,5,0.020334960057386175,0.0014528790466874979,0.018530972451369702,0.022138947663402648
P2,char3gram,oracle_target,dys,replace,0.1,prevalence_error,5,-0.0032738998076526846,0.008275716926353715,-0.013549559574431604,0.007001759959126235
P2,char3gram,oracle_target,dys,replace,0.1,false_positive_share,5,0.5190046250854046,0.01957678738934349,0.4946968329835673,0.5433124171872419
P2,char3gram,oracle_target,dys,replace,0.1,prevalence_decision_error,5,0.5660000000000001,0.13107249902248755,0.4032519968091792,0.7287480031908209
P2,char3gram,oracle_target,dys,replace,0.1,decision_regret,5,0.0006667356613554712,0.0004934512461425604,5.403501415146984e-05,0.0012794363085594724
P2,char3gram,oracle_target,emq,replace,0.05,prevalence_absolute_error,5,0.04660454663298294,0.002303875453841309,0.04374390742560283,0.04946518584036305
P2,char3gram,oracle_target,emq,replace,0.05,prevalence_error,5,-0.0465588188874063,0.0023527193709471997,-0.04948010582818805,-0.04363753194662456
P2,char3gram,oracle_target,emq,replace,0.05,false_positive_share,5,0.6947461061397147,0.01665600067244745,0.674064949750679,0.7154272625287503
P2,char3gram,oracle_target,emq,replace,0.05,prevalence_decision_error,5,0.0,0.0,0.0,0.0
P2,char3gram,oracle_target,emq,replace,0.05,decision_regret,5,0.00036287820900280716,0.00023958174723517643,6.539817883413439e-05,0.0006603582391714799
P2,char3gram,oracle_target,emq,replace,0.1,prevalence_absolute_error,5,0.051218274410330854,0.00703600659063339,0.042481918335616965,0.05995463048504474
P2,char3gram,oracle_target,emq,replace,0.1,prevalence_error,5,-0.04995877983560524,0.008143225177584361,-0.060069929367878194,-0.039847630303332285
P2,char3gram,oracle_target,emq,replace,0.1,false_positive_share,5,0.5190046250854046,0.01957678738934349,0.4946968329835673,0.5433124171872419
P2,char3gram,oracle_target,emq,replace,0.1,prevalence_decision_error,5,0.952,0.043817804600413277,0.8975930095473396,1.0064069904526605
P2,char3gram,oracle_target,emq,replace,0.1,decision_regret,5,0.0006002696629728512,0.00054613166542159,-7.784236426020062e-05,0.001278381690205903
P2,char3gram,oracle_target,hdy,replace,0.05,prevalence_absolute_error,5,0.014012437790775873,0.0016033495621331855,0.012021616362939327,0.01600325921861242
P2,char3gram,oracle_target,hdy,replace,0.05,prevalence_error,5,-0.0012125023317962544,0.00795171014866911,-0.01108585454755019,0.008660849883957681
P2,char3gram,oracle_target,hdy,replace,0.05,false_positive_share,5,0.6947461061397147,0.01665600067244745,0.674064949750679,0.7154272625287503
P2,char3gram,oracle_target,hdy,replace,0.05,prevalence_decision_error,5,0.004,0.00894427190999916,-0.0071057804207911735,0.015105780420791174
P2,char3gram,oracle_target,hdy,replace,0.05,decision_regret,5,0.00040854135865049917,0.0001624796137459818,0.00020679627182006014,0.0006102864454809382
P2,char3gram,oracle_target,hdy,replace,0.1,prevalence_absolute_error,5,0.01661100365497487,0.0016978769060092774,0.014502811027401552,0.018719196282548183
P2,char3gram,oracle_target,hdy,replace,0.1,prevalence_error,5,-0.0011998974889209132,0.006948250897961556,-0.009827290479406753,0.007427495501564927
P2,char3gram,oracle_target,hdy,replace,0.1,false_positive_share,5,0.5190046250854046,0.01957678738934349,0.4946968329835673,0.5433124171872419
P2,char3gram,oracle_target,hdy,replace,0.1,prevalence_decision_error,5,0.5299999999999999,0.13285330255586422,0.3650408371739112,0.6949591628260886
P2,char3gram,oracle_target,hdy,replace,0.1,decision_regret,5,0.0005220212077199592,0.0003767696735892407,5.419986840921547e-05,0.000989842547030703
P2,char3gram,oracle_target,kdey,replace,0.05,prevalence_absolute_error,5,0.017501920999509236,0.004692249444252101,0.011675723793989783,0.02332811820502869
P2,char3gram,oracle_target,kdey,replace,0.05,prevalence_error,5,-0.012239903579538492,0.00905891673158743,-0.023488034347876316,-0.0009917728112006693
P2,char3gram,oracle_target,kdey,replace,0.05,false_positive_share,5,0.6947461061397147,0.01665600067244745,0.674064949750679,0.7154272625287503
P2,char3gram,oracle_target,kdey,replace,0.05,prevalence_decision_error,5,0.0,0.0,0.0,0.0
P2,char3gram,oracle_target,kdey,replace,0.05,decision_regret,5,0.00036287820900280716,0.00023958174723517643,6.539817883413439e-05,0.0006603582391714799
P2,char3gram,oracle_target,kdey,replace,0.1,prevalence_absolute_error,5,0.01935903980134512,0.0035016432400748784,0.015011175455590563,0.023706904147099677
P2,char3gram,oracle_target,kdey,replace,0.1,prevalence_error,5,-0.011452647704112513,0.008018739429993642,-0.02140922776531259,-0.0014960676429124353
P2,char3gram,oracle_target,kdey,replace,0.1,false_positive_share,5,0.5190046250854046,0.01957678738934349,0.4946968329835673,0.5433124171872419
P2,char3gram,oracle_target,kdey,replace,0.1,prevalence_decision_error,5,0.6940000000000001,0.13352902306240397,0.528201819348093,0.8597981806519072
P2,char3gram,oracle_target,kdey,replace,0.1,decision_regret,5,0.0006318174358720832,0.0004470171681125482,7.677231164773249e-05,0.001186862560096434
P2,char3gram,oracle_target,median_sweep,replace,0.05,prevalence_absolute_error,5,0.0189936612539515,0.002225515879001154,0.016230318309564964,0.021757004198338037
P2,char3gram,oracle_target,median_sweep,replace,0.05,prevalence_error,5,-0.003942701926664021,0.010835233198474589,-0.017396420901352138,0.009511017048024095
P2,char3gram,oracle_target,median_sweep,replace,0.05,false_positive_share,5,0.6947461061397147,0.01665600067244745,0.674064949750679,0.7154272625287503
P2,char3gram,oracle_target,median_sweep,replace,0.05,prevalence_decision_error,5,0.019999999999999997,0.03391164991562635,-0.022106874819922955,0.06210687481992295
P2,char3gram,oracle_target,median_sweep,replace,0.05,decision_regret,5,0.00040854135865049917,0.0001624796137459818,0.00020679627182006014,0.0006102864454809382
P2,char3gram,oracle_target,median_sweep,replace,0.1,prevalence_absolute_error,5,0.021094737339627523,0.001543798283554389,0.019177858590449272,0.023011616088805774
P2,char3gram,oracle_target,median_sweep,replace,0.1,prevalence_error,5,-0.004682779971422105,0.008754336104481435,-0.01555272394053209,0.00618716399768788
P2,char3gram,oracle_target,median_sweep,replace,0.1,false_positive_share,5,0.5190046250854046,0.01957678738934349,0.4946968329835673,0.5433124171872419
P2,char3gram,oracle_target,median_sweep,replace,0.1,prevalence_decision_error,5,0.6020000000000001,0.15254507530562894,0.4125902718897186,0.7914097281102817
P2,char3gram,oracle_target,median_sweep,replace,0.1,decision_regret,5,0.0006146380654695032,0.00042615181549914775,8.55006983950386e-05,0.0011437754325439677
P2,char3gram,oracle_target,pacc,replace,0.05,prevalence_absolute_error,5,0.02116204563977589,0.001510715713602367,0.019286244326675122,0.023037846952876657
P2,char3gram,oracle_target,pacc,replace,0.05,prevalence_error,5,-0.002172122738129403,0.01076842827773559,-0.01554289244783305,0.011198646971574243
P2,char3gram,oracle_target,pacc,replace,0.05,false_positive_share,5,0.6947461061397147,0.01665600067244745,0.674064949750679,0.7154272625287503
P2,char3gram,oracle_target,pacc,replace,0.05,prevalence_decision_error,5,0.027999999999999997,0.021679483388678797,0.0010813659766209932,0.054918634023379
P2,char3gram,oracle_target,pacc,replace,0.05,decision_regret,5,0.00036287820900280716,0.00023958174723517643,6.539817883413439e-05,0.0006603582391714799
P2,char3gram,oracle_target,pacc,replace,0.1,prevalence_absolute_error,5,0.022676834586532125,0.0026413630916999904,0.019397149129384058,0.02595652004368019
P2,char3gram,oracle_target,pacc,replace,0.1,prevalence_error,5,-0.0027099118670771694,0.009102277496940309,-0.014011882136688223,0.008592058402533884
P2,char3gram,oracle_target,pacc,replace,0.1,false_positive_share,5,0.5190046250854046,0.01957678738934349,0.4946968329835673,0.5433124171872419
P2,char3gram,oracle_target,pacc,replace,0.1,prevalence_decision_error,5,0.548,0.13590437814875578,0.3792524264544197,0.7167475735455804
P2,char3gram,oracle_target,pacc,replace,0.1,decision_regret,5,0.0007833391768796072,0.00027108660430285664,0.00044674069992144046,0.001119937653837774
P2,char3gram,oracle_target,pcc,replace,0.05,prevalence_absolute_error,5,0.3690901110798227,0.002211115335535609,0.3663446487718119,0.3718355733878335
P2,char3gram,oracle_target,pcc,replace,0.05,prevalence_error,5,0.3690901110798227,0.002211115335535609,0.3663446487718119,0.3718355733878335
P2,char3gram,oracle_target,pcc,replace,0.05,false_positive_share,5,0.6947461061397147,0.01665600067244745,0.674064949750679,0.7154272625287503
P2,char3gram,oracle_target,pcc,replace,0.05,prevalence_decision_error,5,1.0,0.0,1.0,1.0
P2,char3gram,oracle_target,pcc,replace,0.05,decision_regret,5,0.000629501006759316,0.0005656706725508917,-7.287190218683648e-05,0.0013318739157054684
P2,char3gram,oracle_target,pcc,replace,0.1,prevalence_absolute_error,5,0.32797456511442585,0.0023676021077141235,0.32503479881520586,0.33091433141364585
P2,char3gram,oracle_target,pcc,replace,0.1,prevalence_error,5,0.32797456511442585,0.0023676021077141235,0.32503479881520586,0.33091433141364585
P2,char3gram,oracle_target,pcc,replace,0.1,false_positive_share,5,0.5190046250854046,0.01957678738934349,0.4946968329835673,0.5433124171872419
P2,char3gram,oracle_target,pcc,replace,0.1,prevalence_decision_error,5,0.0,0.0,0.0,0.0
P2,char3gram,oracle_target,pcc,replace,0.1,decision_regret,5,0.0007365639775876434,0.00037551645546880964,0.00027029871409893545,0.0012028292410763515
P2,char3gram,source_only,acc,replace,0.05,prevalence_absolute_error,5,0.020711510614779927,0.005392366552414103,0.014016003201529185,0.02740701802803067
P2,char3gram,source_only,acc,replace,0.05,prevalence_error,5,-0.019637359283550954,0.006887466492510553,-0.028189278466136065,-0.011085440100965844
P2,char3gram,source_only,acc,replace,0.05,false_positive_share,5,0.6947138075240578,0.01665224931212785,0.6740373090640752,0.7153903059840403
P2,char3gram,source_only,acc,replace,0.05,prevalence_decision_error,5,0.0,0.0,0.0,0.0
P2,char3gram,source_only,acc,replace,0.05,decision_regret,5,0.00036287820900280716,0.00023958174723517643,6.539817883413439e-05,0.0006603582391714799
P2,char3gram,source_only,acc,replace,0.1,prevalence_absolute_error,5,0.0402606191039469,0.006889222062442227,0.0317065200933813,0.0488147181145125
P2,char3gram,source_only,acc,replace,0.1,prevalence_error,5,-0.04018427507664314,0.007047354447053205,-0.0489347213761303,-0.03143382877715598
P2,char3gram,source_only,acc,replace,0.1,false_positive_share,5,0.5189665073407099,0.0195728744888403,0.494663573746556,0.5432694409348638
P2,char3gram,source_only,acc,replace,0.1,prevalence_decision_error,5,0.994,0.013416407864998748,0.9773413293688132,1.0106586706311869
P2,char3gram,source_only,acc,replace,0.1,decision_regret,5,0.00047868918297726314,0.0004724389736909417,-0.00010792128200311441,0.0010652996479576407
P2,char3gram,source_only,cc,replace,0.05,prevalence_absolute_error,5,0.01840799999999994,0.004324669929601565,0.013038213044299269,0.023777786955700608
P2,char3gram,source_only,cc,replace,0.05,prevalence_error,5,0.01830399999999994,0.004392849872235563,0.012849556464131034,0.023758443535868843
P2,char3gram,source_only,cc,replace,0.05,false_positive_share,5,0.6947138075240578,0.01665224931212785,0.6740373090640752,0.7153903059840403
P2,char3gram,source_only,cc,replace,0.05,prevalence_decision_error,5,0.0,0.0,0.0,0.0
P2,char3gram,source_only,cc,replace,0.05,decision_regret,5,0.00036287820900280716,0.00023958174723517643,6.539817883413439e-05,0.0006603582391714799
P2,char3gram,source_only,cc,replace,0.1,prevalence_absolute_error,5,0.014291999999999996,0.003803211800570675,0.009569688829687674,0.01901431117031232
P2,char3gram,source_only,cc,replace,0.1,prevalence_error,5,-0.013692000000000005,0.00459808873337607,-0.019401281240779417,-0.007982718759220592
P2,char3gram,source_only,cc,replace,0.1,false_positive_share,5,0.5189665073407099,0.0195728744888403,0.494663573746556,0.5432694409348638
P2,char3gram,source_only,cc,replace,0.1,prevalence_decision_error,5,0.9299999999999999,0.08124038404635958,0.8291267399293878,1.030873260070612
P2,char3gram,source_only,cc,replace,0.1,decision_regret,5,0.00047868918297726314,0.0004724389736909417,-0.00010792128200311441,0.0010652996479576407
P2,char3gram,source_only,dys,replace,0.05,prevalence_absolute_error,5,0.0244043576694759,0.0032364719335268672,0.020385746988418663,0.028422968350533137
P2,char3gram,source_only,dys,replace,0.05,prevalence_error,5,-0.02391012125464996,0.004006158543283294,-0.028884424088941263,-0.018935818420358658
P2,char3gram,source_only,dys,replace,0.05,false_positive_share,5,0.6947138075240578,0.01665224931212785,0.6740373090640752,0.7153903059840403
P2,char3gram,source_only,dys,replace,0.05,prevalence_decision_error,5,0.0,0.0,0.0,0.0
P2,char3gram,source_only,dys,replace,0.05,decision_regret,5,0.00036287820900280716,0.00023958174723517643,6.539817883413439e-05,0.0006603582391714799
P2,char3gram,source_only,dys,replace,0.1,prevalence_absolute_error,5,0.04737336749357648,0.0037670563403190737,0.04269594925659706,0.052050785730555896
P2,char3gram,source_only,dys,replace,0.1,prevalence_error,5,-0.04730831614170774,0.0038646300464439225,-0.052106888136753696,-0.04250974414666178
P2,char3gram,source_only,dys,replace,0.1,false_positive_share,5,0.5189665073407099,0.0195728744888403,0.494663573746556,0.5432694409348638
P2,char3gram,source_only,dys,replace,0.1,prevalence_decision_error,5,0.994,0.008944271909999166,0.9828942195792089,1.0051057804207912
P2,char3gram,source_only,dys,replace,0.1,decision_regret,5,0.00047868918297726314,0.0004724389736909417,-0.00010792128200311441,0.0010652996479576407
P2,char3gram,source_only,emq,replace,0.05,prevalence_absolute_error,5,0.04461482992352665,0.003492056896349517,0.04027886859565028,0.048950791251403024
P2,char3gram,source_only,emq,replace,0.05,prevalence_error,5,-0.04461482992352665,0.003492056896349517,-0.048950791251403024,-0.04027886859565028
P2,char3gram,source_only,emq,replace,0.05,false_positive_share,5,0.6947138075240578,0.01665224931212785,0.6740373090640752,0.7153903059840403
P2,char3gram,source_only,emq,replace,0.05,prevalence_decision_error,5,0.0,0.0,0.0,0.0
P2,char3gram,source_only,emq,replace,0.05,decision_regret,5,0.00036287820900280716,0.00023958174723517643,6.539817883413439e-05,0.0006603582391714799
P2,char3gram,source_only,emq,replace,0.1,prevalence_absolute_error,5,0.06731295724903508,0.005589743315467142,0.060372374215019384,0.07425354028305077
P2,char3gram,source_only,emq,replace,0.1,prevalence_error,5,-0.06731295724903508,0.005589743315467142,-0.07425354028305077,-0.060372374215019384
P2,char3gram,source_only,emq,replace,0.1,false_positive_share,5,0.5189665073407099,0.0195728744888403,0.494663573746556,0.5432694409348638
P2,char3gram,source_only,emq,replace,0.1,prevalence_decision_error,5,1.0,0.0,1.0,1.0
P2,char3gram,source_only,emq,replace,0.1,decision_regret,5,0.00047868918297726314,0.0004724389736909417,-0.00010792128200311441,0.0010652996479576407
P2,char3gram,source_only,hdy,replace,0.05,prevalence_absolute_error,5,0.02603583394905058,0.0042943881117098615,0.0207036468364262,0.03136802106167496
P2,char3gram,source_only,hdy,replace,0.05,prevalence_error,5,-0.026011270020437703,0.004342666943322718,-0.03140340322015111,-0.020619136820724297
P2,char3gram,source_only,hdy,replace,0.05,false_positive_share,5,0.6947138075240578,0.01665224931212785,0.6740373090640752,0.7153903059840403
P2,char3gram,source_only,hdy,replace,0.05,prevalence_decision_error,5,0.0,0.0,0.0,0.0
P2,char3gram,source_only,hdy,replace,0.05,decision_regret,5,0.00036287820900280716,0.00023958174723517643,6.539817883413439e-05,0.0006603582391714799
P2,char3gram,source_only,hdy,replace,0.1,prevalence_absolute_error,5,0.05017864321620362,0.004755570407378783,0.04427382265043817,0.056083463781969066
P2,char3gram,source_only,hdy,replace,0.1,prevalence_error,5,-0.05017864321620362,0.004755570407378783,-0.056083463781969066,-0.04427382265043817
P2,char3gram,source_only,hdy,replace,0.1,false_positive_share,5,0.5189665073407099,0.0195728744888403,0.494663573746556,0.5432694409348638
P2,char3gram,source_only,hdy,replace,0.1,prevalence_decision_error,5,1.0,0.0,1.0,1.0
P2,char3gram,source_only,hdy,replace,0.1,decision_regret,5,0.00047868918297726314,0.0004724389736909417,-0.00010792128200311441,0.0010652996479576407
P2,char3gram,source_only,kdey,replace,0.05,prevalence_absolute_error,5,0.03125462126344908,0.005721862675315784,0.024149990376843598,0.03835925215005456
P2,char3gram,source_only,kdey,replace,0.05,prevalence_error,5,-0.031226346650620723,0.005776350192728889,-0.03839863272594956,-0.024054060575291886
P2,char3gram,source_only,kdey,replace,0.05,false_positive_share,5,0.6947138075240578,0.01665224931212785,0.6740373090640752,0.7153903059840403
P2,char3gram,source_only,kdey,replace,0.05,prevalence_decision_error,5,0.0,0.0,0.0,0.0
P2,char3gram,source_only,kdey,replace,0.05,decision_regret,5,0.00036287820900280716,0.00023958174723517643,6.539817883413439e-05,0.0006603582391714799
P2,char3gram,source_only,kdey,replace,0.1,prevalence_absolute_error,5,0.05176720856334856,0.005532396402629524,0.044897831126411464,0.05863658600028565
P2,char3gram,source_only,kdey,replace,0.1,prevalence_error,5,-0.05176720856334856,0.005532396402629524,-0.05863658600028565,-0.044897831126411464
P2,char3gram,source_only,kdey,replace,0.1,false_positive_share,5,0.5189665073407099,0.0195728744888403,0.494663573746556,0.5432694409348638
P2,char3gram,source_only,kdey,replace,0.1,prevalence_decision_error,5,1.0,0.0,1.0,1.0
P2,char3gram,source_only,kdey,replace,0.1,decision_regret,5,0.00047868918297726314,0.0004724389736909417,-0.00010792128200311441,0.0010652996479576407
P2,char3gram,source_only,median_sweep,replace,0.05,prevalence_absolute_error,5,0.02463038273870077,0.005778461094263072,0.017455475632933187,0.03180528984446836
P2,char3gram,source_only,median_sweep,replace,0.05,prevalence_error,5,-0.02406561632020742,0.006563828172152798,-0.03221568545196517,-0.015915547188449675
P2,char3gram,source_only,median_sweep,replace,0.05,false_positive_share,5,0.6947138075240578,0.01665224931212785,0.6740373090640752,0.7153903059840403
P2,char3gram,source_only,median_sweep,replace,0.05,prevalence_decision_error,5,0.0,0.0,0.0,0.0
P2,char3gram,source_only,median_sweep,replace,0.05,decision_regret,5,0.00036287820900280716,0.00023958174723517643,6.539817883413439e-05,0.0006603582391714799
P2,char3gram,source_only,median_sweep,replace,0.1,prevalence_absolute_error,5,0.046113192613926046,0.005935808371711821,0.03874291305853497,0.05348347216931712
P2,char3gram,source_only,median_sweep,replace,0.1,prevalence_error,5,-0.04607484230052657,0.006011520355465836,-0.053539130700377593,-0.03861055390067554
P2,char3gram,source_only,median_sweep,replace,0.1,false_positive_share,5,0.5189665073407099,0.0195728744888403,0.494663573746556,0.5432694409348638
P2,char3gram,source_only,median_sweep,replace,0.1,prevalence_decision_error,5,0.998,0.004472135954999583,0.9924471097896044,1.0035528902103956
P2,char3gram,source_only,median_sweep,replace,0.1,decision_regret,5,0.00047868918297726314,0.0004724389736909417,-0.00010792128200311441,0.0010652996479576407
P2,char3gram,source_only,pacc,replace,0.05,prevalence_absolute_error,5,0.024138197568823284,0.005526044503356239,0.01727670705653404,0.030999688081112527
P2,char3gram,source_only,pacc,replace,0.05,prevalence_error,5,-0.023532666060248737,0.006210506033222186,-0.031244027812327997,-0.015821304308169477
P2,char3gram,source_only,pacc,replace,0.05,false_positive_share,5,0.6947138075240578,0.01665224931212785,0.6740373090640752,0.7153903059840403
P2,char3gram,source_only,pacc,replace,0.05,prevalence_decision_error,5,0.0,0.0,0.0,0.0
P2,char3gram,source_only,pacc,replace,0.05,decision_regret,5,0.00036287820900280716,0.00023958174723517643,6.539817883413439e-05,0.0006603582391714799
P2,char3gram,source_only,pacc,replace,0.1,prevalence_absolute_error,5,0.045679675209239885,0.00546635866663298,0.03889229445161258,0.05246705596686719
P2,char3gram,source_only,pacc,replace,0.1,prevalence_error,5,-0.045641735601654465,0.0055378978099003264,-0.052517943937939175,-0.038765527265369755
P2,char3gram,source_only,pacc,replace,0.1,false_positive_share,5,0.5189665073407099,0.0195728744888403,0.494663573746556,0.5432694409348638
P2,char3gram,source_only,pacc,replace,0.1,prevalence_decision_error,5,0.998,0.004472135954999583,0.9924471097896044,1.0035528902103956
P2,char3gram,source_only,pacc,replace,0.1,decision_regret,5,0.00047868918297726314,0.0004724389736909417,-0.00010792128200311441,0.0010652996479576407
P2,char3gram,source_only,pcc,replace,0.05,prevalence_absolute_error,5,0.2124277093737145,0.0034623498482151157,0.20812863421799951,0.21672678452942948
P2,char3gram,source_only,pcc,replace,0.05,prevalence_error,5,0.2124277093737145,0.0034623498482151157,0.20812863421799951,0.21672678452942948
P2,char3gram,source_only,pcc,replace,0.05,false_positive_share,5,0.6947138075240578,0.01665224931212785,0.6740373090640752,0.7153903059840403
P2,char3gram,source_only,pcc,replace,0.05,prevalence_decision_error,5,1.0,0.0,1.0,1.0
P2,char3gram,source_only,pcc,replace,0.05,decision_regret,5,0.000629501006759316,0.0005656706725508917,-7.287190218683648e-05,0.0013318739157054684
P2,char3gram,source_only,pcc,replace,0.1,prevalence_absolute_error,5,0.17647778878979883,0.0034460980877274927,0.17219889285998877,0.1807566847196089
P2,char3gram,source_only,pcc,replace,0.1,prevalence_error,5,0.17647778878979883,0.0034460980877274927,0.17219889285998877,0.1807566847196089
P2,char3gram,source_only,pcc,replace,0.1,false_positive_share,5,0.5189665073407099,0.0195728744888403,0.494663573746556,0.5432694409348638
P2,char3gram,source_only,pcc,replace,0.1,prevalence_decision_error,5,0.0,0.0,0.0,0.0
P2,char3gram,source_only,pcc,replace,0.1,decision_regret,5,0.0007385954712599266,0.00037561384853046454,0.0002722092783128869,0.0012049816642069663
P2,char3gram,target_real_anchor,acc,replace,0.05,prevalence_absolute_error,5,0.020210654796121545,0.005744293123486134,0.013078172829559365,0.027343136762683726
P2,char3gram,target_real_anchor,acc,replace,0.05,prevalence_error,5,-0.01899987144996026,0.007186802087572215,-0.027923464864314337,-0.010076278035606186
P2,char3gram,target_real_anchor,acc,replace,0.05,false_positive_share,5,0.6986719824447893,0.05035401965176908,0.6361492090783428,0.7611947558112359
P2,char3gram,target_real_anchor,acc,replace,0.05,prevalence_decision_error,5,0.0,0.0,0.0,0.0
P2,char3gram,target_real_anchor,acc,replace,0.05,decision_regret,5,0.0003344886637762177,0.00022293435838122483,5.767909701159525e-05,0.0006112982305408402
P2,char3gram,target_real_anchor,acc,replace,0.1,prevalence_absolute_error,5,0.039701965586801766,0.007819186232369286,0.029993163546818292,0.04941076762678524
P2,char3gram,target_real_anchor,acc,replace,0.1,prevalence_error,5,-0.0396004994276874,0.007984837849794786,-0.049514985117272335,-0.02968601373810246
P2,char3gram,target_real_anchor,acc,replace,0.1,false_positive_share,5,0.5254377661772682,0.06008884273840931,0.4508276134552577,0.6000479188992788
P2,char3gram,target_real_anchor,acc,replace,0.1,prevalence_decision_error,5,0.992,0.013038404810405309,0.975810682152913,1.008189317847087
P2,char3gram,target_real_anchor,acc,replace,0.1,decision_regret,5,0.000646450716751556,0.0005287317026926688,-1.0056403190906917e-05,0.001302957836694019
P2,char3gram,target_real_anchor,cc,replace,0.05,prevalence_absolute_error,5,0.021397999999999938,0.015124320480603422,0.0026186757619388185,0.04017732423806106
P2,char3gram,target_real_anchor,cc,replace,0.05,prevalence_error,5,0.02017799999999994,0.0166810871947844,-0.000534305420661671,0.04089030542066155
P2,char3gram,target_real_anchor,cc,replace,0.05,false_positive_share,5,0.6986719824447893,0.05035401965176908,0.6361492090783428,0.7611947558112359
P2,char3gram,target_real_anchor,cc,replace,0.05,prevalence_decision_error,5,0.026000000000000002,0.05813776741499454,-0.04618757273514263,0.09818757273514264
P2,char3gram,target_real_anchor,cc,replace,0.05,decision_regret,5,0.0003344886637762177,0.00022293435838122483,5.767909701159525e-05,0.0006112982305408402
P2,char3gram,target_real_anchor,cc,replace,0.1,prevalence_absolute_error,5,0.01810199999999998,0.011918977305121458,0.003302634984822944,0.032901365015177014
P2,char3gram,target_real_anchor,cc,replace,0.1,prevalence_error,5,-0.011870000000000023,0.018623979166654987,-0.034994724434532457,0.011254724434532414
P2,char3gram,target_real_anchor,cc,replace,0.1,false_positive_share,5,0.5254377661772682,0.06008884273840931,0.4508276134552577,0.6000479188992788
P2,char3gram,target_real_anchor,cc,replace,0.1,prevalence_decision_error,5,0.706,0.3554996483823859,0.26458888522949436,1.1474111147705055
P2,char3gram,target_real_anchor,cc,replace,0.1,decision_regret,5,0.0006450894162558319,0.0005284724779425376,-1.1095833646949894e-05,0.0013012746661586138
P2,char3gram,target_real_anchor,dys,replace,0.05,prevalence_absolute_error,5,0.0244043576694759,0.0032364719335268672,0.020385746988418663,0.028422968350533137
P2,char3gram,target_real_anchor,dys,replace,0.05,prevalence_error,5,-0.02391012125464996,0.004006158543283294,-0.028884424088941263,-0.018935818420358658
P2,char3gram,target_real_anchor,dys,replace,0.05,false_positive_share,5,0.6986719824447893,0.05035401965176908,0.6361492090783428,0.7611947558112359
P2,char3gram,target_real_anchor,dys,replace,0.05,prevalence_decision_error,5,0.0,0.0,0.0,0.0
P2,char3gram,target_real_anchor,dys,replace,0.05,decision_regret,5,0.0003344886637762177,0.00022293435838122483,5.767909701159525e-05,0.0006112982305408402
P2,char3gram,target_real_anchor,dys,replace,0.1,prevalence_absolute_error,5,0.04737336749357648,0.0037670563403190737,0.04269594925659706,0.052050785730555896
P2,char3gram,target_real_anchor,dys,replace,0.1,prevalence_error,5,-0.04730831614170774,0.0038646300464439225,-0.052106888136753696,-0.04250974414666178
P2,char3gram,target_real_anchor,dys,replace,0.1,false_positive_share,5,0.5254377661772682,0.06008884273840931,0.4508276134552577,0.6000479188992788
P2,char3gram,target_real_anchor,dys,replace,0.1,prevalence_decision_error,5,0.994,0.008944271909999166,0.9828942195792089,1.0051057804207912
P2,char3gram,target_real_anchor,dys,replace,0.1,decision_regret,5,0.000646450716751556,0.0005287317026926688,-1.0056403190906917e-05,0.001302957836694019
P2,char3gram,target_real_anchor,emq,replace,0.05,prevalence_absolute_error,5,0.04461482992352665,0.003492056896349517,0.04027886859565028,0.048950791251403024
P2,char3gram,target_real_anchor,emq,replace,0.05,prevalence_error,5,-0.04461482992352665,0.003492056896349517,-0.048950791251403024,-0.04027886859565028
P2,char3gram,target_real_anchor,emq,replace,0.05,false_positive_share,5,0.6986719824447893,0.05035401965176908,0.6361492090783428,0.7611947558112359
P2,char3gram,target_real_anchor,emq,replace,0.05,prevalence_decision_error,5,0.0,0.0,0.0,0.0
P2,char3gram,target_real_anchor,emq,replace,0.05,decision_regret,5,0.0003344886637762177,0.00022293435838122483,5.767909701159525e-05,0.0006112982305408402
P2,char3gram,target_real_anchor,emq,replace,0.1,prevalence_absolute_error,5,0.06731295724903508,0.005589743315467142,0.060372374215019384,0.07425354028305077
P2,char3gram,target_real_anchor,emq,replace,0.1,prevalence_error,5,-0.06731295724903508,0.005589743315467142,-0.07425354028305077,-0.060372374215019384
P2,char3gram,target_real_anchor,emq,replace,0.1,false_positive_share,5,0.5254377661772682,0.06008884273840931,0.4508276134552577,0.6000479188992788
P2,char3gram,target_real_anchor,emq,replace,0.1,prevalence_decision_error,5,1.0,0.0,1.0,1.0
P2,char3gram,target_real_anchor,emq,replace,0.1,decision_regret,5,0.000646450716751556,0.0005287317026926688,-1.0056403190906917e-05,0.001302957836694019
P2,char3gram,target_real_anchor,hdy,replace,0.05,prevalence_absolute_error,5,0.02603583394905058,0.0042943881117098615,0.0207036468364262,0.03136802106167496
P2,char3gram,target_real_anchor,hdy,replace,0.05,prevalence_error,5,-0.026011270020437703,0.004342666943322718,-0.03140340322015111,-0.020619136820724297
P2,char3gram,target_real_anchor,hdy,replace,0.05,false_positive_share,5,0.6986719824447893,0.05035401965176908,0.6361492090783428,0.7611947558112359
P2,char3gram,target_real_anchor,hdy,replace,0.05,prevalence_decision_error,5,0.0,0.0,0.0,0.0
P2,char3gram,target_real_anchor,hdy,replace,0.05,decision_regret,5,0.0003344886637762177,0.00022293435838122483,5.767909701159525e-05,0.0006112982305408402
P2,char3gram,target_real_anchor,hdy,replace,0.1,prevalence_absolute_error,5,0.05017864321620362,0.004755570407378783,0.04427382265043817,0.056083463781969066
P2,char3gram,target_real_anchor,hdy,replace,0.1,prevalence_error,5,-0.05017864321620362,0.004755570407378783,-0.056083463781969066,-0.04427382265043817
P2,char3gram,target_real_anchor,hdy,replace,0.1,false_positive_share,5,0.5254377661772682,0.06008884273840931,0.4508276134552577,0.6000479188992788
P2,char3gram,target_real_anchor,hdy,replace,0.1,prevalence_decision_error,5,1.0,0.0,1.0,1.0
P2,char3gram,target_real_anchor,hdy,replace,0.1,decision_regret,5,0.000646450716751556,0.0005287317026926688,-1.0056403190906917e-05,0.001302957836694019
P2,char3gram,target_real_anchor,kdey,replace,0.05,prevalence_absolute_error,5,0.03125462126344908,0.005721862675315784,0.024149990376843598,0.03835925215005456
P2,char3gram,target_real_anchor,kdey,replace,0.05,prevalence_error,5,-0.031226346650620723,0.005776350192728889,-0.03839863272594956,-0.024054060575291886
P2,char3gram,target_real_anchor,kdey,replace,0.05,false_positive_share,5,0.6986719824447893,0.05035401965176908,0.6361492090783428,0.7611947558112359
P2,char3gram,target_real_anchor,kdey,replace,0.05,prevalence_decision_error,5,0.0,0.0,0.0,0.0
P2,char3gram,target_real_anchor,kdey,replace,0.05,decision_regret,5,0.0003344886637762177,0.00022293435838122483,5.767909701159525e-05,0.0006112982305408402
P2,char3gram,target_real_anchor,kdey,replace,0.1,prevalence_absolute_error,5,0.05176720856334856,0.005532396402629524,0.044897831126411464,0.05863658600028565
P2,char3gram,target_real_anchor,kdey,replace,0.1,prevalence_error,5,-0.05176720856334856,0.005532396402629524,-0.05863658600028565,-0.044897831126411464
P2,char3gram,target_real_anchor,kdey,replace,0.1,false_positive_share,5,0.5254377661772682,0.06008884273840931,0.4508276134552577,0.6000479188992788
P2,char3gram,target_real_anchor,kdey,replace,0.1,prevalence_decision_error,5,1.0,0.0,1.0,1.0
P2,char3gram,target_real_anchor,kdey,replace,0.1,decision_regret,5,0.000646450716751556,0.0005287317026926688,-1.0056403190906917e-05,0.001302957836694019
P2,char3gram,target_real_anchor,median_sweep,replace,0.05,prevalence_absolute_error,5,0.02463038273870077,0.005778461094263072,0.017455475632933187,0.03180528984446836
P2,char3gram,target_real_anchor,median_sweep,replace,0.05,prevalence_error,5,-0.02406561632020742,0.006563828172152798,-0.03221568545196517,-0.015915547188449675
P2,char3gram,target_real_anchor,median_sweep,replace,0.05,false_positive_share,5,0.6986719824447893,0.05035401965176908,0.6361492090783428,0.7611947558112359
P2,char3gram,target_real_anchor,median_sweep,replace,0.05,prevalence_decision_error,5,0.0,0.0,0.0,0.0
P2,char3gram,target_real_anchor,median_sweep,replace,0.05,decision_regret,5,0.0003344886637762177,0.00022293435838122483,5.767909701159525e-05,0.0006112982305408402
P2,char3gram,target_real_anchor,median_sweep,replace,0.1,prevalence_absolute_error,5,0.046113192613926046,0.005935808371711821,0.03874291305853497,0.05348347216931712
P2,char3gram,target_real_anchor,median_sweep,replace,0.1,prevalence_error,5,-0.04607484230052657,0.006011520355465836,-0.053539130700377593,-0.03861055390067554
P2,char3gram,target_real_anchor,median_sweep,replace,0.1,false_positive_share,5,0.5254377661772682,0.06008884273840931,0.4508276134552577,0.6000479188992788
P2,char3gram,target_real_anchor,median_sweep,replace,0.1,prevalence_decision_error,5,0.998,0.004472135954999583,0.9924471097896044,1.0035528902103956
P2,char3gram,target_real_anchor,median_sweep,replace,0.1,decision_regret,5,0.000646450716751556,0.0005287317026926688,-1.0056403190906917e-05,0.001302957836694019
P2,char3gram,target_real_anchor,pacc,replace,0.05,prevalence_absolute_error,5,0.024138197568823284,0.005526044503356239,0.01727670705653404,0.030999688081112527
P2,char3gram,target_real_anchor,pacc,replace,0.05,prevalence_error,5,-0.023532666060248737,0.006210506033222186,-0.031244027812327997,-0.015821304308169477
P2,char3gram,target_real_anchor,pacc,replace,0.05,false_positive_share,5,0.6986719824447893,0.05035401965176908,0.6361492090783428,0.7611947558112359
P2,char3gram,target_real_anchor,pacc,replace,0.05,prevalence_decision_error,5,0.0,0.0,0.0,0.0
P2,char3gram,target_real_anchor,pacc,replace,0.05,decision_regret,5,0.0003344886637762177,0.00022293435838122483,5.767909701159525e-05,0.0006112982305408402
P2,char3gram,target_real_anchor,pacc,replace,0.1,prevalence_absolute_error,5,0.045679675209239885,0.00546635866663298,0.03889229445161258,0.05246705596686719
P2,char3gram,target_real_anchor,pacc,replace,0.1,prevalence_error,5,-0.045641735601654465,0.0055378978099003264,-0.052517943937939175,-0.038765527265369755
P2,char3gram,target_real_anchor,pacc,replace,0.1,false_positive_share,5,0.5254377661772682,0.06008884273840931,0.4508276134552577,0.6000479188992788
P2,char3gram,target_real_anchor,pacc,replace,0.1,prevalence_decision_error,5,0.998,0.004472135954999583,0.9924471097896044,1.0035528902103956
P2,char3gram,target_real_anchor,pacc,replace,0.1,decision_regret,5,0.000646450716751556,0.0005287317026926688,-1.0056403190906917e-05,0.001302957836694019
P2,char3gram,target_real_anchor,pcc,replace,0.05,prevalence_absolute_error,5,0.2124277093737145,0.0034623498482151157,0.20812863421799951,0.21672678452942948
P2,char3gram,target_real_anchor,pcc,replace,0.05,prevalence_error,5,0.2124277093737145,0.0034623498482151157,0.20812863421799951,0.21672678452942948
P2,char3gram,target_real_anchor,pcc,replace,0.05,false_positive_share,5,0.6986719824447893,0.05035401965176908,0.6361492090783428,0.7611947558112359
P2,char3gram,target_real_anchor,pcc,replace,0.05,prevalence_decision_error,5,1.0,0.0,1.0,1.0
P2,char3gram,target_real_anchor,pcc,replace,0.05,decision_regret,5,0.000592331549029308,0.0004975896103578492,-2.5507556032272117e-05,0.0012101706540908882
P2,char3gram,target_real_anchor,pcc,replace,0.1,prevalence_absolute_error,5,0.17647778878979883,0.0034460980877274927,0.17219889285998877,0.1807566847196089
P2,char3gram,target_real_anchor,pcc,replace,0.1,prevalence_error,5,0.17647778878979883,0.0034460980877274927,0.17219889285998877,0.1807566847196089
P2,char3gram,target_real_anchor,pcc,replace,0.1,false_positive_share,5,0.5254377661772682,0.06008884273840931,0.4508276134552577,0.6000479188992788
P2,char3gram,target_real_anchor,pcc,replace,0.1,prevalence_decision_error,5,0.0,0.0,0.0,0.0
P2,char3gram,target_real_anchor,pcc,replace,0.1,decision_regret,5,0.0006265499955644978,0.0002258154631393236,0.00034616306474669057,0.0009069369263823051
P2,column_positional_ablation,oracle_target,acc,replace,0.05,prevalence_absolute_error,5,0.013996923949528634,0.004700010926660005,0.008161089590730594,0.019832758308326676
P2,column_positional_ablation,oracle_target,acc,replace,0.05,prevalence_error,5,-0.005437929983294796,0.010793944593068058,-0.018840382383113582,0.00796452241652399
P2,column_positional_ablation,oracle_target,acc,replace,0.05,false_positive_share,5,0.6407258241070302,0.018227936839502957,0.6180928511718873,0.663358797042173
P2,column_positional_ablation,oracle_target,acc,replace,0.05,prevalence_decision_error,5,0.002,0.00447213595499958,-0.0035528902103955868,0.007552890210395587
P2,column_positional_ablation,oracle_target,acc,replace,0.05,decision_regret,5,0.00025249760863791206,0.00040001330929608425,-0.0002441845163173828,0.0007491797335932069
P2,column_positional_ablation,oracle_target,acc,replace,0.1,prevalence_absolute_error,5,0.016220092435187856,0.0029919382506305063,0.012505110424531207,0.019935074445844508
P2,column_positional_ablation,oracle_target,acc,replace,0.1,prevalence_error,5,-0.005110500749764839,0.011505317433031962,-0.019396239194266772,0.009175237694737094
P2,column_positional_ablation,oracle_target,acc,replace,0.1,false_positive_share,5,0.4581514992259367,0.019553386324003736,0.4338727633844514,0.48243023506742194
P2,column_positional_ablation,oracle_target,acc,replace,0.1,prevalence_decision_error,5,0.606,0.25861167800391377,0.284891189907476,0.927108810092524
P2,column_positional_ablation,oracle_target,acc,replace,0.1,decision_regret,5,0.00044729086746134,0.00028839262659062184,8.920412567634331e-05,0.0008053776092463367
P2,column_positional_ablation,oracle_target,cc,replace,0.05,prevalence_absolute_error,5,0.02130599999999994,0.005271496941097475,0.014760572031597936,0.027851427968401943
P2,column_positional_ablation,oracle_target,cc,replace,0.05,prevalence_error,5,0.02130199999999994,0.0052783160193379895,0.014748105027645755,0.027855894972354123
P2,column_positional_ablation,oracle_target,cc,replace,0.05,false_positive_share,5,0.6407258241070302,0.018227936839502957,0.6180928511718873,0.663358797042173
P2,column_positional_ablation,oracle_target,cc,replace,0.05,prevalence_decision_error,5,0.002,0.00447213595499958,-0.0035528902103955868,0.007552890210395587
P2,column_positional_ablation,oracle_target,cc,replace,0.05,decision_regret,5,0.00025249760863791206,0.00040001330929608425,-0.0002441845163173828,0.0007491797335932069
P2,column_positional_ablation,oracle_target,cc,replace,0.1,prevalence_absolute_error,5,0.008259999999999972,0.0017015140316788602,0.006147291284425793,0.010372708715574152
P2,column_positional_ablation,oracle_target,cc,replace,0.1,prevalence_error,5,-0.003948000000000029,0.005432409226116878,-0.010693226959579328,0.00279722695957927
P2,column_positional_ablation,oracle_target,cc,replace,0.1,false_positive_share,5,0.4581514992259367,0.019553386324003736,0.4338727633844514,0.48243023506742194
P2,column_positional_ablation,oracle_target,cc,replace,0.1,prevalence_decision_error,5,0.6559999999999999,0.22333830840229804,0.3786888630371372,0.9333111369628626
P2,column_positional_ablation,oracle_target,cc,replace,0.1,decision_regret,5,0.00044729086746134,0.00028839262659062184,8.920412567634331e-05,0.0008053776092463367
P2,column_positional_ablation,oracle_target,dys,replace,0.05,prevalence_absolute_error,5,0.00866893060617682,0.002347807672042441,0.005753742345095131,0.011584118867258509
P2,column_positional_ablation,oracle_target,dys,replace,0.05,prevalence_error,5,-0.0003045812962248056,0.005954835066296764,-0.007698485613286824,0.007089323020837212
P2,column_positional_ablation,oracle_target,dys,replace,0.05,false_positive_share,5,0.6407258241070302,0.018227936839502957,0.6180928511718873,0.663358797042173
P2,column_positional_ablation,oracle_target,dys,replace,0.05,prevalence_decision_error,5,0.0,0.0,0.0,0.0
P2,column_positional_ablation,oracle_target,dys,replace,0.05,decision_regret,5,0.00025249760863791206,0.00040001330929608425,-0.0002441845163173828,0.0007491797335932069
P2,column_positional_ablation,oracle_target,dys,replace,0.1,prevalence_absolute_error,5,0.010626220737363298,0.0011029246134982272,0.009256758952049748,0.011995682522676847
P2,column_positional_ablation,oracle_target,dys,replace,0.1,prevalence_error,5,-0.0005920261360618856,0.006543554612824995,-0.008716922319086853,0.007532870046963081
P2,column_positional_ablation,oracle_target,dys,replace,0.1,false_positive_share,5,0.4581514992259367,0.019553386324003736,0.4338727633844514,0.48243023506742194
P2,column_positional_ablation,oracle_target,dys,replace,0.1,prevalence_decision_error,5,0.5279999999999999,0.19967473550752482,0.2800710695694475,0.7759289304305523
P2,column_positional_ablation,oracle_target,dys,replace,0.1,decision_regret,5,0.0005776821320868559,0.0005552279036308466,-0.00011172436664971526,0.0012670886308234271
P2,column_positional_ablation,oracle_target,emq,replace,0.05,prevalence_absolute_error,5,0.03343159126990774,0.014185433154494715,0.0158180496230456,0.051045132916769875
P2,column_positional_ablation,oracle_target,emq,replace,0.05,prevalence_error,5,-0.03266858731602586,0.015682257056928835,-0.052140681314191306,-0.013196493317860405
P2,column_positional_ablation,oracle_target,emq,replace,0.05,false_positive_share,5,0.6407258241070302,0.018227936839502957,0.6180928511718873,0.663358797042173
P2,column_positional_ablation,oracle_target,emq,replace,0.05,prevalence_decision_error,5,0.0,0.0,0.0,0.0
P2,column_positional_ablation,oracle_target,emq,replace,0.05,decision_regret,5,0.00025249760863791206,0.00040001330929608425,-0.0002441845163173828,0.0007491797335932069
P2,column_positional_ablation,oracle_target,emq,replace,0.1,prevalence_absolute_error,5,0.02655913607776581,0.011974045610173891,0.011691394730763067,0.041426877424768555
P2,column_positional_ablation,oracle_target,emq,replace,0.1,prevalence_error,5,-0.0238057227313816,0.01614765219910671,-0.04385568112252824,-0.00375576434023496
P2,column_positional_ablation,oracle_target,emq,replace,0.1,false_positive_share,5,0.4581514992259367,0.019553386324003736,0.4338727633844514,0.48243023506742194
P2,column_positional_ablation,oracle_target,emq,replace,0.1,prevalence_decision_error,5,0.858,0.20029977533686852,0.6092949801159081,1.106705019884092
P2,column_positional_ablation,oracle_target,emq,replace,0.1,decision_regret,5,0.0005467569542959639,0.0005476976924291943,-0.0001332995522926449,0.0012268134608845727
P2,column_positional_ablation,oracle_target,hdy,replace,0.05,prevalence_absolute_error,5,0.008790754556826449,0.0023516646856017423,0.005870777180867592,0.011710731932785306
P2,column_positional_ablation,oracle_target,hdy,replace,0.05,prevalence_error,5,0.00011828765967185871,0.006296660212926805,-0.007700048635641403,0.00793662395498512
P2,column_positional_ablation,oracle_target,hdy,replace,0.05,false_positive_share,5,0.6407258241070302,0.018227936839502957,0.6180928511718873,0.663358797042173
P2,column_positional_ablation,oracle_target,hdy,replace,0.05,prevalence_decision_error,5,0.0,0.0,0.0,0.0
P2,column_positional_ablation,oracle_target,hdy,replace,0.05,decision_regret,5,0.00025249760863791206,0.00040001330929608425,-0.0002441845163173828,0.0007491797335932069
P2,column_positional_ablation,oracle_target,hdy,replace,0.1,prevalence_absolute_error,5,0.010766162132692608,0.0009567068860969433,0.009578253635392404,0.011954070629992812
P2,column_positional_ablation,oracle_target,hdy,replace,0.1,prevalence_error,5,0.00013456059285772443,0.006894763479608793,-0.008426418995902626,0.008695540181618073
P2,column_positional_ablation,oracle_target,hdy,replace,0.1,false_positive_share,5,0.4581514992259367,0.019553386324003736,0.4338727633844514,0.48243023506742194
P2,column_positional_ablation,oracle_target,hdy,replace,0.1,prevalence_decision_error,5,0.49000000000000005,0.22572106680591425,0.2097302777109496,0.7702697222890504
P2,column_positional_ablation,oracle_target,hdy,replace,0.1,decision_regret,5,0.000475657495186692,0.0005528157714890886,-0.00021075394591054807,0.001162068936283932
P2,column_positional_ablation,oracle_target,kdey,replace,0.05,prevalence_absolute_error,5,0.027127443702410055,0.01587347143903743,0.007417925690041582,0.046836961714778524
P2,column_positional_ablation,oracle_target,kdey,replace,0.05,prevalence_error,5,-0.026301952375452253,0.017083308122966056,-0.04751368104196113,-0.005090223708943378
P2,column_positional_ablation,oracle_target,kdey,replace,0.05,false_positive_share,5,0.6407258241070302,0.018227936839502957,0.6180928511718873,0.663358797042173
P2,column_positional_ablation,oracle_target,kdey,replace,0.05,prevalence_decision_error,5,0.0,0.0,0.0,0.0
P2,column_positional_ablation,oracle_target,kdey,replace,0.05,decision_regret,5,0.00025249760863791206,0.00040001330929608425,-0.0002441845163173828,0.0007491797335932069
P2,column_positional_ablation,oracle_target,kdey,replace,0.1,prevalence_absolute_error,5,0.034973725990431234,0.03224704514866617,-0.005066269019118899,0.07501372099998137
P2,column_positional_ablation,oracle_target,kdey,replace,0.1,prevalence_error,5,-0.03332507531269349,0.03380597672165383,-0.07530073953208556,0.008650588906698578
P2,column_positional_ablation,oracle_target,kdey,replace,0.1,false_positive_share,5,0.4581514992259367,0.019553386324003736,0.4338727633844514,0.48243023506742194
P2,column_positional_ablation,oracle_target,kdey,replace,0.1,prevalence_decision_error,5,0.8959999999999999,0.16071714283174648,0.6964433098516482,1.0955566901483518
P2,column_positional_ablation,oracle_target,kdey,replace,0.1,decision_regret,5,0.00031862711745556804,0.00023642603560469468,2.5065420807177357e-05,0.0006121888141039588
P2,column_positional_ablation,oracle_target,median_sweep,replace,0.05,prevalence_absolute_error,5,0.012851919020413428,0.004376352192781166,0.0074179600591769545,0.0182858779816499
P2,column_positional_ablation,oracle_target,median_sweep,replace,0.05,prevalence_error,5,-0.002874107759527051,0.009704644148159676,-0.014924015013675756,0.009175799494621653
P2,column_positional_ablation,oracle_target,median_sweep,replace,0.05,false_positive_share,5,0.6407258241070302,0.018227936839502957,0.6180928511718873,0.663358797042173
P2,column_positional_ablation,oracle_target,median_sweep,replace,0.05,prevalence_decision_error,5,0.004,0.005477225575051661,-0.0028008738065825566,0.010800873806582557
P2,column_positional_ablation,oracle_target,median_sweep,replace,0.05,decision_regret,5,0.00025249760863791206,0.00040001330929608425,-0.0002441845163173828,0.0007491797335932069
P2,column_positional_ablation,oracle_target,median_sweep,replace,0.1,prevalence_absolute_error,5,0.014184254359940487,0.002977312021497077,0.010487433211428296,0.01788107550845268
P2,column_positional_ablation,oracle_target,median_sweep,replace,0.1,prevalence_error,5,-0.0027948582043012624,0.010167381059848227,-0.015419329222333635,0.00982961281373111
P2,column_positional_ablation,oracle_target,median_sweep,replace,0.1,false_positive_share,5,0.4581514992259367,0.019553386324003736,0.4338727633844514,0.48243023506742194
P2,column_positional_ablation,oracle_target,median_sweep,replace,0.1,prevalence_decision_error,5,0.558,0.257429602027428,0.23835893109062,0.8776410689093801
P2,column_positional_ablation,oracle_target,median_sweep,replace,0.1,decision_regret,5,0.000595498162500772,0.0005277461783407523,-5.978526733456315e-05,0.001250781592336107
P2,column_positional_ablation,oracle_target,pacc,replace,0.05,prevalence_absolute_error,5,0.01364567986207429,0.00450713370537594,0.008049334205018254,0.019242025519130325
P2,column_positional_ablation,oracle_target,pacc,replace,0.05,prevalence_error,5,-0.0020995458372307665,0.010387762566476158,-0.014997656637912946,0.010798564963451412
P2,column_positional_ablation,oracle_target,pacc,replace,0.05,false_positive_share,5,0.6407258241070302,0.018227936839502957,0.6180928511718873,0.663358797042173
P2,column_positional_ablation,oracle_target,pacc,replace,0.05,prevalence_decision_error,5,0.004,0.005477225575051661,-0.0028008738065825566,0.010800873806582557
P2,column_positional_ablation,oracle_target,pacc,replace,0.05,decision_regret,5,0.00025249760863791206,0.00040001330929608425,-0.0002441845163173828,0.0007491797335932069
P2,column_positional_ablation,oracle_target,pacc,replace,0.1,prevalence_absolute_error,5,0.014536357821531972,0.0032904302334491506,0.010450749062056956,0.01862196658100699
P2,column_positional_ablation,oracle_target,pacc,replace,0.1,prevalence_error,5,-0.0020844398236601913,0.010608415295596939,-0.015256527174197052,0.01108764752687667
P2,column_positional_ablation,oracle_target,pacc,replace,0.1,false_positive_share,5,0.4581514992259367,0.019553386324003736,0.4338727633844514,0.48243023506742194
P2,column_positional_ablation,oracle_target,pacc,replace,0.1,prevalence_decision_error,5,0.5399999999999999,0.2466779276708802,0.23370889805955586,0.846291101940444
P2,column_positional_ablation,oracle_target,pacc,replace,0.1,decision_regret,5,0.000523636970254532,0.0005516531485181481,-0.00016133088375620678,0.0012086048242652707
P2,column_positional_ablation,oracle_target,pcc,replace,0.05,prevalence_absolute_error,5,0.31600266891251644,0.0036962605402687493,0.31141315527168356,0.3205921825533493
P2,column_positional_ablation,oracle_target,pcc,replace,0.05,prevalence_error,5,0.31600266891251644,0.0036962605402687493,0.31141315527168356,0.3205921825533493
P2,column_positional_ablation,oracle_target,pcc,replace,0.05,false_positive_share,5,0.6407258241070302,0.018227936839502957,0.6180928511718873,0.663358797042173
P2,column_positional_ablation,oracle_target,pcc,replace,0.05,prevalence_decision_error,5,1.0,0.0,1.0,1.0
P2,column_positional_ablation,oracle_target,pcc,replace,0.05,decision_regret,5,0.0005926330948930708,0.0005876300350183644,-0.0001370059638524495,0.0013222721536385912
P2,column_positional_ablation,oracle_target,pcc,replace,0.1,prevalence_absolute_error,5,0.2808356292586137,0.003547081355077567,0.2764313460413141,0.28523991247591335
P2,column_positional_ablation,oracle_target,pcc,replace,0.1,prevalence_error,5,0.2808356292586137,0.003547081355077567,0.2764313460413141,0.28523991247591335
P2,column_positional_ablation,oracle_target,pcc,replace,0.1,false_positive_share,5,0.4581514992259367,0.019553386324003736,0.4338727633844514,0.48243023506742194
P2,column_positional_ablation,oracle_target,pcc,replace,0.1,prevalence_decision_error,5,0.0,0.0,0.0,0.0
P2,column_positional_ablation,oracle_target,pcc,replace,0.1,decision_regret,5,0.000812855899997488,0.0005959562164906966,7.28785214752617e-05,0.0015528332785197142
P2,column_positional_ablation,source_only,acc,replace,0.05,prevalence_absolute_error,5,0.018770418345863443,0.007483217696710809,0.009478776341136336,0.02806206035059055
P2,column_positional_ablation,source_only,acc,replace,0.05,prevalence_error,5,-0.017901217269431384,0.008337771670013264,-0.028253928177330127,-0.007548506361532639
P2,column_positional_ablation,source_only,acc,replace,0.05,false_positive_share,5,0.6439786059340677,0.020047278417910337,0.6190866220605812,0.6688705898075543
P2,column_positional_ablation,source_only,acc,replace,0.05,prevalence_decision_error,5,0.0,0.0,0.0,0.0
P2,column_positional_ablation,source_only,acc,replace,0.05,decision_regret,5,0.000252761368089296,0.00039988858366954953,-0.00024376588954587734,0.0007492886257244694
P2,column_positional_ablation,source_only,acc,replace,0.1,prevalence_absolute_error,5,0.03215834563392967,0.010233618005805613,0.019451630584751044,0.0448650606831083
P2,column_positional_ablation,source_only,acc,replace,0.1,prevalence_error,5,-0.03195962727796506,0.0105570828330022,-0.045067976957758896,-0.018851277598171224
P2,column_positional_ablation,source_only,acc,replace,0.1,false_positive_share,5,0.46171857138189976,0.021680074491473605,0.4347992034074612,0.4886379393563383
P2,column_positional_ablation,source_only,acc,replace,0.1,prevalence_decision_error,5,0.9780000000000001,0.043817804600413277,0.9235930095473397,1.0324069904526605
P2,column_positional_ablation,source_only,acc,replace,0.1,decision_regret,5,0.00037038170253483595,0.00024707206273409985,6.36012172759623e-05,0.0006771621877937097
P2,column_positional_ablation,source_only,cc,replace,0.05,prevalence_absolute_error,5,0.02162599999999994,0.005170786207144908,0.015205620924179517,0.028046379075820364
P2,column_positional_ablation,source_only,cc,replace,0.05,prevalence_error,5,0.02162599999999994,0.005170786207144908,0.015205620924179517,0.028046379075820364
P2,column_positional_ablation,source_only,cc,replace,0.05,false_positive_share,5,0.6439786059340677,0.020047278417910337,0.6190866220605812,0.6688705898075543
P2,column_positional_ablation,source_only,cc,replace,0.05,prevalence_decision_error,5,0.002,0.00447213595499958,-0.0035528902103955868,0.007552890210395587
P2,column_positional_ablation,source_only,cc,replace,0.05,decision_regret,5,0.000252761368089296,0.00039988858366954953,-0.00024376588954587734,0.0007492886257244694
P2,column_positional_ablation,source_only,cc,replace,0.1,prevalence_absolute_error,5,0.00813999999999997,0.001700088233004407,0.006029061647308546,0.010250938352691395
P2,column_positional_ablation,source_only,cc,replace,0.1,prevalence_error,5,-0.003680000000000029,0.005350299057062117,-0.010323273718777606,0.002963273718777548
P2,column_positional_ablation,source_only,cc,replace,0.1,false_positive_share,5,0.46171857138189976,0.021680074491473605,0.4347992034074612,0.4886379393563383
P2,column_positional_ablation,source_only,cc,replace,0.1,prevalence_decision_error,5,0.6519999999999999,0.2243211982849592,0.3734684440556381,0.9305315559443617
P2,column_positional_ablation,source_only,cc,replace,0.1,decision_regret,5,0.00046664037586553205,0.0003016463490986973,9.20969640000752e-05,0.0008411837877309888
P2,column_positional_ablation,source_only,dys,replace,0.05,prevalence_absolute_error,5,0.012767759888940623,0.004262922590294713,0.007474642381442143,0.018060877396439103
P2,column_positional_ablation,source_only,dys,replace,0.05,prevalence_error,5,-0.012319918444587508,0.004576234059679345,-0.018002063523845206,-0.00663777336532981
P2,column_positional_ablation,source_only,dys,replace,0.05,false_positive_share,5,0.6439786059340677,0.020047278417910337,0.6190866220605812,0.6688705898075543
P2,column_positional_ablation,source_only,dys,replace,0.05,prevalence_decision_error,5,0.0,0.0,0.0,0.0
P2,column_positional_ablation,source_only,dys,replace,0.05,decision_regret,5,0.000252761368089296,0.00039988858366954953,-0.00024376588954587734,0.0007492886257244694
P2,column_positional_ablation,source_only,dys,replace,0.1,prevalence_absolute_error,5,0.02464977140635769,0.006634478552578726,0.01641197824076567,0.03288756457194972
P2,column_positional_ablation,source_only,dys,replace,0.1,prevalence_error,5,-0.024495855476299372,0.006860714417527944,-0.03301455757050133,-0.015977153382097417
P2,column_positional_ablation,source_only,dys,replace,0.1,false_positive_share,5,0.46171857138189976,0.021680074491473605,0.4347992034074612,0.4886379393563383
P2,column_positional_ablation,source_only,dys,replace,0.1,prevalence_decision_error,5,0.9780000000000001,0.03898717737923584,0.9295910254566188,1.0264089745433813
P2,column_positional_ablation,source_only,dys,replace,0.1,decision_regret,5,0.00037038170253483595,0.00024707206273409985,6.36012172759623e-05,0.0006771621877937097
P2,column_positional_ablation,source_only,emq,replace,0.05,prevalence_absolute_error,5,0.0253741867549624,0.007499304276957546,0.016062570622688704,0.0346858028872361
P2,column_positional_ablation,source_only,emq,replace,0.05,prevalence_error,5,-0.02527777627411148,0.007666817473889335,-0.034797387512239396,-0.01575816503598356
P2,column_positional_ablation,source_only,emq,replace,0.05,false_positive_share,5,0.6439786059340677,0.020047278417910337,0.6190866220605812,0.6688705898075543
P2,column_positional_ablation,source_only,emq,replace,0.05,prevalence_decision_error,5,0.0,0.0,0.0,0.0
P2,column_positional_ablation,source_only,emq,replace,0.05,decision_regret,5,0.000252761368089296,0.00039988858366954953,-0.00024376588954587734,0.0007492886257244694
P2,column_positional_ablation,source_only,emq,replace,0.1,prevalence_absolute_error,5,0.03484124894443518,0.010099242880847273,0.022301382650171453,0.04738111523869891
P2,column_positional_ablation,source_only,emq,replace,0.1,prevalence_error,5,-0.034763954297180204,0.010253840103368382,-0.047495778396870685,-0.022032130197489723
P2,column_positional_ablation,source_only,emq,replace,0.1,false_positive_share,5,0.46171857138189976,0.021680074491473605,0.4347992034074612,0.4886379393563383
P2,column_positional_ablation,source_only,emq,replace,0.1,prevalence_decision_error,5,0.994,0.01341640786499875,0.9773413293688132,1.0106586706311869
P2,column_positional_ablation,source_only,emq,replace,0.1,decision_regret,5,0.00037038170253483595,0.00024707206273409985,6.36012172759623e-05,0.0006771621877937097
P2,column_positional_ablation,source_only,hdy,replace,0.05,prevalence_absolute_error,5,0.013048776972775738,0.004654688425913231,0.007269217931463531,0.018828336014087947
P2,column_positional_ablation,source_only,hdy,replace,0.05,prevalence_error,5,-0.012682622515007517,0.004894315427674423,-0.01875971777740411,-0.006605527252610927
P2,column_positional_ablation,source_only,hdy,replace,0.05,false_positive_share,5,0.6439786059340677,0.020047278417910337,0.6190866220605812,0.6688705898075543
P2,column_positional_ablation,source_only,hdy,replace,0.05,prevalence_decision_error,5,0.0,0.0,0.0,0.0
P2,column_positional_ablation,source_only,hdy,replace,0.05,decision_regret,5,0.000252761368089296,0.00039988858366954953,-0.00024376588954587734,0.0007492886257244694
P2,column_positional_ablation,source_only,hdy,replace,0.1,prevalence_absolute_error,5,0.025575338333937426,0.007046814647029292,0.016825562284706188,0.03432511438316867
P2,column_positional_ablation,source_only,hdy,replace,0.1,prevalence_error,5,-0.025472733802756876,0.0072067561636609484,-0.03442110347500775,-0.016524364130506
P2,column_positional_ablation,source_only,hdy,replace,0.1,false_positive_share,5,0.46171857138189976,0.021680074491473605,0.4347992034074612,0.4886379393563383
P2,column_positional_ablation,source_only,hdy,replace,0.1,prevalence_decision_error,5,0.9880000000000001,0.021679483388678818,0.9610813659766211,1.0149186340233791
P2,column_positional_ablation,source_only,hdy,replace,0.1,decision_regret,5,0.00037038170253483595,0.00024707206273409985,6.36012172759623e-05,0.0006771621877937097
P2,column_positional_ablation,source_only,kdey,replace,0.05,prevalence_absolute_error,5,0.0283679249356874,0.013994724469707358,0.010991179396870505,0.04574467047450429
P2,column_positional_ablation,source_only,kdey,replace,0.05,prevalence_error,5,-0.02828287220811391,0.01410713206738698,-0.04579919021409416,-0.010766554202133658
P2,column_positional_ablation,source_only,kdey,replace,0.05,false_positive_share,5,0.6439786059340677,0.020047278417910337,0.6190866220605812,0.6688705898075543
P2,column_positional_ablation,source_only,kdey,replace,0.05,prevalence_decision_error,5,0.0,0.0,0.0,0.0
P2,column_positional_ablation,source_only,kdey,replace,0.05,decision_regret,5,0.000252761368089296,0.00039988858366954953,-0.00024376588954587734,0.0007492886257244694
P2,column_positional_ablation,source_only,kdey,replace,0.1,prevalence_absolute_error,5,0.04495728972488099,0.02179895646378987,0.017890310285381877,0.07202426916438011
P2,column_positional_ablation,source_only,kdey,replace,0.1,prevalence_error,5,-0.04495728972488099,0.02179895646378987,-0.07202426916438011,-0.017890310285381877
P2,column_positional_ablation,source_only,kdey,replace,0.1,false_positive_share,5,0.46171857138189976,0.021680074491473605,0.4347992034074612,0.4886379393563383
P2,column_positional_ablation,source_only,kdey,replace,0.1,prevalence_decision_error,5,1.0,0.0,1.0,1.0
P2,column_positional_ablation,source_only,kdey,replace,0.1,decision_regret,5,0.00037038170253483595,0.00024707206273409985,6.36012172759623e-05,0.0006771621877937097
P2,column_positional_ablation,source_only,median_sweep,replace,0.05,prevalence_absolute_error,5,0.017923546436945027,0.007645955998325715,0.008429838141973867,0.02741725473191619
P2,column_positional_ablation,source_only,median_sweep,replace,0.05,prevalence_error,5,-0.01715730246354212,0.008277873107250705,-0.027435639482514446,-0.006878965444569795
P2,column_positional_ablation,source_only,median_sweep,replace,0.05,false_positive_share,5,0.6439786059340677,0.020047278417910337,0.6190866220605812,0.6688705898075543
P2,column_positional_ablation,source_only,median_sweep,replace,0.05,prevalence_decision_error,5,0.0,0.0,0.0,0.0
P2,column_positional_ablation,source_only,median_sweep,replace,0.05,decision_regret,5,0.000252761368089296,0.00039988858366954953,-0.00024376588954587734,0.0007492886257244694
P2,column_positional_ablation,source_only,median_sweep,replace,0.1,prevalence_absolute_error,5,0.031856401775536176,0.011199446816045747,0.0179504518642544,0.045762351686817956
P2,column_positional_ablation,source_only,median_sweep,replace,0.1,prevalence_error,5,-0.031693078292013274,0.011496494691016096,-0.04596786185538867,-0.01741829472863788
P2,column_positional_ablation,source_only,median_sweep,replace,0.1,false_positive_share,5,0.46171857138189976,0.021680074491473605,0.4347992034074612,0.4886379393563383
P2,column_positional_ablation,source_only,median_sweep,replace,0.1,prevalence_decision_error,5,0.984,0.03577708763999662,0.9395768783168353,1.0284231216831647
P2,column_positional_ablation,source_only,median_sweep,replace,0.1,decision_regret,5,0.00037038170253483595,0.00024707206273409985,6.36012172759623e-05,0.0006771621877937097
P2,column_positional_ablation,source_only,pacc,replace,0.05,prevalence_absolute_error,5,0.01769001298320089,0.007839513378128679,0.007955971458141739,0.02742405450826004
P2,column_positional_ablation,source_only,pacc,replace,0.05,prevalence_error,5,-0.01688340441273859,0.008448670688649455,-0.02737381463951402,-0.006392994185963159
P2,column_positional_ablation,source_only,pacc,replace,0.05,false_positive_share,5,0.6439786059340677,0.020047278417910337,0.6190866220605812,0.6688705898075543
P2,column_positional_ablation,source_only,pacc,replace,0.05,prevalence_decision_error,5,0.0,0.0,0.0,0.0
P2,column_positional_ablation,source_only,pacc,replace,0.05,decision_regret,5,0.000252761368089296,0.00039988858366954953,-0.00024376588954587734,0.0007492886257244694
P2,column_positional_ablation,source_only,pacc,replace,0.1,prevalence_absolute_error,5,0.03182388105161014,0.01119253135547362,0.01792651781875177,0.045721244284468505
P2,column_positional_ablation,source_only,pacc,replace,0.1,prevalence_error,5,-0.0316893396468048,0.011428060006024233,-0.04587915032559738,-0.01749952896801222
P2,column_positional_ablation,source_only,pacc,replace,0.1,false_positive_share,5,0.46171857138189976,0.021680074491473605,0.4347992034074612,0.4886379393563383
P2,column_positional_ablation,source_only,pacc,replace,0.1,prevalence_decision_error,5,0.986,0.03130495168499703,0.947129768527231,1.0248702314727691
P2,column_positional_ablation,source_only,pacc,replace,0.1,decision_regret,5,0.00037038170253483595,0.00024707206273409985,6.36012172759623e-05,0.0006771621877937097
P2,column_positional_ablation,source_only,pcc,replace,0.05,prevalence_absolute_error,5,0.19147451833462287,0.04032704556938309,0.14140187769719728,0.24154715897204845
P2,column_positional_ablation,source_only,pcc,replace,0.05,prevalence_error,5,0.19147451833462287,0.04032704556938309,0.14140187769719728,0.24154715897204845
P2,column_positional_ablation,source_only,pcc,replace,0.05,false_positive_share,5,0.6439786059340677,0.020047278417910337,0.6190866220605812,0.6688705898075543
P2,column_positional_ablation,source_only,pcc,replace,0.05,prevalence_decision_error,5,1.0,0.0,1.0,1.0
P2,column_positional_ablation,source_only,pcc,replace,0.05,decision_regret,5,0.0005960417579677974,0.0005878916865188303,-0.00013392218402592728,0.0013260056999615222
P2,column_positional_ablation,source_only,pcc,replace,0.1,prevalence_absolute_error,5,0.16066252189705182,0.039354904213622165,0.11179695418223956,0.2095280896118641
P2,column_positional_ablation,source_only,pcc,replace,0.1,prevalence_error,5,0.16066252189705182,0.039354904213622165,0.11179695418223956,0.2095280896118641
P2,column_positional_ablation,source_only,pcc,replace,0.1,false_positive_share,5,0.46171857138189976,0.021680074491473605,0.4347992034074612,0.4886379393563383
P2,column_positional_ablation,source_only,pcc,replace,0.1,prevalence_decision_error,5,0.0,0.0,0.0,0.0
P2,column_positional_ablation,source_only,pcc,replace,0.1,decision_regret,5,0.000814644703755216,0.0005922613057527038,7.92551628729318e-05,0.0015500342446375002
P2,column_positional_ablation,target_real_anchor,acc,replace,0.05,prevalence_absolute_error,5,0.01849266792248024,0.0065520634598673745,0.010357206610416527,0.02662812923454395
P2,column_positional_ablation,target_real_anchor,acc,replace,0.05,prevalence_error,5,-0.017752020953766334,0.007141167933827489,-0.026618952082327084,-0.008885089825205581
P2,column_positional_ablation,target_real_anchor,acc,replace,0.05,false_positive_share,5,0.6386057298454597,0.040789908335995585,0.5879583691746224,0.689253090516297
P2,column_positional_ablation,target_real_anchor,acc,replace,0.05,prevalence_decision_error,5,0.0,0.0,0.0,0.0
P2,column_positional_ablation,target_real_anchor,acc,replace,0.05,decision_regret,5,0.00030815750343362805,0.0003925099077725242,-0.00017920791798579504,0.0007955229248530511
P2,column_positional_ablation,target_real_anchor,acc,replace,0.1,prevalence_absolute_error,5,0.0317758592055472,0.00918021062840217,0.020377122172332673,0.04317459623876173
P2,column_positional_ablation,target_real_anchor,acc,replace,0.1,prevalence_error,5,-0.0315590478277084,0.00954250797284754,-0.043407636430165576,-0.019710459225251227
P2,column_positional_ablation,target_real_anchor,acc,replace,0.1,false_positive_share,5,0.4567766264447769,0.04383906788017231,0.4023432341431559,0.5112100187463978
P2,column_positional_ablation,target_real_anchor,acc,replace,0.1,prevalence_decision_error,5,0.982,0.03492849839314594,0.9386305410339126,1.0253694589660873
P2,column_positional_ablation,target_real_anchor,acc,replace,0.1,decision_regret,5,0.00034012419842061883,0.00019428961577945046,9.888177728243326e-05,0.0005813666195588044
P2,column_positional_ablation,target_real_anchor,cc,replace,0.05,prevalence_absolute_error,5,0.021761999999999938,0.012482730871087472,0.006262642478103911,0.037261357521895966
P2,column_positional_ablation,target_real_anchor,cc,replace,0.05,prevalence_error,5,0.021693999999999936,0.012566595799977025,0.006090510415189831,0.03729748958481004
P2,column_positional_ablation,target_real_anchor,cc,replace,0.05,false_positive_share,5,0.6386057298454597,0.040789908335995585,0.5879583691746224,0.689253090516297
P2,column_positional_ablation,target_real_anchor,cc,replace,0.05,prevalence_decision_error,5,0.014000000000000002,0.021908902300206645,-0.013203495226330225,0.041203495226330225
P2,column_positional_ablation,target_real_anchor,cc,replace,0.05,decision_regret,5,0.00030699182656486403,0.0003936392598110601,-0.00018177587062210708,0.0007957595237518351
P2,column_positional_ablation,target_real_anchor,cc,replace,0.1,prevalence_absolute_error,5,0.01188599999999997,0.003908500991428826,0.0070329550319990775,0.01673904496800086
P2,column_positional_ablation,target_real_anchor,cc,replace,0.1,prevalence_error,5,-0.0033780000000000316,0.012465031889249188,-0.018855381333342597,0.012099381333342533
P2,column_positional_ablation,target_real_anchor,cc,replace,0.1,false_positive_share,5,0.4567766264447769,0.04383906788017231,0.4023432341431559,0.5112100187463978
P2,column_positional_ablation,target_real_anchor,cc,replace,0.1,prevalence_decision_error,5,0.5900000000000001,0.4263214749458441,0.06065197289861746,1.1193480271013827
P2,column_positional_ablation,target_real_anchor,cc,replace,0.1,decision_regret,5,0.00033450613505524686,0.0002074389594176088,7.693664732155031e-05,0.0005920756227889434
P2,column_positional_ablation,target_real_anchor,dys,replace,0.05,prevalence_absolute_error,5,0.012767759888940623,0.004262922590294713,0.007474642381442143,0.018060877396439103
P2,column_positional_ablation,target_real_anchor,dys,replace,0.05,prevalence_error,5,-0.012319918444587508,0.004576234059679345,-0.018002063523845206,-0.00663777336532981
P2,column_positional_ablation,target_real_anchor,dys,replace,0.05,false_positive_share,5,0.6386057298454597,0.040789908335995585,0.5879583691746224,0.689253090516297
P2,column_positional_ablation,target_real_anchor,dys,replace,0.05,prevalence_decision_error,5,0.0,0.0,0.0,0.0
P2,column_positional_ablation,target_real_anchor,dys,replace,0.05,decision_regret,5,0.00030815750343362805,0.0003925099077725242,-0.00017920791798579504,0.0007955229248530511
P2,column_positional_ablation,target_real_anchor,dys,replace,0.1,prevalence_absolute_error,5,0.02464977140635769,0.006634478552578726,0.01641197824076567,0.03288756457194972
P2,column_positional_ablation,target_real_anchor,dys,replace,0.1,prevalence_error,5,-0.024495855476299372,0.006860714417527944,-0.03301455757050133,-0.015977153382097417
P2,column_positional_ablation,target_real_anchor,dys,replace,0.1,false_positive_share,5,0.4567766264447769,0.04383906788017231,0.4023432341431559,0.5112100187463978
P2,column_positional_ablation,target_real_anchor,dys,replace,0.1,prevalence_decision_error,5,0.9780000000000001,0.03898717737923584,0.9295910254566188,1.0264089745433813
P2,column_positional_ablation,target_real_anchor,dys,replace,0.1,decision_regret,5,0.00034012419842061883,0.00019428961577945046,9.888177728243326e-05,0.0005813666195588044
P2,column_positional_ablation,target_real_anchor,emq,replace,0.05,prevalence_absolute_error,5,0.0253741867549624,0.007499304276957546,0.016062570622688704,0.0346858028872361
P2,column_positional_ablation,target_real_anchor,emq,replace,0.05,prevalence_error,5,-0.02527777627411148,0.007666817473889335,-0.034797387512239396,-0.01575816503598356
P2,column_positional_ablation,target_real_anchor,emq,replace,0.05,false_positive_share,5,0.6386057298454597,0.040789908335995585,0.5879583691746224,0.689253090516297
P2,column_positional_ablation,target_real_anchor,emq,replace,0.05,prevalence_decision_error,5,0.0,0.0,0.0,0.0
P2,column_positional_ablation,target_real_anchor,emq,replace,0.05,decision_regret,5,0.00030815750343362805,0.0003925099077725242,-0.00017920791798579504,0.0007955229248530511
P2,column_positional_ablation,target_real_anchor,emq,replace,0.1,prevalence_absolute_error,5,0.03484124894443518,0.010099242880847273,0.022301382650171453,0.04738111523869891
P2,column_positional_ablation,target_real_anchor,emq,replace,0.1,prevalence_error,5,-0.034763954297180204,0.010253840103368382,-0.047495778396870685,-0.022032130197489723
P2,column_positional_ablation,target_real_anchor,emq,replace,0.1,false_positive_share,5,0.4567766264447769,0.04383906788017231,0.4023432341431559,0.5112100187463978
P2,column_positional_ablation,target_real_anchor,emq,replace,0.1,prevalence_decision_error,5,0.994,0.01341640786499875,0.9773413293688132,1.0106586706311869
P2,column_positional_ablation,target_real_anchor,emq,replace,0.1,decision_regret,5,0.00034012419842061883,0.00019428961577945046,9.888177728243326e-05,0.0005813666195588044
P2,column_positional_ablation,target_real_anchor,hdy,replace,0.05,prevalence_absolute_error,5,0.013048776972775738,0.004654688425913231,0.007269217931463531,0.018828336014087947
P2,column_positional_ablation,target_real_anchor,hdy,replace,0.05,prevalence_error,5,-0.012682622515007517,0.004894315427674423,-0.01875971777740411,-0.006605527252610927
P2,column_positional_ablation,target_real_anchor,hdy,replace,0.05,false_positive_share,5,0.6386057298454597,0.040789908335995585,0.5879583691746224,0.689253090516297
P2,column_positional_ablation,target_real_anchor,hdy,replace,0.05,prevalence_decision_error,5,0.0,0.0,0.0,0.0
P2,column_positional_ablation,target_real_anchor,hdy,replace,0.05,decision_regret,5,0.00030815750343362805,0.0003925099077725242,-0.00017920791798579504,0.0007955229248530511
P2,column_positional_ablation,target_real_anchor,hdy,replace,0.1,prevalence_absolute_error,5,0.025575338333937426,0.007046814647029292,0.016825562284706188,0.03432511438316867
P2,column_positional_ablation,target_real_anchor,hdy,replace,0.1,prevalence_error,5,-0.025472733802756876,0.0072067561636609484,-0.03442110347500775,-0.016524364130506
P2,column_positional_ablation,target_real_anchor,hdy,replace,0.1,false_positive_share,5,0.4567766264447769,0.04383906788017231,0.4023432341431559,0.5112100187463978
P2,column_positional_ablation,target_real_anchor,hdy,replace,0.1,prevalence_decision_error,5,0.9880000000000001,0.021679483388678818,0.9610813659766211,1.0149186340233791
P2,column_positional_ablation,target_real_anchor,hdy,replace,0.1,decision_regret,5,0.00034012419842061883,0.00019428961577945046,9.888177728243326e-05,0.0005813666195588044
P2,column_positional_ablation,target_real_anchor,kdey,replace,0.05,prevalence_absolute_error,5,0.0283679249356874,0.013994724469707358,0.010991179396870505,0.04574467047450429
P2,column_positional_ablation,target_real_anchor,kdey,replace,0.05,prevalence_error,5,-0.02828287220811391,0.01410713206738698,-0.04579919021409416,-0.010766554202133658
P2,column_positional_ablation,target_real_anchor,kdey,replace,0.05,false_positive_share,5,0.6386057298454597,0.040789908335995585,0.5879583691746224,0.689253090516297
P2,column_positional_ablation,target_real_anchor,kdey,replace,0.05,prevalence_decision_error,5,0.0,0.0,0.0,0.0
P2,column_positional_ablation,target_real_anchor,kdey,replace,0.05,decision_regret,5,0.00030815750343362805,0.0003925099077725242,-0.00017920791798579504,0.0007955229248530511
P2,column_positional_ablation,target_real_anchor,kdey,replace,0.1,prevalence_absolute_error,5,0.04495728972488099,0.02179895646378987,0.017890310285381877,0.07202426916438011
P2,column_positional_ablation,target_real_anchor,kdey,replace,0.1,prevalence_error,5,-0.04495728972488099,0.02179895646378987,-0.07202426916438011,-0.017890310285381877
P2,column_positional_ablation,target_real_anchor,kdey,replace,0.1,false_positive_share,5,0.4567766264447769,0.04383906788017231,0.4023432341431559,0.5112100187463978
P2,column_positional_ablation,target_real_anchor,kdey,replace,0.1,prevalence_decision_error,5,1.0,0.0,1.0,1.0
P2,column_positional_ablation,target_real_anchor,kdey,replace,0.1,decision_regret,5,0.00034012419842061883,0.00019428961577945046,9.888177728243326e-05,0.0005813666195588044
P2,column_positional_ablation,target_real_anchor,median_sweep,replace,0.05,prevalence_absolute_error,5,0.017923546436945027,0.007645955998325715,0.008429838141973867,0.02741725473191619
P2,column_positional_ablation,target_real_anchor,median_sweep,replace,0.05,prevalence_error,5,-0.01715730246354212,0.008277873107250705,-0.027435639482514446,-0.006878965444569795
P2,column_positional_ablation,target_real_anchor,median_sweep,replace,0.05,false_positive_share,5,0.6386057298454597,0.040789908335995585,0.5879583691746224,0.689253090516297
P2,column_positional_ablation,target_real_anchor,median_sweep,replace,0.05,prevalence_decision_error,5,0.0,0.0,0.0,0.0
P2,column_positional_ablation,target_real_anchor,median_sweep,replace,0.05,decision_regret,5,0.00030815750343362805,0.0003925099077725242,-0.00017920791798579504,0.0007955229248530511
P2,column_positional_ablation,target_real_anchor,median_sweep,replace,0.1,prevalence_absolute_error,5,0.031856401775536176,0.011199446816045747,0.0179504518642544,0.045762351686817956
P2,column_positional_ablation,target_real_anchor,median_sweep,replace,0.1,prevalence_error,5,-0.031693078292013274,0.011496494691016096,-0.04596786185538867,-0.01741829472863788
P2,column_positional_ablation,target_real_anchor,median_sweep,replace,0.1,false_positive_share,5,0.4567766264447769,0.04383906788017231,0.4023432341431559,0.5112100187463978
P2,column_positional_ablation,target_real_anchor,median_sweep,replace,0.1,prevalence_decision_error,5,0.984,0.03577708763999662,0.9395768783168353,1.0284231216831647
P2,column_positional_ablation,target_real_anchor,median_sweep,replace,0.1,decision_regret,5,0.00034012419842061883,0.00019428961577945046,9.888177728243326e-05,0.0005813666195588044
P2,column_positional_ablation,target_real_anchor,pacc,replace,0.05,prevalence_absolute_error,5,0.01769001298320089,0.007839513378128679,0.007955971458141739,0.02742405450826004
P2,column_positional_ablation,target_real_anchor,pacc,replace,0.05,prevalence_error,5,-0.01688340441273859,0.008448670688649455,-0.02737381463951402,-0.006392994185963159
P2,column_positional_ablation,target_real_anchor,pacc,replace,0.05,false_positive_share,5,0.6386057298454597,0.040789908335995585,0.5879583691746224,0.689253090516297
P2,column_positional_ablation,target_real_anchor,pacc,replace,0.05,prevalence_decision_error,5,0.0,0.0,0.0,0.0
P2,column_positional_ablation,target_real_anchor,pacc,replace,0.05,decision_regret,5,0.00030815750343362805,0.0003925099077725242,-0.00017920791798579504,0.0007955229248530511
P2,column_positional_ablation,target_real_anchor,pacc,replace,0.1,prevalence_absolute_error,5,0.03182388105161014,0.01119253135547362,0.01792651781875177,0.045721244284468505
P2,column_positional_ablation,target_real_anchor,pacc,replace,0.1,prevalence_error,5,-0.0316893396468048,0.011428060006024233,-0.04587915032559738,-0.01749952896801222
P2,column_positional_ablation,target_real_anchor,pacc,replace,0.1,false_positive_share,5,0.4567766264447769,0.04383906788017231,0.4023432341431559,0.5112100187463978
P2,column_positional_ablation,target_real_anchor,pacc,replace,0.1,prevalence_decision_error,5,0.986,0.03130495168499703,0.947129768527231,1.0248702314727691
P2,column_positional_ablation,target_real_anchor,pacc,replace,0.1,decision_regret,5,0.00034012419842061883,0.00019428961577945046,9.888177728243326e-05,0.0005813666195588044
P2,column_positional_ablation,target_real_anchor,pcc,replace,0.05,prevalence_absolute_error,5,0.19147451833462287,0.04032704556938309,0.14140187769719728,0.24154715897204845
P2,column_positional_ablation,target_real_anchor,pcc,replace,0.05,prevalence_error,5,0.19147451833462287,0.04032704556938309,0.14140187769719728,0.24154715897204845
P2,column_positional_ablation,target_real_anchor,pcc,replace,0.05,false_positive_share,5,0.6386057298454597,0.040789908335995585,0.5879583691746224,0.689253090516297
P2,column_positional_ablation,target_real_anchor,pcc,replace,0.05,prevalence_decision_error,5,1.0,0.0,1.0,1.0
P2,column_positional_ablation,target_real_anchor,pcc,replace,0.05,decision_regret,5,0.000585055411753256,0.0005159196773738895,-5.5543477606803736e-05,0.0012256543011133158
P2,column_positional_ablation,target_real_anchor,pcc,replace,0.1,prevalence_absolute_error,5,0.16066252189705182,0.039354904213622165,0.11179695418223956,0.2095280896118641
P2,column_positional_ablation,target_real_anchor,pcc,replace,0.1,prevalence_error,5,0.16066252189705182,0.039354904213622165,0.11179695418223956,0.2095280896118641
P2,column_positional_ablation,target_real_anchor,pcc,replace,0.1,false_positive_share,5,0.4567766264447769,0.04383906788017231,0.4023432341431559,0.5112100187463978
P2,column_positional_ablation,target_real_anchor,pcc,replace,0.1,prevalence_decision_error,5,0.0,0.0,0.0,0.0
P2,column_positional_ablation,target_real_anchor,pcc,replace,0.1,decision_regret,5,0.000775201682916268,0.0004543604375576144,0.00021103868539286885,0.0013393646804396673
P2,datum_transformer,oracle_target,acc,replace,0.05,prevalence_absolute_error,5,0.013779248015412502,0.0014577873380935203,0.011969165960664479,0.015589330070160525
P2,datum_transformer,oracle_target,acc,replace,0.05,prevalence_error,5,0.0002817770497801698,0.009578726015084691,-0.011611782191808296,0.012175336291368636
P2,datum_transformer,oracle_target,acc,replace,0.05,false_positive_share,5,0.6331881520532293,0.01725609744465309,0.6117618771067076,0.654614426999751
P2,datum_transformer,oracle_target,acc,replace,0.05,prevalence_decision_error,5,0.004,0.005477225575051661,-0.0028008738065825566,0.010800873806582557
P2,datum_transformer,oracle_target,acc,replace,0.05,decision_regret,5,0.00020641251558109323,0.00013881322882515476,3.4053126874477566e-05,0.0003787719042877089
P2,datum_transformer,oracle_target,acc,replace,0.1,prevalence_absolute_error,5,0.014293616523123543,0.0006558125427922994,0.01347931769916788,0.015107915347079207
P2,datum_transformer,oracle_target,acc,replace,0.1,prevalence_error,5,-0.0006009989746784082,0.008725861069307155,-0.011435586517764903,0.010233588568408088
P2,datum_transformer,oracle_target,acc,replace,0.1,false_positive_share,5,0.4500426201611008,0.0181090181142746,0.4275573043257862,0.4725279359964154
P2,datum_transformer,oracle_target,acc,replace,0.1,prevalence_decision_error,5,0.514,0.20791825316695983,0.2558353904731702,0.7721646095268297
P2,datum_transformer,oracle_target,acc,replace,0.1,decision_regret,5,0.000553494576146292,0.0004986197754383883,-6.562364780800017e-05,0.0011726128001005843
P2,datum_transformer,oracle_target,cc,replace,0.05,prevalence_absolute_error,5,0.023055999999999945,0.00388759308570226,0.01822891562581757,0.02788308437418232
P2,datum_transformer,oracle_target,cc,replace,0.05,prevalence_error,5,0.023055999999999945,0.00388759308570226,0.01822891562581757,0.02788308437418232
P2,datum_transformer,oracle_target,cc,replace,0.05,false_positive_share,5,0.6331881520532293,0.01725609744465309,0.6117618771067076,0.654614426999751
P2,datum_transformer,oracle_target,cc,replace,0.05,prevalence_decision_error,5,0.004,0.005477225575051661,-0.0028008738065825566,0.010800873806582557
P2,datum_transformer,oracle_target,cc,replace,0.05,decision_regret,5,0.00020641251558109323,0.00013881322882515476,3.4053126874477566e-05,0.0003787719042877089
P2,datum_transformer,oracle_target,cc,replace,0.1,prevalence_absolute_error,5,0.007199999999999973,0.0005825804665451925,0.006476630808634055,0.007923369191365891
P2,datum_transformer,oracle_target,cc,replace,0.1,prevalence_error,5,-0.0030800000000000276,0.003770570248649381,-0.00776178133044618,0.001601781330446124
P2,datum_transformer,oracle_target,cc,replace,0.1,false_positive_share,5,0.4500426201611008,0.0181090181142746,0.4275573043257862,0.4725279359964154
P2,datum_transformer,oracle_target,cc,replace,0.1,prevalence_decision_error,5,0.6340000000000001,0.1956527536223296,0.3910650196777224,0.8769349803222779
P2,datum_transformer,oracle_target,cc,replace,0.1,decision_regret,5,0.00045841460539775204,0.0004555938515426493,-0.00010727987786574603,0.00102410908866125
P2,datum_transformer,oracle_target,dys,replace,0.05,prevalence_absolute_error,5,0.00988941743732744,0.0013335481180794264,0.008233598749235833,0.011545236125419045
P2,datum_transformer,oracle_target,dys,replace,0.05,prevalence_error,5,0.000455231965571167,0.007523740535793778,-0.008886725789550267,0.0097971897206926
P2,datum_transformer,oracle_target,dys,replace,0.05,false_positive_share,5,0.6331881520532293,0.01725609744465309,0.6117618771067076,0.654614426999751
P2,datum_transformer,oracle_target,dys,replace,0.05,prevalence_decision_error,5,0.0,0.0,0.0,0.0
P2,datum_transformer,oracle_target,dys,replace,0.05,decision_regret,5,0.00024251569117004525,8.459279343090951e-05,0.00013747986505939703,0.00034755151728069347
P2,datum_transformer,oracle_target,dys,replace,0.1,prevalence_absolute_error,5,0.011167961286370476,0.0007387495790149442,0.010250682530419433,0.01208524004232152
P2,datum_transformer,oracle_target,dys,replace,0.1,prevalence_error,5,0.00020102027854322098,0.007230107193809544,-0.008776343527164134,0.009178384084250577
P2,datum_transformer,oracle_target,dys,replace,0.1,false_positive_share,5,0.4500426201611008,0.0181090181142746,0.4275573043257862,0.4725279359964154
P2,datum_transformer,oracle_target,dys,replace,0.1,prevalence_decision_error,5,0.502,0.22873565528793277,0.21798717172342746,0.7860128282765726
P2,datum_transformer,oracle_target,dys,replace,0.1,decision_regret,5,0.00049782288639406,0.0004239721968286692,-2.8608126647458533e-05,0.0010242538994355787
P2,datum_transformer,oracle_target,emq,replace,0.05,prevalence_absolute_error,5,0.025012780953412823,0.014229128742945697,0.007344984067490769,0.04268057783933488
P2,datum_transformer,oracle_target,emq,replace,0.05,prevalence_error,5,-0.022931166248336448,0.017202433934761577,-0.044290809146608615,-0.001571523350064278
P2,datum_transformer,oracle_target,emq,replace,0.05,false_positive_share,5,0.6331881520532293,0.01725609744465309,0.6117618771067076,0.654614426999751
P2,datum_transformer,oracle_target,emq,replace,0.05,prevalence_decision_error,5,0.0,0.0,0.0,0.0
P2,datum_transformer,oracle_target,emq,replace,0.05,decision_regret,5,0.00024251569117004525,8.459279343090951e-05,0.00013747986505939703,0.00034755151728069347
P2,datum_transformer,oracle_target,emq,replace,0.1,prevalence_absolute_error,5,0.02084432352098392,0.012474007410286038,0.005355797606304778,0.03633284943566306
P2,datum_transformer,oracle_target,emq,replace,0.1,prevalence_error,5,-0.016831314244105774,0.0160851883275058,-0.036803713494697146,0.003141085006485595
P2,datum_transformer,oracle_target,emq,replace,0.1,false_positive_share,5,0.4500426201611008,0.0181090181142746,0.4275573043257862,0.4725279359964154
P2,datum_transformer,oracle_target,emq,replace,0.1,prevalence_decision_error,5,0.798,0.20029977533686852,0.5492949801159082,1.046705019884092
P2,datum_transformer,oracle_target,emq,replace,0.1,decision_regret,5,0.00043456806890297597,0.0002598934640561961,0.00011186771121593324,0.0007572684265900187
P2,datum_transformer,oracle_target,hdy,replace,0.05,prevalence_absolute_error,5,0.009414774583579082,0.0016527359141786683,0.007362631900405044,0.01146691726675312
P2,datum_transformer,oracle_target,hdy,replace,0.05,prevalence_error,5,0.0011271960484374112,0.0072265367416471295,-0.007845734455362565,0.010100126552237387
P2,datum_transformer,oracle_target,hdy,replace,0.05,false_positive_share,5,0.6331881520532293,0.01725609744465309,0.6117618771067076,0.654614426999751
P2,datum_transformer,oracle_target,hdy,replace,0.05,prevalence_decision_error,5,0.0,0.0,0.0,0.0
P2,datum_transformer,oracle_target,hdy,replace,0.05,decision_regret,5,0.00024251569117004525,8.459279343090951e-05,0.00013747986505939703,0.00034755151728069347
P2,datum_transformer,oracle_target,hdy,replace,0.1,prevalence_absolute_error,5,0.010710068843934497,0.000849381869182864,0.009655421956243115,0.011764715731625878
P2,datum_transformer,oracle_target,hdy,replace,0.1,prevalence_error,5,0.0009711933059443773,0.006578633459385578,-0.00719725901795338,0.009139645629842135
P2,datum_transformer,oracle_target,hdy,replace,0.1,false_positive_share,5,0.4500426201611008,0.0181090181142746,0.4275573043257862,0.4725279359964154
P2,datum_transformer,oracle_target,hdy,replace,0.1,prevalence_decision_error,5,0.466,0.22611943746613206,0.1852356352042165,0.7467643647957836
P2,datum_transformer,oracle_target,hdy,replace,0.1,decision_regret,5,0.000420154158992436,0.00034698501453275733,-1.0684641469098659e-05,0.0008509929594539706
P2,datum_transformer,oracle_target,kdey,replace,0.05,prevalence_absolute_error,5,0.03158756815265625,0.014946065491862705,0.013029576716614696,0.050145559588697805
P2,datum_transformer,oracle_target,kdey,replace,0.05,prevalence_error,5,-0.0313456808311226,0.015274062809087344,-0.050310934727469406,-0.012380426934775795
P2,datum_transformer,oracle_target,kdey,replace,0.05,false_positive_share,5,0.6331881520532293,0.01725609744465309,0.6117618771067076,0.654614426999751
P2,datum_transformer,oracle_target,kdey,replace,0.05,prevalence_decision_error,5,0.0,0.0,0.0,0.0
P2,datum_transformer,oracle_target,kdey,replace,0.05,decision_regret,5,0.00024251569117004525,8.459279343090951e-05,0.00013747986505939703,0.00034755151728069347
P2,datum_transformer,oracle_target,kdey,replace,0.1,prevalence_absolute_error,5,0.044558282166646465,0.03187566427154777,0.004979417421835594,0.08413714691145734
P2,datum_transformer,oracle_target,kdey,replace,0.1,prevalence_error,5,-0.044061950346656796,0.03243965197076821,-0.08434109831301946,-0.0037828023802941313
P2,datum_transformer,oracle_target,kdey,replace,0.1,false_positive_share,5,0.4500426201611008,0.0181090181142746,0.4275573043257862,0.4725279359964154
P2,datum_transformer,oracle_target,kdey,replace,0.1,prevalence_decision_error,5,0.966,0.06542170893518451,0.8847682193142159,1.047231780685784
P2,datum_transformer,oracle_target,kdey,replace,0.1,decision_regret,5,0.00039829758479400796,0.0002660836057291469,6.791115104788149e-05,0.0007286840185401344
P2,datum_transformer,oracle_target,median_sweep,replace,0.05,prevalence_absolute_error,5,0.011781305358092676,0.0031632000001140716,0.00785367379883289,0.01570893691735246
P2,datum_transformer,oracle_target,median_sweep,replace,0.05,prevalence_error,5,-0.0013989848461124538,0.00872111864812962,-0.012227683895558483,0.009429714203333576
P2,datum_transformer,oracle_target,median_sweep,replace,0.05,false_positive_share,5,0.6331881520532293,0.01725609744465309,0.6117618771067076,0.654614426999751
P2,datum_transformer,oracle_target,median_sweep,replace,0.05,prevalence_decision_error,5,0.0,0.0,0.0,0.0
P2,datum_transformer,oracle_target,median_sweep,replace,0.05,decision_regret,5,0.00024251569117004525,8.459279343090951e-05,0.00013747986505939703,0.00034755151728069347
P2,datum_transformer,oracle_target,median_sweep,replace,0.1,prevalence_absolute_error,5,0.012661395439324163,0.002604728137616847,0.009427198285736984,0.01589559259291134
P2,datum_transformer,oracle_target,median_sweep,replace,0.1,prevalence_error,5,-0.0021275577103608088,0.00823353566824839,-0.012350842527551406,0.008095727106829789
P2,datum_transformer,oracle_target,median_sweep,replace,0.1,false_positive_share,5,0.4500426201611008,0.0181090181142746,0.4275573043257862,0.4725279359964154
P2,datum_transformer,oracle_target,median_sweep,replace,0.1,prevalence_decision_error,5,0.5439999999999999,0.18132843130629017,0.31885101499621504,0.7691489850037848
P2,datum_transformer,oracle_target,median_sweep,replace,0.1,decision_regret,5,0.0005302178045619761,0.0005260865297630259,-0.00012300489938472622,0.0011834405085086783
P2,datum_transformer,oracle_target,pacc,replace,0.05,prevalence_absolute_error,5,0.012634717763394749,0.0038176597130515316,0.007894467140305748,0.01737496838648375
P2,datum_transformer,oracle_target,pacc,replace,0.05,prevalence_error,5,-0.001459153095810324,0.00956814396590188,-0.013339572987901272,0.010421266796280623
P2,datum_transformer,oracle_target,pacc,replace,0.05,false_positive_share,5,0.6331881520532293,0.01725609744465309,0.6117618771067076,0.654614426999751
P2,datum_transformer,oracle_target,pacc,replace,0.05,prevalence_decision_error,5,0.002,0.00447213595499958,-0.0035528902103955868,0.007552890210395587
P2,datum_transformer,oracle_target,pacc,replace,0.05,decision_regret,5,0.00024251569117004525,8.459279343090951e-05,0.00013747986505939703,0.00034755151728069347
P2,datum_transformer,oracle_target,pacc,replace,0.1,prevalence_absolute_error,5,0.013142268704493481,0.003016219954869938,0.009397136975867698,0.016887400433119266
P2,datum_transformer,oracle_target,pacc,replace,0.1,prevalence_error,5,-0.002328912843711832,0.00897221582225454,-0.013469390214319477,0.008811564526895813
P2,datum_transformer,oracle_target,pacc,replace,0.1,false_positive_share,5,0.4500426201611008,0.0181090181142746,0.4275573043257862,0.4725279359964154
P2,datum_transformer,oracle_target,pacc,replace,0.1,prevalence_decision_error,5,0.538,0.20092287077383697,0.28852130494437944,0.7874786950556206
P2,datum_transformer,oracle_target,pacc,replace,0.1,decision_regret,5,0.0005302178045619761,0.0005260865297630259,-0.00012300489938472622,0.0011834405085086783
P2,datum_transformer,oracle_target,pcc,replace,0.05,prevalence_absolute_error,5,0.31415529471027626,0.002376892844149758,0.31120399243810737,0.31710659698244514
P2,datum_transformer,oracle_target,pcc,replace,0.05,prevalence_error,5,0.31415529471027626,0.002376892844149758,0.31120399243810737,0.31710659698244514
P2,datum_transformer,oracle_target,pcc,replace,0.05,false_positive_share,5,0.6331881520532293,0.01725609744465309,0.6117618771067076,0.654614426999751
P2,datum_transformer,oracle_target,pcc,replace,0.05,prevalence_decision_error,5,1.0,0.0,1.0,1.0
P2,datum_transformer,oracle_target,pcc,replace,0.05,decision_regret,5,0.000453045760710477,0.0002378167412957973,0.00015775727487334708,0.0007483342465476069
P2,datum_transformer,oracle_target,pcc,replace,0.1,prevalence_absolute_error,5,0.2789424203171663,0.0024356989276096445,0.2759181006482899,0.2819667399860427
P2,datum_transformer,oracle_target,pcc,replace,0.1,prevalence_error,5,0.2789424203171663,0.0024356989276096445,0.2759181006482899,0.2819667399860427
P2,datum_transformer,oracle_target,pcc,replace,0.1,false_positive_share,5,0.4500426201611008,0.0181090181142746,0.4275573043257862,0.4725279359964154
P2,datum_transformer,oracle_target,pcc,replace,0.1,prevalence_decision_error,5,0.0,0.0,0.0,0.0
P2,datum_transformer,oracle_target,pcc,replace,0.1,decision_regret,5,0.000925601012274804,0.0004756391909152091,0.000335016952780622,0.001516185071768986
P2,datum_transformer,source_only,acc,replace,0.05,prevalence_absolute_error,5,0.015734406689314896,0.0055695586947033535,0.008818886172218994,0.0226499272064108
P2,datum_transformer,source_only,acc,replace,0.05,prevalence_error,5,-0.01327246545862339,0.008421178236069807,-0.023728739296808347,-0.0028161916204384307
P2,datum_transformer,source_only,acc,replace,0.05,false_positive_share,5,0.6387783862765304,0.012907333778435469,0.6227518146110477,0.6548049579420131
P2,datum_transformer,source_only,acc,replace,0.05,prevalence_decision_error,5,0.0,0.0,0.0,0.0
P2,datum_transformer,source_only,acc,replace,0.05,decision_regret,5,0.00023289406686124,8.279524657790426e-05,0.00013009018996305285,0.00033569794375942714
P2,datum_transformer,source_only,acc,replace,0.1,prevalence_absolute_error,5,0.02821351544076019,0.009201940532527946,0.016787797167908267,0.03963923371361211
P2,datum_transformer,source_only,acc,replace,0.1,prevalence_error,5,-0.0278095849037903,0.009672914416465943,-0.039820094492422235,-0.015799075315158367
P2,datum_transformer,source_only,acc,replace,0.1,false_positive_share,5,0.4559412856376615,0.013796519364375441,0.43881064424239546,0.47307192703292755
P2,datum_transformer,source_only,acc,replace,0.1,prevalence_decision_error,5,0.9620000000000001,0.054037024344425186,0.894904172301467,1.0290958276985331
P2,datum_transformer,source_only,acc,replace,0.1,decision_regret,5,0.00037628190875838,0.00026225482453757327,5.0649534774830154e-05,0.0007019142827419298
P2,datum_transformer,source_only,cc,replace,0.05,prevalence_absolute_error,5,0.024163999999999942,0.0051167890321958745,0.017810667272318444,0.03051733272768144
P2,datum_transformer,source_only,cc,replace,0.05,prevalence_error,5,0.024163999999999942,0.0051167890321958745,0.017810667272318444,0.03051733272768144
P2,datum_transformer,source_only,cc,replace,0.05,false_positive_share,5,0.6387783862765304,0.012907333778435469,0.6227518146110477,0.6548049579420131
P2,datum_transformer,source_only,cc,replace,0.05,prevalence_decision_error,5,0.006,0.00894427190999916,-0.0051057804207911735,0.017105780420791174
P2,datum_transformer,source_only,cc,replace,0.05,decision_regret,5,0.000196923379990044,0.00013451495970361938,2.9900997306229755e-05,0.00036394576267385827
P2,datum_transformer,source_only,cc,replace,0.1,prevalence_absolute_error,5,0.007357999999999969,0.000678726749141357,0.006515249430973268,0.00820075056902667
P2,datum_transformer,source_only,cc,replace,0.1,prevalence_error,5,-0.001982000000000031,0.0049209216616402035,-0.008092131265239716,0.004128131265239655
P2,datum_transformer,source_only,cc,replace,0.1,false_positive_share,5,0.4559412856376615,0.013796519364375441,0.43881064424239546,0.47307192703292755
P2,datum_transformer,source_only,cc,replace,0.1,prevalence_decision_error,5,0.572,0.24283739415501887,0.27047755026009584,0.8735224497399041
P2,datum_transformer,source_only,cc,replace,0.1,decision_regret,5,0.000255215574715176,0.00023112068166365372,-3.175865494689566e-05,0.0005421898043772476
P2,datum_transformer,source_only,dys,replace,0.05,prevalence_absolute_error,5,0.01288588190907683,0.0032441268298181824,0.008857766418884683,0.016913997399268976
P2,datum_transformer,source_only,dys,replace,0.05,prevalence_error,5,-0.01194286325439244,0.004481295213360369,-0.017507126186144865,-0.006378600322640013
P2,datum_transformer,source_only,dys,replace,0.05,false_positive_share,5,0.6387783862765304,0.012907333778435469,0.6227518146110477,0.6548049579420131
P2,datum_transformer,source_only,dys,replace,0.05,prevalence_decision_error,5,0.0,0.0,0.0,0.0
P2,datum_transformer,source_only,dys,replace,0.05,decision_regret,5,0.00023289406686124,8.279524657790426e-05,0.00013009018996305285,0.00033569794375942714
P2,datum_transformer,source_only,dys,replace,0.1,prevalence_absolute_error,5,0.02486463858016525,0.0050748709833950125,0.01856335398455473,0.03116592317577577
P2,datum_transformer,source_only,dys,replace,0.1,prevalence_error,5,-0.024723781267947203,0.005236748004711298,-0.031226062733062616,-0.01822149980283179
P2,datum_transformer,source_only,dys,replace,0.1,false_positive_share,5,0.4559412856376615,0.013796519364375441,0.43881064424239546,0.47307192703292755
P2,datum_transformer,source_only,dys,replace,0.1,prevalence_decision_error,5,0.9800000000000001,0.02915475947422648,0.9437995847845629,1.0162004152154371
P2,datum_transformer,source_only,dys,replace,0.1,decision_regret,5,0.00037628190875838,0.00026225482453757327,5.0649534774830154e-05,0.0007019142827419298
P2,datum_transformer,source_only,emq,replace,0.05,prevalence_absolute_error,5,0.020639673367746688,0.009017364634524272,0.009443136342382056,0.03183621039311132
P2,datum_transformer,source_only,emq,replace,0.05,prevalence_error,5,-0.020315250449166305,0.009414669436105177,-0.03200510654296743,-0.008625394355365175
P2,datum_transformer,source_only,emq,replace,0.05,false_positive_share,5,0.6387783862765304,0.012907333778435469,0.6227518146110477,0.6548049579420131
P2,datum_transformer,source_only,emq,replace,0.05,prevalence_decision_error,5,0.0,0.0,0.0,0.0
P2,datum_transformer,source_only,emq,replace,0.05,decision_regret,5,0.00023289406686124,8.279524657790426e-05,0.00013009018996305285,0.00033569794375942714
P2,datum_transformer,source_only,emq,replace,0.1,prevalence_absolute_error,5,0.030760844924377084,0.010126200643200557,0.018187506147127153,0.04333418370162702
P2,datum_transformer,source_only,emq,replace,0.1,prevalence_error,5,-0.03065657704061487,0.010237903950139756,-0.04336861379257151,-0.01794454028865823
P2,datum_transformer,source_only,emq,replace,0.1,false_positive_share,5,0.4559412856376615,0.013796519364375441,0.43881064424239546,0.47307192703292755
P2,datum_transformer,source_only,emq,replace,0.1,prevalence_decision_error,5,0.99,0.01732050807568879,0.9684937486918197,1.0115062513081803
P2,datum_transformer,source_only,emq,replace,0.1,decision_regret,5,0.00037628190875838,0.00026225482453757327,5.0649534774830154e-05,0.0007019142827419298
P2,datum_transformer,source_only,hdy,replace,0.05,prevalence_absolute_error,5,0.012693926032155148,0.003591193936225824,0.008234869810975877,0.01715298225333442
P2,datum_transformer,source_only,hdy,replace,0.05,prevalence_error,5,-0.012056716680306995,0.004355617652247011,-0.017464930309042913,-0.006648503051571079
P2,datum_transformer,source_only,hdy,replace,0.05,false_positive_share,5,0.6387783862765304,0.012907333778435469,0.6227518146110477,0.6548049579420131
P2,datum_transformer,source_only,hdy,replace,0.05,prevalence_decision_error,5,0.0,0.0,0.0,0.0
P2,datum_transformer,source_only,hdy,replace,0.05,decision_regret,5,0.00023289406686124,8.279524657790426e-05,0.00013009018996305285,0.00033569794375942714
P2,datum_transformer,source_only,hdy,replace,0.1,prevalence_absolute_error,5,0.02524634969192846,0.005838655179428189,0.01799670175770654,0.03249599762615038
P2,datum_transformer,source_only,hdy,replace,0.1,prevalence_error,5,-0.025090446969013157,0.006025663820755854,-0.03257229680052464,-0.017608597137501673
P2,datum_transformer,source_only,hdy,replace,0.1,false_positive_share,5,0.4559412856376615,0.013796519364375441,0.43881064424239546,0.47307192703292755
P2,datum_transformer,source_only,hdy,replace,0.1,prevalence_decision_error,5,0.9860000000000001,0.020736441353327736,0.9602523073207093,1.011747692679291
P2,datum_transformer,source_only,hdy,replace,0.1,decision_regret,5,0.00037628190875838,0.00026225482453757327,5.0649534774830154e-05,0.0007019142827419298
P2,datum_transformer,source_only,kdey,replace,0.05,prevalence_absolute_error,5,0.03132461471962482,0.01223250237823116,0.016135956908633266,0.04651327253061637
P2,datum_transformer,source_only,kdey,replace,0.05,prevalence_error,5,-0.0312778429573108,0.012291454092733042,-0.04653969898983173,-0.016015986924789873
P2,datum_transformer,source_only,kdey,replace,0.05,false_positive_share,5,0.6387783862765304,0.012907333778435469,0.6227518146110477,0.6548049579420131
P2,datum_transformer,source_only,kdey,replace,0.05,prevalence_decision_error,5,0.0,0.0,0.0,0.0
P2,datum_transformer,source_only,kdey,replace,0.05,decision_regret,5,0.00023289406686124,8.279524657790426e-05,0.00013009018996305285,0.00033569794375942714
P2,datum_transformer,source_only,kdey,replace,0.1,prevalence_absolute_error,5,0.0509321809200046,0.02099413504081347,0.0248645192663984,0.0769998425736108
P2,datum_transformer,source_only,kdey,replace,0.1,prevalence_error,5,-0.0509321809200046,0.02099413504081347,-0.0769998425736108,-0.0248645192663984
P2,datum_transformer,source_only,kdey,replace,0.1,false_positive_share,5,0.4559412856376615,0.013796519364375441,0.43881064424239546,0.47307192703292755
P2,datum_transformer,source_only,kdey,replace,0.1,prevalence_decision_error,5,1.0,0.0,1.0,1.0
P2,datum_transformer,source_only,kdey,replace,0.1,decision_regret,5,0.00037628190875838,0.00026225482453757327,5.0649534774830154e-05,0.0007019142827419298
P2,datum_transformer,source_only,median_sweep,replace,0.05,prevalence_absolute_error,5,0.015579057708891429,0.006123812399122976,0.007975340321146608,0.02318277509663625
P2,datum_transformer,source_only,median_sweep,replace,0.05,prevalence_error,5,-0.01470164225157298,0.0069903155355442136,-0.023381265388142697,-0.006022019115003266
P2,datum_transformer,source_only,median_sweep,replace,0.05,false_positive_share,5,0.6387783862765304,0.012907333778435469,0.6227518146110477,0.6548049579420131
P2,datum_transformer,source_only,median_sweep,replace,0.05,prevalence_decision_error,5,0.0,0.0,0.0,0.0
P2,datum_transformer,source_only,median_sweep,replace,0.05,decision_regret,5,0.00023289406686124,8.279524657790426e-05,0.00013009018996305285,0.00033569794375942714
P2,datum_transformer,source_only,median_sweep,replace,0.1,prevalence_absolute_error,5,0.029142729715258366,0.009606287004444006,0.01721494898542756,0.04107051044508917
P2,datum_transformer,source_only,median_sweep,replace,0.1,prevalence_error,5,-0.029009453794697115,0.00973244790049044,-0.0410938839671299,-0.016925023622264328
P2,datum_transformer,source_only,median_sweep,replace,0.1,false_positive_share,5,0.4559412856376615,0.013796519364375441,0.43881064424239546,0.47307192703292755
P2,datum_transformer,source_only,median_sweep,replace,0.1,prevalence_decision_error,5,0.984,0.016733200530681527,0.9632229873263286,1.0047770126736713
P2,datum_transformer,source_only,median_sweep,replace,0.1,decision_regret,5,0.00037628190875838,0.00026225482453757327,5.0649534774830154e-05,0.0007019142827419298
P2,datum_transformer,source_only,pacc,replace,0.05,prevalence_absolute_error,5,0.016109291697243684,0.007269276858242449,0.007083292329388268,0.0251352910650991
P2,datum_transformer,source_only,pacc,replace,0.05,prevalence_error,5,-0.015131882035668592,0.008220084731535146,-0.025338465309000236,-0.004925298762336949
P2,datum_transformer,source_only,pacc,replace,0.05,false_positive_share,5,0.6387783862765304,0.012907333778435469,0.6227518146110477,0.6548049579420131
P2,datum_transformer,source_only,pacc,replace,0.05,prevalence_decision_error,5,0.0,0.0,0.0,0.0
P2,datum_transformer,source_only,pacc,replace,0.05,decision_regret,5,0.00023289406686124,8.279524657790426e-05,0.00013009018996305285,0.00033569794375942714
P2,datum_transformer,source_only,pacc,replace,0.1,prevalence_absolute_error,5,0.029820960323218865,0.01073817385973234,0.01648775643513646,0.04315416421130127
P2,datum_transformer,source_only,pacc,replace,0.1,prevalence_error,5,-0.029658550539144474,0.010885758590944188,-0.043175005074657206,-0.016142096003631742
P2,datum_transformer,source_only,pacc,replace,0.1,false_positive_share,5,0.4559412856376615,0.013796519364375441,0.43881064424239546,0.47307192703292755
P2,datum_transformer,source_only,pacc,replace,0.1,prevalence_decision_error,5,0.9880000000000001,0.016431676725154998,0.9675973785802524,1.0084026214197477
P2,datum_transformer,source_only,pacc,replace,0.1,decision_regret,5,0.00037628190875838,0.00026225482453757327,5.0649534774830154e-05,0.0007019142827419298
P2,datum_transformer,source_only,pcc,replace,0.05,prevalence_absolute_error,5,0.20474726879355062,0.045905058033685164,0.14774861089766927,0.261745926689432
P2,datum_transformer,source_only,pcc,replace,0.05,prevalence_error,5,0.20474726879355062,0.045905058033685164,0.14774861089766927,0.261745926689432
P2,datum_transformer,source_only,pcc,replace,0.05,false_positive_share,5,0.6387783862765304,0.012907333778435469,0.6227518146110477,0.6548049579420131
P2,datum_transformer,source_only,pcc,replace,0.05,prevalence_decision_error,5,1.0,0.0,1.0,1.0
P2,datum_transformer,source_only,pcc,replace,0.05,decision_regret,5,0.0004974927976356769,0.00025651059103234074,0.00017899283159285008,0.0008159927636785037
P2,datum_transformer,source_only,pcc,replace,0.1,prevalence_absolute_error,5,0.1731049245007918,0.044679384113206655,0.11762814178550587,0.2285817072160777
P2,datum_transformer,source_only,pcc,replace,0.1,prevalence_error,5,0.1731049245007918,0.044679384113206655,0.11762814178550587,0.2285817072160777
P2,datum_transformer,source_only,pcc,replace,0.1,false_positive_share,5,0.4559412856376615,0.013796519364375441,0.43881064424239546,0.47307192703292755
P2,datum_transformer,source_only,pcc,replace,0.1,prevalence_decision_error,5,0.0,0.0,0.0,0.0
P2,datum_transformer,source_only,pcc,replace,0.1,decision_regret,5,0.000850259289052468,0.0005586941645071303,0.00015654885897743297,0.0015439697191275028
P2,datum_transformer,target_real_anchor,acc,replace,0.05,prevalence_absolute_error,5,0.01496962547326261,0.006122213373594672,0.007367893537948494,0.022571357408576725
P2,datum_transformer,target_real_anchor,acc,replace,0.05,prevalence_error,5,-0.012474877293615407,0.008672483648101113,-0.0232431880144734,-0.001706566572757414
P2,datum_transformer,target_real_anchor,acc,replace,0.05,false_positive_share,5,0.6385888865456709,0.03537996604624817,0.594658856448373,0.6825189166429688
P2,datum_transformer,target_real_anchor,acc,replace,0.05,prevalence_decision_error,5,0.0,0.0,0.0,0.0
P2,datum_transformer,target_real_anchor,acc,replace,0.05,decision_regret,5,0.00037086275700390684,0.00017055259041210945,0.00015909374568879805,0.0005826317683190156
P2,datum_transformer,target_real_anchor,acc,replace,0.1,prevalence_absolute_error,5,0.0277709330236141,0.010595579989686901,0.014614782810331666,0.04092708323689653
P2,datum_transformer,target_real_anchor,acc,replace,0.1,prevalence_error,5,-0.027329464373084374,0.0110545086657207,-0.0410554498011413,-0.01360347894502745
P2,datum_transformer,target_real_anchor,acc,replace,0.1,false_positive_share,5,0.4564969904024118,0.038883571374032214,0.40821665970568954,0.5047773210991341
P2,datum_transformer,target_real_anchor,acc,replace,0.1,prevalence_decision_error,5,0.958,0.0535723809439155,0.8914811032838827,1.0245188967161172
P2,datum_transformer,target_real_anchor,acc,replace,0.1,decision_regret,5,0.00040600120715762397,0.00028985294843483973,4.6101236312871396e-05,0.0007659011780023765
P2,datum_transformer,target_real_anchor,cc,replace,0.05,prevalence_absolute_error,5,0.02470399999999994,0.007329169802917657,0.01560363371899491,0.03380436628100497
P2,datum_transformer,target_real_anchor,cc,replace,0.05,prevalence_error,5,0.02470399999999994,0.007329169802917657,0.01560363371899491,0.03380436628100497
P2,datum_transformer,target_real_anchor,cc,replace,0.05,false_positive_share,5,0.6385888865456709,0.03537996604624817,0.594658856448373,0.6825189166429688
P2,datum_transformer,target_real_anchor,cc,replace,0.05,prevalence_decision_error,5,0.012,0.013038404810405297,-0.00418931784708703,0.02818931784708703
P2,datum_transformer,target_real_anchor,cc,replace,0.05,decision_regret,5,0.00033403089346729085,0.00023035343702967442,4.800932384504633e-05,0.0006200524630895353
P2,datum_transformer,target_real_anchor,cc,replace,0.1,prevalence_absolute_error,5,0.008247999999999967,0.0014233130365453863,0.006480723444347483,0.010015276555652451
P2,datum_transformer,target_real_anchor,cc,replace,0.1,prevalence_error,5,-0.0016360000000000343,0.006895395565157928,-0.010197764426630531,0.006925764426630462
P2,datum_transformer,target_real_anchor,cc,replace,0.1,false_positive_share,5,0.4564969904024118,0.038883571374032214,0.40821665970568954,0.5047773210991341
P2,datum_transformer,target_real_anchor,cc,replace,0.1,prevalence_decision_error,5,0.55,0.29266021253323793,0.18661435039081653,0.9133856496091836
P2,datum_transformer,target_real_anchor,cc,replace,0.1,decision_regret,5,0.00047773294703690487,0.00015750805070532798,0.00028216087104884617,0.0006733050230249636
P2,datum_transformer,target_real_anchor,dys,replace,0.05,prevalence_absolute_error,5,0.01288588190907683,0.0032441268298181824,0.008857766418884683,0.016913997399268976
P2,datum_transformer,target_real_anchor,dys,replace,0.05,prevalence_error,5,-0.01194286325439244,0.004481295213360369,-0.017507126186144865,-0.006378600322640013
P2,datum_transformer,target_real_anchor,dys,replace,0.05,false_positive_share,5,0.6385888865456709,0.03537996604624817,0.594658856448373,0.6825189166429688
P2,datum_transformer,target_real_anchor,dys,replace,0.05,prevalence_decision_error,5,0.0,0.0,0.0,0.0
P2,datum_transformer,target_real_anchor,dys,replace,0.05,decision_regret,5,0.00037086275700390684,0.00017055259041210945,0.00015909374568879805,0.0005826317683190156
P2,datum_transformer,target_real_anchor,dys,replace,0.1,prevalence_absolute_error,5,0.02486463858016525,0.0050748709833950125,0.01856335398455473,0.03116592317577577
P2,datum_transformer,target_real_anchor,dys,replace,0.1,prevalence_error,5,-0.024723781267947203,0.005236748004711298,-0.031226062733062616,-0.01822149980283179
P2,datum_transformer,target_real_anchor,dys,replace,0.1,false_positive_share,5,0.4564969904024118,0.038883571374032214,0.40821665970568954,0.5047773210991341
P2,datum_transformer,target_real_anchor,dys,replace,0.1,prevalence_decision_error,5,0.9800000000000001,0.02915475947422648,0.9437995847845629,1.0162004152154371
P2,datum_transformer,target_real_anchor,dys,replace,0.1,decision_regret,5,0.00040600120715762397,0.00028985294843483973,4.6101236312871396e-05,0.0007659011780023765
P2,datum_transformer,target_real_anchor,emq,replace,0.05,prevalence_absolute_error,5,0.020639673367746688,0.009017364634524272,0.009443136342382056,0.03183621039311132
P2,datum_transformer,target_real_anchor,emq,replace,0.05,prevalence_error,5,-0.020315250449166305,0.009414669436105177,-0.03200510654296743,-0.008625394355365175
P2,datum_transformer,target_real_anchor,emq,replace,0.05,false_positive_share,5,0.6385888865456709,0.03537996604624817,0.594658856448373,0.6825189166429688
P2,datum_transformer,target_real_anchor,emq,replace,0.05,prevalence_decision_error,5,0.0,0.0,0.0,0.0
P2,datum_transformer,target_real_anchor,emq,replace,0.05,decision_regret,5,0.00037086275700390684,0.00017055259041210945,0.00015909374568879805,0.0005826317683190156
P2,datum_transformer,target_real_anchor,emq,replace,0.1,prevalence_absolute_error,5,0.030760844924377084,0.010126200643200557,0.018187506147127153,0.04333418370162702
P2,datum_transformer,target_real_anchor,emq,replace,0.1,prevalence_error,5,-0.03065657704061487,0.010237903950139756,-0.04336861379257151,-0.01794454028865823
P2,datum_transformer,target_real_anchor,emq,replace,0.1,false_positive_share,5,0.4564969904024118,0.038883571374032214,0.40821665970568954,0.5047773210991341
P2,datum_transformer,target_real_anchor,emq,replace,0.1,prevalence_decision_error,5,0.99,0.01732050807568879,0.9684937486918197,1.0115062513081803
P2,datum_transformer,target_real_anchor,emq,replace,0.1,decision_regret,5,0.00040600120715762397,0.00028985294843483973,4.6101236312871396e-05,0.0007659011780023765
P2,datum_transformer,target_real_anchor,hdy,replace,0.05,prevalence_absolute_error,5,0.012693926032155148,0.003591193936225824,0.008234869810975877,0.01715298225333442
P2,datum_transformer,target_real_anchor,hdy,replace,0.05,prevalence_error,5,-0.012056716680306995,0.004355617652247011,-0.017464930309042913,-0.006648503051571079
P2,datum_transformer,target_real_anchor,hdy,replace,0.05,false_positive_share,5,0.6385888865456709,0.03537996604624817,0.594658856448373,0.6825189166429688
P2,datum_transformer,target_real_anchor,hdy,replace,0.05,prevalence_decision_error,5,0.0,0.0,0.0,0.0
P2,datum_transformer,target_real_anchor,hdy,replace,0.05,decision_regret,5,0.00037086275700390684,0.00017055259041210945,0.00015909374568879805,0.0005826317683190156
P2,datum_transformer,target_real_anchor,hdy,replace,0.1,prevalence_absolute_error,5,0.02524634969192846,0.005838655179428189,0.01799670175770654,0.03249599762615038
P2,datum_transformer,target_real_anchor,hdy,replace,0.1,prevalence_error,5,-0.025090446969013157,0.006025663820755854,-0.03257229680052464,-0.017608597137501673
P2,datum_transformer,target_real_anchor,hdy,replace,0.1,false_positive_share,5,0.4564969904024118,0.038883571374032214,0.40821665970568954,0.5047773210991341
P2,datum_transformer,target_real_anchor,hdy,replace,0.1,prevalence_decision_error,5,0.9860000000000001,0.020736441353327736,0.9602523073207093,1.011747692679291
P2,datum_transformer,target_real_anchor,hdy,replace,0.1,decision_regret,5,0.00040600120715762397,0.00028985294843483973,4.6101236312871396e-05,0.0007659011780023765
P2,datum_transformer,target_real_anchor,kdey,replace,0.05,prevalence_absolute_error,5,0.03132461471962482,0.01223250237823116,0.016135956908633266,0.04651327253061637
P2,datum_transformer,target_real_anchor,kdey,replace,0.05,prevalence_error,5,-0.0312778429573108,0.012291454092733042,-0.04653969898983173,-0.016015986924789873
P2,datum_transformer,target_real_anchor,kdey,replace,0.05,false_positive_share,5,0.6385888865456709,0.03537996604624817,0.594658856448373,0.6825189166429688
P2,datum_transformer,target_real_anchor,kdey,replace,0.05,prevalence_decision_error,5,0.0,0.0,0.0,0.0
P2,datum_transformer,target_real_anchor,kdey,replace,0.05,decision_regret,5,0.00037086275700390684,0.00017055259041210945,0.00015909374568879805,0.0005826317683190156
P2,datum_transformer,target_real_anchor,kdey,replace,0.1,prevalence_absolute_error,5,0.0509321809200046,0.02099413504081347,0.0248645192663984,0.0769998425736108
P2,datum_transformer,target_real_anchor,kdey,replace,0.1,prevalence_error,5,-0.0509321809200046,0.02099413504081347,-0.0769998425736108,-0.0248645192663984
P2,datum_transformer,target_real_anchor,kdey,replace,0.1,false_positive_share,5,0.4564969904024118,0.038883571374032214,0.40821665970568954,0.5047773210991341
P2,datum_transformer,target_real_anchor,kdey,replace,0.1,prevalence_decision_error,5,1.0,0.0,1.0,1.0
P2,datum_transformer,target_real_anchor,kdey,replace,0.1,decision_regret,5,0.00040600120715762397,0.00028985294843483973,4.6101236312871396e-05,0.0007659011780023765
P2,datum_transformer,target_real_anchor,median_sweep,replace,0.05,prevalence_absolute_error,5,0.015579057708891429,0.006123812399122976,0.007975340321146608,0.02318277509663625
P2,datum_transformer,target_real_anchor,median_sweep,replace,0.05,prevalence_error,5,-0.01470164225157298,0.0069903155355442136,-0.023381265388142697,-0.006022019115003266
P2,datum_transformer,target_real_anchor,median_sweep,replace,0.05,false_positive_share,5,0.6385888865456709,0.03537996604624817,0.594658856448373,0.6825189166429688
P2,datum_transformer,target_real_anchor,median_sweep,replace,0.05,prevalence_decision_error,5,0.0,0.0,0.0,0.0
P2,datum_transformer,target_real_anchor,median_sweep,replace,0.05,decision_regret,5,0.00037086275700390684,0.00017055259041210945,0.00015909374568879805,0.0005826317683190156
P2,datum_transformer,target_real_anchor,median_sweep,replace,0.1,prevalence_absolute_error,5,0.029142729715258366,0.009606287004444006,0.01721494898542756,0.04107051044508917
P2,datum_transformer,target_real_anchor,median_sweep,replace,0.1,prevalence_error,5,-0.029009453794697115,0.00973244790049044,-0.0410938839671299,-0.016925023622264328
P2,datum_transformer,target_real_anchor,median_sweep,replace,0.1,false_positive_share,5,0.4564969904024118,0.038883571374032214,0.40821665970568954,0.5047773210991341
P2,datum_transformer,target_real_anchor,median_sweep,replace,0.1,prevalence_decision_error,5,0.984,0.016733200530681527,0.9632229873263286,1.0047770126736713
P2,datum_transformer,target_real_anchor,median_sweep,replace,0.1,decision_regret,5,0.00040600120715762397,0.00028985294843483973,4.6101236312871396e-05,0.0007659011780023765
P2,datum_transformer,target_real_anchor,pacc,replace,0.05,prevalence_absolute_error,5,0.016109291697243684,0.007269276858242449,0.007083292329388268,0.0251352910650991
P2,datum_transformer,target_real_anchor,pacc,replace,0.05,prevalence_error,5,-0.015131882035668592,0.008220084731535146,-0.025338465309000236,-0.004925298762336949
P2,datum_transformer,target_real_anchor,pacc,replace,0.05,false_positive_share,5,0.6385888865456709,0.03537996604624817,0.594658856448373,0.6825189166429688
P2,datum_transformer,target_real_anchor,pacc,replace,0.05,prevalence_decision_error,5,0.0,0.0,0.0,0.0
P2,datum_transformer,target_real_anchor,pacc,replace,0.05,decision_regret,5,0.00037086275700390684,0.00017055259041210945,0.00015909374568879805,0.0005826317683190156
P2,datum_transformer,target_real_anchor,pacc,replace,0.1,prevalence_absolute_error,5,0.029820960323218865,0.01073817385973234,0.01648775643513646,0.04315416421130127
P2,datum_transformer,target_real_anchor,pacc,replace,0.1,prevalence_error,5,-0.029658550539144474,0.010885758590944188,-0.043175005074657206,-0.016142096003631742
P2,datum_transformer,target_real_anchor,pacc,replace,0.1,false_positive_share,5,0.4564969904024118,0.038883571374032214,0.40821665970568954,0.5047773210991341
P2,datum_transformer,target_real_anchor,pacc,replace,0.1,prevalence_decision_error,5,0.9880000000000001,0.016431676725154998,0.9675973785802524,1.0084026214197477
P2,datum_transformer,target_real_anchor,pacc,replace,0.1,decision_regret,5,0.00040600120715762397,0.00028985294843483973,4.6101236312871396e-05,0.0007659011780023765
P2,datum_transformer,target_real_anchor,pcc,replace,0.05,prevalence_absolute_error,5,0.20474726879355062,0.045905058033685164,0.14774861089766927,0.261745926689432
P2,datum_transformer,target_real_anchor,pcc,replace,0.05,prevalence_error,5,0.20474726879355062,0.045905058033685164,0.14774861089766927,0.261745926689432
P2,datum_transformer,target_real_anchor,pcc,replace,0.05,false_positive_share,5,0.6385888865456709,0.03537996604624817,0.594658856448373,0.6825189166429688
P2,datum_transformer,target_real_anchor,pcc,replace,0.05,prevalence_decision_error,5,1.0,0.0,1.0,1.0
P2,datum_transformer,target_real_anchor,pcc,replace,0.05,decision_regret,5,0.00045257286085772803,0.0002890097369172607,9.371987539722414e-05,0.0008114258463182319
P2,datum_transformer,target_real_anchor,pcc,replace,0.1,prevalence_absolute_error,5,0.1731049245007918,0.044679384113206655,0.11762814178550587,0.2285817072160777
P2,datum_transformer,target_real_anchor,pcc,replace,0.1,prevalence_error,5,0.1731049245007918,0.044679384113206655,0.11762814178550587,0.2285817072160777
P2,datum_transformer,target_real_anchor,pcc,replace,0.1,false_positive_share,5,0.4564969904024118,0.038883571374032214,0.40821665970568954,0.5047773210991341
P2,datum_transformer,target_real_anchor,pcc,replace,0.1,prevalence_decision_error,5,0.0,0.0,0.0,0.0
P2,datum_transformer,target_real_anchor,pcc,replace,0.1,decision_regret,5,0.000869749311334297,0.0006058919474920081,0.00011743509333190497,0.001622063529336689
P2,flat_transformer,oracle_target,acc,replace,0.05,prevalence_absolute_error,5,0.01445396212262067,0.003088507448162015,0.010619073616053716,0.01828885062918762
P2,flat_transformer,oracle_target,acc,replace,0.05,prevalence_error,5,-0.0060146384423722925,0.008759828127145548,-0.016891401658301625,0.00486212477355704
P2,flat_transformer,oracle_target,acc,replace,0.05,false_positive_share,5,0.653674195239694,0.0346232320189568,0.6106837745402994,0.6966646159390885
P2,flat_transformer,oracle_target,acc,replace,0.05,prevalence_decision_error,5,0.0,0.0,0.0,0.0
P2,flat_transformer,oracle_target,acc,replace,0.05,decision_regret,5,0.000341257593078164,0.0003924549098367329,-0.00014603953938441158,0.0008285547255407395
P2,flat_transformer,oracle_target,acc,replace,0.1,prevalence_absolute_error,5,0.016420827130637975,0.002207738620910666,0.013679557567609173,0.019162096693666777
P2,flat_transformer,oracle_target,acc,replace,0.1,prevalence_error,5,-0.006263676821509967,0.009899336160372075,-0.018555326137960654,0.006027972494940722
P2,flat_transformer,oracle_target,acc,replace,0.1,false_positive_share,5,0.47288040555249944,0.03813854304628642,0.42552514970798105,0.5202356613970178
P2,flat_transformer,oracle_target,acc,replace,0.1,prevalence_decision_error,5,0.64,0.2057911562725668,0.38447653010762906,0.895523469892371
P2,flat_transformer,oracle_target,acc,replace,0.1,decision_regret,5,0.00047724590044012974,0.00026660498681347575,0.00014621208657224764,0.0008082797143080119
P2,flat_transformer,oracle_target,cc,replace,0.05,prevalence_absolute_error,5,0.01910999999999994,0.0041907099637173645,0.013906546311138286,0.02431345368886159
P2,flat_transformer,oracle_target,cc,replace,0.05,prevalence_error,5,0.01906199999999994,0.004242354299206987,0.013794421399049666,0.024329578600950214
P2,flat_transformer,oracle_target,cc,replace,0.05,false_positive_share,5,0.653674195239694,0.0346232320189568,0.6106837745402994,0.6966646159390885
P2,flat_transformer,oracle_target,cc,replace,0.05,prevalence_decision_error,5,0.0,0.0,0.0,0.0
P2,flat_transformer,oracle_target,cc,replace,0.05,decision_regret,5,0.000341257593078164,0.0003924549098367329,-0.00014603953938441158,0.0008285547255407395
P2,flat_transformer,oracle_target,cc,replace,0.1,prevalence_absolute_error,5,0.010199999999999987,0.0030447577900384894,0.006419433868858739,0.013980566131141235
P2,flat_transformer,oracle_target,cc,replace,0.1,prevalence_error,5,-0.008432000000000014,0.004614517309535189,-0.014161680012337953,-0.0027023199876620744
P2,flat_transformer,oracle_target,cc,replace,0.1,false_positive_share,5,0.47288040555249944,0.03813854304628642,0.42552514970798105,0.5202356613970178
P2,flat_transformer,oracle_target,cc,replace,0.1,prevalence_decision_error,5,0.8019999999999999,0.1608415369237685,0.6022888541859952,1.0017111458140047
P2,flat_transformer,oracle_target,cc,replace,0.1,decision_regret,5,0.0005414016423932059,0.00041469326124785765,2.64919496040329e-05,0.0010563113351823787
P2,flat_transformer,oracle_target,dys,replace,0.05,prevalence_absolute_error,5,0.011283708256780862,0.002450986179362155,0.008240406957771881,0.014327009555789843
P2,flat_transformer,oracle_target,dys,replace,0.05,prevalence_error,5,-0.0028697892828706403,0.007945905854248573,-0.012735934515207617,0.006996355949466337
P2,flat_transformer,oracle_target,dys,replace,0.05,false_positive_share,5,0.653674195239694,0.0346232320189568,0.6106837745402994,0.6966646159390885
P2,flat_transformer,oracle_target,dys,replace,0.05,prevalence_decision_error,5,0.0,0.0,0.0,0.0
P2,flat_transformer,oracle_target,dys,replace,0.05,decision_regret,5,0.000341257593078164,0.0003924549098367329,-0.00014603953938441158,0.0008285547255407395
P2,flat_transformer,oracle_target,dys,replace,0.1,prevalence_absolute_error,5,0.013225956242848952,0.0021824547258913153,0.010516080782000042,0.01593583170369786
P2,flat_transformer,oracle_target,dys,replace,0.1,prevalence_error,5,-0.0029849440418897102,0.008746109042113988,-0.013844672763847057,0.007874784680067637
P2,flat_transformer,oracle_target,dys,replace,0.1,false_positive_share,5,0.47288040555249944,0.03813854304628642,0.42552514970798105,0.5202356613970178
P2,flat_transformer,oracle_target,dys,replace,0.1,prevalence_decision_error,5,0.584,0.23860008382228198,0.28773886594947207,0.8802611340505279
P2,flat_transformer,oracle_target,dys,replace,0.1,decision_regret,5,0.0003855227268576578,0.0003455213405234856,-4.349868228145762e-05,0.0008145441359967732
P2,flat_transformer,oracle_target,emq,replace,0.05,prevalence_absolute_error,5,0.04739060847625219,0.0020376771681681048,0.04486049809657606,0.049920718855928324
P2,flat_transformer,oracle_target,emq,replace,0.05,prevalence_error,5,-0.04739060847625219,0.0020376771681681048,-0.049920718855928324,-0.04486049809657606
P2,flat_transformer,oracle_target,emq,replace,0.05,false_positive_share,5,0.653674195239694,0.0346232320189568,0.6106837745402994,0.6966646159390885
P2,flat_transformer,oracle_target,emq,replace,0.05,prevalence_decision_error,5,0.0,0.0,0.0,0.0
P2,flat_transformer,oracle_target,emq,replace,0.05,decision_regret,5,0.000341257593078164,0.0003924549098367329,-0.00014603953938441158,0.0008285547255407395
P2,flat_transformer,oracle_target,emq,replace,0.1,prevalence_absolute_error,5,0.05321340443869823,0.018838664198056645,0.029822113329721105,0.07660469554767535
P2,flat_transformer,oracle_target,emq,replace,0.1,prevalence_error,5,-0.052593269148642964,0.01932494268199706,-0.07658835474423001,-0.028598183553055923
P2,flat_transformer,oracle_target,emq,replace,0.1,false_positive_share,5,0.47288040555249944,0.03813854304628642,0.42552514970798105,0.5202356613970178
P2,flat_transformer,oracle_target,emq,replace,0.1,prevalence_decision_error,5,0.976,0.025099800796022288,0.944834480989493,1.007165519010507
P2,flat_transformer,oracle_target,emq,replace,0.1,decision_regret,5,0.0004325597734534898,0.0003376965146955612,1.3254168837123134e-05,0.0008518653780698565
P2,flat_transformer,oracle_target,hdy,replace,0.05,prevalence_absolute_error,5,0.011144220664169507,0.0024539248219572823,0.008097270558446569,0.014191170769892446
P2,flat_transformer,oracle_target,hdy,replace,0.05,prevalence_error,5,-0.0025355510576311477,0.0077865943420296685,-0.012203884920746515,0.007132782805484219
P2,flat_transformer,oracle_target,hdy,replace,0.05,false_positive_share,5,0.653674195239694,0.0346232320189568,0.6106837745402994,0.6966646159390885
P2,flat_transformer,oracle_target,hdy,replace,0.05,prevalence_decision_error,5,0.0,0.0,0.0,0.0
P2,flat_transformer,oracle_target,hdy,replace,0.05,decision_regret,5,0.000341257593078164,0.0003924549098367329,-0.00014603953938441158,0.0008285547255407395
P2,flat_transformer,oracle_target,hdy,replace,0.1,prevalence_absolute_error,5,0.013052145366730735,0.0021330331852318727,0.010403634853654418,0.01570065587980705
P2,flat_transformer,oracle_target,hdy,replace,0.1,prevalence_error,5,-0.002533145544361297,0.008615533110029406,-0.01323074283241732,0.008164451743694724
P2,flat_transformer,oracle_target,hdy,replace,0.1,false_positive_share,5,0.47288040555249944,0.03813854304628642,0.42552514970798105,0.5202356613970178
P2,flat_transformer,oracle_target,hdy,replace,0.1,prevalence_decision_error,5,0.564,0.24694128856876083,0.2573818923141229,0.870618107685877
P2,flat_transformer,oracle_target,hdy,replace,0.1,decision_regret,5,0.0004070135283420098,0.00030274981634816506,3.109998091969186e-05,0.0007829270757643277
P2,flat_transformer,oracle_target,kdey,replace,0.05,prevalence_absolute_error,5,0.03456089923323511,0.012760173353656522,0.018717051369160822,0.050404747097309396
P2,flat_transformer,oracle_target,kdey,replace,0.05,prevalence_error,5,-0.03454277544354069,0.012783860082119564,-0.05041603426558276,-0.01866951662149861
P2,flat_transformer,oracle_target,kdey,replace,0.05,false_positive_share,5,0.653674195239694,0.0346232320189568,0.6106837745402994,0.6966646159390885
P2,flat_transformer,oracle_target,kdey,replace,0.05,prevalence_decision_error,5,0.0,0.0,0.0,0.0
P2,flat_transformer,oracle_target,kdey,replace,0.05,decision_regret,5,0.000341257593078164,0.0003924549098367329,-0.00014603953938441158,0.0008285547255407395
P2,flat_transformer,oracle_target,kdey,replace,0.1,prevalence_absolute_error,5,0.03960998827486985,0.022275300125211405,0.011951550060211046,0.06726842648952865
P2,flat_transformer,oracle_target,kdey,replace,0.1,prevalence_error,5,-0.03938754619079323,0.022512136502731383,-0.06734005560888358,-0.01143503677270288
P2,flat_transformer,oracle_target,kdey,replace,0.1,false_positive_share,5,0.47288040555249944,0.03813854304628642,0.42552514970798105,0.5202356613970178
P2,flat_transformer,oracle_target,kdey,replace,0.1,prevalence_decision_error,5,0.978,0.029495762407505233,0.9413761737190287,1.0146238262809713
P2,flat_transformer,oracle_target,kdey,replace,0.1,decision_regret,5,0.0004325597734534898,0.0003376965146955612,1.3254168837123134e-05,0.0008518653780698565
P2,flat_transformer,oracle_target,median_sweep,replace,0.05,prevalence_absolute_error,5,0.016658531492416244,0.0037739171054474597,0.011972594490376775,0.02134446849445571
P2,flat_transformer,oracle_target,median_sweep,replace,0.05,prevalence_error,5,-0.004347633000437353,0.010656772113323661,-0.017579763270613186,0.00888449726973848
P2,flat_transformer,oracle_target,median_sweep,replace,0.05,false_positive_share,5,0.653674195239694,0.0346232320189568,0.6106837745402994,0.6966646159390885
P2,flat_transformer,oracle_target,median_sweep,replace,0.05,prevalence_decision_error,5,0.004,0.005477225575051661,-0.0028008738065825566,0.010800873806582557
P2,flat_transformer,oracle_target,median_sweep,replace,0.05,decision_regret,5,0.000341257593078164,0.0003924549098367329,-0.00014603953938441158,0.0008285547255407395
P2,flat_transformer,oracle_target,median_sweep,replace,0.1,prevalence_absolute_error,5,0.018092623049228165,0.0030003296680505367,0.014367221717667163,0.021818024380789166
P2,flat_transformer,oracle_target,median_sweep,replace,0.1,prevalence_error,5,-0.00466710647980062,0.011294495275034616,-0.018691074640693625,0.009356861681092385
P2,flat_transformer,oracle_target,median_sweep,replace,0.1,false_positive_share,5,0.47288040555249944,0.03813854304628642,0.42552514970798105,0.5202356613970178
P2,flat_transformer,oracle_target,median_sweep,replace,0.1,prevalence_decision_error,5,0.592,0.20559669258040122,0.33671798867314884,0.8472820113268511
P2,flat_transformer,oracle_target,median_sweep,replace,0.1,decision_regret,5,0.00044103910604384585,0.00042024658080095056,-8.076594370492367e-05,0.0009628441557926154
P2,flat_transformer,oracle_target,pacc,replace,0.05,prevalence_absolute_error,5,0.02003399720017108,0.003937959921926085,0.015144374138746152,0.024923620261596006
P2,flat_transformer,oracle_target,pacc,replace,0.05,prevalence_error,5,-0.004885836308214086,0.013758732800251848,-0.021969559487192068,0.012197886870763893
P2,flat_transformer,oracle_target,pacc,replace,0.05,false_positive_share,5,0.653674195239694,0.0346232320189568,0.6106837745402994,0.6966646159390885
P2,flat_transformer,oracle_target,pacc,replace,0.05,prevalence_decision_error,5,0.006,0.00894427190999916,-0.0051057804207911735,0.017105780420791174
P2,flat_transformer,oracle_target,pacc,replace,0.05,decision_regret,5,0.000341257593078164,0.0003924549098367329,-0.00014603953938441158,0.0008285547255407395
P2,flat_transformer,oracle_target,pacc,replace,0.1,prevalence_absolute_error,5,0.021232612343757583,0.0035660109612089936,0.016804824916024377,0.02566039977149079
P2,flat_transformer,oracle_target,pacc,replace,0.1,prevalence_error,5,-0.005120542855220219,0.014073689043163333,-0.02259533586203091,0.01235425015159047
P2,flat_transformer,oracle_target,pacc,replace,0.1,false_positive_share,5,0.47288040555249944,0.03813854304628642,0.42552514970798105,0.5202356613970178
P2,flat_transformer,oracle_target,pacc,replace,0.1,prevalence_decision_error,5,0.586,0.24734591162984682,0.2788794864263294,0.8931205135736705
P2,flat_transformer,oracle_target,pacc,replace,0.1,decision_regret,5,0.0004969459388514938,0.0005877377489356185,-0.00023282686438718628,0.001226718742090174
P2,flat_transformer,oracle_target,pcc,replace,0.05,prevalence_absolute_error,5,0.3560804774279739,0.008546989957218165,0.34546798770508697,0.3666929671508608
P2,flat_transformer,oracle_target,pcc,replace,0.05,prevalence_error,5,0.3560804774279739,0.008546989957218165,0.34546798770508697,0.3666929671508608
P2,flat_transformer,oracle_target,pcc,replace,0.05,false_positive_share,5,0.653674195239694,0.0346232320189568,0.6106837745402994,0.6966646159390885
P2,flat_transformer,oracle_target,pcc,replace,0.05,prevalence_decision_error,5,1.0,0.0,1.0,1.0
P2,flat_transformer,oracle_target,pcc,replace,0.05,decision_regret,5,0.000593549404384576,0.0002660561124199388,0.0002631971080906847,0.0009239017006784674
P2,flat_transformer,oracle_target,pcc,replace,0.1,prevalence_absolute_error,5,0.31639624446313314,0.008163605584401467,0.30625978931344666,0.3265326996128196
P2,flat_transformer,oracle_target,pcc,replace,0.1,prevalence_error,5,0.31639624446313314,0.008163605584401467,0.30625978931344666,0.3265326996128196
P2,flat_transformer,oracle_target,pcc,replace,0.1,false_positive_share,5,0.47288040555249944,0.03813854304628642,0.42552514970798105,0.5202356613970178
P2,flat_transformer,oracle_target,pcc,replace,0.1,prevalence_decision_error,5,0.0,0.0,0.0,0.0
P2,flat_transformer,oracle_target,pcc,replace,0.1,decision_regret,5,0.000803978724227576,0.000515764198629404,0.00016357288722702987,0.001444384561228122
P2,flat_transformer,source_only,acc,replace,0.05,prevalence_absolute_error,5,0.02023483761321849,0.0053078371380472006,0.013644287330576377,0.0268253878958606
P2,flat_transformer,source_only,acc,replace,0.05,prevalence_error,5,-0.019957555296248236,0.005610216762300547,-0.02692355947211611,-0.012991551120380362
P2,flat_transformer,source_only,acc,replace,0.05,false_positive_share,5,0.6554163250800193,0.03368419172317137,0.6135918769087643,0.6972407732512744
P2,flat_transformer,source_only,acc,replace,0.05,prevalence_decision_error,5,0.0,0.0,0.0,0.0
P2,flat_transformer,source_only,acc,replace,0.05,decision_regret,5,0.00034128746498581197,0.00038602732046051505,-0.00013802876115307693,0.0008206036911247009
P2,flat_transformer,source_only,acc,replace,0.1,prevalence_absolute_error,5,0.035760450358851954,0.00572114311321813,0.0286567129265976,0.042864187791106304
P2,flat_transformer,source_only,acc,replace,0.1,prevalence_error,5,-0.03574310360891763,0.005726741260759396,-0.04285379205943061,-0.028632415158404652
P2,flat_transformer,source_only,acc,replace,0.1,false_positive_share,5,0.47475835635985797,0.037180318576488285,0.4285928933416858,0.5209238193780301
P2,flat_transformer,source_only,acc,replace,0.1,prevalence_decision_error,5,0.9960000000000001,0.005477225575051666,0.9891991261934175,1.0028008738065826
P2,flat_transformer,source_only,acc,replace,0.1,decision_regret,5,0.00042182073666534,0.0003473072247927906,-9.418140675929805e-06,0.0008530596140066099
P2,flat_transformer,source_only,cc,replace,0.05,prevalence_absolute_error,5,0.019465999999999938,0.004210264837275679,0.014238265728651497,0.02469373427134838
P2,flat_transformer,source_only,cc,replace,0.05,prevalence_error,5,0.01942999999999994,0.004244696691166519,0.014159512935283832,0.02470048706471605
P2,flat_transformer,source_only,cc,replace,0.05,false_positive_share,5,0.6554163250800193,0.03368419172317137,0.6135918769087643,0.6972407732512744
P2,flat_transformer,source_only,cc,replace,0.05,prevalence_decision_error,5,0.0,0.0,0.0,0.0
P2,flat_transformer,source_only,cc,replace,0.05,decision_regret,5,0.00034128746498581197,0.00038602732046051505,-0.00013802876115307693,0.0008206036911247009
P2,flat_transformer,source_only,cc,replace,0.1,prevalence_absolute_error,5,0.010005999999999984,0.0029010136159625436,0.006403915834760373,0.013608084165239594
P2,flat_transformer,source_only,cc,replace,0.1,prevalence_error,5,-0.008074000000000015,0.004639394357025481,-0.013834568946588256,-0.0023134310534117745
P2,flat_transformer,source_only,cc,replace,0.1,false_positive_share,5,0.47475835635985797,0.037180318576488285,0.4285928933416858,0.5209238193780301
P2,flat_transformer,source_only,cc,replace,0.1,prevalence_decision_error,5,0.796,0.1642558979154173,0.5920493650657936,0.9999506349342064
P2,flat_transformer,source_only,cc,replace,0.1,decision_regret,5,0.00052779324715886,0.0004229188176476676,2.670177122848479e-06,0.0010529163171948716
P2,flat_transformer,source_only,dys,replace,0.05,prevalence_absolute_error,5,0.0128329939927888,0.006455468331516353,0.004817471374000423,0.020848516611577175
P2,flat_transformer,source_only,dys,replace,0.05,prevalence_error,5,-0.012002628371079611,0.007021428224966585,-0.02072088301399238,-0.003284373728166843
P2,flat_transformer,source_only,dys,replace,0.05,false_positive_share,5,0.6554163250800193,0.03368419172317137,0.6135918769087643,0.6972407732512744
P2,flat_transformer,source_only,dys,replace,0.05,prevalence_decision_error,5,0.0,0.0,0.0,0.0
P2,flat_transformer,source_only,dys,replace,0.05,decision_regret,5,0.00034128746498581197,0.00038602732046051505,-0.00013802876115307693,0.0008206036911247009
P2,flat_transformer,source_only,dys,replace,0.1,prevalence_absolute_error,5,0.02528859100789942,0.007956797525580397,0.015408921979389447,0.035168260036409396
P2,flat_transformer,source_only,dys,replace,0.1,prevalence_error,5,-0.025220485070146886,0.007980549836823711,-0.03512964648840181,-0.01531132365189196
P2,flat_transformer,source_only,dys,replace,0.1,false_positive_share,5,0.47475835635985797,0.037180318576488285,0.4285928933416858,0.5209238193780301
P2,flat_transformer,source_only,dys,replace,0.1,prevalence_decision_error,5,0.986,0.015165750888103116,0.9671692331165156,1.0048307668834844
P2,flat_transformer,source_only,dys,replace,0.1,decision_regret,5,0.000346500900620136,0.0002299769887249427,6.094675330506165e-05,0.0006320550479352103
P2,flat_transformer,source_only,emq,replace,0.05,prevalence_absolute_error,5,0.03496602706528367,0.0082256843901085,0.02475249089749926,0.045179563233068085
P2,flat_transformer,source_only,emq,replace,0.05,prevalence_error,5,-0.03496602706528367,0.0082256843901085,-0.045179563233068085,-0.02475249089749926
P2,flat_transformer,source_only,emq,replace,0.05,false_positive_share,5,0.6554163250800193,0.03368419172317137,0.6135918769087643,0.6972407732512744
P2,flat_transformer,source_only,emq,replace,0.05,prevalence_decision_error,5,0.0,0.0,0.0,0.0
P2,flat_transformer,source_only,emq,replace,0.05,decision_regret,5,0.00034128746498581197,0.00038602732046051505,-0.00013802876115307693,0.0008206036911247009
P2,flat_transformer,source_only,emq,replace,0.1,prevalence_absolute_error,5,0.047149372348689,0.010075992001538239,0.03463837583418988,0.059660368863188123
P2,flat_transformer,source_only,emq,replace,0.1,prevalence_error,5,-0.0471337321855822,0.010080971602296079,-0.05965091169106775,-0.03461655268009665
P2,flat_transformer,source_only,emq,replace,0.1,false_positive_share,5,0.47475835635985797,0.037180318576488285,0.4285928933416858,0.5209238193780301
P2,flat_transformer,source_only,emq,replace,0.1,prevalence_decision_error,5,0.998,0.004472135954999583,0.9924471097896044,1.0035528902103956
P2,flat_transformer,source_only,emq,replace,0.1,decision_regret,5,0.00042182073666534,0.0003473072247927906,-9.418140675929805e-06,0.0008530596140066099
P2,flat_transformer,source_only,hdy,replace,0.05,prevalence_absolute_error,5,0.01352316880239543,0.006122736376714827,0.005920787472936071,0.02112555013185479
P2,flat_transformer,source_only,hdy,replace,0.05,prevalence_error,5,-0.013061348420817543,0.006433722991103477,-0.021049870633286567,-0.00507282620834852
P2,flat_transformer,source_only,hdy,replace,0.05,false_positive_share,5,0.6554163250800193,0.03368419172317137,0.6135918769087643,0.6972407732512744
P2,flat_transformer,source_only,hdy,replace,0.05,prevalence_decision_error,5,0.0,0.0,0.0,0.0
P2,flat_transformer,source_only,hdy,replace,0.05,decision_regret,5,0.00034128746498581197,0.00038602732046051505,-0.00013802876115307693,0.0008206036911247009
P2,flat_transformer,source_only,hdy,replace,0.1,prevalence_absolute_error,5,0.027667392383167948,0.0071708017369385545,0.018763666028154324,0.03657111873818157
P2,flat_transformer,source_only,hdy,replace,0.1,prevalence_error,5,-0.027653529097411096,0.007142620910595406,-0.036522264334914796,-0.018784793859907396
P2,flat_transformer,source_only,hdy,replace,0.1,false_positive_share,5,0.47475835635985797,0.037180318576488285,0.4285928933416858,0.5209238193780301
P2,flat_transformer,source_only,hdy,replace,0.1,prevalence_decision_error,5,0.998,0.004472135954999583,0.9924471097896044,1.0035528902103956
P2,flat_transformer,source_only,hdy,replace,0.1,decision_regret,5,0.00042182073666534,0.0003473072247927906,-9.418140675929805e-06,0.0008530596140066099
P2,flat_transformer,source_only,kdey,replace,0.05,prevalence_absolute_error,5,0.02882580007507961,0.01048258909482297,0.015809946588074546,0.04184165356208468
P2,flat_transformer,source_only,kdey,replace,0.05,prevalence_error,5,-0.028824499925872542,0.010484113403908377,-0.041842246092591094,-0.01580675375915399
P2,flat_transformer,source_only,kdey,replace,0.05,false_positive_share,5,0.6554163250800193,0.03368419172317137,0.6135918769087643,0.6972407732512744
P2,flat_transformer,source_only,kdey,replace,0.05,prevalence_decision_error,5,0.0,0.0,0.0,0.0
P2,flat_transformer,source_only,kdey,replace,0.05,decision_regret,5,0.00034128746498581197,0.00038602732046051505,-0.00013802876115307693,0.0008206036911247009
P2,flat_transformer,source_only,kdey,replace,0.1,prevalence_absolute_error,5,0.04234536266807733,0.011260979503658413,0.028363009833874187,0.05632771550228047
P2,flat_transformer,source_only,kdey,replace,0.1,prevalence_error,5,-0.04234536266807733,0.011260979503658413,-0.05632771550228047,-0.028363009833874187
P2,flat_transformer,source_only,kdey,replace,0.1,false_positive_share,5,0.47475835635985797,0.037180318576488285,0.4285928933416858,0.5209238193780301
P2,flat_transformer,source_only,kdey,replace,0.1,prevalence_decision_error,5,1.0,0.0,1.0,1.0
P2,flat_transformer,source_only,kdey,replace,0.1,decision_regret,5,0.00042182073666534,0.0003473072247927906,-9.418140675929805e-06,0.0008530596140066099
P2,flat_transformer,source_only,median_sweep,replace,0.05,prevalence_absolute_error,5,0.022176478551774577,0.007532169086372528,0.012824055368842471,0.03152890173470668
P2,flat_transformer,source_only,median_sweep,replace,0.05,prevalence_error,5,-0.021628653544714355,0.007836392450340056,-0.03135881992609738,-0.011898487163331329
P2,flat_transformer,source_only,median_sweep,replace,0.05,false_positive_share,5,0.6554163250800193,0.03368419172317137,0.6135918769087643,0.6972407732512744
P2,flat_transformer,source_only,median_sweep,replace,0.05,prevalence_decision_error,5,0.0,0.0,0.0,0.0
P2,flat_transformer,source_only,median_sweep,replace,0.05,decision_regret,5,0.00034128746498581197,0.00038602732046051505,-0.00013802876115307693,0.0008206036911247009
P2,flat_transformer,source_only,median_sweep,replace,0.1,prevalence_absolute_error,5,0.04054723384582379,0.007879192842519677,0.030763923758362323,0.05033054393328525
P2,flat_transformer,source_only,median_sweep,replace,0.1,prevalence_error,5,-0.04050406298914368,0.007903824993854027,-0.05031795793211531,-0.030690168046172046
P2,flat_transformer,source_only,median_sweep,replace,0.1,false_positive_share,5,0.47475835635985797,0.037180318576488285,0.4285928933416858,0.5209238193780301
P2,flat_transformer,source_only,median_sweep,replace,0.1,prevalence_decision_error,5,0.9960000000000001,0.005477225575051666,0.9891991261934175,1.0028008738065826
P2,flat_transformer,source_only,median_sweep,replace,0.1,decision_regret,5,0.00042182073666534,0.0003473072247927906,-9.418140675929805e-06,0.0008530596140066099
P2,flat_transformer,source_only,pacc,replace,0.05,prevalence_absolute_error,5,0.023107508407270494,0.007591695798339324,0.013681173049157771,0.032533843765383215
P2,flat_transformer,source_only,pacc,replace,0.05,prevalence_error,5,-0.022423934618112495,0.008098233483608287,-0.03247921958375716,-0.012368649652467832
P2,flat_transformer,source_only,pacc,replace,0.05,false_positive_share,5,0.6554163250800193,0.03368419172317137,0.6135918769087643,0.6972407732512744
P2,flat_transformer,source_only,pacc,replace,0.05,prevalence_decision_error,5,0.0,0.0,0.0,0.0
P2,flat_transformer,source_only,pacc,replace,0.05,decision_regret,5,0.00034128746498581197,0.00038602732046051505,-0.00013802876115307693,0.0008206036911247009
P2,flat_transformer,source_only,pacc,replace,0.1,prevalence_absolute_error,5,0.04195916954267219,0.007858040097393241,0.0322021240572974,0.05171621502804698
P2,flat_transformer,source_only,pacc,replace,0.1,prevalence_error,5,-0.041935344381103974,0.007870841912021233,-0.05170828541881402,-0.03216240334339393
P2,flat_transformer,source_only,pacc,replace,0.1,false_positive_share,5,0.47475835635985797,0.037180318576488285,0.4285928933416858,0.5209238193780301
P2,flat_transformer,source_only,pacc,replace,0.1,prevalence_decision_error,5,0.9960000000000001,0.005477225575051666,0.9891991261934175,1.0028008738065826
P2,flat_transformer,source_only,pacc,replace,0.1,decision_regret,5,0.00042182073666534,0.0003473072247927906,-9.418140675929805e-06,0.0008530596140066099
P2,flat_transformer,source_only,pcc,replace,0.05,prevalence_absolute_error,5,0.20811829267411067,0.006896112402058123,0.1995556381769086,0.21668094717131273
P2,flat_transformer,source_only,pcc,replace,0.05,prevalence_error,5,0.20811829267411067,0.006896112402058123,0.1995556381769086,0.21668094717131273
P2,flat_transformer,source_only,pcc,replace,0.05,false_positive_share,5,0.6554163250800193,0.03368419172317137,0.6135918769087643,0.6972407732512744
P2,flat_transformer,source_only,pcc,replace,0.05,prevalence_decision_error,5,1.0,0.0,1.0,1.0
P2,flat_transformer,source_only,pcc,replace,0.05,decision_regret,5,0.0005962752024811361,0.0002725548793665626,0.0002578536212369054,0.0009346967837253668
P2,flat_transformer,source_only,pcc,replace,0.1,prevalence_absolute_error,5,0.17382635704812893,0.006885379416819248,0.16527702931229124,0.18237568478396662
P2,flat_transformer,source_only,pcc,replace,0.1,prevalence_error,5,0.17382635704812893,0.006885379416819248,0.16527702931229124,0.18237568478396662
P2,flat_transformer,source_only,pcc,replace,0.1,false_positive_share,5,0.47475835635985797,0.037180318576488285,0.4285928933416858,0.5209238193780301
P2,flat_transformer,source_only,pcc,replace,0.1,prevalence_decision_error,5,0.0,0.0,0.0,0.0
P2,flat_transformer,source_only,pcc,replace,0.1,decision_regret,5,0.0007967009731186159,0.0005143014595936332,0.00015811136651755356,0.0014352905797196782
P2,flat_transformer,target_real_anchor,acc,replace,0.05,prevalence_absolute_error,5,0.02092241681371294,0.00649255285395092,0.012860847678526981,0.0289839859488989
P2,flat_transformer,target_real_anchor,acc,replace,0.05,prevalence_error,5,-0.020615027834336202,0.0067160921788288214,-0.028954157701405824,-0.012275897967266578
P2,flat_transformer,target_real_anchor,acc,replace,0.05,false_positive_share,5,0.6714839380007482,0.018814129273684206,0.6481231110240631,0.6948447649774334
P2,flat_transformer,target_real_anchor,acc,replace,0.05,prevalence_decision_error,5,0.0,0.0,0.0,0.0
P2,flat_transformer,target_real_anchor,acc,replace,0.05,decision_regret,5,0.00030741667465536003,0.00032813678565370066,-0.00010001895857714545,0.0007148523078878656
P2,flat_transformer,target_real_anchor,acc,replace,0.1,prevalence_absolute_error,5,0.036717475743611436,0.0071447910187872835,0.02784604596089367,0.0455889055263292
P2,flat_transformer,target_real_anchor,acc,replace,0.1,prevalence_error,5,-0.03669074715486322,0.0071329521560529185,-0.04554747704794405,-0.027834017261782397
P2,flat_transformer,target_real_anchor,acc,replace,0.1,false_positive_share,5,0.4921823871388697,0.021157400752811587,0.4659120043285343,0.5184527699492051
P2,flat_transformer,target_real_anchor,acc,replace,0.1,prevalence_decision_error,5,0.9940000000000001,0.0054772255750516665,0.9871991261934175,1.0008008738065826
P2,flat_transformer,target_real_anchor,acc,replace,0.1,decision_regret,5,0.00038509218332468407,0.0002953465187172543,1.83710440386552e-05,0.0007518133226107129
P2,flat_transformer,target_real_anchor,cc,replace,0.05,prevalence_absolute_error,5,0.023711999999999935,0.005287335813053681,0.017146905474517752,0.030277094525482117
P2,flat_transformer,target_real_anchor,cc,replace,0.05,prevalence_error,5,0.023711999999999935,0.005287335813053681,0.017146905474517752,0.030277094525482117
P2,flat_transformer,target_real_anchor,cc,replace,0.05,false_positive_share,5,0.6714839380007482,0.018814129273684206,0.6481231110240631,0.6948447649774334
P2,flat_transformer,target_real_anchor,cc,replace,0.05,prevalence_decision_error,5,0.004,0.005477225575051661,-0.0028008738065825566,0.010800873806582557
P2,flat_transformer,target_real_anchor,cc,replace,0.05,decision_regret,5,0.00030741667465536003,0.00032813678565370066,-0.00010001895857714545,0.0007148523078878656
P2,flat_transformer,target_real_anchor,cc,replace,0.1,prevalence_absolute_error,5,0.008081999999999975,0.0019116798895212693,0.005708335905091266,0.010455664094908683
P2,flat_transformer,target_real_anchor,cc,replace,0.1,prevalence_error,5,-0.0038900000000000262,0.0055270335624093845,-0.010752718591307657,0.0029727185913076036
P2,flat_transformer,target_real_anchor,cc,replace,0.1,false_positive_share,5,0.4921823871388697,0.021157400752811587,0.4659120043285343,0.5184527699492051
P2,flat_transformer,target_real_anchor,cc,replace,0.1,prevalence_decision_error,5,0.648,0.2265391798343059,0.36671445621713417,0.9292855437828659
P2,flat_transformer,target_real_anchor,cc,replace,0.1,decision_regret,5,0.0006489131119362699,0.0002948712641121389,0.0002827820791833935,0.0010150441446891464
P2,flat_transformer,target_real_anchor,dys,replace,0.05,prevalence_absolute_error,5,0.0128329939927888,0.006455468331516353,0.004817471374000423,0.020848516611577175
P2,flat_transformer,target_real_anchor,dys,replace,0.05,prevalence_error,5,-0.012002628371079611,0.007021428224966585,-0.02072088301399238,-0.003284373728166843
P2,flat_transformer,target_real_anchor,dys,replace,0.05,false_positive_share,5,0.6714839380007482,0.018814129273684206,0.6481231110240631,0.6948447649774334
P2,flat_transformer,target_real_anchor,dys,replace,0.05,prevalence_decision_error,5,0.0,0.0,0.0,0.0
P2,flat_transformer,target_real_anchor,dys,replace,0.05,decision_regret,5,0.00030741667465536003,0.00032813678565370066,-0.00010001895857714545,0.0007148523078878656
P2,flat_transformer,target_real_anchor,dys,replace,0.1,prevalence_absolute_error,5,0.02528859100789942,0.007956797525580397,0.015408921979389447,0.035168260036409396
P2,flat_transformer,target_real_anchor,dys,replace,0.1,prevalence_error,5,-0.025220485070146886,0.007980549836823711,-0.03512964648840181,-0.01531132365189196
P2,flat_transformer,target_real_anchor,dys,replace,0.1,false_positive_share,5,0.4921823871388697,0.021157400752811587,0.4659120043285343,0.5184527699492051
P2,flat_transformer,target_real_anchor,dys,replace,0.1,prevalence_decision_error,5,0.986,0.015165750888103116,0.9671692331165156,1.0048307668834844
P2,flat_transformer,target_real_anchor,dys,replace,0.1,decision_regret,5,0.0003105231166801,0.00019134191680372507,7.294074723761474e-05,0.0005481054861225852
P2,flat_transformer,target_real_anchor,emq,replace,0.05,prevalence_absolute_error,5,0.03496602706528367,0.0082256843901085,0.02475249089749926,0.045179563233068085
P2,flat_transformer,target_real_anchor,emq,replace,0.05,prevalence_error,5,-0.03496602706528367,0.0082256843901085,-0.045179563233068085,-0.02475249089749926
P2,flat_transformer,target_real_anchor,emq,replace,0.05,false_positive_share,5,0.6714839380007482,0.018814129273684206,0.6481231110240631,0.6948447649774334
P2,flat_transformer,target_real_anchor,emq,replace,0.05,prevalence_decision_error,5,0.0,0.0,0.0,0.0
P2,flat_transformer,target_real_anchor,emq,replace,0.05,decision_regret,5,0.00030741667465536003,0.00032813678565370066,-0.00010001895857714545,0.0007148523078878656
P2,flat_transformer,target_real_anchor,emq,replace,0.1,prevalence_absolute_error,5,0.047149372348689,0.010075992001538239,0.03463837583418988,0.059660368863188123
P2,flat_transformer,target_real_anchor,emq,replace,0.1,prevalence_error,5,-0.0471337321855822,0.010080971602296079,-0.05965091169106775,-0.03461655268009665
P2,flat_transformer,target_real_anchor,emq,replace,0.1,false_positive_share,5,0.4921823871388697,0.021157400752811587,0.4659120043285343,0.5184527699492051
P2,flat_transformer,target_real_anchor,emq,replace,0.1,prevalence_decision_error,5,0.998,0.004472135954999583,0.9924471097896044,1.0035528902103956
P2,flat_transformer,target_real_anchor,emq,replace,0.1,decision_regret,5,0.00038509218332468407,0.0002953465187172543,1.83710440386552e-05,0.0007518133226107129
P2,flat_transformer,target_real_anchor,hdy,replace,0.05,prevalence_absolute_error,5,0.01352316880239543,0.006122736376714827,0.005920787472936071,0.02112555013185479
P2,flat_transformer,target_real_anchor,hdy,replace,0.05,prevalence_error,5,-0.013061348420817543,0.006433722991103477,-0.021049870633286567,-0.00507282620834852
P2,flat_transformer,target_real_anchor,hdy,replace,0.05,false_positive_share,5,0.6714839380007482,0.018814129273684206,0.6481231110240631,0.6948447649774334
P2,flat_transformer,target_real_anchor,hdy,replace,0.05,prevalence_decision_error,5,0.0,0.0,0.0,0.0
P2,flat_transformer,target_real_anchor,hdy,replace,0.05,decision_regret,5,0.00030741667465536003,0.00032813678565370066,-0.00010001895857714545,0.0007148523078878656
P2,flat_transformer,target_real_anchor,hdy,replace,0.1,prevalence_absolute_error,5,0.027667392383167948,0.0071708017369385545,0.018763666028154324,0.03657111873818157
P2,flat_transformer,target_real_anchor,hdy,replace,0.1,prevalence_error,5,-0.027653529097411096,0.007142620910595406,-0.036522264334914796,-0.018784793859907396
P2,flat_transformer,target_real_anchor,hdy,replace,0.1,false_positive_share,5,0.4921823871388697,0.021157400752811587,0.4659120043285343,0.5184527699492051
P2,flat_transformer,target_real_anchor,hdy,replace,0.1,prevalence_decision_error,5,0.998,0.004472135954999583,0.9924471097896044,1.0035528902103956
P2,flat_transformer,target_real_anchor,hdy,replace,0.1,decision_regret,5,0.00038509218332468407,0.0002953465187172543,1.83710440386552e-05,0.0007518133226107129
P2,flat_transformer,target_real_anchor,kdey,replace,0.05,prevalence_absolute_error,5,0.02882580007507961,0.01048258909482297,0.015809946588074546,0.04184165356208468
P2,flat_transformer,target_real_anchor,kdey,replace,0.05,prevalence_error,5,-0.028824499925872542,0.010484113403908377,-0.041842246092591094,-0.01580675375915399
P2,flat_transformer,target_real_anchor,kdey,replace,0.05,false_positive_share,5,0.6714839380007482,0.018814129273684206,0.6481231110240631,0.6948447649774334
P2,flat_transformer,target_real_anchor,kdey,replace,0.05,prevalence_decision_error,5,0.0,0.0,0.0,0.0
P2,flat_transformer,target_real_anchor,kdey,replace,0.05,decision_regret,5,0.00030741667465536003,0.00032813678565370066,-0.00010001895857714545,0.0007148523078878656
P2,flat_transformer,target_real_anchor,kdey,replace,0.1,prevalence_absolute_error,5,0.04234536266807733,0.011260979503658413,0.028363009833874187,0.05632771550228047
P2,flat_transformer,target_real_anchor,kdey,replace,0.1,prevalence_error,5,-0.04234536266807733,0.011260979503658413,-0.05632771550228047,-0.028363009833874187
P2,flat_transformer,target_real_anchor,kdey,replace,0.1,false_positive_share,5,0.4921823871388697,0.021157400752811587,0.4659120043285343,0.5184527699492051
P2,flat_transformer,target_real_anchor,kdey,replace,0.1,prevalence_decision_error,5,1.0,0.0,1.0,1.0
P2,flat_transformer,target_real_anchor,kdey,replace,0.1,decision_regret,5,0.00038509218332468407,0.0002953465187172543,1.83710440386552e-05,0.0007518133226107129
P2,flat_transformer,target_real_anchor,median_sweep,replace,0.05,prevalence_absolute_error,5,0.022176478551774577,0.007532169086372528,0.012824055368842471,0.03152890173470668
P2,flat_transformer,target_real_anchor,median_sweep,replace,0.05,prevalence_error,5,-0.021628653544714355,0.007836392450340056,-0.03135881992609738,-0.011898487163331329
P2,flat_transformer,target_real_anchor,median_sweep,replace,0.05,false_positive_share,5,0.6714839380007482,0.018814129273684206,0.6481231110240631,0.6948447649774334
P2,flat_transformer,target_real_anchor,median_sweep,replace,0.05,prevalence_decision_error,5,0.0,0.0,0.0,0.0
P2,flat_transformer,target_real_anchor,median_sweep,replace,0.05,decision_regret,5,0.00030741667465536003,0.00032813678565370066,-0.00010001895857714545,0.0007148523078878656
P2,flat_transformer,target_real_anchor,median_sweep,replace,0.1,prevalence_absolute_error,5,0.04054723384582379,0.007879192842519677,0.030763923758362323,0.05033054393328525
P2,flat_transformer,target_real_anchor,median_sweep,replace,0.1,prevalence_error,5,-0.04050406298914368,0.007903824993854027,-0.05031795793211531,-0.030690168046172046
P2,flat_transformer,target_real_anchor,median_sweep,replace,0.1,false_positive_share,5,0.4921823871388697,0.021157400752811587,0.4659120043285343,0.5184527699492051
P2,flat_transformer,target_real_anchor,median_sweep,replace,0.1,prevalence_decision_error,5,0.9960000000000001,0.005477225575051666,0.9891991261934175,1.0028008738065826
P2,flat_transformer,target_real_anchor,median_sweep,replace,0.1,decision_regret,5,0.00038509218332468407,0.0002953465187172543,1.83710440386552e-05,0.0007518133226107129
P2,flat_transformer,target_real_anchor,pacc,replace,0.05,prevalence_absolute_error,5,0.023107508407270494,0.007591695798339324,0.013681173049157771,0.032533843765383215
P2,flat_transformer,target_real_anchor,pacc,replace,0.05,prevalence_error,5,-0.022423934618112495,0.008098233483608287,-0.03247921958375716,-0.012368649652467832
P2,flat_transformer,target_real_anchor,pacc,replace,0.05,false_positive_share,5,0.6714839380007482,0.018814129273684206,0.6481231110240631,0.6948447649774334
P2,flat_transformer,target_real_anchor,pacc,replace,0.05,prevalence_decision_error,5,0.0,0.0,0.0,0.0
P2,flat_transformer,target_real_anchor,pacc,replace,0.05,decision_regret,5,0.00030741667465536003,0.00032813678565370066,-0.00010001895857714545,0.0007148523078878656
P2,flat_transformer,target_real_anchor,pacc,replace,0.1,prevalence_absolute_error,5,0.04195916954267219,0.007858040097393241,0.0322021240572974,0.05171621502804698
P2,flat_transformer,target_real_anchor,pacc,replace,0.1,prevalence_error,5,-0.041935344381103974,0.007870841912021233,-0.05170828541881402,-0.03216240334339393
P2,flat_transformer,target_real_anchor,pacc,replace,0.1,false_positive_share,5,0.4921823871388697,0.021157400752811587,0.4659120043285343,0.5184527699492051
P2,flat_transformer,target_real_anchor,pacc,replace,0.1,prevalence_decision_error,5,0.9960000000000001,0.005477225575051666,0.9891991261934175,1.0028008738065826
P2,flat_transformer,target_real_anchor,pacc,replace,0.1,decision_regret,5,0.00038509218332468407,0.0002953465187172543,1.83710440386552e-05,0.0007518133226107129
P2,flat_transformer,target_real_anchor,pcc,replace,0.05,prevalence_absolute_error,5,0.20811829267411067,0.006896112402058123,0.1995556381769086,0.21668094717131273
P2,flat_transformer,target_real_anchor,pcc,replace,0.05,prevalence_error,5,0.20811829267411067,0.006896112402058123,0.1995556381769086,0.21668094717131273
P2,flat_transformer,target_real_anchor,pcc,replace,0.05,false_positive_share,5,0.6714839380007482,0.018814129273684206,0.6481231110240631,0.6948447649774334
P2,flat_transformer,target_real_anchor,pcc,replace,0.05,prevalence_decision_error,5,1.0,0.0,1.0,1.0
P2,flat_transformer,target_real_anchor,pcc,replace,0.05,decision_regret,5,0.000538186444884896,0.000296249040010842,0.00017034467740100704,0.000906028212368785
P2,flat_transformer,target_real_anchor,pcc,replace,0.1,prevalence_absolute_error,5,0.17382635704812893,0.006885379416819248,0.16527702931229124,0.18237568478396662
P2,flat_transformer,target_real_anchor,pcc,replace,0.1,prevalence_error,5,0.17382635704812893,0.006885379416819248,0.16527702931229124,0.18237568478396662
P2,flat_transformer,target_real_anchor,pcc,replace,0.1,false_positive_share,5,0.4921823871388697,0.021157400752811587,0.4659120043285343,0.5184527699492051
P2,flat_transformer,target_real_anchor,pcc,replace,0.1,prevalence_decision_error,5,0.0,0.0,0.0,0.0
P2,flat_transformer,target_real_anchor,pcc,replace,0.1,decision_regret,5,0.0006937839904540936,0.0004329815989793489,0.00015616632711673648,0.0012314016537914507
P3,char3gram,oracle_target,acc,replace,0.05,prevalence_absolute_error,5,0.07431557509690603,0.017947963039845555,0.05203023554923802,0.09660091464457404
P3,char3gram,oracle_target,acc,replace,0.05,prevalence_error,5,0.015342411865692584,0.04150083094742069,-0.036187675817260304,0.06687249954864546
P3,char3gram,oracle_target,acc,replace,0.05,false_positive_share,5,0.9198723490575528,0.022821200596106445,0.8915360858815811,0.9482086122335245
P3,char3gram,oracle_target,acc,replace,0.05,prevalence_decision_error,5,0.262,0.16284962388657825,0.05979548489901204,0.464204515100988
P3,char3gram,oracle_target,acc,replace,0.05,decision_regret,5,0.002267605068666548,0.0009056643180677868,0.0011430742904640144,0.0033921358468690815
P3,char3gram,oracle_target,acc,replace,0.1,prevalence_absolute_error,5,0.09922316516516208,0.017762003232615037,0.07716872521524511,0.12127760511507905
P3,char3gram,oracle_target,acc,replace,0.1,prevalence_error,5,-0.004532740607708663,0.05436600713734323,-0.07203705439623663,0.06297157318081929
P3,char3gram,oracle_target,acc,replace,0.1,false_positive_share,5,0.8454095812891694,0.039670326692591545,0.7961523648379967,0.8946667977403422
P3,char3gram,oracle_target,acc,replace,0.1,prevalence_decision_error,5,0.6,0.20940391591371924,0.33999069652704655,0.8600093034729535
P3,char3gram,oracle_target,acc,replace,0.1,decision_regret,5,0.001347490823314596,0.0010863038985132786,-1.3336185777374897e-06,0.0026963152652069297
P3,char3gram,oracle_target,cc,replace,0.05,prevalence_absolute_error,5,0.005971999999999962,0.0011700085469773442,0.004519242509627496,0.007424757490372427
P3,char3gram,oracle_target,cc,replace,0.05,prevalence_error,5,-0.0008360000000000381,0.00490155893568564,-0.006922089265514857,0.005250089265514781
P3,char3gram,oracle_target,cc,replace,0.05,false_positive_share,5,0.9198723490575528,0.022821200596106445,0.8915360858815811,0.9482086122335245
P3,char3gram,oracle_target,cc,replace,0.05,prevalence_decision_error,5,0.0,0.0,0.0,0.0
P3,char3gram,oracle_target,cc,replace,0.05,decision_regret,5,0.002693466644647528,0.0013073834803360566,0.0010701356452679075,0.004316797644027148
P3,char3gram,oracle_target,cc,replace,0.1,prevalence_absolute_error,5,0.048876,0.004914807219006662,0.04277346081804747,0.054978539181952536
P3,char3gram,oracle_target,cc,replace,0.1,prevalence_error,5,-0.048876,0.004914807219006662,-0.054978539181952536,-0.04277346081804747
P3,char3gram,oracle_target,cc,replace,0.1,false_positive_share,5,0.8454095812891694,0.039670326692591545,0.7961523648379967,0.8946667977403422
P3,char3gram,oracle_target,cc,replace,0.1,prevalence_decision_error,5,1.0,0.0,1.0,1.0
P3,char3gram,oracle_target,cc,replace,0.1,decision_regret,5,0.002216800229310532,0.0009146723020837154,0.0010810845616590248,0.0033525158969620393
P3,char3gram,oracle_target,dys,replace,0.05,prevalence_absolute_error,5,0.05157060296520756,0.012476473723856652,0.036079014717759504,0.06706219121265561
P3,char3gram,oracle_target,dys,replace,0.05,prevalence_error,5,0.0137500649579535,0.02260643233416867,-0.014319528199213224,0.04181965811512023
P3,char3gram,oracle_target,dys,replace,0.05,false_positive_share,5,0.9198723490575528,0.022821200596106445,0.8915360858815811,0.9482086122335245
P3,char3gram,oracle_target,dys,replace,0.05,prevalence_decision_error,5,0.248,0.13217412757419658,0.08388414429712868,0.41211585570287135
P3,char3gram,oracle_target,dys,replace,0.05,decision_regret,5,0.002190289499919592,0.0013313390034687138,0.0005372137899080139,0.00384336520993117
P3,char3gram,oracle_target,dys,replace,0.1,prevalence_absolute_error,5,0.06234026631346399,0.008751363746106381,0.05147401301473807,0.07320651961218991
P3,char3gram,oracle_target,dys,replace,0.1,prevalence_error,5,0.0019641816650875174,0.019510757325809685,-0.022261623284060717,0.026189986614235754
P3,char3gram,oracle_target,dys,replace,0.1,false_positive_share,5,0.8454095812891694,0.039670326692591545,0.7961523648379967,0.8946667977403422
P3,char3gram,oracle_target,dys,replace,0.1,prevalence_decision_error,5,0.534,0.10478549517943789,0.40389162310173793,0.6641083768982621
P3,char3gram,oracle_target,dys,replace,0.1,decision_regret,5,0.0016708326577676998,0.0008478700110338271,0.0006180629899103685,0.002723602325625031
P3,char3gram,oracle_target,emq,replace,0.05,prevalence_absolute_error,5,0.045524782590457454,0.002248969819557339,0.04273231773246629,0.04831724744844862
P3,char3gram,oracle_target,emq,replace,0.05,prevalence_error,5,-0.04378445363984027,0.00400524542036419,-0.048757622682276985,-0.03881128459740356
P3,char3gram,oracle_target,emq,replace,0.05,false_positive_share,5,0.9198723490575528,0.022821200596106445,0.8915360858815811,0.9482086122335245
P3,char3gram,oracle_target,emq,replace,0.05,prevalence_decision_error,5,0.006,0.00894427190999916,-0.0051057804207911735,0.017105780420791174
P3,char3gram,oracle_target,emq,replace,0.05,decision_regret,5,0.002693466644647528,0.0013073834803360566,0.0010701356452679075,0.004316797644027148
P3,char3gram,oracle_target,emq,replace,0.1,prevalence_absolute_error,5,0.08431042206477848,0.0036471002692279467,0.07978194896263889,0.08883889516691808
P3,char3gram,oracle_target,emq,replace,0.1,prevalence_error,5,-0.07938837717124292,0.006464606724554296,-0.08741524660366795,-0.07136150773881789
P3,char3gram,oracle_target,emq,replace,0.1,false_positive_share,5,0.8454095812891694,0.039670326692591545,0.7961523648379967,0.8946667977403422
P3,char3gram,oracle_target,emq,replace,0.1,prevalence_decision_error,5,0.9400000000000001,0.037416573867739396,0.8935411872922963,0.9864588127077039
P3,char3gram,oracle_target,emq,replace,0.1,decision_regret,5,0.001852943672760708,0.0008695414928380161,0.0007732653061593873,0.0029326220393620286
P3,char3gram,oracle_target,hdy,replace,0.05,prevalence_absolute_error,5,0.05526219728942028,0.012469411288565376,0.03977937821361305,0.07074501636522751
P3,char3gram,oracle_target,hdy,replace,0.05,prevalence_error,5,0.03162352548403745,0.02789251232030011,-0.003009602883534135,0.06625665385160903
P3,char3gram,oracle_target,hdy,replace,0.05,false_positive_share,5,0.9198723490575528,0.022821200596106445,0.8915360858815811,0.9482086122335245
P3,char3gram,oracle_target,hdy,replace,0.05,prevalence_decision_error,5,0.374,0.16334013591276333,0.17118643377541204,0.5768135662245879
P3,char3gram,oracle_target,hdy,replace,0.05,decision_regret,5,0.0018395433267794682,0.0016228009806114859,-0.00017543022709557853,0.003854516880654515
P3,char3gram,oracle_target,hdy,replace,0.1,prevalence_absolute_error,5,0.059298563279558916,0.008502353011949798,0.04874149764460151,0.06985562891451631
P3,char3gram,oracle_target,hdy,replace,0.1,prevalence_error,5,0.02381090950341006,0.021335607510907212,-0.00268074622268925,0.05030256522950936
P3,char3gram,oracle_target,hdy,replace,0.1,false_positive_share,5,0.8454095812891694,0.039670326692591545,0.7961523648379967,0.8946667977403422
P3,char3gram,oracle_target,hdy,replace,0.1,prevalence_decision_error,5,0.38,0.10770329614269007,0.2462686946917434,0.5137313053082566
P3,char3gram,oracle_target,hdy,replace,0.1,decision_regret,5,0.000824730065694,0.0004196509703843901,0.0003036645639564288,0.0013457955674315712
P3,char3gram,oracle_target,kdey,replace,0.05,prevalence_absolute_error,5,0.1265495810094293,0.03569709639653415,0.08222578157344354,0.17087338044541509
P3,char3gram,oracle_target,kdey,replace,0.05,prevalence_error,5,0.12550832473967086,0.03674723112458265,0.07988061081860376,0.17113603866073795
P3,char3gram,oracle_target,kdey,replace,0.05,false_positive_share,5,0.9198723490575528,0.022821200596106445,0.8915360858815811,0.9482086122335245
P3,char3gram,oracle_target,kdey,replace,0.05,prevalence_decision_error,5,0.8800000000000001,0.10535653752852739,0.7491825803754238,1.0108174196245763
P3,char3gram,oracle_target,kdey,replace,0.05,decision_regret,5,0.001036481529318348,0.0007251871437804968,0.00013604276092588823,0.0019369202977108078
P3,char3gram,oracle_target,kdey,replace,0.1,prevalence_absolute_error,5,0.12231184696893349,0.029601206979956406,0.08555709395854365,0.15906659997932332
P3,char3gram,oracle_target,kdey,replace,0.1,prevalence_error,5,0.12047993717817776,0.030854453309690638,0.08216907331927592,0.1587908010370796
P3,char3gram,oracle_target,kdey,replace,0.1,false_positive_share,5,0.8454095812891694,0.039670326692591545,0.7961523648379967,0.8946667977403422
P3,char3gram,oracle_target,kdey,replace,0.1,prevalence_decision_error,5,0.032,0.030331501776206204,-0.005661533766968763,0.06966153376696876
P3,char3gram,oracle_target,kdey,replace,0.1,decision_regret,5,0.0007245181999885361,0.0005591550414225122,3.023551564006828e-05,0.0014188008843370038
P3,char3gram,oracle_target,pacc,replace,0.05,prevalence_absolute_error,5,0.06055498534451685,0.012172201471070876,0.04544120099900525,0.07566876969002845
P3,char3gram,oracle_target,pacc,replace,0.05,prevalence_error,5,0.03578191244673695,0.03679753696993614,-0.00990826443140478,0.08147208932487868
P3,char3gram,oracle_target,pacc,replace,0.05,false_positive_share,5,0.9198723490575528,0.022821200596106445,0.8915360858815811,0.9482086122335245
P3,char3gram,oracle_target,pacc,replace,0.05,prevalence_decision_error,5,0.42400000000000004,0.21697926168184828,0.15458466241281554,0.6934153375871845
P3,char3gram,oracle_target,pacc,replace,0.05,decision_regret,5,0.001823818193889192,0.0013391562338346283,0.00016103611036659264,0.0034866002774117917
P3,char3gram,oracle_target,pacc,replace,0.1,prevalence_absolute_error,5,0.061808324528788906,0.006309787382875821,0.053973688699151645,0.06964296035842617
P3,char3gram,oracle_target,pacc,replace,0.1,prevalence_error,5,0.027832915848928923,0.031530514959694056,-0.011317389421348394,0.06698322111920624
P3,char3gram,oracle_target,pacc,replace,0.1,false_positive_share,5,0.8454095812891694,0.039670326692591545,0.7961523648379967,0.8946667977403422
P3,char3gram,oracle_target,pacc,replace,0.1,prevalence_decision_error,5,0.34199999999999997,0.18212632978237936,0.11586029318423352,0.5681397068157664
P3,char3gram,oracle_target,pacc,replace,0.1,decision_regret,5,0.000877782291131508,0.0003952020294271578,0.0003870741591747416,0.0013684904230882745
P3,char3gram,oracle_target,pcc,replace,0.05,prevalence_absolute_error,5,0.43414798773558844,0.004426577845709549,0.42865166538932453,0.43964431008185234
P3,char3gram,oracle_target,pcc,replace,0.05,prevalence_error,5,0.43414798773558844,0.004426577845709549,0.42865166538932453,0.43964431008185234
P3,char3gram,oracle_target,pcc,replace,0.05,false_positive_share,5,0.9198723490575528,0.022821200596106445,0.8915360858815811,0.9482086122335245
P3,char3gram,oracle_target,pcc,replace,0.05,prevalence_decision_error,5,1.0,0.0,1.0,1.0
P3,char3gram,oracle_target,pcc,replace,0.05,decision_regret,5,0.000586365931730116,0.0006610696574457026,-0.00023446046222510783,0.0014071923256853396
P3,char3gram,oracle_target,pcc,replace,0.1,prevalence_absolute_error,5,0.38591042037095635,0.003945124762765902,0.38101190098460774,0.39080893975730496
P3,char3gram,oracle_target,pcc,replace,0.1,prevalence_error,5,0.38591042037095635,0.003945124762765902,0.38101190098460774,0.39080893975730496
P3,char3gram,oracle_target,pcc,replace,0.1,false_positive_share,5,0.8454095812891694,0.039670326692591545,0.7961523648379967,0.8946667977403422
P3,char3gram,oracle_target,pcc,replace,0.1,prevalence_decision_error,5,0.0,0.0,0.0,0.0
P3,char3gram,oracle_target,pcc,replace,0.1,decision_regret,5,0.0007245181999885361,0.0005591550414225122,3.023551564006828e-05,0.0014188008843370038
P3,char3gram,source_only,acc,replace,0.05,prevalence_absolute_error,5,0.95,0.0,0.95,0.95
P3,char3gram,source_only,acc,replace,0.05,prevalence_error,5,0.95,0.0,0.95,0.95
P3,char3gram,source_only,acc,replace,0.05,false_positive_share,5,0.9499902416476209,1.3362174305395116e-05,0.9499736503168482,0.9500068329783936
P3,char3gram,source_only,acc,replace,0.05,prevalence_decision_error,5,1.0,0.0,1.0,1.0
P3,char3gram,source_only,acc,replace,0.05,decision_regret,0,,,,
P3,char3gram,source_only,acc,replace,0.1,prevalence_absolute_error,5,0.9,0.0,0.9,0.9
P3,char3gram,source_only,acc,replace,0.1,prevalence_error,5,0.9,0.0,0.9,0.9
P3,char3gram,source_only,acc,replace,0.1,false_positive_share,5,0.899981510965025,2.531715380588006e-05,0.8999500755666072,0.9000129463634428
P3,char3gram,source_only,acc,replace,0.1,prevalence_decision_error,5,0.0,0.0,0.0,0.0
P3,char3gram,source_only,acc,replace,0.1,decision_regret,0,,,,
P3,char3gram,source_only,cc,replace,0.05,prevalence_absolute_error,5,0.949714,0.0002140794245134187,0.9494481852858254,0.9499798147141745
P3,char3gram,source_only,cc,replace,0.05,prevalence_error,5,0.949714,0.0002140794245134187,0.9494481852858254,0.9499798147141745
P3,char3gram,source_only,cc,replace,0.05,false_positive_share,5,0.9499902416476209,1.3362174305395116e-05,0.9499736503168482,0.9500068329783936
P3,char3gram,source_only,cc,replace,0.05,prevalence_decision_error,5,1.0,0.0,1.0,1.0
P3,char3gram,source_only,cc,replace,0.05,decision_regret,0,,,,
P3,char3gram,source_only,cc,replace,0.1,prevalence_absolute_error,5,0.8997299999999999,0.00017102631376484536,0.8995176427834526,0.8999423572165473
P3,char3gram,source_only,cc,replace,0.1,prevalence_error,5,0.8997299999999999,0.00017102631376484536,0.8995176427834526,0.8999423572165473
P3,char3gram,source_only,cc,replace,0.1,false_positive_share,5,0.899981510965025,2.531715380588006e-05,0.8999500755666072,0.9000129463634428
P3,char3gram,source_only,cc,replace,0.1,prevalence_decision_error,5,0.0,0.0,0.0,0.0
P3,char3gram,source_only,cc,replace,0.1,decision_regret,0,,,,
P3,char3gram,source_only,dys,replace,0.05,prevalence_absolute_error,5,0.9499940391390134,0.0,0.9499940391390134,0.9499940391390134
P3,char3gram,source_only,dys,replace,0.05,prevalence_error,5,0.9499940391390134,0.0,0.9499940391390134,0.9499940391390134
P3,char3gram,source_only,dys,replace,0.05,false_positive_share,5,0.9499902416476209,1.3362174305395116e-05,0.9499736503168482,0.9500068329783936
P3,char3gram,source_only,dys,replace,0.05,prevalence_decision_error,5,1.0,0.0,1.0,1.0
P3,char3gram,source_only,dys,replace,0.05,decision_regret,0,,,,
P3,char3gram,source_only,dys,replace,0.1,prevalence_absolute_error,5,0.8999940391390135,1.2412670766236366e-16,0.8999940391390134,0.8999940391390137
P3,char3gram,source_only,dys,replace,0.1,prevalence_error,5,0.8999940391390135,1.2412670766236366e-16,0.8999940391390134,0.8999940391390137
P3,char3gram,source_only,dys,replace,0.1,false_positive_share,5,0.899981510965025,2.531715380588006e-05,0.8999500755666072,0.9000129463634428
P3,char3gram,source_only,dys,replace,0.1,prevalence_decision_error,5,0.0,0.0,0.0,0.0
P3,char3gram,source_only,dys,replace,0.1,decision_regret,0,,,,
P3,char3gram,source_only,emq,replace,0.05,prevalence_absolute_error,5,0.949999999889466,7.997866084511855e-11,0.9499999997901594,0.9499999999887727
P3,char3gram,source_only,emq,replace,0.05,prevalence_error,5,0.949999999889466,7.997866084511855e-11,0.9499999997901594,0.9499999999887727
P3,char3gram,source_only,emq,replace,0.05,false_positive_share,5,0.9499902416476209,1.3362174305395116e-05,0.9499736503168482,0.9500068329783936
P3,char3gram,source_only,emq,replace,0.05,prevalence_decision_error,5,1.0,0.0,1.0,1.0
P3,char3gram,source_only,emq,replace,0.05,decision_regret,0,,,,
P3,char3gram,source_only,emq,replace,0.1,prevalence_absolute_error,5,0.8999999998966836,7.233803117588181e-11,0.8999999998068641,0.899999999986503
P3,char3gram,source_only,emq,replace,0.1,prevalence_error,5,0.8999999998966836,7.233803117588181e-11,0.8999999998068641,0.899999999986503
P3,char3gram,source_only,emq,replace,0.1,false_positive_share,5,0.899981510965025,2.531715380588006e-05,0.8999500755666072,0.9000129463634428
P3,char3gram,source_only,emq,replace,0.1,prevalence_decision_error,5,0.0,0.0,0.0,0.0
P3,char3gram,source_only,emq,replace,0.1,decision_regret,0,,,,
P3,char3gram,source_only,hdy,replace,0.05,prevalence_absolute_error,5,0.9499940391390134,0.0,0.9499940391390134,0.9499940391390134
P3,char3gram,source_only,hdy,replace,0.05,prevalence_error,5,0.9499940391390134,0.0,0.9499940391390134,0.9499940391390134
P3,char3gram,source_only,hdy,replace,0.05,false_positive_share,5,0.9499902416476209,1.3362174305395116e-05,0.9499736503168482,0.9500068329783936
P3,char3gram,source_only,hdy,replace,0.05,prevalence_decision_error,5,1.0,0.0,1.0,1.0
P3,char3gram,source_only,hdy,replace,0.05,decision_regret,0,,,,
P3,char3gram,source_only,hdy,replace,0.1,prevalence_absolute_error,5,0.8999940391390135,1.2412670766236366e-16,0.8999940391390134,0.8999940391390137
P3,char3gram,source_only,hdy,replace,0.1,prevalence_error,5,0.8999940391390135,1.2412670766236366e-16,0.8999940391390134,0.8999940391390137
P3,char3gram,source_only,hdy,replace,0.1,false_positive_share,5,0.899981510965025,2.531715380588006e-05,0.8999500755666072,0.9000129463634428
P3,char3gram,source_only,hdy,replace,0.1,prevalence_decision_error,5,0.0,0.0,0.0,0.0
P3,char3gram,source_only,hdy,replace,0.1,decision_regret,0,,,,
P3,char3gram,source_only,kdey,replace,0.05,prevalence_absolute_error,5,0.9499940391390134,0.0,0.9499940391390134,0.9499940391390134
P3,char3gram,source_only,kdey,replace,0.05,prevalence_error,5,0.9499940391390134,0.0,0.9499940391390134,0.9499940391390134
P3,char3gram,source_only,kdey,replace,0.05,false_positive_share,5,0.9499902416476209,1.3362174305395116e-05,0.9499736503168482,0.9500068329783936
P3,char3gram,source_only,kdey,replace,0.05,prevalence_decision_error,5,1.0,0.0,1.0,1.0
P3,char3gram,source_only,kdey,replace,0.05,decision_regret,0,,,,
P3,char3gram,source_only,kdey,replace,0.1,prevalence_absolute_error,5,0.8999940391390135,1.2412670766236366e-16,0.8999940391390134,0.8999940391390137
P3,char3gram,source_only,kdey,replace,0.1,prevalence_error,5,0.8999940391390135,1.2412670766236366e-16,0.8999940391390134,0.8999940391390137
P3,char3gram,source_only,kdey,replace,0.1,false_positive_share,5,0.899981510965025,2.531715380588006e-05,0.8999500755666072,0.9000129463634428
P3,char3gram,source_only,kdey,replace,0.1,prevalence_decision_error,5,0.0,0.0,0.0,0.0
P3,char3gram,source_only,kdey,replace,0.1,decision_regret,0,,,,
P3,char3gram,source_only,median_sweep,replace,0.05,prevalence_absolute_error,5,0.95,0.0,0.95,0.95
P3,char3gram,source_only,median_sweep,replace,0.05,prevalence_error,5,0.95,0.0,0.95,0.95
P3,char3gram,source_only,median_sweep,replace,0.05,false_positive_share,5,0.9499902416476209,1.3362174305395116e-05,0.9499736503168482,0.9500068329783936
P3,char3gram,source_only,median_sweep,replace,0.05,prevalence_decision_error,5,1.0,0.0,1.0,1.0
P3,char3gram,source_only,median_sweep,replace,0.05,decision_regret,0,,,,
P3,char3gram,source_only,median_sweep,replace,0.1,prevalence_absolute_error,5,0.9,0.0,0.9,0.9
P3,char3gram,source_only,median_sweep,replace,0.1,prevalence_error,5,0.9,0.0,0.9,0.9
P3,char3gram,source_only,median_sweep,replace,0.1,false_positive_share,5,0.899981510965025,2.531715380588006e-05,0.8999500755666072,0.9000129463634428
P3,char3gram,source_only,median_sweep,replace,0.1,prevalence_decision_error,5,0.0,0.0,0.0,0.0
P3,char3gram,source_only,median_sweep,replace,0.1,decision_regret,0,,,,
P3,char3gram,source_only,pacc,replace,0.05,prevalence_absolute_error,5,0.95,0.0,0.95,0.95
P3,char3gram,source_only,pacc,replace,0.05,prevalence_error,5,0.95,0.0,0.95,0.95
P3,char3gram,source_only,pacc,replace,0.05,false_positive_share,5,0.9499902416476209,1.3362174305395116e-05,0.9499736503168482,0.9500068329783936
P3,char3gram,source_only,pacc,replace,0.05,prevalence_decision_error,5,1.0,0.0,1.0,1.0
P3,char3gram,source_only,pacc,replace,0.05,decision_regret,0,,,,
P3,char3gram,source_only,pacc,replace,0.1,prevalence_absolute_error,5,0.9,0.0,0.9,0.9
P3,char3gram,source_only,pacc,replace,0.1,prevalence_error,5,0.9,0.0,0.9,0.9
P3,char3gram,source_only,pacc,replace,0.1,false_positive_share,5,0.899981510965025,2.531715380588006e-05,0.8999500755666072,0.9000129463634428
P3,char3gram,source_only,pacc,replace,0.1,prevalence_decision_error,5,0.0,0.0,0.0,0.0
P3,char3gram,source_only,pacc,replace,0.1,decision_regret,0,,,,
P3,char3gram,source_only,pcc,replace,0.05,prevalence_absolute_error,5,0.9146858401395148,0.0034646388569997267,0.9103839228040004,0.9189877574750293
P3,char3gram,source_only,pcc,replace,0.05,prevalence_error,5,0.9146858401395148,0.0034646388569997267,0.9103839228040004,0.9189877574750293
P3,char3gram,source_only,pcc,replace,0.05,false_positive_share,5,0.9499902416476209,1.3362174305395116e-05,0.9499736503168482,0.9500068329783936
P3,char3gram,source_only,pcc,replace,0.05,prevalence_decision_error,5,1.0,0.0,1.0,1.0
P3,char3gram,source_only,pcc,replace,0.05,decision_regret,0,,,,
P3,char3gram,source_only,pcc,replace,0.1,prevalence_absolute_error,5,0.864959678301022,0.0033486625754091167,0.8608017645390043,0.8691175920630398
P3,char3gram,source_only,pcc,replace,0.1,prevalence_error,5,0.864959678301022,0.0033486625754091167,0.8608017645390043,0.8691175920630398
P3,char3gram,source_only,pcc,replace,0.1,false_positive_share,5,0.899981510965025,2.531715380588006e-05,0.8999500755666072,0.9000129463634428
P3,char3gram,source_only,pcc,replace,0.1,prevalence_decision_error,5,0.0,0.0,0.0,0.0
P3,char3gram,source_only,pcc,replace,0.1,decision_regret,0,,,,
P3,char3gram,target_real_anchor,acc,replace,0.05,prevalence_absolute_error,5,0.95,0.0,0.95,0.95
P3,char3gram,target_real_anchor,acc,replace,0.05,prevalence_error,5,0.95,0.0,0.95,0.95
P3,char3gram,target_real_anchor,acc,replace,0.05,false_positive_share,5,0.9195423350352604,0.021777177808881196,0.8925023973674907,0.9465822727030301
P3,char3gram,target_real_anchor,acc,replace,0.05,prevalence_decision_error,5,1.0,0.0,1.0,1.0
P3,char3gram,target_real_anchor,acc,replace,0.05,decision_regret,5,0.0006893704067038079,0.0007360558463678805,-0.00022456363839859007,0.001603304451806206
P3,char3gram,target_real_anchor,acc,replace,0.1,prevalence_absolute_error,5,0.9,0.0,0.9,0.9
P3,char3gram,target_real_anchor,acc,replace,0.1,prevalence_error,5,0.9,0.0,0.9,0.9
P3,char3gram,target_real_anchor,acc,replace,0.1,false_positive_share,5,0.8447562944136078,0.03786834647214769,0.7977365319276355,0.8917760568995801
P3,char3gram,target_real_anchor,acc,replace,0.1,prevalence_decision_error,5,0.0,0.0,0.0,0.0
P3,char3gram,target_real_anchor,acc,replace,0.1,decision_regret,5,0.0006451920997557839,0.0005133616054442037,7.76947621563065e-06,0.001282614723295937
P3,char3gram,target_real_anchor,cc,replace,0.05,prevalence_absolute_error,5,0.00898799999999996,0.0036714465813899406,0.004429296958559785,0.013546703041440135
P3,char3gram,target_real_anchor,cc,replace,0.05,prevalence_error,5,0.002455999999999961,0.009721696354032021,-0.009615080364270393,0.014527080364270317
P3,char3gram,target_real_anchor,cc,replace,0.05,false_positive_share,5,0.9195423350352604,0.021777177808881196,0.8925023973674907,0.9465822727030301
P3,char3gram,target_real_anchor,cc,replace,0.05,prevalence_decision_error,5,0.0,0.0,0.0,0.0
P3,char3gram,target_real_anchor,cc,replace,0.05,decision_regret,5,0.003201798319258444,0.0016730425702067338,0.001124441592370449,0.005279155046146439
P3,char3gram,target_real_anchor,cc,replace,0.1,prevalence_absolute_error,5,0.04531,0.010545122095073151,0.03221650153788462,0.058403498462115386
P3,char3gram,target_real_anchor,cc,replace,0.1,prevalence_error,5,-0.04531,0.010545122095073151,-0.058403498462115386,-0.03221650153788462
P3,char3gram,target_real_anchor,cc,replace,0.1,false_positive_share,5,0.8447562944136078,0.03786834647214769,0.7977365319276355,0.8917760568995801
P3,char3gram,target_real_anchor,cc,replace,0.1,prevalence_decision_error,5,1.0,0.0,1.0,1.0
P3,char3gram,target_real_anchor,cc,replace,0.1,decision_regret,5,0.002432776322189376,0.0007995332649547794,0.0014400246517287153,0.003425527992650037
P3,char3gram,target_real_anchor,dys,replace,0.05,prevalence_absolute_error,5,0.9499940391390134,0.0,0.9499940391390134,0.9499940391390134
P3,char3gram,target_real_anchor,dys,replace,0.05,prevalence_error,5,0.9499940391390134,0.0,0.9499940391390134,0.9499940391390134
P3,char3gram,target_real_anchor,dys,replace,0.05,false_positive_share,5,0.9195423350352604,0.021777177808881196,0.8925023973674907,0.9465822727030301
P3,char3gram,target_real_anchor,dys,replace,0.05,prevalence_decision_error,5,1.0,0.0,1.0,1.0
P3,char3gram,target_real_anchor,dys,replace,0.05,decision_regret,5,0.0006893704067038079,0.0007360558463678805,-0.00022456363839859007,0.001603304451806206
P3,char3gram,target_real_anchor,dys,replace,0.1,prevalence_absolute_error,5,0.8999940391390135,1.2412670766236366e-16,0.8999940391390134,0.8999940391390137
P3,char3gram,target_real_anchor,dys,replace,0.1,prevalence_error,5,0.8999940391390135,1.2412670766236366e-16,0.8999940391390134,0.8999940391390137
P3,char3gram,target_real_anchor,dys,replace,0.1,false_positive_share,5,0.8447562944136078,0.03786834647214769,0.7977365319276355,0.8917760568995801
P3,char3gram,target_real_anchor,dys,replace,0.1,prevalence_decision_error,5,0.0,0.0,0.0,0.0
P3,char3gram,target_real_anchor,dys,replace,0.1,decision_regret,5,0.0006451920997557839,0.0005133616054442037,7.76947621563065e-06,0.001282614723295937
P3,char3gram,target_real_anchor,emq,replace,0.05,prevalence_absolute_error,5,0.949999999889466,7.997866084511855e-11,0.9499999997901594,0.9499999999887727
P3,char3gram,target_real_anchor,emq,replace,0.05,prevalence_error,5,0.949999999889466,7.997866084511855e-11,0.9499999997901594,0.9499999999887727
P3,char3gram,target_real_anchor,emq,replace,0.05,false_positive_share,5,0.9195423350352604,0.021777177808881196,0.8925023973674907,0.9465822727030301
P3,char3gram,target_real_anchor,emq,replace,0.05,prevalence_decision_error,5,1.0,0.0,1.0,1.0
P3,char3gram,target_real_anchor,emq,replace,0.05,decision_regret,5,0.0006893704067038079,0.0007360558463678805,-0.00022456363839859007,0.001603304451806206
P3,char3gram,target_real_anchor,emq,replace,0.1,prevalence_absolute_error,5,0.8999999998966836,7.233803117588181e-11,0.8999999998068641,0.899999999986503
P3,char3gram,target_real_anchor,emq,replace,0.1,prevalence_error,5,0.8999999998966836,7.233803117588181e-11,0.8999999998068641,0.899999999986503
P3,char3gram,target_real_anchor,emq,replace,0.1,false_positive_share,5,0.8447562944136078,0.03786834647214769,0.7977365319276355,0.8917760568995801
P3,char3gram,target_real_anchor,emq,replace,0.1,prevalence_decision_error,5,0.0,0.0,0.0,0.0
P3,char3gram,target_real_anchor,emq,replace,0.1,decision_regret,5,0.0006451920997557839,0.0005133616054442037,7.76947621563065e-06,0.001282614723295937
P3,char3gram,target_real_anchor,hdy,replace,0.05,prevalence_absolute_error,5,0.9499940391390134,0.0,0.9499940391390134,0.9499940391390134
P3,char3gram,target_real_anchor,hdy,replace,0.05,prevalence_error,5,0.9499940391390134,0.0,0.9499940391390134,0.9499940391390134
P3,char3gram,target_real_anchor,hdy,replace,0.05,false_positive_share,5,0.9195423350352604,0.021777177808881196,0.8925023973674907,0.9465822727030301
P3,char3gram,target_real_anchor,hdy,replace,0.05,prevalence_decision_error,5,1.0,0.0,1.0,1.0
P3,char3gram,target_real_anchor,hdy,replace,0.05,decision_regret,5,0.0006893704067038079,0.0007360558463678805,-0.00022456363839859007,0.001603304451806206
P3,char3gram,target_real_anchor,hdy,replace,0.1,prevalence_absolute_error,5,0.8999940391390135,1.2412670766236366e-16,0.8999940391390134,0.8999940391390137
P3,char3gram,target_real_anchor,hdy,replace,0.1,prevalence_error,5,0.8999940391390135,1.2412670766236366e-16,0.8999940391390134,0.8999940391390137
P3,char3gram,target_real_anchor,hdy,replace,0.1,false_positive_share,5,0.8447562944136078,0.03786834647214769,0.7977365319276355,0.8917760568995801
P3,char3gram,target_real_anchor,hdy,replace,0.1,prevalence_decision_error,5,0.0,0.0,0.0,0.0
P3,char3gram,target_real_anchor,hdy,replace,0.1,decision_regret,5,0.0006451920997557839,0.0005133616054442037,7.76947621563065e-06,0.001282614723295937
P3,char3gram,target_real_anchor,kdey,replace,0.05,prevalence_absolute_error,5,0.9499940391390134,0.0,0.9499940391390134,0.9499940391390134
P3,char3gram,target_real_anchor,kdey,replace,0.05,prevalence_error,5,0.9499940391390134,0.0,0.9499940391390134,0.9499940391390134
P3,char3gram,target_real_anchor,kdey,replace,0.05,false_positive_share,5,0.9195423350352604,0.021777177808881196,0.8925023973674907,0.9465822727030301
P3,char3gram,target_real_anchor,kdey,replace,0.05,prevalence_decision_error,5,1.0,0.0,1.0,1.0
P3,char3gram,target_real_anchor,kdey,replace,0.05,decision_regret,5,0.0006893704067038079,0.0007360558463678805,-0.00022456363839859007,0.001603304451806206
P3,char3gram,target_real_anchor,kdey,replace,0.1,prevalence_absolute_error,5,0.8999940391390135,1.2412670766236366e-16,0.8999940391390134,0.8999940391390137
P3,char3gram,target_real_anchor,kdey,replace,0.1,prevalence_error,5,0.8999940391390135,1.2412670766236366e-16,0.8999940391390134,0.8999940391390137
P3,char3gram,target_real_anchor,kdey,replace,0.1,false_positive_share,5,0.8447562944136078,0.03786834647214769,0.7977365319276355,0.8917760568995801
P3,char3gram,target_real_anchor,kdey,replace,0.1,prevalence_decision_error,5,0.0,0.0,0.0,0.0
P3,char3gram,target_real_anchor,kdey,replace,0.1,decision_regret,5,0.0006451920997557839,0.0005133616054442037,7.76947621563065e-06,0.001282614723295937
P3,char3gram,target_real_anchor,median_sweep,replace,0.05,prevalence_absolute_error,5,0.95,0.0,0.95,0.95
P3,char3gram,target_real_anchor,median_sweep,replace,0.05,prevalence_error,5,0.95,0.0,0.95,0.95
P3,char3gram,target_real_anchor,median_sweep,replace,0.05,false_positive_share,5,0.9195423350352604,0.021777177808881196,0.8925023973674907,0.9465822727030301
P3,char3gram,target_real_anchor,median_sweep,replace,0.05,prevalence_decision_error,5,1.0,0.0,1.0,1.0
P3,char3gram,target_real_anchor,median_sweep,replace,0.05,decision_regret,5,0.0006893704067038079,0.0007360558463678805,-0.00022456363839859007,0.001603304451806206
P3,char3gram,target_real_anchor,median_sweep,replace,0.1,prevalence_absolute_error,5,0.9,0.0,0.9,0.9
P3,char3gram,target_real_anchor,median_sweep,replace,0.1,prevalence_error,5,0.9,0.0,0.9,0.9
P3,char3gram,target_real_anchor,median_sweep,replace,0.1,false_positive_share,5,0.8447562944136078,0.03786834647214769,0.7977365319276355,0.8917760568995801
P3,char3gram,target_real_anchor,median_sweep,replace,0.1,prevalence_decision_error,5,0.0,0.0,0.0,0.0
P3,char3gram,target_real_anchor,median_sweep,replace,0.1,decision_regret,5,0.0006451920997557839,0.0005133616054442037,7.76947621563065e-06,0.001282614723295937
P3,char3gram,target_real_anchor,pacc,replace,0.05,prevalence_absolute_error,5,0.95,0.0,0.95,0.95
P3,char3gram,target_real_anchor,pacc,replace,0.05,prevalence_error,5,0.95,0.0,0.95,0.95
P3,char3gram,target_real_anchor,pacc,replace,0.05,false_positive_share,5,0.9195423350352604,0.021777177808881196,0.8925023973674907,0.9465822727030301
P3,char3gram,target_real_anchor,pacc,replace,0.05,prevalence_decision_error,5,1.0,0.0,1.0,1.0
P3,char3gram,target_real_anchor,pacc,replace,0.05,decision_regret,5,0.0006893704067038079,0.0007360558463678805,-0.00022456363839859007,0.001603304451806206
P3,char3gram,target_real_anchor,pacc,replace,0.1,prevalence_absolute_error,5,0.9,0.0,0.9,0.9
P3,char3gram,target_real_anchor,pacc,replace,0.1,prevalence_error,5,0.9,0.0,0.9,0.9
P3,char3gram,target_real_anchor,pacc,replace,0.1,false_positive_share,5,0.8447562944136078,0.03786834647214769,0.7977365319276355,0.8917760568995801
P3,char3gram,target_real_anchor,pacc,replace,0.1,prevalence_decision_error,5,0.0,0.0,0.0,0.0
P3,char3gram,target_real_anchor,pacc,replace,0.1,decision_regret,5,0.0006451920997557839,0.0005133616054442037,7.76947621563065e-06,0.001282614723295937
P3,char3gram,target_real_anchor,pcc,replace,0.05,prevalence_absolute_error,5,0.9146858401395148,0.0034646388569997267,0.9103839228040004,0.9189877574750293
P3,char3gram,target_real_anchor,pcc,replace,0.05,prevalence_error,5,0.9146858401395148,0.0034646388569997267,0.9103839228040004,0.9189877574750293
P3,char3gram,target_real_anchor,pcc,replace,0.05,false_positive_share,5,0.9195423350352604,0.021777177808881196,0.8925023973674907,0.9465822727030301
P3,char3gram,target_real_anchor,pcc,replace,0.05,prevalence_decision_error,5,1.0,0.0,1.0,1.0
P3,char3gram,target_real_anchor,pcc,replace,0.05,decision_regret,5,0.0006893704067038079,0.0007360558463678805,-0.00022456363839859007,0.001603304451806206
P3,char3gram,target_real_anchor,pcc,replace,0.1,prevalence_absolute_error,5,0.864959678301022,0.0033486625754091167,0.8608017645390043,0.8691175920630398
P3,char3gram,target_real_anchor,pcc,replace,0.1,prevalence_error,5,0.864959678301022,0.0033486625754091167,0.8608017645390043,0.8691175920630398
P3,char3gram,target_real_anchor,pcc,replace,0.1,false_positive_share,5,0.8447562944136078,0.03786834647214769,0.7977365319276355,0.8917760568995801
P3,char3gram,target_real_anchor,pcc,replace,0.1,prevalence_decision_error,5,0.0,0.0,0.0,0.0
P3,char3gram,target_real_anchor,pcc,replace,0.1,decision_regret,5,0.0006451920997557839,0.0005133616054442037,7.76947621563065e-06,0.001282614723295937
P3,column_positional_ablation,oracle_target,acc,replace,0.05,prevalence_absolute_error,3,0.14271524837812785,0.16030694777858118,-0.2555092860542365,0.5409397828104922
P3,column_positional_ablation,oracle_target,acc,replace,0.05,prevalence_error,3,0.10011195922150139,0.15854196689655328,-0.293728119641299,0.4939520380843018
P3,column_positional_ablation,oracle_target,acc,replace,0.05,false_positive_share,3,0.893245847480958,0.03663715746332591,0.8022341029749751,0.984257591986941
P3,column_positional_ablation,oracle_target,acc,replace,0.05,prevalence_decision_error,3,0.29000000000000004,0.25632011235952595,-0.3467344573923802,0.9267344573923803
P3,column_positional_ablation,oracle_target,acc,replace,0.05,decision_regret,3,0.0012571366705356,0.000605513771743817,-0.00024704292483739725,0.002761316265908597
P3,column_positional_ablation,oracle_target,acc,replace,0.1,prevalence_absolute_error,3,0.1739337185665739,0.1685187939207446,-0.24469017255062997,0.5925576096837778
P3,column_positional_ablation,oracle_target,acc,replace,0.1,prevalence_error,3,0.09945472042014213,0.15357789107305267,-0.28205391048551237,0.48096335132579665
P3,column_positional_ablation,oracle_target,acc,replace,0.1,false_positive_share,3,0.800024669338648,0.06170875204730629,0.6467316312328841,0.9533177074444119
P3,column_positional_ablation,oracle_target,acc,replace,0.1,prevalence_decision_error,3,0.52,0.06928203230275512,0.3478938908100214,0.6921061091899786
P3,column_positional_ablation,oracle_target,acc,replace,0.1,decision_regret,3,0.0012792177444013002,0.0009165707358129723,-0.0009976701859184534,0.0035561056747210537
P3,column_positional_ablation,oracle_target,cc,replace,0.05,prevalence_absolute_error,5,0.02332399999999997,0.02437558778778476,-0.0069422897911477,0.05359028979114764
P3,column_positional_ablation,oracle_target,cc,replace,0.05,prevalence_error,5,-0.018320000000000034,0.02901712253136066,-0.05434951637865784,0.01770951637865777
P3,column_positional_ablation,oracle_target,cc,replace,0.05,false_positive_share,5,0.5359475084885748,0.48993630592770815,-0.07238876399480587,1.1442837809719553
P3,column_positional_ablation,oracle_target,cc,replace,0.05,prevalence_decision_error,5,0.0,0.0,0.0,0.0
P3,column_positional_ablation,oracle_target,cc,replace,0.05,decision_regret,5,0.0006082413744867841,0.0010347437667336376,-0.0006765627080321274,0.0018930454570056955
P3,column_positional_ablation,oracle_target,cc,replace,0.1,prevalence_absolute_error,5,0.06628,0.03112517710792985,0.02763298814736756,0.10492701185263245
P3,column_positional_ablation,oracle_target,cc,replace,0.1,prevalence_error,5,-0.06628,0.03112517710792985,-0.10492701185263245,-0.02763298814736756
P3,column_positional_ablation,oracle_target,cc,replace,0.1,false_positive_share,5,0.48001480160318877,0.44035874750564663,-0.0667628014686743,1.0267924046750518
P3,column_positional_ablation,oracle_target,cc,replace,0.1,prevalence_decision_error,5,1.0,0.0,1.0,1.0
P3,column_positional_ablation,oracle_target,cc,replace,0.1,decision_regret,5,0.000602763304665544,0.0008772892426821697,-0.000486535163984351,0.001692061773315439
P3,column_positional_ablation,oracle_target,dys,replace,0.05,prevalence_absolute_error,5,0.40185079303609356,0.500494734833804,-0.2195955004975802,1.0232970865697673
P3,column_positional_ablation,oracle_target,dys,replace,0.05,prevalence_error,5,0.37098264716313667,0.5285891577291228,-0.2853474798299661,1.0273127741562393
P3,column_positional_ablation,oracle_target,dys,replace,0.05,false_positive_share,5,0.5359475084885748,0.48993630592770815,-0.07238876399480587,1.1442837809719553
P3,column_positional_ablation,oracle_target,dys,replace,0.05,prevalence_decision_error,5,0.442,0.5109011646101426,-0.19236758273678906,1.0763675827367891
P3,column_positional_ablation,oracle_target,dys,replace,0.05,decision_regret,5,0.0006082413744867841,0.0010347437667336376,-0.0006765627080321274,0.0018930454570056955
P3,column_positional_ablation,oracle_target,dys,replace,0.1,prevalence_absolute_error,5,0.391221951357129,0.4647912988426611,-0.18589267109417007,0.9683365738084281
P3,column_positional_ablation,oracle_target,dys,replace,0.1,prevalence_error,5,0.3415656679053673,0.509922027629079,-0.2915861556927252,0.9747174915034598
P3,column_positional_ablation,oracle_target,dys,replace,0.1,false_positive_share,5,0.48001480160318877,0.44035874750564663,-0.0667628014686743,1.0267924046750518
P3,column_positional_ablation,oracle_target,dys,replace,0.1,prevalence_decision_error,5,0.426,0.3919566302539096,-0.06067843664354383,0.9126784366435439
P3,column_positional_ablation,oracle_target,dys,replace,0.1,decision_regret,5,0.000533127193140984,0.0007299449334495285,-0.0003732191513945379,0.0014394735376765059
P3,column_positional_ablation,oracle_target,emq,replace,0.05,prevalence_absolute_error,5,0.2080577768698682,0.2210938512802709,-0.06646649848906139,0.4825820522287978
P3,column_positional_ablation,oracle_target,emq,replace,0.05,prevalence_error,5,0.1733495106228311,0.25453670073182705,-0.14269954689744424,0.48939856814310645
P3,column_positional_ablation,oracle_target,emq,replace,0.05,false_positive_share,5,0.5359475084885748,0.48993630592770815,-0.07238876399480587,1.1442837809719553
P3,column_positional_ablation,oracle_target,emq,replace,0.05,prevalence_decision_error,5,0.46799999999999997,0.5019163276881915,-0.15521143420107053,1.0912114342010706
P3,column_positional_ablation,oracle_target,emq,replace,0.05,decision_regret,5,0.0007254849737538521,0.000980379493216608,-0.0004918169475504614,0.0019427868950581656
P3,column_positional_ablation,oracle_target,emq,replace,0.1,prevalence_absolute_error,5,0.20546095984892093,0.1777653481661498,-0.015263873097144803,0.4261857927949867
P3,column_positional_ablation,oracle_target,emq,replace,0.1,prevalence_error,5,0.12799229077119673,0.25006383745477556,-0.18250297344907607,0.4384875549914695
P3,column_positional_ablation,oracle_target,emq,replace,0.1,false_positive_share,5,0.48001480160318877,0.44035874750564663,-0.0667628014686743,1.0267924046750518
P3,column_positional_ablation,oracle_target,emq,replace,0.1,prevalence_decision_error,5,0.53,0.4969909455915671,-0.08709576457429458,1.1470957645742947
P3,column_positional_ablation,oracle_target,emq,replace,0.1,decision_regret,5,0.00024958128419380794,0.0002990319964444376,-0.00012171598010224621,0.0006208785484898621
P3,column_positional_ablation,oracle_target,hdy,replace,0.05,prevalence_absolute_error,5,0.4029893199209205,0.49948604301493826,-0.21720451729598506,1.023183157137826
P3,column_positional_ablation,oracle_target,hdy,replace,0.05,prevalence_error,5,0.37916249910538624,0.5211077488005462,-0.2678782317652627,1.0262032299760353
P3,column_positional_ablation,oracle_target,hdy,replace,0.05,false_positive_share,5,0.5359475084885748,0.48993630592770815,-0.07238876399480587,1.1442837809719553
P3,column_positional_ablation,oracle_target,hdy,replace,0.05,prevalence_decision_error,5,0.48,0.48067660646218263,-0.11683883702285092,1.076838837022851
P3,column_positional_ablation,oracle_target,hdy,replace,0.05,decision_regret,5,0.0007254849737538521,0.000980379493216608,-0.0004918169475504614,0.0019427868950581656
P3,column_positional_ablation,oracle_target,hdy,replace,0.1,prevalence_absolute_error,5,0.3894256138577625,0.4663663800676177,-0.18964473024481193,0.9684959579603369
P3,column_positional_ablation,oracle_target,hdy,replace,0.1,prevalence_error,5,0.35073464292998174,0.501416290423404,-0.27185591300164186,0.9733251988616054
P3,column_positional_ablation,oracle_target,hdy,replace,0.1,false_positive_share,5,0.48001480160318877,0.44035874750564663,-0.0667628014686743,1.0267924046750518
P3,column_positional_ablation,oracle_target,hdy,replace,0.1,prevalence_decision_error,5,0.372,0.33966159629843345,-0.04974557569618576,0.7937455756961858
P3,column_positional_ablation,oracle_target,hdy,replace,0.1,decision_regret,5,0.000209782244922004,0.0002891124265806114,-0.00014919824659647015,0.0005687627364404782
P3,column_positional_ablation,oracle_target,kdey,replace,0.05,prevalence_absolute_error,3,0.5485863699259229,0.45564703742714696,-0.583303618994167,1.680476358846013
P3,column_positional_ablation,oracle_target,kdey,replace,0.05,prevalence_error,3,0.5339853436911005,0.48087768969301775,-0.6605810600146979,1.728551747396899
P3,column_positional_ablation,oracle_target,kdey,replace,0.05,false_positive_share,3,0.893245847480958,0.03663715746332591,0.8022341029749751,0.984257591986941
P3,column_positional_ablation,oracle_target,kdey,replace,0.05,prevalence_decision_error,3,0.6666666666666666,0.5773502691896258,-0.7675509099164876,2.100884243249821
P3,column_positional_ablation,oracle_target,kdey,replace,0.05,decision_regret,3,0.0008736129599090867,0.0008996359558041146,-0.0013612066447504676,0.0031084325645686414
P3,column_positional_ablation,oracle_target,kdey,replace,0.1,prevalence_absolute_error,3,0.5205922358824934,0.43060073666702636,-0.5490792927795399,1.5902637645445266
P3,column_positional_ablation,oracle_target,kdey,replace,0.1,prevalence_error,3,0.5056997807039941,0.45633869868747917,-0.6279083900366437,1.639307951444632
P3,column_positional_ablation,oracle_target,kdey,replace,0.1,false_positive_share,3,0.800024669338648,0.06170875204730629,0.6467316312328841,0.9533177074444119
P3,column_positional_ablation,oracle_target,kdey,replace,0.1,prevalence_decision_error,3,0.2733333333333333,0.4734272207354931,-0.902725079464853,1.4493917461315196
P3,column_positional_ablation,oracle_target,kdey,replace,0.1,decision_regret,3,0.0006913575225425201,0.00045007471038147957,-0.0004266900386212211,0.0018094050837062611
P3,column_positional_ablation,oracle_target,median_sweep,replace,0.05,prevalence_absolute_error,1,0.019413222222222196,,,
P3,column_positional_ablation,oracle_target,median_sweep,replace,0.05,prevalence_error,1,-0.006319666666666718,,,
P3,column_positional_ablation,oracle_target,median_sweep,replace,0.05,false_positive_share,1,0.8555780933062881,,,
P3,column_positional_ablation,oracle_target,median_sweep,replace,0.05,prevalence_decision_error,1,0.01,,,
P3,column_positional_ablation,oracle_target,median_sweep,replace,0.05,decision_regret,1,0.0006522438105736801,,,
P3,column_positional_ablation,oracle_target,median_sweep,replace,0.1,prevalence_absolute_error,1,0.022689027777777752,,,
P3,column_positional_ablation,oracle_target,median_sweep,replace,0.1,prevalence_error,1,-0.010744055555555574,,,
P3,column_positional_ablation,oracle_target,median_sweep,replace,0.1,false_positive_share,1,0.7372693726937269,,,
P3,column_positional_ablation,oracle_target,median_sweep,replace,0.1,prevalence_decision_error,1,0.63,,,
P3,column_positional_ablation,oracle_target,median_sweep,replace,0.1,decision_regret,1,0.000570713334252,,,
P3,column_positional_ablation,oracle_target,pacc,replace,0.05,prevalence_absolute_error,3,0.06900974693632989,0.049315591467961745,-0.05349697360650671,0.19151646747916648
P3,column_positional_ablation,oracle_target,pacc,replace,0.05,prevalence_error,3,0.03582338597609204,0.045794298235722924,-0.07793595725440888,0.14958272920659296
P3,column_positional_ablation,oracle_target,pacc,replace,0.05,false_positive_share,3,0.893245847480958,0.03663715746332591,0.8022341029749751,0.984257591986941
P3,column_positional_ablation,oracle_target,pacc,replace,0.05,prevalence_decision_error,3,0.29333333333333333,0.24006943440041117,-0.30303220209930004,0.8896988687659667
P3,column_positional_ablation,oracle_target,pacc,replace,0.05,decision_regret,3,0.0006383442832071867,0.0005932094768547218,-0.0008352697492153121,0.0021119583156296853
P3,column_positional_ablation,oracle_target,pacc,replace,0.1,prevalence_absolute_error,3,0.06286925001140563,0.03855484743491568,-0.0329063004724489,0.15864480049526014
P3,column_positional_ablation,oracle_target,pacc,replace,0.1,prevalence_error,3,0.016854389011681827,0.0272659805891049,-0.05087806161756613,0.08458683964092978
P3,column_positional_ablation,oracle_target,pacc,replace,0.1,false_positive_share,3,0.800024669338648,0.06170875204730629,0.6467316312328841,0.9533177074444119
P3,column_positional_ablation,oracle_target,pacc,replace,0.1,prevalence_decision_error,3,0.48,0.08544003745317527,0.2677551808692067,0.6922448191307933
P3,column_positional_ablation,oracle_target,pacc,replace,0.1,decision_regret,3,0.0004747523629115534,0.00010839583359477517,0.00020548218488215906,0.0007440225409409477
P3,column_positional_ablation,oracle_target,pcc,replace,0.05,prevalence_absolute_error,5,0.44721795395363895,0.0038703373142368147,0.44241229544964644,0.45202361245763145
P3,column_positional_ablation,oracle_target,pcc,replace,0.05,prevalence_error,5,0.44721795395363895,0.0038703373142368147,0.44241229544964644,0.45202361245763145
P3,column_positional_ablation,oracle_target,pcc,replace,0.05,false_positive_share,5,0.5359475084885748,0.48993630592770815,-0.07238876399480587,1.1442837809719553
P3,column_positional_ablation,oracle_target,pcc,replace,0.05,prevalence_decision_error,5,1.0,0.0,1.0,1.0
P3,column_positional_ablation,oracle_target,pcc,replace,0.05,decision_regret,5,0.0005246271025726241,0.0007961032812025063,-0.0004638656805484154,0.0015131198856936636
P3,column_positional_ablation,oracle_target,pcc,replace,0.1,prevalence_absolute_error,5,0.3974735897409711,0.0034903145922341467,0.3931397917693887,0.4018073877125535
P3,column_positional_ablation,oracle_target,pcc,replace,0.1,prevalence_error,5,0.3974735897409711,0.0034903145922341467,0.3931397917693887,0.4018073877125535
P3,column_positional_ablation,oracle_target,pcc,replace,0.1,false_positive_share,5,0.48001480160318877,0.44035874750564663,-0.0667628014686743,1.0267924046750518
P3,column_positional_ablation,oracle_target,pcc,replace,0.1,prevalence_decision_error,5,0.0,0.0,0.0,0.0
P3,column_positional_ablation,oracle_target,pcc,replace,0.1,decision_regret,5,0.000435541627576308,0.0005048787849906703,-0.00019134818320346622,0.0010624314383560823
P3,column_positional_ablation,source_only,acc,replace,0.05,prevalence_absolute_error,5,0.95,0.0,0.95,0.95
P3,column_positional_ablation,source_only,acc,replace,0.05,prevalence_error,5,0.95,0.0,0.95,0.95
P3,column_positional_ablation,source_only,acc,replace,0.05,false_positive_share,5,0.9498919577901436,0.00018116972176344227,0.9496670058690653,0.9501169097112219
P3,column_positional_ablation,source_only,acc,replace,0.05,prevalence_decision_error,5,1.0,0.0,1.0,1.0
P3,column_positional_ablation,source_only,acc,replace,0.05,decision_regret,1,0.10419839176942505,,,
P3,column_positional_ablation,source_only,acc,replace,0.1,prevalence_absolute_error,5,0.9,0.0,0.9,0.9
P3,column_positional_ablation,source_only,acc,replace,0.1,prevalence_error,5,0.9,0.0,0.9,0.9
P3,column_positional_ablation,source_only,acc,replace,0.1,false_positive_share,5,0.8997953640651077,0.00034311938811726805,0.8993693250737969,0.9002214030564186
P3,column_positional_ablation,source_only,acc,replace,0.1,prevalence_decision_error,5,0.0,0.0,0.0,0.0
P3,column_positional_ablation,source_only,acc,replace,0.1,decision_regret,0,,,,
P3,column_positional_ablation,source_only,cc,replace,0.05,prevalence_absolute_error,5,0.9478899999999999,0.0030939133795244243,0.9440483991430835,0.9517316008569163
P3,column_positional_ablation,source_only,cc,replace,0.05,prevalence_error,5,0.9478899999999999,0.0030939133795244243,0.9440483991430835,0.9517316008569163
P3,column_positional_ablation,source_only,cc,replace,0.05,false_positive_share,5,0.9498919577901436,0.00018116972176344227,0.9496670058690653,0.9501169097112219
P3,column_positional_ablation,source_only,cc,replace,0.05,prevalence_decision_error,5,1.0,0.0,1.0,1.0
P3,column_positional_ablation,source_only,cc,replace,0.05,decision_regret,1,0.10419839176942505,,,
P3,column_positional_ablation,source_only,cc,replace,0.1,prevalence_absolute_error,5,0.8979820000000001,0.0029560480374986866,0.894311581574877,0.9016524184251231
P3,column_positional_ablation,source_only,cc,replace,0.1,prevalence_error,5,0.8979820000000001,0.0029560480374986866,0.894311581574877,0.9016524184251231
P3,column_positional_ablation,source_only,cc,replace,0.1,false_positive_share,5,0.8997953640651077,0.00034311938811726805,0.8993693250737969,0.9002214030564186
P3,column_positional_ablation,source_only,cc,replace,0.1,prevalence_decision_error,5,0.0,0.0,0.0,0.0
P3,column_positional_ablation,source_only,cc,replace,0.1,decision_regret,0,,,,
P3,column_positional_ablation,source_only,dys,replace,0.05,prevalence_absolute_error,5,0.9499940391390134,0.0,0.9499940391390134,0.9499940391390134
P3,column_positional_ablation,source_only,dys,replace,0.05,prevalence_error,5,0.9499940391390134,0.0,0.9499940391390134,0.9499940391390134
P3,column_positional_ablation,source_only,dys,replace,0.05,false_positive_share,5,0.9498919577901436,0.00018116972176344227,0.9496670058690653,0.9501169097112219
P3,column_positional_ablation,source_only,dys,replace,0.05,prevalence_decision_error,5,1.0,0.0,1.0,1.0
P3,column_positional_ablation,source_only,dys,replace,0.05,decision_regret,1,0.10419839176942505,,,
P3,column_positional_ablation,source_only,dys,replace,0.1,prevalence_absolute_error,5,0.8999940391390135,1.2412670766236366e-16,0.8999940391390134,0.8999940391390137
P3,column_positional_ablation,source_only,dys,replace,0.1,prevalence_error,5,0.8999940391390135,1.2412670766236366e-16,0.8999940391390134,0.8999940391390137
P3,column_positional_ablation,source_only,dys,replace,0.1,false_positive_share,5,0.8997953640651077,0.00034311938811726805,0.8993693250737969,0.9002214030564186
P3,column_positional_ablation,source_only,dys,replace,0.1,prevalence_decision_error,5,0.0,0.0,0.0,0.0
P3,column_positional_ablation,source_only,dys,replace,0.1,decision_regret,0,,,,
P3,column_positional_ablation,source_only,emq,replace,0.05,prevalence_absolute_error,5,0.949999999697234,3.260496689599586e-10,0.9499999992923899,0.9500000001020782
P3,column_positional_ablation,source_only,emq,replace,0.05,prevalence_error,5,0.949999999697234,3.260496689599586e-10,0.9499999992923899,0.9500000001020782
P3,column_positional_ablation,source_only,emq,replace,0.05,false_positive_share,5,0.9498919577901436,0.00018116972176344227,0.9496670058690653,0.9501169097112219
P3,column_positional_ablation,source_only,emq,replace,0.05,prevalence_decision_error,5,1.0,0.0,1.0,1.0
P3,column_positional_ablation,source_only,emq,replace,0.05,decision_regret,1,0.10419839176942505,,,
P3,column_positional_ablation,source_only,emq,replace,0.1,prevalence_absolute_error,5,0.8999999996792564,3.1454130305453e-10,0.8999999992887018,0.900000000069811
P3,column_positional_ablation,source_only,emq,replace,0.1,prevalence_error,5,0.8999999996792564,3.1454130305453e-10,0.8999999992887018,0.900000000069811
P3,column_positional_ablation,source_only,emq,replace,0.1,false_positive_share,5,0.8997953640651077,0.00034311938811726805,0.8993693250737969,0.9002214030564186
P3,column_positional_ablation,source_only,emq,replace,0.1,prevalence_decision_error,5,0.0,0.0,0.0,0.0
P3,column_positional_ablation,source_only,emq,replace,0.1,decision_regret,0,,,,
P3,column_positional_ablation,source_only,hdy,replace,0.05,prevalence_absolute_error,5,0.9499940391390134,0.0,0.9499940391390134,0.9499940391390134
P3,column_positional_ablation,source_only,hdy,replace,0.05,prevalence_error,5,0.9499940391390134,0.0,0.9499940391390134,0.9499940391390134
P3,column_positional_ablation,source_only,hdy,replace,0.05,false_positive_share,5,0.9498919577901436,0.00018116972176344227,0.9496670058690653,0.9501169097112219
P3,column_positional_ablation,source_only,hdy,replace,0.05,prevalence_decision_error,5,1.0,0.0,1.0,1.0
P3,column_positional_ablation,source_only,hdy,replace,0.05,decision_regret,1,0.10419839176942505,,,
P3,column_positional_ablation,source_only,hdy,replace,0.1,prevalence_absolute_error,5,0.8999940391390135,1.2412670766236366e-16,0.8999940391390134,0.8999940391390137
P3,column_positional_ablation,source_only,hdy,replace,0.1,prevalence_error,5,0.8999940391390135,1.2412670766236366e-16,0.8999940391390134,0.8999940391390137
P3,column_positional_ablation,source_only,hdy,replace,0.1,false_positive_share,5,0.8997953640651077,0.00034311938811726805,0.8993693250737969,0.9002214030564186
P3,column_positional_ablation,source_only,hdy,replace,0.1,prevalence_decision_error,5,0.0,0.0,0.0,0.0
P3,column_positional_ablation,source_only,hdy,replace,0.1,decision_regret,0,,,,
P3,column_positional_ablation,source_only,kdey,replace,0.05,prevalence_absolute_error,5,0.9499940391390134,0.0,0.9499940391390134,0.9499940391390134
P3,column_positional_ablation,source_only,kdey,replace,0.05,prevalence_error,5,0.9499940391390134,0.0,0.9499940391390134,0.9499940391390134
P3,column_positional_ablation,source_only,kdey,replace,0.05,false_positive_share,5,0.9498919577901436,0.00018116972176344227,0.9496670058690653,0.9501169097112219
P3,column_positional_ablation,source_only,kdey,replace,0.05,prevalence_decision_error,5,1.0,0.0,1.0,1.0
P3,column_positional_ablation,source_only,kdey,replace,0.05,decision_regret,1,0.10419839176942505,,,
P3,column_positional_ablation,source_only,kdey,replace,0.1,prevalence_absolute_error,5,0.8999940391390135,1.2412670766236366e-16,0.8999940391390134,0.8999940391390137
P3,column_positional_ablation,source_only,kdey,replace,0.1,prevalence_error,5,0.8999940391390135,1.2412670766236366e-16,0.8999940391390134,0.8999940391390137
P3,column_positional_ablation,source_only,kdey,replace,0.1,false_positive_share,5,0.8997953640651077,0.00034311938811726805,0.8993693250737969,0.9002214030564186
P3,column_positional_ablation,source_only,kdey,replace,0.1,prevalence_decision_error,5,0.0,0.0,0.0,0.0
P3,column_positional_ablation,source_only,kdey,replace,0.1,decision_regret,0,,,,
P3,column_positional_ablation,source_only,median_sweep,replace,0.05,prevalence_absolute_error,5,0.95,0.0,0.95,0.95
P3,column_positional_ablation,source_only,median_sweep,replace,0.05,prevalence_error,5,0.95,0.0,0.95,0.95
P3,column_positional_ablation,source_only,median_sweep,replace,0.05,false_positive_share,5,0.9498919577901436,0.00018116972176344227,0.9496670058690653,0.9501169097112219
P3,column_positional_ablation,source_only,median_sweep,replace,0.05,prevalence_decision_error,5,1.0,0.0,1.0,1.0
P3,column_positional_ablation,source_only,median_sweep,replace,0.05,decision_regret,1,0.10419839176942505,,,
P3,column_positional_ablation,source_only,median_sweep,replace,0.1,prevalence_absolute_error,5,0.9,0.0,0.9,0.9
P3,column_positional_ablation,source_only,median_sweep,replace,0.1,prevalence_error,5,0.9,0.0,0.9,0.9
P3,column_positional_ablation,source_only,median_sweep,replace,0.1,false_positive_share,5,0.8997953640651077,0.00034311938811726805,0.8993693250737969,0.9002214030564186
P3,column_positional_ablation,source_only,median_sweep,replace,0.1,prevalence_decision_error,5,0.0,0.0,0.0,0.0
P3,column_positional_ablation,source_only,median_sweep,replace,0.1,decision_regret,0,,,,
P3,column_positional_ablation,source_only,pacc,replace,0.05,prevalence_absolute_error,5,0.95,0.0,0.95,0.95
P3,column_positional_ablation,source_only,pacc,replace,0.05,prevalence_error,5,0.95,0.0,0.95,0.95
P3,column_positional_ablation,source_only,pacc,replace,0.05,false_positive_share,5,0.9498919577901436,0.00018116972176344227,0.9496670058690653,0.9501169097112219
P3,column_positional_ablation,source_only,pacc,replace,0.05,prevalence_decision_error,5,1.0,0.0,1.0,1.0
P3,column_positional_ablation,source_only,pacc,replace,0.05,decision_regret,1,0.10419839176942505,,,
P3,column_positional_ablation,source_only,pacc,replace,0.1,prevalence_absolute_error,5,0.9,0.0,0.9,0.9
P3,column_positional_ablation,source_only,pacc,replace,0.1,prevalence_error,5,0.9,0.0,0.9,0.9
P3,column_positional_ablation,source_only,pacc,replace,0.1,false_positive_share,5,0.8997953640651077,0.00034311938811726805,0.8993693250737969,0.9002214030564186
P3,column_positional_ablation,source_only,pacc,replace,0.1,prevalence_decision_error,5,0.0,0.0,0.0,0.0
P3,column_positional_ablation,source_only,pacc,replace,0.1,decision_regret,0,,,,
P3,column_positional_ablation,source_only,pcc,replace,0.05,prevalence_absolute_error,5,0.8938098132359565,0.041685806194699616,0.8420500484478985,0.9455695780240145
P3,column_positional_ablation,source_only,pcc,replace,0.05,prevalence_error,5,0.8938098132359565,0.041685806194699616,0.8420500484478985,0.9455695780240145
P3,column_positional_ablation,source_only,pcc,replace,0.05,false_positive_share,5,0.9498919577901436,0.00018116972176344227,0.9496670058690653,0.9501169097112219
P3,column_positional_ablation,source_only,pcc,replace,0.05,prevalence_decision_error,5,1.0,0.0,1.0,1.0
P3,column_positional_ablation,source_only,pcc,replace,0.05,decision_regret,1,0.10419839176942505,,,
P3,column_positional_ablation,source_only,pcc,replace,0.1,prevalence_absolute_error,5,0.8439452080776111,0.0416969515069147,0.7921716045566269,0.8957188115985952
P3,column_positional_ablation,source_only,pcc,replace,0.1,prevalence_error,5,0.8439452080776111,0.0416969515069147,0.7921716045566269,0.8957188115985952
P3,column_positional_ablation,source_only,pcc,replace,0.1,false_positive_share,5,0.8997953640651077,0.00034311938811726805,0.8993693250737969,0.9002214030564186
P3,column_positional_ablation,source_only,pcc,replace,0.1,prevalence_decision_error,5,0.0,0.0,0.0,0.0
P3,column_positional_ablation,source_only,pcc,replace,0.1,decision_regret,0,,,,
P3,column_positional_ablation,target_real_anchor,acc,replace,0.05,prevalence_absolute_error,5,0.050646016082359524,0.033050435487604446,0.009608480212445016,0.09168355195227404
P3,column_positional_ablation,target_real_anchor,acc,replace,0.05,prevalence_error,5,0.04978087454187237,0.034431951594838715,0.007027959858666458,0.09253378922507828
P3,column_positional_ablation,target_real_anchor,acc,replace,0.05,false_positive_share,5,0.9030271325004341,0.035658999291986564,0.8587506368676009,0.9473036281332673
P3,column_positional_ablation,target_real_anchor,acc,replace,0.05,prevalence_decision_error,5,0.446,0.4951060492460176,-0.1687553566416799,1.0607553566416799
P3,column_positional_ablation,target_real_anchor,acc,replace,0.05,decision_regret,5,0.000854979522455904,0.0008023156693410254,-0.00014122695935960266,0.0018511860042714108
P3,column_positional_ablation,target_real_anchor,acc,replace,0.1,prevalence_absolute_error,5,0.028701033838046303,0.014550311362345558,0.010634436056766658,0.04676763161932595
P3,column_positional_ablation,target_real_anchor,acc,replace,0.1,prevalence_error,5,0.0055268048079819936,0.03424665364036185,-0.03699603207620919,0.048049641692173184
P3,column_positional_ablation,target_real_anchor,acc,replace,0.1,false_positive_share,5,0.8169356671648049,0.06095883602231456,0.7412452751034901,0.8926260592261197
P3,column_positional_ablation,target_real_anchor,acc,replace,0.1,prevalence_decision_error,5,0.5359999999999999,0.4852628153897638,-0.06653336753646921,1.138533367536469
P3,column_positional_ablation,target_real_anchor,acc,replace,0.1,decision_regret,5,0.000746657881339556,0.0004649448672420564,0.00016935257853546595,0.0013239631841436461
P3,column_positional_ablation,target_real_anchor,cc,replace,0.05,prevalence_absolute_error,5,0.007617999999999965,0.004164008885677373,0.002447700078453798,0.012788299921546132
P3,column_positional_ablation,target_real_anchor,cc,replace,0.05,prevalence_error,5,-0.0016500000000000356,0.008369238316597251,-0.012041781910106318,0.008741781910106248
P3,column_positional_ablation,target_real_anchor,cc,replace,0.05,false_positive_share,5,0.9030271325004341,0.035658999291986564,0.8587506368676009,0.9473036281332673
P3,column_positional_ablation,target_real_anchor,cc,replace,0.05,prevalence_decision_error,5,0.0,0.0,0.0,0.0
P3,column_positional_ablation,target_real_anchor,cc,replace,0.05,decision_regret,5,0.000746532261019732,0.0009593234273424291,-0.0004446251013448067,0.0019376896233842707
P3,column_positional_ablation,target_real_anchor,cc,replace,0.1,prevalence_absolute_error,5,0.049054,0.010370999469675046,0.036176703333114166,0.061931296666885835
P3,column_positional_ablation,target_real_anchor,cc,replace,0.1,prevalence_error,5,-0.049054,0.010370999469675046,-0.061931296666885835,-0.036176703333114166
P3,column_positional_ablation,target_real_anchor,cc,replace,0.1,false_positive_share,5,0.8169356671648049,0.06095883602231456,0.7412452751034901,0.8926260592261197
P3,column_positional_ablation,target_real_anchor,cc,replace,0.1,prevalence_decision_error,5,1.0,0.0,1.0,1.0
P3,column_positional_ablation,target_real_anchor,cc,replace,0.1,decision_regret,5,0.000971476767391988,0.000684016007802834,0.00012215871630814413,0.001820794818475832
P3,column_positional_ablation,target_real_anchor,dys,replace,0.05,prevalence_absolute_error,5,0.9499940391390134,0.0,0.9499940391390134,0.9499940391390134
P3,column_positional_ablation,target_real_anchor,dys,replace,0.05,prevalence_error,5,0.9499940391390134,0.0,0.9499940391390134,0.9499940391390134
P3,column_positional_ablation,target_real_anchor,dys,replace,0.05,false_positive_share,5,0.9030271325004341,0.035658999291986564,0.8587506368676009,0.9473036281332673
P3,column_positional_ablation,target_real_anchor,dys,replace,0.05,prevalence_decision_error,5,1.0,0.0,1.0,1.0
P3,column_positional_ablation,target_real_anchor,dys,replace,0.05,decision_regret,5,0.0009532484265570719,0.0009898501552740584,-0.0002758128748631323,0.002182309727977276
P3,column_positional_ablation,target_real_anchor,dys,replace,0.1,prevalence_absolute_error,5,0.8999940391390135,1.2412670766236366e-16,0.8999940391390134,0.8999940391390137
P3,column_positional_ablation,target_real_anchor,dys,replace,0.1,prevalence_error,5,0.8999940391390135,1.2412670766236366e-16,0.8999940391390134,0.8999940391390137
P3,column_positional_ablation,target_real_anchor,dys,replace,0.1,false_positive_share,5,0.8169356671648049,0.06095883602231456,0.7412452751034901,0.8926260592261197
P3,column_positional_ablation,target_real_anchor,dys,replace,0.1,prevalence_decision_error,5,0.0,0.0,0.0,0.0
P3,column_positional_ablation,target_real_anchor,dys,replace,0.1,decision_regret,5,0.0007950798505317041,0.00040164381368586134,0.0002963731869767098,0.0012937865140866985
P3,column_positional_ablation,target_real_anchor,emq,replace,0.05,prevalence_absolute_error,5,0.949999999697234,3.260496689599586e-10,0.9499999992923899,0.9500000001020782
P3,column_positional_ablation,target_real_anchor,emq,replace,0.05,prevalence_error,5,0.949999999697234,3.260496689599586e-10,0.9499999992923899,0.9500000001020782
P3,column_positional_ablation,target_real_anchor,emq,replace,0.05,false_positive_share,5,0.9030271325004341,0.035658999291986564,0.8587506368676009,0.9473036281332673
P3,column_positional_ablation,target_real_anchor,emq,replace,0.05,prevalence_decision_error,5,1.0,0.0,1.0,1.0
P3,column_positional_ablation,target_real_anchor,emq,replace,0.05,decision_regret,5,0.0009532484265570719,0.0009898501552740584,-0.0002758128748631323,0.002182309727977276
P3,column_positional_ablation,target_real_anchor,emq,replace,0.1,prevalence_absolute_error,5,0.8999999996792564,3.1454130305453e-10,0.8999999992887018,0.900000000069811
P3,column_positional_ablation,target_real_anchor,emq,replace,0.1,prevalence_error,5,0.8999999996792564,3.1454130305453e-10,0.8999999992887018,0.900000000069811
P3,column_positional_ablation,target_real_anchor,emq,replace,0.1,false_positive_share,5,0.8169356671648049,0.06095883602231456,0.7412452751034901,0.8926260592261197
P3,column_positional_ablation,target_real_anchor,emq,replace,0.1,prevalence_decision_error,5,0.0,0.0,0.0,0.0
P3,column_positional_ablation,target_real_anchor,emq,replace,0.1,decision_regret,5,0.0007950798505317041,0.00040164381368586134,0.0002963731869767098,0.0012937865140866985
P3,column_positional_ablation,target_real_anchor,hdy,replace,0.05,prevalence_absolute_error,5,0.9499940391390134,0.0,0.9499940391390134,0.9499940391390134
P3,column_positional_ablation,target_real_anchor,hdy,replace,0.05,prevalence_error,5,0.9499940391390134,0.0,0.9499940391390134,0.9499940391390134
P3,column_positional_ablation,target_real_anchor,hdy,replace,0.05,false_positive_share,5,0.9030271325004341,0.035658999291986564,0.8587506368676009,0.9473036281332673
P3,column_positional_ablation,target_real_anchor,hdy,replace,0.05,prevalence_decision_error,5,1.0,0.0,1.0,1.0
P3,column_positional_ablation,target_real_anchor,hdy,replace,0.05,decision_regret,5,0.0009532484265570719,0.0009898501552740584,-0.0002758128748631323,0.002182309727977276
P3,column_positional_ablation,target_real_anchor,hdy,replace,0.1,prevalence_absolute_error,5,0.8999940391390135,1.2412670766236366e-16,0.8999940391390134,0.8999940391390137
P3,column_positional_ablation,target_real_anchor,hdy,replace,0.1,prevalence_error,5,0.8999940391390135,1.2412670766236366e-16,0.8999940391390134,0.8999940391390137
P3,column_positional_ablation,target_real_anchor,hdy,replace,0.1,false_positive_share,5,0.8169356671648049,0.06095883602231456,0.7412452751034901,0.8926260592261197
P3,column_positional_ablation,target_real_anchor,hdy,replace,0.1,prevalence_decision_error,5,0.0,0.0,0.0,0.0
P3,column_positional_ablation,target_real_anchor,hdy,replace,0.1,decision_regret,5,0.0007950798505317041,0.00040164381368586134,0.0002963731869767098,0.0012937865140866985
P3,column_positional_ablation,target_real_anchor,kdey,replace,0.05,prevalence_absolute_error,5,0.9499940391390134,0.0,0.9499940391390134,0.9499940391390134
P3,column_positional_ablation,target_real_anchor,kdey,replace,0.05,prevalence_error,5,0.9499940391390134,0.0,0.9499940391390134,0.9499940391390134
P3,column_positional_ablation,target_real_anchor,kdey,replace,0.05,false_positive_share,5,0.9030271325004341,0.035658999291986564,0.8587506368676009,0.9473036281332673
P3,column_positional_ablation,target_real_anchor,kdey,replace,0.05,prevalence_decision_error,5,1.0,0.0,1.0,1.0
P3,column_positional_ablation,target_real_anchor,kdey,replace,0.05,decision_regret,5,0.0009532484265570719,0.0009898501552740584,-0.0002758128748631323,0.002182309727977276
P3,column_positional_ablation,target_real_anchor,kdey,replace,0.1,prevalence_absolute_error,5,0.8999940391390135,1.2412670766236366e-16,0.8999940391390134,0.8999940391390137
P3,column_positional_ablation,target_real_anchor,kdey,replace,0.1,prevalence_error,5,0.8999940391390135,1.2412670766236366e-16,0.8999940391390134,0.8999940391390137
P3,column_positional_ablation,target_real_anchor,kdey,replace,0.1,false_positive_share,5,0.8169356671648049,0.06095883602231456,0.7412452751034901,0.8926260592261197
P3,column_positional_ablation,target_real_anchor,kdey,replace,0.1,prevalence_decision_error,5,0.0,0.0,0.0,0.0
P3,column_positional_ablation,target_real_anchor,kdey,replace,0.1,decision_regret,5,0.0007950798505317041,0.00040164381368586134,0.0002963731869767098,0.0012937865140866985
P3,column_positional_ablation,target_real_anchor,median_sweep,replace,0.05,prevalence_absolute_error,5,0.95,0.0,0.95,0.95
P3,column_positional_ablation,target_real_anchor,median_sweep,replace,0.05,prevalence_error,5,0.95,0.0,0.95,0.95
P3,column_positional_ablation,target_real_anchor,median_sweep,replace,0.05,false_positive_share,5,0.9030271325004341,0.035658999291986564,0.8587506368676009,0.9473036281332673
P3,column_positional_ablation,target_real_anchor,median_sweep,replace,0.05,prevalence_decision_error,5,1.0,0.0,1.0,1.0
P3,column_positional_ablation,target_real_anchor,median_sweep,replace,0.05,decision_regret,5,0.0009532484265570719,0.0009898501552740584,-0.0002758128748631323,0.002182309727977276
P3,column_positional_ablation,target_real_anchor,median_sweep,replace,0.1,prevalence_absolute_error,5,0.9,0.0,0.9,0.9
P3,column_positional_ablation,target_real_anchor,median_sweep,replace,0.1,prevalence_error,5,0.9,0.0,0.9,0.9
P3,column_positional_ablation,target_real_anchor,median_sweep,replace,0.1,false_positive_share,5,0.8169356671648049,0.06095883602231456,0.7412452751034901,0.8926260592261197
P3,column_positional_ablation,target_real_anchor,median_sweep,replace,0.1,prevalence_decision_error,5,0.0,0.0,0.0,0.0
P3,column_positional_ablation,target_real_anchor,median_sweep,replace,0.1,decision_regret,5,0.0007950798505317041,0.00040164381368586134,0.0002963731869767098,0.0012937865140866985
P3,column_positional_ablation,target_real_anchor,pacc,replace,0.05,prevalence_absolute_error,5,0.95,0.0,0.95,0.95
P3,column_positional_ablation,target_real_anchor,pacc,replace,0.05,prevalence_error,5,0.95,0.0,0.95,0.95
P3,column_positional_ablation,target_real_anchor,pacc,replace,0.05,false_positive_share,5,0.9030271325004341,0.035658999291986564,0.8587506368676009,0.9473036281332673
P3,column_positional_ablation,target_real_anchor,pacc,replace,0.05,prevalence_decision_error,5,1.0,0.0,1.0,1.0
P3,column_positional_ablation,target_real_anchor,pacc,replace,0.05,decision_regret,5,0.0009532484265570719,0.0009898501552740584,-0.0002758128748631323,0.002182309727977276
P3,column_positional_ablation,target_real_anchor,pacc,replace,0.1,prevalence_absolute_error,5,0.9,0.0,0.9,0.9
P3,column_positional_ablation,target_real_anchor,pacc,replace,0.1,prevalence_error,5,0.9,0.0,0.9,0.9
P3,column_positional_ablation,target_real_anchor,pacc,replace,0.1,false_positive_share,5,0.8169356671648049,0.06095883602231456,0.7412452751034901,0.8926260592261197
P3,column_positional_ablation,target_real_anchor,pacc,replace,0.1,prevalence_decision_error,5,0.0,0.0,0.0,0.0
P3,column_positional_ablation,target_real_anchor,pacc,replace,0.1,decision_regret,5,0.0007950798505317041,0.00040164381368586134,0.0002963731869767098,0.0012937865140866985
P3,column_positional_ablation,target_real_anchor,pcc,replace,0.05,prevalence_absolute_error,5,0.8938098132359565,0.041685806194699616,0.8420500484478985,0.9455695780240145
P3,column_positional_ablation,target_real_anchor,pcc,replace,0.05,prevalence_error,5,0.8938098132359565,0.041685806194699616,0.8420500484478985,0.9455695780240145
P3,column_positional_ablation,target_real_anchor,pcc,replace,0.05,false_positive_share,5,0.9030271325004341,0.035658999291986564,0.8587506368676009,0.9473036281332673
P3,column_positional_ablation,target_real_anchor,pcc,replace,0.05,prevalence_decision_error,5,1.0,0.0,1.0,1.0
P3,column_positional_ablation,target_real_anchor,pcc,replace,0.05,decision_regret,5,0.0009532484265570719,0.0009898501552740584,-0.0002758128748631323,0.002182309727977276
P3,column_positional_ablation,target_real_anchor,pcc,replace,0.1,prevalence_absolute_error,5,0.8439452080776111,0.0416969515069147,0.7921716045566269,0.8957188115985952
P3,column_positional_ablation,target_real_anchor,pcc,replace,0.1,prevalence_error,5,0.8439452080776111,0.0416969515069147,0.7921716045566269,0.8957188115985952
P3,column_positional_ablation,target_real_anchor,pcc,replace,0.1,false_positive_share,5,0.8169356671648049,0.06095883602231456,0.7412452751034901,0.8926260592261197
P3,column_positional_ablation,target_real_anchor,pcc,replace,0.1,prevalence_decision_error,5,0.0,0.0,0.0,0.0
P3,column_positional_ablation,target_real_anchor,pcc,replace,0.1,decision_regret,5,0.0007950798505317041,0.00040164381368586134,0.0002963731869767098,0.0012937865140866985
P3,datum_ta,oracle_target,acc,replace,0.05,prevalence_absolute_error,3,0.11172654894153218,0.08529591853274456,-0.10016025894404244,0.3236133568271068
P3,datum_ta,oracle_target,acc,replace,0.05,prevalence_error,3,0.08582166311204437,0.10892837306747785,-0.18477141630448635,0.3564147425285751
P3,datum_ta,oracle_target,acc,replace,0.05,false_positive_share,3,0.8949579177235929,0.011679813937423868,0.8659436514554112,0.9239721839917746
P3,datum_ta,oracle_target,acc,replace,0.05,prevalence_decision_error,3,0.5133333333333333,0.39017090272511784,-0.4559049201538016,1.4825715868204683
P3,datum_ta,oracle_target,acc,replace,0.05,decision_regret,3,0.0016040860330127735,0.0017242548047867671,-0.0026792003522247386,0.005887372418250285
P3,datum_ta,oracle_target,acc,replace,0.1,prevalence_absolute_error,3,0.12535774554899634,0.08523616015909394,-0.08638061430699992,0.3370961054049926
P3,datum_ta,oracle_target,acc,replace,0.1,prevalence_error,3,0.09051248905452917,0.11808205500086223,-0.20281959685408935,0.3838445749631477
P3,datum_ta,oracle_target,acc,replace,0.1,false_positive_share,3,0.8015746934225195,0.019800362692136773,0.7523878657526483,0.8507615210923908
P3,datum_ta,oracle_target,acc,replace,0.1,prevalence_decision_error,3,0.33,0.29512709126747416,-0.403136337176714,1.063136337176714
P3,datum_ta,oracle_target,acc,replace,0.1,decision_regret,3,0.0006647186845865033,0.0009522422821037265,-0.0017007822791105603,0.003030219648283567
P3,datum_ta,oracle_target,cc,replace,0.05,prevalence_absolute_error,5,0.025451999999999964,0.02268397496031067,-0.0027138750443734504,0.053617875044373375
P3,datum_ta,oracle_target,cc,replace,0.05,prevalence_error,5,-0.015324000000000036,0.031981245754347944,-0.055033961470880854,0.024385961470880787
P3,datum_ta,oracle_target,cc,replace,0.05,false_positive_share,5,0.5369747506341558,0.4902582088814537,-0.07176121715780615,1.1457107184261177
P3,datum_ta,oracle_target,cc,replace,0.05,prevalence_decision_error,5,0.0,0.0,0.0,0.0
P3,datum_ta,oracle_target,cc,replace,0.05,decision_regret,5,0.000323121931201624,0.00033724764727701643,-9.562633090116901e-05,0.000741870193304417
P3,datum_ta,oracle_target,cc,replace,0.1,prevalence_absolute_error,5,0.062748,0.03424185625809443,0.02023111985265589,0.10526488014734411
P3,datum_ta,oracle_target,cc,replace,0.1,prevalence_error,5,-0.062748,0.03424185625809443,-0.10526488014734411,-0.02023111985265589
P3,datum_ta,oracle_target,cc,replace,0.1,false_positive_share,5,0.48094481605351175,0.43926372934945573,-0.0644731423964296,1.0263627745034531
P3,datum_ta,oracle_target,cc,replace,0.1,prevalence_decision_error,5,1.0,0.0,1.0,1.0
P3,datum_ta,oracle_target,cc,replace,0.1,decision_regret,5,0.0009693087726868041,0.0013331877354084399,-0.0006860624412166613,0.0026246799865902695
P3,datum_ta,oracle_target,dys,replace,0.05,prevalence_absolute_error,5,0.582599981844289,0.5031004925915346,-0.04208178728519896,1.207281750973777
P3,datum_ta,oracle_target,dys,replace,0.05,prevalence_error,5,0.5656453758648465,0.5262915276639402,-0.08783186659512832,1.2191226183248214
P3,datum_ta,oracle_target,dys,replace,0.05,false_positive_share,5,0.5369747506341558,0.4902582088814537,-0.07176121715780615,1.1457107184261177
P3,datum_ta,oracle_target,dys,replace,0.05,prevalence_decision_error,5,0.626,0.513595171316865,-0.011712633875445744,1.2637126338754459
P3,datum_ta,oracle_target,dys,replace,0.05,decision_regret,5,0.0009072661226770959,0.0013547643788951705,-0.0007748960326459208,0.0025894282780001125
P3,datum_ta,oracle_target,dys,replace,0.1,prevalence_absolute_error,5,0.5564607431906127,0.4704645292979787,-0.027698125270567475,1.1406196116517928
P3,datum_ta,oracle_target,dys,replace,0.1,prevalence_error,5,0.534084742613884,0.5010427406369783,-0.08804198999639812,1.1562114752241661
P3,datum_ta,oracle_target,dys,replace,0.1,false_positive_share,5,0.48094481605351175,0.43926372934945573,-0.0644731423964296,1.0263627745034531
P3,datum_ta,oracle_target,dys,replace,0.1,prevalence_decision_error,5,0.248,0.34024990815575545,-0.17447606134913884,0.6704760613491388
P3,datum_ta,oracle_target,dys,replace,0.1,decision_regret,5,0.000275509503726884,0.0004806602192416079,-0.0003213089858741487,0.0008723279933279167
P3,datum_ta,oracle_target,emq,replace,0.05,prevalence_absolute_error,5,0.29806211676951283,0.2314614369758767,0.010664783504057196,0.5854594500349685
P3,datum_ta,oracle_target,emq,replace,0.05,prevalence_error,5,0.26403552025108057,0.2779830451296421,-0.08112601899744826,0.6091970594996095
P3,datum_ta,oracle_target,emq,replace,0.05,false_positive_share,5,0.5369747506341558,0.4902582088814537,-0.07176121715780615,1.1457107184261177
P3,datum_ta,oracle_target,emq,replace,0.05,prevalence_decision_error,5,0.612,0.5317142089506355,-0.04821039058739773,1.2722103905873978
P3,datum_ta,oracle_target,emq,replace,0.05,decision_regret,5,0.0009072661226770959,0.0013547643788951705,-0.0007748960326459208,0.0025894282780001125
P3,datum_ta,oracle_target,emq,replace,0.1,prevalence_absolute_error,5,0.28145954248706256,0.1865174469761407,0.04986754353990913,0.513051541434216
P3,datum_ta,oracle_target,emq,replace,0.1,prevalence_error,5,0.22239420349258748,0.2673904621301154,-0.10961490679744379,0.5544033137826188
P3,datum_ta,oracle_target,emq,replace,0.1,false_positive_share,5,0.48094481605351175,0.43926372934945573,-0.0644731423964296,1.0263627745034531
P3,datum_ta,oracle_target,emq,replace,0.1,prevalence_decision_error,5,0.346,0.4833011483536947,-0.2540976362013191,0.946097636201319
P3,datum_ta,oracle_target,emq,replace,0.1,decision_regret,5,0.000289863460825772,0.00048143439773678875,-0.00030791629834091034,0.0008876432199924543
P3,datum_ta,oracle_target,hdy,replace,0.05,prevalence_absolute_error,5,0.5823047346563979,0.503508749700029,-0.04288395262671851,1.2074934219395144
P3,datum_ta,oracle_target,hdy,replace,0.05,prevalence_error,5,0.5652290111523499,0.5268613114422176,-0.08895571131187252,1.2194137336165722
P3,datum_ta,oracle_target,hdy,replace,0.05,false_positive_share,5,0.5369747506341558,0.4902582088814537,-0.07176121715780615,1.1457107184261177
P3,datum_ta,oracle_target,hdy,replace,0.05,prevalence_decision_error,5,0.624,0.5160717004448122,-0.016787650934120824,1.264787650934121
P3,datum_ta,oracle_target,hdy,replace,0.05,decision_regret,5,0.0009072661226770959,0.0013547643788951705,-0.0007748960326459208,0.0025894282780001125
P3,datum_ta,oracle_target,hdy,replace,0.1,prevalence_absolute_error,5,0.5537866322425918,0.4740915305971436,-0.034875753153199573,1.1424490176383832
P3,datum_ta,oracle_target,hdy,replace,0.1,prevalence_error,5,0.5346213028398201,0.5003076155744267,-0.08659265144611428,1.1558352571257546
P3,datum_ta,oracle_target,hdy,replace,0.1,false_positive_share,5,0.48094481605351175,0.43926372934945573,-0.0644731423964296,1.0263627745034531
P3,datum_ta,oracle_target,hdy,replace,0.1,prevalence_decision_error,5,0.26799999999999996,0.3686732971073441,-0.1897683601172691,0.7257683601172691
P3,datum_ta,oracle_target,hdy,replace,0.1,decision_regret,5,0.00044296549645488797,0.0008141791939972469,-0.0005679714968180517,0.0014539024897278277
P3,datum_ta,oracle_target,kdey,replace,0.05,prevalence_absolute_error,3,0.05624022649858871,0.04248240199050206,-0.04929191037175475,0.16177236336893216
P3,datum_ta,oracle_target,kdey,replace,0.05,prevalence_error,3,0.03322097710134516,0.05704533468965131,-0.10848749008063696,0.1749294442833273
P3,datum_ta,oracle_target,kdey,replace,0.05,false_positive_share,3,0.8949579177235929,0.011679813937423868,0.8659436514554112,0.9239721839917746
P3,datum_ta,oracle_target,kdey,replace,0.05,prevalence_decision_error,3,0.33666666666666667,0.38940124978399,-0.630659662924453,1.3039929962577863
P3,datum_ta,oracle_target,kdey,replace,0.05,decision_regret,3,0.0007947419112582133,0.0008195045513380736,-0.0012410202496717297,0.0028305040721881562
P3,datum_ta,oracle_target,kdey,replace,0.1,prevalence_absolute_error,3,0.05798007894093062,0.03819196254522859,-0.036894015503427836,0.1528541733852891
P3,datum_ta,oracle_target,kdey,replace,0.1,prevalence_error,3,0.035015984712543476,0.04881263431150811,-0.08624132099055193,0.1562732904156389
P3,datum_ta,oracle_target,kdey,replace,0.1,false_positive_share,3,0.8015746934225195,0.019800362692136773,0.7523878657526483,0.8507615210923908
P3,datum_ta,oracle_target,kdey,replace,0.1,prevalence_decision_error,3,0.34,0.22869193252058542,-0.22810225394744793,0.9081022539474479
P3,datum_ta,oracle_target,kdey,replace,0.1,decision_regret,3,0.00045918250621147333,0.0005792748469564263,-0.0009798159865813862,0.001898180999004333
P3,datum_ta,oracle_target,median_sweep,replace,0.05,prevalence_absolute_error,1,0.023155853352209103,,,
P3,datum_ta,oracle_target,median_sweep,replace,0.05,prevalence_error,1,-0.00767850963761493,,,
P3,datum_ta,oracle_target,median_sweep,replace,0.05,false_positive_share,1,0.8941176470588236,,,
P3,datum_ta,oracle_target,median_sweep,replace,0.05,prevalence_decision_error,1,0.02,,,
P3,datum_ta,oracle_target,median_sweep,replace,0.05,decision_regret,1,0.00042372881355926,,,
P3,datum_ta,oracle_target,median_sweep,replace,0.1,prevalence_absolute_error,1,0.027157135109342093,,,
P3,datum_ta,oracle_target,median_sweep,replace,0.1,prevalence_error,1,-0.013218802765107375,,,
P3,datum_ta,oracle_target,median_sweep,replace,0.1,false_positive_share,1,0.8,,,
P3,datum_ta,oracle_target,median_sweep,replace,0.1,prevalence_decision_error,1,0.72,,,
P3,datum_ta,oracle_target,median_sweep,replace,0.1,decision_regret,1,0.00026755776032334,,,
P3,datum_ta,oracle_target,pacc,replace,0.05,prevalence_absolute_error,3,0.05983203706074595,0.04408766480964819,-0.049687793715909055,0.16935186783740094
P3,datum_ta,oracle_target,pacc,replace,0.05,prevalence_error,3,0.024727727680862507,0.06517046747903088,-0.13716468827619657,0.1866201436379216
P3,datum_ta,oracle_target,pacc,replace,0.05,false_positive_share,3,0.8949579177235929,0.011679813937423868,0.8659436514554112,0.9239721839917746
P3,datum_ta,oracle_target,pacc,replace,0.05,prevalence_decision_error,3,0.26333333333333336,0.3478984526170436,-0.60089433267225,1.1275609993389166
P3,datum_ta,oracle_target,pacc,replace,0.05,decision_regret,3,0.0016411762288471665,0.0017376469687938572,-0.0026753781360423032,0.005957730593736636
P3,datum_ta,oracle_target,pacc,replace,0.1,prevalence_absolute_error,3,0.06964152253045706,0.039814157537360534,-0.029262327669668894,0.168545372730583
P3,datum_ta,oracle_target,pacc,replace,0.1,prevalence_error,3,0.02165898217547084,0.06881110143398758,-0.14927726988377493,0.19259523423471658
P3,datum_ta,oracle_target,pacc,replace,0.1,false_positive_share,3,0.8015746934225195,0.019800362692136773,0.7523878657526483,0.8507615210923908
P3,datum_ta,oracle_target,pacc,replace,0.1,prevalence_decision_error,3,0.49000000000000005,0.3260368077380222,-0.31992032952071275,1.299920329520713
P3,datum_ta,oracle_target,pacc,replace,0.1,decision_regret,3,0.0006334117917169066,0.0004164829288351545,-0.0004011891581027296,0.0016680127415365429
P3,datum_ta,oracle_target,pcc,replace,0.05,prevalence_absolute_error,5,0.4366817216672295,0.0206127985230982,0.41108755183887075,0.4622758914955883
P3,datum_ta,oracle_target,pcc,replace,0.05,prevalence_error,5,0.4366817216672295,0.0206127985230982,0.41108755183887075,0.4622758914955883
P3,datum_ta,oracle_target,pcc,replace,0.05,false_positive_share,5,0.5369747506341558,0.4902582088814537,-0.07176121715780615,1.1457107184261177
P3,datum_ta,oracle_target,pcc,replace,0.05,prevalence_decision_error,5,1.0,0.0,1.0,1.0
P3,datum_ta,oracle_target,pcc,replace,0.05,decision_regret,5,0.0007493128833639215,0.0014010824312671998,-0.0009903607300563602,0.0024889864967842035
P3,datum_ta,oracle_target,pcc,replace,0.1,prevalence_absolute_error,5,0.3880380655224994,0.018693138445470478,0.36482746850132003,0.4112486625436788
P3,datum_ta,oracle_target,pcc,replace,0.1,prevalence_error,5,0.3880380655224994,0.018693138445470478,0.36482746850132003,0.4112486625436788
P3,datum_ta,oracle_target,pcc,replace,0.1,false_positive_share,5,0.48094481605351175,0.43926372934945573,-0.0644731423964296,1.0263627745034531
P3,datum_ta,oracle_target,pcc,replace,0.1,prevalence_decision_error,5,0.0,0.0,0.0,0.0
P3,datum_ta,oracle_target,pcc,replace,0.1,decision_regret,5,0.00041640802773270594,0.0006154567573482958,-0.00034778247031790293,0.0011805985257833148
P3,datum_ta,source_only,acc,replace,0.05,prevalence_absolute_error,5,0.40932193858845095,0.4935712249582458,-0.20352768199153398,1.022171559168436
P3,datum_ta,source_only,acc,replace,0.05,prevalence_error,5,0.350678061411549,0.5471053257141992,-0.32864292475331625,1.0299990475764143
P3,datum_ta,source_only,acc,replace,0.05,false_positive_share,5,0.9363161153914579,0.041973241300815124,0.8841994527803164,0.9884327780025993
P3,datum_ta,source_only,acc,replace,0.05,prevalence_decision_error,5,0.4,0.5477225575051662,-0.28008738065825567,1.0800873806582558
P3,datum_ta,source_only,acc,replace,0.05,decision_regret,3,0.000854623170279393,0.0008651440615951079,-0.0012945138192258648,0.003003760159784651
P3,datum_ta,source_only,acc,replace,0.1,prevalence_absolute_error,5,0.4182194821264894,0.4398184460869029,-0.1278872481255411,0.9643262123785199
P3,datum_ta,source_only,acc,replace,0.1,prevalence_error,5,0.30178051787351057,0.5461092686871181,-0.37630370014067005,0.9798647358876912
P3,datum_ta,source_only,acc,replace,0.1,false_positive_share,5,0.8770999178270641,0.0763737895704274,0.7822693329110743,0.9719305027430539
P3,datum_ta,source_only,acc,replace,0.1,prevalence_decision_error,5,0.6,0.5477225575051662,-0.08008738065825571,1.2800873806582556
P3,datum_ta,source_only,acc,replace,0.1,decision_regret,3,0.0008371844785326348,0.0008404682296729026,-0.0012506543463258603,0.00292502330339113
P3,datum_ta,source_only,cc,replace,0.05,prevalence_absolute_error,5,0.39366999999999996,0.5080658330374126,-0.23717705359995978,1.0245170535999597
P3,datum_ta,source_only,cc,replace,0.05,prevalence_error,5,0.366894,0.5325241953939746,-0.29432212159312493,1.028110121593125
P3,datum_ta,source_only,cc,replace,0.05,false_positive_share,5,0.9363161153914579,0.041973241300815124,0.8841994527803164,0.9884327780025993
P3,datum_ta,source_only,cc,replace,0.05,prevalence_decision_error,5,0.4,0.5477225575051662,-0.28008738065825567,1.0800873806582558
P3,datum_ta,source_only,cc,replace,0.05,decision_regret,3,0.000854623170279393,0.0008651440615951079,-0.0012945138192258648,0.003003760159784651
P3,datum_ta,source_only,cc,replace,0.1,prevalence_absolute_error,5,0.40177399999999996,0.4551374873376176,-0.1633538322600414,0.9669018322600413
P3,datum_ta,source_only,cc,replace,0.1,prevalence_error,5,0.318226,0.5313598896981216,-0.3415444451276808,0.9779964451276808
P3,datum_ta,source_only,cc,replace,0.1,false_positive_share,5,0.8770999178270641,0.0763737895704274,0.7822693329110743,0.9719305027430539
P3,datum_ta,source_only,cc,replace,0.1,prevalence_decision_error,5,0.6,0.5477225575051662,-0.08008738065825571,1.2800873806582556
P3,datum_ta,source_only,cc,replace,0.1,decision_regret,3,0.0008371844785326348,0.0008404682296729026,-0.0012506543463258603,0.00292502330339113
P3,datum_ta,source_only,dys,replace,0.05,prevalence_absolute_error,5,0.5914429649010879,0.49097295969383026,-0.018180483242288825,1.2010664130444648
P3,datum_ta,source_only,dys,replace,0.05,prevalence_error,5,0.5642469051562379,0.5288062000364471,-0.09235271545595647,1.2208465257684322
P3,datum_ta,source_only,dys,replace,0.05,false_positive_share,5,0.9363161153914579,0.041973241300815124,0.8841994527803164,0.9884327780025993
P3,datum_ta,source_only,dys,replace,0.05,prevalence_decision_error,5,0.662,0.4756259034156992,0.07143243911558561,1.2525675608844145
P3,datum_ta,source_only,dys,replace,0.05,decision_regret,3,3.395658756713305e-05,4.038627499351101e-05,-6.636848118136697e-05,0.00013428165631563306
P3,datum_ta,source_only,dys,replace,0.1,prevalence_absolute_error,5,0.573264274348629,0.4475513003211261,0.017555937390606013,1.128972611306652
P3,datum_ta,source_only,dys,replace,0.1,prevalence_error,5,0.5201611420839007,0.5213274448877552,-0.12715237750878183,1.1674746616765832
P3,datum_ta,source_only,dys,replace,0.1,false_positive_share,5,0.8770999178270641,0.0763737895704274,0.7822693329110743,0.9719305027430539
P3,datum_ta,source_only,dys,replace,0.1,prevalence_decision_error,5,0.296,0.4450617934624359,-0.256617205918306,0.8486172059183059
P3,datum_ta,source_only,dys,replace,0.1,decision_regret,3,0.0010550040562163881,0.0010374867032692315,-0.0015222557888142343,0.0036322639012470103
P3,datum_ta,source_only,emq,replace,0.05,prevalence_absolute_error,5,0.7699999845785881,0.40249223677558443,0.27023986461783983,1.2697601045393363
P3,datum_ta,source_only,emq,replace,0.05,prevalence_error,5,0.7499999913379196,0.44721358121125565,0.1947109880401282,1.3052889946357111
P3,datum_ta,source_only,emq,replace,0.05,false_positive_share,5,0.9363161153914579,0.041973241300815124,0.8841994527803164,0.9884327780025993
P3,datum_ta,source_only,emq,replace,0.05,prevalence_decision_error,5,0.8,0.44721359549995804,0.24471097896044125,1.355289021039559
P3,datum_ta,source_only,emq,replace,0.05,decision_regret,3,0.0003165423309403365,0.0004105715987285769,-0.0007033740608349453,0.0013364587227156183
P3,datum_ta,source_only,emq,replace,0.1,prevalence_absolute_error,5,0.739999984710856,0.3577708779668248,0.29576876593369744,1.1842312034880147
P3,datum_ta,source_only,emq,replace,0.1,prevalence_error,5,0.6999999919476657,0.44721358088481794,0.1447109890552002,1.2552889948401313
P3,datum_ta,source_only,emq,replace,0.1,false_positive_share,5,0.8770999178270641,0.0763737895704274,0.7822693329110743,0.9719305027430539
P3,datum_ta,source_only,emq,replace,0.1,prevalence_decision_error,5,0.2,0.44721359549995804,-0.3552890210395588,0.7552890210395589
P3,datum_ta,source_only,emq,replace,0.1,decision_regret,3,0.0009602698348110186,0.0007894807242212114,-0.0010009090049268548,0.002921448674548892
P3,datum_ta,source_only,hdy,replace,0.05,prevalence_absolute_error,5,0.6233850161288652,0.4513454027599317,0.06296567876708026,1.1838043534906502
P3,datum_ta,source_only,hdy,replace,0.05,prevalence_error,5,0.6044054758188313,0.48253631626051946,0.005257504092278764,1.2035534475453837
P3,datum_ta,source_only,hdy,replace,0.05,false_positive_share,5,0.9363161153914579,0.041973241300815124,0.8841994527803164,0.9884327780025993
P3,datum_ta,source_only,hdy,replace,0.05,prevalence_decision_error,5,0.8,0.44721359549995804,0.24471097896044125,1.355289021039559
P3,datum_ta,source_only,hdy,replace,0.05,decision_regret,3,0.0003165423309403365,0.0004105715987285769,-0.0007033740608349453,0.0013364587227156183
P3,datum_ta,source_only,hdy,replace,0.1,prevalence_absolute_error,5,0.5895833084571066,0.42546153715149115,0.06130303515566682,1.1178635817585465
P3,datum_ta,source_only,hdy,replace,0.1,prevalence_error,5,0.5506130725316696,0.486374004296989,-0.05330001826610453,1.1545261633294437
P3,datum_ta,source_only,hdy,replace,0.1,false_positive_share,5,0.8770999178270641,0.0763737895704274,0.7822693329110743,0.9719305027430539
P3,datum_ta,source_only,hdy,replace,0.1,prevalence_decision_error,5,0.2,0.44721359549995804,-0.3552890210395588,0.7552890210395589
P3,datum_ta,source_only,hdy,replace,0.1,decision_regret,3,0.0009602698348110186,0.0007894807242212114,-0.0010009090049268548,0.002921448674548892
P3,datum_ta,source_only,kdey,replace,0.05,prevalence_absolute_error,5,0.8160078662693835,0.2996021905815303,0.44400261244131445,1.1880131200974526
P3,datum_ta,source_only,kdey,replace,0.05,prevalence_error,5,0.8160078662693835,0.2996021905815303,0.44400261244131445,1.1880131200974526
P3,datum_ta,source_only,kdey,replace,0.05,false_positive_share,5,0.9363161153914579,0.041973241300815124,0.8841994527803164,0.9884327780025993
P3,datum_ta,source_only,kdey,replace,0.05,prevalence_decision_error,5,1.0,0.0,1.0,1.0
P3,datum_ta,source_only,kdey,replace,0.05,decision_regret,3,0.0002516533822459632,0.0002981810005564007,-0.000489069286163638,0.0009923760506555645
P3,datum_ta,source_only,kdey,replace,0.1,prevalence_absolute_error,5,0.7649765973338838,0.3019081780243916,0.3901080819177039,1.1398451127500637
P3,datum_ta,source_only,kdey,replace,0.1,prevalence_error,5,0.7649765973338838,0.3019081780243916,0.3901080819177039,1.1398451127500637
P3,datum_ta,source_only,kdey,replace,0.1,false_positive_share,5,0.8770999178270641,0.0763737895704274,0.7822693329110743,0.9719305027430539
P3,datum_ta,source_only,kdey,replace,0.1,prevalence_decision_error,5,0.0,0.0,0.0,0.0
P3,datum_ta,source_only,kdey,replace,0.1,decision_regret,3,0.0006386160138636186,0.0004750277733144227,-0.0005414183919555259,0.0018186504196827631
P3,datum_ta,source_only,median_sweep,replace,0.05,prevalence_absolute_error,5,0.5900000000000001,0.49295030175464943,-0.022078642592429976,1.2020786425924301
P3,datum_ta,source_only,median_sweep,replace,0.05,prevalence_error,5,0.55,0.5477225575051661,-0.13008738065825554,1.2300873806582557
P3,datum_ta,source_only,median_sweep,replace,0.05,false_positive_share,5,0.9363161153914579,0.041973241300815124,0.8841994527803164,0.9884327780025993
P3,datum_ta,source_only,median_sweep,replace,0.05,prevalence_decision_error,5,0.6,0.5477225575051662,-0.08008738065825571,1.2800873806582556
P3,datum_ta,source_only,median_sweep,replace,0.05,decision_regret,3,0.0002974994145224464,0.0004279584920095084,-0.0007656084145421758,0.0013606072435870687
P3,datum_ta,source_only,median_sweep,replace,0.1,prevalence_absolute_error,5,0.58,0.4381780460041329,0.03593009547339543,1.1240699045266045
P3,datum_ta,source_only,median_sweep,replace,0.1,prevalence_error,5,0.5,0.5477225575051662,-0.1800873806582557,1.1800873806582557
P3,datum_ta,source_only,median_sweep,replace,0.1,false_positive_share,5,0.8770999178270641,0.0763737895704274,0.7822693329110743,0.9719305027430539
P3,datum_ta,source_only,median_sweep,replace,0.1,prevalence_decision_error,5,0.4,0.5477225575051662,-0.28008738065825567,1.0800873806582558
P3,datum_ta,source_only,median_sweep,replace,0.1,decision_regret,3,0.0009233323185431815,0.0008484955477803381,-0.0011844474699502102,0.0030311121070365735
P3,datum_ta,source_only,pacc,replace,0.05,prevalence_absolute_error,5,0.7102148036622824,0.36426542024335296,0.25791954555554647,1.1625100617690183
P3,datum_ta,source_only,pacc,replace,0.05,prevalence_error,5,0.7102148036622824,0.36426542024335296,0.25791954555554647,1.1625100617690183
P3,datum_ta,source_only,pacc,replace,0.05,false_positive_share,5,0.9363161153914579,0.041973241300815124,0.8841994527803164,0.9884327780025993
P3,datum_ta,source_only,pacc,replace,0.05,prevalence_decision_error,5,1.0,0.0,1.0,1.0
P3,datum_ta,source_only,pacc,replace,0.05,decision_regret,3,0.0002516533822459632,0.0002981810005564007,-0.000489069286163638,0.0009923760506555645
P3,datum_ta,source_only,pacc,replace,0.1,prevalence_absolute_error,5,0.6627276290937009,0.360523656645024,0.2150783841367993,1.1103768740506024
P3,datum_ta,source_only,pacc,replace,0.1,prevalence_error,5,0.6627276290937009,0.360523656645024,0.2150783841367993,1.1103768740506024
P3,datum_ta,source_only,pacc,replace,0.1,false_positive_share,5,0.8770999178270641,0.0763737895704274,0.7822693329110743,0.9719305027430539
P3,datum_ta,source_only,pacc,replace,0.1,prevalence_decision_error,5,0.0,0.0,0.0,0.0
P3,datum_ta,source_only,pacc,replace,0.1,decision_regret,3,0.0006386160138636186,0.0004750277733144227,-0.0005414183919555259,0.0018186504196827631
P3,datum_ta,source_only,pcc,replace,0.05,prevalence_absolute_error,5,0.6866418500806698,0.2693963446933361,0.35214210762726267,1.021141592534077
P3,datum_ta,source_only,pcc,replace,0.05,prevalence_error,5,0.6866418500806698,0.2693963446933361,0.35214210762726267,1.021141592534077
P3,datum_ta,source_only,pcc,replace,0.05,false_positive_share,5,0.9363161153914579,0.041973241300815124,0.8841994527803164,0.9884327780025993
P3,datum_ta,source_only,pcc,replace,0.05,prevalence_decision_error,5,1.0,0.0,1.0,1.0
P3,datum_ta,source_only,pcc,replace,0.05,decision_regret,3,0.0002516533822459632,0.0002981810005564007,-0.000489069286163638,0.0009923760506555645
P3,datum_ta,source_only,pcc,replace,0.1,prevalence_absolute_error,5,0.6375607995948102,0.26808039535660244,0.30469502405628535,0.970426575133335
P3,datum_ta,source_only,pcc,replace,0.1,prevalence_error,5,0.6375607995948102,0.26808039535660244,0.30469502405628535,0.970426575133335
P3,datum_ta,source_only,pcc,replace,0.1,false_positive_share,5,0.8770999178270641,0.0763737895704274,0.7822693329110743,0.9719305027430539
P3,datum_ta,source_only,pcc,replace,0.1,prevalence_decision_error,5,0.0,0.0,0.0,0.0
P3,datum_ta,source_only,pcc,replace,0.1,decision_regret,3,0.0006386160138636186,0.0004750277733144227,-0.0005414183919555259,0.0018186504196827631
P3,datum_ta,target_real_anchor,acc,replace,0.05,prevalence_absolute_error,4,0.2728373319682924,0.45145879948972334,-0.4455343622436517,0.9912090261802365
P3,datum_ta,target_real_anchor,acc,replace,0.05,prevalence_error,4,0.20216266803170754,0.49857363360879065,-0.5911792410633768,0.995504577126792
P3,datum_ta,target_real_anchor,acc,replace,0.05,false_positive_share,4,0.8997229871248478,0.01552079388310723,0.8750259405506655,0.92442003369903
P3,datum_ta,target_real_anchor,acc,replace,0.05,prevalence_decision_error,4,0.25,0.5,-0.5456115763209269,1.045611576320927
P3,datum_ta,target_real_anchor,acc,replace,0.05,decision_regret,4,0.0011422539579480618,0.0011095086664299142,-0.0006232219201320053,0.002907729836028129
P3,datum_ta,target_real_anchor,acc,replace,0.1,prevalence_absolute_error,4,0.29567737045904635,0.4029575255754167,-0.3455179737678287,0.9368727146859215
P3,datum_ta,target_real_anchor,acc,replace,0.1,prevalence_error,4,0.1543226295409537,0.49717965763767746,-0.6368011527146691,0.9454464117965764
P3,datum_ta,target_real_anchor,acc,replace,0.1,false_positive_share,4,0.8098372978467558,0.02671364309944574,0.7673299304555065,0.8523446652380052
P3,datum_ta,target_real_anchor,acc,replace,0.1,prevalence_decision_error,4,0.75,0.5,-0.04561157632092694,1.545611576320927
P3,datum_ta,target_real_anchor,acc,replace,0.1,decision_regret,4,0.0009722591429385851,0.000828690708999431,-0.0003463726996005027,0.002290890985477673
P3,datum_ta,target_real_anchor,cc,replace,0.05,prevalence_absolute_error,5,0.007675999999999944,0.001754118011993487,0.0054979748159068725,0.009854025184093016
P3,datum_ta,target_real_anchor,cc,replace,0.05,prevalence_error,5,0.0035439999999999443,0.006275127887142993,-0.004247600381589963,0.011335600381589851
P3,datum_ta,target_real_anchor,cc,replace,0.05,false_positive_share,5,0.9048218679607478,0.017625669092688895,0.8829367092041032,0.9267070267173925
P3,datum_ta,target_real_anchor,cc,replace,0.05,prevalence_decision_error,5,0.0,0.0,0.0,0.0
P3,datum_ta,target_real_anchor,cc,replace,0.05,decision_regret,5,0.0006793481151095573,0.001058094138804969,-0.0006344492837549889,0.0019931455139741037
P3,datum_ta,target_real_anchor,cc,replace,0.1,prevalence_absolute_error,5,0.042513999999999996,0.00599926078779711,0.035064933863956774,0.04996306613604322
P3,datum_ta,target_real_anchor,cc,replace,0.1,prevalence_error,5,-0.042513999999999996,0.00599926078779711,-0.04996306613604322,-0.035064933863956774
P3,datum_ta,target_real_anchor,cc,replace,0.1,false_positive_share,5,0.8187172959045232,0.030487470758710007,0.780862101067143,0.8565724907419034
P3,datum_ta,target_real_anchor,cc,replace,0.1,prevalence_decision_error,5,1.0,0.0,1.0,1.0
P3,datum_ta,target_real_anchor,cc,replace,0.1,decision_regret,5,0.001531186792013788,0.0013431375718868247,-0.00013653877563290237,0.0031989123596604784
P3,datum_ta,target_real_anchor,dys,replace,0.05,prevalence_absolute_error,5,0.5914429649010879,0.49097295969383026,-0.018180483242288825,1.2010664130444648
P3,datum_ta,target_real_anchor,dys,replace,0.05,prevalence_error,5,0.5642469051562379,0.5288062000364471,-0.09235271545595647,1.2208465257684322
P3,datum_ta,target_real_anchor,dys,replace,0.05,false_positive_share,5,0.9048218679607478,0.017625669092688895,0.8829367092041032,0.9267070267173925
P3,datum_ta,target_real_anchor,dys,replace,0.05,prevalence_decision_error,5,0.662,0.4756259034156992,0.07143243911558561,1.2525675608844145
P3,datum_ta,target_real_anchor,dys,replace,0.05,decision_regret,5,0.0006985191014006255,0.0007847678002541863,-0.0002758988231245604,0.0016729370259258114
P3,datum_ta,target_real_anchor,dys,replace,0.1,prevalence_absolute_error,5,0.573264274348629,0.4475513003211261,0.017555937390606013,1.128972611306652
P3,datum_ta,target_real_anchor,dys,replace,0.1,prevalence_error,5,0.5201611420839007,0.5213274448877552,-0.12715237750878183,1.1674746616765832
P3,datum_ta,target_real_anchor,dys,replace,0.1,false_positive_share,5,0.8187172959045232,0.030487470758710007,0.780862101067143,0.8565724907419034
P3,datum_ta,target_real_anchor,dys,replace,0.1,prevalence_decision_error,5,0.296,0.4450617934624359,-0.256617205918306,0.8486172059183059
P3,datum_ta,target_real_anchor,dys,replace,0.1,decision_regret,5,0.0008719476760440201,0.0007394352585749592,-4.618246353099774e-05,0.001790077815619038
P3,datum_ta,target_real_anchor,emq,replace,0.05,prevalence_absolute_error,5,0.7699999845785881,0.40249223677558443,0.27023986461783983,1.2697601045393363
P3,datum_ta,target_real_anchor,emq,replace,0.05,prevalence_error,5,0.7499999913379196,0.44721358121125565,0.1947109880401282,1.3052889946357111
P3,datum_ta,target_real_anchor,emq,replace,0.05,false_positive_share,5,0.9048218679607478,0.017625669092688895,0.8829367092041032,0.9267070267173925
P3,datum_ta,target_real_anchor,emq,replace,0.05,prevalence_decision_error,5,0.8,0.44721359549995804,0.24471097896044125,1.355289021039559
P3,datum_ta,target_real_anchor,emq,replace,0.05,decision_regret,5,0.0007015347639688802,0.0007766000475447026,-0.0002627415560707085,0.001665811084008469
P3,datum_ta,target_real_anchor,emq,replace,0.1,prevalence_absolute_error,5,0.739999984710856,0.3577708779668248,0.29576876593369744,1.1842312034880147
P3,datum_ta,target_real_anchor,emq,replace,0.1,prevalence_error,5,0.6999999919476657,0.44721358088481794,0.1447109890552002,1.2552889948401313
P3,datum_ta,target_real_anchor,emq,replace,0.1,false_positive_share,5,0.8187172959045232,0.030487470758710007,0.780862101067143,0.8565724907419034
P3,datum_ta,target_real_anchor,emq,replace,0.1,prevalence_decision_error,5,0.2,0.44721359549995804,-0.3552890210395588,0.7552890210395589
P3,datum_ta,target_real_anchor,emq,replace,0.1,decision_regret,5,0.0007983216251899041,0.0005276700837096419,0.0001431326793184752,0.001453510571061333
P3,datum_ta,target_real_anchor,hdy,replace,0.05,prevalence_absolute_error,5,0.6233850161288652,0.4513454027599317,0.06296567876708026,1.1838043534906502
P3,datum_ta,target_real_anchor,hdy,replace,0.05,prevalence_error,5,0.6044054758188313,0.48253631626051946,0.005257504092278764,1.2035534475453837
P3,datum_ta,target_real_anchor,hdy,replace,0.05,false_positive_share,5,0.9048218679607478,0.017625669092688895,0.8829367092041032,0.9267070267173925
P3,datum_ta,target_real_anchor,hdy,replace,0.05,prevalence_decision_error,5,0.8,0.44721359549995804,0.24471097896044125,1.355289021039559
P3,datum_ta,target_real_anchor,hdy,replace,0.05,decision_regret,5,0.0007015347639688802,0.0007766000475447026,-0.0002627415560707085,0.001665811084008469
P3,datum_ta,target_real_anchor,hdy,replace,0.1,prevalence_absolute_error,5,0.5895833084571066,0.42546153715149115,0.06130303515566682,1.1178635817585465
P3,datum_ta,target_real_anchor,hdy,replace,0.1,prevalence_error,5,0.5506130725316696,0.486374004296989,-0.05330001826610453,1.1545261633294437
P3,datum_ta,target_real_anchor,hdy,replace,0.1,false_positive_share,5,0.8187172959045232,0.030487470758710007,0.780862101067143,0.8565724907419034
P3,datum_ta,target_real_anchor,hdy,replace,0.1,prevalence_decision_error,5,0.2,0.44721359549995804,-0.3552890210395588,0.7552890210395589
P3,datum_ta,target_real_anchor,hdy,replace,0.1,decision_regret,5,0.0007983216251899041,0.0005276700837096419,0.0001431326793184752,0.001453510571061333
P3,datum_ta,target_real_anchor,kdey,replace,0.05,prevalence_absolute_error,5,0.8160078662693835,0.2996021905815303,0.44400261244131445,1.1880131200974526
P3,datum_ta,target_real_anchor,kdey,replace,0.05,prevalence_error,5,0.8160078662693835,0.2996021905815303,0.44400261244131445,1.1880131200974526
P3,datum_ta,target_real_anchor,kdey,replace,0.05,false_positive_share,5,0.9048218679607478,0.017625669092688895,0.8829367092041032,0.9267070267173925
P3,datum_ta,target_real_anchor,kdey,replace,0.05,prevalence_decision_error,5,1.0,0.0,1.0,1.0
P3,datum_ta,target_real_anchor,kdey,replace,0.05,decision_regret,5,0.0007641511043218722,0.0007358307678107805,-0.00014950346883940713,0.0016778056774831517
P3,datum_ta,target_real_anchor,kdey,replace,0.1,prevalence_absolute_error,5,0.7649765973338838,0.3019081780243916,0.3901080819177039,1.1398451127500637
P3,datum_ta,target_real_anchor,kdey,replace,0.1,prevalence_error,5,0.7649765973338838,0.3019081780243916,0.3901080819177039,1.1398451127500637
P3,datum_ta,target_real_anchor,kdey,replace,0.1,false_positive_share,5,0.8187172959045232,0.030487470758710007,0.780862101067143,0.8565724907419034
P3,datum_ta,target_real_anchor,kdey,replace,0.1,prevalence_decision_error,5,0.0,0.0,0.0,0.0
P3,datum_ta,target_real_anchor,kdey,replace,0.1,decision_regret,5,0.000721830412858004,0.0004225597411233405,0.00019715319521484943,0.0012465076305011587
P3,datum_ta,target_real_anchor,median_sweep,replace,0.05,prevalence_absolute_error,5,0.5900000000000001,0.49295030175464943,-0.022078642592429976,1.2020786425924301
P3,datum_ta,target_real_anchor,median_sweep,replace,0.05,prevalence_error,5,0.55,0.5477225575051661,-0.13008738065825554,1.2300873806582557
P3,datum_ta,target_real_anchor,median_sweep,replace,0.05,false_positive_share,5,0.9048218679607478,0.017625669092688895,0.8829367092041032,0.9267070267173925
P3,datum_ta,target_real_anchor,median_sweep,replace,0.05,prevalence_decision_error,5,0.6,0.5477225575051662,-0.08008738065825571,1.2800873806582556
P3,datum_ta,target_real_anchor,median_sweep,replace,0.05,decision_regret,5,0.0007222618780196694,0.0007622320855067277,-0.00022417426082980757,0.0016686980168691464
P3,datum_ta,target_real_anchor,median_sweep,replace,0.1,prevalence_absolute_error,5,0.58,0.4381780460041329,0.03593009547339543,1.1240699045266045
P3,datum_ta,target_real_anchor,median_sweep,replace,0.1,prevalence_error,5,0.5,0.5477225575051662,-0.1800873806582557,1.1800873806582557
P3,datum_ta,target_real_anchor,median_sweep,replace,0.1,false_positive_share,5,0.8187172959045232,0.030487470758710007,0.780862101067143,0.8565724907419034
P3,datum_ta,target_real_anchor,median_sweep,replace,0.1,prevalence_decision_error,5,0.4,0.5477225575051662,-0.28008738065825567,1.0800873806582558
P3,datum_ta,target_real_anchor,median_sweep,replace,0.1,decision_regret,5,0.000760829089247584,0.0005357430249603083,9.561626286558854e-05,0.0014260419156295794
P3,datum_ta,target_real_anchor,pacc,replace,0.05,prevalence_absolute_error,5,0.7102148036622824,0.36426542024335296,0.25791954555554647,1.1625100617690183
P3,datum_ta,target_real_anchor,pacc,replace,0.05,prevalence_error,5,0.7102148036622824,0.36426542024335296,0.25791954555554647,1.1625100617690183
P3,datum_ta,target_real_anchor,pacc,replace,0.05,false_positive_share,5,0.9048218679607478,0.017625669092688895,0.8829367092041032,0.9267070267173925
P3,datum_ta,target_real_anchor,pacc,replace,0.05,prevalence_decision_error,5,1.0,0.0,1.0,1.0
P3,datum_ta,target_real_anchor,pacc,replace,0.05,decision_regret,5,0.0007641511043218722,0.0007358307678107805,-0.00014950346883940713,0.0016778056774831517
P3,datum_ta,target_real_anchor,pacc,replace,0.1,prevalence_absolute_error,5,0.6627276290937009,0.360523656645024,0.2150783841367993,1.1103768740506024
P3,datum_ta,target_real_anchor,pacc,replace,0.1,prevalence_error,5,0.6627276290937009,0.360523656645024,0.2150783841367993,1.1103768740506024
P3,datum_ta,target_real_anchor,pacc,replace,0.1,false_positive_share,5,0.8187172959045232,0.030487470758710007,0.780862101067143,0.8565724907419034
P3,datum_ta,target_real_anchor,pacc,replace,0.1,prevalence_decision_error,5,0.0,0.0,0.0,0.0
P3,datum_ta,target_real_anchor,pacc,replace,0.1,decision_regret,5,0.000721830412858004,0.0004225597411233405,0.00019715319521484943,0.0012465076305011587
P3,datum_ta,target_real_anchor,pcc,replace,0.05,prevalence_absolute_error,5,0.6866418500806698,0.2693963446933361,0.35214210762726267,1.021141592534077
P3,datum_ta,target_real_anchor,pcc,replace,0.05,prevalence_error,5,0.6866418500806698,0.2693963446933361,0.35214210762726267,1.021141592534077
P3,datum_ta,target_real_anchor,pcc,replace,0.05,false_positive_share,5,0.9048218679607478,0.017625669092688895,0.8829367092041032,0.9267070267173925
P3,datum_ta,target_real_anchor,pcc,replace,0.05,prevalence_decision_error,5,1.0,0.0,1.0,1.0
P3,datum_ta,target_real_anchor,pcc,replace,0.05,decision_regret,5,0.0007641511043218722,0.0007358307678107805,-0.00014950346883940713,0.0016778056774831517
P3,datum_ta,target_real_anchor,pcc,replace,0.1,prevalence_absolute_error,5,0.6375607995948102,0.26808039535660244,0.30469502405628535,0.970426575133335
P3,datum_ta,target_real_anchor,pcc,replace,0.1,prevalence_error,5,0.6375607995948102,0.26808039535660244,0.30469502405628535,0.970426575133335
P3,datum_ta,target_real_anchor,pcc,replace,0.1,false_positive_share,5,0.8187172959045232,0.030487470758710007,0.780862101067143,0.8565724907419034
P3,datum_ta,target_real_anchor,pcc,replace,0.1,prevalence_decision_error,5,0.0,0.0,0.0,0.0
P3,datum_ta,target_real_anchor,pcc,replace,0.1,decision_regret,5,0.000721830412858004,0.0004225597411233405,0.00019715319521484943,0.0012465076305011587
P3,datum_transformer,oracle_target,acc,replace,0.05,prevalence_absolute_error,2,0.12789418660287077,0.10851621322380019,-0.8470853066656521,1.1028736798713936
P3,datum_transformer,oracle_target,acc,replace,0.05,prevalence_error,2,0.07398854066985644,0.156910844924802,-1.3357994672991318,1.4837765486388446
P3,datum_transformer,oracle_target,acc,replace,0.05,false_positive_share,2,0.960413204514722,0.04783128891501724,0.5306661239327046,1.3901602850967394
P3,datum_transformer,oracle_target,acc,replace,0.05,prevalence_decision_error,2,0.365,0.4596194077712559,-3.7645165392567748,4.494516539256775
P3,datum_transformer,oracle_target,acc,replace,0.05,decision_regret,2,0.00079875016575812,0.0009215421146185679,-0.007480977233901596,0.009078477565417836
P3,datum_transformer,oracle_target,acc,replace,0.1,prevalence_absolute_error,2,0.15928760765550237,0.09655680458515299,-0.7082408621401328,1.0268160774511377
P3,datum_transformer,oracle_target,acc,replace,0.1,prevalence_error,2,0.06425703349282294,0.19411230107508004,-1.6797727968612302,1.808286863846876
P3,datum_transformer,oracle_target,acc,replace,0.1,false_positive_share,2,0.9223102017989468,0.09276784877549314,0.08882414931196103,1.7557962542859327
P3,datum_transformer,oracle_target,acc,replace,0.1,prevalence_decision_error,2,0.5700000000000001,0.4666904755831214,-3.623047562937648,4.763047562937649
P3,datum_transformer,oracle_target,acc,replace,0.1,decision_regret,2,0.00080435233867006,0.0006448607399380644,-0.004989491537515662,0.006598196214855782
P3,datum_transformer,oracle_target,cc,replace,0.05,prevalence_absolute_error,5,0.02382599999999997,0.02391734057122575,-0.005871300720069295,0.053523300720069236
P3,datum_transformer,oracle_target,cc,replace,0.05,prevalence_error,5,-0.017950000000000032,0.029414125858165465,-0.054472461116718496,0.01857246111671843
P3,datum_transformer,oracle_target,cc,replace,0.05,false_positive_share,5,0.5741652818058889,0.5247013495445689,-0.07733749373253129,1.225668057344309
P3,datum_transformer,oracle_target,cc,replace,0.05,prevalence_decision_error,5,0.0,0.0,0.0,0.0
P3,datum_transformer,oracle_target,cc,replace,0.05,decision_regret,5,0.000489038524112632,0.0007416041418470646,-0.00043178463973766556,0.0014098616879629296
P3,datum_transformer,oracle_target,cc,replace,0.1,prevalence_absolute_error,5,0.06810000000000001,0.029420537894470935,0.03156957728864587,0.10463042271135414
P3,datum_transformer,oracle_target,cc,replace,0.1,prevalence_error,5,-0.06810000000000001,0.029420537894470935,-0.10463042271135414,-0.03156957728864587
P3,datum_transformer,oracle_target,cc,replace,0.1,false_positive_share,5,0.5489240807195788,0.503321432705306,-0.07603202179493829,1.173880183234096
P3,datum_transformer,oracle_target,cc,replace,0.1,prevalence_decision_error,5,1.0,0.0,1.0,1.0
P3,datum_transformer,oracle_target,cc,replace,0.1,decision_regret,5,0.000364849684789956,0.0004412903084957167,-0.0001830846040254081,0.0009127839736053202
P3,datum_transformer,oracle_target,dys,replace,0.05,prevalence_absolute_error,5,0.422390047526999,0.48236725954110315,-0.1765480125574,1.021328107611398
P3,datum_transformer,oracle_target,dys,replace,0.05,prevalence_error,5,0.39746040779832825,0.5064133667022448,-0.23133483784500997,1.0262556534416665
P3,datum_transformer,oracle_target,dys,replace,0.05,false_positive_share,5,0.5741652818058889,0.5247013495445689,-0.07733749373253129,1.225668057344309
P3,datum_transformer,oracle_target,dys,replace,0.05,prevalence_decision_error,5,0.6,0.43364732214093055,0.061555732180136546,1.1384442678198634
P3,datum_transformer,oracle_target,dys,replace,0.05,decision_regret,5,0.000415218172099736,0.0005177489056380738,-0.0002276520041404581,0.0010580883483399302
P3,datum_transformer,oracle_target,dys,replace,0.1,prevalence_absolute_error,5,0.40818510164506394,0.44916557619543385,-0.14952762354925586,0.9658978268393837
P3,datum_transformer,oracle_target,dys,replace,0.1,prevalence_error,5,0.35899893654719095,0.4957317797507598,-0.25653336713480535,0.9745312402291872
P3,datum_transformer,oracle_target,dys,replace,0.1,false_positive_share,5,0.5489240807195788,0.503321432705306,-0.07603202179493829,1.173880183234096
P3,datum_transformer,oracle_target,dys,replace,0.1,prevalence_decision_error,5,0.366,0.3785234470941001,-0.1039989367327313,0.8359989367327313
P3,datum_transformer,oracle_target,dys,replace,0.1,decision_regret,5,0.000667411825118132,0.0006511391380188235,-0.00014108420038127286,0.001475907850617537
P3,datum_transformer,oracle_target,emq,replace,0.05,prevalence_absolute_error,5,0.23590244670026492,0.20302159783689316,-0.01618216219160848,0.4879870555921383
P3,datum_transformer,oracle_target,emq,replace,0.05,prevalence_error,5,0.23072203253500176,0.20968246317100553,-0.02963313303912249,0.491077198109126
P3,datum_transformer,oracle_target,emq,replace,0.05,false_positive_share,5,0.5741652818058889,0.5247013495445689,-0.07733749373253129,1.225668057344309
P3,datum_transformer,oracle_target,emq,replace,0.05,prevalence_decision_error,5,0.724,0.3701756339901372,0.26436624226219296,1.183633757737807
P3,datum_transformer,oracle_target,emq,replace,0.05,decision_regret,5,0.000387322117631552,0.00040023690160018047,-0.00010963763383801462,0.0008842818691011187
P3,datum_transformer,oracle_target,emq,replace,0.1,prevalence_absolute_error,5,0.21657274874025473,0.17232267731306547,0.0026058842465367937,0.43053961323397266
P3,datum_transformer,oracle_target,emq,replace,0.1,prevalence_error,5,0.19433000740617176,0.19961046138549893,-0.053519116161044905,0.44217913097338846
P3,datum_transformer,oracle_target,emq,replace,0.1,false_positive_share,5,0.5489240807195788,0.503321432705306,-0.07603202179493829,1.173880183234096
P3,datum_transformer,oracle_target,emq,replace,0.1,prevalence_decision_error,5,0.24,0.3550352095215346,-0.20083443775761978,0.6808344377576198
P3,datum_transformer,oracle_target,emq,replace,0.1,decision_regret,5,0.0008808472005055121,0.0008463341572130618,-0.00017001545295607123,0.0019317098539670954
P3,datum_transformer,oracle_target,hdy,replace,0.05,prevalence_absolute_error,5,0.42053031943312236,0.48392933415185846,-0.18034731245795954,1.0214079513242043
P3,datum_transformer,oracle_target,hdy,replace,0.05,prevalence_error,5,0.3972393774919526,0.5061782101859807,-0.23126388277119758,1.0257426377551027
P3,datum_transformer,oracle_target,hdy,replace,0.05,false_positive_share,5,0.5741652818058889,0.5247013495445689,-0.07733749373253129,1.225668057344309
P3,datum_transformer,oracle_target,hdy,replace,0.05,prevalence_decision_error,5,0.618,0.4126984371184364,0.1055672085150775,1.1304327914849224
P3,datum_transformer,oracle_target,hdy,replace,0.05,decision_regret,5,0.000313169917909764,0.0003926193547478889,-0.00017433139987868172,0.0008006712356982097
P3,datum_transformer,oracle_target,hdy,replace,0.1,prevalence_absolute_error,5,0.4057250545194068,0.45136615013215375,-0.15472004410752366,0.9661701531463374
P3,datum_transformer,oracle_target,hdy,replace,0.1,prevalence_error,5,0.3589252355829922,0.49529457569251345,-0.25606420756001086,0.9739146787259954
P3,datum_transformer,oracle_target,hdy,replace,0.1,false_positive_share,5,0.5489240807195788,0.503321432705306,-0.07603202179493829,1.173880183234096
P3,datum_transformer,oracle_target,hdy,replace,0.1,prevalence_decision_error,5,0.348,0.35280306121120886,-0.09006285956203691,0.7860628595620369
P3,datum_transformer,oracle_target,hdy,replace,0.1,decision_regret,5,0.0008582054734826601,0.0007941253993283243,-0.00012783144492250782,0.001844242391887828
P3,datum_transformer,oracle_target,kdey,replace,0.05,prevalence_absolute_error,3,0.37809831812237565,0.3631150414639573,-0.5239294500820253,1.2801260863267767
P3,datum_transformer,oracle_target,kdey,replace,0.05,prevalence_error,3,0.36394418718574356,0.3839962617013383,-0.5899554076777,1.317843782049187
P3,datum_transformer,oracle_target,kdey,replace,0.05,false_positive_share,3,0.9569421363431481,0.034352016569498045,0.8716069965081857,1.0422772761781103
P3,datum_transformer,oracle_target,kdey,replace,0.05,prevalence_decision_error,3,0.6666666666666666,0.5773502691896258,-0.7675509099164876,2.100884243249821
P3,datum_transformer,oracle_target,kdey,replace,0.05,decision_regret,3,0.0011732388791708534,0.0006210050025956678,-0.0003694230669626566,0.0027159008253043633
P3,datum_transformer,oracle_target,kdey,replace,0.1,prevalence_absolute_error,3,0.37075003164272385,0.3213372960575106,-0.42749606368561893,1.1689961269710667
P3,datum_transformer,oracle_target,kdey,replace,0.1,prevalence_error,3,0.3230411717168244,0.39103406353654796,-0.648341292093289,1.2944236355269378
P3,datum_transformer,oracle_target,kdey,replace,0.1,false_positive_share,3,0.9148734678659646,0.0668494720845744,0.7488101732500724,1.0809367624818569
P3,datum_transformer,oracle_target,kdey,replace,0.1,prevalence_decision_error,3,0.3333333333333333,0.5773502691896258,-1.100884243249821,1.7675509099164874
P3,datum_transformer,oracle_target,kdey,replace,0.1,decision_regret,3,0.0011876025590483268,0.0006587522123371781,-0.00044882865431741846,0.002824033772414072
P3,datum_transformer,oracle_target,pacc,replace,0.05,prevalence_absolute_error,3,0.0733598540709207,0.03093481421821636,-0.003486484534540868,0.15020619267638227
P3,datum_transformer,oracle_target,pacc,replace,0.05,prevalence_error,3,0.01810363664647501,0.02826687715726918,-0.052115178893311326,0.08832245218626134
P3,datum_transformer,oracle_target,pacc,replace,0.05,false_positive_share,3,0.9569421363431481,0.034352016569498045,0.8716069965081857,1.0422772761781103
P3,datum_transformer,oracle_target,pacc,replace,0.05,prevalence_decision_error,3,0.28,0.05291502622129183,0.14855178784543144,0.4114482121545686
P3,datum_transformer,oracle_target,pacc,replace,0.05,decision_regret,3,0.0009345862304242533,0.0009381262097324991,-0.0013958484655536472,0.0032650209264021538
P3,datum_transformer,oracle_target,pacc,replace,0.1,prevalence_absolute_error,3,0.09603340934903846,0.030355257819550573,0.02062676864958879,0.17144005004848814
P3,datum_transformer,oracle_target,pacc,replace,0.1,prevalence_error,3,-0.0038675933332614023,0.03524561848610013,-0.09142256338854732,0.0836873767220245
P3,datum_transformer,oracle_target,pacc,replace,0.1,false_positive_share,3,0.9148734678659646,0.0668494720845744,0.7488101732500724,1.0809367624818569
P3,datum_transformer,oracle_target,pacc,replace,0.1,prevalence_decision_error,3,0.62,0.11789826122551596,0.32712448313990417,0.9128755168600958
P3,datum_transformer,oracle_target,pacc,replace,0.1,decision_regret,3,0.00149870044191946,0.00023976319953711344,0.0009030956360593971,0.002094305247779523
P3,datum_transformer,oracle_target,pcc,replace,0.05,prevalence_absolute_error,5,0.4492244602668186,0.0007959709149140159,0.4482361318381526,0.45021278869548464
P3,datum_transformer,oracle_target,pcc,replace,0.05,prevalence_error,5,0.4492244602668186,0.0007959709149140159,0.4482361318381526,0.45021278869548464
P3,datum_transformer,oracle_target,pcc,replace,0.05,false_positive_share,5,0.5741652818058889,0.5247013495445689,-0.07733749373253129,1.225668057344309
P3,datum_transformer,oracle_target,pcc,replace,0.05,prevalence_decision_error,5,1.0,0.0,1.0,1.0
P3,datum_transformer,oracle_target,pcc,replace,0.05,decision_regret,5,0.000540953677623836,0.0005571990803905406,-0.0001509003603293431,0.001232807715577015
P3,datum_transformer,oracle_target,pcc,replace,0.1,prevalence_absolute_error,5,0.3992864593854485,0.0007583539580962722,0.398344838577785,0.40022808019311196
P3,datum_transformer,oracle_target,pcc,replace,0.1,prevalence_error,5,0.3992864593854485,0.0007583539580962722,0.398344838577785,0.40022808019311196
P3,datum_transformer,oracle_target,pcc,replace,0.1,false_positive_share,5,0.5489240807195788,0.503321432705306,-0.07603202179493829,1.173880183234096
P3,datum_transformer,oracle_target,pcc,replace,0.1,prevalence_decision_error,5,0.0,0.0,0.0,0.0
P3,datum_transformer,oracle_target,pcc,replace,0.1,decision_regret,5,0.0009211734306402,0.000893542458527976,-0.00018830607098046777,0.002030652932260868
P3,datum_transformer,source_only,acc,replace,0.05,prevalence_absolute_error,5,0.95,0.0,0.95,0.95
P3,datum_transformer,source_only,acc,replace,0.05,prevalence_error,5,0.95,0.0,0.95,0.95
P3,datum_transformer,source_only,acc,replace,0.05,false_positive_share,5,0.9499951057417377,1.0943894173868692e-05,0.9499815171023419,0.9500086943811336
P3,datum_transformer,source_only,acc,replace,0.05,prevalence_decision_error,5,1.0,0.0,1.0,1.0
P3,datum_transformer,source_only,acc,replace,0.05,decision_regret,0,,,,
P3,datum_transformer,source_only,acc,replace,0.1,prevalence_absolute_error,5,0.9,0.0,0.9,0.9
P3,datum_transformer,source_only,acc,replace,0.1,prevalence_error,5,0.9,0.0,0.9,0.9
P3,datum_transformer,source_only,acc,replace,0.1,false_positive_share,5,0.8999907269074237,2.0735265362406e-05,0.8999649806749299,0.9000164731399174
P3,datum_transformer,source_only,acc,replace,0.1,prevalence_decision_error,5,0.0,0.0,0.0,0.0
P3,datum_transformer,source_only,acc,replace,0.1,decision_regret,0,,,,
P3,datum_transformer,source_only,cc,replace,0.05,prevalence_absolute_error,5,0.9491200000000001,0.0018205630997029816,0.9468594723426407,0.9513805276573595
P3,datum_transformer,source_only,cc,replace,0.05,prevalence_error,5,0.9491200000000001,0.0018205630997029816,0.9468594723426407,0.9513805276573595
P3,datum_transformer,source_only,cc,replace,0.05,false_positive_share,5,0.9499951057417377,1.0943894173868692e-05,0.9499815171023419,0.9500086943811336
P3,datum_transformer,source_only,cc,replace,0.05,prevalence_decision_error,5,1.0,0.0,1.0,1.0
P3,datum_transformer,source_only,cc,replace,0.05,decision_regret,0,,,,
P3,datum_transformer,source_only,cc,replace,0.1,prevalence_absolute_error,5,0.8991859999999999,0.0016838883573444161,0.897095176449691,0.9012768235503089
P3,datum_transformer,source_only,cc,replace,0.1,prevalence_error,5,0.8991859999999999,0.0016838883573444161,0.897095176449691,0.9012768235503089
P3,datum_transformer,source_only,cc,replace,0.1,false_positive_share,5,0.8999907269074237,2.0735265362406e-05,0.8999649806749299,0.9000164731399174
P3,datum_transformer,source_only,cc,replace,0.1,prevalence_decision_error,5,0.0,0.0,0.0,0.0
P3,datum_transformer,source_only,cc,replace,0.1,decision_regret,0,,,,
P3,datum_transformer,source_only,dys,replace,0.05,prevalence_absolute_error,5,0.9499940391390134,0.0,0.9499940391390134,0.9499940391390134
P3,datum_transformer,source_only,dys,replace,0.05,prevalence_error,5,0.9499940391390134,0.0,0.9499940391390134,0.9499940391390134
P3,datum_transformer,source_only,dys,replace,0.05,false_positive_share,5,0.9499951057417377,1.0943894173868692e-05,0.9499815171023419,0.9500086943811336
P3,datum_transformer,source_only,dys,replace,0.05,prevalence_decision_error,5,1.0,0.0,1.0,1.0
P3,datum_transformer,source_only,dys,replace,0.05,decision_regret,0,,,,
P3,datum_transformer,source_only,dys,replace,0.1,prevalence_absolute_error,5,0.8999940391390135,1.2412670766236366e-16,0.8999940391390134,0.8999940391390137
P3,datum_transformer,source_only,dys,replace,0.1,prevalence_error,5,0.8999940391390135,1.2412670766236366e-16,0.8999940391390134,0.8999940391390137
P3,datum_transformer,source_only,dys,replace,0.1,false_positive_share,5,0.8999907269074237,2.0735265362406e-05,0.8999649806749299,0.9000164731399174
P3,datum_transformer,source_only,dys,replace,0.1,prevalence_decision_error,5,0.0,0.0,0.0,0.0
P3,datum_transformer,source_only,dys,replace,0.1,decision_regret,0,,,,
P3,datum_transformer,source_only,emq,replace,0.05,prevalence_absolute_error,5,0.9499999998734499,1.4745651749527075e-10,0.9499999996903584,0.9500000000565413
P3,datum_transformer,source_only,emq,replace,0.05,prevalence_error,5,0.9499999998734499,1.4745651749527075e-10,0.9499999996903584,0.9500000000565413
P3,datum_transformer,source_only,emq,replace,0.05,false_positive_share,5,0.9499951057417377,1.0943894173868692e-05,0.9499815171023419,0.9500086943811336
P3,datum_transformer,source_only,emq,replace,0.05,prevalence_decision_error,5,1.0,0.0,1.0,1.0
P3,datum_transformer,source_only,emq,replace,0.05,decision_regret,0,,,,
P3,datum_transformer,source_only,emq,replace,0.1,prevalence_absolute_error,5,0.899999999881436,1.251539198942915e-10,0.8999999997260368,0.9000000000368351
P3,datum_transformer,source_only,emq,replace,0.1,prevalence_error,5,0.899999999881436,1.251539198942915e-10,0.8999999997260368,0.9000000000368351
P3,datum_transformer,source_only,emq,replace,0.1,false_positive_share,5,0.8999907269074237,2.0735265362406e-05,0.8999649806749299,0.9000164731399174
P3,datum_transformer,source_only,emq,replace,0.1,prevalence_decision_error,5,0.0,0.0,0.0,0.0
P3,datum_transformer,source_only,emq,replace,0.1,decision_regret,0,,,,
P3,datum_transformer,source_only,hdy,replace,0.05,prevalence_absolute_error,5,0.9499940391390134,0.0,0.9499940391390134,0.9499940391390134
P3,datum_transformer,source_only,hdy,replace,0.05,prevalence_error,5,0.9499940391390134,0.0,0.9499940391390134,0.9499940391390134
P3,datum_transformer,source_only,hdy,replace,0.05,false_positive_share,5,0.9499951057417377,1.0943894173868692e-05,0.9499815171023419,0.9500086943811336
P3,datum_transformer,source_only,hdy,replace,0.05,prevalence_decision_error,5,1.0,0.0,1.0,1.0
P3,datum_transformer,source_only,hdy,replace,0.05,decision_regret,0,,,,
P3,datum_transformer,source_only,hdy,replace,0.1,prevalence_absolute_error,5,0.8999940391390135,1.2412670766236366e-16,0.8999940391390134,0.8999940391390137
P3,datum_transformer,source_only,hdy,replace,0.1,prevalence_error,5,0.8999940391390135,1.2412670766236366e-16,0.8999940391390134,0.8999940391390137
P3,datum_transformer,source_only,hdy,replace,0.1,false_positive_share,5,0.8999907269074237,2.0735265362406e-05,0.8999649806749299,0.9000164731399174
P3,datum_transformer,source_only,hdy,replace,0.1,prevalence_decision_error,5,0.0,0.0,0.0,0.0
P3,datum_transformer,source_only,hdy,replace,0.1,decision_regret,0,,,,
P3,datum_transformer,source_only,kdey,replace,0.05,prevalence_absolute_error,5,0.9499940391390134,0.0,0.9499940391390134,0.9499940391390134
P3,datum_transformer,source_only,kdey,replace,0.05,prevalence_error,5,0.9499940391390134,0.0,0.9499940391390134,0.9499940391390134
P3,datum_transformer,source_only,kdey,replace,0.05,false_positive_share,5,0.9499951057417377,1.0943894173868692e-05,0.9499815171023419,0.9500086943811336
P3,datum_transformer,source_only,kdey,replace,0.05,prevalence_decision_error,5,1.0,0.0,1.0,1.0
P3,datum_transformer,source_only,kdey,replace,0.05,decision_regret,0,,,,
P3,datum_transformer,source_only,kdey,replace,0.1,prevalence_absolute_error,5,0.8999940391390135,1.2412670766236366e-16,0.8999940391390134,0.8999940391390137
P3,datum_transformer,source_only,kdey,replace,0.1,prevalence_error,5,0.8999940391390135,1.2412670766236366e-16,0.8999940391390134,0.8999940391390137
P3,datum_transformer,source_only,kdey,replace,0.1,false_positive_share,5,0.8999907269074237,2.0735265362406e-05,0.8999649806749299,0.9000164731399174
P3,datum_transformer,source_only,kdey,replace,0.1,prevalence_decision_error,5,0.0,0.0,0.0,0.0
P3,datum_transformer,source_only,kdey,replace,0.1,decision_regret,0,,,,
P3,datum_transformer,source_only,median_sweep,replace,0.05,prevalence_absolute_error,5,0.95,0.0,0.95,0.95
P3,datum_transformer,source_only,median_sweep,replace,0.05,prevalence_error,5,0.95,0.0,0.95,0.95
P3,datum_transformer,source_only,median_sweep,replace,0.05,false_positive_share,5,0.9499951057417377,1.0943894173868692e-05,0.9499815171023419,0.9500086943811336
P3,datum_transformer,source_only,median_sweep,replace,0.05,prevalence_decision_error,5,1.0,0.0,1.0,1.0
P3,datum_transformer,source_only,median_sweep,replace,0.05,decision_regret,0,,,,
P3,datum_transformer,source_only,median_sweep,replace,0.1,prevalence_absolute_error,5,0.9,0.0,0.9,0.9
P3,datum_transformer,source_only,median_sweep,replace,0.1,prevalence_error,5,0.9,0.0,0.9,0.9
P3,datum_transformer,source_only,median_sweep,replace,0.1,false_positive_share,5,0.8999907269074237,2.0735265362406e-05,0.8999649806749299,0.9000164731399174
P3,datum_transformer,source_only,median_sweep,replace,0.1,prevalence_decision_error,5,0.0,0.0,0.0,0.0
P3,datum_transformer,source_only,median_sweep,replace,0.1,decision_regret,0,,,,
P3,datum_transformer,source_only,pacc,replace,0.05,prevalence_absolute_error,5,0.95,0.0,0.95,0.95
P3,datum_transformer,source_only,pacc,replace,0.05,prevalence_error,5,0.95,0.0,0.95,0.95
P3,datum_transformer,source_only,pacc,replace,0.05,false_positive_share,5,0.9499951057417377,1.0943894173868692e-05,0.9499815171023419,0.9500086943811336
P3,datum_transformer,source_only,pacc,replace,0.05,prevalence_decision_error,5,1.0,0.0,1.0,1.0
P3,datum_transformer,source_only,pacc,replace,0.05,decision_regret,0,,,,
P3,datum_transformer,source_only,pacc,replace,0.1,prevalence_absolute_error,5,0.9,0.0,0.9,0.9
P3,datum_transformer,source_only,pacc,replace,0.1,prevalence_error,5,0.9,0.0,0.9,0.9
P3,datum_transformer,source_only,pacc,replace,0.1,false_positive_share,5,0.8999907269074237,2.0735265362406e-05,0.8999649806749299,0.9000164731399174
P3,datum_transformer,source_only,pacc,replace,0.1,prevalence_decision_error,5,0.0,0.0,0.0,0.0
P3,datum_transformer,source_only,pacc,replace,0.1,decision_regret,0,,,,
P3,datum_transformer,source_only,pcc,replace,0.05,prevalence_absolute_error,5,0.9142646656410027,0.010176618307946039,0.9016287250645648,0.9269006062174406
P3,datum_transformer,source_only,pcc,replace,0.05,prevalence_error,5,0.9142646656410027,0.010176618307946039,0.9016287250645648,0.9269006062174406
P3,datum_transformer,source_only,pcc,replace,0.05,false_positive_share,5,0.9499951057417377,1.0943894173868692e-05,0.9499815171023419,0.9500086943811336
P3,datum_transformer,source_only,pcc,replace,0.05,prevalence_decision_error,5,1.0,0.0,1.0,1.0
P3,datum_transformer,source_only,pcc,replace,0.05,decision_regret,0,,,,
P3,datum_transformer,source_only,pcc,replace,0.1,prevalence_absolute_error,5,0.8643185622475998,0.010123877648300994,0.8517481078494847,0.876889016645715
P3,datum_transformer,source_only,pcc,replace,0.1,prevalence_error,5,0.8643185622475998,0.010123877648300994,0.8517481078494847,0.876889016645715
P3,datum_transformer,source_only,pcc,replace,0.1,false_positive_share,5,0.8999907269074237,2.0735265362406e-05,0.8999649806749299,0.9000164731399174
P3,datum_transformer,source_only,pcc,replace,0.1,prevalence_decision_error,5,0.0,0.0,0.0,0.0
P3,datum_transformer,source_only,pcc,replace,0.1,decision_regret,0,,,,
P3,datum_transformer,target_real_anchor,acc,replace,0.05,prevalence_absolute_error,5,0.085367846407485,0.06542013842896782,0.004138015762729097,0.1665976770522409
P3,datum_transformer,target_real_anchor,acc,replace,0.05,prevalence_error,5,0.08535764897411877,0.06543164367543683,0.004113532679031834,0.1666017652692057
P3,datum_transformer,target_real_anchor,acc,replace,0.05,false_positive_share,5,0.9648979261675479,0.031239984047457613,0.9261083626713599,1.003687489663736
P3,datum_transformer,target_real_anchor,acc,replace,0.05,prevalence_decision_error,5,0.562,0.4436440014245656,0.011143215412057428,1.1128567845879427
P3,datum_transformer,target_real_anchor,acc,replace,0.05,decision_regret,5,0.0007167910873693801,0.0006471281813666805,-8.672467765670304e-05,0.0015203068523954632
P3,datum_transformer,target_real_anchor,acc,replace,0.1,prevalence_absolute_error,5,0.047949887989949036,0.0472783198805419,-0.010753899701281135,0.1066536756811792
P3,datum_transformer,target_real_anchor,acc,replace,0.1,prevalence_error,5,0.03132643775240321,0.062011642239947165,-0.045671185886431015,0.10832406139123743
P3,datum_transformer,target_real_anchor,acc,replace,0.1,false_positive_share,5,0.9302945103875547,0.06051667442298867,0.8551531344655111,1.0054358863095982
P3,datum_transformer,target_real_anchor,acc,replace,0.1,prevalence_decision_error,5,0.45599999999999996,0.44184839028789047,-0.09262723888475932,1.0046272388847592
P3,datum_transformer,target_real_anchor,acc,replace,0.1,decision_regret,5,0.001440545972140788,0.001185982885492872,-3.20462792615286e-05,0.002913138223543104
P3,datum_transformer,target_real_anchor,cc,replace,0.05,prevalence_absolute_error,5,0.013639999999999958,0.008712367646053515,0.002822166754780033,0.024457833245219884
P3,datum_transformer,target_real_anchor,cc,replace,0.05,prevalence_error,5,0.0035759999999999564,0.016775795957271276,-0.017253901881356035,0.02440590188135595
P3,datum_transformer,target_real_anchor,cc,replace,0.05,false_positive_share,5,0.9648979261675479,0.031239984047457613,0.9261083626713599,1.003687489663736
P3,datum_transformer,target_real_anchor,cc,replace,0.05,prevalence_decision_error,5,0.0,0.0,0.0,0.0
P3,datum_transformer,target_real_anchor,cc,replace,0.05,decision_regret,5,0.0005192269153525959,0.0005598246722137459,-0.0001758872254414355,0.0012143410561466274
P3,datum_transformer,target_real_anchor,cc,replace,0.1,prevalence_absolute_error,5,0.047876,0.015660875773723514,0.028430454371425995,0.06732154562857401
P3,datum_transformer,target_real_anchor,cc,replace,0.1,prevalence_error,5,-0.047876,0.015660875773723514,-0.06732154562857401,-0.028430454371425995
P3,datum_transformer,target_real_anchor,cc,replace,0.1,false_positive_share,5,0.9302945103875547,0.06051667442298867,0.8551531344655111,1.0054358863095982
P3,datum_transformer,target_real_anchor,cc,replace,0.1,prevalence_decision_error,5,1.0,0.0,1.0,1.0
P3,datum_transformer,target_real_anchor,cc,replace,0.1,decision_regret,5,0.0005797341426540669,0.0007171404115382823,-0.0003107132880100495,0.0014701815733181834
P3,datum_transformer,target_real_anchor,dys,replace,0.05,prevalence_absolute_error,5,0.9499940391390134,0.0,0.9499940391390134,0.9499940391390134
P3,datum_transformer,target_real_anchor,dys,replace,0.05,prevalence_error,5,0.9499940391390134,0.0,0.9499940391390134,0.9499940391390134
P3,datum_transformer,target_real_anchor,dys,replace,0.05,false_positive_share,5,0.9648979261675479,0.031239984047457613,0.9261083626713599,1.003687489663736
P3,datum_transformer,target_real_anchor,dys,replace,0.05,prevalence_decision_error,5,1.0,0.0,1.0,1.0
P3,datum_transformer,target_real_anchor,dys,replace,0.05,decision_regret,5,0.0011610088714404721,0.0006019361656781153,0.00041360640530114015,0.001908411337579804
P3,datum_transformer,target_real_anchor,dys,replace,0.1,prevalence_absolute_error,5,0.8999940391390135,1.2412670766236366e-16,0.8999940391390134,0.8999940391390137
P3,datum_transformer,target_real_anchor,dys,replace,0.1,prevalence_error,5,0.8999940391390135,1.2412670766236366e-16,0.8999940391390134,0.8999940391390137
P3,datum_transformer,target_real_anchor,dys,replace,0.1,false_positive_share,5,0.9302945103875547,0.06051667442298867,0.8551531344655111,1.0054358863095982
P3,datum_transformer,target_real_anchor,dys,replace,0.1,prevalence_decision_error,5,0.0,0.0,0.0,0.0
P3,datum_transformer,target_real_anchor,dys,replace,0.1,decision_regret,5,0.0018369255142265922,0.000569480150206131,0.0011298225140239674,0.002544028514429217
P3,datum_transformer,target_real_anchor,emq,replace,0.05,prevalence_absolute_error,5,0.9499999998734499,1.4745651749527075e-10,0.9499999996903584,0.9500000000565413
P3,datum_transformer,target_real_anchor,emq,replace,0.05,prevalence_error,5,0.9499999998734499,1.4745651749527075e-10,0.9499999996903584,0.9500000000565413
P3,datum_transformer,target_real_anchor,emq,replace,0.05,false_positive_share,5,0.9648979261675479,0.031239984047457613,0.9261083626713599,1.003687489663736
P3,datum_transformer,target_real_anchor,emq,replace,0.05,prevalence_decision_error,5,1.0,0.0,1.0,1.0
P3,datum_transformer,target_real_anchor,emq,replace,0.05,decision_regret,5,0.0011610088714404721,0.0006019361656781153,0.00041360640530114015,0.001908411337579804
P3,datum_transformer,target_real_anchor,emq,replace,0.1,prevalence_absolute_error,5,0.899999999881436,1.251539198942915e-10,0.8999999997260368,0.9000000000368351
P3,datum_transformer,target_real_anchor,emq,replace,0.1,prevalence_error,5,0.899999999881436,1.251539198942915e-10,0.8999999997260368,0.9000000000368351
P3,datum_transformer,target_real_anchor,emq,replace,0.1,false_positive_share,5,0.9302945103875547,0.06051667442298867,0.8551531344655111,1.0054358863095982
P3,datum_transformer,target_real_anchor,emq,replace,0.1,prevalence_decision_error,5,0.0,0.0,0.0,0.0
P3,datum_transformer,target_real_anchor,emq,replace,0.1,decision_regret,5,0.0018369255142265922,0.000569480150206131,0.0011298225140239674,0.002544028514429217
P3,datum_transformer,target_real_anchor,hdy,replace,0.05,prevalence_absolute_error,5,0.9499940391390134,0.0,0.9499940391390134,0.9499940391390134
P3,datum_transformer,target_real_anchor,hdy,replace,0.05,prevalence_error,5,0.9499940391390134,0.0,0.9499940391390134,0.9499940391390134
P3,datum_transformer,target_real_anchor,hdy,replace,0.05,false_positive_share,5,0.9648979261675479,0.031239984047457613,0.9261083626713599,1.003687489663736
P3,datum_transformer,target_real_anchor,hdy,replace,0.05,prevalence_decision_error,5,1.0,0.0,1.0,1.0
P3,datum_transformer,target_real_anchor,hdy,replace,0.05,decision_regret,5,0.0011610088714404721,0.0006019361656781153,0.00041360640530114015,0.001908411337579804
P3,datum_transformer,target_real_anchor,hdy,replace,0.1,prevalence_absolute_error,5,0.8999940391390135,1.2412670766236366e-16,0.8999940391390134,0.8999940391390137
P3,datum_transformer,target_real_anchor,hdy,replace,0.1,prevalence_error,5,0.8999940391390135,1.2412670766236366e-16,0.8999940391390134,0.8999940391390137
P3,datum_transformer,target_real_anchor,hdy,replace,0.1,false_positive_share,5,0.9302945103875547,0.06051667442298867,0.8551531344655111,1.0054358863095982
P3,datum_transformer,target_real_anchor,hdy,replace,0.1,prevalence_decision_error,5,0.0,0.0,0.0,0.0
P3,datum_transformer,target_real_anchor,hdy,replace,0.1,decision_regret,5,0.0018369255142265922,0.000569480150206131,0.0011298225140239674,0.002544028514429217
P3,datum_transformer,target_real_anchor,kdey,replace,0.05,prevalence_absolute_error,5,0.9499940391390134,0.0,0.9499940391390134,0.9499940391390134
P3,datum_transformer,target_real_anchor,kdey,replace,0.05,prevalence_error,5,0.9499940391390134,0.0,0.9499940391390134,0.9499940391390134
P3,datum_transformer,target_real_anchor,kdey,replace,0.05,false_positive_share,5,0.9648979261675479,0.031239984047457613,0.9261083626713599,1.003687489663736
P3,datum_transformer,target_real_anchor,kdey,replace,0.05,prevalence_decision_error,5,1.0,0.0,1.0,1.0
P3,datum_transformer,target_real_anchor,kdey,replace,0.05,decision_regret,5,0.0011610088714404721,0.0006019361656781153,0.00041360640530114015,0.001908411337579804
P3,datum_transformer,target_real_anchor,kdey,replace,0.1,prevalence_absolute_error,5,0.8999940391390135,1.2412670766236366e-16,0.8999940391390134,0.8999940391390137
P3,datum_transformer,target_real_anchor,kdey,replace,0.1,prevalence_error,5,0.8999940391390135,1.2412670766236366e-16,0.8999940391390134,0.8999940391390137
P3,datum_transformer,target_real_anchor,kdey,replace,0.1,false_positive_share,5,0.9302945103875547,0.06051667442298867,0.8551531344655111,1.0054358863095982
P3,datum_transformer,target_real_anchor,kdey,replace,0.1,prevalence_decision_error,5,0.0,0.0,0.0,0.0
P3,datum_transformer,target_real_anchor,kdey,replace,0.1,decision_regret,5,0.0018369255142265922,0.000569480150206131,0.0011298225140239674,0.002544028514429217
P3,datum_transformer,target_real_anchor,median_sweep,replace,0.05,prevalence_absolute_error,5,0.95,0.0,0.95,0.95
P3,datum_transformer,target_real_anchor,median_sweep,replace,0.05,prevalence_error,5,0.95,0.0,0.95,0.95
P3,datum_transformer,target_real_anchor,median_sweep,replace,0.05,false_positive_share,5,0.9648979261675479,0.031239984047457613,0.9261083626713599,1.003687489663736
P3,datum_transformer,target_real_anchor,median_sweep,replace,0.05,prevalence_decision_error,5,1.0,0.0,1.0,1.0
P3,datum_transformer,target_real_anchor,median_sweep,replace,0.05,decision_regret,5,0.0011610088714404721,0.0006019361656781153,0.00041360640530114015,0.001908411337579804
P3,datum_transformer,target_real_anchor,median_sweep,replace,0.1,prevalence_absolute_error,5,0.9,0.0,0.9,0.9
P3,datum_transformer,target_real_anchor,median_sweep,replace,0.1,prevalence_error,5,0.9,0.0,0.9,0.9
P3,datum_transformer,target_real_anchor,median_sweep,replace,0.1,false_positive_share,5,0.9302945103875547,0.06051667442298867,0.8551531344655111,1.0054358863095982
P3,datum_transformer,target_real_anchor,median_sweep,replace,0.1,prevalence_decision_error,5,0.0,0.0,0.0,0.0
P3,datum_transformer,target_real_anchor,median_sweep,replace,0.1,decision_regret,5,0.0018369255142265922,0.000569480150206131,0.0011298225140239674,0.002544028514429217
P3,datum_transformer,target_real_anchor,pacc,replace,0.05,prevalence_absolute_error,5,0.95,0.0,0.95,0.95
P3,datum_transformer,target_real_anchor,pacc,replace,0.05,prevalence_error,5,0.95,0.0,0.95,0.95
P3,datum_transformer,target_real_anchor,pacc,replace,0.05,false_positive_share,5,0.9648979261675479,0.031239984047457613,0.9261083626713599,1.003687489663736
P3,datum_transformer,target_real_anchor,pacc,replace,0.05,prevalence_decision_error,5,1.0,0.0,1.0,1.0
P3,datum_transformer,target_real_anchor,pacc,replace,0.05,decision_regret,5,0.0011610088714404721,0.0006019361656781153,0.00041360640530114015,0.001908411337579804
P3,datum_transformer,target_real_anchor,pacc,replace,0.1,prevalence_absolute_error,5,0.9,0.0,0.9,0.9
P3,datum_transformer,target_real_anchor,pacc,replace,0.1,prevalence_error,5,0.9,0.0,0.9,0.9
P3,datum_transformer,target_real_anchor,pacc,replace,0.1,false_positive_share,5,0.9302945103875547,0.06051667442298867,0.8551531344655111,1.0054358863095982
P3,datum_transformer,target_real_anchor,pacc,replace,0.1,prevalence_decision_error,5,0.0,0.0,0.0,0.0
P3,datum_transformer,target_real_anchor,pacc,replace,0.1,decision_regret,5,0.0018369255142265922,0.000569480150206131,0.0011298225140239674,0.002544028514429217
P3,datum_transformer,target_real_anchor,pcc,replace,0.05,prevalence_absolute_error,5,0.9142646656410027,0.010176618307946039,0.9016287250645648,0.9269006062174406
P3,datum_transformer,target_real_anchor,pcc,replace,0.05,prevalence_error,5,0.9142646656410027,0.010176618307946039,0.9016287250645648,0.9269006062174406
P3,datum_transformer,target_real_anchor,pcc,replace,0.05,false_positive_share,5,0.9648979261675479,0.031239984047457613,0.9261083626713599,1.003687489663736
P3,datum_transformer,target_real_anchor,pcc,replace,0.05,prevalence_decision_error,5,1.0,0.0,1.0,1.0
P3,datum_transformer,target_real_anchor,pcc,replace,0.05,decision_regret,5,0.0011610088714404721,0.0006019361656781153,0.00041360640530114015,0.001908411337579804
P3,datum_transformer,target_real_anchor,pcc,replace,0.1,prevalence_absolute_error,5,0.8643185622475998,0.010123877648300994,0.8517481078494847,0.876889016645715
P3,datum_transformer,target_real_anchor,pcc,replace,0.1,prevalence_error,5,0.8643185622475998,0.010123877648300994,0.8517481078494847,0.876889016645715
P3,datum_transformer,target_real_anchor,pcc,replace,0.1,false_positive_share,5,0.9302945103875547,0.06051667442298867,0.8551531344655111,1.0054358863095982
P3,datum_transformer,target_real_anchor,pcc,replace,0.1,prevalence_decision_error,5,0.0,0.0,0.0,0.0
P3,datum_transformer,target_real_anchor,pcc,replace,0.1,decision_regret,5,0.0018369255142265922,0.000569480150206131,0.0011298225140239674,0.002544028514429217
P3,flat_transformer,oracle_target,acc,replace,0.05,prevalence_absolute_error,4,0.035308238305860384,0.01139179154250716,0.01718135585335333,0.05343512075836744
P3,flat_transformer,oracle_target,acc,replace,0.05,prevalence_error,4,-0.0029063521493600296,0.025361410534004786,-0.04326201577472345,0.03744931147600339
P3,flat_transformer,oracle_target,acc,replace,0.05,false_positive_share,4,0.8308133848514648,0.06231845612877004,0.7316508146224703,0.9299759550804594
P3,flat_transformer,oracle_target,acc,replace,0.05,prevalence_decision_error,4,0.11750000000000001,0.10812801055539065,-0.05455579384484034,0.28955579384484037
P3,flat_transformer,oracle_target,acc,replace,0.05,decision_regret,4,0.00047291664705568376,0.0004061732979086837,-0.0001733957085615108,0.0011192290026728782
P3,flat_transformer,oracle_target,acc,replace,0.1,prevalence_absolute_error,4,0.04722189841829735,0.02619723522225666,0.005536251197437891,0.08890754563915682
P3,flat_transformer,oracle_target,acc,replace,0.1,prevalence_error,4,-0.011523863384015433,0.03747245402638484,-0.07115089981710646,0.04810317304907558
P3,flat_transformer,oracle_target,acc,replace,0.1,false_positive_share,4,0.7034785976482343,0.09455651695931795,0.5530180786293954,0.8539391166670731
P3,flat_transformer,oracle_target,acc,replace,0.1,prevalence_decision_error,4,0.5575,0.24116038922951946,0.17376000515786744,0.9412399948421326
P3,flat_transformer,oracle_target,acc,replace,0.1,decision_regret,4,0.0006974926790466799,0.0003341740423129887,0.0001657472059063337,0.0012292381521870261
P3,flat_transformer,oracle_target,cc,replace,0.05,prevalence_absolute_error,5,0.017179999999999952,0.01847366639300388,-0.005758086475019752,0.04011808647501966
P3,flat_transformer,oracle_target,cc,replace,0.05,prevalence_error,5,-0.004844000000000048,0.0259573039817312,-0.037074249844546894,0.027386249844546795
P3,flat_transformer,oracle_target,cc,replace,0.05,false_positive_share,5,0.6646507078811719,0.375450221161707,0.19846768514703927,1.1308337306153045
P3,flat_transformer,oracle_target,cc,replace,0.05,prevalence_decision_error,5,0.0,0.0,0.0,0.0
P3,flat_transformer,oracle_target,cc,replace,0.05,decision_regret,5,0.00027335915932238296,0.00043594066481397563,-0.00026793266953014494,0.0008146509881749109
P3,flat_transformer,oracle_target,cc,replace,0.1,prevalence_absolute_error,5,0.048916,0.029774691098313686,0.011945838005585803,0.0858861619944142
P3,flat_transformer,oracle_target,cc,replace,0.1,prevalence_error,5,-0.048916,0.029774691098313686,-0.0858861619944142,-0.011945838005585803
P3,flat_transformer,oracle_target,cc,replace,0.1,false_positive_share,5,0.5627828781185874,0.32508787834127806,0.15913296332977722,0.9664327929073976
P3,flat_transformer,oracle_target,cc,replace,0.1,prevalence_decision_error,5,1.0,0.0,1.0,1.0
P3,flat_transformer,oracle_target,cc,replace,0.1,decision_regret,5,0.000616594400944152,0.00047009813406153267,3.289047225718035e-05,0.0012002983296311239
P3,flat_transformer,oracle_target,dys,replace,0.05,prevalence_absolute_error,5,0.22524944729817645,0.4051712468031633,-0.27783710296464337,0.7283359975609962
P3,flat_transformer,oracle_target,dys,replace,0.05,prevalence_error,5,0.18637969843265154,0.42836647125251964,-0.34550752695918974,0.7182669238244929
P3,flat_transformer,oracle_target,dys,replace,0.05,false_positive_share,5,0.6646507078811719,0.375450221161707,0.19846768514703927,1.1308337306153045
P3,flat_transformer,oracle_target,dys,replace,0.05,prevalence_decision_error,5,0.32,0.40890096600521747,-0.1877176083194197,0.8277176083194198
P3,flat_transformer,oracle_target,dys,replace,0.05,decision_regret,5,0.00039648694499309494,0.00040362314395718513,-0.00010467738170035699,0.0008976512716865469
P3,flat_transformer,oracle_target,dys,replace,0.1,prevalence_absolute_error,5,0.22348251524736296,0.37833703362971,-0.2462849585978547,0.6932499890925806
P3,flat_transformer,oracle_target,dys,replace,0.1,prevalence_error,5,0.1660950857194474,0.4124225332231987,-0.34599512583179426,0.6781852972706891
P3,flat_transformer,oracle_target,dys,replace,0.1,false_positive_share,5,0.5627828781185874,0.32508787834127806,0.15913296332977722,0.9664327929073976
P3,flat_transformer,oracle_target,dys,replace,0.1,prevalence_decision_error,5,0.484,0.41560798837365964,-0.03204547652946177,1.0000454765294617
P3,flat_transformer,oracle_target,dys,replace,0.1,decision_regret,5,0.000944690509400712,0.0006701797344026695,0.00011255246086715675,0.0017768285579342672
P3,flat_transformer,oracle_target,emq,replace,0.05,prevalence_absolute_error,5,0.11997789377440841,0.1847198047378709,-0.10938203752383495,0.34933782507265176
P3,flat_transformer,oracle_target,emq,replace,0.05,prevalence_error,5,0.07340729671967858,0.2118877782541473,-0.18968612919787856,0.33650072263723574
P3,flat_transformer,oracle_target,emq,replace,0.05,false_positive_share,5,0.6646507078811719,0.375450221161707,0.19846768514703927,1.1308337306153045
P3,flat_transformer,oracle_target,emq,replace,0.05,prevalence_decision_error,5,0.24200000000000005,0.4269309077590893,-0.28810473788491314,0.7721047378849133
P3,flat_transformer,oracle_target,emq,replace,0.05,decision_regret,5,0.00037412393815661096,0.0004146679737180452,-0.00014075435601719043,0.0008890022323304124
P3,flat_transformer,oracle_target,emq,replace,0.1,prevalence_absolute_error,5,0.1258250656924581,0.1555787345089429,-0.06735144783339789,0.31900157921831407
P3,flat_transformer,oracle_target,emq,replace,0.1,prevalence_error,5,0.050175516912480414,0.1999426954896686,-0.1980861297808592,0.29843716360582
P3,flat_transformer,oracle_target,emq,replace,0.1,false_positive_share,5,0.5627828781185874,0.32508787834127806,0.15913296332977722,0.9664327929073976
P3,flat_transformer,oracle_target,emq,replace,0.1,prevalence_decision_error,5,0.576,0.3855256152319843,0.09730672318108835,1.0546932768189117
P3,flat_transformer,oracle_target,emq,replace,0.1,decision_regret,5,0.0009362920691774801,0.0007963726452798343,-5.253517362078695e-05,0.0019251193119757472
P3,flat_transformer,oracle_target,hdy,replace,0.05,prevalence_absolute_error,5,0.21999666137215707,0.40812480963367986,-0.286757221523748,0.7267505442680622
P3,flat_transformer,oracle_target,hdy,replace,0.05,prevalence_error,5,0.1875855828966597,0.42733264149288563,-0.3430179733023724,0.7181891390956918
P3,flat_transformer,oracle_target,hdy,replace,0.05,false_positive_share,5,0.6646507078811719,0.375450221161707,0.19846768514703927,1.1308337306153045
P3,flat_transformer,oracle_target,hdy,replace,0.05,prevalence_decision_error,5,0.304,0.41458412897746094,-0.2107741871779792,0.8187741871779792
P3,flat_transformer,oracle_target,hdy,replace,0.05,decision_regret,5,0.00034412370949633093,0.000358184385801399,-0.00010062094707199374,0.0007888683660646557
P3,flat_transformer,oracle_target,hdy,replace,0.1,prevalence_absolute_error,5,0.21703217197371133,0.3820098205016831,-0.25729566910351076,0.6913600130509334
P3,flat_transformer,oracle_target,hdy,replace,0.1,prevalence_error,5,0.16999188564763457,0.4098199514854397,-0.3388667938574491,0.6788505651527182
P3,flat_transformer,oracle_target,hdy,replace,0.1,false_positive_share,5,0.5627828781185874,0.32508787834127806,0.15913296332977722,0.9664327929073976
P3,flat_transformer,oracle_target,hdy,replace,0.1,prevalence_decision_error,5,0.462,0.3820602046798384,-0.012390401297316611,0.9363904012973167
P3,flat_transformer,oracle_target,hdy,replace,0.1,decision_regret,5,0.000944690509400712,0.0006701797344026695,0.00011255246086715675,0.0017768285579342672
P3,flat_transformer,oracle_target,kdey,replace,0.05,prevalence_absolute_error,4,0.2973591292947273,0.2943580082951611,-0.17103014867007593,0.7657484072595305
P3,flat_transformer,oracle_target,kdey,replace,0.05,prevalence_error,4,0.25621946536899787,0.3418996672138716,-0.28781920098225955,0.8002581317202553
P3,flat_transformer,oracle_target,kdey,replace,0.05,false_positive_share,4,0.8308133848514648,0.06231845612877004,0.7316508146224703,0.9299759550804594
P3,flat_transformer,oracle_target,kdey,replace,0.05,prevalence_decision_error,4,0.5,0.5773502691896257,-0.41869311551853927,1.4186931155185394
P3,flat_transformer,oracle_target,kdey,replace,0.05,decision_regret,4,0.00029418690477549,0.00034855969582767106,-0.00026044935330330236,0.0008488231628542823
P3,flat_transformer,oracle_target,kdey,replace,0.1,prevalence_absolute_error,4,0.3004885129475225,0.2646271161326135,-0.12059228105953679,0.7215693069545818
P3,flat_transformer,oracle_target,kdey,replace,0.1,prevalence_error,4,0.23019034277560332,0.3457840086423213,-0.3200291775893692,0.7804098631405759
P3,flat_transformer,oracle_target,kdey,replace,0.1,false_positive_share,4,0.7034785976482343,0.09455651695931795,0.5530180786293954,0.8539391166670731
P3,flat_transformer,oracle_target,kdey,replace,0.1,prevalence_decision_error,4,0.4575,0.5328148521453457,-0.3903273288051202,1.3053273288051201
P3,flat_transformer,oracle_target,kdey,replace,0.1,decision_regret,4,0.0008917343678408801,0.0004976147051269467,9.991832794783344e-05,0.0016835504077339267
P3,flat_transformer,oracle_target,median_sweep,replace,0.05,prevalence_absolute_error,2,0.032100411628667225,0.0009989939706717829,0.023124806911470334,0.041076016345864115
P3,flat_transformer,oracle_target,median_sweep,replace,0.05,prevalence_error,2,-0.007350415325459422,0.02186481618235426,-0.20379799461866743,0.18909716396774862
P3,flat_transformer,oracle_target,median_sweep,replace,0.05,false_positive_share,2,0.8443274259616989,0.0841295422970832,0.08845347790420244,1.6002013740191954
P3,flat_transformer,oracle_target,median_sweep,replace,0.05,prevalence_decision_error,2,0.08,0.07071067811865477,-0.5553102368087348,0.7153102368087347
P3,flat_transformer,oracle_target,median_sweep,replace,0.05,decision_regret,2,0.00052526112334677,0.0006942447328601144,-0.005712280325435012,0.006762802572128553
P3,flat_transformer,oracle_target,median_sweep,replace,0.1,prevalence_absolute_error,2,0.03835543132640576,0.00100216286314891,0.029351355239910348,0.04735950741290117
P3,flat_transformer,oracle_target,median_sweep,replace,0.1,prevalence_error,2,-0.009410755479684941,0.023064991753739588,-0.21664148445771708,0.19781997349834718
P3,flat_transformer,oracle_target,median_sweep,replace,0.1,false_positive_share,2,0.7249805109034845,0.12949930687413158,-0.4385245990138057,1.8884856208207745
P3,flat_transformer,oracle_target,median_sweep,replace,0.1,prevalence_decision_error,2,0.615,0.2050609665440988,-1.2273996867453305,2.4573996867453305
P3,flat_transformer,oracle_target,median_sweep,replace,0.1,decision_regret,2,0.00150848170580575,1.4565770405803622e-05,0.001377613450939284,0.0016393499606722163
P3,flat_transformer,oracle_target,pacc,replace,0.05,prevalence_absolute_error,4,0.037400593231849806,0.006328776343602275,0.02733009778601781,0.0474710886776818
P3,flat_transformer,oracle_target,pacc,replace,0.05,prevalence_error,4,-0.004049865414164565,0.0323294292922805,-0.05549320181573904,0.04739347098740991
P3,flat_transformer,oracle_target,pacc,replace,0.05,false_positive_share,4,0.8308133848514648,0.06231845612877004,0.7316508146224703,0.9299759550804594
P3,flat_transformer,oracle_target,pacc,replace,0.05,prevalence_decision_error,4,0.14250000000000002,0.14863265679744364,-0.09400772473476293,0.37900772473476296
P3,flat_transformer,oracle_target,pacc,replace,0.05,decision_regret,4,0.0005071941353987936,0.00040459831486412494,-0.00013661207073288075,0.001151000341530468
P3,flat_transformer,oracle_target,pacc,replace,0.1,prevalence_absolute_error,4,0.05182070138138319,0.021957074020133534,0.016882096836275763,0.08675930592649062
P3,flat_transformer,oracle_target,pacc,replace,0.1,prevalence_error,4,-0.015442874252250313,0.04919947619724932,-0.09373021987516522,0.0628444713706646
P3,flat_transformer,oracle_target,pacc,replace,0.1,false_positive_share,4,0.7034785976482343,0.09455651695931795,0.5530180786293954,0.8539391166670731
P3,flat_transformer,oracle_target,pacc,replace,0.1,prevalence_decision_error,4,0.605,0.3107517766106361,0.11052457833256651,1.0994754216674334
P3,flat_transformer,oracle_target,pacc,replace,0.1,decision_regret,4,0.00118086313675089,0.0004764498250695482,0.00042272514402806366,0.0019390011294737163
P3,flat_transformer,oracle_target,pcc,replace,0.05,prevalence_absolute_error,5,0.42116121498438586,0.022997745162994004,0.3926057427756314,0.4497166871931403
P3,flat_transformer,oracle_target,pcc,replace,0.05,prevalence_error,5,0.42116121498438586,0.022997745162994004,0.3926057427756314,0.4497166871931403
P3,flat_transformer,oracle_target,pcc,replace,0.05,false_positive_share,5,0.6646507078811719,0.375450221161707,0.19846768514703927,1.1308337306153045
P3,flat_transformer,oracle_target,pcc,replace,0.05,prevalence_decision_error,5,1.0,0.0,1.0,1.0
P3,flat_transformer,oracle_target,pcc,replace,0.05,decision_regret,5,0.0009619189815231039,0.0008483507104690398,-9.144755351688785e-05,0.0020152855165630956
P3,flat_transformer,oracle_target,pcc,replace,0.1,prevalence_absolute_error,5,0.3744125197894582,0.020289743681891473,0.34921947552687127,0.39960556405204517
P3,flat_transformer,oracle_target,pcc,replace,0.1,prevalence_error,5,0.3744125197894582,0.020289743681891473,0.34921947552687127,0.39960556405204517
P3,flat_transformer,oracle_target,pcc,replace,0.1,false_positive_share,5,0.5627828781185874,0.32508787834127806,0.15913296332977722,0.9664327929073976
P3,flat_transformer,oracle_target,pcc,replace,0.1,prevalence_decision_error,5,0.0,0.0,0.0,0.0
P3,flat_transformer,oracle_target,pcc,replace,0.1,decision_regret,5,0.0009445982458923081,0.0007889984982479818,-3.507278401904644e-05,0.0019242692758036626
P3,flat_transformer,source_only,acc,replace,0.05,prevalence_absolute_error,5,0.6328015694423426,0.4411748728445467,0.08501061291914547,1.1805925259655397
P3,flat_transformer,source_only,acc,replace,0.05,prevalence_error,5,0.6137536202898002,0.47361975071434836,0.02567702698955232,1.201830213590048
P3,flat_transformer,source_only,acc,replace,0.05,false_positive_share,5,0.9191965662242536,0.042168113003021326,0.866837938436214,0.9715551940122932
P3,flat_transformer,source_only,acc,replace,0.05,prevalence_decision_error,5,0.8,0.4472135954999579,0.24471097896044147,1.3552890210395585
P3,flat_transformer,source_only,acc,replace,0.05,decision_regret,4,0.03800474980203053,0.052003062483931835,-0.0447437272306828,0.12075322683474386
P3,flat_transformer,source_only,acc,replace,0.1,prevalence_absolute_error,5,0.6054785295222962,0.4064378566164446,0.10081927545455338,1.110137783590039
P3,flat_transformer,source_only,acc,replace,0.1,prevalence_error,5,0.5685589927991324,0.4683725900024653,-0.01300238995238101,1.1501203755506457
P3,flat_transformer,source_only,acc,replace,0.1,false_positive_share,5,0.8459600769723219,0.07245915743359366,0.75599014984685,0.9359300040977938
P3,flat_transformer,source_only,acc,replace,0.1,prevalence_decision_error,5,0.2,0.447213595499958,-0.3552890210395587,0.7552890210395586
P3,flat_transformer,source_only,acc,replace,0.1,decision_regret,4,0.034836499133173014,0.039262476481143935,-0.027638862473679478,0.09731186074002551
P3,flat_transformer,source_only,cc,replace,0.05,prevalence_absolute_error,5,0.5778,0.435473124543869,0.03708869906857393,1.118511300931426
P3,flat_transformer,source_only,cc,replace,0.05,prevalence_error,5,0.5766039999999999,0.4374446962531378,0.03344466945729763,1.1197633305427022
P3,flat_transformer,source_only,cc,replace,0.05,false_positive_share,5,0.9191965662242536,0.042168113003021326,0.866837938436214,0.9715551940122932
P3,flat_transformer,source_only,cc,replace,0.05,prevalence_decision_error,5,0.8,0.4472135954999579,0.24471097896044147,1.3552890210395585
P3,flat_transformer,source_only,cc,replace,0.05,decision_regret,4,0.03800474980203053,0.052003062483931835,-0.0447437272306828,0.12075322683474386
P3,flat_transformer,source_only,cc,replace,0.1,prevalence_absolute_error,5,0.550558,0.4047532730812687,0.04799043265985192,1.053125567340148
P3,flat_transformer,source_only,cc,replace,0.1,prevalence_error,5,0.53225,0.43428708609628264,-0.006988639690572618,1.0714886396905725
P3,flat_transformer,source_only,cc,replace,0.1,false_positive_share,5,0.8459600769723219,0.07245915743359366,0.75599014984685,0.9359300040977938
P3,flat_transformer,source_only,cc,replace,0.1,prevalence_decision_error,5,0.2,0.447213595499958,-0.3552890210395587,0.7552890210395586
P3,flat_transformer,source_only,cc,replace,0.1,decision_regret,4,0.034836499133173014,0.039262476481143935,-0.027638862473679478,0.09731186074002551
P3,flat_transformer,source_only,dys,replace,0.05,prevalence_absolute_error,5,0.5843763194952863,0.5006440146550216,-0.03725532941805165,1.2060079684086245
P3,flat_transformer,source_only,dys,replace,0.05,prevalence_error,5,0.5706500752865798,0.5200597536463908,-0.07508939773086232,1.2163895483040221
P3,flat_transformer,source_only,dys,replace,0.05,false_positive_share,5,0.9191965662242536,0.042168113003021326,0.866837938436214,0.9715551940122932
P3,flat_transformer,source_only,dys,replace,0.05,prevalence_decision_error,5,0.63,0.5094114250780012,-0.002517826793028144,1.2625178267930282
P3,flat_transformer,source_only,dys,replace,0.05,decision_regret,4,0.036421048147992,0.053346888689010274,-0.04846575625536898,0.12130785255135298
P3,flat_transformer,source_only,dys,replace,0.1,prevalence_absolute_error,5,0.5576769472470596,0.46935673925554894,-0.025106418200866898,1.1404603126949862
P3,flat_transformer,source_only,dys,replace,0.1,prevalence_error,5,0.5231508230752657,0.5166478610438116,-0.11835222573181603,1.1646538718823476
P3,flat_transformer,source_only,dys,replace,0.1,false_positive_share,5,0.8459600769723219,0.07245915743359366,0.75599014984685,0.9359300040977938
P3,flat_transformer,source_only,dys,replace,0.1,prevalence_decision_error,5,0.35,0.4873397172404482,-0.2551121817922668,0.9551121817922668
P3,flat_transformer,source_only,dys,replace,0.1,decision_regret,4,0.03445780973585713,0.039676484293026365,-0.028676330686637275,0.09759195015835154
P3,flat_transformer,source_only,emq,replace,0.05,prevalence_absolute_error,5,0.6270290472719912,0.4469700414927806,0.07204243847476288,1.1820156560692194
P3,flat_transformer,source_only,emq,replace,0.05,prevalence_error,5,0.6070725149358785,0.48017465849143737,0.010856928637273389,1.2032881012344836
P3,flat_transformer,source_only,emq,replace,0.05,false_positive_share,5,0.9191965662242536,0.042168113003021326,0.866837938436214,0.9715551940122932
P3,flat_transformer,source_only,emq,replace,0.05,prevalence_decision_error,5,0.8,0.4472135954999579,0.24471097896044147,1.3552890210395585
P3,flat_transformer,source_only,emq,replace,0.05,decision_regret,4,0.03800474980203053,0.052003062483931835,-0.0447437272306828,0.12075322683474386
P3,flat_transformer,source_only,emq,replace,0.1,prevalence_absolute_error,5,0.6011405149344992,0.4109753676053501,0.09084719683037845,1.1114338330386198
P3,flat_transformer,source_only,emq,replace,0.1,prevalence_error,5,0.5614463339143736,0.4760101562105931,-0.029598339831669818,1.1524910076604171
P3,flat_transformer,source_only,emq,replace,0.1,false_positive_share,5,0.8459600769723219,0.07245915743359366,0.75599014984685,0.9359300040977938
P3,flat_transformer,source_only,emq,replace,0.1,prevalence_decision_error,5,0.2,0.447213595499958,-0.3552890210395587,0.7552890210395586
P3,flat_transformer,source_only,emq,replace,0.1,decision_regret,4,0.034836499133173014,0.039262476481143935,-0.027638862473679478,0.09731186074002551
P3,flat_transformer,source_only,hdy,replace,0.05,prevalence_absolute_error,5,0.6090388075308628,0.4682616644047033,0.02761515710056972,1.1904624579611558
P3,flat_transformer,source_only,hdy,replace,0.05,prevalence_error,5,0.5990050388650385,0.4841696021135371,-0.002170925103981536,1.2001810028340585
P3,flat_transformer,source_only,hdy,replace,0.05,false_positive_share,5,0.9191965662242536,0.042168113003021326,0.866837938436214,0.9715551940122932
P3,flat_transformer,source_only,hdy,replace,0.05,prevalence_decision_error,5,0.8,0.4472135954999579,0.24471097896044147,1.3552890210395585
P3,flat_transformer,source_only,hdy,replace,0.05,decision_regret,4,0.03800474980203053,0.052003062483931835,-0.0447437272306828,0.12075322683474386
P3,flat_transformer,source_only,hdy,replace,0.1,prevalence_absolute_error,5,0.5811512106148812,0.43663143184470904,0.03900168120914549,1.1233007400206168
P3,flat_transformer,source_only,hdy,replace,0.1,prevalence_error,5,0.5542390981399195,0.4783740136023268,-0.03974069222632748,1.1482188885061664
P3,flat_transformer,source_only,hdy,replace,0.1,false_positive_share,5,0.8459600769723219,0.07245915743359366,0.75599014984685,0.9359300040977938
P3,flat_transformer,source_only,hdy,replace,0.1,prevalence_decision_error,5,0.2,0.447213595499958,-0.3552890210395587,0.7552890210395586
P3,flat_transformer,source_only,hdy,replace,0.1,decision_regret,4,0.034836499133173014,0.039262476481143935,-0.027638862473679478,0.09731186074002551
P3,flat_transformer,source_only,kdey,replace,0.05,prevalence_absolute_error,5,0.6262038466098274,0.44469273382036334,0.07404488876227278,1.178362804457382
P3,flat_transformer,source_only,kdey,replace,0.05,prevalence_error,5,0.6062404931244184,0.47802330489123246,0.012696165138593729,1.199784821110243
P3,flat_transformer,source_only,kdey,replace,0.05,false_positive_share,5,0.9191965662242536,0.042168113003021326,0.866837938436214,0.9715551940122932
P3,flat_transformer,source_only,kdey,replace,0.05,prevalence_decision_error,5,0.8,0.4472135954999579,0.24471097896044147,1.3552890210395585
P3,flat_transformer,source_only,kdey,replace,0.05,decision_regret,4,0.03800474980203053,0.052003062483931835,-0.0447437272306828,0.12075322683474386
P3,flat_transformer,source_only,kdey,replace,0.1,prevalence_absolute_error,5,0.6007931206023227,0.40941526938654405,0.09243692029015527,1.10914932091449
P3,flat_transformer,source_only,kdey,replace,0.1,prevalence_error,5,0.5610437466860596,0.4747090929098458,-0.028385443600061677,1.150472936972181
P3,flat_transformer,source_only,kdey,replace,0.1,false_positive_share,5,0.8459600769723219,0.07245915743359366,0.75599014984685,0.9359300040977938
P3,flat_transformer,source_only,kdey,replace,0.1,prevalence_decision_error,5,0.2,0.447213595499958,-0.3552890210395587,0.7552890210395586
P3,flat_transformer,source_only,kdey,replace,0.1,decision_regret,4,0.034836499133173014,0.039262476481143935,-0.027638862473679478,0.09731186074002551
P3,flat_transformer,source_only,median_sweep,replace,0.05,prevalence_absolute_error,5,0.6342116770653128,0.4394173391053944,0.08860298691164958,1.179820367218976
P3,flat_transformer,source_only,median_sweep,replace,0.05,prevalence_error,5,0.6142116770653129,0.4736012898628242,0.026158005939778795,1.202265348190847
P3,flat_transformer,source_only,median_sweep,replace,0.05,false_positive_share,5,0.9191965662242536,0.042168113003021326,0.866837938436214,0.9715551940122932
P3,flat_transformer,source_only,median_sweep,replace,0.05,prevalence_decision_error,5,0.8,0.4472135954999579,0.24471097896044147,1.3552890210395585
P3,flat_transformer,source_only,median_sweep,replace,0.05,decision_regret,4,0.03800474980203053,0.052003062483931835,-0.0447437272306828,0.12075322683474386
P3,flat_transformer,source_only,median_sweep,replace,0.1,prevalence_absolute_error,5,0.6083714960035308,0.4025200382432813,0.10857685596124617,1.1081661360458155
P3,flat_transformer,source_only,median_sweep,replace,0.1,prevalence_error,5,0.5686155792188103,0.46958772499013546,-0.014454592899850849,1.1516857513374714
P3,flat_transformer,source_only,median_sweep,replace,0.1,false_positive_share,5,0.8459600769723219,0.07245915743359366,0.75599014984685,0.9359300040977938
P3,flat_transformer,source_only,median_sweep,replace,0.1,prevalence_decision_error,5,0.2,0.447213595499958,-0.3552890210395587,0.7552890210395586
P3,flat_transformer,source_only,median_sweep,replace,0.1,decision_regret,4,0.034836499133173014,0.039262476481143935,-0.027638862473679478,0.09731186074002551
P3,flat_transformer,source_only,pacc,replace,0.05,prevalence_absolute_error,5,0.622084205210136,0.4525851346278917,0.0601255374204791,1.1840428729997927
P3,flat_transformer,source_only,pacc,replace,0.05,prevalence_error,5,0.6020842052101361,0.48521903749405143,-0.00039480488930998536,1.204563215309582
P3,flat_transformer,source_only,pacc,replace,0.05,false_positive_share,5,0.9191965662242536,0.042168113003021326,0.866837938436214,0.9715551940122932
P3,flat_transformer,source_only,pacc,replace,0.05,prevalence_decision_error,5,0.8,0.4472135954999579,0.24471097896044147,1.3552890210395585
P3,flat_transformer,source_only,pacc,replace,0.05,decision_regret,4,0.03800474980203053,0.052003062483931835,-0.0447437272306828,0.12075322683474386
P3,flat_transformer,source_only,pacc,replace,0.1,prevalence_absolute_error,5,0.5969364085238358,0.4160655230126962,0.0803228277051512,1.1135499893425203
P3,flat_transformer,source_only,pacc,replace,0.1,prevalence_error,5,0.5569364085238357,0.4804208158398343,-0.039584822492167215,1.1534576395398388
P3,flat_transformer,source_only,pacc,replace,0.1,false_positive_share,5,0.8459600769723219,0.07245915743359366,0.75599014984685,0.9359300040977938
P3,flat_transformer,source_only,pacc,replace,0.1,prevalence_decision_error,5,0.2,0.447213595499958,-0.3552890210395587,0.7552890210395586
P3,flat_transformer,source_only,pacc,replace,0.1,decision_regret,4,0.034836499133173014,0.039262476481143935,-0.027638862473679478,0.09731186074002551
P3,flat_transformer,source_only,pcc,replace,0.05,prevalence_absolute_error,5,0.5970992639811155,0.34961199448160685,0.1629986370930912,1.0311998908691398
P3,flat_transformer,source_only,pcc,replace,0.05,prevalence_error,5,0.5970992639811155,0.34961199448160685,0.1629986370930912,1.0311998908691398
P3,flat_transformer,source_only,pcc,replace,0.05,false_positive_share,5,0.9191965662242536,0.042168113003021326,0.866837938436214,0.9715551940122932
P3,flat_transformer,source_only,pcc,replace,0.05,prevalence_decision_error,5,1.0,0.0,1.0,1.0
P3,flat_transformer,source_only,pcc,replace,0.05,decision_regret,4,0.03840048839924701,0.051622072993947485,-0.04374174933609001,0.12054272613458403
P3,flat_transformer,source_only,pcc,replace,0.1,prevalence_absolute_error,5,0.5523042423931473,0.34617121000031875,0.12247591372111671,0.982132571065178
P3,flat_transformer,source_only,pcc,replace,0.1,prevalence_error,5,0.5523042423931473,0.34617121000031875,0.12247591372111671,0.982132571065178
P3,flat_transformer,source_only,pcc,replace,0.1,false_positive_share,5,0.8459600769723219,0.07245915743359366,0.75599014984685,0.9359300040977938
P3,flat_transformer,source_only,pcc,replace,0.1,prevalence_decision_error,5,0.0,0.0,0.0,0.0
P3,flat_transformer,source_only,pcc,replace,0.1,decision_regret,4,0.03513369781490558,0.03891398215037507,-0.02678713154426307,0.09705452717407423
P3,flat_transformer,target_real_anchor,acc,replace,0.05,prevalence_absolute_error,5,0.07586255644078697,0.05030119004705361,0.013405379692555001,0.13831973318901894
P3,flat_transformer,target_real_anchor,acc,replace,0.05,prevalence_error,5,0.05553478117440015,0.07656259648042997,-0.03953023848435196,0.15059980083315228
P3,flat_transformer,target_real_anchor,acc,replace,0.05,false_positive_share,5,0.8055422345853316,0.084574067454403,0.7005296598455427,0.9105548093251205
P3,flat_transformer,target_real_anchor,acc,replace,0.05,prevalence_decision_error,5,0.576,0.5280909012660605,-0.07971145988104589,1.231711459881046
P3,flat_transformer,target_real_anchor,acc,replace,0.05,decision_regret,5,0.000517905184991628,0.00047498972727915166,-7.187245888751908e-05,0.001107682828870775
P3,flat_transformer,target_real_anchor,acc,replace,0.1,prevalence_absolute_error,5,0.07938459978056961,0.03788682429516814,0.03234189404698763,0.1264273055141516
P3,flat_transformer,target_real_anchor,acc,replace,0.1,prevalence_error,5,0.024512308516277385,0.09251817178601039,-0.09036417457004295,0.13938879160259773
P3,flat_transformer,target_real_anchor,acc,replace,0.1,false_positive_share,5,0.669942957236362,0.12193458997893214,0.5185411667237845,0.8213447477489395
P3,flat_transformer,target_real_anchor,acc,replace,0.1,prevalence_decision_error,5,0.404,0.5441323368446319,-0.2716295329184629,1.0796295329184629
P3,flat_transformer,target_real_anchor,acc,replace,0.1,decision_regret,5,0.0006338441291627158,0.0003438807630790349,0.00020685976597264007,0.0010608284923527916
P3,flat_transformer,target_real_anchor,cc,replace,0.05,prevalence_absolute_error,5,0.01097199999999996,0.009250133512549963,-0.0005135577611114564,0.022457557761111375
P3,flat_transformer,target_real_anchor,cc,replace,0.05,prevalence_error,5,0.0042119999999999614,0.014148649052117995,-0.013355868151234764,0.02177986815123469
P3,flat_transformer,target_real_anchor,cc,replace,0.05,false_positive_share,5,0.8055422345853316,0.084574067454403,0.7005296598455427,0.9105548093251205
P3,flat_transformer,target_real_anchor,cc,replace,0.05,prevalence_decision_error,5,0.0,0.0,0.0,0.0
P3,flat_transformer,target_real_anchor,cc,replace,0.05,decision_regret,5,0.00032002439622476006,0.0003295079383965206,-8.911374800454327e-05,0.0007291625404540634
P3,flat_transformer,target_real_anchor,cc,replace,0.1,prevalence_absolute_error,5,0.038092,0.014960734273423884,0.019515794865996416,0.056668205134003585
P3,flat_transformer,target_real_anchor,cc,replace,0.1,prevalence_error,5,-0.038064,0.015012599042137907,-0.056704603750090954,-0.019423396249909047
P3,flat_transformer,target_real_anchor,cc,replace,0.1,false_positive_share,5,0.669942957236362,0.12193458997893214,0.5185411667237845,0.8213447477489395
P3,flat_transformer,target_real_anchor,cc,replace,0.1,prevalence_decision_error,5,0.9960000000000001,0.008944271909999166,0.984894219579209,1.0071057804207912
P3,flat_transformer,target_real_anchor,cc,replace,0.1,decision_regret,5,0.0006037345769639801,0.00043783142119164066,6.00950639879313e-05,0.001147374089940029
P3,flat_transformer,target_real_anchor,dys,replace,0.05,prevalence_absolute_error,5,0.5843763194952863,0.5006440146550216,-0.03725532941805165,1.2060079684086245
P3,flat_transformer,target_real_anchor,dys,replace,0.05,prevalence_error,5,0.5706500752865798,0.5200597536463908,-0.07508939773086232,1.2163895483040221
P3,flat_transformer,target_real_anchor,dys,replace,0.05,false_positive_share,5,0.8055422345853316,0.084574067454403,0.7005296598455427,0.9105548093251205
P3,flat_transformer,target_real_anchor,dys,replace,0.05,prevalence_decision_error,5,0.63,0.5094114250780012,-0.002517826793028144,1.2625178267930282
P3,flat_transformer,target_real_anchor,dys,replace,0.05,decision_regret,5,0.000491415938783336,0.0004655146740761874,-8.659687265262484e-05,0.001069428750219297
P3,flat_transformer,target_real_anchor,dys,replace,0.1,prevalence_absolute_error,5,0.5576769472470596,0.46935673925554894,-0.025106418200866898,1.1404603126949862
P3,flat_transformer,target_real_anchor,dys,replace,0.1,prevalence_error,5,0.5231508230752657,0.5166478610438116,-0.11835222573181603,1.1646538718823476
P3,flat_transformer,target_real_anchor,dys,replace,0.1,false_positive_share,5,0.669942957236362,0.12193458997893214,0.5185411667237845,0.8213447477489395
P3,flat_transformer,target_real_anchor,dys,replace,0.1,prevalence_decision_error,5,0.35,0.4873397172404482,-0.2551121817922668,0.9551121817922668
P3,flat_transformer,target_real_anchor,dys,replace,0.1,decision_regret,5,0.0006338441291627158,0.0003438807630790349,0.00020685976597264007,0.0010608284923527916
P3,flat_transformer,target_real_anchor,emq,replace,0.05,prevalence_absolute_error,5,0.6270290472719912,0.4469700414927806,0.07204243847476288,1.1820156560692194
P3,flat_transformer,target_real_anchor,emq,replace,0.05,prevalence_error,5,0.6070725149358785,0.48017465849143737,0.010856928637273389,1.2032881012344836
P3,flat_transformer,target_real_anchor,emq,replace,0.05,false_positive_share,5,0.8055422345853316,0.084574067454403,0.7005296598455427,0.9105548093251205
P3,flat_transformer,target_real_anchor,emq,replace,0.05,prevalence_decision_error,5,0.8,0.4472135954999579,0.24471097896044147,1.3552890210395585
P3,flat_transformer,target_real_anchor,emq,replace,0.05,decision_regret,5,0.000730298224724004,0.0006033276414046324,-1.8831986729318665e-05,0.0014794284361773268
P3,flat_transformer,target_real_anchor,emq,replace,0.1,prevalence_absolute_error,5,0.6011405149344992,0.4109753676053501,0.09084719683037845,1.1114338330386198
P3,flat_transformer,target_real_anchor,emq,replace,0.1,prevalence_error,5,0.5614463339143736,0.4760101562105931,-0.029598339831669818,1.1524910076604171
P3,flat_transformer,target_real_anchor,emq,replace,0.1,false_positive_share,5,0.669942957236362,0.12193458997893214,0.5185411667237845,0.8213447477489395
P3,flat_transformer,target_real_anchor,emq,replace,0.1,prevalence_decision_error,5,0.2,0.447213595499958,-0.3552890210395587,0.7552890210395586
P3,flat_transformer,target_real_anchor,emq,replace,0.1,decision_regret,5,0.0007234172485605119,0.00042394213864089224,0.00019702355768860716,0.0012498109394324165
P3,flat_transformer,target_real_anchor,hdy,replace,0.05,prevalence_absolute_error,5,0.6090388075308628,0.4682616644047033,0.02761515710056972,1.1904624579611558
P3,flat_transformer,target_real_anchor,hdy,replace,0.05,prevalence_error,5,0.5990050388650385,0.4841696021135371,-0.002170925103981536,1.2001810028340585
P3,flat_transformer,target_real_anchor,hdy,replace,0.05,false_positive_share,5,0.8055422345853316,0.084574067454403,0.7005296598455427,0.9105548093251205
P3,flat_transformer,target_real_anchor,hdy,replace,0.05,prevalence_decision_error,5,0.8,0.4472135954999579,0.24471097896044147,1.3552890210395585
P3,flat_transformer,target_real_anchor,hdy,replace,0.05,decision_regret,5,0.000730298224724004,0.0006033276414046324,-1.8831986729318665e-05,0.0014794284361773268
P3,flat_transformer,target_real_anchor,hdy,replace,0.1,prevalence_absolute_error,5,0.5811512106148812,0.43663143184470904,0.03900168120914549,1.1233007400206168
P3,flat_transformer,target_real_anchor,hdy,replace,0.1,prevalence_error,5,0.5542390981399195,0.4783740136023268,-0.03974069222632748,1.1482188885061664
P3,flat_transformer,target_real_anchor,hdy,replace,0.1,false_positive_share,5,0.669942957236362,0.12193458997893214,0.5185411667237845,0.8213447477489395
P3,flat_transformer,target_real_anchor,hdy,replace,0.1,prevalence_decision_error,5,0.2,0.447213595499958,-0.3552890210395587,0.7552890210395586
P3,flat_transformer,target_real_anchor,hdy,replace,0.1,decision_regret,5,0.0007234172485605119,0.00042394213864089224,0.00019702355768860716,0.0012498109394324165
P3,flat_transformer,target_real_anchor,kdey,replace,0.05,prevalence_absolute_error,5,0.6262038466098274,0.44469273382036334,0.07404488876227278,1.178362804457382
P3,flat_transformer,target_real_anchor,kdey,replace,0.05,prevalence_error,5,0.6062404931244184,0.47802330489123246,0.012696165138593729,1.199784821110243
P3,flat_transformer,target_real_anchor,kdey,replace,0.05,false_positive_share,5,0.8055422345853316,0.084574067454403,0.7005296598455427,0.9105548093251205
P3,flat_transformer,target_real_anchor,kdey,replace,0.05,prevalence_decision_error,5,0.8,0.4472135954999579,0.24471097896044147,1.3552890210395585
P3,flat_transformer,target_real_anchor,kdey,replace,0.05,decision_regret,5,0.000730298224724004,0.0006033276414046324,-1.8831986729318665e-05,0.0014794284361773268
P3,flat_transformer,target_real_anchor,kdey,replace,0.1,prevalence_absolute_error,5,0.6007931206023227,0.40941526938654405,0.09243692029015527,1.10914932091449
P3,flat_transformer,target_real_anchor,kdey,replace,0.1,prevalence_error,5,0.5610437466860596,0.4747090929098458,-0.028385443600061677,1.150472936972181
P3,flat_transformer,target_real_anchor,kdey,replace,0.1,false_positive_share,5,0.669942957236362,0.12193458997893214,0.5185411667237845,0.8213447477489395
P3,flat_transformer,target_real_anchor,kdey,replace,0.1,prevalence_decision_error,5,0.2,0.447213595499958,-0.3552890210395587,0.7552890210395586
P3,flat_transformer,target_real_anchor,kdey,replace,0.1,decision_regret,5,0.0007234172485605119,0.00042394213864089224,0.00019702355768860716,0.0012498109394324165
P3,flat_transformer,target_real_anchor,median_sweep,replace,0.05,prevalence_absolute_error,5,0.6342116770653128,0.4394173391053944,0.08860298691164958,1.179820367218976
P3,flat_transformer,target_real_anchor,median_sweep,replace,0.05,prevalence_error,5,0.6142116770653129,0.4736012898628242,0.026158005939778795,1.202265348190847
P3,flat_transformer,target_real_anchor,median_sweep,replace,0.05,false_positive_share,5,0.8055422345853316,0.084574067454403,0.7005296598455427,0.9105548093251205
P3,flat_transformer,target_real_anchor,median_sweep,replace,0.05,prevalence_decision_error,5,0.8,0.4472135954999579,0.24471097896044147,1.3552890210395585
P3,flat_transformer,target_real_anchor,median_sweep,replace,0.05,decision_regret,5,0.000730298224724004,0.0006033276414046324,-1.8831986729318665e-05,0.0014794284361773268
P3,flat_transformer,target_real_anchor,median_sweep,replace,0.1,prevalence_absolute_error,5,0.6083714960035308,0.4025200382432813,0.10857685596124617,1.1081661360458155
P3,flat_transformer,target_real_anchor,median_sweep,replace,0.1,prevalence_error,5,0.5686155792188103,0.46958772499013546,-0.014454592899850849,1.1516857513374714
P3,flat_transformer,target_real_anchor,median_sweep,replace,0.1,false_positive_share,5,0.669942957236362,0.12193458997893214,0.5185411667237845,0.8213447477489395
P3,flat_transformer,target_real_anchor,median_sweep,replace,0.1,prevalence_decision_error,5,0.2,0.447213595499958,-0.3552890210395587,0.7552890210395586
P3,flat_transformer,target_real_anchor,median_sweep,replace,0.1,decision_regret,5,0.0007234172485605119,0.00042394213864089224,0.00019702355768860716,0.0012498109394324165
P3,flat_transformer,target_real_anchor,pacc,replace,0.05,prevalence_absolute_error,5,0.622084205210136,0.4525851346278917,0.0601255374204791,1.1840428729997927
P3,flat_transformer,target_real_anchor,pacc,replace,0.05,prevalence_error,5,0.6020842052101361,0.48521903749405143,-0.00039480488930998536,1.204563215309582
P3,flat_transformer,target_real_anchor,pacc,replace,0.05,false_positive_share,5,0.8055422345853316,0.084574067454403,0.7005296598455427,0.9105548093251205
P3,flat_transformer,target_real_anchor,pacc,replace,0.05,prevalence_decision_error,5,0.8,0.4472135954999579,0.24471097896044147,1.3552890210395585
P3,flat_transformer,target_real_anchor,pacc,replace,0.05,decision_regret,5,0.000730298224724004,0.0006033276414046324,-1.8831986729318665e-05,0.0014794284361773268
P3,flat_transformer,target_real_anchor,pacc,replace,0.1,prevalence_absolute_error,5,0.5969364085238358,0.4160655230126962,0.0803228277051512,1.1135499893425203
P3,flat_transformer,target_real_anchor,pacc,replace,0.1,prevalence_error,5,0.5569364085238357,0.4804208158398343,-0.039584822492167215,1.1534576395398388
P3,flat_transformer,target_real_anchor,pacc,replace,0.1,false_positive_share,5,0.669942957236362,0.12193458997893214,0.5185411667237845,0.8213447477489395
P3,flat_transformer,target_real_anchor,pacc,replace,0.1,prevalence_decision_error,5,0.2,0.447213595499958,-0.3552890210395587,0.7552890210395586
P3,flat_transformer,target_real_anchor,pacc,replace,0.1,decision_regret,5,0.0007234172485605119,0.00042394213864089224,0.00019702355768860716,0.0012498109394324165
P3,flat_transformer,target_real_anchor,pcc,replace,0.05,prevalence_absolute_error,5,0.5970992639811155,0.34961199448160685,0.1629986370930912,1.0311998908691398
P3,flat_transformer,target_real_anchor,pcc,replace,0.05,prevalence_error,5,0.5970992639811155,0.34961199448160685,0.1629986370930912,1.0311998908691398
P3,flat_transformer,target_real_anchor,pcc,replace,0.05,false_positive_share,5,0.8055422345853316,0.084574067454403,0.7005296598455427,0.9105548093251205
P3,flat_transformer,target_real_anchor,pcc,replace,0.05,prevalence_decision_error,5,1.0,0.0,1.0,1.0
P3,flat_transformer,target_real_anchor,pcc,replace,0.05,decision_regret,5,0.0008835984865401761,0.00047959131042142833,0.0002881072225385228,0.0014790897505418295
P3,flat_transformer,target_real_anchor,pcc,replace,0.1,prevalence_absolute_error,5,0.5523042423931473,0.34617121000031875,0.12247591372111671,0.982132571065178
P3,flat_transformer,target_real_anchor,pcc,replace,0.1,prevalence_error,5,0.5523042423931473,0.34617121000031875,0.12247591372111671,0.982132571065178
P3,flat_transformer,target_real_anchor,pcc,replace,0.1,false_positive_share,5,0.669942957236362,0.12193458997893214,0.5185411667237845,0.8213447477489395
P3,flat_transformer,target_real_anchor,pcc,replace,0.1,prevalence_decision_error,5,0.0,0.0,0.0,0.0
P3,flat_transformer,target_real_anchor,pcc,replace,0.1,decision_regret,5,0.000999415135658032,0.0003555534827845135,0.0005579371766485396,0.0014408930946675242
P4,char3gram,oracle_target,acc,replace,0.05,prevalence_absolute_error,5,0.043726770448479634,0.0027440714845119885,0.040319555677663536,0.04713398521929573
P4,char3gram,oracle_target,acc,replace,0.05,prevalence_error,5,-0.010436015158482323,0.02324695458490896,-0.039300921734441704,0.018428891417477063
P4,char3gram,oracle_target,acc,replace,0.05,false_positive_share,5,0.8749676164984104,0.029121554011945244,0.8388084313100316,0.9111268016867892
P4,char3gram,oracle_target,acc,replace,0.05,prevalence_decision_error,5,0.126,0.07893034904268446,0.02799502722804177,0.22400497277195824
P4,char3gram,oracle_target,acc,replace,0.05,decision_regret,5,0.001991394912749868,0.0006288040337596994,0.0012106315821051451,0.0027721582433945908
P4,char3gram,oracle_target,acc,replace,0.1,prevalence_absolute_error,5,0.06341392150208122,0.012054305108840738,0.048446524825069975,0.07838131817909247
P4,char3gram,oracle_target,acc,replace,0.1,prevalence_error,5,-0.023536027566266653,0.030211258776394287,-0.061048259929332944,0.01397620479679964
P4,char3gram,oracle_target,acc,replace,0.1,false_positive_share,5,0.769288281293101,0.0461314621572981,0.7120085055478846,0.8265680570383174
P4,char3gram,oracle_target,acc,replace,0.1,prevalence_decision_error,5,0.632,0.18130085493455347,0.40688525558420174,0.8571147444157983
P4,char3gram,oracle_target,acc,replace,0.1,decision_regret,5,0.0010102888784246761,0.0013911962394194267,-0.0007171094064988904,0.002737687163348243
P4,char3gram,oracle_target,cc,replace,0.05,prevalence_absolute_error,5,0.0059479999999999525,0.0011081380780390054,0.004572064843460206,0.007323935156539699
P4,char3gram,oracle_target,cc,replace,0.05,prevalence_error,5,0.0013719999999999525,0.00476689311816405,-0.004546879568109631,0.007290879568109535
P4,char3gram,oracle_target,cc,replace,0.05,false_positive_share,5,0.8749676164984104,0.029121554011945244,0.8388084313100316,0.9111268016867892
P4,char3gram,oracle_target,cc,replace,0.05,prevalence_decision_error,5,0.0,0.0,0.0,0.0
P4,char3gram,oracle_target,cc,replace,0.05,decision_regret,5,0.002395488387344108,0.000981697985503285,0.0011765493416355183,0.003614427433052698
P4,char3gram,oracle_target,cc,replace,0.1,prevalence_absolute_error,5,0.044194,0.004606645200142942,0.03847409450248433,0.04991390549751566
P4,char3gram,oracle_target,cc,replace,0.1,prevalence_error,5,-0.044194,0.004606645200142942,-0.04991390549751566,-0.03847409450248433
P4,char3gram,oracle_target,cc,replace,0.1,false_positive_share,5,0.769288281293101,0.0461314621572981,0.7120085055478846,0.8265680570383174
P4,char3gram,oracle_target,cc,replace,0.1,prevalence_decision_error,5,1.0,0.0,1.0,1.0
P4,char3gram,oracle_target,cc,replace,0.1,decision_regret,5,0.002053155649895584,0.0009232768746646746,0.0009067559942503686,0.0031995553055407995
P4,char3gram,oracle_target,dys,replace,0.05,prevalence_absolute_error,5,0.045204443238202205,0.00995855265479854,0.03283926693252234,0.05756961954388207
P4,char3gram,oracle_target,dys,replace,0.05,prevalence_error,5,0.014734482173823515,0.0189173748385876,-0.00875454110377645,0.03822350545142348
P4,char3gram,oracle_target,dys,replace,0.05,false_positive_share,5,0.8749676164984104,0.029121554011945244,0.8388084313100316,0.9111268016867892
P4,char3gram,oracle_target,dys,replace,0.05,prevalence_decision_error,5,0.246,0.1123832727766904,0.10645773619287036,0.38554226380712964
P4,char3gram,oracle_target,dys,replace,0.05,decision_regret,5,0.0015181527813239522,0.0010386908418954846,0.0002284477576783709,0.0028078578049695333
P4,char3gram,oracle_target,dys,replace,0.1,prevalence_absolute_error,5,0.05188617863386289,0.007320915337385703,0.0427960616255333,0.06097629564219248
P4,char3gram,oracle_target,dys,replace,0.1,prevalence_error,5,0.005434532261715272,0.01763827170588733,-0.01646627470602112,0.02733533922945166
P4,char3gram,oracle_target,dys,replace,0.1,false_positive_share,5,0.769288281293101,0.0461314621572981,0.7120085055478846,0.8265680570383174
P4,char3gram,oracle_target,dys,replace,0.1,prevalence_decision_error,5,0.476,0.11104053313993048,0.3381249676587963,0.6138750323412037
P4,char3gram,oracle_target,dys,replace,0.1,decision_regret,5,0.001158020105771992,0.0015936399786867738,-0.0008207452818615891,0.003136785493405573
P4,char3gram,oracle_target,emq,replace,0.05,prevalence_absolute_error,5,0.04920464962935964,0.0005867721572940536,0.04847607576649925,0.04993322349222002
P4,char3gram,oracle_target,emq,replace,0.05,prevalence_error,5,-0.049186300352254755,0.0005909716214170482,-0.04992008853852841,-0.0484525121659811
P4,char3gram,oracle_target,emq,replace,0.05,false_positive_share,5,0.8749676164984104,0.029121554011945244,0.8388084313100316,0.9111268016867892
P4,char3gram,oracle_target,emq,replace,0.05,prevalence_decision_error,5,0.0,0.0,0.0,0.0
P4,char3gram,oracle_target,emq,replace,0.05,decision_regret,5,0.002395488387344108,0.000981697985503285,0.0011765493416355183,0.003614427433052698
P4,char3gram,oracle_target,emq,replace,0.1,prevalence_absolute_error,5,0.09355815337034175,0.0019326332852744905,0.09115847219828616,0.09595783454239734
P4,char3gram,oracle_target,emq,replace,0.1,prevalence_error,5,-0.09355815337034175,0.0019326332852744905,-0.09595783454239734,-0.09115847219828616
P4,char3gram,oracle_target,emq,replace,0.1,false_positive_share,5,0.769288281293101,0.0461314621572981,0.7120085055478846,0.8265680570383174
P4,char3gram,oracle_target,emq,replace,0.1,prevalence_decision_error,5,1.0,0.0,1.0,1.0
P4,char3gram,oracle_target,emq,replace,0.1,decision_regret,5,0.002053155649895584,0.0009232768746646746,0.0009067559942503686,0.0031995553055407995
P4,char3gram,oracle_target,hdy,replace,0.05,prevalence_absolute_error,5,0.04379388619406928,0.010169648449131242,0.03116659984039427,0.056421172547744286
P4,char3gram,oracle_target,hdy,replace,0.05,prevalence_error,5,0.021581078449648017,0.023951330922546806,-0.0081584268659429,0.05132058376523893
P4,char3gram,oracle_target,hdy,replace,0.05,false_positive_share,5,0.8749676164984104,0.029121554011945244,0.8388084313100316,0.9111268016867892
P4,char3gram,oracle_target,hdy,replace,0.05,prevalence_decision_error,5,0.286,0.18201648277010518,0.05999668626468463,0.5120033137353153
P4,char3gram,oracle_target,hdy,replace,0.05,decision_regret,5,0.0015922491452237159,0.001236460645465241,5.698047655373797e-05,0.0031275178138936936
P4,char3gram,oracle_target,hdy,replace,0.1,prevalence_absolute_error,5,0.04692877430915994,0.006004521350576891,0.039473176321702774,0.054384372296617106
P4,char3gram,oracle_target,hdy,replace,0.1,prevalence_error,5,0.0168929516209456,0.016206434402736187,-0.0032299945161828464,0.03701589775807405
P4,char3gram,oracle_target,hdy,replace,0.1,false_positive_share,5,0.769288281293101,0.0461314621572981,0.7120085055478846,0.8265680570383174
P4,char3gram,oracle_target,hdy,replace,0.1,prevalence_decision_error,5,0.38,0.0982344135219425,0.258025865345143,0.501974134654857
P4,char3gram,oracle_target,hdy,replace,0.1,decision_regret,5,0.0008422745974988718,0.0010352125809467002,-0.00044311159475024574,0.002127660789747989
P4,char3gram,oracle_target,kdey,replace,0.05,prevalence_absolute_error,5,0.05879627013729995,0.01594938890966089,0.03899248813482363,0.07860005213977626
P4,char3gram,oracle_target,kdey,replace,0.05,prevalence_error,5,0.04871777012449495,0.02474377498852048,0.017994315541594315,0.07944122470739559
P4,char3gram,oracle_target,kdey,replace,0.05,false_positive_share,5,0.8749676164984104,0.029121554011945244,0.8388084313100316,0.9111268016867892
P4,char3gram,oracle_target,kdey,replace,0.05,prevalence_decision_error,5,0.48599999999999993,0.20887795479657498,0.22664376351065957,0.7453562364893402
P4,char3gram,oracle_target,kdey,replace,0.05,decision_regret,5,0.001190544519606116,0.0010036607544344853,-5.5664905585213345e-05,0.002436753944797445
P4,char3gram,oracle_target,kdey,replace,0.1,prevalence_absolute_error,5,0.058659974731268785,0.008858597367811201,0.04766057330507499,0.06965937615746258
P4,char3gram,oracle_target,kdey,replace,0.1,prevalence_error,5,0.047109970409936086,0.016086185681493927,0.027136332780804195,0.06708360803906797
P4,char3gram,oracle_target,kdey,replace,0.1,false_positive_share,5,0.769288281293101,0.0461314621572981,0.7120085055478846,0.8265680570383174
P4,char3gram,oracle_target,kdey,replace,0.1,prevalence_decision_error,5,0.20400000000000001,0.09736529155710467,0.08310502279893023,0.3248949772010698
P4,char3gram,oracle_target,kdey,replace,0.1,decision_regret,5,0.0007768162095662201,0.0005035358779679372,0.0001515938380895086,0.0014020385810429316
P4,char3gram,oracle_target,median_sweep,replace,0.05,prevalence_absolute_error,1,0.04031636114911074,,,
P4,char3gram,oracle_target,median_sweep,replace,0.05,prevalence_error,1,-0.0025560875512996256,,,
P4,char3gram,oracle_target,median_sweep,replace,0.05,false_positive_share,1,0.8749999999999999,,,
P4,char3gram,oracle_target,median_sweep,replace,0.05,prevalence_decision_error,1,0.14,,,
P4,char3gram,oracle_target,median_sweep,replace,0.05,decision_regret,1,0.00345327499885162,,,
P4,char3gram,oracle_target,median_sweep,replace,0.1,prevalence_absolute_error,1,0.04598872777017781,,,
P4,char3gram,oracle_target,median_sweep,replace,0.1,prevalence_error,1,-0.014480930232558167,,,
P4,char3gram,oracle_target,median_sweep,replace,0.1,false_positive_share,1,0.7682926829268291,,,
P4,char3gram,oracle_target,median_sweep,replace,0.1,prevalence_decision_error,1,0.61,,,
P4,char3gram,oracle_target,median_sweep,replace,0.1,decision_regret,1,0.00392552018740526,,,
P4,char3gram,oracle_target,pacc,replace,0.05,prevalence_absolute_error,5,0.049328357470710814,0.0075132899251455585,0.03999937586259052,0.05865733907883111
P4,char3gram,oracle_target,pacc,replace,0.05,prevalence_error,5,0.02596841018910962,0.0301091434025106,-0.011417029190542174,0.06335384956876142
P4,char3gram,oracle_target,pacc,replace,0.05,false_positive_share,5,0.8749676164984104,0.029121554011945244,0.8388084313100316,0.9111268016867892
P4,char3gram,oracle_target,pacc,replace,0.05,prevalence_decision_error,5,0.344,0.18049930747789586,0.11988050820398521,0.5681194917960147
P4,char3gram,oracle_target,pacc,replace,0.05,decision_regret,5,0.0018426089796954078,0.0010994935023696,0.0004774074815441106,0.003207810477846705
P4,char3gram,oracle_target,pacc,replace,0.1,prevalence_absolute_error,5,0.048621432108309035,0.0038377740204416245,0.04385620627388495,0.05338665794273312
P4,char3gram,oracle_target,pacc,replace,0.1,prevalence_error,5,0.018616316475586647,0.022495799909675554,-0.009315908383052976,0.04654854133422627
P4,char3gram,oracle_target,pacc,replace,0.1,false_positive_share,5,0.769288281293101,0.0461314621572981,0.7120085055478846,0.8265680570383174
P4,char3gram,oracle_target,pacc,replace,0.1,prevalence_decision_error,5,0.36200000000000004,0.14669696656713796,0.17985165796788363,0.5441483420321165
P4,char3gram,oracle_target,pacc,replace,0.1,decision_regret,5,0.000669066911155288,0.0005933965783999299,-6.773225690120228e-05,0.0014058660792117782
P4,char3gram,oracle_target,pcc,replace,0.05,prevalence_absolute_error,5,0.4269811612410355,0.005761575866071194,0.41982721991521527,0.4341351025668558
P4,char3gram,oracle_target,pcc,replace,0.05,prevalence_error,5,0.4269811612410355,0.005761575866071194,0.41982721991521527,0.4341351025668558
P4,char3gram,oracle_target,pcc,replace,0.05,false_positive_share,5,0.8749676164984104,0.029121554011945244,0.8388084313100316,0.9111268016867892
P4,char3gram,oracle_target,pcc,replace,0.05,prevalence_decision_error,5,1.0,0.0,1.0,1.0
P4,char3gram,oracle_target,pcc,replace,0.05,decision_regret,5,0.00034384071890482,0.00047452111005232315,-0.0002453550598348359,0.0009330364976444759
P4,char3gram,oracle_target,pcc,replace,0.1,prevalence_absolute_error,5,0.3794150875809715,0.005300077719596206,0.37283417188886697,0.385996003273076
P4,char3gram,oracle_target,pcc,replace,0.1,prevalence_error,5,0.3794150875809715,0.005300077719596206,0.37283417188886697,0.385996003273076
P4,char3gram,oracle_target,pcc,replace,0.1,false_positive_share,5,0.769288281293101,0.0461314621572981,0.7120085055478846,0.8265680570383174
P4,char3gram,oracle_target,pcc,replace,0.1,prevalence_decision_error,5,0.0,0.0,0.0,0.0
P4,char3gram,oracle_target,pcc,replace,0.1,decision_regret,5,0.0007952804939169399,0.000320373738890773,0.00039748395636633396,0.0011930770314675459
P4,char3gram,source_only,acc,replace,0.05,prevalence_absolute_error,5,0.95,0.0,0.95,0.95
P4,char3gram,source_only,acc,replace,0.05,prevalence_error,5,0.95,0.0,0.95,0.95
P4,char3gram,source_only,acc,replace,0.05,false_positive_share,5,0.9499902416476209,1.3362174305395116e-05,0.9499736503168482,0.9500068329783936
P4,char3gram,source_only,acc,replace,0.05,prevalence_decision_error,5,1.0,0.0,1.0,1.0
P4,char3gram,source_only,acc,replace,0.05,decision_regret,0,,,,
P4,char3gram,source_only,acc,replace,0.1,prevalence_absolute_error,5,0.9,0.0,0.9,0.9
P4,char3gram,source_only,acc,replace,0.1,prevalence_error,5,0.9,0.0,0.9,0.9
P4,char3gram,source_only,acc,replace,0.1,false_positive_share,5,0.899981510965025,2.531715380588006e-05,0.8999500755666072,0.9000129463634428
P4,char3gram,source_only,acc,replace,0.1,prevalence_decision_error,5,0.0,0.0,0.0,0.0
P4,char3gram,source_only,acc,replace,0.1,decision_regret,0,,,,
P4,char3gram,source_only,cc,replace,0.05,prevalence_absolute_error,5,0.949714,0.0002140794245134187,0.9494481852858254,0.9499798147141745
P4,char3gram,source_only,cc,replace,0.05,prevalence_error,5,0.949714,0.0002140794245134187,0.9494481852858254,0.9499798147141745
P4,char3gram,source_only,cc,replace,0.05,false_positive_share,5,0.9499902416476209,1.3362174305395116e-05,0.9499736503168482,0.9500068329783936
P4,char3gram,source_only,cc,replace,0.05,prevalence_decision_error,5,1.0,0.0,1.0,1.0
P4,char3gram,source_only,cc,replace,0.05,decision_regret,0,,,,
P4,char3gram,source_only,cc,replace,0.1,prevalence_absolute_error,5,0.8997299999999999,0.00017102631376484536,0.8995176427834526,0.8999423572165473
P4,char3gram,source_only,cc,replace,0.1,prevalence_error,5,0.8997299999999999,0.00017102631376484536,0.8995176427834526,0.8999423572165473
P4,char3gram,source_only,cc,replace,0.1,false_positive_share,5,0.899981510965025,2.531715380588006e-05,0.8999500755666072,0.9000129463634428
P4,char3gram,source_only,cc,replace,0.1,prevalence_decision_error,5,0.0,0.0,0.0,0.0
P4,char3gram,source_only,cc,replace,0.1,decision_regret,0,,,,
P4,char3gram,source_only,dys,replace,0.05,prevalence_absolute_error,5,0.9499940391390134,0.0,0.9499940391390134,0.9499940391390134
P4,char3gram,source_only,dys,replace,0.05,prevalence_error,5,0.9499940391390134,0.0,0.9499940391390134,0.9499940391390134
P4,char3gram,source_only,dys,replace,0.05,false_positive_share,5,0.9499902416476209,1.3362174305395116e-05,0.9499736503168482,0.9500068329783936
P4,char3gram,source_only,dys,replace,0.05,prevalence_decision_error,5,1.0,0.0,1.0,1.0
P4,char3gram,source_only,dys,replace,0.05,decision_regret,0,,,,
P4,char3gram,source_only,dys,replace,0.1,prevalence_absolute_error,5,0.8999940391390135,1.2412670766236366e-16,0.8999940391390134,0.8999940391390137
P4,char3gram,source_only,dys,replace,0.1,prevalence_error,5,0.8999940391390135,1.2412670766236366e-16,0.8999940391390134,0.8999940391390137
P4,char3gram,source_only,dys,replace,0.1,false_positive_share,5,0.899981510965025,2.531715380588006e-05,0.8999500755666072,0.9000129463634428
P4,char3gram,source_only,dys,replace,0.1,prevalence_decision_error,5,0.0,0.0,0.0,0.0
P4,char3gram,source_only,dys,replace,0.1,decision_regret,0,,,,
P4,char3gram,source_only,emq,replace,0.05,prevalence_absolute_error,5,0.9499999998905194,7.901931175123603e-11,0.949999999792404,0.9499999999886348
P4,char3gram,source_only,emq,replace,0.05,prevalence_error,5,0.9499999998905194,7.901931175123603e-11,0.949999999792404,0.9499999999886348
P4,char3gram,source_only,emq,replace,0.05,false_positive_share,5,0.9499902416476209,1.3362174305395116e-05,0.9499736503168482,0.9500068329783936
P4,char3gram,source_only,emq,replace,0.05,prevalence_decision_error,5,1.0,0.0,1.0,1.0
P4,char3gram,source_only,emq,replace,0.05,decision_regret,0,,,,
P4,char3gram,source_only,emq,replace,0.1,prevalence_absolute_error,5,0.8999999998984084,7.088857684880616e-11,0.8999999998103886,0.8999999999864282
P4,char3gram,source_only,emq,replace,0.1,prevalence_error,5,0.8999999998984084,7.088857684880616e-11,0.8999999998103886,0.8999999999864282
P4,char3gram,source_only,emq,replace,0.1,false_positive_share,5,0.899981510965025,2.531715380588006e-05,0.8999500755666072,0.9000129463634428
P4,char3gram,source_only,emq,replace,0.1,prevalence_decision_error,5,0.0,0.0,0.0,0.0
P4,char3gram,source_only,emq,replace,0.1,decision_regret,0,,,,
P4,char3gram,source_only,hdy,replace,0.05,prevalence_absolute_error,5,0.9499940391390134,0.0,0.9499940391390134,0.9499940391390134
P4,char3gram,source_only,hdy,replace,0.05,prevalence_error,5,0.9499940391390134,0.0,0.9499940391390134,0.9499940391390134
P4,char3gram,source_only,hdy,replace,0.05,false_positive_share,5,0.9499902416476209,1.3362174305395116e-05,0.9499736503168482,0.9500068329783936
P4,char3gram,source_only,hdy,replace,0.05,prevalence_decision_error,5,1.0,0.0,1.0,1.0
P4,char3gram,source_only,hdy,replace,0.05,decision_regret,0,,,,
P4,char3gram,source_only,hdy,replace,0.1,prevalence_absolute_error,5,0.8999940391390135,1.2412670766236366e-16,0.8999940391390134,0.8999940391390137
P4,char3gram,source_only,hdy,replace,0.1,prevalence_error,5,0.8999940391390135,1.2412670766236366e-16,0.8999940391390134,0.8999940391390137
P4,char3gram,source_only,hdy,replace,0.1,false_positive_share,5,0.899981510965025,2.531715380588006e-05,0.8999500755666072,0.9000129463634428
P4,char3gram,source_only,hdy,replace,0.1,prevalence_decision_error,5,0.0,0.0,0.0,0.0
P4,char3gram,source_only,hdy,replace,0.1,decision_regret,0,,,,
P4,char3gram,source_only,kdey,replace,0.05,prevalence_absolute_error,5,0.9499940391390134,0.0,0.9499940391390134,0.9499940391390134
P4,char3gram,source_only,kdey,replace,0.05,prevalence_error,5,0.9499940391390134,0.0,0.9499940391390134,0.9499940391390134
P4,char3gram,source_only,kdey,replace,0.05,false_positive_share,5,0.9499902416476209,1.3362174305395116e-05,0.9499736503168482,0.9500068329783936
P4,char3gram,source_only,kdey,replace,0.05,prevalence_decision_error,5,1.0,0.0,1.0,1.0
P4,char3gram,source_only,kdey,replace,0.05,decision_regret,0,,,,
P4,char3gram,source_only,kdey,replace,0.1,prevalence_absolute_error,5,0.8999940391390135,1.2412670766236366e-16,0.8999940391390134,0.8999940391390137
P4,char3gram,source_only,kdey,replace,0.1,prevalence_error,5,0.8999940391390135,1.2412670766236366e-16,0.8999940391390134,0.8999940391390137
P4,char3gram,source_only,kdey,replace,0.1,false_positive_share,5,0.899981510965025,2.531715380588006e-05,0.8999500755666072,0.9000129463634428
P4,char3gram,source_only,kdey,replace,0.1,prevalence_decision_error,5,0.0,0.0,0.0,0.0
P4,char3gram,source_only,kdey,replace,0.1,decision_regret,0,,,,
P4,char3gram,source_only,median_sweep,replace,0.05,prevalence_absolute_error,5,0.95,0.0,0.95,0.95
P4,char3gram,source_only,median_sweep,replace,0.05,prevalence_error,5,0.95,0.0,0.95,0.95
P4,char3gram,source_only,median_sweep,replace,0.05,false_positive_share,5,0.9499902416476209,1.3362174305395116e-05,0.9499736503168482,0.9500068329783936
P4,char3gram,source_only,median_sweep,replace,0.05,prevalence_decision_error,5,1.0,0.0,1.0,1.0
P4,char3gram,source_only,median_sweep,replace,0.05,decision_regret,0,,,,
P4,char3gram,source_only,median_sweep,replace,0.1,prevalence_absolute_error,5,0.9,0.0,0.9,0.9
P4,char3gram,source_only,median_sweep,replace,0.1,prevalence_error,5,0.9,0.0,0.9,0.9
P4,char3gram,source_only,median_sweep,replace,0.1,false_positive_share,5,0.899981510965025,2.531715380588006e-05,0.8999500755666072,0.9000129463634428
P4,char3gram,source_only,median_sweep,replace,0.1,prevalence_decision_error,5,0.0,0.0,0.0,0.0
P4,char3gram,source_only,median_sweep,replace,0.1,decision_regret,0,,,,
P4,char3gram,source_only,pacc,replace,0.05,prevalence_absolute_error,5,0.95,0.0,0.95,0.95
P4,char3gram,source_only,pacc,replace,0.05,prevalence_error,5,0.95,0.0,0.95,0.95
P4,char3gram,source_only,pacc,replace,0.05,false_positive_share,5,0.9499902416476209,1.3362174305395116e-05,0.9499736503168482,0.9500068329783936
P4,char3gram,source_only,pacc,replace,0.05,prevalence_decision_error,5,1.0,0.0,1.0,1.0
P4,char3gram,source_only,pacc,replace,0.05,decision_regret,0,,,,
P4,char3gram,source_only,pacc,replace,0.1,prevalence_absolute_error,5,0.9,0.0,0.9,0.9
P4,char3gram,source_only,pacc,replace,0.1,prevalence_error,5,0.9,0.0,0.9,0.9
P4,char3gram,source_only,pacc,replace,0.1,false_positive_share,5,0.899981510965025,2.531715380588006e-05,0.8999500755666072,0.9000129463634428
P4,char3gram,source_only,pacc,replace,0.1,prevalence_decision_error,5,0.0,0.0,0.0,0.0
P4,char3gram,source_only,pacc,replace,0.1,decision_regret,0,,,,
P4,char3gram,source_only,pcc,replace,0.05,prevalence_absolute_error,5,0.9147279439506623,0.0034525412538147578,0.9104410477734872,0.9190148401278373
P4,char3gram,source_only,pcc,replace,0.05,prevalence_error,5,0.9147279439506623,0.0034525412538147578,0.9104410477734872,0.9190148401278373
P4,char3gram,source_only,pcc,replace,0.05,false_positive_share,5,0.9499902416476209,1.3362174305395116e-05,0.9499736503168482,0.9500068329783936
P4,char3gram,source_only,pcc,replace,0.05,prevalence_decision_error,5,1.0,0.0,1.0,1.0
P4,char3gram,source_only,pcc,replace,0.05,decision_regret,0,,,,
P4,char3gram,source_only,pcc,replace,0.1,prevalence_absolute_error,5,0.8650355221246793,0.003330001602271226,0.8609007790211782,0.8691702652281803
P4,char3gram,source_only,pcc,replace,0.1,prevalence_error,5,0.8650355221246793,0.003330001602271226,0.8609007790211782,0.8691702652281803
P4,char3gram,source_only,pcc,replace,0.1,false_positive_share,5,0.899981510965025,2.531715380588006e-05,0.8999500755666072,0.9000129463634428
P4,char3gram,source_only,pcc,replace,0.1,prevalence_decision_error,5,0.0,0.0,0.0,0.0
P4,char3gram,source_only,pcc,replace,0.1,decision_regret,0,,,,
P4,char3gram,target_real_anchor,acc,replace,0.05,prevalence_absolute_error,5,0.95,0.0,0.95,0.95
P4,char3gram,target_real_anchor,acc,replace,0.05,prevalence_error,5,0.95,0.0,0.95,0.95
P4,char3gram,target_real_anchor,acc,replace,0.05,false_positive_share,5,0.8757149808957738,0.026950080036617134,0.8422520367655963,0.9091779250259513
P4,char3gram,target_real_anchor,acc,replace,0.05,prevalence_decision_error,5,1.0,0.0,1.0,1.0
P4,char3gram,target_real_anchor,acc,replace,0.05,decision_regret,5,0.000441558105120436,0.0005909000105298294,-0.00029214116449267826,0.0011752573747335503
P4,char3gram,target_real_anchor,acc,replace,0.1,prevalence_absolute_error,5,0.9,0.0,0.9,0.9
P4,char3gram,target_real_anchor,acc,replace,0.1,prevalence_error,5,0.9,0.0,0.9,0.9
P4,char3gram,target_real_anchor,acc,replace,0.1,false_positive_share,5,0.7703605819811595,0.04292550412152073,0.71706152890872,0.8236596350535991
P4,char3gram,target_real_anchor,acc,replace,0.1,prevalence_decision_error,5,0.0,0.0,0.0,0.0
P4,char3gram,target_real_anchor,acc,replace,0.1,decision_regret,5,0.0007127690930701201,0.00039753661320055634,0.0002191621924911341,0.0012063759936491061
P4,char3gram,target_real_anchor,cc,replace,0.05,prevalence_absolute_error,5,0.009275999999999954,0.005302294786222266,0.0026923314560842425,0.015859668543915666
P4,char3gram,target_real_anchor,cc,replace,0.05,prevalence_error,5,0.004611999999999955,0.00984227971559433,-0.007608804383104706,0.016832804383104617
P4,char3gram,target_real_anchor,cc,replace,0.05,false_positive_share,5,0.8757149808957738,0.026950080036617134,0.8422520367655963,0.9091779250259513
P4,char3gram,target_real_anchor,cc,replace,0.05,prevalence_decision_error,5,0.0,0.0,0.0,0.0
P4,char3gram,target_real_anchor,cc,replace,0.05,decision_regret,5,0.0029786880978918957,0.00177065209953869,0.0007801331325507969,0.005177243063232995
P4,char3gram,target_real_anchor,cc,replace,0.1,prevalence_absolute_error,5,0.0407,0.01053424890535628,0.027620002386101697,0.0537799976138983
P4,char3gram,target_real_anchor,cc,replace,0.1,prevalence_error,5,-0.0407,0.01053424890535628,-0.0537799976138983,-0.027620002386101697
P4,char3gram,target_real_anchor,cc,replace,0.1,false_positive_share,5,0.7703605819811595,0.04292550412152073,0.71706152890872,0.8236596350535991
P4,char3gram,target_real_anchor,cc,replace,0.1,prevalence_decision_error,5,1.0,0.0,1.0,1.0
P4,char3gram,target_real_anchor,cc,replace,0.1,decision_regret,5,0.002262454821780308,0.0008927507326894295,0.0011539583776298112,0.003370951265930805
P4,char3gram,target_real_anchor,dys,replace,0.05,prevalence_absolute_error,5,0.9499940391390134,0.0,0.9499940391390134,0.9499940391390134
P4,char3gram,target_real_anchor,dys,replace,0.05,prevalence_error,5,0.9499940391390134,0.0,0.9499940391390134,0.9499940391390134
P4,char3gram,target_real_anchor,dys,replace,0.05,false_positive_share,5,0.8757149808957738,0.026950080036617134,0.8422520367655963,0.9091779250259513
P4,char3gram,target_real_anchor,dys,replace,0.05,prevalence_decision_error,5,1.0,0.0,1.0,1.0
P4,char3gram,target_real_anchor,dys,replace,0.05,decision_regret,5,0.000441558105120436,0.0005909000105298294,-0.00029214116449267826,0.0011752573747335503
P4,char3gram,target_real_anchor,dys,replace,0.1,prevalence_absolute_error,5,0.8999940391390135,1.2412670766236366e-16,0.8999940391390134,0.8999940391390137
P4,char3gram,target_real_anchor,dys,replace,0.1,prevalence_error,5,0.8999940391390135,1.2412670766236366e-16,0.8999940391390134,0.8999940391390137
P4,char3gram,target_real_anchor,dys,replace,0.1,false_positive_share,5,0.7703605819811595,0.04292550412152073,0.71706152890872,0.8236596350535991
P4,char3gram,target_real_anchor,dys,replace,0.1,prevalence_decision_error,5,0.0,0.0,0.0,0.0
P4,char3gram,target_real_anchor,dys,replace,0.1,decision_regret,5,0.0007127690930701201,0.00039753661320055634,0.0002191621924911341,0.0012063759936491061
P4,char3gram,target_real_anchor,emq,replace,0.05,prevalence_absolute_error,5,0.9499999998905194,7.901931175123603e-11,0.949999999792404,0.9499999999886348
P4,char3gram,target_real_anchor,emq,replace,0.05,prevalence_error,5,0.9499999998905194,7.901931175123603e-11,0.949999999792404,0.9499999999886348
P4,char3gram,target_real_anchor,emq,replace,0.05,false_positive_share,5,0.8757149808957738,0.026950080036617134,0.8422520367655963,0.9091779250259513
P4,char3gram,target_real_anchor,emq,replace,0.05,prevalence_decision_error,5,1.0,0.0,1.0,1.0
P4,char3gram,target_real_anchor,emq,replace,0.05,decision_regret,5,0.000441558105120436,0.0005909000105298294,-0.00029214116449267826,0.0011752573747335503
P4,char3gram,target_real_anchor,emq,replace,0.1,prevalence_absolute_error,5,0.8999999998984084,7.088857684880616e-11,0.8999999998103886,0.8999999999864282
P4,char3gram,target_real_anchor,emq,replace,0.1,prevalence_error,5,0.8999999998984084,7.088857684880616e-11,0.8999999998103886,0.8999999999864282
P4,char3gram,target_real_anchor,emq,replace,0.1,false_positive_share,5,0.7703605819811595,0.04292550412152073,0.71706152890872,0.8236596350535991
P4,char3gram,target_real_anchor,emq,replace,0.1,prevalence_decision_error,5,0.0,0.0,0.0,0.0
P4,char3gram,target_real_anchor,emq,replace,0.1,decision_regret,5,0.0007127690930701201,0.00039753661320055634,0.0002191621924911341,0.0012063759936491061
P4,char3gram,target_real_anchor,hdy,replace,0.05,prevalence_absolute_error,5,0.9499940391390134,0.0,0.9499940391390134,0.9499940391390134
P4,char3gram,target_real_anchor,hdy,replace,0.05,prevalence_error,5,0.9499940391390134,0.0,0.9499940391390134,0.9499940391390134
P4,char3gram,target_real_anchor,hdy,replace,0.05,false_positive_share,5,0.8757149808957738,0.026950080036617134,0.8422520367655963,0.9091779250259513
P4,char3gram,target_real_anchor,hdy,replace,0.05,prevalence_decision_error,5,1.0,0.0,1.0,1.0
P4,char3gram,target_real_anchor,hdy,replace,0.05,decision_regret,5,0.000441558105120436,0.0005909000105298294,-0.00029214116449267826,0.0011752573747335503
P4,char3gram,target_real_anchor,hdy,replace,0.1,prevalence_absolute_error,5,0.8999940391390135,1.2412670766236366e-16,0.8999940391390134,0.8999940391390137
P4,char3gram,target_real_anchor,hdy,replace,0.1,prevalence_error,5,0.8999940391390135,1.2412670766236366e-16,0.8999940391390134,0.8999940391390137
P4,char3gram,target_real_anchor,hdy,replace,0.1,false_positive_share,5,0.7703605819811595,0.04292550412152073,0.71706152890872,0.8236596350535991
P4,char3gram,target_real_anchor,hdy,replace,0.1,prevalence_decision_error,5,0.0,0.0,0.0,0.0
P4,char3gram,target_real_anchor,hdy,replace,0.1,decision_regret,5,0.0007127690930701201,0.00039753661320055634,0.0002191621924911341,0.0012063759936491061
P4,char3gram,target_real_anchor,kdey,replace,0.05,prevalence_absolute_error,5,0.9499940391390134,0.0,0.9499940391390134,0.9499940391390134
P4,char3gram,target_real_anchor,kdey,replace,0.05,prevalence_error,5,0.9499940391390134,0.0,0.9499940391390134,0.9499940391390134
P4,char3gram,target_real_anchor,kdey,replace,0.05,false_positive_share,5,0.8757149808957738,0.026950080036617134,0.8422520367655963,0.9091779250259513
P4,char3gram,target_real_anchor,kdey,replace,0.05,prevalence_decision_error,5,1.0,0.0,1.0,1.0
P4,char3gram,target_real_anchor,kdey,replace,0.05,decision_regret,5,0.000441558105120436,0.0005909000105298294,-0.00029214116449267826,0.0011752573747335503
P4,char3gram,target_real_anchor,kdey,replace,0.1,prevalence_absolute_error,5,0.8999940391390135,1.2412670766236366e-16,0.8999940391390134,0.8999940391390137
P4,char3gram,target_real_anchor,kdey,replace,0.1,prevalence_error,5,0.8999940391390135,1.2412670766236366e-16,0.8999940391390134,0.8999940391390137
P4,char3gram,target_real_anchor,kdey,replace,0.1,false_positive_share,5,0.7703605819811595,0.04292550412152073,0.71706152890872,0.8236596350535991
P4,char3gram,target_real_anchor,kdey,replace,0.1,prevalence_decision_error,5,0.0,0.0,0.0,0.0
P4,char3gram,target_real_anchor,kdey,replace,0.1,decision_regret,5,0.0007127690930701201,0.00039753661320055634,0.0002191621924911341,0.0012063759936491061
P4,char3gram,target_real_anchor,median_sweep,replace,0.05,prevalence_absolute_error,5,0.95,0.0,0.95,0.95
P4,char3gram,target_real_anchor,median_sweep,replace,0.05,prevalence_error,5,0.95,0.0,0.95,0.95
P4,char3gram,target_real_anchor,median_sweep,replace,0.05,false_positive_share,5,0.8757149808957738,0.026950080036617134,0.8422520367655963,0.9091779250259513
P4,char3gram,target_real_anchor,median_sweep,replace,0.05,prevalence_decision_error,5,1.0,0.0,1.0,1.0
P4,char3gram,target_real_anchor,median_sweep,replace,0.05,decision_regret,5,0.000441558105120436,0.0005909000105298294,-0.00029214116449267826,0.0011752573747335503
P4,char3gram,target_real_anchor,median_sweep,replace,0.1,prevalence_absolute_error,5,0.9,0.0,0.9,0.9
P4,char3gram,target_real_anchor,median_sweep,replace,0.1,prevalence_error,5,0.9,0.0,0.9,0.9
P4,char3gram,target_real_anchor,median_sweep,replace,0.1,false_positive_share,5,0.7703605819811595,0.04292550412152073,0.71706152890872,0.8236596350535991
P4,char3gram,target_real_anchor,median_sweep,replace,0.1,prevalence_decision_error,5,0.0,0.0,0.0,0.0
P4,char3gram,target_real_anchor,median_sweep,replace,0.1,decision_regret,5,0.0007127690930701201,0.00039753661320055634,0.0002191621924911341,0.0012063759936491061
P4,char3gram,target_real_anchor,pacc,replace,0.05,prevalence_absolute_error,5,0.95,0.0,0.95,0.95
P4,char3gram,target_real_anchor,pacc,replace,0.05,prevalence_error,5,0.95,0.0,0.95,0.95
P4,char3gram,target_real_anchor,pacc,replace,0.05,false_positive_share,5,0.8757149808957738,0.026950080036617134,0.8422520367655963,0.9091779250259513
P4,char3gram,target_real_anchor,pacc,replace,0.05,prevalence_decision_error,5,1.0,0.0,1.0,1.0
P4,char3gram,target_real_anchor,pacc,replace,0.05,decision_regret,5,0.000441558105120436,0.0005909000105298294,-0.00029214116449267826,0.0011752573747335503
P4,char3gram,target_real_anchor,pacc,replace,0.1,prevalence_absolute_error,5,0.9,0.0,0.9,0.9
P4,char3gram,target_real_anchor,pacc,replace,0.1,prevalence_error,5,0.9,0.0,0.9,0.9
P4,char3gram,target_real_anchor,pacc,replace,0.1,false_positive_share,5,0.7703605819811595,0.04292550412152073,0.71706152890872,0.8236596350535991
P4,char3gram,target_real_anchor,pacc,replace,0.1,prevalence_decision_error,5,0.0,0.0,0.0,0.0
P4,char3gram,target_real_anchor,pacc,replace,0.1,decision_regret,5,0.0007127690930701201,0.00039753661320055634,0.0002191621924911341,0.0012063759936491061
P4,char3gram,target_real_anchor,pcc,replace,0.05,prevalence_absolute_error,5,0.9147279439506623,0.0034525412538147578,0.9104410477734872,0.9190148401278373
P4,char3gram,target_real_anchor,pcc,replace,0.05,prevalence_error,5,0.9147279439506623,0.0034525412538147578,0.9104410477734872,0.9190148401278373
P4,char3gram,target_real_anchor,pcc,replace,0.05,false_positive_share,5,0.8757149808957738,0.026950080036617134,0.8422520367655963,0.9091779250259513
P4,char3gram,target_real_anchor,pcc,replace,0.05,prevalence_decision_error,5,1.0,0.0,1.0,1.0
P4,char3gram,target_real_anchor,pcc,replace,0.05,decision_regret,5,0.000441558105120436,0.0005909000105298294,-0.00029214116449267826,0.0011752573747335503
P4,char3gram,target_real_anchor,pcc,replace,0.1,prevalence_absolute_error,5,0.8650355221246793,0.003330001602271226,0.8609007790211782,0.8691702652281803
P4,char3gram,target_real_anchor,pcc,replace,0.1,prevalence_error,5,0.8650355221246793,0.003330001602271226,0.8609007790211782,0.8691702652281803
P4,char3gram,target_real_anchor,pcc,replace,0.1,false_positive_share,5,0.7703605819811595,0.04292550412152073,0.71706152890872,0.8236596350535991
P4,char3gram,target_real_anchor,pcc,replace,0.1,prevalence_decision_error,5,0.0,0.0,0.0,0.0
P4,char3gram,target_real_anchor,pcc,replace,0.1,decision_regret,5,0.0007127690930701201,0.00039753661320055634,0.0002191621924911341,0.0012063759936491061
P4,column_positional_ablation,oracle_target,acc,replace,0.05,prevalence_absolute_error,3,0.05387798011100741,0.033303630174445355,-0.028852823543518515,0.13660878376553334
P4,column_positional_ablation,oracle_target,acc,replace,0.05,prevalence_error,3,0.00960549195198899,0.04928862808066883,-0.11283424782363673,0.1320452317276147
P4,column_positional_ablation,oracle_target,acc,replace,0.05,false_positive_share,3,0.8728198062816782,0.05135257813288227,0.74525293034618,1.0003866822171763
P4,column_positional_ablation,oracle_target,acc,replace,0.05,prevalence_decision_error,3,0.20666666666666667,0.2730079363925769,-0.471522643733269,0.8848559770666024
P4,column_positional_ablation,oracle_target,acc,replace,0.05,decision_regret,3,0.00045717814066420964,0.0004727378441384767,-0.0007171677657317301,0.0016315240470601493
P4,column_positional_ablation,oracle_target,acc,replace,0.1,prevalence_absolute_error,3,0.0657743422037204,0.030737478333966495,-0.01058178688979447,0.14213047129723527
P4,column_positional_ablation,oracle_target,acc,replace,0.1,prevalence_error,3,-0.0018464392953333024,0.04570577796197442,-0.1153858859755611,0.11169300738489449
P4,column_positional_ablation,oracle_target,acc,replace,0.1,false_positive_share,3,0.7675990043207075,0.08543982819259402,0.5553547050220157,0.9798433036193993
P4,column_positional_ablation,oracle_target,acc,replace,0.1,prevalence_decision_error,3,0.6166666666666667,0.20550750189064468,0.10615773117251404,1.1271756021608192
P4,column_positional_ablation,oracle_target,acc,replace,0.1,decision_regret,3,0.0021258239317105405,0.0010537537966941578,-0.0004918456135575072,0.004743493476978588
P4,column_positional_ablation,oracle_target,cc,replace,0.05,prevalence_absolute_error,5,0.023309999999999966,0.024378716126982603,-0.006960174137303838,0.053580174137303774
P4,column_positional_ablation,oracle_target,cc,replace,0.05,prevalence_error,5,-0.017938000000000037,0.029289536015444123,-0.054305762394469534,0.01842976239446946
P4,column_positional_ablation,oracle_target,cc,replace,0.05,false_positive_share,5,0.523691883769007,0.4794401609291015,-0.07161170334967726,1.1189954708876912
P4,column_positional_ablation,oracle_target,cc,replace,0.05,prevalence_decision_error,5,0.0,0.0,0.0,0.0
P4,column_positional_ablation,oracle_target,cc,replace,0.05,decision_regret,5,0.0005159327559309258,0.0009332426281095062,-0.0006428410169817123,0.0016747065288435638
P4,column_positional_ablation,oracle_target,cc,replace,0.1,prevalence_absolute_error,5,0.06517999999999999,0.031804250502094844,0.025689807161694833,0.10467019283830514
P4,column_positional_ablation,oracle_target,cc,replace,0.1,prevalence_error,5,-0.06517999999999999,0.031804250502094844,-0.10467019283830514,-0.025689807161694833
P4,column_positional_ablation,oracle_target,cc,replace,0.1,false_positive_share,5,0.4605594025924245,0.42474986939495635,-0.06683721847704355,0.9879560236618925
P4,column_positional_ablation,oracle_target,cc,replace,0.1,prevalence_decision_error,5,1.0,0.0,1.0,1.0
P4,column_positional_ablation,oracle_target,cc,replace,0.1,decision_regret,5,0.000672671973414956,0.0008839848716154805,-0.0004249402166267627,0.0017702841634566746
P4,column_positional_ablation,oracle_target,dys,replace,0.05,prevalence_absolute_error,5,0.4060307460661326,0.49657282253138124,-0.21054585015751043,1.0226073422897757
P4,column_positional_ablation,oracle_target,dys,replace,0.05,prevalence_error,5,0.3766049059213404,0.5240884291356265,-0.2741368284115317,1.0273466402542124
P4,column_positional_ablation,oracle_target,dys,replace,0.05,false_positive_share,5,0.523691883769007,0.4794401609291015,-0.07161170334967726,1.1189954708876912
P4,column_positional_ablation,oracle_target,dys,replace,0.05,prevalence_decision_error,5,0.492,0.4767284342264472,-0.09993653369903066,1.0839365336990308
P4,column_positional_ablation,oracle_target,dys,replace,0.05,decision_regret,5,0.0005147844393630119,0.0009333822263604983,-0.0006441626676720952,0.001673731546398119
P4,column_positional_ablation,oracle_target,dys,replace,0.1,prevalence_absolute_error,5,0.3927050145853239,0.4632334212700867,-0.18247524737050047,0.9678852765411483
P4,column_positional_ablation,oracle_target,dys,replace,0.1,prevalence_error,5,0.35007274800193455,0.5031247959797894,-0.27463919776978385,0.974784693773653
P4,column_positional_ablation,oracle_target,dys,replace,0.1,false_positive_share,5,0.4605594025924245,0.42474986939495635,-0.06683721847704355,0.9879560236618925
P4,column_positional_ablation,oracle_target,dys,replace,0.1,prevalence_decision_error,5,0.364,0.3932302124710155,-0.12425979783127672,0.8522597978312767
P4,column_positional_ablation,oracle_target,dys,replace,0.1,decision_regret,5,0.0005420028672420919,0.000689893434118631,-0.00031461297250017254,0.0013986187069843564
P4,column_positional_ablation,oracle_target,emq,replace,0.05,prevalence_absolute_error,5,0.20708319878170695,0.22178401794001185,-0.06829803167138349,0.4824644292347974
P4,column_positional_ablation,oracle_target,emq,replace,0.05,prevalence_error,5,0.15516784386070281,0.2692635951101,-0.17916706821442346,0.4895027559358291
P4,column_positional_ablation,oracle_target,emq,replace,0.05,false_positive_share,5,0.523691883769007,0.4794401609291015,-0.07161170334967726,1.1189954708876912
P4,column_positional_ablation,oracle_target,emq,replace,0.05,prevalence_decision_error,5,0.40800000000000003,0.5406662556513029,-0.2633258246858552,1.0793258246858553
P4,column_positional_ablation,oracle_target,emq,replace,0.05,decision_regret,5,0.0005159327559309258,0.0009332426281095062,-0.0006428410169817123,0.0016747065288435638
P4,column_positional_ablation,oracle_target,emq,replace,0.1,prevalence_absolute_error,5,0.2085405291007528,0.17526525227754092,-0.009080024788370028,0.42616108298987565
P4,column_positional_ablation,oracle_target,emq,replace,0.1,prevalence_error,5,0.11378773615499269,0.2618563889575762,-0.21134991471327133,0.4389253870232567
P4,column_positional_ablation,oracle_target,emq,replace,0.1,false_positive_share,5,0.4605594025924245,0.42474986939495635,-0.06683721847704355,0.9879560236618925
P4,column_positional_ablation,oracle_target,emq,replace,0.1,prevalence_decision_error,5,0.5660000000000001,0.5198846025802265,-0.07952199424433892,1.2115219942443392
P4,column_positional_ablation,oracle_target,emq,replace,0.1,decision_regret,5,0.0009755269376437962,0.0009196431065164827,-0.0001663607989139898,0.0021174146742015823
P4,column_positional_ablation,oracle_target,hdy,replace,0.05,prevalence_absolute_error,5,0.4061961519762707,0.4964347995536946,-0.21020906608505396,1.0226013700375953
P4,column_positional_ablation,oracle_target,hdy,replace,0.05,prevalence_error,5,0.3798209271510801,0.5211119227507461,-0.26722498636326236,1.0268668406654227
P4,column_positional_ablation,oracle_target,hdy,replace,0.05,false_positive_share,5,0.523691883769007,0.4794401609291015,-0.07161170334967726,1.1189954708876912
P4,column_positional_ablation,oracle_target,hdy,replace,0.05,prevalence_decision_error,5,0.502,0.4708715323737463,-0.08266422952751895,1.086664229527519
P4,column_positional_ablation,oracle_target,hdy,replace,0.05,decision_regret,5,0.0005147844393630119,0.0009333822263604983,-0.0006441626676720952,0.001673731546398119
P4,column_positional_ablation,oracle_target,hdy,replace,0.1,prevalence_absolute_error,5,0.3913466683657278,0.46436866791892634,-0.18524318848304228,0.9679365252144978
P4,column_positional_ablation,oracle_target,hdy,replace,0.1,prevalence_error,5,0.3553134266688575,0.4980791422234301,-0.26313351248618794,0.9737603658239029
P4,column_positional_ablation,oracle_target,hdy,replace,0.1,false_positive_share,5,0.4605594025924245,0.42474986939495635,-0.06683721847704355,0.9879560236618925
P4,column_positional_ablation,oracle_target,hdy,replace,0.1,prevalence_decision_error,5,0.33599999999999997,0.367736318576232,-0.12060494760809737,0.7926049476080973
P4,column_positional_ablation,oracle_target,hdy,replace,0.1,decision_regret,5,0.0005072662910627719,0.0007054728967770462,-0.00036869400657380674,0.0013832265886993505
P4,column_positional_ablation,oracle_target,kdey,replace,0.05,prevalence_absolute_error,3,0.6019411787274875,0.09097021700463617,0.37595863202015967,0.8279237254348154
P4,column_positional_ablation,oracle_target,kdey,replace,0.05,prevalence_error,3,0.6019411787274875,0.09097021700463617,0.37595863202015967,0.8279237254348154
P4,column_positional_ablation,oracle_target,kdey,replace,0.05,false_positive_share,3,0.8728198062816782,0.05135257813288227,0.74525293034618,1.0003866822171763
P4,column_positional_ablation,oracle_target,kdey,replace,0.05,prevalence_decision_error,3,1.0,0.0,1.0,1.0
P4,column_positional_ablation,oracle_target,kdey,replace,0.05,decision_regret,3,0.0010815611933842602,0.0012906832073973614,-0.0021246736360343976,0.004287796022802918
P4,column_positional_ablation,oracle_target,kdey,replace,0.1,prevalence_absolute_error,3,0.5753184425908681,0.08587861334307752,0.3619841405525041,0.788652744629232
P4,column_positional_ablation,oracle_target,kdey,replace,0.1,prevalence_error,3,0.5753184425908681,0.08587861334307752,0.3619841405525041,0.788652744629232
P4,column_positional_ablation,oracle_target,kdey,replace,0.1,false_positive_share,3,0.7675990043207075,0.08543982819259402,0.5553547050220157,0.9798433036193993
P4,column_positional_ablation,oracle_target,kdey,replace,0.1,prevalence_decision_error,3,0.0,0.0,0.0,0.0
P4,column_positional_ablation,oracle_target,kdey,replace,0.1,decision_regret,3,0.002091439312537654,0.0018134774417812984,-0.002413488389999783,0.006596367015075091
P4,column_positional_ablation,oracle_target,pacc,replace,0.05,prevalence_absolute_error,3,0.058317664805965695,0.026457382598474598,-0.007406117061112001,0.1240414466730434
P4,column_positional_ablation,oracle_target,pacc,replace,0.05,prevalence_error,3,0.015418343300360753,0.06022214115956975,-0.13418174863647822,0.16501843523719975
P4,column_positional_ablation,oracle_target,pacc,replace,0.05,false_positive_share,3,0.8728198062816782,0.05135257813288227,0.74525293034618,1.0003866822171763
P4,column_positional_ablation,oracle_target,pacc,replace,0.05,prevalence_decision_error,3,0.31,0.35679125549822543,-0.576318613005889,1.1963186130058892
P4,column_positional_ablation,oracle_target,pacc,replace,0.05,decision_regret,3,0.0009066818266939133,0.0011153938389611038,-0.001864110072123339,0.0036774737255111656
P4,column_positional_ablation,oracle_target,pacc,replace,0.1,prevalence_absolute_error,3,0.0659767417942082,0.015813488465162624,0.02669385874356888,0.10525962484484752
P4,column_positional_ablation,oracle_target,pacc,replace,0.1,prevalence_error,3,-0.00020824173356746856,0.06956154112247392,-0.17300868932337632,0.1725922058562414
P4,column_positional_ablation,oracle_target,pacc,replace,0.1,false_positive_share,3,0.7675990043207075,0.08543982819259402,0.5553547050220157,0.9798433036193993
P4,column_positional_ablation,oracle_target,pacc,replace,0.1,prevalence_decision_error,3,0.54,0.4132795663954365,-0.48664335637872824,1.5666433563787283
P4,column_positional_ablation,oracle_target,pacc,replace,0.1,decision_regret,3,0.0008454438184379532,0.0007526744755158273,-0.0010243032308628137,0.0027151908677387204
P4,column_positional_ablation,oracle_target,pcc,replace,0.05,prevalence_absolute_error,5,0.43597508245989375,0.01356928706848205,0.4191265872256677,0.4528235776941198
P4,column_positional_ablation,oracle_target,pcc,replace,0.05,prevalence_error,5,0.43597508245989375,0.01356928706848205,0.4191265872256677,0.4528235776941198
P4,column_positional_ablation,oracle_target,pcc,replace,0.05,false_positive_share,5,0.523691883769007,0.4794401609291015,-0.07161170334967726,1.1189954708876912
P4,column_positional_ablation,oracle_target,pcc,replace,0.05,prevalence_decision_error,5,1.0,0.0,1.0,1.0
P4,column_positional_ablation,oracle_target,pcc,replace,0.05,decision_regret,5,0.000648936716030556,0.0010880551251840162,-0.0007020621609715266,0.0019999355930326386
P4,column_positional_ablation,oracle_target,pcc,replace,0.1,prevalence_absolute_error,5,0.38754042964765983,0.012071190486131601,0.3725520670055704,0.40252879228974925
P4,column_positional_ablation,oracle_target,pcc,replace,0.1,prevalence_error,5,0.38754042964765983,0.012071190486131601,0.3725520670055704,0.40252879228974925
P4,column_positional_ablation,oracle_target,pcc,replace,0.1,false_positive_share,5,0.4605594025924245,0.42474986939495635,-0.06683721847704355,0.9879560236618925
P4,column_positional_ablation,oracle_target,pcc,replace,0.1,prevalence_decision_error,5,0.0,0.0,0.0,0.0
P4,column_positional_ablation,oracle_target,pcc,replace,0.1,decision_regret,5,0.0012548635875225922,0.0017194725165972306,-0.0008801435322370133,0.0033898707072821978
P4,column_positional_ablation,source_only,acc,replace,0.05,prevalence_absolute_error,5,0.95,0.0,0.95,0.95
P4,column_positional_ablation,source_only,acc,replace,0.05,prevalence_error,5,0.95,0.0,0.95,0.95
P4,column_positional_ablation,source_only,acc,replace,0.05,false_positive_share,5,0.9486301486924699,0.0014432664038824964,0.9468380967589519,0.9504222006259878
P4,column_positional_ablation,source_only,acc,replace,0.05,prevalence_decision_error,5,1.0,0.0,1.0,1.0
P4,column_positional_ablation,source_only,acc,replace,0.05,decision_regret,3,0.15810309239637568,0.04525962392687326,0.04567195377999225,0.2705342310127591
P4,column_positional_ablation,source_only,acc,replace,0.1,prevalence_absolute_error,5,0.9,0.0,0.9,0.9
P4,column_positional_ablation,source_only,acc,replace,0.1,prevalence_error,5,0.9,0.0,0.9,0.9
P4,column_positional_ablation,source_only,acc,replace,0.1,false_positive_share,5,0.8974115379951366,0.0027261439662792978,0.8940265831782872,0.900796492811986
P4,column_positional_ablation,source_only,acc,replace,0.1,prevalence_decision_error,5,0.0,0.0,0.0,0.0
P4,column_positional_ablation,source_only,acc,replace,0.1,decision_regret,3,0.14751829924669815,0.029246109352904198,0.07486693608117478,0.22016966241222152
P4,column_positional_ablation,source_only,cc,replace,0.05,prevalence_absolute_error,5,0.92544,0.02817570673470318,0.8904552393235717,0.9604247606764283
P4,column_positional_ablation,source_only,cc,replace,0.05,prevalence_error,5,0.92544,0.02817570673470318,0.8904552393235717,0.9604247606764283
P4,column_positional_ablation,source_only,cc,replace,0.05,false_positive_share,5,0.9486301486924699,0.0014432664038824964,0.9468380967589519,0.9504222006259878
P4,column_positional_ablation,source_only,cc,replace,0.05,prevalence_decision_error,5,1.0,0.0,1.0,1.0
P4,column_positional_ablation,source_only,cc,replace,0.05,decision_regret,3,0.15810309239637568,0.04525962392687326,0.04567195377999225,0.2705342310127591
P4,column_positional_ablation,source_only,cc,replace,0.1,prevalence_absolute_error,5,0.8766760000000001,0.026686542113957035,0.8435402814205512,0.9098117185794491
P4,column_positional_ablation,source_only,cc,replace,0.1,prevalence_error,5,0.8766760000000001,0.026686542113957035,0.8435402814205512,0.9098117185794491
P4,column_positional_ablation,source_only,cc,replace,0.1,false_positive_share,5,0.8974115379951366,0.0027261439662792978,0.8940265831782872,0.900796492811986
P4,column_positional_ablation,source_only,cc,replace,0.1,prevalence_decision_error,5,0.0,0.0,0.0,0.0
P4,column_positional_ablation,source_only,cc,replace,0.1,decision_regret,3,0.14751829924669815,0.029246109352904198,0.07486693608117478,0.22016966241222152
P4,column_positional_ablation,source_only,dys,replace,0.05,prevalence_absolute_error,5,0.9499940391390134,0.0,0.9499940391390134,0.9499940391390134
P4,column_positional_ablation,source_only,dys,replace,0.05,prevalence_error,5,0.9499940391390134,0.0,0.9499940391390134,0.9499940391390134
P4,column_positional_ablation,source_only,dys,replace,0.05,false_positive_share,5,0.9486301486924699,0.0014432664038824964,0.9468380967589519,0.9504222006259878
P4,column_positional_ablation,source_only,dys,replace,0.05,prevalence_decision_error,5,1.0,0.0,1.0,1.0
P4,column_positional_ablation,source_only,dys,replace,0.05,decision_regret,3,0.15810309239637568,0.04525962392687326,0.04567195377999225,0.2705342310127591
P4,column_positional_ablation,source_only,dys,replace,0.1,prevalence_absolute_error,5,0.8999940391390135,1.2412670766236366e-16,0.8999940391390134,0.8999940391390137
P4,column_positional_ablation,source_only,dys,replace,0.1,prevalence_error,5,0.8999940391390135,1.2412670766236366e-16,0.8999940391390134,0.8999940391390137
P4,column_positional_ablation,source_only,dys,replace,0.1,false_positive_share,5,0.8974115379951366,0.0027261439662792978,0.8940265831782872,0.900796492811986
P4,column_positional_ablation,source_only,dys,replace,0.1,prevalence_decision_error,5,0.0,0.0,0.0,0.0
P4,column_positional_ablation,source_only,dys,replace,0.1,decision_regret,3,0.14751829924669815,0.029246109352904198,0.07486693608117478,0.22016966241222152
P4,column_positional_ablation,source_only,emq,replace,0.05,prevalence_absolute_error,5,0.9499999992289391,9.260037235631536e-10,0.9499999980791536,0.9500000003787246
P4,column_positional_ablation,source_only,emq,replace,0.05,prevalence_error,5,0.9499999992289391,9.260037235631536e-10,0.9499999980791536,0.9500000003787246
P4,column_positional_ablation,source_only,emq,replace,0.05,false_positive_share,5,0.9486301486924699,0.0014432664038824964,0.9468380967589519,0.9504222006259878
P4,column_positional_ablation,source_only,emq,replace,0.05,prevalence_decision_error,5,1.0,0.0,1.0,1.0
P4,column_positional_ablation,source_only,emq,replace,0.05,decision_regret,3,0.15810309239637568,0.04525962392687326,0.04567195377999225,0.2705342310127591
P4,column_positional_ablation,source_only,emq,replace,0.1,prevalence_absolute_error,5,0.8999999992709817,8.841764022986393e-10,0.8999999981731317,0.9000000003688318
P4,column_positional_ablation,source_only,emq,replace,0.1,prevalence_error,5,0.8999999992709817,8.841764022986393e-10,0.8999999981731317,0.9000000003688318
P4,column_positional_ablation,source_only,emq,replace,0.1,false_positive_share,5,0.8974115379951366,0.0027261439662792978,0.8940265831782872,0.900796492811986
P4,column_positional_ablation,source_only,emq,replace,0.1,prevalence_decision_error,5,0.0,0.0,0.0,0.0
P4,column_positional_ablation,source_only,emq,replace,0.1,decision_regret,3,0.14751829924669815,0.029246109352904198,0.07486693608117478,0.22016966241222152
P4,column_positional_ablation,source_only,hdy,replace,0.05,prevalence_absolute_error,5,0.9499940391390134,0.0,0.9499940391390134,0.9499940391390134
P4,column_positional_ablation,source_only,hdy,replace,0.05,prevalence_error,5,0.9499940391390134,0.0,0.9499940391390134,0.9499940391390134
P4,column_positional_ablation,source_only,hdy,replace,0.05,false_positive_share,5,0.9486301486924699,0.0014432664038824964,0.9468380967589519,0.9504222006259878
P4,column_positional_ablation,source_only,hdy,replace,0.05,prevalence_decision_error,5,1.0,0.0,1.0,1.0
P4,column_positional_ablation,source_only,hdy,replace,0.05,decision_regret,3,0.15810309239637568,0.04525962392687326,0.04567195377999225,0.2705342310127591
P4,column_positional_ablation,source_only,hdy,replace,0.1,prevalence_absolute_error,5,0.8999940391390135,1.2412670766236366e-16,0.8999940391390134,0.8999940391390137
P4,column_positional_ablation,source_only,hdy,replace,0.1,prevalence_error,5,0.8999940391390135,1.2412670766236366e-16,0.8999940391390134,0.8999940391390137
P4,column_positional_ablation,source_only,hdy,replace,0.1,false_positive_share,5,0.8974115379951366,0.0027261439662792978,0.8940265831782872,0.900796492811986
P4,column_positional_ablation,source_only,hdy,replace,0.1,prevalence_decision_error,5,0.0,0.0,0.0,0.0
P4,column_positional_ablation,source_only,hdy,replace,0.1,decision_regret,3,0.14751829924669815,0.029246109352904198,0.07486693608117478,0.22016966241222152
P4,column_positional_ablation,source_only,kdey,replace,0.05,prevalence_absolute_error,5,0.9499940391390134,0.0,0.9499940391390134,0.9499940391390134
P4,column_positional_ablation,source_only,kdey,replace,0.05,prevalence_error,5,0.9499940391390134,0.0,0.9499940391390134,0.9499940391390134
P4,column_positional_ablation,source_only,kdey,replace,0.05,false_positive_share,5,0.9486301486924699,0.0014432664038824964,0.9468380967589519,0.9504222006259878
P4,column_positional_ablation,source_only,kdey,replace,0.05,prevalence_decision_error,5,1.0,0.0,1.0,1.0
P4,column_positional_ablation,source_only,kdey,replace,0.05,decision_regret,3,0.15810309239637568,0.04525962392687326,0.04567195377999225,0.2705342310127591
P4,column_positional_ablation,source_only,kdey,replace,0.1,prevalence_absolute_error,5,0.8999940391390135,1.2412670766236366e-16,0.8999940391390134,0.8999940391390137
P4,column_positional_ablation,source_only,kdey,replace,0.1,prevalence_error,5,0.8999940391390135,1.2412670766236366e-16,0.8999940391390134,0.8999940391390137
P4,column_positional_ablation,source_only,kdey,replace,0.1,false_positive_share,5,0.8974115379951366,0.0027261439662792978,0.8940265831782872,0.900796492811986
P4,column_positional_ablation,source_only,kdey,replace,0.1,prevalence_decision_error,5,0.0,0.0,0.0,0.0
P4,column_positional_ablation,source_only,kdey,replace,0.1,decision_regret,3,0.14751829924669815,0.029246109352904198,0.07486693608117478,0.22016966241222152
P4,column_positional_ablation,source_only,median_sweep,replace,0.05,prevalence_absolute_error,5,0.95,0.0,0.95,0.95
P4,column_positional_ablation,source_only,median_sweep,replace,0.05,prevalence_error,5,0.95,0.0,0.95,0.95
P4,column_positional_ablation,source_only,median_sweep,replace,0.05,false_positive_share,5,0.9486301486924699,0.0014432664038824964,0.9468380967589519,0.9504222006259878
P4,column_positional_ablation,source_only,median_sweep,replace,0.05,prevalence_decision_error,5,1.0,0.0,1.0,1.0
P4,column_positional_ablation,source_only,median_sweep,replace,0.05,decision_regret,3,0.15810309239637568,0.04525962392687326,0.04567195377999225,0.2705342310127591
P4,column_positional_ablation,source_only,median_sweep,replace,0.1,prevalence_absolute_error,5,0.9,0.0,0.9,0.9
P4,column_positional_ablation,source_only,median_sweep,replace,0.1,prevalence_error,5,0.9,0.0,0.9,0.9
P4,column_positional_ablation,source_only,median_sweep,replace,0.1,false_positive_share,5,0.8974115379951366,0.0027261439662792978,0.8940265831782872,0.900796492811986
P4,column_positional_ablation,source_only,median_sweep,replace,0.1,prevalence_decision_error,5,0.0,0.0,0.0,0.0
P4,column_positional_ablation,source_only,median_sweep,replace,0.1,decision_regret,3,0.14751829924669815,0.029246109352904198,0.07486693608117478,0.22016966241222152
P4,column_positional_ablation,source_only,pacc,replace,0.05,prevalence_absolute_error,5,0.95,0.0,0.95,0.95
P4,column_positional_ablation,source_only,pacc,replace,0.05,prevalence_error,5,0.95,0.0,0.95,0.95
P4,column_positional_ablation,source_only,pacc,replace,0.05,false_positive_share,5,0.9486301486924699,0.0014432664038824964,0.9468380967589519,0.9504222006259878
P4,column_positional_ablation,source_only,pacc,replace,0.05,prevalence_decision_error,5,1.0,0.0,1.0,1.0
P4,column_positional_ablation,source_only,pacc,replace,0.05,decision_regret,3,0.15810309239637568,0.04525962392687326,0.04567195377999225,0.2705342310127591
P4,column_positional_ablation,source_only,pacc,replace,0.1,prevalence_absolute_error,5,0.9,0.0,0.9,0.9
P4,column_positional_ablation,source_only,pacc,replace,0.1,prevalence_error,5,0.9,0.0,0.9,0.9
P4,column_positional_ablation,source_only,pacc,replace,0.1,false_positive_share,5,0.8974115379951366,0.0027261439662792978,0.8940265831782872,0.900796492811986
P4,column_positional_ablation,source_only,pacc,replace,0.1,prevalence_decision_error,5,0.0,0.0,0.0,0.0
P4,column_positional_ablation,source_only,pacc,replace,0.1,decision_regret,3,0.14751829924669815,0.029246109352904198,0.07486693608117478,0.22016966241222152
P4,column_positional_ablation,source_only,pcc,replace,0.05,prevalence_absolute_error,5,0.885178535731713,0.03831036068809229,0.837609940107108,0.932747131356318
P4,column_positional_ablation,source_only,pcc,replace,0.05,prevalence_error,5,0.885178535731713,0.03831036068809229,0.837609940107108,0.932747131356318
P4,column_positional_ablation,source_only,pcc,replace,0.05,false_positive_share,5,0.9486301486924699,0.0014432664038824964,0.9468380967589519,0.9504222006259878
P4,column_positional_ablation,source_only,pcc,replace,0.05,prevalence_decision_error,5,1.0,0.0,1.0,1.0
P4,column_positional_ablation,source_only,pcc,replace,0.05,decision_regret,3,0.15810309239637568,0.04525962392687326,0.04567195377999225,0.2705342310127591
P4,column_positional_ablation,source_only,pcc,replace,0.1,prevalence_absolute_error,5,0.8363720761114642,0.03677622284457032,0.7907083642154424,0.882035788007486
P4,column_positional_ablation,source_only,pcc,replace,0.1,prevalence_error,5,0.8363720761114642,0.03677622284457032,0.7907083642154424,0.882035788007486
P4,column_positional_ablation,source_only,pcc,replace,0.1,false_positive_share,5,0.8974115379951366,0.0027261439662792978,0.8940265831782872,0.900796492811986
P4,column_positional_ablation,source_only,pcc,replace,0.1,prevalence_decision_error,5,0.0,0.0,0.0,0.0
P4,column_positional_ablation,source_only,pcc,replace,0.1,decision_regret,3,0.14751829924669815,0.029246109352904198,0.07486693608117478,0.22016966241222152
P4,column_positional_ablation,target_real_anchor,acc,replace,0.05,prevalence_absolute_error,5,0.02007777563871629,0.010607897651651854,0.006906331028029931,0.03324922024940265
P4,column_positional_ablation,target_real_anchor,acc,replace,0.05,prevalence_error,5,0.019610048894490972,0.010958696709316353,0.006003029723298798,0.03321706806568315
P4,column_positional_ablation,target_real_anchor,acc,replace,0.05,false_positive_share,5,0.9044479165814376,0.07196075167308034,0.8150968419452925,0.9937989912175828
P4,column_positional_ablation,target_real_anchor,acc,replace,0.05,prevalence_decision_error,5,0.034,0.07602631123499286,-0.06039913357672498,0.128399133576725
P4,column_positional_ablation,target_real_anchor,acc,replace,0.05,decision_regret,5,0.00077962415741044,0.0009558525305507705,-0.0004072235173664153,0.0019664718321872952
P4,column_positional_ablation,target_real_anchor,acc,replace,0.1,prevalence_absolute_error,5,0.02687939349253285,0.010038926351223052,0.01441442006160011,0.03934436692346559
P4,column_positional_ablation,target_real_anchor,acc,replace,0.1,prevalence_error,5,-0.025828615321351795,0.011875563310697208,-0.04057407474263402,-0.01108315590006957
P4,column_positional_ablation,target_real_anchor,acc,replace,0.1,false_positive_share,5,0.8246699570126428,0.12166673803412732,0.6736007486167783,0.9757391654085072
P4,column_positional_ablation,target_real_anchor,acc,replace,0.1,prevalence_decision_error,5,0.942,0.1132254388377453,0.8014120489143494,1.0825879510856504
P4,column_positional_ablation,target_real_anchor,acc,replace,0.1,decision_regret,5,0.0011446286684441919,0.0009189054792443367,3.6568171143227038e-06,0.002285600519774061
P4,column_positional_ablation,target_real_anchor,cc,replace,0.05,prevalence_absolute_error,5,0.011761999999999996,0.004565870125178777,0.006092723445091396,0.017431276554908597
P4,column_positional_ablation,target_real_anchor,cc,replace,0.05,prevalence_error,5,-0.011510000000000003,0.004921102518745158,-0.01762035582899573,-0.005399644171004276
P4,column_positional_ablation,target_real_anchor,cc,replace,0.05,false_positive_share,5,0.9044479165814376,0.07196075167308034,0.8150968419452925,0.9937989912175828
P4,column_positional_ablation,target_real_anchor,cc,replace,0.05,prevalence_decision_error,5,0.0,0.0,0.0,0.0
P4,column_positional_ablation,target_real_anchor,cc,replace,0.05,decision_regret,5,0.000790542418795988,0.0009779138140017566,-0.00042369795739612517,0.002004782794988101
P4,column_positional_ablation,target_real_anchor,cc,replace,0.1,prevalence_absolute_error,5,0.05916400000000001,0.0057473019757099935,0.05202778204995555,0.06630021795004447
P4,column_positional_ablation,target_real_anchor,cc,replace,0.1,prevalence_error,5,-0.05916400000000001,0.0057473019757099935,-0.06630021795004447,-0.05202778204995555
P4,column_positional_ablation,target_real_anchor,cc,replace,0.1,false_positive_share,5,0.8246699570126428,0.12166673803412732,0.6736007486167783,0.9757391654085072
P4,column_positional_ablation,target_real_anchor,cc,replace,0.1,prevalence_decision_error,5,1.0,0.0,1.0,1.0
P4,column_positional_ablation,target_real_anchor,cc,replace,0.1,decision_regret,5,0.00089223264791618,0.0008008547993929458,-0.00010215992427873861,0.0018866252201110985
P4,column_positional_ablation,target_real_anchor,dys,replace,0.05,prevalence_absolute_error,5,0.9499940391390134,0.0,0.9499940391390134,0.9499940391390134
P4,column_positional_ablation,target_real_anchor,dys,replace,0.05,prevalence_error,5,0.9499940391390134,0.0,0.9499940391390134,0.9499940391390134
P4,column_positional_ablation,target_real_anchor,dys,replace,0.05,false_positive_share,5,0.9044479165814376,0.07196075167308034,0.8150968419452925,0.9937989912175828
P4,column_positional_ablation,target_real_anchor,dys,replace,0.05,prevalence_decision_error,5,1.0,0.0,1.0,1.0
P4,column_positional_ablation,target_real_anchor,dys,replace,0.05,decision_regret,5,0.0012099544809005599,0.0014090493884319083,-0.000539611416406372,0.0029595203782074916
P4,column_positional_ablation,target_real_anchor,dys,replace,0.1,prevalence_absolute_error,5,0.8999940391390135,1.2412670766236366e-16,0.8999940391390134,0.8999940391390137
P4,column_positional_ablation,target_real_anchor,dys,replace,0.1,prevalence_error,5,0.8999940391390135,1.2412670766236366e-16,0.8999940391390134,0.8999940391390137
P4,column_positional_ablation,target_real_anchor,dys,replace,0.1,false_positive_share,5,0.8246699570126428,0.12166673803412732,0.6736007486167783,0.9757391654085072
P4,column_positional_ablation,target_real_anchor,dys,replace,0.1,prevalence_decision_error,5,0.0,0.0,0.0,0.0
P4,column_positional_ablation,target_real_anchor,dys,replace,0.1,decision_regret,5,0.001390975248207948,0.0009451746120058773,0.00021738596046403887,0.0025645645359518568
P4,column_positional_ablation,target_real_anchor,emq,replace,0.05,prevalence_absolute_error,5,0.9499999992289391,9.260037235631536e-10,0.9499999980791536,0.9500000003787246
P4,column_positional_ablation,target_real_anchor,emq,replace,0.05,prevalence_error,5,0.9499999992289391,9.260037235631536e-10,0.9499999980791536,0.9500000003787246
P4,column_positional_ablation,target_real_anchor,emq,replace,0.05,false_positive_share,5,0.9044479165814376,0.07196075167308034,0.8150968419452925,0.9937989912175828
P4,column_positional_ablation,target_real_anchor,emq,replace,0.05,prevalence_decision_error,5,1.0,0.0,1.0,1.0
P4,column_positional_ablation,target_real_anchor,emq,replace,0.05,decision_regret,5,0.0012099544809005599,0.0014090493884319083,-0.000539611416406372,0.0029595203782074916
P4,column_positional_ablation,target_real_anchor,emq,replace,0.1,prevalence_absolute_error,5,0.8999999992709817,8.841764022986393e-10,0.8999999981731317,0.9000000003688318
P4,column_positional_ablation,target_real_anchor,emq,replace,0.1,prevalence_error,5,0.8999999992709817,8.841764022986393e-10,0.8999999981731317,0.9000000003688318
P4,column_positional_ablation,target_real_anchor,emq,replace,0.1,false_positive_share,5,0.8246699570126428,0.12166673803412732,0.6736007486167783,0.9757391654085072
P4,column_positional_ablation,target_real_anchor,emq,replace,0.1,prevalence_decision_error,5,0.0,0.0,0.0,0.0
P4,column_positional_ablation,target_real_anchor,emq,replace,0.1,decision_regret,5,0.001390975248207948,0.0009451746120058773,0.00021738596046403887,0.0025645645359518568
P4,column_positional_ablation,target_real_anchor,hdy,replace,0.05,prevalence_absolute_error,5,0.9499940391390134,0.0,0.9499940391390134,0.9499940391390134
P4,column_positional_ablation,target_real_anchor,hdy,replace,0.05,prevalence_error,5,0.9499940391390134,0.0,0.9499940391390134,0.9499940391390134
P4,column_positional_ablation,target_real_anchor,hdy,replace,0.05,false_positive_share,5,0.9044479165814376,0.07196075167308034,0.8150968419452925,0.9937989912175828
P4,column_positional_ablation,target_real_anchor,hdy,replace,0.05,prevalence_decision_error,5,1.0,0.0,1.0,1.0
P4,column_positional_ablation,target_real_anchor,hdy,replace,0.05,decision_regret,5,0.0012099544809005599,0.0014090493884319083,-0.000539611416406372,0.0029595203782074916
P4,column_positional_ablation,target_real_anchor,hdy,replace,0.1,prevalence_absolute_error,5,0.8999940391390135,1.2412670766236366e-16,0.8999940391390134,0.8999940391390137
P4,column_positional_ablation,target_real_anchor,hdy,replace,0.1,prevalence_error,5,0.8999940391390135,1.2412670766236366e-16,0.8999940391390134,0.8999940391390137
P4,column_positional_ablation,target_real_anchor,hdy,replace,0.1,false_positive_share,5,0.8246699570126428,0.12166673803412732,0.6736007486167783,0.9757391654085072
P4,column_positional_ablation,target_real_anchor,hdy,replace,0.1,prevalence_decision_error,5,0.0,0.0,0.0,0.0
P4,column_positional_ablation,target_real_anchor,hdy,replace,0.1,decision_regret,5,0.001390975248207948,0.0009451746120058773,0.00021738596046403887,0.0025645645359518568
P4,column_positional_ablation,target_real_anchor,kdey,replace,0.05,prevalence_absolute_error,5,0.9499940391390134,0.0,0.9499940391390134,0.9499940391390134
P4,column_positional_ablation,target_real_anchor,kdey,replace,0.05,prevalence_error,5,0.9499940391390134,0.0,0.9499940391390134,0.9499940391390134
P4,column_positional_ablation,target_real_anchor,kdey,replace,0.05,false_positive_share,5,0.9044479165814376,0.07196075167308034,0.8150968419452925,0.9937989912175828
P4,column_positional_ablation,target_real_anchor,kdey,replace,0.05,prevalence_decision_error,5,1.0,0.0,1.0,1.0
P4,column_positional_ablation,target_real_anchor,kdey,replace,0.05,decision_regret,5,0.0012099544809005599,0.0014090493884319083,-0.000539611416406372,0.0029595203782074916
P4,column_positional_ablation,target_real_anchor,kdey,replace,0.1,prevalence_absolute_error,5,0.8999940391390135,1.2412670766236366e-16,0.8999940391390134,0.8999940391390137
P4,column_positional_ablation,target_real_anchor,kdey,replace,0.1,prevalence_error,5,0.8999940391390135,1.2412670766236366e-16,0.8999940391390134,0.8999940391390137
P4,column_positional_ablation,target_real_anchor,kdey,replace,0.1,false_positive_share,5,0.8246699570126428,0.12166673803412732,0.6736007486167783,0.9757391654085072
P4,column_positional_ablation,target_real_anchor,kdey,replace,0.1,prevalence_decision_error,5,0.0,0.0,0.0,0.0
P4,column_positional_ablation,target_real_anchor,kdey,replace,0.1,decision_regret,5,0.001390975248207948,0.0009451746120058773,0.00021738596046403887,0.0025645645359518568
P4,column_positional_ablation,target_real_anchor,median_sweep,replace,0.05,prevalence_absolute_error,5,0.95,0.0,0.95,0.95
P4,column_positional_ablation,target_real_anchor,median_sweep,replace,0.05,prevalence_error,5,0.95,0.0,0.95,0.95
P4,column_positional_ablation,target_real_anchor,median_sweep,replace,0.05,false_positive_share,5,0.9044479165814376,0.07196075167308034,0.8150968419452925,0.9937989912175828
P4,column_positional_ablation,target_real_anchor,median_sweep,replace,0.05,prevalence_decision_error,5,1.0,0.0,1.0,1.0
P4,column_positional_ablation,target_real_anchor,median_sweep,replace,0.05,decision_regret,5,0.0012099544809005599,0.0014090493884319083,-0.000539611416406372,0.0029595203782074916
P4,column_positional_ablation,target_real_anchor,median_sweep,replace,0.1,prevalence_absolute_error,5,0.9,0.0,0.9,0.9
P4,column_positional_ablation,target_real_anchor,median_sweep,replace,0.1,prevalence_error,5,0.9,0.0,0.9,0.9
P4,column_positional_ablation,target_real_anchor,median_sweep,replace,0.1,false_positive_share,5,0.8246699570126428,0.12166673803412732,0.6736007486167783,0.9757391654085072
P4,column_positional_ablation,target_real_anchor,median_sweep,replace,0.1,prevalence_decision_error,5,0.0,0.0,0.0,0.0
P4,column_positional_ablation,target_real_anchor,median_sweep,replace,0.1,decision_regret,5,0.001390975248207948,0.0009451746120058773,0.00021738596046403887,0.0025645645359518568
P4,column_positional_ablation,target_real_anchor,pacc,replace,0.05,prevalence_absolute_error,5,0.95,0.0,0.95,0.95
P4,column_positional_ablation,target_real_anchor,pacc,replace,0.05,prevalence_error,5,0.95,0.0,0.95,0.95
P4,column_positional_ablation,target_real_anchor,pacc,replace,0.05,false_positive_share,5,0.9044479165814376,0.07196075167308034,0.8150968419452925,0.9937989912175828
P4,column_positional_ablation,target_real_anchor,pacc,replace,0.05,prevalence_decision_error,5,1.0,0.0,1.0,1.0
P4,column_positional_ablation,target_real_anchor,pacc,replace,0.05,decision_regret,5,0.0012099544809005599,0.0014090493884319083,-0.000539611416406372,0.0029595203782074916
P4,column_positional_ablation,target_real_anchor,pacc,replace,0.1,prevalence_absolute_error,5,0.9,0.0,0.9,0.9
P4,column_positional_ablation,target_real_anchor,pacc,replace,0.1,prevalence_error,5,0.9,0.0,0.9,0.9
P4,column_positional_ablation,target_real_anchor,pacc,replace,0.1,false_positive_share,5,0.8246699570126428,0.12166673803412732,0.6736007486167783,0.9757391654085072
P4,column_positional_ablation,target_real_anchor,pacc,replace,0.1,prevalence_decision_error,5,0.0,0.0,0.0,0.0
P4,column_positional_ablation,target_real_anchor,pacc,replace,0.1,decision_regret,5,0.001390975248207948,0.0009451746120058773,0.00021738596046403887,0.0025645645359518568
P4,column_positional_ablation,target_real_anchor,pcc,replace,0.05,prevalence_absolute_error,5,0.885178535731713,0.03831036068809229,0.837609940107108,0.932747131356318
P4,column_positional_ablation,target_real_anchor,pcc,replace,0.05,prevalence_error,5,0.885178535731713,0.03831036068809229,0.837609940107108,0.932747131356318
P4,column_positional_ablation,target_real_anchor,pcc,replace,0.05,false_positive_share,5,0.9044479165814376,0.07196075167308034,0.8150968419452925,0.9937989912175828
P4,column_positional_ablation,target_real_anchor,pcc,replace,0.05,prevalence_decision_error,5,1.0,0.0,1.0,1.0
P4,column_positional_ablation,target_real_anchor,pcc,replace,0.05,decision_regret,5,0.0012099544809005599,0.0014090493884319083,-0.000539611416406372,0.0029595203782074916
P4,column_positional_ablation,target_real_anchor,pcc,replace,0.1,prevalence_absolute_error,5,0.8363720761114642,0.03677622284457032,0.7907083642154424,0.882035788007486
P4,column_positional_ablation,target_real_anchor,pcc,replace,0.1,prevalence_error,5,0.8363720761114642,0.03677622284457032,0.7907083642154424,0.882035788007486
P4,column_positional_ablation,target_real_anchor,pcc,replace,0.1,false_positive_share,5,0.8246699570126428,0.12166673803412732,0.6736007486167783,0.9757391654085072
P4,column_positional_ablation,target_real_anchor,pcc,replace,0.1,prevalence_decision_error,5,0.0,0.0,0.0,0.0
P4,column_positional_ablation,target_real_anchor,pcc,replace,0.1,decision_regret,5,0.001390975248207948,0.0009451746120058773,0.00021738596046403887,0.0025645645359518568
P4,datum_ta,oracle_target,acc,replace,0.05,prevalence_absolute_error,3,0.18802359512426237,0.23622424528758,-0.39878996102437525,0.7748371512729
P4,datum_ta,oracle_target,acc,replace,0.05,prevalence_error,3,0.13943397958392553,0.2420650030299914,-0.46188882313783397,0.7407567823056851
P4,datum_ta,oracle_target,acc,replace,0.05,false_positive_share,3,0.8815216437495023,0.07351682228438088,0.6988957330648247,1.0641475544341799
P4,datum_ta,oracle_target,acc,replace,0.05,prevalence_decision_error,3,0.32,0.26210684844162313,-0.3311095067218642,0.9711095067218642
P4,datum_ta,oracle_target,acc,replace,0.05,decision_regret,3,0.0010725220739883866,0.0003898404711194415,0.00010410465811406654,0.0020409394898627067
P4,datum_ta,oracle_target,acc,replace,0.1,prevalence_absolute_error,3,0.24444078804324418,0.30269043763736597,-0.5074839430779481,0.9963655191644365
P4,datum_ta,oracle_target,acc,replace,0.1,prevalence_error,3,0.15973353990610326,0.33322336789854506,-0.6680391947271268,0.9875062745393334
P4,datum_ta,oracle_target,acc,replace,0.1,false_positive_share,3,0.7849024068113657,0.12326578995036834,0.47869320942696086,1.0911116041957705
P4,datum_ta,oracle_target,acc,replace,0.1,prevalence_decision_error,3,0.52,0.3740320841853008,-0.40914720572928,1.44914720572928
P4,datum_ta,oracle_target,acc,replace,0.1,decision_regret,3,0.0018057303690697801,0.0019565793620849765,-0.0030546822103179137,0.006666142948457474
P4,datum_ta,oracle_target,cc,replace,0.05,prevalence_absolute_error,5,0.024583999999999977,0.023329707027736138,-0.004383657304981331,0.053551657304981286
P4,datum_ta,oracle_target,cc,replace,0.05,prevalence_error,5,-0.019056000000000024,0.02890286715881313,-0.054943649595964206,0.016831649595964157
P4,datum_ta,oracle_target,cc,replace,0.05,false_positive_share,5,0.5289129862497013,0.48561969080654455,-0.07406350064362843,1.1318894731430311
P4,datum_ta,oracle_target,cc,replace,0.05,prevalence_decision_error,5,0.0,0.0,0.0,0.0
P4,datum_ta,oracle_target,cc,replace,0.05,decision_regret,5,0.00037955253960609203,0.000430322987986655,-0.00015476402217640844,0.0009138691013885925
P4,datum_ta,oracle_target,cc,replace,0.1,prevalence_absolute_error,5,0.068294,0.029878996469091798,0.031194325781871327,0.10539367421812866
P4,datum_ta,oracle_target,cc,replace,0.1,prevalence_error,5,-0.068294,0.029878996469091798,-0.10539367421812866,-0.031194325781871327
P4,datum_ta,oracle_target,cc,replace,0.1,false_positive_share,5,0.4709414440868194,0.43865563253140444,-0.07372146243672534,1.0156043506103642
P4,datum_ta,oracle_target,cc,replace,0.1,prevalence_decision_error,5,1.0,0.0,1.0,1.0
P4,datum_ta,oracle_target,cc,replace,0.1,decision_regret,5,0.000601205829010144,0.0011228723628378154,-0.0007930243585035656,0.0019954360165238536
P4,datum_ta,oracle_target,dys,replace,0.05,prevalence_absolute_error,5,0.4766281168841299,0.4600814686328935,-0.09463847895804828,1.047894712726308
P4,datum_ta,oracle_target,dys,replace,0.05,prevalence_error,5,0.4656400501001904,0.46993988153660793,-0.11786738212395753,1.0491474823243383
P4,datum_ta,oracle_target,dys,replace,0.05,false_positive_share,5,0.5289129862497013,0.48561969080654455,-0.07406350064362843,1.1318894731430311
P4,datum_ta,oracle_target,dys,replace,0.05,prevalence_decision_error,5,0.616,0.4416220103210437,0.06765384896998894,1.164346151030011
P4,datum_ta,oracle_target,dys,replace,0.05,decision_regret,5,0.000447388410290036,0.0006348467796318889,-0.00034087798035447914,0.0012356548009345512
P4,datum_ta,oracle_target,dys,replace,0.1,prevalence_absolute_error,5,0.4448310643732835,0.4364518439323008,-0.09709547718710226,0.9867576059336693
P4,datum_ta,oracle_target,dys,replace,0.1,prevalence_error,5,0.42592034898519804,0.4520717298856471,-0.13540084261950658,0.9872415405899027
P4,datum_ta,oracle_target,dys,replace,0.1,false_positive_share,5,0.4709414440868194,0.43865563253140444,-0.07372146243672534,1.0156043506103642
P4,datum_ta,oracle_target,dys,replace,0.1,prevalence_decision_error,5,0.242,0.28708883642524313,-0.11446787247543383,0.5984678724754338
P4,datum_ta,oracle_target,dys,replace,0.1,decision_regret,5,0.0008788072659340841,0.0010046130759903224,-0.00036858462264784163,0.00212619915451601
P4,datum_ta,oracle_target,emq,replace,0.05,prevalence_absolute_error,5,0.2905669277941884,0.22511534407823444,0.011049309608991753,0.5700845459793851
P4,datum_ta,oracle_target,emq,replace,0.05,prevalence_error,5,0.26997630529667177,0.25500010995345324,-0.046648150770532415,0.586600761363876
P4,datum_ta,oracle_target,emq,replace,0.05,false_positive_share,5,0.5289129862497013,0.48561969080654455,-0.07406350064362843,1.1318894731430311
P4,datum_ta,oracle_target,emq,replace,0.05,prevalence_decision_error,5,0.662,0.4756259034156992,0.07143243911558561,1.2525675608844145
P4,datum_ta,oracle_target,emq,replace,0.05,decision_regret,5,0.000642849024442228,0.0010495199935504815,-0.0006603021669444515,0.0019460002158289075
P4,datum_ta,oracle_target,emq,replace,0.1,prevalence_absolute_error,5,0.26655217528329966,0.18705390235470007,0.034294079005946276,0.49881027156065305
P4,datum_ta,oracle_target,emq,replace,0.1,prevalence_error,5,0.2278296702780888,0.24236446779206364,-0.07310556382313235,0.5287649043793099
P4,datum_ta,oracle_target,emq,replace,0.1,false_positive_share,5,0.4709414440868194,0.43865563253140444,-0.07372146243672534,1.0156043506103642
P4,datum_ta,oracle_target,emq,replace,0.1,prevalence_decision_error,5,0.256,0.43322049812999386,-0.2819142958119144,0.7939142958119144
P4,datum_ta,oracle_target,emq,replace,0.1,decision_regret,5,0.0010763723969655162,0.0015917912139635667,-0.0009000974460701093,0.0030528422400011414
P4,datum_ta,oracle_target,hdy,replace,0.05,prevalence_absolute_error,5,0.4771403716830963,0.4594830089778079,-0.09338313835098466,1.0476638817171773
P4,datum_ta,oracle_target,hdy,replace,0.05,prevalence_error,5,0.46577024219165447,0.4698916725550705,-0.11767733067572833,1.0492178150590372
P4,datum_ta,oracle_target,hdy,replace,0.05,false_positive_share,5,0.5289129862497013,0.48561969080654455,-0.07406350064362843,1.1318894731430311
P4,datum_ta,oracle_target,hdy,replace,0.05,prevalence_decision_error,5,0.63,0.43168275388298755,0.09399506585803818,1.1660049341419618
P4,datum_ta,oracle_target,hdy,replace,0.05,decision_regret,5,0.000526779259305656,0.0006091326025288841,-0.0002295587633866225,0.0012831172819979344
P4,datum_ta,oracle_target,hdy,replace,0.1,prevalence_absolute_error,5,0.4452235462536199,0.43599132182477096,-0.09613118158546935,0.9865782740927092
P4,datum_ta,oracle_target,hdy,replace,0.1,prevalence_error,5,0.426154353115234,0.4519097917478015,-0.13496576573377161,0.9872744719642396
P4,datum_ta,oracle_target,hdy,replace,0.1,false_positive_share,5,0.4709414440868194,0.43865563253140444,-0.07372146243672534,1.0156043506103642
P4,datum_ta,oracle_target,hdy,replace,0.1,prevalence_decision_error,5,0.246,0.3065615761963655,-0.13464647239562705,0.6266464723956271
P4,datum_ta,oracle_target,hdy,replace,0.1,decision_regret,5,0.0009724115602944,0.0015457018867323503,-0.000946830824416792,0.002891653945005592
P4,datum_ta,oracle_target,kdey,replace,0.05,prevalence_absolute_error,3,0.14086444013942231,0.07188430506806744,-0.03770607296312936,0.319434953241974
P4,datum_ta,oracle_target,kdey,replace,0.05,prevalence_error,3,0.126712866935204,0.0701266031993503,-0.047491272669253404,0.3009170065396614
P4,datum_ta,oracle_target,kdey,replace,0.05,false_positive_share,3,0.8815216437495023,0.07351682228438088,0.6988957330648247,1.0641475544341799
P4,datum_ta,oracle_target,kdey,replace,0.05,prevalence_decision_error,3,0.7000000000000001,0.26664583251946766,0.037615031757327944,1.3623849682426723
P4,datum_ta,oracle_target,kdey,replace,0.05,decision_regret,3,0.0007000766429663734,0.0007696517012049046,-0.001211844172909527,0.0026119974588422737
P4,datum_ta,oracle_target,kdey,replace,0.1,prevalence_absolute_error,3,0.1445563390108117,0.07995407227221558,-0.05406058712861045,0.34317326515023383
P4,datum_ta,oracle_target,kdey,replace,0.1,prevalence_error,3,0.12440122649357578,0.07083090575989917,-0.051552497662023425,0.300354950649175
P4,datum_ta,oracle_target,kdey,replace,0.1,false_positive_share,3,0.7849024068113657,0.12326578995036834,0.47869320942696086,1.0911116041957705
P4,datum_ta,oracle_target,kdey,replace,0.1,prevalence_decision_error,3,0.14333333333333334,0.1833939293797189,-0.3122424427449032,0.5989091094115699
P4,datum_ta,oracle_target,kdey,replace,0.1,decision_regret,3,0.0015956836716227345,0.0005334807860568472,0.0002704439324847105,0.0029209234107607585
P4,datum_ta,oracle_target,median_sweep,replace,0.05,prevalence_absolute_error,2,0.032017685111825865,0.009418423136505255,-0.05260348940409824,0.11663885962774997
P4,datum_ta,oracle_target,median_sweep,replace,0.05,prevalence_error,2,0.016262350646213865,0.022832471415699614,-0.18887926598056715,0.22140396727299488
P4,datum_ta,oracle_target,median_sweep,replace,0.05,false_positive_share,2,0.8430273972602741,0.04380187485651462,0.44948316563711005,1.236571628883438
P4,datum_ta,oracle_target,median_sweep,replace,0.05,prevalence_decision_error,2,0.2,0.19798989873223333,-1.5788686630644575,1.9788686630644574
P4,datum_ta,oracle_target,median_sweep,replace,0.05,decision_regret,2,0.00043962377640291997,0.00044149453657817524,-0.0035270472561189114,0.004406294808924752
P4,datum_ta,oracle_target,median_sweep,replace,0.1,prevalence_absolute_error,2,0.031927830459480964,0.005497538412784982,-0.017465592483384577,0.0813212534023465
P4,datum_ta,oracle_target,median_sweep,replace,0.1,prevalence_error,2,0.006506912819065791,0.022268073188404673,-0.19356378692532458,0.20657761256345616
P4,datum_ta,oracle_target,median_sweep,replace,0.1,false_positive_share,2,0.7192185007974481,0.06710183968197694,0.11633239090718206,1.3221046106877141
P4,datum_ta,oracle_target,median_sweep,replace,0.1,prevalence_decision_error,2,0.44499999999999995,0.1909188309203678,-1.2703376393835835,2.160337639383583
P4,datum_ta,oracle_target,median_sweep,replace,0.1,decision_regret,2,0.0010196724060396799,0.0014420345457989206,-0.011936493948928345,0.013975838761007706
P4,datum_ta,oracle_target,pacc,replace,0.05,prevalence_absolute_error,3,0.21487932740447635,0.31313487648742894,-0.5629908281422276,0.9927494829511803
P4,datum_ta,oracle_target,pacc,replace,0.05,prevalence_error,3,0.1917094920448813,0.30334638931206465,-0.5618447133685157,0.9452636974582783
P4,datum_ta,oracle_target,pacc,replace,0.05,false_positive_share,3,0.8815216437495023,0.07351682228438088,0.6988957330648247,1.0641475544341799
P4,datum_ta,oracle_target,pacc,replace,0.05,prevalence_decision_error,3,0.3566666666666667,0.285014619508076,-0.3513488980535162,1.0646822313868496
P4,datum_ta,oracle_target,pacc,replace,0.05,decision_regret,3,0.00076403143714898,0.0006427905599543144,-0.000832748833590644,0.002360811707888604
P4,datum_ta,oracle_target,pacc,replace,0.1,prevalence_absolute_error,3,0.18440021276342985,0.2604519873814875,-0.46259839119124435,0.8313988167181041
P4,datum_ta,oracle_target,pacc,replace,0.1,prevalence_error,3,0.13583611747405724,0.22492992345362645,-0.4229207878782113,0.6945930228263257
P4,datum_ta,oracle_target,pacc,replace,0.1,false_positive_share,3,0.7849024068113657,0.12326578995036834,0.47869320942696086,1.0911116041957705
P4,datum_ta,oracle_target,pacc,replace,0.1,prevalence_decision_error,3,0.43999999999999995,0.17088007490635063,0.015510361738413081,0.8644896382615868
P4,datum_ta,oracle_target,pacc,replace,0.1,decision_regret,3,0.0011623512000226266,0.000936769708609034,-0.0011647137603584426,0.003489416160403696
P4,datum_ta,oracle_target,pcc,replace,0.05,prevalence_absolute_error,5,0.42339535076584234,0.03654335330614813,0.3780207845919577,0.46876991693972697
P4,datum_ta,oracle_target,pcc,replace,0.05,prevalence_error,5,0.42339535076584234,0.03654335330614813,0.3780207845919577,0.46876991693972697
P4,datum_ta,oracle_target,pcc,replace,0.05,false_positive_share,5,0.5289129862497013,0.48561969080654455,-0.07406350064362843,1.1318894731430311
P4,datum_ta,oracle_target,pcc,replace,0.05,prevalence_decision_error,5,1.0,0.0,1.0,1.0
P4,datum_ta,oracle_target,pcc,replace,0.05,decision_regret,5,0.000857464801925192,0.001149327314181923,-0.0005696135462467281,0.0022845431500971122
P4,datum_ta,oracle_target,pcc,replace,0.1,prevalence_absolute_error,5,0.3758943063355826,0.03309917645477993,0.33479625056148865,0.4169923621096765
P4,datum_ta,oracle_target,pcc,replace,0.1,prevalence_error,5,0.3758943063355826,0.03309917645477993,0.33479625056148865,0.4169923621096765
P4,datum_ta,oracle_target,pcc,replace,0.1,false_positive_share,5,0.4709414440868194,0.43865563253140444,-0.07372146243672534,1.0156043506103642
P4,datum_ta,oracle_target,pcc,replace,0.1,prevalence_decision_error,5,0.0,0.0,0.0,0.0
P4,datum_ta,oracle_target,pcc,replace,0.1,decision_regret,5,0.0010454135738081007,0.001073328082785169,-0.0002872992648473131,0.0023781264124635142
P4,datum_ta,source_only,acc,replace,0.05,prevalence_absolute_error,5,0.6922937851731602,0.3965141642381732,0.19995642266076608,1.1846311476855544
P4,datum_ta,source_only,acc,replace,0.05,prevalence_error,5,0.6722937851731603,0.4374221893093159,0.12916240069231133,1.2154251696540093
P4,datum_ta,source_only,acc,replace,0.05,false_positive_share,5,0.7535908473669716,0.42146044066999344,0.23027859151994723,1.276903103213996
P4,datum_ta,source_only,acc,replace,0.05,prevalence_decision_error,5,0.8,0.4472135954999579,0.24471097896044147,1.3552890210395585
P4,datum_ta,source_only,acc,replace,0.05,decision_regret,4,0.03587901314133196,0.03953985049525819,-0.02703771241872034,0.09879573870138426
P4,datum_ta,source_only,acc,replace,0.1,prevalence_absolute_error,5,0.666301691017316,0.35451076167228296,0.22611844127304737,1.1064849407615847
P4,datum_ta,source_only,acc,replace,0.1,prevalence_error,5,0.6263016910173159,0.43624310796068033,0.08463432939802129,1.1679690526366104
P4,datum_ta,source_only,acc,replace,0.1,false_positive_share,5,0.7082038114845357,0.3965801638825938,0.2157844995897703,1.2006231233793012
P4,datum_ta,source_only,acc,replace,0.1,prevalence_decision_error,5,0.2,0.447213595499958,-0.3552890210395587,0.7552890210395586
P4,datum_ta,source_only,acc,replace,0.1,decision_regret,4,0.036808284098996155,0.03737573444893199,-0.02266484990313815,0.09628141810113046
P4,datum_ta,source_only,cc,replace,0.05,prevalence_absolute_error,5,0.6434399999999999,0.3908082095478548,0.15818751600195607,1.1286924839980437
P4,datum_ta,source_only,cc,replace,0.05,prevalence_error,5,0.62344,0.4294217701165138,0.0902424480013918,1.156637551998608
P4,datum_ta,source_only,cc,replace,0.05,false_positive_share,5,0.7535908473669716,0.42146044066999344,0.23027859151994723,1.276903103213996
P4,datum_ta,source_only,cc,replace,0.05,prevalence_decision_error,5,0.8,0.4472135954999579,0.24471097896044147,1.3552890210395585
P4,datum_ta,source_only,cc,replace,0.05,decision_regret,4,0.03587901314133196,0.03953985049525819,-0.02703771241872034,0.09879573870138426
P4,datum_ta,source_only,cc,replace,0.1,prevalence_absolute_error,5,0.6171179999999999,0.3520408415510905,0.18000156114865512,1.0542344388513447
P4,datum_ta,source_only,cc,replace,0.1,prevalence_error,5,0.5771179999999999,0.42853769276459214,0.04501817502090011,1.1092178249790998
P4,datum_ta,source_only,cc,replace,0.1,false_positive_share,5,0.7082038114845357,0.3965801638825938,0.2157844995897703,1.2006231233793012
P4,datum_ta,source_only,cc,replace,0.1,prevalence_decision_error,5,0.2,0.447213595499958,-0.3552890210395587,0.7552890210395586
P4,datum_ta,source_only,cc,replace,0.1,decision_regret,4,0.036808284098996155,0.03737573444893199,-0.02266484990313815,0.09628141810113046
P4,datum_ta,source_only,dys,replace,0.05,prevalence_absolute_error,5,0.675513985634223,0.40511281567902574,0.17249998719461934,1.1785279840738268
P4,datum_ta,source_only,dys,replace,0.05,prevalence_error,5,0.6555163699786177,0.4442839016600195,0.10386504430586996,1.2071676956513655
P4,datum_ta,source_only,dys,replace,0.05,false_positive_share,5,0.7535908473669716,0.42146044066999344,0.23027859151994723,1.276903103213996
P4,datum_ta,source_only,dys,replace,0.05,prevalence_decision_error,5,0.8,0.4472135954999579,0.24471097896044147,1.3552890210395585
P4,datum_ta,source_only,dys,replace,0.05,decision_regret,4,0.03587901314133196,0.03953985049525819,-0.02703771241872034,0.09879573870138426
P4,datum_ta,source_only,dys,replace,0.1,prevalence_absolute_error,5,0.6543070989065761,0.3611599373028468,0.20586780716410263,1.1027463906490496
P4,datum_ta,source_only,dys,replace,0.1,prevalence_error,5,0.6143094832509707,0.4402993849608784,0.06760558851378806,1.1610133779881533
P4,datum_ta,source_only,dys,replace,0.1,false_positive_share,5,0.7082038114845357,0.3965801638825938,0.2157844995897703,1.2006231233793012
P4,datum_ta,source_only,dys,replace,0.1,prevalence_decision_error,5,0.2,0.447213595499958,-0.3552890210395587,0.7552890210395586
P4,datum_ta,source_only,dys,replace,0.1,decision_regret,4,0.036808284098996155,0.03737573444893199,-0.02266484990313815,0.09628141810113046
P4,datum_ta,source_only,emq,replace,0.05,prevalence_absolute_error,5,0.7013443163229934,0.3932848299716202,0.21301670190754396,1.189671930738443
P4,datum_ta,source_only,emq,replace,0.05,prevalence_error,5,0.6813443181116718,0.4350174367254616,0.14119882833878228,1.2214898078845615
P4,datum_ta,source_only,emq,replace,0.05,false_positive_share,5,0.7535908473669716,0.42146044066999344,0.23027859151994723,1.276903103213996
P4,datum_ta,source_only,emq,replace,0.05,prevalence_decision_error,5,0.8,0.4472135954999579,0.24471097896044147,1.3552890210395585
P4,datum_ta,source_only,emq,replace,0.05,decision_regret,4,0.03587901314133196,0.03953985049525819,-0.02703771241872034,0.09879573870138426
P4,datum_ta,source_only,emq,replace,0.1,prevalence_absolute_error,5,0.6759343785406108,0.3505649315493415,0.2406505240030265,1.111218233078195
P4,datum_ta,source_only,emq,replace,0.1,prevalence_error,5,0.6359343803296523,0.43415343628949077,0.09686168879253998,1.1750070718667647
P4,datum_ta,source_only,emq,replace,0.1,false_positive_share,5,0.7082038114845357,0.3965801638825938,0.2157844995897703,1.2006231233793012
P4,datum_ta,source_only,emq,replace,0.1,prevalence_decision_error,5,0.2,0.447213595499958,-0.3552890210395587,0.7552890210395586
P4,datum_ta,source_only,emq,replace,0.1,decision_regret,4,0.036808284098996155,0.03737573444893199,-0.02266484990313815,0.09628141810113046
P4,datum_ta,source_only,hdy,replace,0.05,prevalence_absolute_error,5,0.6838507793033533,0.4004233249319065,0.1866595526943572,1.1810420059123494
P4,datum_ta,source_only,hdy,replace,0.05,prevalence_error,5,0.6638531636477479,0.44048543788117805,0.11691825369766862,1.2107880735978274
P4,datum_ta,source_only,hdy,replace,0.05,false_positive_share,5,0.7535908473669716,0.42146044066999344,0.23027859151994723,1.276903103213996
P4,datum_ta,source_only,hdy,replace,0.05,prevalence_decision_error,5,0.8,0.4472135954999579,0.24471097896044147,1.3552890210395585
P4,datum_ta,source_only,hdy,replace,0.05,decision_regret,4,0.03587901314133196,0.03953985049525819,-0.02703771241872034,0.09879573870138426
P4,datum_ta,source_only,hdy,replace,0.1,prevalence_absolute_error,5,0.6592639601415441,0.35818249074417424,0.21452165659754996,1.1040062636855383
P4,datum_ta,source_only,hdy,replace,0.1,prevalence_error,5,0.6192663444859388,0.43842605002026064,0.07488850230109845,1.163644186670779
P4,datum_ta,source_only,hdy,replace,0.1,false_positive_share,5,0.7082038114845357,0.3965801638825938,0.2157844995897703,1.2006231233793012
P4,datum_ta,source_only,hdy,replace,0.1,prevalence_decision_error,5,0.2,0.447213595499958,-0.3552890210395587,0.7552890210395586
P4,datum_ta,source_only,hdy,replace,0.1,decision_regret,4,0.036808284098996155,0.03737573444893199,-0.02266484990313815,0.09628141810113046
P4,datum_ta,source_only,kdey,replace,0.05,prevalence_absolute_error,5,0.7006464901820968,0.393495890322945,0.21205680972695906,1.1892361706372345
P4,datum_ta,source_only,kdey,replace,0.05,prevalence_error,5,0.6806488745264915,0.43516351290513394,0.14032200722030763,1.2209757418326754
P4,datum_ta,source_only,kdey,replace,0.05,false_positive_share,5,0.7535908473669716,0.42146044066999344,0.23027859151994723,1.276903103213996
P4,datum_ta,source_only,kdey,replace,0.05,prevalence_decision_error,5,0.8,0.4472135954999579,0.24471097896044147,1.3552890210395585
P4,datum_ta,source_only,kdey,replace,0.05,decision_regret,4,0.03587901314133196,0.03953985049525819,-0.02703771241872034,0.09879573870138426
P4,datum_ta,source_only,kdey,replace,0.1,prevalence_absolute_error,5,0.6752729905864483,0.35079288933456365,0.23970608907384344,1.1108398920990532
P4,datum_ta,source_only,kdey,replace,0.1,prevalence_error,5,0.6352753749308429,0.4342570246815179,0.09607406141671859,1.174476688444967
P4,datum_ta,source_only,kdey,replace,0.1,false_positive_share,5,0.7082038114845357,0.3965801638825938,0.2157844995897703,1.2006231233793012
P4,datum_ta,source_only,kdey,replace,0.1,prevalence_decision_error,5,0.2,0.447213595499958,-0.3552890210395587,0.7552890210395586
P4,datum_ta,source_only,kdey,replace,0.1,decision_regret,4,0.036808284098996155,0.03737573444893199,-0.02266484990313815,0.09628141810113046
P4,datum_ta,source_only,median_sweep,replace,0.05,prevalence_absolute_error,5,0.7012548968655817,0.3933117715176101,0.21289383010242063,1.189615963628743
P4,datum_ta,source_only,median_sweep,replace,0.05,prevalence_error,5,0.6812548968655818,0.43503665875142045,0.14108553979508665,1.221424253936077
P4,datum_ta,source_only,median_sweep,replace,0.05,false_positive_share,5,0.7535908473669716,0.42146044066999344,0.23027859151994723,1.276903103213996
P4,datum_ta,source_only,median_sweep,replace,0.05,prevalence_decision_error,5,0.8,0.4472135954999579,0.24471097896044147,1.3552890210395585
P4,datum_ta,source_only,median_sweep,replace,0.05,decision_regret,4,0.03587901314133196,0.03953985049525819,-0.02703771241872034,0.09879573870138426
P4,datum_ta,source_only,median_sweep,replace,0.1,prevalence_absolute_error,5,0.6748013850968884,0.3509627486859205,0.23902357534294544,1.1105791948508312
P4,datum_ta,source_only,median_sweep,replace,0.1,prevalence_error,5,0.6348013850968883,0.43434432133373796,0.09549167847253881,1.1741110917212378
P4,datum_ta,source_only,median_sweep,replace,0.1,false_positive_share,5,0.7082038114845357,0.3965801638825938,0.2157844995897703,1.2006231233793012
P4,datum_ta,source_only,median_sweep,replace,0.1,prevalence_decision_error,5,0.2,0.447213595499958,-0.3552890210395587,0.7552890210395586
P4,datum_ta,source_only,median_sweep,replace,0.1,decision_regret,4,0.036808284098996155,0.03737573444893199,-0.02266484990313815,0.09628141810113046
P4,datum_ta,source_only,pacc,replace,0.05,prevalence_absolute_error,5,0.6938690939238139,0.39587961120222087,0.20231963307111267,1.1854185547765153
P4,datum_ta,source_only,pacc,replace,0.05,prevalence_error,5,0.673869093923814,0.43693720517004764,0.1313398967883943,1.2163982910592337
P4,datum_ta,source_only,pacc,replace,0.05,false_positive_share,5,0.7535908473669716,0.42146044066999344,0.23027859151994723,1.276903103213996
P4,datum_ta,source_only,pacc,replace,0.05,prevalence_decision_error,5,0.8,0.4472135954999579,0.24471097896044147,1.3552890210395585
P4,datum_ta,source_only,pacc,replace,0.05,decision_regret,4,0.03587901314133196,0.03953985049525819,-0.02703771241872034,0.09879573870138426
P4,datum_ta,source_only,pacc,replace,0.1,prevalence_absolute_error,5,0.6674609074170844,0.3539688725447448,0.22795050189349797,1.1069713129406709
P4,datum_ta,source_only,pacc,replace,0.1,prevalence_error,5,0.6274609074170844,0.4359358364166752,0.08617507381165335,1.1687467410225154
P4,datum_ta,source_only,pacc,replace,0.1,false_positive_share,5,0.7082038114845357,0.3965801638825938,0.2157844995897703,1.2006231233793012
P4,datum_ta,source_only,pacc,replace,0.1,prevalence_decision_error,5,0.2,0.447213595499958,-0.3552890210395587,0.7552890210395586
P4,datum_ta,source_only,pacc,replace,0.1,decision_regret,4,0.036808284098996155,0.03737573444893199,-0.02266484990313815,0.09628141810113046
P4,datum_ta,source_only,pcc,replace,0.05,prevalence_absolute_error,5,0.6791954282714923,0.29426069478882777,0.3138225174657788,1.0445683390772058
P4,datum_ta,source_only,pcc,replace,0.05,prevalence_error,5,0.6791954282714923,0.29426069478882777,0.3138225174657788,1.0445683390772058
P4,datum_ta,source_only,pcc,replace,0.05,false_positive_share,5,0.7535908473669716,0.42146044066999344,0.23027859151994723,1.276903103213996
P4,datum_ta,source_only,pcc,replace,0.05,prevalence_decision_error,5,1.0,0.0,1.0,1.0
P4,datum_ta,source_only,pcc,replace,0.05,decision_regret,4,0.03587901314133196,0.03953985049525819,-0.02703771241872034,0.09879573870138426
P4,datum_ta,source_only,pcc,replace,0.1,prevalence_absolute_error,5,0.6320331674195891,0.2933762718865083,0.2677584126908727,0.9963079221483055
P4,datum_ta,source_only,pcc,replace,0.1,prevalence_error,5,0.6320331674195891,0.2933762718865083,0.2677584126908727,0.9963079221483055
P4,datum_ta,source_only,pcc,replace,0.1,false_positive_share,5,0.7082038114845357,0.3965801638825938,0.2157844995897703,1.2006231233793012
P4,datum_ta,source_only,pcc,replace,0.1,prevalence_decision_error,5,0.0,0.0,0.0,0.0
P4,datum_ta,source_only,pcc,replace,0.1,decision_regret,4,0.036808284098996155,0.03737573444893199,-0.02266484990313815,0.09628141810113046
P4,datum_ta,target_real_anchor,acc,replace,0.05,prevalence_absolute_error,4,0.43826981541560833,0.33074022608939535,-0.08801168984783886,0.9645513206790555
P4,datum_ta,target_real_anchor,acc,replace,0.05,prevalence_error,4,0.43826981541560833,0.33074022608939535,-0.08801168984783886,0.9645513206790555
P4,datum_ta,target_real_anchor,acc,replace,0.05,false_positive_share,4,0.9075759770529354,0.07754052438360216,0.7841916993857574,1.0309602547201133
P4,datum_ta,target_real_anchor,acc,replace,0.05,prevalence_decision_error,4,0.7875,0.425,0.1112301601272121,1.4637698398727879
P4,datum_ta,target_real_anchor,acc,replace,0.05,decision_regret,4,0.001890335604298175,0.0020328974393376133,-0.001344457868122174,0.005125129076718524
P4,datum_ta,target_real_anchor,acc,replace,0.1,prevalence_absolute_error,4,0.40294041885289755,0.32639163439107405,-0.11642150661879458,0.9223023443245897
P4,datum_ta,target_real_anchor,acc,replace,0.1,prevalence_error,4,0.3983993950663338,0.3337124063073839,-0.13261151217380085,0.9294103023064685
P4,datum_ta,target_real_anchor,acc,replace,0.1,false_positive_share,4,0.8310004139018777,0.13578761862356475,0.6149320113059593,1.0470688164977962
P4,datum_ta,target_real_anchor,acc,replace,0.1,prevalence_decision_error,4,0.1825,0.365,-0.39829645071427666,0.7632964507142767
P4,datum_ta,target_real_anchor,acc,replace,0.1,decision_regret,4,0.0021795547265861604,0.0017225826773602012,-0.0005614587119691845,0.004920568165141505
P4,datum_ta,target_real_anchor,cc,replace,0.05,prevalence_absolute_error,5,0.013679999999999961,0.00651808254013401,0.005586731572595019,0.0217732684274049
P4,datum_ta,target_real_anchor,cc,replace,0.05,prevalence_error,5,0.005751999999999963,0.01514636986211545,-0.013054702161267303,0.024558702161267227
P4,datum_ta,target_real_anchor,cc,replace,0.05,false_positive_share,5,0.8939429695806373,0.0737475027032217,0.8023733505166122,0.9855125886446625
P4,datum_ta,target_real_anchor,cc,replace,0.05,prevalence_decision_error,5,0.0,0.0,0.0,0.0
P4,datum_ta,target_real_anchor,cc,replace,0.05,decision_regret,5,0.0014133371211404282,0.0018892265270231382,-0.000932447441915733,0.0037591216841965894
P4,datum_ta,target_real_anchor,cc,replace,0.1,prevalence_absolute_error,5,0.040978,0.018370312191141446,0.018168244716495963,0.06378775528350404
P4,datum_ta,target_real_anchor,cc,replace,0.1,prevalence_error,5,-0.040978,0.018370312191141446,-0.06378775528350404,-0.018168244716495963
P4,datum_ta,target_real_anchor,cc,replace,0.1,false_positive_share,5,0.8072626426792912,0.12901983158287453,0.6470633627485229,0.9674619226100594
P4,datum_ta,target_real_anchor,cc,replace,0.1,prevalence_decision_error,5,1.0,0.0,1.0,1.0
P4,datum_ta,target_real_anchor,cc,replace,0.1,decision_regret,5,0.00141899259537486,0.0015589697243233345,-0.0005167239856070714,0.0033547091763567916
P4,datum_ta,target_real_anchor,dys,replace,0.05,prevalence_absolute_error,5,0.675513985634223,0.40511281567902574,0.17249998719461934,1.1785279840738268
P4,datum_ta,target_real_anchor,dys,replace,0.05,prevalence_error,5,0.6555163699786177,0.4442839016600195,0.10386504430586996,1.2071676956513655
P4,datum_ta,target_real_anchor,dys,replace,0.05,false_positive_share,5,0.8939429695806373,0.0737475027032217,0.8023733505166122,0.9855125886446625
P4,datum_ta,target_real_anchor,dys,replace,0.05,prevalence_decision_error,5,0.8,0.4472135954999579,0.24471097896044147,1.3552890210395585
P4,datum_ta,target_real_anchor,dys,replace,0.05,decision_regret,5,0.00164289321791872,0.0018277840712960598,-0.0006266004598998994,0.00391238689573734
P4,datum_ta,target_real_anchor,dys,replace,0.1,prevalence_absolute_error,5,0.6543070989065761,0.3611599373028468,0.20586780716410263,1.1027463906490496
P4,datum_ta,target_real_anchor,dys,replace,0.1,prevalence_error,5,0.6143094832509707,0.4402993849608784,0.06760558851378806,1.1610133779881533
P4,datum_ta,target_real_anchor,dys,replace,0.1,false_positive_share,5,0.8072626426792912,0.12901983158287453,0.6470633627485229,0.9674619226100594
P4,datum_ta,target_real_anchor,dys,replace,0.1,prevalence_decision_error,5,0.2,0.447213595499958,-0.3552890210395587,0.7552890210395586
P4,datum_ta,target_real_anchor,dys,replace,0.1,decision_regret,5,0.0017425876632333522,0.0015833456867998027,-0.00022339567277717548,0.00370857099924388
P4,datum_ta,target_real_anchor,emq,replace,0.05,prevalence_absolute_error,5,0.7013443163229934,0.3932848299716202,0.21301670190754396,1.189671930738443
P4,datum_ta,target_real_anchor,emq,replace,0.05,prevalence_error,5,0.6813443181116718,0.4350174367254616,0.14119882833878228,1.2214898078845615
P4,datum_ta,target_real_anchor,emq,replace,0.05,false_positive_share,5,0.8939429695806373,0.0737475027032217,0.8023733505166122,0.9855125886446625
P4,datum_ta,target_real_anchor,emq,replace,0.05,prevalence_decision_error,5,0.8,0.4472135954999579,0.24471097896044147,1.3552890210395585
P4,datum_ta,target_real_anchor,emq,replace,0.05,decision_regret,5,0.00164289321791872,0.0018277840712960598,-0.0006266004598998994,0.00391238689573734
P4,datum_ta,target_real_anchor,emq,replace,0.1,prevalence_absolute_error,5,0.6759343785406108,0.3505649315493415,0.2406505240030265,1.111218233078195
P4,datum_ta,target_real_anchor,emq,replace,0.1,prevalence_error,5,0.6359343803296523,0.43415343628949077,0.09686168879253998,1.1750070718667647
P4,datum_ta,target_real_anchor,emq,replace,0.1,false_positive_share,5,0.8072626426792912,0.12901983158287453,0.6470633627485229,0.9674619226100594
P4,datum_ta,target_real_anchor,emq,replace,0.1,prevalence_decision_error,5,0.2,0.447213595499958,-0.3552890210395587,0.7552890210395586
P4,datum_ta,target_real_anchor,emq,replace,0.1,decision_regret,5,0.0017425876632333522,0.0015833456867998027,-0.00022339567277717548,0.00370857099924388
P4,datum_ta,target_real_anchor,hdy,replace,0.05,prevalence_absolute_error,5,0.6838507793033533,0.4004233249319065,0.1866595526943572,1.1810420059123494
P4,datum_ta,target_real_anchor,hdy,replace,0.05,prevalence_error,5,0.6638531636477479,0.44048543788117805,0.11691825369766862,1.2107880735978274
P4,datum_ta,target_real_anchor,hdy,replace,0.05,false_positive_share,5,0.8939429695806373,0.0737475027032217,0.8023733505166122,0.9855125886446625
P4,datum_ta,target_real_anchor,hdy,replace,0.05,prevalence_decision_error,5,0.8,0.4472135954999579,0.24471097896044147,1.3552890210395585
P4,datum_ta,target_real_anchor,hdy,replace,0.05,decision_regret,5,0.00164289321791872,0.0018277840712960598,-0.0006266004598998994,0.00391238689573734
P4,datum_ta,target_real_anchor,hdy,replace,0.1,prevalence_absolute_error,5,0.6592639601415441,0.35818249074417424,0.21452165659754996,1.1040062636855383
P4,datum_ta,target_real_anchor,hdy,replace,0.1,prevalence_error,5,0.6192663444859388,0.43842605002026064,0.07488850230109845,1.163644186670779
P4,datum_ta,target_real_anchor,hdy,replace,0.1,false_positive_share,5,0.8072626426792912,0.12901983158287453,0.6470633627485229,0.9674619226100594
P4,datum_ta,target_real_anchor,hdy,replace,0.1,prevalence_decision_error,5,0.2,0.447213595499958,-0.3552890210395587,0.7552890210395586
P4,datum_ta,target_real_anchor,hdy,replace,0.1,decision_regret,5,0.0017425876632333522,0.0015833456867998027,-0.00022339567277717548,0.00370857099924388
P4,datum_ta,target_real_anchor,kdey,replace,0.05,prevalence_absolute_error,5,0.7006464901820968,0.393495890322945,0.21205680972695906,1.1892361706372345
P4,datum_ta,target_real_anchor,kdey,replace,0.05,prevalence_error,5,0.6806488745264915,0.43516351290513394,0.14032200722030763,1.2209757418326754
P4,datum_ta,target_real_anchor,kdey,replace,0.05,false_positive_share,5,0.8939429695806373,0.0737475027032217,0.8023733505166122,0.9855125886446625
P4,datum_ta,target_real_anchor,kdey,replace,0.05,prevalence_decision_error,5,0.8,0.4472135954999579,0.24471097896044147,1.3552890210395585
P4,datum_ta,target_real_anchor,kdey,replace,0.05,decision_regret,5,0.00164289321791872,0.0018277840712960598,-0.0006266004598998994,0.00391238689573734
P4,datum_ta,target_real_anchor,kdey,replace,0.1,prevalence_absolute_error,5,0.6752729905864483,0.35079288933456365,0.23970608907384344,1.1108398920990532
P4,datum_ta,target_real_anchor,kdey,replace,0.1,prevalence_error,5,0.6352753749308429,0.4342570246815179,0.09607406141671859,1.174476688444967
P4,datum_ta,target_real_anchor,kdey,replace,0.1,false_positive_share,5,0.8072626426792912,0.12901983158287453,0.6470633627485229,0.9674619226100594
P4,datum_ta,target_real_anchor,kdey,replace,0.1,prevalence_decision_error,5,0.2,0.447213595499958,-0.3552890210395587,0.7552890210395586
P4,datum_ta,target_real_anchor,kdey,replace,0.1,decision_regret,5,0.0017425876632333522,0.0015833456867998027,-0.00022339567277717548,0.00370857099924388
P4,datum_ta,target_real_anchor,median_sweep,replace,0.05,prevalence_absolute_error,5,0.7012548968655817,0.3933117715176101,0.21289383010242063,1.189615963628743
P4,datum_ta,target_real_anchor,median_sweep,replace,0.05,prevalence_error,5,0.6812548968655818,0.43503665875142045,0.14108553979508665,1.221424253936077
P4,datum_ta,target_real_anchor,median_sweep,replace,0.05,false_positive_share,5,0.8939429695806373,0.0737475027032217,0.8023733505166122,0.9855125886446625
P4,datum_ta,target_real_anchor,median_sweep,replace,0.05,prevalence_decision_error,5,0.8,0.4472135954999579,0.24471097896044147,1.3552890210395585
P4,datum_ta,target_real_anchor,median_sweep,replace,0.05,decision_regret,5,0.00164289321791872,0.0018277840712960598,-0.0006266004598998994,0.00391238689573734
P4,datum_ta,target_real_anchor,median_sweep,replace,0.1,prevalence_absolute_error,5,0.6748013850968884,0.3509627486859205,0.23902357534294544,1.1105791948508312
P4,datum_ta,target_real_anchor,median_sweep,replace,0.1,prevalence_error,5,0.6348013850968883,0.43434432133373796,0.09549167847253881,1.1741110917212378
P4,datum_ta,target_real_anchor,median_sweep,replace,0.1,false_positive_share,5,0.8072626426792912,0.12901983158287453,0.6470633627485229,0.9674619226100594
P4,datum_ta,target_real_anchor,median_sweep,replace,0.1,prevalence_decision_error,5,0.2,0.447213595499958,-0.3552890210395587,0.7552890210395586
P4,datum_ta,target_real_anchor,median_sweep,replace,0.1,decision_regret,5,0.0017425876632333522,0.0015833456867998027,-0.00022339567277717548,0.00370857099924388
P4,datum_ta,target_real_anchor,pacc,replace,0.05,prevalence_absolute_error,5,0.6938690939238139,0.39587961120222087,0.20231963307111267,1.1854185547765153
P4,datum_ta,target_real_anchor,pacc,replace,0.05,prevalence_error,5,0.673869093923814,0.43693720517004764,0.1313398967883943,1.2163982910592337
P4,datum_ta,target_real_anchor,pacc,replace,0.05,false_positive_share,5,0.8939429695806373,0.0737475027032217,0.8023733505166122,0.9855125886446625
P4,datum_ta,target_real_anchor,pacc,replace,0.05,prevalence_decision_error,5,0.8,0.4472135954999579,0.24471097896044147,1.3552890210395585
P4,datum_ta,target_real_anchor,pacc,replace,0.05,decision_regret,5,0.00164289321791872,0.0018277840712960598,-0.0006266004598998994,0.00391238689573734
P4,datum_ta,target_real_anchor,pacc,replace,0.1,prevalence_absolute_error,5,0.6674609074170844,0.3539688725447448,0.22795050189349797,1.1069713129406709
P4,datum_ta,target_real_anchor,pacc,replace,0.1,prevalence_error,5,0.6274609074170844,0.4359358364166752,0.08617507381165335,1.1687467410225154
P4,datum_ta,target_real_anchor,pacc,replace,0.1,false_positive_share,5,0.8072626426792912,0.12901983158287453,0.6470633627485229,0.9674619226100594
P4,datum_ta,target_real_anchor,pacc,replace,0.1,prevalence_decision_error,5,0.2,0.447213595499958,-0.3552890210395587,0.7552890210395586
P4,datum_ta,target_real_anchor,pacc,replace,0.1,decision_regret,5,0.0017425876632333522,0.0015833456867998027,-0.00022339567277717548,0.00370857099924388
P4,datum_ta,target_real_anchor,pcc,replace,0.05,prevalence_absolute_error,5,0.6791954282714923,0.29426069478882777,0.3138225174657788,1.0445683390772058
P4,datum_ta,target_real_anchor,pcc,replace,0.05,prevalence_error,5,0.6791954282714923,0.29426069478882777,0.3138225174657788,1.0445683390772058
P4,datum_ta,target_real_anchor,pcc,replace,0.05,false_positive_share,5,0.8939429695806373,0.0737475027032217,0.8023733505166122,0.9855125886446625
P4,datum_ta,target_real_anchor,pcc,replace,0.05,prevalence_decision_error,5,1.0,0.0,1.0,1.0
P4,datum_ta,target_real_anchor,pcc,replace,0.05,decision_regret,5,0.0014934972324334521,0.0019437349814814624,-0.0009199685161213399,0.003906962980988244
P4,datum_ta,target_real_anchor,pcc,replace,0.1,prevalence_absolute_error,5,0.6320331674195891,0.2933762718865083,0.2677584126908727,0.9963079221483055
P4,datum_ta,target_real_anchor,pcc,replace,0.1,prevalence_error,5,0.6320331674195891,0.2933762718865083,0.2677584126908727,0.9963079221483055
P4,datum_ta,target_real_anchor,pcc,replace,0.1,false_positive_share,5,0.8072626426792912,0.12901983158287453,0.6470633627485229,0.9674619226100594
P4,datum_ta,target_real_anchor,pcc,replace,0.1,prevalence_decision_error,5,0.0,0.0,0.0,0.0
P4,datum_ta,target_real_anchor,pcc,replace,0.1,decision_regret,5,0.001860806853899832,0.0015042750940468055,-6.9973737726678874e-06,0.003728611081572332
P4,datum_transformer,oracle_target,acc,replace,0.05,prevalence_absolute_error,3,0.08369013157894734,0.03795945447793559,-0.010606380807162405,0.1779866439650571
P4,datum_transformer,oracle_target,acc,replace,0.05,prevalence_error,3,0.033785482456140346,0.07254892087258938,-0.1464360278302496,0.2140069927425303
P4,datum_transformer,oracle_target,acc,replace,0.05,false_positive_share,3,0.9592515724750937,0.05343699383574103,0.8265067208851595,1.091996424065028
P4,datum_transformer,oracle_target,acc,replace,0.05,prevalence_decision_error,3,0.31,0.2882707061079915,-0.40610413223575786,1.0261041322357578
P4,datum_transformer,oracle_target,acc,replace,0.05,decision_regret,3,0.00013308217336071952,0.00012228402387368147,-0.00017068818188847033,0.00043685252860990937
P4,datum_transformer,oracle_target,acc,replace,0.1,prevalence_absolute_error,3,0.10280392543859647,0.015263286189212858,0.06488782061073482,0.14072003026645813
P4,datum_transformer,oracle_target,acc,replace,0.1,prevalence_error,3,0.010288399122807027,0.06823332128764165,-0.1592125674858002,0.17978936573141424
P4,datum_transformer,oracle_target,acc,replace,0.1,false_positive_share,3,0.9214957297564584,0.10019057544145644,0.67260854294037,1.1703829165725468
P4,datum_transformer,oracle_target,acc,replace,0.1,prevalence_decision_error,3,0.5866666666666666,0.27061657993059723,-0.08558218496382752,1.2589155182971608
P4,datum_transformer,oracle_target,acc,replace,0.1,decision_regret,3,0.0008492178895647202,0.0008585869622099871,-0.001283630362078264,0.0029820661412077046
P4,datum_transformer,oracle_target,cc,replace,0.05,prevalence_absolute_error,5,0.023545999999999973,0.024203255566142362,-0.0065063110758038604,0.0535983110758038
P4,datum_transformer,oracle_target,cc,replace,0.05,prevalence_error,5,-0.01887800000000003,0.028672713858300863,-0.054479876528650356,0.0167238765286503
P4,datum_transformer,oracle_target,cc,replace,0.05,false_positive_share,5,0.5755509434850563,0.5267606951395316,-0.07850884733848851,1.2296107343086011
P4,datum_transformer,oracle_target,cc,replace,0.05,prevalence_decision_error,5,0.0,0.0,0.0,0.0
P4,datum_transformer,oracle_target,cc,replace,0.05,decision_regret,5,0.0003561506339408517,0.0005825340359705266,-0.00036716090625208764,0.001079462174133791
P4,datum_transformer,oracle_target,cc,replace,0.1,prevalence_absolute_error,5,0.069558,0.028300686740784224,0.0344180561495256,0.10469794385047439
P4,datum_transformer,oracle_target,cc,replace,0.1,prevalence_error,5,-0.069558,0.028300686740784224,-0.10469794385047439,-0.0344180561495256
P4,datum_transformer,oracle_target,cc,replace,0.1,false_positive_share,5,0.552897437853875,0.5096718451037505,-0.07994374310953734,1.1857386188172874
P4,datum_transformer,oracle_target,cc,replace,0.1,prevalence_decision_error,5,1.0,0.0,1.0,1.0
P4,datum_transformer,oracle_target,cc,replace,0.1,decision_regret,5,0.00051917278331874,0.0007733977676031785,-0.0004411273810052882,0.0014794729476427682
P4,datum_transformer,oracle_target,dys,replace,0.05,prevalence_absolute_error,5,0.4729181315196129,0.45311066588032445,-0.08969306950612066,1.0355293325453465
P4,datum_transformer,oracle_target,dys,replace,0.05,prevalence_error,5,0.4289309346107017,0.49380761654245864,-0.18421220488887863,1.042074074110282
P4,datum_transformer,oracle_target,dys,replace,0.05,false_positive_share,5,0.5755509434850563,0.5267606951395316,-0.07850884733848851,1.2296107343086011
P4,datum_transformer,oracle_target,dys,replace,0.05,prevalence_decision_error,5,0.512,0.46321701177741736,-0.0631598868795481,1.0871598868795482
P4,datum_transformer,oracle_target,dys,replace,0.05,decision_regret,5,0.0006074027255028269,0.0007680416499370242,-0.0003462469403449943,0.0015610523913506481
P4,datum_transformer,oracle_target,dys,replace,0.1,prevalence_absolute_error,5,0.4740414009966781,0.4103260639805463,-0.03544570017262055,0.9835285021659768
P4,datum_transformer,oracle_target,dys,replace,0.1,prevalence_error,5,0.39484930954986813,0.4825128985626414,-0.20426958526430844,0.9939682043640448
P4,datum_transformer,oracle_target,dys,replace,0.1,false_positive_share,5,0.552897437853875,0.5096718451037505,-0.07994374310953734,1.1857386188172874
P4,datum_transformer,oracle_target,dys,replace,0.1,prevalence_decision_error,5,0.45,0.425382181103064,-0.07818173975306814,0.9781817397530681
P4,datum_transformer,oracle_target,dys,replace,0.1,decision_regret,5,0.0007829374139824319,0.0008352804611798861,-0.0002542002630676694,0.0018200750910325333
P4,datum_transformer,oracle_target,emq,replace,0.05,prevalence_absolute_error,5,0.26798902987301776,0.20963528771300274,0.007692440366694364,0.5282856193793412
P4,datum_transformer,oracle_target,emq,replace,0.05,prevalence_error,5,0.24285168865726697,0.2438651955860959,-0.05994694511690779,0.5456503224314417
P4,datum_transformer,oracle_target,emq,replace,0.05,false_positive_share,5,0.5755509434850563,0.5267606951395316,-0.07850884733848851,1.2296107343086011
P4,datum_transformer,oracle_target,emq,replace,0.05,prevalence_decision_error,5,0.624,0.5166042973108141,-0.017448957288191624,1.2654489572881915
P4,datum_transformer,oracle_target,emq,replace,0.05,decision_regret,5,0.000805924490470879,0.001110804741409675,-0.0005733217659715562,0.0021851707469133144
P4,datum_transformer,oracle_target,emq,replace,0.1,prevalence_absolute_error,5,0.24923107294301303,0.1665311130661494,0.04245538526797485,0.45600676061805123
P4,datum_transformer,oracle_target,emq,replace,0.1,prevalence_error,5,0.19797183065236806,0.23567739178722644,-0.09466030192039443,0.49060396322513056
P4,datum_transformer,oracle_target,emq,replace,0.1,false_positive_share,5,0.552897437853875,0.5096718451037505,-0.07994374310953734,1.1857386188172874
P4,datum_transformer,oracle_target,emq,replace,0.1,prevalence_decision_error,5,0.348,0.482825020064205,-0.2515064448457335,0.9475064448457334
P4,datum_transformer,oracle_target,emq,replace,0.1,decision_regret,5,0.000938374941838616,0.001030409797212631,-0.0003410478067567491,0.002217797690433981
P4,datum_transformer,oracle_target,hdy,replace,0.05,prevalence_absolute_error,5,0.4702339339593197,0.4546651712029308,-0.09430744036051025,1.0347753082791498
P4,datum_transformer,oracle_target,hdy,replace,0.05,prevalence_error,5,0.4328749105642265,0.49061666748836613,-0.17630614237478487,1.0420559635032378
P4,datum_transformer,oracle_target,hdy,replace,0.05,false_positive_share,5,0.5755509434850563,0.5267606951395316,-0.07850884733848851,1.2296107343086011
P4,datum_transformer,oracle_target,hdy,replace,0.05,prevalence_decision_error,5,0.548,0.45251519311510413,-0.013871823931248528,1.1098718239312486
P4,datum_transformer,oracle_target,hdy,replace,0.05,decision_regret,5,0.000854022841384559,0.001203838451788717,-0.0006407400238548486,0.0023487857066239667
P4,datum_transformer,oracle_target,hdy,replace,0.1,prevalence_absolute_error,5,0.4619025521196427,0.41660072242528856,-0.05537556654151765,0.9791806707808031
P4,datum_transformer,oracle_target,hdy,replace,0.1,prevalence_error,5,0.39896558989119474,0.4749582821330694,-0.19077300968214367,0.9887041894645332
P4,datum_transformer,oracle_target,hdy,replace,0.1,false_positive_share,5,0.552897437853875,0.5096718451037505,-0.07994374310953734,1.1857386188172874
P4,datum_transformer,oracle_target,hdy,replace,0.1,prevalence_decision_error,5,0.38,0.36653785616222506,-0.07511685997542455,0.8351168599754246
P4,datum_transformer,oracle_target,hdy,replace,0.1,decision_regret,5,0.000831592888651872,0.000886381400715592,-0.00026899498529410276,0.0019321807625978468
P4,datum_transformer,oracle_target,kdey,replace,0.05,prevalence_absolute_error,3,0.5702342123060163,0.4574849609783176,-0.5662214318188507,1.7066898564308834
P4,datum_transformer,oracle_target,kdey,replace,0.05,prevalence_error,3,0.5393628315330447,0.5105597437235057,-0.7289378819520996,1.807663545018189
P4,datum_transformer,oracle_target,kdey,replace,0.05,false_positive_share,3,0.9592515724750937,0.05343699383574103,0.8265067208851595,1.091996424065028
P4,datum_transformer,oracle_target,kdey,replace,0.05,prevalence_decision_error,3,0.6666666666666666,0.5773502691896258,-0.7675509099164876,2.100884243249821
P4,datum_transformer,oracle_target,kdey,replace,0.05,decision_regret,3,0.0011222702497424664,0.0012247595889008783,-0.0019202012328740365,0.004164741732358969
P4,datum_transformer,oracle_target,kdey,replace,0.1,prevalence_absolute_error,3,0.5534017862635338,0.4156633741814958,-0.47916327693410843,1.585966849461176
P4,datum_transformer,oracle_target,kdey,replace,0.1,prevalence_error,3,0.502982874824668,0.502433978554293,-0.7451323189668079,1.7510980686161437
P4,datum_transformer,oracle_target,kdey,replace,0.1,false_positive_share,3,0.9214957297564584,0.10019057544145644,0.67260854294037,1.1703829165725468
P4,datum_transformer,oracle_target,kdey,replace,0.1,prevalence_decision_error,3,0.3233333333333333,0.560029761113937,-1.0678577159523261,1.7145243826189926
P4,datum_transformer,oracle_target,kdey,replace,0.1,decision_regret,3,0.0010754403572629733,0.0009636117339602853,-0.0013183038905528975,0.003469184605078844
P4,datum_transformer,oracle_target,pacc,replace,0.05,prevalence_absolute_error,3,0.11194058521529769,0.10082822307463189,-0.1385306061331702,0.3624117765637656
P4,datum_transformer,oracle_target,pacc,replace,0.05,prevalence_error,3,0.04995292463907202,0.11521269105351847,-0.2362512660792131,0.33615711535735715
P4,datum_transformer,oracle_target,pacc,replace,0.05,false_positive_share,3,0.9592515724750937,0.05343699383574103,0.8265067208851595,1.091996424065028
P4,datum_transformer,oracle_target,pacc,replace,0.05,prevalence_decision_error,3,0.25666666666666665,0.2196208854670551,-0.28890185721004497,0.8022351905433782
P4,datum_transformer,oracle_target,pacc,replace,0.05,decision_regret,3,0.0014110940454677716,0.0012785858428045413,-0.0017650892643530688,0.004587277355288612
P4,datum_transformer,oracle_target,pacc,replace,0.1,prevalence_absolute_error,3,0.1304684736796782,0.08998185102737306,-0.09305883583051941,0.3539957831898758
P4,datum_transformer,oracle_target,pacc,replace,0.1,prevalence_error,3,0.022055885428751056,0.10363316213714553,-0.2353831608240686,0.2794949316815707
P4,datum_transformer,oracle_target,pacc,replace,0.1,false_positive_share,3,0.9214957297564584,0.10019057544145644,0.67260854294037,1.1703829165725468
P4,datum_transformer,oracle_target,pacc,replace,0.1,prevalence_decision_error,3,0.6366666666666666,0.15011106998930274,0.2637700967550465,1.0095632365782867
P4,datum_transformer,oracle_target,pacc,replace,0.1,decision_regret,3,0.0011491073804905398,0.0006308211798979806,-0.0004179393018648729,0.0027161540628459525
P4,datum_transformer,oracle_target,pcc,replace,0.05,prevalence_absolute_error,5,0.4485951400071066,0.0018354252565984342,0.4463161585445944,0.4508741214696188
P4,datum_transformer,oracle_target,pcc,replace,0.05,prevalence_error,5,0.4485951400071066,0.0018354252565984342,0.4463161585445944,0.4508741214696188
P4,datum_transformer,oracle_target,pcc,replace,0.05,false_positive_share,5,0.5755509434850563,0.5267606951395316,-0.07850884733848851,1.2296107343086011
P4,datum_transformer,oracle_target,pcc,replace,0.05,prevalence_decision_error,5,1.0,0.0,1.0,1.0
P4,datum_transformer,oracle_target,pcc,replace,0.05,decision_regret,5,0.0007174000902248794,0.001039666416226248,-0.0005735162689447823,0.002008316449394541
P4,datum_transformer,oracle_target,pcc,replace,0.1,prevalence_absolute_error,5,0.3987373426025739,0.0016336788742013202,0.39670886235985203,0.4007658228452957
P4,datum_transformer,oracle_target,pcc,replace,0.1,prevalence_error,5,0.3987373426025739,0.0016336788742013202,0.39670886235985203,0.4007658228452957
P4,datum_transformer,oracle_target,pcc,replace,0.1,false_positive_share,5,0.552897437853875,0.5096718451037505,-0.07994374310953734,1.1857386188172874
P4,datum_transformer,oracle_target,pcc,replace,0.1,prevalence_decision_error,5,0.0,0.0,0.0,0.0
P4,datum_transformer,oracle_target,pcc,replace,0.1,decision_regret,5,0.00062109215060326,0.0009084310225536934,-0.0005068739449530928,0.0017490582461596126
P4,datum_transformer,source_only,acc,replace,0.05,prevalence_absolute_error,5,0.95,0.0,0.95,0.95
P4,datum_transformer,source_only,acc,replace,0.05,prevalence_error,5,0.95,0.0,0.95,0.95
P4,datum_transformer,source_only,acc,replace,0.05,false_positive_share,5,0.9499951208238103,1.0910169634115425e-05,0.9499815740589613,0.9500086675886593
P4,datum_transformer,source_only,acc,replace,0.05,prevalence_decision_error,5,1.0,0.0,1.0,1.0
P4,datum_transformer,source_only,acc,replace,0.05,decision_regret,0,,,,
P4,datum_transformer,source_only,acc,replace,0.1,prevalence_absolute_error,5,0.9,0.0,0.9,0.9
P4,datum_transformer,source_only,acc,replace,0.1,prevalence_error,5,0.9,0.0,0.9,0.9
P4,datum_transformer,source_only,acc,replace,0.1,false_positive_share,5,0.8999907554825125,2.0671369521322435e-05,0.8999650885871843,0.9000164223778407
P4,datum_transformer,source_only,acc,replace,0.1,prevalence_decision_error,5,0.0,0.0,0.0,0.0
P4,datum_transformer,source_only,acc,replace,0.1,decision_regret,0,,,,
P4,datum_transformer,source_only,cc,replace,0.05,prevalence_absolute_error,5,0.9497119999999999,0.000579240882535058,0.9489927774498683,0.9504312225501315
P4,datum_transformer,source_only,cc,replace,0.05,prevalence_error,5,0.9497119999999999,0.000579240882535058,0.9489927774498683,0.9504312225501315
P4,datum_transformer,source_only,cc,replace,0.05,false_positive_share,5,0.9499951208238103,1.0910169634115425e-05,0.9499815740589613,0.9500086675886593
P4,datum_transformer,source_only,cc,replace,0.05,prevalence_decision_error,5,1.0,0.0,1.0,1.0
P4,datum_transformer,source_only,cc,replace,0.05,decision_regret,0,,,,
P4,datum_transformer,source_only,cc,replace,0.1,prevalence_absolute_error,5,0.8996699999999999,0.0006031583540000088,0.8989210799866222,0.9004189200133775
P4,datum_transformer,source_only,cc,replace,0.1,prevalence_error,5,0.8996699999999999,0.0006031583540000088,0.8989210799866222,0.9004189200133775
P4,datum_transformer,source_only,cc,replace,0.1,false_positive_share,5,0.8999907554825125,2.0671369521322435e-05,0.8999650885871843,0.9000164223778407
P4,datum_transformer,source_only,cc,replace,0.1,prevalence_decision_error,5,0.0,0.0,0.0,0.0
P4,datum_transformer,source_only,cc,replace,0.1,decision_regret,0,,,,
P4,datum_transformer,source_only,dys,replace,0.05,prevalence_absolute_error,5,0.9499940391390134,0.0,0.9499940391390134,0.9499940391390134
P4,datum_transformer,source_only,dys,replace,0.05,prevalence_error,5,0.9499940391390134,0.0,0.9499940391390134,0.9499940391390134
P4,datum_transformer,source_only,dys,replace,0.05,false_positive_share,5,0.9499951208238103,1.0910169634115425e-05,0.9499815740589613,0.9500086675886593
P4,datum_transformer,source_only,dys,replace,0.05,prevalence_decision_error,5,1.0,0.0,1.0,1.0
P4,datum_transformer,source_only,dys,replace,0.05,decision_regret,0,,,,
P4,datum_transformer,source_only,dys,replace,0.1,prevalence_absolute_error,5,0.8999940391390135,1.2412670766236366e-16,0.8999940391390134,0.8999940391390137
P4,datum_transformer,source_only,dys,replace,0.1,prevalence_error,5,0.8999940391390135,1.2412670766236366e-16,0.8999940391390134,0.8999940391390137
P4,datum_transformer,source_only,dys,replace,0.1,false_positive_share,5,0.8999907554825125,2.0671369521322435e-05,0.8999650885871843,0.9000164223778407
P4,datum_transformer,source_only,dys,replace,0.1,prevalence_decision_error,5,0.0,0.0,0.0,0.0
P4,datum_transformer,source_only,dys,replace,0.1,decision_regret,0,,,,
P4,datum_transformer,source_only,emq,replace,0.05,prevalence_absolute_error,5,0.949999999719109,4.726751187055781e-10,0.9499999991322053,0.9500000003060126
P4,datum_transformer,source_only,emq,replace,0.05,prevalence_error,5,0.949999999719109,4.726751187055781e-10,0.9499999991322053,0.9500000003060126
P4,datum_transformer,source_only,emq,replace,0.05,false_positive_share,5,0.9499951208238103,1.0910169634115425e-05,0.9499815740589613,0.9500086675886593
P4,datum_transformer,source_only,emq,replace,0.05,prevalence_decision_error,5,1.0,0.0,1.0,1.0
P4,datum_transformer,source_only,emq,replace,0.05,decision_regret,0,,,,
P4,datum_transformer,source_only,emq,replace,0.1,prevalence_absolute_error,5,0.8999999997130844,4.842117913996168e-10,0.899999999111856,0.9000000003143128
P4,datum_transformer,source_only,emq,replace,0.1,prevalence_error,5,0.8999999997130844,4.842117913996168e-10,0.899999999111856,0.9000000003143128
P4,datum_transformer,source_only,emq,replace,0.1,false_positive_share,5,0.8999907554825125,2.0671369521322435e-05,0.8999650885871843,0.9000164223778407
P4,datum_transformer,source_only,emq,replace,0.1,prevalence_decision_error,5,0.0,0.0,0.0,0.0
P4,datum_transformer,source_only,emq,replace,0.1,decision_regret,0,,,,
P4,datum_transformer,source_only,hdy,replace,0.05,prevalence_absolute_error,5,0.9499940391390134,0.0,0.9499940391390134,0.9499940391390134
P4,datum_transformer,source_only,hdy,replace,0.05,prevalence_error,5,0.9499940391390134,0.0,0.9499940391390134,0.9499940391390134
P4,datum_transformer,source_only,hdy,replace,0.05,false_positive_share,5,0.9499951208238103,1.0910169634115425e-05,0.9499815740589613,0.9500086675886593
P4,datum_transformer,source_only,hdy,replace,0.05,prevalence_decision_error,5,1.0,0.0,1.0,1.0
P4,datum_transformer,source_only,hdy,replace,0.05,decision_regret,0,,,,
P4,datum_transformer,source_only,hdy,replace,0.1,prevalence_absolute_error,5,0.8999940391390135,1.2412670766236366e-16,0.8999940391390134,0.8999940391390137
P4,datum_transformer,source_only,hdy,replace,0.1,prevalence_error,5,0.8999940391390135,1.2412670766236366e-16,0.8999940391390134,0.8999940391390137
P4,datum_transformer,source_only,hdy,replace,0.1,false_positive_share,5,0.8999907554825125,2.0671369521322435e-05,0.8999650885871843,0.9000164223778407
P4,datum_transformer,source_only,hdy,replace,0.1,prevalence_decision_error,5,0.0,0.0,0.0,0.0
P4,datum_transformer,source_only,hdy,replace,0.1,decision_regret,0,,,,
P4,datum_transformer,source_only,kdey,replace,0.05,prevalence_absolute_error,5,0.9499940391390134,0.0,0.9499940391390134,0.9499940391390134
P4,datum_transformer,source_only,kdey,replace,0.05,prevalence_error,5,0.9499940391390134,0.0,0.9499940391390134,0.9499940391390134
P4,datum_transformer,source_only,kdey,replace,0.05,false_positive_share,5,0.9499951208238103,1.0910169634115425e-05,0.9499815740589613,0.9500086675886593
P4,datum_transformer,source_only,kdey,replace,0.05,prevalence_decision_error,5,1.0,0.0,1.0,1.0
P4,datum_transformer,source_only,kdey,replace,0.05,decision_regret,0,,,,
P4,datum_transformer,source_only,kdey,replace,0.1,prevalence_absolute_error,5,0.8999940391390135,1.2412670766236366e-16,0.8999940391390134,0.8999940391390137
P4,datum_transformer,source_only,kdey,replace,0.1,prevalence_error,5,0.8999940391390135,1.2412670766236366e-16,0.8999940391390134,0.8999940391390137
P4,datum_transformer,source_only,kdey,replace,0.1,false_positive_share,5,0.8999907554825125,2.0671369521322435e-05,0.8999650885871843,0.9000164223778407
P4,datum_transformer,source_only,kdey,replace,0.1,prevalence_decision_error,5,0.0,0.0,0.0,0.0
P4,datum_transformer,source_only,kdey,replace,0.1,decision_regret,0,,,,
P4,datum_transformer,source_only,median_sweep,replace,0.05,prevalence_absolute_error,5,0.95,0.0,0.95,0.95
P4,datum_transformer,source_only,median_sweep,replace,0.05,prevalence_error,5,0.95,0.0,0.95,0.95
P4,datum_transformer,source_only,median_sweep,replace,0.05,false_positive_share,5,0.9499951208238103,1.0910169634115425e-05,0.9499815740589613,0.9500086675886593
P4,datum_transformer,source_only,median_sweep,replace,0.05,prevalence_decision_error,5,1.0,0.0,1.0,1.0
P4,datum_transformer,source_only,median_sweep,replace,0.05,decision_regret,0,,,,
P4,datum_transformer,source_only,median_sweep,replace,0.1,prevalence_absolute_error,5,0.9,0.0,0.9,0.9
P4,datum_transformer,source_only,median_sweep,replace,0.1,prevalence_error,5,0.9,0.0,0.9,0.9
P4,datum_transformer,source_only,median_sweep,replace,0.1,false_positive_share,5,0.8999907554825125,2.0671369521322435e-05,0.8999650885871843,0.9000164223778407
P4,datum_transformer,source_only,median_sweep,replace,0.1,prevalence_decision_error,5,0.0,0.0,0.0,0.0
P4,datum_transformer,source_only,median_sweep,replace,0.1,decision_regret,0,,,,
P4,datum_transformer,source_only,pacc,replace,0.05,prevalence_absolute_error,5,0.95,0.0,0.95,0.95
P4,datum_transformer,source_only,pacc,replace,0.05,prevalence_error,5,0.95,0.0,0.95,0.95
P4,datum_transformer,source_only,pacc,replace,0.05,false_positive_share,5,0.9499951208238103,1.0910169634115425e-05,0.9499815740589613,0.9500086675886593
P4,datum_transformer,source_only,pacc,replace,0.05,prevalence_decision_error,5,1.0,0.0,1.0,1.0
P4,datum_transformer,source_only,pacc,replace,0.05,decision_regret,0,,,,
P4,datum_transformer,source_only,pacc,replace,0.1,prevalence_absolute_error,5,0.9,0.0,0.9,0.9
P4,datum_transformer,source_only,pacc,replace,0.1,prevalence_error,5,0.9,0.0,0.9,0.9
P4,datum_transformer,source_only,pacc,replace,0.1,false_positive_share,5,0.8999907554825125,2.0671369521322435e-05,0.8999650885871843,0.9000164223778407
P4,datum_transformer,source_only,pacc,replace,0.1,prevalence_decision_error,5,0.0,0.0,0.0,0.0
P4,datum_transformer,source_only,pacc,replace,0.1,decision_regret,0,,,,
P4,datum_transformer,source_only,pcc,replace,0.05,prevalence_absolute_error,5,0.887711088061625,0.059986141577344616,0.8132284556738822,0.9621937204493678
P4,datum_transformer,source_only,pcc,replace,0.05,prevalence_error,5,0.887711088061625,0.059986141577344616,0.8132284556738822,0.9621937204493678
P4,datum_transformer,source_only,pcc,replace,0.05,false_positive_share,5,0.9499951208238103,1.0910169634115425e-05,0.9499815740589613,0.9500086675886593
P4,datum_transformer,source_only,pcc,replace,0.05,prevalence_decision_error,5,1.0,0.0,1.0,1.0
P4,datum_transformer,source_only,pcc,replace,0.05,decision_regret,0,,,,
P4,datum_transformer,source_only,pcc,replace,0.1,prevalence_absolute_error,5,0.8376435561925615,0.06010429263042369,0.7630142198958606,0.9122728924892624
P4,datum_transformer,source_only,pcc,replace,0.1,prevalence_error,5,0.8376435561925615,0.06010429263042369,0.7630142198958606,0.9122728924892624
P4,datum_transformer,source_only,pcc,replace,0.1,false_positive_share,5,0.8999907554825125,2.0671369521322435e-05,0.8999650885871843,0.9000164223778407
P4,datum_transformer,source_only,pcc,replace,0.1,prevalence_decision_error,5,0.0,0.0,0.0,0.0
P4,datum_transformer,source_only,pcc,replace,0.1,decision_regret,0,,,,
P4,datum_transformer,target_real_anchor,acc,replace,0.05,prevalence_absolute_error,5,0.10165558258843994,0.13509686230107998,-0.06608932760110241,0.2694004927779823
P4,datum_transformer,target_real_anchor,acc,replace,0.05,prevalence_error,5,0.09275718494538285,0.1428459892498658,-0.08460953719397743,0.2701239070847431
P4,datum_transformer,target_real_anchor,acc,replace,0.05,false_positive_share,5,0.9556924392931119,0.03742425087953899,0.9092240943162427,1.002160784269981
P4,datum_transformer,target_real_anchor,acc,replace,0.05,prevalence_decision_error,5,0.41200000000000003,0.5373267162537146,-0.2551792388452868,1.079179238845287
P4,datum_transformer,target_real_anchor,acc,replace,0.05,decision_regret,5,0.000783222674483387,0.0005531223858466524,9.643052137702738e-05,0.0014700148275897467
P4,datum_transformer,target_real_anchor,acc,replace,0.1,prevalence_absolute_error,5,0.09389239455886386,0.1078212127779248,-0.039985323590153,0.22777011270788072
P4,datum_transformer,target_real_anchor,acc,replace,0.1,prevalence_error,5,0.04176378177010924,0.14302797353584415,-0.13582890370538914,0.21935646724560764
P4,datum_transformer,target_real_anchor,acc,replace,0.1,false_positive_share,5,0.9130559142512498,0.06958075835317099,0.8266599916364015,0.9994518368660981
P4,datum_transformer,target_real_anchor,acc,replace,0.1,prevalence_decision_error,5,0.5780000000000001,0.5295469761975796,-0.07951941570220011,1.2355194157022003
P4,datum_transformer,target_real_anchor,acc,replace,0.1,decision_regret,5,0.0008619449140345161,0.0007305141061179863,-4.510815171219172e-05,0.0017689979797812238
P4,datum_transformer,target_real_anchor,cc,replace,0.05,prevalence_absolute_error,5,0.008765999999999993,0.0032794023845816836,0.004694084123441342,0.012837915876558643
P4,datum_transformer,target_real_anchor,cc,replace,0.05,prevalence_error,5,-0.008330000000000006,0.0036129489340426557,-0.012816068618749437,-0.0038439313812505737
P4,datum_transformer,target_real_anchor,cc,replace,0.05,false_positive_share,5,0.9556924392931119,0.03742425087953899,0.9092240943162427,1.002160784269981
P4,datum_transformer,target_real_anchor,cc,replace,0.05,prevalence_decision_error,5,0.0,0.0,0.0,0.0
P4,datum_transformer,target_real_anchor,cc,replace,0.05,decision_regret,5,0.0006071597943115457,0.0004325806303798655,7.003999924857726e-05,0.0011442795893745143
P4,datum_transformer,target_real_anchor,cc,replace,0.1,prevalence_absolute_error,5,0.058789999999999995,0.004845374082565763,0.05277367344384849,0.0648063265561515
P4,datum_transformer,target_real_anchor,cc,replace,0.1,prevalence_error,5,-0.058789999999999995,0.004845374082565763,-0.0648063265561515,-0.05277367344384849
P4,datum_transformer,target_real_anchor,cc,replace,0.1,false_positive_share,5,0.9130559142512498,0.06958075835317099,0.8266599916364015,0.9994518368660981
P4,datum_transformer,target_real_anchor,cc,replace,0.1,prevalence_decision_error,5,1.0,0.0,1.0,1.0
P4,datum_transformer,target_real_anchor,cc,replace,0.1,decision_regret,5,0.0009369472875594285,0.0009173064775809561,-0.00020203914097195296,0.0020759337160908098
P4,datum_transformer,target_real_anchor,dys,replace,0.05,prevalence_absolute_error,5,0.9499940391390134,0.0,0.9499940391390134,0.9499940391390134
P4,datum_transformer,target_real_anchor,dys,replace,0.05,prevalence_error,5,0.9499940391390134,0.0,0.9499940391390134,0.9499940391390134
P4,datum_transformer,target_real_anchor,dys,replace,0.05,false_positive_share,5,0.9556924392931119,0.03742425087953899,0.9092240943162427,1.002160784269981
P4,datum_transformer,target_real_anchor,dys,replace,0.05,prevalence_decision_error,5,1.0,0.0,1.0,1.0
P4,datum_transformer,target_real_anchor,dys,replace,0.05,decision_regret,5,0.001014204803012776,0.0007969650265061421,2.464202177259074e-05,0.002003767584252961
P4,datum_transformer,target_real_anchor,dys,replace,0.1,prevalence_absolute_error,5,0.8999940391390135,1.2412670766236366e-16,0.8999940391390134,0.8999940391390137
P4,datum_transformer,target_real_anchor,dys,replace,0.1,prevalence_error,5,0.8999940391390135,1.2412670766236366e-16,0.8999940391390134,0.8999940391390137
P4,datum_transformer,target_real_anchor,dys,replace,0.1,false_positive_share,5,0.9130559142512498,0.06958075835317099,0.8266599916364015,0.9994518368660981
P4,datum_transformer,target_real_anchor,dys,replace,0.1,prevalence_decision_error,5,0.0,0.0,0.0,0.0
P4,datum_transformer,target_real_anchor,dys,replace,0.1,decision_regret,5,0.000769995780550508,0.00040048796990510885,0.00027272428660562174,0.0012672672744953942
P4,datum_transformer,target_real_anchor,emq,replace,0.05,prevalence_absolute_error,5,0.949999999719109,4.726751187055781e-10,0.9499999991322053,0.9500000003060126
P4,datum_transformer,target_real_anchor,emq,replace,0.05,prevalence_error,5,0.949999999719109,4.726751187055781e-10,0.9499999991322053,0.9500000003060126
P4,datum_transformer,target_real_anchor,emq,replace,0.05,false_positive_share,5,0.9556924392931119,0.03742425087953899,0.9092240943162427,1.002160784269981
P4,datum_transformer,target_real_anchor,emq,replace,0.05,prevalence_decision_error,5,1.0,0.0,1.0,1.0
P4,datum_transformer,target_real_anchor,emq,replace,0.05,decision_regret,5,0.001014204803012776,0.0007969650265061421,2.464202177259074e-05,0.002003767584252961
P4,datum_transformer,target_real_anchor,emq,replace,0.1,prevalence_absolute_error,5,0.8999999997130844,4.842117913996168e-10,0.899999999111856,0.9000000003143128
P4,datum_transformer,target_real_anchor,emq,replace,0.1,prevalence_error,5,0.8999999997130844,4.842117913996168e-10,0.899999999111856,0.9000000003143128
P4,datum_transformer,target_real_anchor,emq,replace,0.1,false_positive_share,5,0.9130559142512498,0.06958075835317099,0.8266599916364015,0.9994518368660981
P4,datum_transformer,target_real_anchor,emq,replace,0.1,prevalence_decision_error,5,0.0,0.0,0.0,0.0
P4,datum_transformer,target_real_anchor,emq,replace,0.1,decision_regret,5,0.000769995780550508,0.00040048796990510885,0.00027272428660562174,0.0012672672744953942
P4,datum_transformer,target_real_anchor,hdy,replace,0.05,prevalence_absolute_error,5,0.9499940391390134,0.0,0.9499940391390134,0.9499940391390134
P4,datum_transformer,target_real_anchor,hdy,replace,0.05,prevalence_error,5,0.9499940391390134,0.0,0.9499940391390134,0.9499940391390134
P4,datum_transformer,target_real_anchor,hdy,replace,0.05,false_positive_share,5,0.9556924392931119,0.03742425087953899,0.9092240943162427,1.002160784269981
P4,datum_transformer,target_real_anchor,hdy,replace,0.05,prevalence_decision_error,5,1.0,0.0,1.0,1.0
P4,datum_transformer,target_real_anchor,hdy,replace,0.05,decision_regret,5,0.001014204803012776,0.0007969650265061421,2.464202177259074e-05,0.002003767584252961
P4,datum_transformer,target_real_anchor,hdy,replace,0.1,prevalence_absolute_error,5,0.8999940391390135,1.2412670766236366e-16,0.8999940391390134,0.8999940391390137
P4,datum_transformer,target_real_anchor,hdy,replace,0.1,prevalence_error,5,0.8999940391390135,1.2412670766236366e-16,0.8999940391390134,0.8999940391390137
P4,datum_transformer,target_real_anchor,hdy,replace,0.1,false_positive_share,5,0.9130559142512498,0.06958075835317099,0.8266599916364015,0.9994518368660981
P4,datum_transformer,target_real_anchor,hdy,replace,0.1,prevalence_decision_error,5,0.0,0.0,0.0,0.0
P4,datum_transformer,target_real_anchor,hdy,replace,0.1,decision_regret,5,0.000769995780550508,0.00040048796990510885,0.00027272428660562174,0.0012672672744953942
P4,datum_transformer,target_real_anchor,kdey,replace,0.05,prevalence_absolute_error,5,0.9499940391390134,0.0,0.9499940391390134,0.9499940391390134
P4,datum_transformer,target_real_anchor,kdey,replace,0.05,prevalence_error,5,0.9499940391390134,0.0,0.9499940391390134,0.9499940391390134
P4,datum_transformer,target_real_anchor,kdey,replace,0.05,false_positive_share,5,0.9556924392931119,0.03742425087953899,0.9092240943162427,1.002160784269981
P4,datum_transformer,target_real_anchor,kdey,replace,0.05,prevalence_decision_error,5,1.0,0.0,1.0,1.0
P4,datum_transformer,target_real_anchor,kdey,replace,0.05,decision_regret,5,0.001014204803012776,0.0007969650265061421,2.464202177259074e-05,0.002003767584252961
P4,datum_transformer,target_real_anchor,kdey,replace,0.1,prevalence_absolute_error,5,0.8999940391390135,1.2412670766236366e-16,0.8999940391390134,0.8999940391390137
P4,datum_transformer,target_real_anchor,kdey,replace,0.1,prevalence_error,5,0.8999940391390135,1.2412670766236366e-16,0.8999940391390134,0.8999940391390137
P4,datum_transformer,target_real_anchor,kdey,replace,0.1,false_positive_share,5,0.9130559142512498,0.06958075835317099,0.8266599916364015,0.9994518368660981
P4,datum_transformer,target_real_anchor,kdey,replace,0.1,prevalence_decision_error,5,0.0,0.0,0.0,0.0
P4,datum_transformer,target_real_anchor,kdey,replace,0.1,decision_regret,5,0.000769995780550508,0.00040048796990510885,0.00027272428660562174,0.0012672672744953942
P4,datum_transformer,target_real_anchor,median_sweep,replace,0.05,prevalence_absolute_error,5,0.95,0.0,0.95,0.95
P4,datum_transformer,target_real_anchor,median_sweep,replace,0.05,prevalence_error,5,0.95,0.0,0.95,0.95
P4,datum_transformer,target_real_anchor,median_sweep,replace,0.05,false_positive_share,5,0.9556924392931119,0.03742425087953899,0.9092240943162427,1.002160784269981
P4,datum_transformer,target_real_anchor,median_sweep,replace,0.05,prevalence_decision_error,5,1.0,0.0,1.0,1.0
P4,datum_transformer,target_real_anchor,median_sweep,replace,0.05,decision_regret,5,0.001014204803012776,0.0007969650265061421,2.464202177259074e-05,0.002003767584252961
P4,datum_transformer,target_real_anchor,median_sweep,replace,0.1,prevalence_absolute_error,5,0.9,0.0,0.9,0.9
P4,datum_transformer,target_real_anchor,median_sweep,replace,0.1,prevalence_error,5,0.9,0.0,0.9,0.9
P4,datum_transformer,target_real_anchor,median_sweep,replace,0.1,false_positive_share,5,0.9130559142512498,0.06958075835317099,0.8266599916364015,0.9994518368660981
P4,datum_transformer,target_real_anchor,median_sweep,replace,0.1,prevalence_decision_error,5,0.0,0.0,0.0,0.0
P4,datum_transformer,target_real_anchor,median_sweep,replace,0.1,decision_regret,5,0.000769995780550508,0.00040048796990510885,0.00027272428660562174,0.0012672672744953942
P4,datum_transformer,target_real_anchor,pacc,replace,0.05,prevalence_absolute_error,5,0.95,0.0,0.95,0.95
P4,datum_transformer,target_real_anchor,pacc,replace,0.05,prevalence_error,5,0.95,0.0,0.95,0.95
P4,datum_transformer,target_real_anchor,pacc,replace,0.05,false_positive_share,5,0.9556924392931119,0.03742425087953899,0.9092240943162427,1.002160784269981
P4,datum_transformer,target_real_anchor,pacc,replace,0.05,prevalence_decision_error,5,1.0,0.0,1.0,1.0
P4,datum_transformer,target_real_anchor,pacc,replace,0.05,decision_regret,5,0.001014204803012776,0.0007969650265061421,2.464202177259074e-05,0.002003767584252961
P4,datum_transformer,target_real_anchor,pacc,replace,0.1,prevalence_absolute_error,5,0.9,0.0,0.9,0.9
P4,datum_transformer,target_real_anchor,pacc,replace,0.1,prevalence_error,5,0.9,0.0,0.9,0.9
P4,datum_transformer,target_real_anchor,pacc,replace,0.1,false_positive_share,5,0.9130559142512498,0.06958075835317099,0.8266599916364015,0.9994518368660981
P4,datum_transformer,target_real_anchor,pacc,replace,0.1,prevalence_decision_error,5,0.0,0.0,0.0,0.0
P4,datum_transformer,target_real_anchor,pacc,replace,0.1,decision_regret,5,0.000769995780550508,0.00040048796990510885,0.00027272428660562174,0.0012672672744953942
P4,datum_transformer,target_real_anchor,pcc,replace,0.05,prevalence_absolute_error,5,0.887711088061625,0.059986141577344616,0.8132284556738822,0.9621937204493678
P4,datum_transformer,target_real_anchor,pcc,replace,0.05,prevalence_error,5,0.887711088061625,0.059986141577344616,0.8132284556738822,0.9621937204493678
P4,datum_transformer,target_real_anchor,pcc,replace,0.05,false_positive_share,5,0.9556924392931119,0.03742425087953899,0.9092240943162427,1.002160784269981
P4,datum_transformer,target_real_anchor,pcc,replace,0.05,prevalence_decision_error,5,1.0,0.0,1.0,1.0
P4,datum_transformer,target_real_anchor,pcc,replace,0.05,decision_regret,5,0.001014204803012776,0.0007969650265061421,2.464202177259074e-05,0.002003767584252961
P4,datum_transformer,target_real_anchor,pcc,replace,0.1,prevalence_absolute_error,5,0.8376435561925615,0.06010429263042369,0.7630142198958606,0.9122728924892624
P4,datum_transformer,target_real_anchor,pcc,replace,0.1,prevalence_error,5,0.8376435561925615,0.06010429263042369,0.7630142198958606,0.9122728924892624
P4,datum_transformer,target_real_anchor,pcc,replace,0.1,false_positive_share,5,0.9130559142512498,0.06958075835317099,0.8266599916364015,0.9994518368660981
P4,datum_transformer,target_real_anchor,pcc,replace,0.1,prevalence_decision_error,5,0.0,0.0,0.0,0.0
P4,datum_transformer,target_real_anchor,pcc,replace,0.1,decision_regret,5,0.000769995780550508,0.00040048796990510885,0.00027272428660562174,0.0012672672744953942
P4,flat_transformer,oracle_target,acc,replace,0.05,prevalence_absolute_error,4,0.08180416423801842,0.10091943575581043,-0.07878117848817928,0.24238950696421613
P4,flat_transformer,oracle_target,acc,replace,0.05,prevalence_error,4,0.03268270045502179,0.08371313637252738,-0.10052358032120866,0.16588898123125223
P4,flat_transformer,oracle_target,acc,replace,0.05,false_positive_share,4,0.8311674095953606,0.16071481602198515,0.5754342733686019,1.0869005458221195
P4,flat_transformer,oracle_target,acc,replace,0.05,prevalence_decision_error,4,0.095,0.10661457061146316,-0.07464757316592996,0.26464757316592996
P4,flat_transformer,oracle_target,acc,replace,0.05,decision_regret,4,0.000452042959475475,0.0001825581289451904,0.00016155223799491102,0.0007425336809560389
P4,flat_transformer,oracle_target,acc,replace,0.1,prevalence_absolute_error,4,0.09195474177762447,0.10068978250003298,-0.06826517137090057,0.25217465492614954
P4,flat_transformer,oracle_target,acc,replace,0.1,prevalence_error,4,0.0017081365668312337,0.061103967413190394,-0.09552191109931069,0.09893818423297315
P4,flat_transformer,oracle_target,acc,replace,0.1,false_positive_share,4,0.7268849993432287,0.23992605499157296,0.3451091057186152,1.1086608929678423
P4,flat_transformer,oracle_target,acc,replace,0.1,prevalence_decision_error,4,0.7374999999999999,0.11146748404803976,0.5601303586160226,0.9148696413839773
P4,flat_transformer,oracle_target,acc,replace,0.1,decision_regret,4,0.001230202228418085,0.0003822699394484416,0.0006219254502087251,0.0018384790066274448
P4,flat_transformer,oracle_target,cc,replace,0.05,prevalence_absolute_error,5,0.01807999999999995,0.018611223764169862,-0.00502888651048411,0.04118888651048401
P4,flat_transformer,oracle_target,cc,replace,0.05,prevalence_error,5,-0.002864000000000052,0.0271191229577949,-0.03653683863955516,0.030808838639555056
P4,flat_transformer,oracle_target,cc,replace,0.05,false_positive_share,5,0.6649339276762884,0.3969128262243837,0.17210156092816442,1.1577662944244125
P4,flat_transformer,oracle_target,cc,replace,0.05,prevalence_decision_error,5,0.0,0.0,0.0,0.0
P4,flat_transformer,oracle_target,cc,replace,0.05,decision_regret,5,0.00024210037065074797,0.00025839959475674996,-7.874510330915053e-05,0.0005629458446106464
P4,flat_transformer,oracle_target,cc,replace,0.1,prevalence_absolute_error,5,0.046543999999999995,0.03338607688842761,0.0050897102863766835,0.0879982897136233
P4,flat_transformer,oracle_target,cc,replace,0.1,prevalence_error,5,-0.046464,0.03349126647351515,-0.0880488998344125,-0.004879100165587499
P4,flat_transformer,oracle_target,cc,replace,0.1,false_positive_share,5,0.581507999474583,0.3858053192374433,0.1024674242619395,1.0605485746872265
P4,flat_transformer,oracle_target,cc,replace,0.1,prevalence_decision_error,5,0.9879999999999999,0.026832815729997503,0.9546826587376264,1.0213173412623735
P4,flat_transformer,oracle_target,cc,replace,0.1,decision_regret,5,0.000686440721088192,0.0005739372295634644,-2.61964740895708e-05,0.001399077916265955
P4,flat_transformer,oracle_target,dys,replace,0.05,prevalence_absolute_error,5,0.24233697916822922,0.3992111176949865,-0.25334909335632116,0.7380230516927796
P4,flat_transformer,oracle_target,dys,replace,0.05,prevalence_error,5,0.22133715050419087,0.4109744903780612,-0.28895507837838696,0.7316293793867688
P4,flat_transformer,oracle_target,dys,replace,0.05,false_positive_share,5,0.6649339276762884,0.3969128262243837,0.17210156092816442,1.1577662944244125
P4,flat_transformer,oracle_target,dys,replace,0.05,prevalence_decision_error,5,0.41200000000000003,0.3917524728703062,-0.07442494177035597,0.898424941770356
P4,flat_transformer,oracle_target,dys,replace,0.05,decision_regret,5,0.0005659922194783081,0.00032600867377633835,0.00016119898614807323,0.000970785452808543
P4,flat_transformer,oracle_target,dys,replace,0.1,prevalence_absolute_error,5,0.2357214293979038,0.3758479936390746,-0.23095549310085245,0.7023983518966601
P4,flat_transformer,oracle_target,dys,replace,0.1,prevalence_error,5,0.21029949602766002,0.38968379888393123,-0.27355684772979355,0.6941558397851135
P4,flat_transformer,oracle_target,dys,replace,0.1,false_positive_share,5,0.581507999474583,0.3858053192374433,0.1024674242619395,1.0605485746872265
P4,flat_transformer,oracle_target,dys,replace,0.1,prevalence_decision_error,5,0.318,0.26827224977623015,-0.01510399426427278,0.6511039942642728
P4,flat_transformer,oracle_target,dys,replace,0.1,decision_regret,5,0.001111286925489776,0.0008275300878471653,8.37726079795523e-05,0.0021388012429999995
P4,flat_transformer,oracle_target,emq,replace,0.05,prevalence_absolute_error,5,0.1359500706870444,0.17894156908402784,-0.08623523342668465,0.35813537480077345
P4,flat_transformer,oracle_target,emq,replace,0.05,prevalence_error,5,0.09736712284041152,0.20507875661444208,-0.15727178604413325,0.35200603172495626
P4,flat_transformer,oracle_target,emq,replace,0.05,false_positive_share,5,0.6649339276762884,0.3969128262243837,0.17210156092816442,1.1577662944244125
P4,flat_transformer,oracle_target,emq,replace,0.05,prevalence_decision_error,5,0.32999999999999996,0.4309292285283049,-0.20506930883731866,0.8650693088373186
P4,flat_transformer,oracle_target,emq,replace,0.05,decision_regret,5,0.000298023387508044,0.0002822500301705996,-5.243631344671574e-05,0.0006484830884628038
P4,flat_transformer,oracle_target,emq,replace,0.1,prevalence_absolute_error,5,0.14078546867005143,0.1493849807239402,-0.044700483767228405,0.32627142110733126
P4,flat_transformer,oracle_target,emq,replace,0.1,prevalence_error,5,0.0728271493413664,0.19518871027000212,-0.16953164505672058,0.31518594373945336
P4,flat_transformer,oracle_target,emq,replace,0.1,false_positive_share,5,0.581507999474583,0.3858053192374433,0.1024674242619395,1.0605485746872265
P4,flat_transformer,oracle_target,emq,replace,0.1,prevalence_decision_error,5,0.514,0.37118728426496506,0.0531101125371663,0.9748898874628338
P4,flat_transformer,oracle_target,emq,replace,0.1,decision_regret,5,0.0009888623704969758,0.000710842063124339,0.00010623537230659646,0.0018714893686873552
P4,flat_transformer,oracle_target,hdy,replace,0.05,prevalence_absolute_error,5,0.24309718759846474,0.3992716164477025,-0.25266400404926936,0.7388583792461988
P4,flat_transformer,oracle_target,hdy,replace,0.05,prevalence_error,5,0.22240523397494197,0.4110635541928815,-0.2879975822400409,0.7328080501899248
P4,flat_transformer,oracle_target,hdy,replace,0.05,false_positive_share,5,0.6649339276762884,0.3969128262243837,0.17210156092816442,1.1577662944244125
P4,flat_transformer,oracle_target,hdy,replace,0.05,prevalence_decision_error,5,0.40599999999999997,0.40066195227398377,-0.09148752158864043,0.9034875215886404
P4,flat_transformer,oracle_target,hdy,replace,0.05,decision_regret,5,0.0005659922194783081,0.00032600867377633835,0.00016119898614807323,0.000970785452808543
P4,flat_transformer,oracle_target,hdy,replace,0.1,prevalence_absolute_error,5,0.23772388467656844,0.37556307766396146,-0.22859926791337673,0.7040470372665136
P4,flat_transformer,oracle_target,hdy,replace,0.1,prevalence_error,5,0.21324885424567186,0.38949134653104495,-0.27036852835383324,0.696866236845177
P4,flat_transformer,oracle_target,hdy,replace,0.1,false_positive_share,5,0.581507999474583,0.3858053192374433,0.1024674242619395,1.0605485746872265
P4,flat_transformer,oracle_target,hdy,replace,0.1,prevalence_decision_error,5,0.31399999999999995,0.27817260828485607,-0.03139691299374392,0.6593969129937438
P4,flat_transformer,oracle_target,hdy,replace,0.1,decision_regret,5,0.0010461034460662198,0.0007219190938366507,0.00014972249763336575,0.001942484394499074
P4,flat_transformer,oracle_target,kdey,replace,0.05,prevalence_absolute_error,4,0.5205806197937389,0.3764201632580007,-0.07838785910361823,1.119549098691096
P4,flat_transformer,oracle_target,kdey,replace,0.05,prevalence_error,4,0.5205806197937389,0.3764201632580007,-0.07838785910361823,1.119549098691096
P4,flat_transformer,oracle_target,kdey,replace,0.05,false_positive_share,4,0.8311674095953606,0.16071481602198515,0.5754342733686019,1.0869005458221195
P4,flat_transformer,oracle_target,kdey,replace,0.05,prevalence_decision_error,4,1.0,0.0,1.0,1.0
P4,flat_transformer,oracle_target,kdey,replace,0.05,decision_regret,4,0.0018736458596518152,0.001907202146167674,-0.001161138352098421,0.004908430071402051
P4,flat_transformer,oracle_target,kdey,replace,0.1,prevalence_absolute_error,4,0.5016674060145286,0.35794250608290024,-0.06789899697922985,1.0712338090082871
P4,flat_transformer,oracle_target,kdey,replace,0.1,prevalence_error,4,0.5016674060145286,0.35794250608290024,-0.06789899697922985,1.0712338090082871
P4,flat_transformer,oracle_target,kdey,replace,0.1,false_positive_share,4,0.7268849993432287,0.23992605499157296,0.3451091057186152,1.1086608929678423
P4,flat_transformer,oracle_target,kdey,replace,0.1,prevalence_decision_error,4,0.0,0.0,0.0,0.0
P4,flat_transformer,oracle_target,kdey,replace,0.1,decision_regret,4,0.0013354699061373047,0.0008350785824601974,6.673531451298993e-06,0.00266426628082331
P4,flat_transformer,oracle_target,median_sweep,replace,0.05,prevalence_absolute_error,2,0.0261086079845968,0.0032795019931332364,-0.0033565483864963046,0.055573764355689906
P4,flat_transformer,oracle_target,median_sweep,replace,0.05,prevalence_error,2,2.4185154680772883e-05,0.02591039145931273,-0.23277144588425058,0.23281981619361214
P4,flat_transformer,oracle_target,median_sweep,replace,0.05,false_positive_share,2,0.6973552894211577,0.0744508636878052,0.02844081852972513,1.3662697603125902
P4,flat_transformer,oracle_target,median_sweep,replace,0.05,prevalence_decision_error,2,0.08,0.09899494936611665,-0.8094343315322285,0.9694343315322285
P4,flat_transformer,oracle_target,median_sweep,replace,0.05,decision_regret,2,0.00070696669934629,0.00015098004695605525,-0.0006495352030126427,0.0020634686017052227
P4,flat_transformer,oracle_target,median_sweep,replace,0.1,prevalence_absolute_error,2,0.025319792282736425,0.006762582286282319,-0.035439598915961795,0.08607918348143465
P4,flat_transformer,oracle_target,median_sweep,replace,0.1,prevalence_error,2,0.0015122015772223068,0.019610185744617648,-0.17467832693631374,0.17770273009075838
P4,flat_transformer,oracle_target,median_sweep,replace,0.1,false_positive_share,2,0.5245960856429791,0.08819097448267796,-0.26776838283185855,1.3169605541178169
P4,flat_transformer,oracle_target,median_sweep,replace,0.1,prevalence_decision_error,2,0.51,0.3111269837220809,-2.285365041958433,3.3053650419584324
P4,flat_transformer,oracle_target,median_sweep,replace,0.1,decision_regret,2,0.0011519207363405101,0.0004558593569891257,-0.0029438130869762543,0.0052476545596572746
P4,flat_transformer,oracle_target,pacc,replace,0.05,prevalence_absolute_error,4,0.05500810006418165,0.039008935519417115,-0.007063821294228043,0.11708002142259134
P4,flat_transformer,oracle_target,pacc,replace,0.05,prevalence_error,4,0.010197042014451409,0.04050502038523749,-0.05425548422076875,0.07464956824967156
P4,flat_transformer,oracle_target,pacc,replace,0.05,false_positive_share,4,0.8311674095953606,0.16071481602198515,0.5754342733686019,1.0869005458221195
P4,flat_transformer,oracle_target,pacc,replace,0.05,prevalence_decision_error,4,0.17500000000000002,0.1666333299993332,-0.09015081269674938,0.4401508126967494
P4,flat_transformer,oracle_target,pacc,replace,0.05,decision_regret,4,0.000409104933431345,0.0003662565519745662,-0.0001736909718773592,0.0009919008387400492
P4,flat_transformer,oracle_target,pacc,replace,0.1,prevalence_absolute_error,4,0.0653015740687224,0.047211978483682734,-0.009823219176542608,0.14042636731398742
P4,flat_transformer,oracle_target,pacc,replace,0.1,prevalence_error,4,0.002612144639024737,0.04046158796349793,-0.061771270921148126,0.0669955601991976
P4,flat_transformer,oracle_target,pacc,replace,0.1,false_positive_share,4,0.7268849993432287,0.23992605499157296,0.3451091057186152,1.1086608929678423
P4,flat_transformer,oracle_target,pacc,replace,0.1,prevalence_decision_error,4,0.5725,0.2636127209879422,0.1530333350330692,0.9919666649669308
P4,flat_transformer,oracle_target,pacc,replace,0.1,decision_regret,4,0.001267156438124935,0.0005287647573288781,0.00042577371396217264,0.002108539162287697
P4,flat_transformer,oracle_target,pcc,replace,0.05,prevalence_absolute_error,5,0.41411478815782987,0.04569083304721381,0.3573821257151657,0.47084745060049404
P4,flat_transformer,oracle_target,pcc,replace,0.05,prevalence_error,5,0.41411478815782987,0.04569083304721381,0.3573821257151657,0.47084745060049404
P4,flat_transformer,oracle_target,pcc,replace,0.05,false_positive_share,5,0.6649339276762884,0.3969128262243837,0.17210156092816442,1.1577662944244125
P4,flat_transformer,oracle_target,pcc,replace,0.05,prevalence_decision_error,5,1.0,0.0,1.0,1.0
P4,flat_transformer,oracle_target,pcc,replace,0.05,decision_regret,5,0.0014989166877214521,0.0018520731036430539,-0.0008007358071136362,0.0037985691825565405
P4,flat_transformer,oracle_target,pcc,replace,0.1,prevalence_absolute_error,5,0.3680722554817709,0.04068042787098504,0.3175608327628438,0.41858367820069803
P4,flat_transformer,oracle_target,pcc,replace,0.1,prevalence_error,5,0.3680722554817709,0.04068042787098504,0.3175608327628438,0.41858367820069803
P4,flat_transformer,oracle_target,pcc,replace,0.1,false_positive_share,5,0.581507999474583,0.3858053192374433,0.1024674242619395,1.0605485746872265
P4,flat_transformer,oracle_target,pcc,replace,0.1,prevalence_decision_error,5,0.0,0.0,0.0,0.0
P4,flat_transformer,oracle_target,pcc,replace,0.1,decision_regret,5,0.0010683759249098437,0.0009379302496467825,-9.62182989028349e-05,0.002232970148722522
P4,flat_transformer,source_only,acc,replace,0.05,prevalence_absolute_error,5,0.8617741613642718,0.12191823883203945,0.7103926734821202,1.0131556492464233
P4,flat_transformer,source_only,acc,replace,0.05,prevalence_error,5,0.8617741613642718,0.12191823883203945,0.7103926734821202,1.0131556492464233
P4,flat_transformer,source_only,acc,replace,0.05,false_positive_share,5,0.9402441491502387,0.014258556455080585,0.9225398129336092,0.9579484853668682
P4,flat_transformer,source_only,acc,replace,0.05,prevalence_decision_error,5,1.0,0.0,1.0,1.0
P4,flat_transformer,source_only,acc,replace,0.05,decision_regret,4,0.08700034861706175,0.08530391104293243,-0.048737209645353455,0.22273790687947698
P4,flat_transformer,source_only,acc,replace,0.1,prevalence_absolute_error,5,0.8194107950796756,0.11082531999768289,0.6818029851491412,0.9570186050102101
P4,flat_transformer,source_only,acc,replace,0.1,prevalence_error,5,0.8194107950796756,0.11082531999768289,0.6818029851491412,0.9570186050102101
P4,flat_transformer,source_only,acc,replace,0.1,false_positive_share,5,0.88201316091812,0.02608669836333362,0.8496222467283676,0.9144040751078724
P4,flat_transformer,source_only,acc,replace,0.1,prevalence_decision_error,5,0.0,0.0,0.0,0.0
P4,flat_transformer,source_only,acc,replace,0.1,decision_regret,4,0.05051415414769658,0.04794856823782435,-0.025782717768357333,0.1268110260637505
P4,flat_transformer,source_only,cc,replace,0.05,prevalence_absolute_error,5,0.776762,0.21222739212929143,0.513246887760386,1.040277112239614
P4,flat_transformer,source_only,cc,replace,0.05,prevalence_error,5,0.776762,0.21222739212929143,0.513246887760386,1.040277112239614
P4,flat_transformer,source_only,cc,replace,0.05,false_positive_share,5,0.9402441491502387,0.014258556455080585,0.9225398129336092,0.9579484853668682
P4,flat_transformer,source_only,cc,replace,0.05,prevalence_decision_error,5,1.0,0.0,1.0,1.0
P4,flat_transformer,source_only,cc,replace,0.05,decision_regret,4,0.08700034861706175,0.08530391104293243,-0.048737209645353455,0.22273790687947698
P4,flat_transformer,source_only,cc,replace,0.1,prevalence_absolute_error,5,0.732492,0.20505732874003793,0.47787969733566094,0.9871043026643391
P4,flat_transformer,source_only,cc,replace,0.1,prevalence_error,5,0.732492,0.20505732874003793,0.47787969733566094,0.9871043026643391
P4,flat_transformer,source_only,cc,replace,0.1,false_positive_share,5,0.88201316091812,0.02608669836333362,0.8496222467283676,0.9144040751078724
P4,flat_transformer,source_only,cc,replace,0.1,prevalence_decision_error,5,0.0,0.0,0.0,0.0
P4,flat_transformer,source_only,cc,replace,0.1,decision_regret,4,0.05051415414769658,0.04794856823782435,-0.025782717768357333,0.1268110260637505
P4,flat_transformer,source_only,dys,replace,0.05,prevalence_absolute_error,5,0.8402654322144748,0.15079893777031622,0.6530238202177033,1.0275070442112462
P4,flat_transformer,source_only,dys,replace,0.05,prevalence_error,5,0.8402654322144748,0.15079893777031622,0.6530238202177033,1.0275070442112462
P4,flat_transformer,source_only,dys,replace,0.05,false_positive_share,5,0.9402441491502387,0.014258556455080585,0.9225398129336092,0.9579484853668682
P4,flat_transformer,source_only,dys,replace,0.05,prevalence_decision_error,5,1.0,0.0,1.0,1.0
P4,flat_transformer,source_only,dys,replace,0.05,decision_regret,4,0.08700034861706175,0.08530391104293243,-0.048737209645353455,0.22273790687947698
P4,flat_transformer,source_only,dys,replace,0.1,prevalence_absolute_error,5,0.8000409904086376,0.13695313093444653,0.6299912182860492,0.9700907625312261
P4,flat_transformer,source_only,dys,replace,0.1,prevalence_error,5,0.8000409904086376,0.13695313093444653,0.6299912182860492,0.9700907625312261
P4,flat_transformer,source_only,dys,replace,0.1,false_positive_share,5,0.88201316091812,0.02608669836333362,0.8496222467283676,0.9144040751078724
P4,flat_transformer,source_only,dys,replace,0.1,prevalence_decision_error,5,0.0,0.0,0.0,0.0
P4,flat_transformer,source_only,dys,replace,0.1,decision_regret,4,0.05051415414769658,0.04794856823782435,-0.025782717768357333,0.1268110260637505
P4,flat_transformer,source_only,emq,replace,0.05,prevalence_absolute_error,5,0.8333387730017405,0.16005061142471969,0.6346096909051661,1.032067855098315
P4,flat_transformer,source_only,emq,replace,0.05,prevalence_error,5,0.8333387730017405,0.16005061142471969,0.6346096909051661,1.032067855098315
P4,flat_transformer,source_only,emq,replace,0.05,false_positive_share,5,0.9402441491502387,0.014258556455080585,0.9225398129336092,0.9579484853668682
P4,flat_transformer,source_only,emq,replace,0.05,prevalence_decision_error,5,1.0,0.0,1.0,1.0
P4,flat_transformer,source_only,emq,replace,0.05,decision_regret,4,0.08700034861706175,0.08530391104293243,-0.048737209645353455,0.22273790687947698
P4,flat_transformer,source_only,emq,replace,0.1,prevalence_absolute_error,5,0.7896156295871475,0.15123700578112348,0.6018300843125919,0.9774011748617031
P4,flat_transformer,source_only,emq,replace,0.1,prevalence_error,5,0.7896156295871475,0.15123700578112348,0.6018300843125919,0.9774011748617031
P4,flat_transformer,source_only,emq,replace,0.1,false_positive_share,5,0.88201316091812,0.02608669836333362,0.8496222467283676,0.9144040751078724
P4,flat_transformer,source_only,emq,replace,0.1,prevalence_decision_error,5,0.0,0.0,0.0,0.0
P4,flat_transformer,source_only,emq,replace,0.1,decision_regret,4,0.05051415414769658,0.04794856823782435,-0.025782717768357333,0.1268110260637505
P4,flat_transformer,source_only,hdy,replace,0.05,prevalence_absolute_error,5,0.8420833895628764,0.14820984386536754,0.6580565622558485,1.0261102168699043
P4,flat_transformer,source_only,hdy,replace,0.05,prevalence_error,5,0.8420833895628764,0.14820984386536754,0.6580565622558485,1.0261102168699043
P4,flat_transformer,source_only,hdy,replace,0.05,false_positive_share,5,0.9402441491502387,0.014258556455080585,0.9225398129336092,0.9579484853668682
P4,flat_transformer,source_only,hdy,replace,0.05,prevalence_decision_error,5,1.0,0.0,1.0,1.0
P4,flat_transformer,source_only,hdy,replace,0.05,decision_regret,4,0.08700034861706175,0.08530391104293243,-0.048737209645353455,0.22273790687947698
P4,flat_transformer,source_only,hdy,replace,0.1,prevalence_absolute_error,5,0.7984015742340406,0.139266777532996,0.6254790304254666,0.9713241180426145
P4,flat_transformer,source_only,hdy,replace,0.1,prevalence_error,5,0.7984015742340406,0.139266777532996,0.6254790304254666,0.9713241180426145
P4,flat_transformer,source_only,hdy,replace,0.1,false_positive_share,5,0.88201316091812,0.02608669836333362,0.8496222467283676,0.9144040751078724
P4,flat_transformer,source_only,hdy,replace,0.1,prevalence_decision_error,5,0.0,0.0,0.0,0.0
P4,flat_transformer,source_only,hdy,replace,0.1,decision_regret,4,0.05051415414769658,0.04794856823782435,-0.025782717768357333,0.1268110260637505
P4,flat_transformer,source_only,kdey,replace,0.05,prevalence_absolute_error,5,0.8321486877030319,0.16174885210252965,0.6313109612965355,1.0329864141095282
P4,flat_transformer,source_only,kdey,replace,0.05,prevalence_error,5,0.8321486877030319,0.16174885210252965,0.6313109612965355,1.0329864141095282
P4,flat_transformer,source_only,kdey,replace,0.05,false_positive_share,5,0.9402441491502387,0.014258556455080585,0.9225398129336092,0.9579484853668682
P4,flat_transformer,source_only,kdey,replace,0.05,prevalence_decision_error,5,1.0,0.0,1.0,1.0
P4,flat_transformer,source_only,kdey,replace,0.05,decision_regret,4,0.08700034861706175,0.08530391104293243,-0.048737209645353455,0.22273790687947698
P4,flat_transformer,source_only,kdey,replace,0.1,prevalence_absolute_error,5,0.7885206425784229,0.1527670076526173,0.5988353490628491,0.9782059360939968
P4,flat_transformer,source_only,kdey,replace,0.1,prevalence_error,5,0.7885206425784229,0.1527670076526173,0.5988353490628491,0.9782059360939968
P4,flat_transformer,source_only,kdey,replace,0.1,false_positive_share,5,0.88201316091812,0.02608669836333362,0.8496222467283676,0.9144040751078724
P4,flat_transformer,source_only,kdey,replace,0.1,prevalence_decision_error,5,0.0,0.0,0.0,0.0
P4,flat_transformer,source_only,kdey,replace,0.1,decision_regret,4,0.05051415414769658,0.04794856823782435,-0.025782717768357333,0.1268110260637505
P4,flat_transformer,source_only,median_sweep,replace,0.05,prevalence_absolute_error,5,0.8586228906241526,0.12619601011783063,0.7019298481438844,1.0153159331044208
P4,flat_transformer,source_only,median_sweep,replace,0.05,prevalence_error,5,0.8586228906241526,0.12619601011783063,0.7019298481438844,1.0153159331044208
P4,flat_transformer,source_only,median_sweep,replace,0.05,false_positive_share,5,0.9402441491502387,0.014258556455080585,0.9225398129336092,0.9579484853668682
P4,flat_transformer,source_only,median_sweep,replace,0.05,prevalence_decision_error,5,1.0,0.0,1.0,1.0
P4,flat_transformer,source_only,median_sweep,replace,0.05,decision_regret,4,0.08700034861706175,0.08530391104293243,-0.048737209645353455,0.22273790687947698
P4,flat_transformer,source_only,median_sweep,replace,0.1,prevalence_absolute_error,5,0.816138073793358,0.11533185172635406,0.6729346656585695,0.9593414819281465
P4,flat_transformer,source_only,median_sweep,replace,0.1,prevalence_error,5,0.816138073793358,0.11533185172635406,0.6729346656585695,0.9593414819281465
P4,flat_transformer,source_only,median_sweep,replace,0.1,false_positive_share,5,0.88201316091812,0.02608669836333362,0.8496222467283676,0.9144040751078724
P4,flat_transformer,source_only,median_sweep,replace,0.1,prevalence_decision_error,5,0.0,0.0,0.0,0.0
P4,flat_transformer,source_only,median_sweep,replace,0.1,decision_regret,4,0.05051415414769658,0.04794856823782435,-0.025782717768357333,0.1268110260637505
P4,flat_transformer,source_only,pacc,replace,0.05,prevalence_absolute_error,5,0.8454508383085605,0.14378508585670127,0.6669180737216573,1.0239836028954636
P4,flat_transformer,source_only,pacc,replace,0.05,prevalence_error,5,0.8454508383085605,0.14378508585670127,0.6669180737216573,1.0239836028954636
P4,flat_transformer,source_only,pacc,replace,0.05,false_positive_share,5,0.9402441491502387,0.014258556455080585,0.9225398129336092,0.9579484853668682
P4,flat_transformer,source_only,pacc,replace,0.05,prevalence_decision_error,5,1.0,0.0,1.0,1.0
P4,flat_transformer,source_only,pacc,replace,0.05,decision_regret,4,0.08700034861706175,0.08530391104293243,-0.048737209645353455,0.22273790687947698
P4,flat_transformer,source_only,pacc,replace,0.1,prevalence_absolute_error,5,0.8028981519748897,0.13318649792056175,0.6375252724600876,0.9682710314896917
P4,flat_transformer,source_only,pacc,replace,0.1,prevalence_error,5,0.8028981519748897,0.13318649792056175,0.6375252724600876,0.9682710314896917
P4,flat_transformer,source_only,pacc,replace,0.1,false_positive_share,5,0.88201316091812,0.02608669836333362,0.8496222467283676,0.9144040751078724
P4,flat_transformer,source_only,pacc,replace,0.1,prevalence_decision_error,5,0.0,0.0,0.0,0.0
P4,flat_transformer,source_only,pacc,replace,0.1,decision_regret,4,0.05051415414769658,0.04794856823782435,-0.025782717768357333,0.1268110260637505
P4,flat_transformer,source_only,pcc,replace,0.05,prevalence_absolute_error,5,0.7598511882370385,0.1601213871493629,0.5610342264712277,0.9586681500028492
P4,flat_transformer,source_only,pcc,replace,0.05,prevalence_error,5,0.7598511882370385,0.1601213871493629,0.5610342264712277,0.9586681500028492
P4,flat_transformer,source_only,pcc,replace,0.05,false_positive_share,5,0.9402441491502387,0.014258556455080585,0.9225398129336092,0.9579484853668682
P4,flat_transformer,source_only,pcc,replace,0.05,prevalence_decision_error,5,1.0,0.0,1.0,1.0
P4,flat_transformer,source_only,pcc,replace,0.05,decision_regret,4,0.08700034861706175,0.08530391104293243,-0.048737209645353455,0.22273790687947698
P4,flat_transformer,source_only,pcc,replace,0.1,prevalence_absolute_error,5,0.7145149374510839,0.1546082608177798,0.522543426168749,0.9064864487334187
P4,flat_transformer,source_only,pcc,replace,0.1,prevalence_error,5,0.7145149374510839,0.1546082608177798,0.522543426168749,0.9064864487334187
P4,flat_transformer,source_only,pcc,replace,0.1,false_positive_share,5,0.88201316091812,0.02608669836333362,0.8496222467283676,0.9144040751078724
P4,flat_transformer,source_only,pcc,replace,0.1,prevalence_decision_error,5,0.0,0.0,0.0,0.0
P4,flat_transformer,source_only,pcc,replace,0.1,decision_regret,4,0.05051415414769658,0.04794856823782435,-0.025782717768357333,0.1268110260637505
P4,flat_transformer,target_real_anchor,acc,replace,0.05,prevalence_absolute_error,5,0.13480406135518844,0.10566602501823587,0.003602362256746733,0.2660057604536301
P4,flat_transformer,target_real_anchor,acc,replace,0.05,prevalence_error,5,0.13480406135518844,0.10566602501823587,0.003602362256746733,0.2660057604536301
P4,flat_transformer,target_real_anchor,acc,replace,0.05,false_positive_share,5,0.8262716730910403,0.13772922428658196,0.65525825379386,0.9972850923882206
P4,flat_transformer,target_real_anchor,acc,replace,0.05,prevalence_decision_error,5,0.826,0.37253187783060926,0.3634405791144895,1.2885594208855105
P4,flat_transformer,target_real_anchor,acc,replace,0.05,decision_regret,5,0.0008381037560689126,0.0006157239851856539,7.35814508333384e-05,0.0016026260613044869
P4,flat_transformer,target_real_anchor,acc,replace,0.1,prevalence_absolute_error,5,0.118203741064696,0.12123928500958757,-0.03233471429967416,0.26874219642906616
P4,flat_transformer,target_real_anchor,acc,replace,0.1,prevalence_error,5,0.11252765973382725,0.12778632757111413,-0.04614002267389822,0.2711953421415527
P4,flat_transformer,target_real_anchor,acc,replace,0.1,false_positive_share,5,0.7139821233468997,0.20916637757824155,0.45426776267330216,0.9736964840204972
P4,flat_transformer,target_real_anchor,acc,replace,0.1,prevalence_decision_error,5,0.176,0.39354796403996295,-0.31265433851481156,0.6646543385148116
P4,flat_transformer,target_real_anchor,acc,replace,0.1,decision_regret,5,0.000993889045177874,0.00041286663938428034,0.0004812474029950367,0.0015065306873607112
P4,flat_transformer,target_real_anchor,cc,replace,0.05,prevalence_absolute_error,5,0.01528999999999996,0.00740003716206884,0.006101640270489128,0.02447835972951079
P4,flat_transformer,target_real_anchor,cc,replace,0.05,prevalence_error,5,0.00836599999999996,0.015913774850738565,-0.011393561307682595,0.028125561307682515
P4,flat_transformer,target_real_anchor,cc,replace,0.05,false_positive_share,5,0.8262716730910403,0.13772922428658196,0.65525825379386,0.9972850923882206
P4,flat_transformer,target_real_anchor,cc,replace,0.05,prevalence_decision_error,5,0.0,0.0,0.0,0.0
P4,flat_transformer,target_real_anchor,cc,replace,0.05,decision_regret,5,0.00033779967014017996,0.0002272738393732391,5.5601926056883804e-05,0.0006199974142234761
P4,flat_transformer,target_real_anchor,cc,replace,0.1,prevalence_absolute_error,5,0.03413999999999999,0.02120057664310102,0.007816007241101843,0.06046399275889813
P4,flat_transformer,target_real_anchor,cc,replace,0.1,prevalence_error,5,-0.03327600000000001,0.022662059262123543,-0.06141466311093897,-0.005137336889061046
P4,flat_transformer,target_real_anchor,cc,replace,0.1,false_positive_share,5,0.7139821233468997,0.20916637757824155,0.45426776267330216,0.9736964840204972
P4,flat_transformer,target_real_anchor,cc,replace,0.1,prevalence_decision_error,5,0.9199999999999999,0.17888543819998318,0.6978843915841765,1.1421156084158235
P4,flat_transformer,target_real_anchor,cc,replace,0.1,decision_regret,5,0.0003730657159704016,0.000363573961221593,-7.83709823627818e-05,0.0008245024143035851
P4,flat_transformer,target_real_anchor,dys,replace,0.05,prevalence_absolute_error,5,0.8402654322144748,0.15079893777031622,0.6530238202177033,1.0275070442112462
P4,flat_transformer,target_real_anchor,dys,replace,0.05,prevalence_error,5,0.8402654322144748,0.15079893777031622,0.6530238202177033,1.0275070442112462
P4,flat_transformer,target_real_anchor,dys,replace,0.05,false_positive_share,5,0.8262716730910403,0.13772922428658196,0.65525825379386,0.9972850923882206
P4,flat_transformer,target_real_anchor,dys,replace,0.05,prevalence_decision_error,5,1.0,0.0,1.0,1.0
P4,flat_transformer,target_real_anchor,dys,replace,0.05,decision_regret,5,0.001661838362476413,0.0016093477337246885,-0.00033643077908035034,0.0036601075040331764
P4,flat_transformer,target_real_anchor,dys,replace,0.1,prevalence_absolute_error,5,0.8000409904086376,0.13695313093444653,0.6299912182860492,0.9700907625312261
P4,flat_transformer,target_real_anchor,dys,replace,0.1,prevalence_error,5,0.8000409904086376,0.13695313093444653,0.6299912182860492,0.9700907625312261
P4,flat_transformer,target_real_anchor,dys,replace,0.1,false_positive_share,5,0.7139821233468997,0.20916637757824155,0.45426776267330216,0.9736964840204972
P4,flat_transformer,target_real_anchor,dys,replace,0.1,prevalence_decision_error,5,0.0,0.0,0.0,0.0
P4,flat_transformer,target_real_anchor,dys,replace,0.1,decision_regret,5,0.0013003690134837339,0.0005348018040895443,0.0006363248671713242,0.0019644131597961437
P4,flat_transformer,target_real_anchor,emq,replace,0.05,prevalence_absolute_error,5,0.8333387730017405,0.16005061142471969,0.6346096909051661,1.032067855098315
P4,flat_transformer,target_real_anchor,emq,replace,0.05,prevalence_error,5,0.8333387730017405,0.16005061142471969,0.6346096909051661,1.032067855098315
P4,flat_transformer,target_real_anchor,emq,replace,0.05,false_positive_share,5,0.8262716730910403,0.13772922428658196,0.65525825379386,0.9972850923882206
P4,flat_transformer,target_real_anchor,emq,replace,0.05,prevalence_decision_error,5,1.0,0.0,1.0,1.0
P4,flat_transformer,target_real_anchor,emq,replace,0.05,decision_regret,5,0.001661838362476413,0.0016093477337246885,-0.00033643077908035034,0.0036601075040331764
P4,flat_transformer,target_real_anchor,emq,replace,0.1,prevalence_absolute_error,5,0.7896156295871475,0.15123700578112348,0.6018300843125919,0.9774011748617031
P4,flat_transformer,target_real_anchor,emq,replace,0.1,prevalence_error,5,0.7896156295871475,0.15123700578112348,0.6018300843125919,0.9774011748617031
P4,flat_transformer,target_real_anchor,emq,replace,0.1,false_positive_share,5,0.7139821233468997,0.20916637757824155,0.45426776267330216,0.9736964840204972
P4,flat_transformer,target_real_anchor,emq,replace,0.1,prevalence_decision_error,5,0.0,0.0,0.0,0.0
P4,flat_transformer,target_real_anchor,emq,replace,0.1,decision_regret,5,0.0013003690134837339,0.0005348018040895443,0.0006363248671713242,0.0019644131597961437
P4,flat_transformer,target_real_anchor,hdy,replace,0.05,prevalence_absolute_error,5,0.8420833895628764,0.14820984386536754,0.6580565622558485,1.0261102168699043
P4,flat_transformer,target_real_anchor,hdy,replace,0.05,prevalence_error,5,0.8420833895628764,0.14820984386536754,0.6580565622558485,1.0261102168699043
P4,flat_transformer,target_real_anchor,hdy,replace,0.05,false_positive_share,5,0.8262716730910403,0.13772922428658196,0.65525825379386,0.9972850923882206
P4,flat_transformer,target_real_anchor,hdy,replace,0.05,prevalence_decision_error,5,1.0,0.0,1.0,1.0
P4,flat_transformer,target_real_anchor,hdy,replace,0.05,decision_regret,5,0.001661838362476413,0.0016093477337246885,-0.00033643077908035034,0.0036601075040331764
P4,flat_transformer,target_real_anchor,hdy,replace,0.1,prevalence_absolute_error,5,0.7984015742340406,0.139266777532996,0.6254790304254666,0.9713241180426145
P4,flat_transformer,target_real_anchor,hdy,replace,0.1,prevalence_error,5,0.7984015742340406,0.139266777532996,0.6254790304254666,0.9713241180426145
P4,flat_transformer,target_real_anchor,hdy,replace,0.1,false_positive_share,5,0.7139821233468997,0.20916637757824155,0.45426776267330216,0.9736964840204972
P4,flat_transformer,target_real_anchor,hdy,replace,0.1,prevalence_decision_error,5,0.0,0.0,0.0,0.0
P4,flat_transformer,target_real_anchor,hdy,replace,0.1,decision_regret,5,0.0013003690134837339,0.0005348018040895443,0.0006363248671713242,0.0019644131597961437
P4,flat_transformer,target_real_anchor,kdey,replace,0.05,prevalence_absolute_error,5,0.8321486877030319,0.16174885210252965,0.6313109612965355,1.0329864141095282
P4,flat_transformer,target_real_anchor,kdey,replace,0.05,prevalence_error,5,0.8321486877030319,0.16174885210252965,0.6313109612965355,1.0329864141095282
P4,flat_transformer,target_real_anchor,kdey,replace,0.05,false_positive_share,5,0.8262716730910403,0.13772922428658196,0.65525825379386,0.9972850923882206
P4,flat_transformer,target_real_anchor,kdey,replace,0.05,prevalence_decision_error,5,1.0,0.0,1.0,1.0
P4,flat_transformer,target_real_anchor,kdey,replace,0.05,decision_regret,5,0.001661838362476413,0.0016093477337246885,-0.00033643077908035034,0.0036601075040331764
P4,flat_transformer,target_real_anchor,kdey,replace,0.1,prevalence_absolute_error,5,0.7885206425784229,0.1527670076526173,0.5988353490628491,0.9782059360939968
P4,flat_transformer,target_real_anchor,kdey,replace,0.1,prevalence_error,5,0.7885206425784229,0.1527670076526173,0.5988353490628491,0.9782059360939968
P4,flat_transformer,target_real_anchor,kdey,replace,0.1,false_positive_share,5,0.7139821233468997,0.20916637757824155,0.45426776267330216,0.9736964840204972
P4,flat_transformer,target_real_anchor,kdey,replace,0.1,prevalence_decision_error,5,0.0,0.0,0.0,0.0
P4,flat_transformer,target_real_anchor,kdey,replace,0.1,decision_regret,5,0.0013003690134837339,0.0005348018040895443,0.0006363248671713242,0.0019644131597961437
P4,flat_transformer,target_real_anchor,median_sweep,replace,0.05,prevalence_absolute_error,5,0.8586228906241526,0.12619601011783063,0.7019298481438844,1.0153159331044208
P4,flat_transformer,target_real_anchor,median_sweep,replace,0.05,prevalence_error,5,0.8586228906241526,0.12619601011783063,0.7019298481438844,1.0153159331044208
P4,flat_transformer,target_real_anchor,median_sweep,replace,0.05,false_positive_share,5,0.8262716730910403,0.13772922428658196,0.65525825379386,0.9972850923882206
P4,flat_transformer,target_real_anchor,median_sweep,replace,0.05,prevalence_decision_error,5,1.0,0.0,1.0,1.0
P4,flat_transformer,target_real_anchor,median_sweep,replace,0.05,decision_regret,5,0.001661838362476413,0.0016093477337246885,-0.00033643077908035034,0.0036601075040331764
P4,flat_transformer,target_real_anchor,median_sweep,replace,0.1,prevalence_absolute_error,5,0.816138073793358,0.11533185172635406,0.6729346656585695,0.9593414819281465
P4,flat_transformer,target_real_anchor,median_sweep,replace,0.1,prevalence_error,5,0.816138073793358,0.11533185172635406,0.6729346656585695,0.9593414819281465
P4,flat_transformer,target_real_anchor,median_sweep,replace,0.1,false_positive_share,5,0.7139821233468997,0.20916637757824155,0.45426776267330216,0.9736964840204972
P4,flat_transformer,target_real_anchor,median_sweep,replace,0.1,prevalence_decision_error,5,0.0,0.0,0.0,0.0
P4,flat_transformer,target_real_anchor,median_sweep,replace,0.1,decision_regret,5,0.0013003690134837339,0.0005348018040895443,0.0006363248671713242,0.0019644131597961437
P4,flat_transformer,target_real_anchor,pacc,replace,0.05,prevalence_absolute_error,5,0.8454508383085605,0.14378508585670127,0.6669180737216573,1.0239836028954636
P4,flat_transformer,target_real_anchor,pacc,replace,0.05,prevalence_error,5,0.8454508383085605,0.14378508585670127,0.6669180737216573,1.0239836028954636
P4,flat_transformer,target_real_anchor,pacc,replace,0.05,false_positive_share,5,0.8262716730910403,0.13772922428658196,0.65525825379386,0.9972850923882206
P4,flat_transformer,target_real_anchor,pacc,replace,0.05,prevalence_decision_error,5,1.0,0.0,1.0,1.0
P4,flat_transformer,target_real_anchor,pacc,replace,0.05,decision_regret,5,0.001661838362476413,0.0016093477337246885,-0.00033643077908035034,0.0036601075040331764
P4,flat_transformer,target_real_anchor,pacc,replace,0.1,prevalence_absolute_error,5,0.8028981519748897,0.13318649792056175,0.6375252724600876,0.9682710314896917
P4,flat_transformer,target_real_anchor,pacc,replace,0.1,prevalence_error,5,0.8028981519748897,0.13318649792056175,0.6375252724600876,0.9682710314896917
P4,flat_transformer,target_real_anchor,pacc,replace,0.1,false_positive_share,5,0.7139821233468997,0.20916637757824155,0.45426776267330216,0.9736964840204972
P4,flat_transformer,target_real_anchor,pacc,replace,0.1,prevalence_decision_error,5,0.0,0.0,0.0,0.0
P4,flat_transformer,target_real_anchor,pacc,replace,0.1,decision_regret,5,0.0013003690134837339,0.0005348018040895443,0.0006363248671713242,0.0019644131597961437
P4,flat_transformer,target_real_anchor,pcc,replace,0.05,prevalence_absolute_error,5,0.7598511882370385,0.1601213871493629,0.5610342264712277,0.9586681500028492
P4,flat_transformer,target_real_anchor,pcc,replace,0.05,prevalence_error,5,0.7598511882370385,0.1601213871493629,0.5610342264712277,0.9586681500028492
P4,flat_transformer,target_real_anchor,pcc,replace,0.05,false_positive_share,5,0.8262716730910403,0.13772922428658196,0.65525825379386,0.9972850923882206
P4,flat_transformer,target_real_anchor,pcc,replace,0.05,prevalence_decision_error,5,1.0,0.0,1.0,1.0
P4,flat_transformer,target_real_anchor,pcc,replace,0.05,decision_regret,5,0.001661838362476413,0.0016093477337246885,-0.00033643077908035034,0.0036601075040331764
P4,flat_transformer,target_real_anchor,pcc,replace,0.1,prevalence_absolute_error,5,0.7145149374510839,0.1546082608177798,0.522543426168749,0.9064864487334187
P4,flat_transformer,target_real_anchor,pcc,replace,0.1,prevalence_error,5,0.7145149374510839,0.1546082608177798,0.522543426168749,0.9064864487334187
P4,flat_transformer,target_real_anchor,pcc,replace,0.1,false_positive_share,5,0.7139821233468997,0.20916637757824155,0.45426776267330216,0.9736964840204972
P4,flat_transformer,target_real_anchor,pcc,replace,0.1,prevalence_decision_error,5,0.0,0.0,0.0,0.0
P4,flat_transformer,target_real_anchor,pcc,replace,0.1,decision_regret,5,0.0013003690134837339,0.0005348018040895443,0.0006363248671713242,0.0019644131597961437
