bag_id,source_type,record_id,position
bag:adult:GaussianCopula:s42:test:p050:b00,real,adult:d924fdff5f9e815e339fd9bf:0000,0
bag:adult:GaussianCopula:s42:test:p050:b00,synthetic,syn:adult:GaussianCopula:S_final_test:85c2fc803451dffc1df72da0,1
bag:adult:GaussianCopula:s42:test:p050:b00,real,adult:a4f9b084852549d2953a624d:0000,2
bag:adult:GaussianCopula:s42:test:p050:b00,real,adult:aadf2dcde27a1ec61b326b37:0000,3
bag:adult:GaussianCopula:s42:test:p050:b00,synthetic,syn:adult:GaussianCopula:S_final_test:c703b1cf900de5735896537d,4
bag:adult:GaussianCopula:s42:test:p050:b00,real,adult:401c2d00b13b532a8fc00d2f:0000,5
bag:adult:GaussianCopula:s42:test:p050:b00,real,adult:b0015d472bb5257274caa3b7:0000,6
bag:adult:GaussianCopula:s42:test:p050:b00,real,adult:f87f77042310995940a8bca6:0000,7
bag:adult:GaussianCopula:s42:test:p050:b00,synthetic,syn:adult:GaussianCopula:S_final_test:925c7bbc152b3dedb7780af0,8
bag:adult:GaussianCopula:s42:test:p050:b00,synthetic,syn:adult:GaussianCopula:S_final_test:78f95c089ea9ef731477e422,9
bag:adult:GaussianCopula:s42:test:p050:b00,real,adult:8d1ea9393373098459b37b5d:0000,10
bag:adult:GaussianCopula:s42:test:p050:b00,real,adult:0f199a8418017612acb959bd:0000,11
bag:adult:GaussianCopula:s42:test:p050:b00,synthetic,syn:adult:GaussianCopula:S_final_test:ad6e5cfb89f975337e758aa0,12
bag:adult:GaussianCopula:s42:test:p050:b00,synthetic,syn:adult:GaussianCopula:S_final_test:6a9bbd05d3f4cb15c58cd5ed,13
bag:adult:GaussianCopula:s42:test:p050:b00,synthetic,syn:adult:GaussianCopula:S_final_test:1c9278bc5391ab0d48c0914e,14
bag:adult:GaussianCopula:s42:test:p050:b00,real,adult:51807d8713dafefbad6934b1:0000,15
bag:adult:GaussianCopula:s42:test:p050:b00,real,adult:6593ff2f0049563b4596497a:0000,16
bag:adult:GaussianCopula:s42:test:p050:b00,synthetic,syn:adult:GaussianCopula:S_final_test:28a272227f5332204796bb38,17
bag:adult:GaussianCopula:s42:test:p050:b00,real,adult:7b4bb91c5a63d37b73bba410:0000,18
bag:adult:GaussianCopula:s42:test:p050:b00,real,adult:dd3b041bd7b066c70db9f1e5:0000,19
bag:adult:GaussianCopula:s42:test:p050:b00,synthetic,syn:adult:GaussianCopula:S_final_test:dc9be96f5604426c8c54c25a,20
bag:adult:GaussianCopula:s42:test:p050:b00,real,adult:db7a14bfec0392a58e93d242:0000,21
bag:adult:GaussianCopula:s42:test:p050:b00,synthetic,syn:adult:GaussianCopula:S_final_test:ec97e7947399f1efd6df0d8d,22
bag:adult:GaussianCopula:s42:test:p050:b00,synthetic,syn:adult:GaussianCopula:S_final_test:b0587fd45a673caf11e4029a,23
bag:adult:GaussianCopula:s42:test:p050:b00,real,adult:1ddea9eff547e95a36f2ce99:0000,24
bag:adult:GaussianCopula:s42:test:p050:b00,real,adult:cdca6b91d601142b164db285:0000,25
bag:adult:GaussianCopula:s42:test:p050:b00,synthetic,syn:adult:GaussianCopula:S_final_test:fab424aaa1adab4e97a452e5,26
bag:adult:GaussianCopula:s42:test:p050:b00,synthetic,syn:adult:GaussianCopula:S_final_test:0a310e9e28130ce2d1527c50,27
bag:adult:GaussianCopula:s42:test:p050:b00,synthetic,syn:adult:GaussianCopula:S_final_test:e705af33cf8f6a8295ed4e6e,28
bag:adult:GaussianCopula:s42:test:p050:b00,real,adult:60f67af87aa5917a399c9ba5:0000,29
bag:adult:GaussianCopula:s42:test:p050:b00,real,adult:8b359eaf7ef27d1a370ff354:0000,30
bag:adult:GaussianCopula:s42:test:p050:b00,real,adult:365f58e335689ce326feab66:0000,31
bag:adult:GaussianCopula:s42:test:p050:b00,real,adult:8bd13b6a244bc548805735d9:0000,32
bag:adult:GaussianCopula:s42:test:p050:b00,synthetic,syn:adult:GaussianCopula:S_final_test:102c9f63322330c3726aed4d,33
bag:adult:GaussianCopula:s42:test:p050:b00,synthetic,syn:adult:GaussianCopula:S_final_test:5a6432f706221070089ab178,34
bag:adult:GaussianCopula:s42:test:p050:b00,synthetic,syn:adult:GaussianCopula:S_final_test:836332735fe9c0f362acfc5e,35
bag:adult:GaussianCopula:s42:test:p050:b00,synthetic,syn:adult:GaussianCopula:S_final_test:2ba676c4d1b4f6aa390861f5,36
bag:adult:GaussianCopula:s42:test:p050:b00,synthetic,syn:adult:GaussianCopula:S_final_test:8e338322675f9f3b41c8a286,37
bag:adult:GaussianCopula:s42:test:p050:b00,synthetic,syn:adult:GaussianCopula:S_final_test:8ec95c34a8b8b369b125ccfe,38
bag:adult:GaussianCopula:s42:test:p050:b00,real,adult:e5bf49c88c42a8a6b1a3abc9:0000,39
bag:adult:GaussianCopula:s42:test:p050:b00,real,adult:a94fa1609def6c4f56f3ea1f:0000,40
bag:adult:GaussianCopula:s42:test:p050:b00,real,adult:331066203cd83ca04542bf66:0000,41
bag:adult:GaussianCopula:s42:test:p050:b00,real,adult:db6e0d64817c74ca45e7a5ef:0000,42
bag:adult:GaussianCopula:s42:test:p050:b00,real,adult:69fc5eceb9ef2f4a9091f2fc:0000,43
bag:adult:GaussianCopula:s42:test:p050:b00,synthetic,syn:adult:GaussianCopula:S_final_test:b0bee4589570abf88745d3b5,44
bag:adult:GaussianCopula:s42:test:p050:b00,real,adult:63062b6869ac07d64ee379da:0000,45
bag:adult:GaussianCopula:s42:test:p050:b00,real,adult:cfaf7ded190ddca845dfa1ad:0000,46
bag:adult:GaussianCopula:s42:test:p050:b00,real,adult:866c8565cd79ddab2c460d15:0000,47
bag:adult:GaussianCopula:s42:test:p050:b00,synthetic,syn:adult:GaussianCopula:S_final_test:49c0709e9b5288cb9cac5fb6,48
bag:adult:GaussianCopula:s42:test:p050:b00,synthetic,syn:adult:GaussianCopula:S_final_test:3754afcca23c3f89297d2774,49
bag:adult:GaussianCopula:s42:test:p050:b00,real,adult:989238e6b8ab5d79d931b712:0000,50
bag:adult:GaussianCopula:s42:test:p050:b00,synthetic,syn:adult:GaussianCopula:S_final_test:94c2cb592f2e2e5e4825713d,51
bag:adult:GaussianCopula:s42:test:p050:b00,synthetic,syn:adult:GaussianCopula:S_final_test:f9422d33a67ff7ab33b3ad02,52
bag:adult:GaussianCopula:s42:test:p050:b00,real,adult:64b0526d73e36c7d1e91eb36:0000,53
bag:adult:GaussianCopula:s42:test:p050:b00,real,adult:5ed57e1985c172ed27a25526:0000,54
bag:adult:GaussianCopula:s42:test:p050:b00,synthetic,syn:adult:GaussianCopula:S_final_test:d357a0696e5eaa6d50fc55cc,55
bag:adult:GaussianCopula:s42:test:p050:b00,real,adult:0501f06cbc3b462682f1ea02:0000,56
bag:adult:GaussianCopula:s42:test:p050:b00,synthetic,syn:adult:GaussianCopula:S_final_test:49037f3fa9b795d81940c068,57
bag:adult:GaussianCopula:s42:test:p050:b00,real,adult:06c31cc9dc9b14620ad80793:0000,58
bag:adult:GaussianCopula:s42:test:p050:b00,real,adult:3b8326b0b77f9ac23eb5448b:0000,59
bag:adult:GaussianCopula:s42:test:p050:b00,synthetic,syn:adult:GaussianCopula:S_final_test:a7a44a0c78a8ce56c0ef70de,60
bag:adult:GaussianCopula:s42:test:p050:b00,real,adult:a73a3701f788f082e6f2ea58:0000,61
bag:adult:GaussianCopula:s42:test:p050:b00,synthetic,syn:adult:GaussianCopula:S_final_test:b9b3108cdadbe03ec871eaa3,62
bag:adult:GaussianCopula:s42:test:p050:b00,real,adult:0e0b061d43a2d480fac0f06d:0000,63
bag:adult:GaussianCopula:s42:test:p050:b00,synthetic,syn:adult:GaussianCopula:S_final_test:aaaff8b1322c71b3c0326a4b,64
bag:adult:GaussianCopula:s42:test:p050:b00,synthetic,syn:adult:GaussianCopula:S_final_test:de21dbe0b1bcb4a2e2ff0c15,65
bag:adult:GaussianCopula:s42:test:p050:b00,synthetic,syn:adult:GaussianCopula:S_final_test:32cb16b90714d5f35b144ec4,66
bag:adult:GaussianCopula:s42:test:p050:b00,real,adult:de3e8f01a5381fce2844957a:0000,67
bag:adult:GaussianCopula:s42:test:p050:b00,synthetic,syn:adult:GaussianCopula:S_final_test:071c434c8256b436013a0a4b,68
bag:adult:GaussianCopula:s42:test:p050:b00,real,adult:393722a875c3d475ce07a8ee:0000,69
bag:adult:GaussianCopula:s42:test:p050:b00,synthetic,syn:adult:GaussianCopula:S_final_test:70c75d2bec62286b4cc4a613,70
bag:adult:GaussianCopula:s42:test:p050:b00,real,adult:7bfc302861953b41413354eb:0000,71
bag:adult:GaussianCopula:s42:test:p050:b00,real,adult:ee135c4b691eb6820549df78:0000,72
bag:adult:GaussianCopula:s42:test:p050:b00,synthetic,syn:adult:GaussianCopula:S_final_test:c2fa09832cea8c1cae08e174,73
bag:adult:GaussianCopula:s42:test:p050:b00,synthetic,syn:adult:GaussianCopula:S_final_test:7e5ededdf3c2791b29f92893,74
bag:adult:GaussianCopula:s42:test:p050:b00,synthetic,syn:adult:GaussianCopula:S_final_test:cbdafd394f9a5039b55cb86d,75
bag:adult:GaussianCopula:s42:test:p050:b00,synthetic,syn:adult:GaussianCopula:S_final_test:53994d643c96132461dad740,76
bag:adult:GaussianCopula:s42:test:p050:b00,real,adult:869e851c035230153099fe50:0000,77
bag:adult:GaussianCopula:s42:test:p050:b00,real,adult:fd2df0a9151337b5ab27a83e:0000,78
bag:adult:GaussianCopula:s42:test:p050:b00,synthetic,syn:adult:GaussianCopula:S_final_test:df0bddfdc1fa17194b576b9b,79
bag:adult:GaussianCopula:s42:test:p050:b00,real,adult:f76e8e42f65325da9c5361d5:0000,80
bag:adult:GaussianCopula:s42:test:p050:b00,real,adult:3f6e9ddf8fb8e9c3818fbf03:0000,81
bag:adult:GaussianCopula:s42:test:p050:b00,synthetic,syn:adult:GaussianCopula:S_final_test:f75604a4c3f4b1ab27ab4143,82
bag:adult:GaussianCopula:s42:test:p050:b00,synthetic,syn:adult:GaussianCopula:S_final_test:4e4d20e72e3a8754b147cf81,83
bag:adult:GaussianCopula:s42:test:p050:b00,real,adult:929f1103afa31124f200426f:0000,84
bag:adult:GaussianCopula:s42:test:p050:b00,synthetic,syn:adult:GaussianCopula:S_final_test:4f402b737b50e87517fff884,85
bag:adult:GaussianCopula:s42:test:p050:b00,synthetic,syn:adult:GaussianCopula:S_final_test:c4ce3f915e416c22498b58c0,86
bag:adult:GaussianCopula:s42:test:p050:b00,real,adult:411b12223657c2c5bbdc7ab4:0000,87
bag:adult:GaussianCopula:s42:test:p050:b00,real,adult:bd9181b1c51dcb1369f35fae:0000,88
bag:adult:GaussianCopula:s42:test:p050:b00,synthetic,syn:adult:GaussianCopula:S_final_test:91a4a1fe0f5d82d538b03ecd,89
bag:adult:GaussianCopula:s42:test:p050:b00,real,adult:697f470f5ceda1b4eddcd1f4:0000,90
bag:adult:GaussianCopula:s42:test:p050:b00,real,adult:f61cbacc55473168a665de3a:0000,91
bag:adult:GaussianCopula:s42:test:p050:b00,real,adult:d10348508ebb8d8caed1c945:0000,92
bag:adult:GaussianCopula:s42:test:p050:b00,synthetic,syn:adult:GaussianCopula:S_final_test:956eb7eca42ea438e69f2932,93
bag:adult:GaussianCopula:s42:test:p050:b00,real,adult:dbb6a4e4d14275dd125d7018:0000,94
bag:adult:GaussianCopula:s42:test:p050:b00,real,adult:e4c830a724f1a64458aa7c32:0000,95
bag:adult:GaussianCopula:s42:test:p050:b00,real,adult:29cefc82d406a7d0e662f4cf:0000,96
bag:adult:GaussianCopula:s42:test:p050:b00,synthetic,syn:adult:GaussianCopula:S_final_test:41cc3c31677f8057ace46ba9,97
bag:adult:GaussianCopula:s42:test:p050:b00,synthetic,syn:adult:GaussianCopula:S_final_test:522461135f4e9c8f2aad8b92,98
bag:adult:GaussianCopula:s42:test:p050:b00,real,adult:f04c617a48e9ddb4a74dab4f:0000,99
bag:adult:GaussianCopula:s42:test:p050:b00,real,adult:f40e0756e6edfb1d305f7259:0000,100
bag:adult:GaussianCopula:s42:test:p050:b00,synthetic,syn:adult:GaussianCopula:S_final_test:e51660201d8e72ba1b8bebb2,101
bag:adult:GaussianCopula:s42:test:p050:b00,synthetic,syn:adult:GaussianCopula:S_final_test:697f2acd2f93f2a5a9f1dacf,102
bag:adult:GaussianCopula:s42:test:p050:b00,synthetic,syn:adult:GaussianCopula:S_final_test:f6998efab9bdcd5aad210409,103
bag:adult:GaussianCopula:s42:test:p050:b00,real,adult:960fe8285fc721ecaf4ca247:0000,104
bag:adult:GaussianCopula:s42:test:p050:b00,real,adult:c6cceb01a9e33cd04800605d:0000,105
bag:adult:GaussianCopula:s42:test:p050:b00,synthetic,syn:adult:GaussianCopula:S_final_test:993acf04f4a815acdc4ae359,106
bag:adult:GaussianCopula:s42:test:p050:b00,synthetic,syn:adult:GaussianCopula:S_final_test:4ebe0b6cf43a03a0721d7fc2,107
bag:adult:GaussianCopula:s42:test:p050:b00,real,adult:999c75cfe2533b5292346823:0000,108
bag:adult:GaussianCopula:s42:test:p050:b00,real,adult:987f08cc75f772117094f417:0000,109
bag:adult:GaussianCopula:s42:test:p050:b00,real,adult:d3d529cb0bff3a89009534e7:0000,110
bag:adult:GaussianCopula:s42:test:p050:b00,real,adult:dffedd7ee4b349277989eb01:0000,111
bag:adult:GaussianCopula:s42:test:p050:b00,synthetic,syn:adult:GaussianCopula:S_final_test:54fdb1e3426e4b274b6111d0,112
bag:adult:GaussianCopula:s42:test:p050:b00,real,adult:46a5c5ff16c72e4909241652:0000,113
bag:adult:GaussianCopula:s42:test:p050:b00,synthetic,syn:adult:GaussianCopula:S_final_test:a2e226e5b485803c24fb62f6,114
bag:adult:GaussianCopula:s42:test:p050:b00,real,adult:b84a6356af7e3475202f0bbb:0000,115
bag:adult:GaussianCopula:s42:test:p050:b00,real,adult:6f41b83c4d51d6922448f3c7:0000,116
bag:adult:GaussianCopula:s42:test:p050:b00,synthetic,syn:adult:GaussianCopula:S_final_test:39cb66571c4666a972bd1fde,117
bag:adult:GaussianCopula:s42:test:p050:b00,real,adult:fae1779a972134da0d9cd4c4:0000,118
bag:adult:GaussianCopula:s42:test:p050:b00,synthetic,syn:adult:GaussianCopula:S_final_test:e35dd8480ee8148c25c18f90,119
bag:adult:GaussianCopula:s42:test:p050:b00,synthetic,syn:adult:GaussianCopula:S_final_test:9d37fd615c285273cadbacce,120
bag:adult:GaussianCopula:s42:test:p050:b00,real,adult:9247044233a36881f6c45a5a:0000,121
bag:adult:GaussianCopula:s42:test:p050:b00,synthetic,syn:adult:GaussianCopula:S_final_test:5f750e0fc01bd6d283f81f23,122
bag:adult:GaussianCopula:s42:test:p050:b00,synthetic,syn:adult:GaussianCopula:S_final_test:8e1ef881f068e90609a1c522,123
bag:adult:GaussianCopula:s42:test:p050:b00,real,adult:1451d04e6ca2c720248f7d23:0000,124
bag:adult:GaussianCopula:s42:test:p050:b00,synthetic,syn:adult:GaussianCopula:S_final_test:3d65dbdd98ac7b6721625e87,125
bag:adult:GaussianCopula:s42:test:p050:b00,real,adult:453a79572923ca77d796a11c:0000,126
bag:adult:GaussianCopula:s42:test:p050:b00,real,adult:edd8aae97783150373a9dde2:0000,127
bag:adult:GaussianCopula:s42:test:p050:b00,real,adult:fbd4e9f4fd61dcc968d2b3f6:0000,128
bag:adult:GaussianCopula:s42:test:p050:b00,real,adult:068f65757cf4c68290363d73:0000,129
bag:adult:GaussianCopula:s42:test:p050:b00,real,adult:947b39ee422469a4ae5abbb4:0000,130
bag:adult:GaussianCopula:s42:test:p050:b00,synthetic,syn:adult:GaussianCopula:S_final_test:91e214b340eec1d3d6e7b8f9,131
bag:adult:GaussianCopula:s42:test:p050:b00,real,adult:03e924b672fd11c6798c8f99:0000,132
bag:adult:GaussianCopula:s42:test:p050:b00,real,adult:955447ab89e7369cf6759f79:0000,133
bag:adult:GaussianCopula:s42:test:p050:b00,synthetic,syn:adult:GaussianCopula:S_final_test:4b9b75979db085147ff38845,134
bag:adult:GaussianCopula:s42:test:p050:b00,real,adult:266502df38443a86d16fdf11:0000,135
bag:adult:GaussianCopula:s42:test:p050:b00,synthetic,syn:adult:GaussianCopula:S_final_test:98c94c545552ba3f995cfee9,136
bag:adult:GaussianCopula:s42:test:p050:b00,real,adult:9ac7c250bac402115c5cb882:0000,137
bag:adult:GaussianCopula:s42:test:p050:b00,real,adult:be6b762cb670212f5d49f9ce:0000,138
bag:adult:GaussianCopula:s42:test:p050:b00,real,adult:604edc7d53aa35bfed83ea22:0000,139
bag:adult:GaussianCopula:s42:test:p050:b00,real,adult:ee98b97cb142eb62a29a421e:0000,140
bag:adult:GaussianCopula:s42:test:p050:b00,real,adult:c44bfff98841e0dd899403bb:0000,141
bag:adult:GaussianCopula:s42:test:p050:b00,synthetic,syn:adult:GaussianCopula:S_final_test:9f009da9b05319389e65f3f3,142
bag:adult:GaussianCopula:s42:test:p050:b00,synthetic,syn:adult:GaussianCopula:S_final_test:b87af3264f0c20dab32b0b89,143
bag:adult:GaussianCopula:s42:test:p050:b00,synthetic,syn:adult:GaussianCopula:S_final_test:8c66a5fe6743fb56ed8bf9cd,144
bag:adult:GaussianCopula:s42:test:p050:b00,synthetic,syn:adult:GaussianCopula:S_final_test:0963ddcaccb178fdfb01284a,145
bag:adult:GaussianCopula:s42:test:p050:b00,synthetic,syn:adult:GaussianCopula:S_final_test:c9c9fd7d52bad9fdb6b4dabd,146
bag:adult:GaussianCopula:s42:test:p050:b00,real,adult:6aa716e8066145ef9e3ec5e7:0000,147
bag:adult:GaussianCopula:s42:test:p050:b00,synthetic,syn:adult:GaussianCopula:S_final_test:ec48415a17e8d9557b476311,148
bag:adult:GaussianCopula:s42:test:p050:b00,real,adult:2843a90ae4fa9cc787eba159:0000,149
bag:adult:GaussianCopula:s42:test:p050:b00,synthetic,syn:adult:GaussianCopula:S_final_test:f2378921b463fe78c5c4ec32,150
bag:adult:GaussianCopula:s42:test:p050:b00,real,adult:2a2667034df1fb8a15ed1de9:0000,151
bag:adult:GaussianCopula:s42:test:p050:b00,synthetic,syn:adult:GaussianCopula:S_final_test:b3c16fa037fcaeebc47e4211,152
bag:adult:GaussianCopula:s42:test:p050:b00,real,adult:50bd9c72048d36544c0e4fd3:0000,153
bag:adult:GaussianCopula:s42:test:p050:b00,synthetic,syn:adult:GaussianCopula:S_final_test:4b8505b0899f9ded025aa9f4,154
bag:adult:GaussianCopula:s42:test:p050:b00,synthetic,syn:adult:GaussianCopula:S_final_test:c4a2837d7e26d487bdc0d76c,155
bag:adult:GaussianCopula:s42:test:p050:b00,real,adult:f6bfb23bcc1c80826d617fd1:0000,156
bag:adult:GaussianCopula:s42:test:p050:b00,real,adult:a0701b1f6d2e56d58795a88f:0000,157
bag:adult:GaussianCopula:s42:test:p050:b00,synthetic,syn:adult:GaussianCopula:S_final_test:5f34a0aef706e5a366d5a05b,158
bag:adult:GaussianCopula:s42:test:p050:b00,synthetic,syn:adult:GaussianCopula:S_final_test:fda1112cc2700cab6161459a,159
bag:adult:GaussianCopula:s42:test:p050:b00,synthetic,syn:adult:GaussianCopula:S_final_test:f70f39b16e622fa511893b34,160
bag:adult:GaussianCopula:s42:test:p050:b00,real,adult:da25236e843ded29a565c14e:0000,161
bag:adult:GaussianCopula:s42:test:p050:b00,real,adult:9ab0b928ea121bb71eaeb2e6:0000,162
bag:adult:GaussianCopula:s42:test:p050:b00,synthetic,syn:adult:GaussianCopula:S_final_test:8a163d0f3b1cd364d65fd919,163
bag:adult:GaussianCopula:s42:test:p050:b00,real,adult:69f57122327add27c17ceadd:0000,164
bag:adult:GaussianCopula:s42:test:p050:b00,synthetic,syn:adult:GaussianCopula:S_final_test:ffa0668495bc98879bc85013,165
bag:adult:GaussianCopula:s42:test:p050:b00,real,adult:dccc7c0473c1b345d7973071:0000,166
bag:adult:GaussianCopula:s42:test:p050:b00,synthetic,syn:adult:GaussianCopula:S_final_test:094f924d9609d80d568316e5,167
bag:adult:GaussianCopula:s42:test:p050:b00,real,adult:8d6474d7631bf1ecf2b9c148:0000,168
bag:adult:GaussianCopula:s42:test:p050:b00,synthetic,syn:adult:GaussianCopula:S_final_test:78f959973176a8d0c99cb8a7,169
bag:adult:GaussianCopula:s42:test:p050:b00,synthetic,syn:adult:GaussianCopula:S_final_test:0f50bfd75c405abc534146c2,170
bag:adult:GaussianCopula:s42:test:p050:b00,real,adult:6d57f5ecc34915240889b5a3:0000,171
bag:adult:GaussianCopula:s42:test:p050:b00,synthetic,syn:adult:GaussianCopula:S_final_test:b9949eb78ad09fb8437d8d04,172
bag:adult:GaussianCopula:s42:test:p050:b00,real,adult:aea98052275d405f4336a585:0000,173
bag:adult:GaussianCopula:s42:test:p050:b00,synthetic,syn:adult:GaussianCopula:S_final_test:8a1593f4d1f6562e0365af23,174
bag:adult:GaussianCopula:s42:test:p050:b00,synthetic,syn:adult:GaussianCopula:S_final_test:ee754ab6cd73e13446a248ca,175
bag:adult:GaussianCopula:s42:test:p050:b00,synthetic,syn:adult:GaussianCopula:S_final_test:6f24b7dc8e6527307c61d699,176
bag:adult:GaussianCopula:s42:test:p050:b00,synthetic,syn:adult:GaussianCopula:S_final_test:637b92352a896fce3abb36ed,177
bag:adult:GaussianCopula:s42:test:p050:b00,real,adult:3fda4f86a61a16dd4123a90c:0000,178
bag:adult:GaussianCopula:s42:test:p050:b00,real,adult:55cccdf2e5d27ac77209b101:0000,179
bag:adult:GaussianCopula:s42:test:p050:b00,real,adult:44951cbf9d6cf749ec13abbc:0000,180
bag:adult:GaussianCopula:s42:test:p050:b00,synthetic,syn:adult:GaussianCopula:S_final_test:e55431b8f7f2cfd412e72aa0,181
bag:adult:GaussianCopula:s42:test:p050:b00,real,adult:09fc186ea8e852d3593ab772:0000,182
bag:adult:GaussianCopula:s42:test:p050:b00,synthetic,syn:adult:GaussianCopula:S_final_test:40d59e39b639d40f18c8691b,183
bag:adult:GaussianCopula:s42:test:p050:b00,synthetic,syn:adult:GaussianCopula:S_final_test:fabf07740f7e5b64d6c56c37,184
bag:adult:GaussianCopula:s42:test:p050:b00,synthetic,syn:adult:GaussianCopula:S_final_test:0b960c3bcfcc6eff8b491b15,185
bag:adult:GaussianCopula:s42:test:p050:b00,real,adult:f6b3a0d4cf48245b84702ef2:0000,186
bag:adult:GaussianCopula:s42:test:p050:b00,synthetic,syn:adult:GaussianCopula:S_final_test:2f130c1c5c9e00e6c5121bfd,187
bag:adult:GaussianCopula:s42:test:p050:b00,synthetic,syn:adult:GaussianCopula:S_final_test:9ac08b92471c6e95e8112b62,188
bag:adult:GaussianCopula:s42:test:p050:b00,real,adult:e89e45217db09a6bb8b8fbf8:0000,189
bag:adult:GaussianCopula:s42:test:p050:b00,synthetic,syn:adult:GaussianCopula:S_final_test:dcef7fadcd4cd11927b12b52,190
bag:adult:GaussianCopula:s42:test:p050:b00,synthetic,syn:adult:GaussianCopula:S_final_test:92ba451e746e98e6d387069c,191
bag:adult:GaussianCopula:s42:test:p050:b00,synthetic,syn:adult:GaussianCopula:S_final_test:16c2ba12d3b6d13774711741,192
bag:adult:GaussianCopula:s42:test:p050:b00,synthetic,syn:adult:GaussianCopula:S_final_test:1a136b254851647540fa03ef,193
bag:adult:GaussianCopula:s42:test:p050:b00,real,adult:eb7099afea00ddbd92c7ec7f:0000,194
bag:adult:GaussianCopula:s42:test:p050:b00,real,adult:20b0b7be512f90ffa0935a60:0000,195
bag:adult:GaussianCopula:s42:test:p050:b00,real,adult:b3256cb25b30aebcdbd01b3e:0000,196
bag:adult:GaussianCopula:s42:test:p050:b00,real,adult:0f598f6e1684e6e134ddb443:0000,197
bag:adult:GaussianCopula:s42:test:p050:b00,real,adult:87b371277ba0a58d2544e3f5:0000,198
bag:adult:GaussianCopula:s42:test:p050:b00,real,adult:9d08e957e981cc0bfbd426c6:0000,199
bag:adult:GaussianCopula:s42:test:p050:b00,synthetic,syn:adult:GaussianCopula:S_final_test:ed2a3a8b9508bf71c395eb30,200
bag:adult:GaussianCopula:s42:test:p050:b00,real,adult:d8f120b6d19441d02e5864a4:0000,201
bag:adult:GaussianCopula:s42:test:p050:b00,synthetic,syn:adult:GaussianCopula:S_final_test:4b16f535834e20b93cd353ce,202
bag:adult:GaussianCopula:s42:test:p050:b00,synthetic,syn:adult:GaussianCopula:S_final_test:0f0db4b746af9bf8bdddcefd,203
bag:adult:GaussianCopula:s42:test:p050:b00,synthetic,syn:adult:GaussianCopula:S_final_test:57c239f25bf9f62d97925785,204
bag:adult:GaussianCopula:s42:test:p050:b00,real,adult:a99143080d99025a554fa9c3:0000,205
bag:adult:GaussianCopula:s42:test:p050:b00,real,adult:a10258f20b6d2439d7601a91:0000,206
bag:adult:GaussianCopula:s42:test:p050:b00,synthetic,syn:adult:GaussianCopula:S_final_test:bd433899d8c9434431b0d37c,207
bag:adult:GaussianCopula:s42:test:p050:b00,synthetic,syn:adult:GaussianCopula:S_final_test:b911351a01fccb8c5304d233,208
bag:adult:GaussianCopula:s42:test:p050:b00,real,adult:753d80ffd34629845939a210:0000,209
bag:adult:GaussianCopula:s42:test:p050:b00,synthetic,syn:adult:GaussianCopula:S_final_test:7dedbda2a755360e011ace43,210
bag:adult:GaussianCopula:s42:test:p050:b00,synthetic,syn:adult:GaussianCopula:S_final_test:97c10e130c1a0cb9d4b897c8,211
bag:adult:GaussianCopula:s42:test:p050:b00,real,adult:2ed18800dbcd3cd438200acf:0000,212
bag:adult:GaussianCopula:s42:test:p050:b00,synthetic,syn:adult:GaussianCopula:S_final_test:cefd5f8cec4fd6b57cc8ea43,213
bag:adult:GaussianCopula:s42:test:p050:b00,real,adult:508be81be5f2144cdc3dce40:0000,214
bag:adult:GaussianCopula:s42:test:p050:b00,real,adult:d3518caca41b76df34cc0e71:0000,215
bag:adult:GaussianCopula:s42:test:p050:b00,synthetic,syn:adult:GaussianCopula:S_final_test:350d445e90f820f78cc0c105,216
bag:adult:GaussianCopula:s42:test:p050:b00,synthetic,syn:adult:GaussianCopula:S_final_test:e39aa31b3b4f34736ba2d11f,217
bag:adult:GaussianCopula:s42:test:p050:b00,synthetic,syn:adult:GaussianCopula:S_final_test:66c2da3449943e5b18a3a859,218
bag:adult:GaussianCopula:s42:test:p050:b00,synthetic,syn:adult:GaussianCopula:S_final_test:907ecd442357dcf7f096043d,219
bag:adult:GaussianCopula:s42:test:p050:b00,real,adult:961a898e1268f6b01bd96e21:0000,220
bag:adult:GaussianCopula:s42:test:p050:b00,real,adult:1a53f87dfa58a2c23b76e5eb:0000,221
bag:adult:GaussianCopula:s42:test:p050:b00,synthetic,syn:adult:GaussianCopula:S_final_test:55e0c49305876961c59bc094,222
bag:adult:GaussianCopula:s42:test:p050:b00,synthetic,syn:adult:GaussianCopula:S_final_test:153803d97ad63c89f9d6a1cf,223
bag:adult:GaussianCopula:s42:test:p050:b00,synthetic,syn:adult:GaussianCopula:S_final_test:1de5be7e74260d58bb834e85,224
bag:adult:GaussianCopula:s42:test:p050:b00,real,adult:c58f3c62846a7f7eedced618:0000,225
bag:adult:GaussianCopula:s42:test:p050:b00,real,adult:d5ce243bfb0744f2a5242ca6:0000,226
bag:adult:GaussianCopula:s42:test:p050:b00,synthetic,syn:adult:GaussianCopula:S_final_test:323bda0e2fce1985fde4ec98,227
bag:adult:GaussianCopula:s42:test:p050:b00,real,adult:32be146cfd62c708ea85401c:0000,228
bag:adult:GaussianCopula:s42:test:p050:b00,real,adult:c4da6ea298369be8b4a434b7:0000,229
bag:adult:GaussianCopula:s42:test:p050:b00,synthetic,syn:adult:GaussianCopula:S_final_test:d4bf21a3b56358ab2cef49f3,230
bag:adult:GaussianCopula:s42:test:p050:b00,real,adult:ff851dba60294b3739bc998a:0000,231
bag:adult:GaussianCopula:s42:test:p050:b00,synthetic,syn:adult:GaussianCopula:S_final_test:336d7798cec2452f33b04037,232
bag:adult:GaussianCopula:s42:test:p050:b00,real,adult:653075664f6452e3ded59ee0:0000,233
bag:adult:GaussianCopula:s42:test:p050:b00,real,adult:a7e13c2f438e8435761f2000:0000,234
bag:adult:GaussianCopula:s42:test:p050:b00,synthetic,syn:adult:GaussianCopula:S_final_test:8242cc16f4af179c508bf6dc,235
bag:adult:GaussianCopula:s42:test:p050:b00,synthetic,syn:adult:GaussianCopula:S_final_test:8e0cd9584233c0e85997d82e,236
bag:adult:GaussianCopula:s42:test:p050:b00,synthetic,syn:adult:GaussianCopula:S_final_test:5bd200fd987a87edd8367de6,237
bag:adult:GaussianCopula:s42:test:p050:b00,synthetic,syn:adult:GaussianCopula:S_final_test:597d8f2ae94e5ad25d376d40,238
bag:adult:GaussianCopula:s42:test:p050:b00,synthetic,syn:adult:GaussianCopula:S_final_test:66764985a9303d515a027cd7,239
bag:adult:GaussianCopula:s42:test:p050:b00,real,adult:f6d79738ba719066aad934bc:0000,240
bag:adult:GaussianCopula:s42:test:p050:b00,real,adult:55eecbcdc99fc06f614d3529:0000,241
bag:adult:GaussianCopula:s42:test:p050:b00,real,adult:2b3c4efd0f636066b4c20bc5:0000,242
bag:adult:GaussianCopula:s42:test:p050:b00,synthetic,syn:adult:GaussianCopula:S_final_test:40ee8165137a73072d044860,243
bag:adult:GaussianCopula:s42:test:p050:b00,synthetic,syn:adult:GaussianCopula:S_final_test:39b6221f83edbdd7330692bd,244
bag:adult:GaussianCopula:s42:test:p050:b00,synthetic,syn:adult:GaussianCopula:S_final_test:0fdf46b3f83438ea38e15423,245
bag:adult:GaussianCopula:s42:test:p050:b00,synthetic,syn:adult:GaussianCopula:S_final_test:a35e82149b6ad4ac78a3b117,246
bag:adult:GaussianCopula:s42:test:p050:b00,real,adult:15d3d8ed09b14818de4ec182:0000,247
bag:adult:GaussianCopula:s42:test:p050:b00,synthetic,syn:adult:GaussianCopula:S_final_test:36220a3f86dd3df9fd3b4bdd,248
bag:adult:GaussianCopula:s42:test:p050:b00,real,adult:c3991edcc137387666823fed:0000,249
bag:adult:GaussianCopula:s42:test:p050:b00,synthetic,syn:adult:GaussianCopula:S_final_test:db8d04886837bffaa081bc3f,250
bag:adult:GaussianCopula:s42:test:p050:b00,synthetic,syn:adult:GaussianCopula:S_final_test:b1c3f0dd3fa90a7c99abe053,251
bag:adult:GaussianCopula:s42:test:p050:b00,synthetic,syn:adult:GaussianCopula:S_final_test:3fbf829e67fbddc6ec624d2c,252
bag:adult:GaussianCopula:s42:test:p050:b00,real,adult:391abe1cc261266541ef1bb7:0000,253
bag:adult:GaussianCopula:s42:test:p050:b00,synthetic,syn:adult:GaussianCopula:S_final_test:73bce5bcadc11e8c33a9ce6e,254
bag:adult:GaussianCopula:s42:test:p050:b00,real,adult:8f55cc7c85423a49c2cbe6c6:0000,255
bag:adult:GaussianCopula:s42:test:p050:b00,real,adult:a3036157d3064331a71d42db:0000,256
bag:adult:GaussianCopula:s42:test:p050:b00,synthetic,syn:adult:GaussianCopula:S_final_test:c57fab33367c2925555ee247,257
bag:adult:GaussianCopula:s42:test:p050:b00,real,adult:a9b8ed27f3c1ad62a663833c:0000,258
bag:adult:GaussianCopula:s42:test:p050:b00,real,adult:8790785f4838a7c72dba1d78:0000,259
bag:adult:GaussianCopula:s42:test:p050:b00,real,adult:ebfe3a17b497ebb61e427ea1:0000,260
bag:adult:GaussianCopula:s42:test:p050:b00,real,adult:680a66980c3cda61058176a4:0000,261
bag:adult:GaussianCopula:s42:test:p050:b00,synthetic,syn:adult:GaussianCopula:S_final_test:6012daf9cb26254f527bf9d5,262
bag:adult:GaussianCopula:s42:test:p050:b00,real,adult:b27ebccdebb6cef5f90e28e6:0000,263
bag:adult:GaussianCopula:s42:test:p050:b00,synthetic,syn:adult:GaussianCopula:S_final_test:50d3cff9eb7edf2b4ddfc465,264
bag:adult:GaussianCopula:s42:test:p050:b00,real,adult:8a8703e58d2ee54f74623388:0000,265
bag:adult:GaussianCopula:s42:test:p050:b00,real,adult:32d1ced8a394fe46d595aac5:0000,266
bag:adult:GaussianCopula:s42:test:p050:b00,real,adult:e4b35c47f507b8fe852359da:0000,267
bag:adult:GaussianCopula:s42:test:p050:b00,real,adult:86e8443f10a85ec06c873659:0000,268
bag:adult:GaussianCopula:s42:test:p050:b00,real,adult:aecf0a26ec2977229599bc21:0000,269
bag:adult:GaussianCopula:s42:test:p050:b00,synthetic,syn:adult:GaussianCopula:S_final_test:0b1186372bc73bc766936076,270
bag:adult:GaussianCopula:s42:test:p050:b00,synthetic,syn:adult:GaussianCopula:S_final_test:a5f45f846327bd924c1d7cd4,271
bag:adult:GaussianCopula:s42:test:p050:b00,real,adult:b5661e00b10c1b61cc33002c:0000,272
bag:adult:GaussianCopula:s42:test:p050:b00,synthetic,syn:adult:GaussianCopula:S_final_test:1327fcae07067f584a444bec,273
bag:adult:GaussianCopula:s42:test:p050:b00,real,adult:236ac218cd47efd4cfe9e2b2:0000,274
bag:adult:GaussianCopula:s42:test:p050:b00,real,adult:096cd7025ac976e3bb37caf6:0000,275
bag:adult:GaussianCopula:s42:test:p050:b00,synthetic,syn:adult:GaussianCopula:S_final_test:6197f9a9edfb59af96963766,276
bag:adult:GaussianCopula:s42:test:p050:b00,synthetic,syn:adult:GaussianCopula:S_final_test:d365b08d19f02b0ad2e765b7,277
bag:adult:GaussianCopula:s42:test:p050:b00,synthetic,syn:adult:GaussianCopula:S_final_test:8388355021931fa097ff0015,278
bag:adult:GaussianCopula:s42:test:p050:b00,real,adult:4190602998019e997a70d331:0000,279
bag:adult:GaussianCopula:s42:test:p050:b00,synthetic,syn:adult:GaussianCopula:S_final_test:1bce8faa01fd15479ab9214f,280
bag:adult:GaussianCopula:s42:test:p050:b00,synthetic,syn:adult:GaussianCopula:S_final_test:6a9c0eba5f308d89a75e4fd6,281
bag:adult:GaussianCopula:s42:test:p050:b00,synthetic,syn:adult:GaussianCopula:S_final_test:45a825f9a272ec6b889f535d,282
bag:adult:GaussianCopula:s42:test:p050:b00,real,adult:c9097cfcbcfe9ab6437e5a08:0000,283
bag:adult:GaussianCopula:s42:test:p050:b00,real,adult:cd4b67c1929f5f6818d8ce6a:0000,284
bag:adult:GaussianCopula:s42:test:p050:b00,real,adult:9ed4bffe64b8f85402a8feaf:0000,285
bag:adult:GaussianCopula:s42:test:p050:b00,real,adult:5ee7059c085cf4b36323c0c1:0000,286
bag:adult:GaussianCopula:s42:test:p050:b00,real,adult:c2eddb9557f1c3cc05cd848a:0000,287
bag:adult:GaussianCopula:s42:test:p050:b00,real,adult:95f5f9029b832077c62f0de4:0000,288
bag:adult:GaussianCopula:s42:test:p050:b00,real,adult:a73bd87f093916bd0ed172f2:0000,289
bag:adult:GaussianCopula:s42:test:p050:b00,real,adult:0d85feb093799c7a93946b44:0000,290
bag:adult:GaussianCopula:s42:test:p050:b00,real,adult:561bd8dfa36795dc9a13c6a7:0000,291
bag:adult:GaussianCopula:s42:test:p050:b00,real,adult:21da0b5b3ea324f4e8b812ea:0000,292
bag:adult:GaussianCopula:s42:test:p050:b00,synthetic,syn:adult:GaussianCopula:S_final_test:e9c9269b391c804c20e7c609,293
bag:adult:GaussianCopula:s42:test:p050:b00,real,adult:05675015c9bebabee4327a81:0000,294
bag:adult:GaussianCopula:s42:test:p050:b00,synthetic,syn:adult:GaussianCopula:S_final_test:31f82460a180823289a9c70f,295
bag:adult:GaussianCopula:s42:test:p050:b00,real,adult:f83cbfd5e8ba3f4a42e6351b:0000,296
bag:adult:GaussianCopula:s42:test:p050:b00,real,adult:d875561498636b4f48ae636a:0000,297
bag:adult:GaussianCopula:s42:test:p050:b00,real,adult:cef8133c63715b1d84ef23b6:0000,298
bag:adult:GaussianCopula:s42:test:p050:b00,real,adult:4944ef90ee47666437e06e88:0000,299
bag:adult:GaussianCopula:s42:test:p050:b00,synthetic,syn:adult:GaussianCopula:S_final_test:1d9eaa4cc544f8e235215b83,300
bag:adult:GaussianCopula:s42:test:p050:b00,real,adult:08f7269ca1fad32a04936d49:0000,301
bag:adult:GaussianCopula:s42:test:p050:b00,real,adult:f52c0a0ad7726f5a6f5da7ba:0000,302
bag:adult:GaussianCopula:s42:test:p050:b00,synthetic,syn:adult:GaussianCopula:S_final_test:9074e0a7650a0636d1bc74f4,303
bag:adult:GaussianCopula:s42:test:p050:b00,real,adult:c09ec391d79ddb7d2633d35a:0000,304
bag:adult:GaussianCopula:s42:test:p050:b00,synthetic,syn:adult:GaussianCopula:S_final_test:54fa9cfab0cc8534627c697a,305
bag:adult:GaussianCopula:s42:test:p050:b00,real,adult:b6914afa7a8707a64d7b4b56:0000,306
bag:adult:GaussianCopula:s42:test:p050:b00,real,adult:0509b78158d81410d1189645:0000,307
bag:adult:GaussianCopula:s42:test:p050:b00,real,adult:84ec55d54d832f9ba9420bf3:0000,308
bag:adult:GaussianCopula:s42:test:p050:b00,synthetic,syn:adult:GaussianCopula:S_final_test:61f1047335556085a25a4ec3,309
bag:adult:GaussianCopula:s42:test:p050:b00,real,adult:cd7197e6bfd8cd976e48fdf0:0000,310
bag:adult:GaussianCopula:s42:test:p050:b00,synthetic,syn:adult:GaussianCopula:S_final_test:114d257cd732647101c492fd,311
bag:adult:GaussianCopula:s42:test:p050:b00,real,adult:098218115dae6c73509cea5d:0000,312
bag:adult:GaussianCopula:s42:test:p050:b00,synthetic,syn:adult:GaussianCopula:S_final_test:9bbf6cb64b566cbb36364c01,313
bag:adult:GaussianCopula:s42:test:p050:b00,synthetic,syn:adult:GaussianCopula:S_final_test:f7f63746e937b8d32c610121,314
bag:adult:GaussianCopula:s42:test:p050:b00,synthetic,syn:adult:GaussianCopula:S_final_test:1be51037d41dad4a37f28305,315
bag:adult:GaussianCopula:s42:test:p050:b00,real,adult:4717135e28079186435d6f5e:0000,316
bag:adult:GaussianCopula:s42:test:p050:b00,real,adult:0ecd4334351df3c54012d399:0000,317
bag:adult:GaussianCopula:s42:test:p050:b00,real,adult:5703c30b00babec165b16f13:0000,318
bag:adult:GaussianCopula:s42:test:p050:b00,real,adult:ff01e15d2b607233b0f05f3e:0000,319
bag:adult:GaussianCopula:s42:test:p050:b00,real,adult:5f4cc7b6d1cadee7a2fa9858:0000,320
bag:adult:GaussianCopula:s42:test:p050:b00,real,adult:e7bff59782deb008aad9ec67:0000,321
bag:adult:GaussianCopula:s42:test:p050:b00,synthetic,syn:adult:GaussianCopula:S_final_test:5a33022728ee6df5702d46d6,322
bag:adult:GaussianCopula:s42:test:p050:b00,real,adult:5f6c4ca2ed46117c3f3fccd0:0000,323
bag:adult:GaussianCopula:s42:test:p050:b00,synthetic,syn:adult:GaussianCopula:S_final_test:022fe07edfb4bc0341bbb1e3,324
bag:adult:GaussianCopula:s42:test:p050:b00,synthetic,syn:adult:GaussianCopula:S_final_test:9ec6fcc8ce51db75085106d9,325
bag:adult:GaussianCopula:s42:test:p050:b00,real,adult:5df4ebc1f77aa87174c561d1:0000,326
bag:adult:GaussianCopula:s42:test:p050:b00,real,adult:304f652c4e806d7334277fb2:0000,327
bag:adult:GaussianCopula:s42:test:p050:b00,real,adult:6d9570d9aea1011b78a3e875:0000,328
bag:adult:GaussianCopula:s42:test:p050:b00,real,adult:5415c5f3f66b5eece20a7e97:0000,329
bag:adult:GaussianCopula:s42:test:p050:b00,real,adult:39f877267030c0d684cc03e0:0000,330
bag:adult:GaussianCopula:s42:test:p050:b00,real,adult:326543261fc7322fdcf0d288:0000,331
bag:adult:GaussianCopula:s42:test:p050:b00,real,adult:e9c31cf0e5f1a37aabe733c5:0000,332
bag:adult:GaussianCopula:s42:test:p050:b00,synthetic,syn:adult:GaussianCopula:S_final_test:5d8b70a7befe465e6513edf9,333
bag:adult:GaussianCopula:s42:test:p050:b00,synthetic,syn:adult:GaussianCopula:S_final_test:f4237527f57b441e29d8f976,334
bag:adult:GaussianCopula:s42:test:p050:b00,synthetic,syn:adult:GaussianCopula:S_final_test:c51110d07dfe07dc45266b34,335
bag:adult:GaussianCopula:s42:test:p050:b00,real,adult:8a057be6aefd7e42194849ac:0000,336
bag:adult:GaussianCopula:s42:test:p050:b00,real,adult:712db41b92c45776d20d677a:0000,337
bag:adult:GaussianCopula:s42:test:p050:b00,synthetic,syn:adult:GaussianCopula:S_final_test:4553da46976494f74ffeab2a,338
bag:adult:GaussianCopula:s42:test:p050:b00,real,adult:30980f3ad31d7463d805d2fe:0000,339
bag:adult:GaussianCopula:s42:test:p050:b00,real,adult:cbbc535a097b7b9ab5c97098:0000,340
bag:adult:GaussianCopula:s42:test:p050:b00,synthetic,syn:adult:GaussianCopula:S_final_test:fcebb87b3201de7284967d94,341
bag:adult:GaussianCopula:s42:test:p050:b00,synthetic,syn:adult:GaussianCopula:S_final_test:c93af70fc933ad54eca647c2,342
bag:adult:GaussianCopula:s42:test:p050:b00,synthetic,syn:adult:GaussianCopula:S_final_test:2bfdf2a1f062e2056df6592b,343
bag:adult:GaussianCopula:s42:test:p050:b00,synthetic,syn:adult:GaussianCopula:S_final_test:c38749abb6f17c569593033f,344
bag:adult:GaussianCopula:s42:test:p050:b00,real,adult:b192c55a6d5f38e568f3cb9a:0000,345
bag:adult:GaussianCopula:s42:test:p050:b00,real,adult:39ceeb527b0fa33d7744d41e:0000,346
bag:adult:GaussianCopula:s42:test:p050:b00,real,adult:8d79775351d8dace3d21a776:0000,347
bag:adult:GaussianCopula:s42:test:p050:b00,real,adult:c03d9081b04a20b5303732af:0000,348
bag:adult:GaussianCopula:s42:test:p050:b00,real,adult:dddd46bad9d353ff978268c2:0000,349
bag:adult:GaussianCopula:s42:test:p050:b00,synthetic,syn:adult:GaussianCopula:S_final_test:74d1ce4a14daa07686acf222,350
bag:adult:GaussianCopula:s42:test:p050:b00,synthetic,syn:adult:GaussianCopula:S_final_test:a010c1fdadf49b39fb0b7706,351
bag:adult:GaussianCopula:s42:test:p050:b00,synthetic,syn:adult:GaussianCopula:S_final_test:b5f0e7d6f8593a9502053123,352
bag:adult:GaussianCopula:s42:test:p050:b00,synthetic,syn:adult:GaussianCopula:S_final_test:b747b9c883af1e66571fd830,353
bag:adult:GaussianCopula:s42:test:p050:b00,synthetic,syn:adult:GaussianCopula:S_final_test:5f8e265bc95d7e5b0d50c838,354
bag:adult:GaussianCopula:s42:test:p050:b00,real,adult:9aca611419f8d258f7fc7428:0000,355
bag:adult:GaussianCopula:s42:test:p050:b00,real,adult:588d69fdb82cf1c9a27afa97:0000,356
bag:adult:GaussianCopula:s42:test:p050:b00,real,adult:f792b05e89461cd655ca0a18:0000,357
bag:adult:GaussianCopula:s42:test:p050:b00,synthetic,syn:adult:GaussianCopula:S_final_test:0dac8a201d679f503d10d067,358
bag:adult:GaussianCopula:s42:test:p050:b00,real,adult:bdb725fe4bbcdd8d8e0e87c6:0000,359
bag:adult:GaussianCopula:s42:test:p050:b00,real,adult:56a7297dcdcc8ac3f101d91d:0000,360
bag:adult:GaussianCopula:s42:test:p050:b00,real,adult:7ea05a16b6ac484a719c54b9:0000,361
bag:adult:GaussianCopula:s42:test:p050:b00,synthetic,syn:adult:GaussianCopula:S_final_test:8e451e662124628bcba7dadf,362
bag:adult:GaussianCopula:s42:test:p050:b00,synthetic,syn:adult:GaussianCopula:S_final_test:32f8c5a4936152e2534d1b57,363
bag:adult:GaussianCopula:s42:test:p050:b00,real,adult:cc88d0a5703686ebd2416d0d:0000,364
bag:adult:GaussianCopula:s42:test:p050:b00,synthetic,syn:adult:GaussianCopula:S_final_test:be474abcc340119f0ab7da31,365
bag:adult:GaussianCopula:s42:test:p050:b00,synthetic,syn:adult:GaussianCopula:S_final_test:2f5cc46c0528b12b70090618,366
bag:adult:GaussianCopula:s42:test:p050:b00,real,adult:c76635c6adf845660bf82829:0000,367
bag:adult:GaussianCopula:s42:test:p050:b00,synthetic,syn:adult:GaussianCopula:S_final_test:16424ed45eed712e57ca58aa,368
bag:adult:GaussianCopula:s42:test:p050:b00,synthetic,syn:adult:GaussianCopula:S_final_test:e6f568530e8384ba7e61249f,369
bag:adult:GaussianCopula:s42:test:p050:b00,real,adult:26a4df286e14b93891d778c7:0000,370
bag:adult:GaussianCopula:s42:test:p050:b00,synthetic,syn:adult:GaussianCopula:S_final_test:f5a5f255dd10e49caf56c08a,371
bag:adult:GaussianCopula:s42:test:p050:b00,synthetic,syn:adult:GaussianCopula:S_final_test:c2531a1856c20238fe88f756,372
bag:adult:GaussianCopula:s42:test:p050:b00,synthetic,syn:adult:GaussianCopula:S_final_test:e0da666b7da5749838fd7610,373
bag:adult:GaussianCopula:s42:test:p050:b00,synthetic,syn:adult:GaussianCopula:S_final_test:234abfdab47bf7b0af1b7320,374
bag:adult:GaussianCopula:s42:test:p050:b00,real,adult:cfaebc43386a584df0aabcf6:0000,375
bag:adult:GaussianCopula:s42:test:p050:b00,synthetic,syn:adult:GaussianCopula:S_final_test:1acf044a65587d4bc3ca4113,376
bag:adult:GaussianCopula:s42:test:p050:b00,synthetic,syn:adult:GaussianCopula:S_final_test:d22fe7c0142e136620e91a74,377
bag:adult:GaussianCopula:s42:test:p050:b00,synthetic,syn:adult:GaussianCopula:S_final_test:c72a304bfa8ee5953fdc83ab,378
bag:adult:GaussianCopula:s42:test:p050:b00,synthetic,syn:adult:GaussianCopula:S_final_test:4ca6875c75162f2c847125bd,379
bag:adult:GaussianCopula:s42:test:p050:b00,real,adult:ca702e3f37f32d75370f29f4:0000,380
bag:adult:GaussianCopula:s42:test:p050:b00,synthetic,syn:adult:GaussianCopula:S_final_test:b33ca573f54a9c24dfeb5d92,381
bag:adult:GaussianCopula:s42:test:p050:b00,synthetic,syn:adult:GaussianCopula:S_final_test:8b9520e20c9c4e23776df9d5,382
bag:adult:GaussianCopula:s42:test:p050:b00,real,adult:0ef6436a54e8194f5d13f4e0:0000,383
bag:adult:GaussianCopula:s42:test:p050:b00,synthetic,syn:adult:GaussianCopula:S_final_test:95a1ce034f39552676de1428,384
bag:adult:GaussianCopula:s42:test:p050:b00,real,adult:b3577b2ebedcb6101c172739:0000,385
bag:adult:GaussianCopula:s42:test:p050:b00,real,adult:104b15c72f5a5eef29e5e2b9:0000,386
bag:adult:GaussianCopula:s42:test:p050:b00,real,adult:90f14b73c72b1c4c18d20e84:0000,387
bag:adult:GaussianCopula:s42:test:p050:b00,real,adult:fa8efced250151d4165cda08:0000,388
bag:adult:GaussianCopula:s42:test:p050:b00,synthetic,syn:adult:GaussianCopula:S_final_test:5bb4c4cb22e526784421a44b,389
bag:adult:GaussianCopula:s42:test:p050:b00,synthetic,syn:adult:GaussianCopula:S_final_test:ecc7bf014059bbde606f9c43,390
bag:adult:GaussianCopula:s42:test:p050:b00,synthetic,syn:adult:GaussianCopula:S_final_test:4356edb4c144305f31aeb060,391
bag:adult:GaussianCopula:s42:test:p050:b00,synthetic,syn:adult:GaussianCopula:S_final_test:7914be44125b179e488b6f66,392
bag:adult:GaussianCopula:s42:test:p050:b00,synthetic,syn:adult:GaussianCopula:S_final_test:2c94191a790f24692f3a41ac,393
bag:adult:GaussianCopula:s42:test:p050:b00,synthetic,syn:adult:GaussianCopula:S_final_test:8fa082a03411bb36de011142,394
bag:adult:GaussianCopula:s42:test:p050:b00,real,adult:399e4af258d69f970d15cb90:0000,395
bag:adult:GaussianCopula:s42:test:p050:b00,real,adult:32442649f7b02cd117e0d6a5:0000,396
bag:adult:GaussianCopula:s42:test:p050:b00,real,adult:4f94b7a26f2906e8acb2c74d:0000,397
bag:adult:GaussianCopula:s42:test:p050:b00,real,adult:6db695ed4c96ae18b8135d33:0000,398
bag:adult:GaussianCopula:s42:test:p050:b00,synthetic,syn:adult:GaussianCopula:S_final_test:270af1acc7ef398e75da0165,399
bag:adult:GaussianCopula:s42:test:p050:b00,synthetic,syn:adult:GaussianCopula:S_final_test:fb25ab1804ccc8db02bc1ab0,400
bag:adult:GaussianCopula:s42:test:p050:b00,synthetic,syn:adult:GaussianCopula:S_final_test:ccb11e4325d8ba590a985cf5,401
bag:adult:GaussianCopula:s42:test:p050:b00,real,adult:e6e12a100aa7249ce1bf22c2:0000,402
bag:adult:GaussianCopula:s42:test:p050:b00,synthetic,syn:adult:GaussianCopula:S_final_test:4c914049cd3759caaabc9980,403
bag:adult:GaussianCopula:s42:test:p050:b00,synthetic,syn:adult:GaussianCopula:S_final_test:295522f7ce3547283db970b2,404
bag:adult:GaussianCopula:s42:test:p050:b00,synthetic,syn:adult:GaussianCopula:S_final_test:8998d33ac35069031aeb7755,405
bag:adult:GaussianCopula:s42:test:p050:b00,real,adult:e68d27c47c15ea66975f96b2:0000,406
bag:adult:GaussianCopula:s42:test:p050:b00,synthetic,syn:adult:GaussianCopula:S_final_test:098b05e2ca4450e53448ebeb,407
bag:adult:GaussianCopula:s42:test:p050:b00,synthetic,syn:adult:GaussianCopula:S_final_test:ebbf7a039d399f782169e380,408
bag:adult:GaussianCopula:s42:test:p050:b00,synthetic,syn:adult:GaussianCopula:S_final_test:2849fcfc5cb2acef5ca9a69e,409
bag:adult:GaussianCopula:s42:test:p050:b00,synthetic,syn:adult:GaussianCopula:S_final_test:7c9492e7afc3d022cdfdcbe2,410
bag:adult:GaussianCopula:s42:test:p050:b00,synthetic,syn:adult:GaussianCopula:S_final_test:e981a9d4f64b9062804540ab,411
bag:adult:GaussianCopula:s42:test:p050:b00,real,adult:2bb2d754d2f2f34e0785c1a6:0000,412
bag:adult:GaussianCopula:s42:test:p050:b00,synthetic,syn:adult:GaussianCopula:S_final_test:e424f743722d026ad1d2efc5,413
bag:adult:GaussianCopula:s42:test:p050:b00,real,adult:2f2e0b6bfdb70cf12fb08267:0000,414
bag:adult:GaussianCopula:s42:test:p050:b00,real,adult:c6eafb9204a0637b36be02af:0000,415
bag:adult:GaussianCopula:s42:test:p050:b00,synthetic,syn:adult:GaussianCopula:S_final_test:b8a12ffb7374c361cba5635a,416
bag:adult:GaussianCopula:s42:test:p050:b00,synthetic,syn:adult:GaussianCopula:S_final_test:cc196472feabdf1338b34a93,417
bag:adult:GaussianCopula:s42:test:p050:b00,real,adult:b7c2fa0c68916913c6acd53b:0000,418
bag:adult:GaussianCopula:s42:test:p050:b00,real,adult:c3759dad712721731f0e648a:0000,419
bag:adult:GaussianCopula:s42:test:p050:b00,real,adult:b1dbd1bd26d5a9ce652e7355:0000,420
bag:adult:GaussianCopula:s42:test:p050:b00,synthetic,syn:adult:GaussianCopula:S_final_test:4d96b7af86e83ec3b644adcb,421
bag:adult:GaussianCopula:s42:test:p050:b00,synthetic,syn:adult:GaussianCopula:S_final_test:5d829501b129f4198f276011,422
bag:adult:GaussianCopula:s42:test:p050:b00,real,adult:c18791d7d7937099404042e4:0000,423
bag:adult:GaussianCopula:s42:test:p050:b00,synthetic,syn:adult:GaussianCopula:S_final_test:e70b15676fa56f804b1161dc,424
bag:adult:GaussianCopula:s42:test:p050:b00,synthetic,syn:adult:GaussianCopula:S_final_test:cec8610ac775526b8cdeb147,425
bag:adult:GaussianCopula:s42:test:p050:b00,real,adult:6c414744c1f7538b53f1c24d:0000,426
bag:adult:GaussianCopula:s42:test:p050:b00,real,adult:4c1145c3610b29565ddb5fd8:0000,427
bag:adult:GaussianCopula:s42:test:p050:b00,synthetic,syn:adult:GaussianCopula:S_final_test:83d4878a34db3a804049444c,428
bag:adult:GaussianCopula:s42:test:p050:b00,real,adult:638d719967f70430eb0946fc:0000,429
bag:adult:GaussianCopula:s42:test:p050:b00,synthetic,syn:adult:GaussianCopula:S_final_test:5682365405b5219c4cc84cdd,430
bag:adult:GaussianCopula:s42:test:p050:b00,real,adult:531c26be9da001ffd3bb0edf:0000,431
bag:adult:GaussianCopula:s42:test:p050:b00,synthetic,syn:adult:GaussianCopula:S_final_test:4c38e950daa3d4ffaf58bb6e,432
bag:adult:GaussianCopula:s42:test:p050:b00,synthetic,syn:adult:GaussianCopula:S_final_test:0eb9ac984fb9f6fb18fed8e0,433
bag:adult:GaussianCopula:s42:test:p050:b00,real,adult:00ef2e5189c1eca58cf15c1b:0000,434
bag:adult:GaussianCopula:s42:test:p050:b00,synthetic,syn:adult:GaussianCopula:S_final_test:39b0bcde7e8677cb46cbb844,435
bag:adult:GaussianCopula:s42:test:p050:b00,synthetic,syn:adult:GaussianCopula:S_final_test:3a8220f0f354e967932b7740,436
bag:adult:GaussianCopula:s42:test:p050:b00,synthetic,syn:adult:GaussianCopula:S_final_test:d090180793b9870b2941532b,437
bag:adult:GaussianCopula:s42:test:p050:b00,synthetic,syn:adult:GaussianCopula:S_final_test:9a27ff9d81438a481bd16295,438
bag:adult:GaussianCopula:s42:test:p050:b00,real,adult:50d24b12ec46acb2aded8a04:0000,439
bag:adult:GaussianCopula:s42:test:p050:b00,synthetic,syn:adult:GaussianCopula:S_final_test:8bcd6bb47bed47dd697a9339,440
bag:adult:GaussianCopula:s42:test:p050:b00,synthetic,syn:adult:GaussianCopula:S_final_test:3c45cbb7d8d86fa6d4ae393b,441
bag:adult:GaussianCopula:s42:test:p050:b00,synthetic,syn:adult:GaussianCopula:S_final_test:0d4fff3e3175591809b689c8,442
bag:adult:GaussianCopula:s42:test:p050:b00,synthetic,syn:adult:GaussianCopula:S_final_test:e04ecc6ceb573aec888c19bd,443
bag:adult:GaussianCopula:s42:test:p050:b00,synthetic,syn:adult:GaussianCopula:S_final_test:37455cab9b68defdedc7c360,444
bag:adult:GaussianCopula:s42:test:p050:b00,real,adult:d9afb51ee2dca2fa1dcddf1a:0000,445
bag:adult:GaussianCopula:s42:test:p050:b00,synthetic,syn:adult:GaussianCopula:S_final_test:ccd0ce98259f7f1c130721bc,446
bag:adult:GaussianCopula:s42:test:p050:b00,synthetic,syn:adult:GaussianCopula:S_final_test:5e09a955bd23dc9d7f3672ce,447
bag:adult:GaussianCopula:s42:test:p050:b00,synthetic,syn:adult:GaussianCopula:S_final_test:441e14474278f8ae1395f0b9,448
bag:adult:GaussianCopula:s42:test:p050:b00,synthetic,syn:adult:GaussianCopula:S_final_test:8fb1b9e6e1115078f3eb5123,449
bag:adult:GaussianCopula:s42:test:p050:b00,real,adult:072a8bf2560dd12bfa961024:0000,450
bag:adult:GaussianCopula:s42:test:p050:b00,synthetic,syn:adult:GaussianCopula:S_final_test:1260d97e128ffc84c0e4640e,451
bag:adult:GaussianCopula:s42:test:p050:b00,synthetic,syn:adult:GaussianCopula:S_final_test:2e55489e2f676bedd8fcc2c1,452
bag:adult:GaussianCopula:s42:test:p050:b00,real,adult:5f6b0f3d5a980c2185e2ca92:0000,453
bag:adult:GaussianCopula:s42:test:p050:b00,real,adult:873760c25b01916996f294e5:0000,454
bag:adult:GaussianCopula:s42:test:p050:b00,real,adult:510f9dca915a3f0a82124380:0000,455
bag:adult:GaussianCopula:s42:test:p050:b00,real,adult:123405bc12e325d390207796:0000,456
bag:adult:GaussianCopula:s42:test:p050:b00,synthetic,syn:adult:GaussianCopula:S_final_test:ca5f22e929f20a31c9c9ed74,457
bag:adult:GaussianCopula:s42:test:p050:b00,synthetic,syn:adult:GaussianCopula:S_final_test:d9e04b8e9b7f37643907a152,458
bag:adult:GaussianCopula:s42:test:p050:b00,real,adult:aafe29f73429bca8352cbbcf:0000,459
bag:adult:GaussianCopula:s42:test:p050:b00,real,adult:21b0b3e8323bc921b8ba22f2:0000,460
bag:adult:GaussianCopula:s42:test:p050:b00,real,adult:90788e30f4230eac049f0be9:0000,461
bag:adult:GaussianCopula:s42:test:p050:b00,synthetic,syn:adult:GaussianCopula:S_final_test:c412b07f108d31ba49befa0f,462
bag:adult:GaussianCopula:s42:test:p050:b00,synthetic,syn:adult:GaussianCopula:S_final_test:f069ce783df86d75c0fefef7,463
bag:adult:GaussianCopula:s42:test:p050:b00,synthetic,syn:adult:GaussianCopula:S_final_test:cd0243b1b62dc303180ef3fd,464
bag:adult:GaussianCopula:s42:test:p050:b00,real,adult:ecccdf6b89255f3c815fc367:0000,465
bag:adult:GaussianCopula:s42:test:p050:b00,synthetic,syn:adult:GaussianCopula:S_final_test:aaacbd31f6bfc545026a06cc,466
bag:adult:GaussianCopula:s42:test:p050:b00,synthetic,syn:adult:GaussianCopula:S_final_test:ab8d04e303626d8eaae92f7f,467
bag:adult:GaussianCopula:s42:test:p050:b00,real,adult:54accb97b1f273f1f4505d8a:0000,468
bag:adult:GaussianCopula:s42:test:p050:b00,real,adult:4cd9b83b000af1f118bb6f62:0000,469
bag:adult:GaussianCopula:s42:test:p050:b00,real,adult:9c80869cd8b499d69a51e23e:0000,470
bag:adult:GaussianCopula:s42:test:p050:b00,synthetic,syn:adult:GaussianCopula:S_final_test:ff42d0b85d171b0afb70c261,471
bag:adult:GaussianCopula:s42:test:p050:b00,synthetic,syn:adult:GaussianCopula:S_final_test:f76d262389af1616ed5e3bb1,472
bag:adult:GaussianCopula:s42:test:p050:b00,synthetic,syn:adult:GaussianCopula:S_final_test:beacf2fcbfb82c01d35a1dad,473
bag:adult:GaussianCopula:s42:test:p050:b00,synthetic,syn:adult:GaussianCopula:S_final_test:ef04dd52fb85d4a9f56b6c18,474
bag:adult:GaussianCopula:s42:test:p050:b00,real,adult:ca41269e158ea600ebf63664:0000,475
bag:adult:GaussianCopula:s42:test:p050:b00,synthetic,syn:adult:GaussianCopula:S_final_test:2f109a28c498cb060f99bfdb,476
bag:adult:GaussianCopula:s42:test:p050:b00,synthetic,syn:adult:GaussianCopula:S_final_test:b5fe7a592ea5ee4285e2a276,477
bag:adult:GaussianCopula:s42:test:p050:b00,synthetic,syn:adult:GaussianCopula:S_final_test:21e5353c9228c3c1ce998269,478
bag:adult:GaussianCopula:s42:test:p050:b00,synthetic,syn:adult:GaussianCopula:S_final_test:ffd5bb82c80664c679799762,479
bag:adult:GaussianCopula:s42:test:p050:b00,real,adult:909459d7c160c2bf1c86ca83:0000,480
bag:adult:GaussianCopula:s42:test:p050:b00,real,adult:281d986f64a4d384b2b538d1:0000,481
bag:adult:GaussianCopula:s42:test:p050:b00,synthetic,syn:adult:GaussianCopula:S_final_test:ca9cb72527c57bfc66c1c870,482
bag:adult:GaussianCopula:s42:test:p050:b00,synthetic,syn:adult:GaussianCopula:S_final_test:cc0f9146756458370d1d5909,483
bag:adult:GaussianCopula:s42:test:p050:b00,synthetic,syn:adult:GaussianCopula:S_final_test:2c352a39dbe378c264bb5264,484
bag:adult:GaussianCopula:s42:test:p050:b00,real,adult:2b690d480356599f8f99254a:0000,485
bag:adult:GaussianCopula:s42:test:p050:b00,real,adult:c8ca55c09b3d998ca44126a7:0000,486
bag:adult:GaussianCopula:s42:test:p050:b00,synthetic,syn:adult:GaussianCopula:S_final_test:1b4f2e42e0a0d2de1459da2b,487
bag:adult:GaussianCopula:s42:test:p050:b00,synthetic,syn:adult:GaussianCopula:S_final_test:b20a91614f912900fec011b5,488
bag:adult:GaussianCopula:s42:test:p050:b00,synthetic,syn:adult:GaussianCopula:S_final_test:b528cec800a9866dc804c84d,489
bag:adult:GaussianCopula:s42:test:p050:b00,synthetic,syn:adult:GaussianCopula:S_final_test:0bd2706f2fd81e672a007bf8,490
bag:adult:GaussianCopula:s42:test:p050:b00,synthetic,syn:adult:GaussianCopula:S_final_test:c8df2209bcf9e8b03a2db4a5,491
bag:adult:GaussianCopula:s42:test:p050:b00,synthetic,syn:adult:GaussianCopula:S_final_test:db087fda2caa096abb589110,492
bag:adult:GaussianCopula:s42:test:p050:b00,synthetic,syn:adult:GaussianCopula:S_final_test:e9b3e66fc0838fe82d591b84,493
bag:adult:GaussianCopula:s42:test:p050:b00,synthetic,syn:adult:GaussianCopula:S_final_test:429185073f1942504fdc7257,494
bag:adult:GaussianCopula:s42:test:p050:b00,real,adult:b8cec74376402e4ce0dd6545:0000,495
bag:adult:GaussianCopula:s42:test:p050:b00,synthetic,syn:adult:GaussianCopula:S_final_test:34b1c8bec482ced277ca1044,496
bag:adult:GaussianCopula:s42:test:p050:b00,real,adult:a1c62fa226bdba81ded51ffd:0000,497
bag:adult:GaussianCopula:s42:test:p050:b00,synthetic,syn:adult:GaussianCopula:S_final_test:f375db70ba3f218a45f93f45,498
bag:adult:GaussianCopula:s42:test:p050:b00,real,adult:3c9c549d32e0287fb1867301:0000,499
bag:adult:GaussianCopula:s42:test:p050:b00,synthetic,syn:adult:GaussianCopula:S_final_test:1ac7c86fbc6d22d095197861,500
bag:adult:GaussianCopula:s42:test:p050:b00,synthetic,syn:adult:GaussianCopula:S_final_test:3eb1d5f386ecca247f1f8e8e,501
bag:adult:GaussianCopula:s42:test:p050:b00,synthetic,syn:adult:GaussianCopula:S_final_test:6266dc32bacfe97c8aec3de5,502
bag:adult:GaussianCopula:s42:test:p050:b00,synthetic,syn:adult:GaussianCopula:S_final_test:1c2c8f67596e33fb6f680bee,503
bag:adult:GaussianCopula:s42:test:p050:b00,real,adult:ac44dc196c011b2bbbefa5f1:0000,504
bag:adult:GaussianCopula:s42:test:p050:b00,real,adult:a4fb4d6555e6fc1e04e255c3:0000,505
bag:adult:GaussianCopula:s42:test:p050:b00,synthetic,syn:adult:GaussianCopula:S_final_test:da3b07c08ea4c91f59a73866,506
bag:adult:GaussianCopula:s42:test:p050:b00,real,adult:4b868fd21b53acaa2d3266e0:0000,507
bag:adult:GaussianCopula:s42:test:p050:b00,real,adult:d438dc7b850cfcd8482d01ce:0000,508
bag:adult:GaussianCopula:s42:test:p050:b00,real,adult:ce2e85e17b8c75d24ccbe174:0000,509
bag:adult:GaussianCopula:s42:test:p050:b00,real,adult:c9bc611acfe5d0316a71f055:0000,510
bag:adult:GaussianCopula:s42:test:p050:b00,synthetic,syn:adult:GaussianCopula:S_final_test:9efd1794317fa8b729dff4e0,511
bag:adult:GaussianCopula:s42:test:p050:b00,real,adult:8e10c431f26526a0edeaf82d:0000,512
bag:adult:GaussianCopula:s42:test:p050:b00,real,adult:1595504e2e3aa66d8992d9e0:0000,513
bag:adult:GaussianCopula:s42:test:p050:b00,synthetic,syn:adult:GaussianCopula:S_final_test:f1fb5991dd9b35b29a365e6d,514
bag:adult:GaussianCopula:s42:test:p050:b00,real,adult:91cc4a98e715ed30cb4a7174:0000,515
bag:adult:GaussianCopula:s42:test:p050:b00,synthetic,syn:adult:GaussianCopula:S_final_test:1f2fc8d73b93e8687c1fbe66,516
bag:adult:GaussianCopula:s42:test:p050:b00,real,adult:244031c31641af240e2dd041:0000,517
bag:adult:GaussianCopula:s42:test:p050:b00,synthetic,syn:adult:GaussianCopula:S_final_test:1f24cb64fa4f377f3faf3e84,518
bag:adult:GaussianCopula:s42:test:p050:b00,real,adult:d035fbef730c899e5f4dc222:0000,519
bag:adult:GaussianCopula:s42:test:p050:b00,real,adult:d2af528d414b880360227180:0000,520
bag:adult:GaussianCopula:s42:test:p050:b00,real,adult:68d92f582fd2b85774c65b78:0000,521
bag:adult:GaussianCopula:s42:test:p050:b00,real,adult:97e6509b2b60ec06ce641350:0000,522
bag:adult:GaussianCopula:s42:test:p050:b00,real,adult:5bab63fb5f87490626f6648f:0000,523
bag:adult:GaussianCopula:s42:test:p050:b00,synthetic,syn:adult:GaussianCopula:S_final_test:026c94ca3b8a7d877792978d,524
bag:adult:GaussianCopula:s42:test:p050:b00,synthetic,syn:adult:GaussianCopula:S_final_test:365b22d7f13eb97b05454c82,525
bag:adult:GaussianCopula:s42:test:p050:b00,synthetic,syn:adult:GaussianCopula:S_final_test:90c4601a5caad8c43d364c31,526
bag:adult:GaussianCopula:s42:test:p050:b00,synthetic,syn:adult:GaussianCopula:S_final_test:90ac14419cdd04eff3f6d5cd,527
bag:adult:GaussianCopula:s42:test:p050:b00,synthetic,syn:adult:GaussianCopula:S_final_test:716c61df15eecfaccecc1859,528
bag:adult:GaussianCopula:s42:test:p050:b00,real,adult:275cc31584e18750ce1dfda9:0000,529
bag:adult:GaussianCopula:s42:test:p050:b00,synthetic,syn:adult:GaussianCopula:S_final_test:11a99d9d2a0d249834014329,530
bag:adult:GaussianCopula:s42:test:p050:b00,synthetic,syn:adult:GaussianCopula:S_final_test:819e36373512dd97e8edfebd,531
bag:adult:GaussianCopula:s42:test:p050:b00,real,adult:c284d3349d05412ac9d3f522:0000,532
bag:adult:GaussianCopula:s42:test:p050:b00,real,adult:230922904e2c121dfa06e309:0000,533
bag:adult:GaussianCopula:s42:test:p050:b00,real,adult:a286c1d4030c86e2cea27134:0000,534
bag:adult:GaussianCopula:s42:test:p050:b00,synthetic,syn:adult:GaussianCopula:S_final_test:1bc16783323d072bf9417027,535
bag:adult:GaussianCopula:s42:test:p050:b00,real,adult:adb6d3a00f27be5970656e96:0000,536
bag:adult:GaussianCopula:s42:test:p050:b00,synthetic,syn:adult:GaussianCopula:S_final_test:90c1eb1fc2c3e3b3284741c8,537
bag:adult:GaussianCopula:s42:test:p050:b00,real,adult:ac35eecd6f70ba38fa98df5f:0000,538
bag:adult:GaussianCopula:s42:test:p050:b00,real,adult:c1fafc6f35128133de5fd886:0000,539
bag:adult:GaussianCopula:s42:test:p050:b00,real,adult:54fbddbfb8fa8327b60d3a37:0000,540
bag:adult:GaussianCopula:s42:test:p050:b00,real,adult:ddebeeac0132e1298d5d2f9c:0000,541
bag:adult:GaussianCopula:s42:test:p050:b00,real,adult:2fc97858b94badf85840de77:0000,542
bag:adult:GaussianCopula:s42:test:p050:b00,real,adult:60bede07b50a02ece155d616:0000,543
bag:adult:GaussianCopula:s42:test:p050:b00,synthetic,syn:adult:GaussianCopula:S_final_test:162d4b249c783605521a3b46,544
bag:adult:GaussianCopula:s42:test:p050:b00,real,adult:5d591b1a19ffbcb8154c3b8d:0000,545
bag:adult:GaussianCopula:s42:test:p050:b00,synthetic,syn:adult:GaussianCopula:S_final_test:07fcae3e389c08d544066c85,546
bag:adult:GaussianCopula:s42:test:p050:b00,real,adult:6c59f52da8425412d144a5d4:0000,547
bag:adult:GaussianCopula:s42:test:p050:b00,real,adult:d9f4ac6657fe9b726ab8381c:0000,548
bag:adult:GaussianCopula:s42:test:p050:b00,real,adult:c51d065db4db626ffe31b404:0000,549
bag:adult:GaussianCopula:s42:test:p050:b00,synthetic,syn:adult:GaussianCopula:S_final_test:227f7d09ba31fec9157a332a,550
bag:adult:GaussianCopula:s42:test:p050:b00,synthetic,syn:adult:GaussianCopula:S_final_test:71460e3aac4277d104517852,551
bag:adult:GaussianCopula:s42:test:p050:b00,real,adult:079c541b67bb0647e2bb18a8:0000,552
bag:adult:GaussianCopula:s42:test:p050:b00,real,adult:44495bbc4b9fb14799afe508:0000,553
bag:adult:GaussianCopula:s42:test:p050:b00,real,adult:c005eeeac4d4cd4fc3ce9be2:0000,554
bag:adult:GaussianCopula:s42:test:p050:b00,synthetic,syn:adult:GaussianCopula:S_final_test:5113c402b14ec2b809c20406,555
bag:adult:GaussianCopula:s42:test:p050:b00,synthetic,syn:adult:GaussianCopula:S_final_test:b380cf71bd2a72f873f8eead,556
bag:adult:GaussianCopula:s42:test:p050:b00,synthetic,syn:adult:GaussianCopula:S_final_test:a1f877accf8403617bf03fc8,557
bag:adult:GaussianCopula:s42:test:p050:b00,real,adult:398e44ff1a76fce567d562b2:0000,558
bag:adult:GaussianCopula:s42:test:p050:b00,synthetic,syn:adult:GaussianCopula:S_final_test:5d55a33d2668654058a20ca5,559
bag:adult:GaussianCopula:s42:test:p050:b00,synthetic,syn:adult:GaussianCopula:S_final_test:f737f7e4881adb4670f41908,560
bag:adult:GaussianCopula:s42:test:p050:b00,synthetic,syn:adult:GaussianCopula:S_final_test:9ac9c734f2a560cac047c940,561
bag:adult:GaussianCopula:s42:test:p050:b00,synthetic,syn:adult:GaussianCopula:S_final_test:7e1086773d81808646c8b35e,562
bag:adult:GaussianCopula:s42:test:p050:b00,real,adult:14bec3d79c25ea0a69c2c7e8:0000,563
bag:adult:GaussianCopula:s42:test:p050:b00,synthetic,syn:adult:GaussianCopula:S_final_test:3eb38e739018f0525005abb0,564
bag:adult:GaussianCopula:s42:test:p050:b00,real,adult:847914ba0ce828a3bf87b414:0000,565
bag:adult:GaussianCopula:s42:test:p050:b00,synthetic,syn:adult:GaussianCopula:S_final_test:3619599722a1e9d51d86ff5c,566
bag:adult:GaussianCopula:s42:test:p050:b00,real,adult:9da55d4221152186e2b90e7f:0000,567
bag:adult:GaussianCopula:s42:test:p050:b00,synthetic,syn:adult:GaussianCopula:S_final_test:00b20276d6a9fd9787665b85,568
bag:adult:GaussianCopula:s42:test:p050:b00,synthetic,syn:adult:GaussianCopula:S_final_test:f6020a150895e28bec8699c6,569
bag:adult:GaussianCopula:s42:test:p050:b00,real,adult:44826e1a26d11b041fb5485d:0000,570
bag:adult:GaussianCopula:s42:test:p050:b00,real,adult:712f40e10b739f4bbe8c0c5f:0000,571
bag:adult:GaussianCopula:s42:test:p050:b00,real,adult:f0f9eac94e3d1874d0dccbf9:0000,572
bag:adult:GaussianCopula:s42:test:p050:b00,real,adult:f545477b441da7fea33cb494:0000,573
bag:adult:GaussianCopula:s42:test:p050:b00,synthetic,syn:adult:GaussianCopula:S_final_test:bc4ebd0a9a0e3d8afb7ef5cf,574
bag:adult:GaussianCopula:s42:test:p050:b00,synthetic,syn:adult:GaussianCopula:S_final_test:268e58f6c8396abb787da428,575
bag:adult:GaussianCopula:s42:test:p050:b00,real,adult:b840511b52c2904e74f0d36d:0000,576
bag:adult:GaussianCopula:s42:test:p050:b00,real,adult:3d64add444c0d5a44e7024ba:0000,577
bag:adult:GaussianCopula:s42:test:p050:b00,synthetic,syn:adult:GaussianCopula:S_final_test:d736b02e72439fba2f867311,578
bag:adult:GaussianCopula:s42:test:p050:b00,synthetic,syn:adult:GaussianCopula:S_final_test:321fd87761d7af146b6a316d,579
bag:adult:GaussianCopula:s42:test:p050:b00,synthetic,syn:adult:GaussianCopula:S_final_test:2a4ccaa0003082d4315414b4,580
bag:adult:GaussianCopula:s42:test:p050:b00,real,adult:6da37629eed8b57ffbc2be82:0000,581
bag:adult:GaussianCopula:s42:test:p050:b00,real,adult:60d83f952dae78a2ba52d986:0000,582
bag:adult:GaussianCopula:s42:test:p050:b00,synthetic,syn:adult:GaussianCopula:S_final_test:68b92eb07d7905f1f1aa1e2e,583
bag:adult:GaussianCopula:s42:test:p050:b00,synthetic,syn:adult:GaussianCopula:S_final_test:80a29423d882b296b402f80f,584
bag:adult:GaussianCopula:s42:test:p050:b00,real,adult:864c9d1221ff362e2c0154df:0000,585
bag:adult:GaussianCopula:s42:test:p050:b00,synthetic,syn:adult:GaussianCopula:S_final_test:132675051983a427abdd35ff,586
bag:adult:GaussianCopula:s42:test:p050:b00,synthetic,syn:adult:GaussianCopula:S_final_test:aee19b668ebeecd216057525,587
bag:adult:GaussianCopula:s42:test:p050:b00,synthetic,syn:adult:GaussianCopula:S_final_test:d7c2bcfc88c6422142f0ed51,588
bag:adult:GaussianCopula:s42:test:p050:b00,real,adult:2eeef43c8b7fcb2e30fe7bca:0000,589
bag:adult:GaussianCopula:s42:test:p050:b00,real,adult:2994f040f5e9585e44b762e1:0000,590
bag:adult:GaussianCopula:s42:test:p050:b00,real,adult:7b7c0242055a63b3b2304d07:0000,591
bag:adult:GaussianCopula:s42:test:p050:b00,synthetic,syn:adult:GaussianCopula:S_final_test:8dd57d2062fb2b671c36d176,592
bag:adult:GaussianCopula:s42:test:p050:b00,real,adult:29229908be29c4517bbcf517:0000,593
bag:adult:GaussianCopula:s42:test:p050:b00,synthetic,syn:adult:GaussianCopula:S_final_test:44235151e1d8b8fcaf91f5f7,594
bag:adult:GaussianCopula:s42:test:p050:b00,synthetic,syn:adult:GaussianCopula:S_final_test:c2b1f8cb63c648de1f3bf39d,595
bag:adult:GaussianCopula:s42:test:p050:b00,synthetic,syn:adult:GaussianCopula:S_final_test:2ba163c1f0f63964b4c0db90,596
bag:adult:GaussianCopula:s42:test:p050:b00,real,adult:964dbe120116cd535cc5caa4:0000,597
bag:adult:GaussianCopula:s42:test:p050:b00,real,adult:f1aabac02cf71a803c6a798c:0000,598
bag:adult:GaussianCopula:s42:test:p050:b00,synthetic,syn:adult:GaussianCopula:S_final_test:06ca7d92975bfd706cc422b9,599
bag:adult:GaussianCopula:s42:test:p050:b00,real,adult:78d337b1a9db18ff328a4891:0000,600
bag:adult:GaussianCopula:s42:test:p050:b00,synthetic,syn:adult:GaussianCopula:S_final_test:f03f14b707505c7d9f15a51d,601
bag:adult:GaussianCopula:s42:test:p050:b00,real,adult:687ee22b9735371a7b5796d0:0000,602
bag:adult:GaussianCopula:s42:test:p050:b00,synthetic,syn:adult:GaussianCopula:S_final_test:2e402f718310490baf9dd25d,603
bag:adult:GaussianCopula:s42:test:p050:b00,synthetic,syn:adult:GaussianCopula:S_final_test:4ab0ee60be24bdb230832b32,604
bag:adult:GaussianCopula:s42:test:p050:b00,synthetic,syn:adult:GaussianCopula:S_final_test:34747ef803caa7e30ea0ed57,605
bag:adult:GaussianCopula:s42:test:p050:b00,real,adult:993fddafc4c96295279c096b:0000,606
bag:adult:GaussianCopula:s42:test:p050:b00,real,adult:242d9f8b98cc21c3ffa47951:0000,607
bag:adult:GaussianCopula:s42:test:p050:b00,real,adult:a855c6fb1fba7631bcb42512:0000,608
bag:adult:GaussianCopula:s42:test:p050:b00,synthetic,syn:adult:GaussianCopula:S_final_test:161f487af6f19fde76e93279,609
bag:adult:GaussianCopula:s42:test:p050:b00,real,adult:77545e094b7225c3d972fe31:0000,610
bag:adult:GaussianCopula:s42:test:p050:b00,synthetic,syn:adult:GaussianCopula:S_final_test:12d0903d1eec04ea891f1d0d,611
bag:adult:GaussianCopula:s42:test:p050:b00,real,adult:ff282c11b93cc9d284ab8cf7:0000,612
bag:adult:GaussianCopula:s42:test:p050:b00,synthetic,syn:adult:GaussianCopula:S_final_test:7d4513dd0d8b1833855f84aa,613
bag:adult:GaussianCopula:s42:test:p050:b00,synthetic,syn:adult:GaussianCopula:S_final_test:acd1a93c76ed2907916fce70,614
bag:adult:GaussianCopula:s42:test:p050:b00,real,adult:247b06789036cd2f655bfd86:0000,615
bag:adult:GaussianCopula:s42:test:p050:b00,real,adult:046e18102e902c8c970df46e:0000,616
bag:adult:GaussianCopula:s42:test:p050:b00,synthetic,syn:adult:GaussianCopula:S_final_test:cea11abc5bad3b3829727edf,617
bag:adult:GaussianCopula:s42:test:p050:b00,real,adult:36410ef5d293ed697deebc7a:0000,618
bag:adult:GaussianCopula:s42:test:p050:b00,synthetic,syn:adult:GaussianCopula:S_final_test:f4f1065f614f7d0198d6c71b,619
bag:adult:GaussianCopula:s42:test:p050:b00,real,adult:912ee3a2b4954bf8a255a883:0000,620
bag:adult:GaussianCopula:s42:test:p050:b00,real,adult:bdf8cdcf8b2a32e97161d5c6:0000,621
bag:adult:GaussianCopula:s42:test:p050:b00,synthetic,syn:adult:GaussianCopula:S_final_test:bfa7166a0ee2cc37b8a30ad2,622
bag:adult:GaussianCopula:s42:test:p050:b00,real,adult:2ae3505416dbd2577832802e:0000,623
bag:adult:GaussianCopula:s42:test:p050:b00,synthetic,syn:adult:GaussianCopula:S_final_test:7c9d1c2d20429830fcb869da,624
bag:adult:GaussianCopula:s42:test:p050:b00,synthetic,syn:adult:GaussianCopula:S_final_test:45aa3c6225f5e1687961cb28,625
bag:adult:GaussianCopula:s42:test:p050:b00,real,adult:7b2c6e52c1c5c526beb7918e:0000,626
bag:adult:GaussianCopula:s42:test:p050:b00,synthetic,syn:adult:GaussianCopula:S_final_test:aa81e8c976e4dbdb9525ca13,627
bag:adult:GaussianCopula:s42:test:p050:b00,synthetic,syn:adult:GaussianCopula:S_final_test:41885e9af7c137e23e84e16d,628
bag:adult:GaussianCopula:s42:test:p050:b00,real,adult:68740eab1ac7eae650b9b6ca:0000,629
bag:adult:GaussianCopula:s42:test:p050:b00,real,adult:78dba7d6dc9aeec0c0fd8b21:0000,630
bag:adult:GaussianCopula:s42:test:p050:b00,real,adult:0df65715a3633447e4195148:0000,631
bag:adult:GaussianCopula:s42:test:p050:b00,synthetic,syn:adult:GaussianCopula:S_final_test:551f50f3dc1be578164ad8d1,632
bag:adult:GaussianCopula:s42:test:p050:b00,synthetic,syn:adult:GaussianCopula:S_final_test:7e4ecaf606a67307d5994e77,633
bag:adult:GaussianCopula:s42:test:p050:b00,synthetic,syn:adult:GaussianCopula:S_final_test:6953d03a854aca8d5520db39,634
bag:adult:GaussianCopula:s42:test:p050:b00,real,adult:771dfd3dfccf5b97a870d78f:0000,635
bag:adult:GaussianCopula:s42:test:p050:b00,real,adult:80ab70c6bbec785adfa2f89f:0000,636
bag:adult:GaussianCopula:s42:test:p050:b00,real,adult:9e5689958fdea6b790cb82fd:0000,637
bag:adult:GaussianCopula:s42:test:p050:b00,real,adult:b0d7cb4f9bee6fa1da8fa5ad:0000,638
bag:adult:GaussianCopula:s42:test:p050:b00,real,adult:f5422a551fc1a16602980600:0000,639
bag:adult:GaussianCopula:s42:test:p050:b00,real,adult:0abba8b41c4cb3d7b0fbeb5a:0000,640
bag:adult:GaussianCopula:s42:test:p050:b00,synthetic,syn:adult:GaussianCopula:S_final_test:66b9bc5e34bd7fc2d3135e1e,641
bag:adult:GaussianCopula:s42:test:p050:b00,synthetic,syn:adult:GaussianCopula:S_final_test:3ba088f46b45b8945ef8e5ef,642
bag:adult:GaussianCopula:s42:test:p050:b00,synthetic,syn:adult:GaussianCopula:S_final_test:d613e706e3e6e24e4aec2f46,643
bag:adult:GaussianCopula:s42:test:p050:b00,synthetic,syn:adult:GaussianCopula:S_final_test:54e3a2d125e3e5f46375bac9,644
bag:adult:GaussianCopula:s42:test:p050:b00,synthetic,syn:adult:GaussianCopula:S_final_test:a8ad001aefbbcbc4b32d1780,645
bag:adult:GaussianCopula:s42:test:p050:b00,real,adult:5021e1111c8c7d54df7d77df:0000,646
bag:adult:GaussianCopula:s42:test:p050:b00,real,adult:b5d2f2c331679439c5dd56ec:0000,647
bag:adult:GaussianCopula:s42:test:p050:b00,synthetic,syn:adult:GaussianCopula:S_final_test:ba37ac736e5d0fe219cc2481,648
bag:adult:GaussianCopula:s42:test:p050:b00,synthetic,syn:adult:GaussianCopula:S_final_test:495a3a9c2191ce1f4b332e1c,649
bag:adult:GaussianCopula:s42:test:p050:b00,real,adult:3f1e1943b9ccbc96bfbf66eb:0000,650
bag:adult:GaussianCopula:s42:test:p050:b00,synthetic,syn:adult:GaussianCopula:S_final_test:5ad341f2cc29f729baa8d878,651
bag:adult:GaussianCopula:s42:test:p050:b00,real,adult:a47ac331a37c95df9e631396:0000,652
bag:adult:GaussianCopula:s42:test:p050:b00,real,adult:20205cbd50c4ad2c53774624:0000,653
bag:adult:GaussianCopula:s42:test:p050:b00,real,adult:99444734e7d224d4e3044ee4:0000,654
bag:adult:GaussianCopula:s42:test:p050:b00,real,adult:8a2cca32ea9f72b9910aabb3:0000,655
bag:adult:GaussianCopula:s42:test:p050:b00,synthetic,syn:adult:GaussianCopula:S_final_test:0aee95e617ce3c82b0904bd4,656
bag:adult:GaussianCopula:s42:test:p050:b00,real,adult:bc86d449aab8be7bf36c3d9d:0000,657
bag:adult:GaussianCopula:s42:test:p050:b00,real,adult:896f6da62ca03d73c3376588:0000,658
bag:adult:GaussianCopula:s42:test:p050:b00,real,adult:0f6dd634784f8f1341cb874f:0000,659
bag:adult:GaussianCopula:s42:test:p050:b00,synthetic,syn:adult:GaussianCopula:S_final_test:5ad070e643300c6699d08972,660
bag:adult:GaussianCopula:s42:test:p050:b00,synthetic,syn:adult:GaussianCopula:S_final_test:01a7400bb8c9941211688265,661
bag:adult:GaussianCopula:s42:test:p050:b00,real,adult:a5d734274b8984c7e4106cc8:0000,662
bag:adult:GaussianCopula:s42:test:p050:b00,real,adult:f05801ed197724c1b1e06329:0000,663
bag:adult:GaussianCopula:s42:test:p050:b00,synthetic,syn:adult:GaussianCopula:S_final_test:8fea6901a588d5814bae91b1,664
bag:adult:GaussianCopula:s42:test:p050:b00,synthetic,syn:adult:GaussianCopula:S_final_test:ce5c72d72cdbe3e24b938667,665
bag:adult:GaussianCopula:s42:test:p050:b00,real,adult:e851ed3bffe19b18672f4cbc:0000,666
bag:adult:GaussianCopula:s42:test:p050:b00,synthetic,syn:adult:GaussianCopula:S_final_test:a85614e22b7e329822e6ecf0,667
bag:adult:GaussianCopula:s42:test:p050:b00,synthetic,syn:adult:GaussianCopula:S_final_test:23ed523432a72cc25b28d2e5,668
bag:adult:GaussianCopula:s42:test:p050:b00,real,adult:292a655d440bfe063cde1fd2:0000,669
bag:adult:GaussianCopula:s42:test:p050:b00,synthetic,syn:adult:GaussianCopula:S_final_test:ef10702cec700d72619cad6e,670
bag:adult:GaussianCopula:s42:test:p050:b00,synthetic,syn:adult:GaussianCopula:S_final_test:0c4ab8d8fb7b8e24fc47376e,671
bag:adult:GaussianCopula:s42:test:p050:b00,synthetic,syn:adult:GaussianCopula:S_final_test:0a0d2870ccd1287ba0581519,672
bag:adult:GaussianCopula:s42:test:p050:b00,synthetic,syn:adult:GaussianCopula:S_final_test:5d3e0a6659fb8f068e99bcc9,673
bag:adult:GaussianCopula:s42:test:p050:b00,synthetic,syn:adult:GaussianCopula:S_final_test:4fdb73be8589990581081081,674
bag:adult:GaussianCopula:s42:test:p050:b00,real,adult:85c6e29fc0d1bd2542f6afca:0000,675
bag:adult:GaussianCopula:s42:test:p050:b00,real,adult:6f6dbd7e7e09909e7fa0ab7c:0000,676
bag:adult:GaussianCopula:s42:test:p050:b00,synthetic,syn:adult:GaussianCopula:S_final_test:4e80fc03f314cb4911de7b32,677
bag:adult:GaussianCopula:s42:test:p050:b00,real,adult:36ab087b00e23e703cea62fa:0000,678
bag:adult:GaussianCopula:s42:test:p050:b00,synthetic,syn:adult:GaussianCopula:S_final_test:6a9b0ceccf7a2ef1be87d828,679
bag:adult:GaussianCopula:s42:test:p050:b00,synthetic,syn:adult:GaussianCopula:S_final_test:fc81d34aec7177fd6d6b81b9,680
bag:adult:GaussianCopula:s42:test:p050:b00,real,adult:67a540715ef9a7e3d1cc453f:0000,681
bag:adult:GaussianCopula:s42:test:p050:b00,real,adult:36df2ff6d78f9242bb0c3a82:0000,682
bag:adult:GaussianCopula:s42:test:p050:b00,real,adult:db839a5dc4e7cecfd035ac57:0000,683
bag:adult:GaussianCopula:s42:test:p050:b00,synthetic,syn:adult:GaussianCopula:S_final_test:fff4d0c84a1bc94055285136,684
bag:adult:GaussianCopula:s42:test:p050:b00,synthetic,syn:adult:GaussianCopula:S_final_test:8852801028e08cd5537157fe,685
bag:adult:GaussianCopula:s42:test:p050:b00,synthetic,syn:adult:GaussianCopula:S_final_test:a619fb4dec47fca831aca98d,686
bag:adult:GaussianCopula:s42:test:p050:b00,synthetic,syn:adult:GaussianCopula:S_final_test:ac4a60a39c8702d8ac43f144,687
bag:adult:GaussianCopula:s42:test:p050:b00,real,adult:1ef57988d4588be616a73c7c:0000,688
bag:adult:GaussianCopula:s42:test:p050:b00,real,adult:64b99964922b5d833120d0d2:0000,689
bag:adult:GaussianCopula:s42:test:p050:b00,synthetic,syn:adult:GaussianCopula:S_final_test:af0d3f38d3f6bd9103821a77,690
bag:adult:GaussianCopula:s42:test:p050:b00,real,adult:eebd466dbf2ad26a96236700:0000,691
bag:adult:GaussianCopula:s42:test:p050:b00,real,adult:e6109db46f3416c6aa9a65e7:0000,692
bag:adult:GaussianCopula:s42:test:p050:b00,synthetic,syn:adult:GaussianCopula:S_final_test:b30ef0d93efcc43a56db9027,693
bag:adult:GaussianCopula:s42:test:p050:b00,real,adult:931188a62974c8dc4b5c7950:0000,694
bag:adult:GaussianCopula:s42:test:p050:b00,real,adult:3ec9e77c2558cfd3f4df1b3f:0000,695
bag:adult:GaussianCopula:s42:test:p050:b00,real,adult:55d5e7f8bdc4ad6c0d42769c:0000,696
bag:adult:GaussianCopula:s42:test:p050:b00,synthetic,syn:adult:GaussianCopula:S_final_test:f396d265aa0a7835de1b588c,697
bag:adult:GaussianCopula:s42:test:p050:b00,real,adult:88c2ad7c8bafb52405d837fb:0000,698
bag:adult:GaussianCopula:s42:test:p050:b00,synthetic,syn:adult:GaussianCopula:S_final_test:a7d7fc9391c240a9006f2ef4,699
bag:adult:GaussianCopula:s42:test:p050:b00,synthetic,syn:adult:GaussianCopula:S_final_test:1bf902a6c1bb898c6942ca6d,700
bag:adult:GaussianCopula:s42:test:p050:b00,synthetic,syn:adult:GaussianCopula:S_final_test:b30bbd005a7b974bf838e9a6,701
bag:adult:GaussianCopula:s42:test:p050:b00,synthetic,syn:adult:GaussianCopula:S_final_test:ce1c543c73185361759c2fe3,702
bag:adult:GaussianCopula:s42:test:p050:b00,real,adult:51b4fb4c66ec32dcf5567f0f:0000,703
bag:adult:GaussianCopula:s42:test:p050:b00,synthetic,syn:adult:GaussianCopula:S_final_test:e63fb9119f8a09c7fd08f366,704
bag:adult:GaussianCopula:s42:test:p050:b00,synthetic,syn:adult:GaussianCopula:S_final_test:91294e37af8687ef5220fd2e,705
bag:adult:GaussianCopula:s42:test:p050:b00,real,adult:de770a3d11ddbe279010960a:0000,706
bag:adult:GaussianCopula:s42:test:p050:b00,real,adult:3390dcca47b35962e972ac16:0000,707
bag:adult:GaussianCopula:s42:test:p050:b00,synthetic,syn:adult:GaussianCopula:S_final_test:02325045840f74516fa9ce64,708
bag:adult:GaussianCopula:s42:test:p050:b00,real,adult:ebd014c5839edccbb0746b75:0000,709
bag:adult:GaussianCopula:s42:test:p050:b00,real,adult:89f13aef6331ce4f30565037:0000,710
bag:adult:GaussianCopula:s42:test:p050:b00,real,adult:ff208e3787469a92b1972e01:0000,711
bag:adult:GaussianCopula:s42:test:p050:b00,synthetic,syn:adult:GaussianCopula:S_final_test:3aaa1c3ae23bf28466ed8f42,712
bag:adult:GaussianCopula:s42:test:p050:b00,real,adult:dc8eed10f30b4df09ad548d5:0000,713
bag:adult:GaussianCopula:s42:test:p050:b00,synthetic,syn:adult:GaussianCopula:S_final_test:05d0ac8a534383fea36728f3,714
bag:adult:GaussianCopula:s42:test:p050:b00,real,adult:ae30401b22e6167788e096ab:0000,715
bag:adult:GaussianCopula:s42:test:p050:b00,synthetic,syn:adult:GaussianCopula:S_final_test:0afd4de491ecb0f469759414,716
bag:adult:GaussianCopula:s42:test:p050:b00,real,adult:2f4f2e1a0a68215a0f72f858:0000,717
bag:adult:GaussianCopula:s42:test:p050:b00,synthetic,syn:adult:GaussianCopula:S_final_test:ee8fd44952b5c8482be53bd5,718
bag:adult:GaussianCopula:s42:test:p050:b00,synthetic,syn:adult:GaussianCopula:S_final_test:846fee2c14e326df207226a1,719
bag:adult:GaussianCopula:s42:test:p050:b00,real,adult:cfdae112fc1bfb036aa22b99:0000,720
bag:adult:GaussianCopula:s42:test:p050:b00,synthetic,syn:adult:GaussianCopula:S_final_test:2289f7422f4f2dff2c9f4e7b,721
bag:adult:GaussianCopula:s42:test:p050:b00,real,adult:f110a69fb94545d658848bc9:0000,722
bag:adult:GaussianCopula:s42:test:p050:b00,real,adult:8182954a2926d169c90664f0:0000,723
bag:adult:GaussianCopula:s42:test:p050:b00,real,adult:409ac0654b3ab5db34d921cf:0000,724
bag:adult:GaussianCopula:s42:test:p050:b00,synthetic,syn:adult:GaussianCopula:S_final_test:710e01a8dc1f1076d5c76353,725
bag:adult:GaussianCopula:s42:test:p050:b00,real,adult:d8b88460233cea90a4347281:0000,726
bag:adult:GaussianCopula:s42:test:p050:b00,real,adult:a2a499430479a2d0bc3b839c:0000,727
bag:adult:GaussianCopula:s42:test:p050:b00,real,adult:8d9a67372628c4498da51ab6:0000,728
bag:adult:GaussianCopula:s42:test:p050:b00,real,adult:129d0384efbe2018f6d236e1:0000,729
bag:adult:GaussianCopula:s42:test:p050:b00,synthetic,syn:adult:GaussianCopula:S_final_test:c268406febb19711cc3602ed,730
bag:adult:GaussianCopula:s42:test:p050:b00,synthetic,syn:adult:GaussianCopula:S_final_test:e18c5b5743394f8bd4b33f3d,731
bag:adult:GaussianCopula:s42:test:p050:b00,real,adult:a34fa712ca90fd0429078643:0000,732
bag:adult:GaussianCopula:s42:test:p050:b00,synthetic,syn:adult:GaussianCopula:S_final_test:1b97322c77b2082c16f9613e,733
bag:adult:GaussianCopula:s42:test:p050:b00,real,adult:70e7b3e768b4a6aae58b9344:0000,734
bag:adult:GaussianCopula:s42:test:p050:b00,synthetic,syn:adult:GaussianCopula:S_final_test:482a39cf4093840d185f328a,735
bag:adult:GaussianCopula:s42:test:p050:b00,real,adult:9c9e4c3a0f0517eae5ccca66:0000,736
bag:adult:GaussianCopula:s42:test:p050:b00,synthetic,syn:adult:GaussianCopula:S_final_test:28da88e78f72acba47e1c9dc,737
bag:adult:GaussianCopula:s42:test:p050:b00,real,adult:e1259c083482b00cf0d5c22e:0000,738
bag:adult:GaussianCopula:s42:test:p050:b00,synthetic,syn:adult:GaussianCopula:S_final_test:c02ea1bcb70f8ca98718b90b,739
bag:adult:GaussianCopula:s42:test:p050:b00,real,adult:51513b38e99e842c80fe4cbf:0000,740
bag:adult:GaussianCopula:s42:test:p050:b00,real,adult:20d967eff9624508beb934ff:0000,741
bag:adult:GaussianCopula:s42:test:p050:b00,real,adult:dc1484cd52fb8e27b680f32b:0000,742
bag:adult:GaussianCopula:s42:test:p050:b00,synthetic,syn:adult:GaussianCopula:S_final_test:aec8a532c1fe58b61db8a984,743
bag:adult:GaussianCopula:s42:test:p050:b00,synthetic,syn:adult:GaussianCopula:S_final_test:1d70cd0d25050cd5639c49e9,744
bag:adult:GaussianCopula:s42:test:p050:b00,synthetic,syn:adult:GaussianCopula:S_final_test:c4b2e8b1427fd79d4a120a63,745
bag:adult:GaussianCopula:s42:test:p050:b00,real,adult:c6f1fe335a599504b7b23bd2:0000,746
bag:adult:GaussianCopula:s42:test:p050:b00,synthetic,syn:adult:GaussianCopula:S_final_test:78ea44dfa5e983bbbdb82a66,747
bag:adult:GaussianCopula:s42:test:p050:b00,real,adult:f99cf8a3814d1385bdbb2a95:0000,748
bag:adult:GaussianCopula:s42:test:p050:b00,real,adult:1372eb5842e4989dbf66cb17:0000,749
bag:adult:GaussianCopula:s42:test:p050:b00,real,adult:c8164fe739f49a30585800e0:0000,750
bag:adult:GaussianCopula:s42:test:p050:b00,real,adult:d72ff6326125986ade7a2240:0000,751
bag:adult:GaussianCopula:s42:test:p050:b00,real,adult:8a0b7b765ebc4123e8d5fda9:0000,752
bag:adult:GaussianCopula:s42:test:p050:b00,real,adult:6c0434c47896fae699b71a33:0000,753
bag:adult:GaussianCopula:s42:test:p050:b00,synthetic,syn:adult:GaussianCopula:S_final_test:406063fde101de5ee4cfcfc7,754
bag:adult:GaussianCopula:s42:test:p050:b00,real,adult:755dfeb47e0acc262b7fcab4:0000,755
bag:adult:GaussianCopula:s42:test:p050:b00,synthetic,syn:adult:GaussianCopula:S_final_test:84a0240fd932e1f433d505f9,756
bag:adult:GaussianCopula:s42:test:p050:b00,synthetic,syn:adult:GaussianCopula:S_final_test:daa49ae6eaa6bc131505af41,757
bag:adult:GaussianCopula:s42:test:p050:b00,synthetic,syn:adult:GaussianCopula:S_final_test:3fba3419e4b12d47f06f6ce7,758
bag:adult:GaussianCopula:s42:test:p050:b00,real,adult:363b5e6faf63c878eabe1b78:0000,759
bag:adult:GaussianCopula:s42:test:p050:b00,synthetic,syn:adult:GaussianCopula:S_final_test:af39236c654b29bb6ccd93fd,760
bag:adult:GaussianCopula:s42:test:p050:b00,synthetic,syn:adult:GaussianCopula:S_final_test:e37420ecce1ee4faf5dac046,761
bag:adult:GaussianCopula:s42:test:p050:b00,synthetic,syn:adult:GaussianCopula:S_final_test:2f8778ef0377748328a5f689,762
bag:adult:GaussianCopula:s42:test:p050:b00,real,adult:19a3655ba972c3fd317ce6dc:0000,763
bag:adult:GaussianCopula:s42:test:p050:b00,synthetic,syn:adult:GaussianCopula:S_final_test:dd2575120196c23111eb710d,764
bag:adult:GaussianCopula:s42:test:p050:b00,real,adult:45d191a1e591b25f00fdaf40:0000,765
bag:adult:GaussianCopula:s42:test:p050:b00,synthetic,syn:adult:GaussianCopula:S_final_test:cb1d45af5f195f36c8d5f254,766
bag:adult:GaussianCopula:s42:test:p050:b00,synthetic,syn:adult:GaussianCopula:S_final_test:cb6628ac1ed2159d2b2cd9f6,767
bag:adult:GaussianCopula:s42:test:p050:b00,synthetic,syn:adult:GaussianCopula:S_final_test:9099bfc5a2d473e008e4d376,768
bag:adult:GaussianCopula:s42:test:p050:b00,synthetic,syn:adult:GaussianCopula:S_final_test:0709cf41047f1e9b45e12316,769
bag:adult:GaussianCopula:s42:test:p050:b00,real,adult:8d94921d5bb4005064e6becd:0000,770
bag:adult:GaussianCopula:s42:test:p050:b00,real,adult:81515e35642d54efc9b24460:0000,771
bag:adult:GaussianCopula:s42:test:p050:b00,real,adult:d928893bc09c16c2ebbf195d:0000,772
bag:adult:GaussianCopula:s42:test:p050:b00,real,adult:5d444f3d22a48490c5280f84:0000,773
bag:adult:GaussianCopula:s42:test:p050:b00,synthetic,syn:adult:GaussianCopula:S_final_test:d92cc72e5f5bd813ee3f5e7f,774
bag:adult:GaussianCopula:s42:test:p050:b00,real,adult:29e8cb21597c3e162b6cfd73:0000,775
bag:adult:GaussianCopula:s42:test:p050:b00,real,adult:a6de9bd9d9182418e803acb1:0000,776
bag:adult:GaussianCopula:s42:test:p050:b00,synthetic,syn:adult:GaussianCopula:S_final_test:fd59264d81ca9674a076eb18,777
bag:adult:GaussianCopula:s42:test:p050:b00,synthetic,syn:adult:GaussianCopula:S_final_test:60441eb8c477f178680d9e62,778
bag:adult:GaussianCopula:s42:test:p050:b00,real,adult:d19edc16d88214ff5d3f832a:0000,779
bag:adult:GaussianCopula:s42:test:p050:b00,synthetic,syn:adult:GaussianCopula:S_final_test:0ffaaf745d7b1412fb0ba3a5,780
bag:adult:GaussianCopula:s42:test:p050:b00,synthetic,syn:adult:GaussianCopula:S_final_test:a4df07eb38931bb037840eae,781
bag:adult:GaussianCopula:s42:test:p050:b00,real,adult:cd6e14bbef1358c138cc6542:0000,782
bag:adult:GaussianCopula:s42:test:p050:b00,real,adult:e82cd3c0e83a22901069263b:0000,783
bag:adult:GaussianCopula:s42:test:p050:b00,real,adult:3d945dba2482812f07e058d9:0000,784
bag:adult:GaussianCopula:s42:test:p050:b00,synthetic,syn:adult:GaussianCopula:S_final_test:159c5dd827ef12fe85dcb8fc,785
bag:adult:GaussianCopula:s42:test:p050:b00,real,adult:100f7e96c5b76297dd680b07:0000,786
bag:adult:GaussianCopula:s42:test:p050:b00,real,adult:7dd23631bf19d7c8014528de:0000,787
bag:adult:GaussianCopula:s42:test:p050:b00,real,adult:dc2599c53410acb1bee9b813:0000,788
bag:adult:GaussianCopula:s42:test:p050:b00,synthetic,syn:adult:GaussianCopula:S_final_test:7a61e98e3d224d17b398eeb3,789
bag:adult:GaussianCopula:s42:test:p050:b00,real,adult:eef6b65c5936531507f46f7c:0000,790
bag:adult:GaussianCopula:s42:test:p050:b00,synthetic,syn:adult:GaussianCopula:S_final_test:34dffab85b8b0d27d41de2dc,791
bag:adult:GaussianCopula:s42:test:p050:b00,real,adult:7140c45e646ce381d7600c2e:0000,792
bag:adult:GaussianCopula:s42:test:p050:b00,synthetic,syn:adult:GaussianCopula:S_final_test:a4377bcddab82f394e0f821f,793
bag:adult:GaussianCopula:s42:test:p050:b00,real,adult:cff947533d140dee3f54dec5:0000,794
bag:adult:GaussianCopula:s42:test:p050:b00,real,adult:ef0d62f738f3e06a13bd039e:0000,795
bag:adult:GaussianCopula:s42:test:p050:b00,real,adult:386922906b503cd35398d997:0000,796
bag:adult:GaussianCopula:s42:test:p050:b00,synthetic,syn:adult:GaussianCopula:S_final_test:501bbdf7860537c0e0ca082d,797
bag:adult:GaussianCopula:s42:test:p050:b00,real,adult:9bdbec883c11f33fe4f01694:0000,798
bag:adult:GaussianCopula:s42:test:p050:b00,synthetic,syn:adult:GaussianCopula:S_final_test:e292f3e288ec4635ea9b034d,799
bag:adult:GaussianCopula:s42:test:p050:b00,synthetic,syn:adult:GaussianCopula:S_final_test:4af76c50331e855fbf9fce61,800
bag:adult:GaussianCopula:s42:test:p050:b00,synthetic,syn:adult:GaussianCopula:S_final_test:6dd13a40e010307b48072f3f,801
bag:adult:GaussianCopula:s42:test:p050:b00,synthetic,syn:adult:GaussianCopula:S_final_test:06fd75daecaa95cfec2c042e,802
bag:adult:GaussianCopula:s42:test:p050:b00,synthetic,syn:adult:GaussianCopula:S_final_test:c9995162b57605f7f9e00dfc,803
bag:adult:GaussianCopula:s42:test:p050:b00,real,adult:2a3af8fdad6e6730c43e3791:0000,804
bag:adult:GaussianCopula:s42:test:p050:b00,synthetic,syn:adult:GaussianCopula:S_final_test:09f08b2ce470d02c50b71b17,805
bag:adult:GaussianCopula:s42:test:p050:b00,synthetic,syn:adult:GaussianCopula:S_final_test:7c7bb64b0fefc59d2d20d9cf,806
bag:adult:GaussianCopula:s42:test:p050:b00,synthetic,syn:adult:GaussianCopula:S_final_test:48be99dc23b05504ca14abf0,807
bag:adult:GaussianCopula:s42:test:p050:b00,real,adult:9c83ea6d15a1b3ea22445bbc:0000,808
bag:adult:GaussianCopula:s42:test:p050:b00,synthetic,syn:adult:GaussianCopula:S_final_test:8d5850a3d06373f8364717c6,809
bag:adult:GaussianCopula:s42:test:p050:b00,synthetic,syn:adult:GaussianCopula:S_final_test:2235deda0dfc24c171af2015,810
bag:adult:GaussianCopula:s42:test:p050:b00,synthetic,syn:adult:GaussianCopula:S_final_test:c134844364d72a454ec9d0c9,811
bag:adult:GaussianCopula:s42:test:p050:b00,real,adult:c86a90902892f7f03e8f8d08:0000,812
bag:adult:GaussianCopula:s42:test:p050:b00,synthetic,syn:adult:GaussianCopula:S_final_test:8f02581c689f69873b88afef,813
bag:adult:GaussianCopula:s42:test:p050:b00,real,adult:7be1bf285ad81a78c4d13461:0000,814
bag:adult:GaussianCopula:s42:test:p050:b00,synthetic,syn:adult:GaussianCopula:S_final_test:ee5f19d80697b95597327d52,815
bag:adult:GaussianCopula:s42:test:p050:b00,synthetic,syn:adult:GaussianCopula:S_final_test:f061056b15464a79ce26357b,816
bag:adult:GaussianCopula:s42:test:p050:b00,real,adult:b6b1b292dd57623b468ec608:0000,817
bag:adult:GaussianCopula:s42:test:p050:b00,synthetic,syn:adult:GaussianCopula:S_final_test:70884d15da6dd99fed6171c2,818
bag:adult:GaussianCopula:s42:test:p050:b00,real,adult:3fcef7f069dd75659d400d0a:0000,819
bag:adult:GaussianCopula:s42:test:p050:b00,real,adult:2d1a7f14e35152c5519411e3:0000,820
bag:adult:GaussianCopula:s42:test:p050:b00,synthetic,syn:adult:GaussianCopula:S_final_test:018a5bfefeef263acd162d5b,821
bag:adult:GaussianCopula:s42:test:p050:b00,real,adult:e68ccf65841dea4b738d81e1:0000,822
bag:adult:GaussianCopula:s42:test:p050:b00,real,adult:08fee66180da0ba5d0ba9c17:0000,823
bag:adult:GaussianCopula:s42:test:p050:b00,synthetic,syn:adult:GaussianCopula:S_final_test:eb067b5139056d1b19e278d1,824
bag:adult:GaussianCopula:s42:test:p050:b00,real,adult:385048c5264cce6a8010d226:0000,825
bag:adult:GaussianCopula:s42:test:p050:b00,synthetic,syn:adult:GaussianCopula:S_final_test:152390184f1582763e4fd1d9,826
bag:adult:GaussianCopula:s42:test:p050:b00,real,adult:ed3f32ce8200e7444d2797c9:0000,827
bag:adult:GaussianCopula:s42:test:p050:b00,synthetic,syn:adult:GaussianCopula:S_final_test:56ed2eff60c9f89aae72dd9e,828
bag:adult:GaussianCopula:s42:test:p050:b00,real,adult:7f5fc5e11159508256617d65:0000,829
bag:adult:GaussianCopula:s42:test:p050:b00,synthetic,syn:adult:GaussianCopula:S_final_test:8fdf4e3e379035e7252e5d24,830
bag:adult:GaussianCopula:s42:test:p050:b00,synthetic,syn:adult:GaussianCopula:S_final_test:2be2e1aa57c28b952a169427,831
bag:adult:GaussianCopula:s42:test:p050:b00,real,adult:d379ca5b4543747c279ac819:0000,832
bag:adult:GaussianCopula:s42:test:p050:b00,synthetic,syn:adult:GaussianCopula:S_final_test:5a38f7c6862aed9b75682ff1,833
bag:adult:GaussianCopula:s42:test:p050:b00,real,adult:f962c59698c0ca42a2cf8296:0000,834
bag:adult:GaussianCopula:s42:test:p050:b00,real,adult:827372f1cf9b848c6c6f9f5b:0000,835
bag:adult:GaussianCopula:s42:test:p050:b00,synthetic,syn:adult:GaussianCopula:S_final_test:600bc8440ee7cab6fcf557dc,836
bag:adult:GaussianCopula:s42:test:p050:b00,real,adult:da54efda4ade5cdb65700e0b:0000,837
bag:adult:GaussianCopula:s42:test:p050:b00,real,adult:d1134ce7e038e527058d399f:0000,838
bag:adult:GaussianCopula:s42:test:p050:b00,synthetic,syn:adult:GaussianCopula:S_final_test:4806e68234ea0b76d646e979,839
bag:adult:GaussianCopula:s42:test:p050:b00,real,adult:eef94bab0b52f7a6befff80d:0000,840
bag:adult:GaussianCopula:s42:test:p050:b00,synthetic,syn:adult:GaussianCopula:S_final_test:80878a317d78cbc7692b55eb,841
bag:adult:GaussianCopula:s42:test:p050:b00,real,adult:d2440b4b47af68d7c0ef078b:0000,842
bag:adult:GaussianCopula:s42:test:p050:b00,synthetic,syn:adult:GaussianCopula:S_final_test:579e8d5e3f0a19172351ca8c,843
bag:adult:GaussianCopula:s42:test:p050:b00,synthetic,syn:adult:GaussianCopula:S_final_test:72359097014c0464573422aa,844
bag:adult:GaussianCopula:s42:test:p050:b00,synthetic,syn:adult:GaussianCopula:S_final_test:161e5fbac67c9b89e3c13b76,845
bag:adult:GaussianCopula:s42:test:p050:b00,synthetic,syn:adult:GaussianCopula:S_final_test:2219c713187a32a7113d3e8a,846
bag:adult:GaussianCopula:s42:test:p050:b00,synthetic,syn:adult:GaussianCopula:S_final_test:ff132b53bfe4cf4219f8ea59,847
bag:adult:GaussianCopula:s42:test:p050:b00,synthetic,syn:adult:GaussianCopula:S_final_test:1680d7f6fe968ecbf9bd02c3,848
bag:adult:GaussianCopula:s42:test:p050:b00,real,adult:751df0113eec2e352134f6a0:0000,849
bag:adult:GaussianCopula:s42:test:p050:b00,real,adult:132554c97ca531dd2572506a:0000,850
bag:adult:GaussianCopula:s42:test:p050:b00,real,adult:131d21085cfcedfaf3bf8b86:0000,851
bag:adult:GaussianCopula:s42:test:p050:b00,real,adult:dc5e1cc28e30cbd5baba8aff:0000,852
bag:adult:GaussianCopula:s42:test:p050:b00,synthetic,syn:adult:GaussianCopula:S_final_test:944a34ff282781824c798122,853
bag:adult:GaussianCopula:s42:test:p050:b00,real,adult:274e634c88a7fa0b3649e001:0000,854
bag:adult:GaussianCopula:s42:test:p050:b00,real,adult:785c4b3c95c1898e7d58e680:0000,855
bag:adult:GaussianCopula:s42:test:p050:b00,synthetic,syn:adult:GaussianCopula:S_final_test:e25070ff9947b4700510c395,856
bag:adult:GaussianCopula:s42:test:p050:b00,real,adult:226ceb3f76d2ee6d9c600dbb:0000,857
bag:adult:GaussianCopula:s42:test:p050:b00,real,adult:9376fe57e15df662b8a4bda3:0000,858
bag:adult:GaussianCopula:s42:test:p050:b00,real,adult:624e92e4ae9159589e096e74:0000,859
bag:adult:GaussianCopula:s42:test:p050:b00,synthetic,syn:adult:GaussianCopula:S_final_test:abc663f9449f505ac1821cbb,860
bag:adult:GaussianCopula:s42:test:p050:b00,real,adult:a6455e0711095a9e4df0a5c8:0000,861
bag:adult:GaussianCopula:s42:test:p050:b00,synthetic,syn:adult:GaussianCopula:S_final_test:07342978c99b4185d0ba8d6f,862
bag:adult:GaussianCopula:s42:test:p050:b00,synthetic,syn:adult:GaussianCopula:S_final_test:8d31eee389fd7ed1f10abfaf,863
bag:adult:GaussianCopula:s42:test:p050:b00,real,adult:8f947c0a530d2a0b7066fb1a:0000,864
bag:adult:GaussianCopula:s42:test:p050:b00,synthetic,syn:adult:GaussianCopula:S_final_test:89accec1ade7a28762dc3449,865
bag:adult:GaussianCopula:s42:test:p050:b00,real,adult:5a716a9cbf81c28c4eceb673:0000,866
bag:adult:GaussianCopula:s42:test:p050:b00,real,adult:636f5a65c3a155d7462a2643:0000,867
bag:adult:GaussianCopula:s42:test:p050:b00,real,adult:72a3ba21198015c22ebbd83b:0000,868
bag:adult:GaussianCopula:s42:test:p050:b00,real,adult:2245e7bc6e50df93b995014a:0000,869
bag:adult:GaussianCopula:s42:test:p050:b00,synthetic,syn:adult:GaussianCopula:S_final_test:937f78000492453c289aad4c,870
bag:adult:GaussianCopula:s42:test:p050:b00,real,adult:1ac231403c98ee2f6e789775:0000,871
bag:adult:GaussianCopula:s42:test:p050:b00,synthetic,syn:adult:GaussianCopula:S_final_test:e5f806c2916204c1341d6138,872
bag:adult:GaussianCopula:s42:test:p050:b00,synthetic,syn:adult:GaussianCopula:S_final_test:23e2bca5696646026bfcc8af,873
bag:adult:GaussianCopula:s42:test:p050:b00,synthetic,syn:adult:GaussianCopula:S_final_test:6eafb213d72a73260ceaae09,874
bag:adult:GaussianCopula:s42:test:p050:b00,synthetic,syn:adult:GaussianCopula:S_final_test:3e0767d306a1fd75ebb3012a,875
bag:adult:GaussianCopula:s42:test:p050:b00,synthetic,syn:adult:GaussianCopula:S_final_test:6b29a423e872a6d1157ddae8,876
bag:adult:GaussianCopula:s42:test:p050:b00,synthetic,syn:adult:GaussianCopula:S_final_test:7ff3734410c432a2d46a7975,877
bag:adult:GaussianCopula:s42:test:p050:b00,real,adult:a582bf19903de524cf5285e3:0000,878
bag:adult:GaussianCopula:s42:test:p050:b00,real,adult:3f8303317d28b4dccd73f10d:0000,879
bag:adult:GaussianCopula:s42:test:p050:b00,real,adult:413e7edc1eac42e65511ae2f:0000,880
bag:adult:GaussianCopula:s42:test:p050:b00,synthetic,syn:adult:GaussianCopula:S_final_test:63ba58d2179c6a3037d19e72,881
bag:adult:GaussianCopula:s42:test:p050:b00,synthetic,syn:adult:GaussianCopula:S_final_test:b8912e15e7a9b84d7204a6cc,882
bag:adult:GaussianCopula:s42:test:p050:b00,synthetic,syn:adult:GaussianCopula:S_final_test:1735256fb8ac18bc7fe69f2b,883
bag:adult:GaussianCopula:s42:test:p050:b00,real,adult:a56841c871efd56fca1c2320:0000,884
bag:adult:GaussianCopula:s42:test:p050:b00,synthetic,syn:adult:GaussianCopula:S_final_test:956af5de95d7f6e2b02fe7cd,885
bag:adult:GaussianCopula:s42:test:p050:b00,real,adult:1f4efc2460c0daf2b7981e92:0000,886
bag:adult:GaussianCopula:s42:test:p050:b00,synthetic,syn:adult:GaussianCopula:S_final_test:158db4f1f4cd5bfcc7b447ad,887
bag:adult:GaussianCopula:s42:test:p050:b00,real,adult:96e72a77d683f1c7f91f7185:0000,888
bag:adult:GaussianCopula:s42:test:p050:b00,synthetic,syn:adult:GaussianCopula:S_final_test:1455547fa532fdd837445937,889
bag:adult:GaussianCopula:s42:test:p050:b00,real,adult:3b01d0148cb5584624dd8ae4:0000,890
bag:adult:GaussianCopula:s42:test:p050:b00,synthetic,syn:adult:GaussianCopula:S_final_test:a0fa3d1c6cbfe1204fab8926,891
bag:adult:GaussianCopula:s42:test:p050:b00,synthetic,syn:adult:GaussianCopula:S_final_test:8e7b418d7b0a258bf6141918,892
bag:adult:GaussianCopula:s42:test:p050:b00,real,adult:8701dcc39a8edb4957219574:0000,893
bag:adult:GaussianCopula:s42:test:p050:b00,real,adult:5fb4bb8aede127b0a43d5546:0000,894
bag:adult:GaussianCopula:s42:test:p050:b00,real,adult:2e9e5da67a05c13768d51a03:0000,895
bag:adult:GaussianCopula:s42:test:p050:b00,synthetic,syn:adult:GaussianCopula:S_final_test:0a51b15b011f08c2c9fb48c3,896
bag:adult:GaussianCopula:s42:test:p050:b00,real,adult:c0de9eac6fb9aea46185aa03:0000,897
bag:adult:GaussianCopula:s42:test:p050:b00,synthetic,syn:adult:GaussianCopula:S_final_test:05e95870b715aafd6cb3e4b7,898
bag:adult:GaussianCopula:s42:test:p050:b00,synthetic,syn:adult:GaussianCopula:S_final_test:24b452018619fff96726b0bf,899
bag:adult:GaussianCopula:s42:test:p050:b00,synthetic,syn:adult:GaussianCopula:S_final_test:dd8797ce69e409384e91fd0e,900
bag:adult:GaussianCopula:s42:test:p050:b00,synthetic,syn:adult:GaussianCopula:S_final_test:e310eb9fd8d8f8b832ff6e6d,901
bag:adult:GaussianCopula:s42:test:p050:b00,real,adult:51e37de3eefd08bbe5c07e81:0000,902
bag:adult:GaussianCopula:s42:test:p050:b00,real,adult:4f1b4efe3c4315c3d7bc3aa9:0000,903
bag:adult:GaussianCopula:s42:test:p050:b00,synthetic,syn:adult:GaussianCopula:S_final_test:f0d6d7d80bb722ac0380db7b,904
bag:adult:GaussianCopula:s42:test:p050:b00,synthetic,syn:adult:GaussianCopula:S_final_test:7912175dfff0402174442798,905
bag:adult:GaussianCopula:s42:test:p050:b00,synthetic,syn:adult:GaussianCopula:S_final_test:b57d469a8e9a6d5b4834b287,906
bag:adult:GaussianCopula:s42:test:p050:b00,real,adult:6746d4fbc9f464c2d6bcc1c3:0000,907
bag:adult:GaussianCopula:s42:test:p050:b00,real,adult:fe2b7fb190bec4768538a334:0000,908
bag:adult:GaussianCopula:s42:test:p050:b00,real,adult:b2a43f3f6ce1c2051578a324:0000,909
bag:adult:GaussianCopula:s42:test:p050:b00,synthetic,syn:adult:GaussianCopula:S_final_test:acc98013c525885e4c73ab3c,910
bag:adult:GaussianCopula:s42:test:p050:b00,real,adult:6eda1817f361b83fb26d7e62:0000,911
bag:adult:GaussianCopula:s42:test:p050:b00,synthetic,syn:adult:GaussianCopula:S_final_test:c02dc26337376b1e9de619a7,912
bag:adult:GaussianCopula:s42:test:p050:b00,synthetic,syn:adult:GaussianCopula:S_final_test:7a9af41399355c95c2580526,913
bag:adult:GaussianCopula:s42:test:p050:b00,real,adult:f872e677817aa72882517242:0000,914
bag:adult:GaussianCopula:s42:test:p050:b00,synthetic,syn:adult:GaussianCopula:S_final_test:6c698814b9a84da6bee7eda6,915
bag:adult:GaussianCopula:s42:test:p050:b00,real,adult:b26b9f5869a125d7879f1149:0000,916
bag:adult:GaussianCopula:s42:test:p050:b00,real,adult:7e1fcb682d726d37d75c13de:0000,917
bag:adult:GaussianCopula:s42:test:p050:b00,real,adult:cd93a3ae7c126e011d7b9c1d:0000,918
bag:adult:GaussianCopula:s42:test:p050:b00,synthetic,syn:adult:GaussianCopula:S_final_test:724b6438dfe2b3c0f8cd0211,919
bag:adult:GaussianCopula:s42:test:p050:b00,real,adult:ae981bdc482faeba9e9b2a73:0000,920
bag:adult:GaussianCopula:s42:test:p050:b00,real,adult:bb14db424fd00e1e425012c0:0000,921
bag:adult:GaussianCopula:s42:test:p050:b00,synthetic,syn:adult:GaussianCopula:S_final_test:1e4dfd92d29fc58c31d252a3,922
bag:adult:GaussianCopula:s42:test:p050:b00,real,adult:d400dcc9bfa93b862f435c88:0000,923
bag:adult:GaussianCopula:s42:test:p050:b00,real,adult:dc05091adb2d55dd4774b317:0000,924
bag:adult:GaussianCopula:s42:test:p050:b00,synthetic,syn:adult:GaussianCopula:S_final_test:cb470c84db7205bc02c3d084,925
bag:adult:GaussianCopula:s42:test:p050:b00,synthetic,syn:adult:GaussianCopula:S_final_test:e4eb05f3e4b2f725ed3d4a56,926
bag:adult:GaussianCopula:s42:test:p050:b00,real,adult:aeb1868ef9db03f5c9fa0568:0000,927
bag:adult:GaussianCopula:s42:test:p050:b00,synthetic,syn:adult:GaussianCopula:S_final_test:4a77b10e021c4e6f8cdafc86,928
bag:adult:GaussianCopula:s42:test:p050:b00,real,adult:e8b5c5a2bd3a3017b6467d39:0000,929
bag:adult:GaussianCopula:s42:test:p050:b00,synthetic,syn:adult:GaussianCopula:S_final_test:e4980bd61d1f49f30cf2e2ac,930
bag:adult:GaussianCopula:s42:test:p050:b00,synthetic,syn:adult:GaussianCopula:S_final_test:b95cc92145a7f07db0909fb3,931
bag:adult:GaussianCopula:s42:test:p050:b00,real,adult:3b20b6035a5d5860e3e75001:0000,932
bag:adult:GaussianCopula:s42:test:p050:b00,real,adult:b4c7dc39b0b8e7998aa1cbab:0000,933
bag:adult:GaussianCopula:s42:test:p050:b00,real,adult:90519c5428e9ffa43f584c71:0000,934
bag:adult:GaussianCopula:s42:test:p050:b00,real,adult:876e813809d2005cac4d9acf:0000,935
bag:adult:GaussianCopula:s42:test:p050:b00,synthetic,syn:adult:GaussianCopula:S_final_test:0c8f8dd187b103de9fae2176,936
bag:adult:GaussianCopula:s42:test:p050:b00,real,adult:1909550ced68f8b2e4ac2e6e:0000,937
bag:adult:GaussianCopula:s42:test:p050:b00,real,adult:b8b5f1a2039f7a8413ace3a1:0000,938
bag:adult:GaussianCopula:s42:test:p050:b00,synthetic,syn:adult:GaussianCopula:S_final_test:c00d60386a49a3914e949d8c,939
bag:adult:GaussianCopula:s42:test:p050:b00,real,adult:f470c2804fd593a4793bbe8b:0000,940
bag:adult:GaussianCopula:s42:test:p050:b00,synthetic,syn:adult:GaussianCopula:S_final_test:9a71004ef6d3a85327d11023,941
bag:adult:GaussianCopula:s42:test:p050:b00,synthetic,syn:adult:GaussianCopula:S_final_test:ddc13bc13aaf828a6e1a3156,942
bag:adult:GaussianCopula:s42:test:p050:b00,real,adult:546086220cac45494e4283b8:0000,943
bag:adult:GaussianCopula:s42:test:p050:b00,real,adult:cfa28f1766b854689f84499d:0000,944
bag:adult:GaussianCopula:s42:test:p050:b00,synthetic,syn:adult:GaussianCopula:S_final_test:d1add2f3254bbb45f08b4d69,945
bag:adult:GaussianCopula:s42:test:p050:b00,real,adult:ef6b3346873fdf07a6ad43eb:0000,946
bag:adult:GaussianCopula:s42:test:p050:b00,real,adult:57ce3ceb213c5b77ea00f965:0000,947
bag:adult:GaussianCopula:s42:test:p050:b00,synthetic,syn:adult:GaussianCopula:S_final_test:19a19a91422d232d49144237,948
bag:adult:GaussianCopula:s42:test:p050:b00,real,adult:f703342db5cbede43bd3ddc5:0000,949
bag:adult:GaussianCopula:s42:test:p050:b00,synthetic,syn:adult:GaussianCopula:S_final_test:3ac9de843d2a375aee663503,950
bag:adult:GaussianCopula:s42:test:p050:b00,real,adult:e382adaf8094376895ee5d67:0000,951
bag:adult:GaussianCopula:s42:test:p050:b00,real,adult:8ea1ab2e09e808555e137011:0000,952
bag:adult:GaussianCopula:s42:test:p050:b00,synthetic,syn:adult:GaussianCopula:S_final_test:2090ae2f2b8f6ff63c7a9cb6,953
bag:adult:GaussianCopula:s42:test:p050:b00,synthetic,syn:adult:GaussianCopula:S_final_test:f9095e592a47d7829e4ef7ee,954
bag:adult:GaussianCopula:s42:test:p050:b00,synthetic,syn:adult:GaussianCopula:S_final_test:0ec815a1cb72a168f26b30b4,955
bag:adult:GaussianCopula:s42:test:p050:b00,synthetic,syn:adult:GaussianCopula:S_final_test:61c651195436049cacda2769,956
bag:adult:GaussianCopula:s42:test:p050:b00,synthetic,syn:adult:GaussianCopula:S_final_test:f71d350b19481bb4d75070fb,957
bag:adult:GaussianCopula:s42:test:p050:b00,real,adult:bc0dae1879d46f0fcf20fc22:0000,958
bag:adult:GaussianCopula:s42:test:p050:b00,synthetic,syn:adult:GaussianCopula:S_final_test:27b780f60281b22d2cdbf165,959
bag:adult:GaussianCopula:s42:test:p050:b00,real,adult:575a1f9efe95b8ba3a2a5d3b:0000,960
bag:adult:GaussianCopula:s42:test:p050:b00,real,adult:d5555833e1b7835f679cab49:0000,961
bag:adult:GaussianCopula:s42:test:p050:b00,real,adult:84626917e38d5d3ce0a9638b:0000,962
bag:adult:GaussianCopula:s42:test:p050:b00,synthetic,syn:adult:GaussianCopula:S_final_test:8d066109d0af74a2598d5e0d,963
bag:adult:GaussianCopula:s42:test:p050:b00,real,adult:a98738e025de0d0cd22b0949:0000,964
bag:adult:GaussianCopula:s42:test:p050:b00,synthetic,syn:adult:GaussianCopula:S_final_test:bfe978ddf641decfd5a06650,965
bag:adult:GaussianCopula:s42:test:p050:b00,synthetic,syn:adult:GaussianCopula:S_final_test:9fe4acd6157aeba6c8e5fc85,966
bag:adult:GaussianCopula:s42:test:p050:b00,synthetic,syn:adult:GaussianCopula:S_final_test:626a975c1403ee89b98a013e,967
bag:adult:GaussianCopula:s42:test:p050:b00,real,adult:849ffb3ac0019259e3b51aee:0000,968
bag:adult:GaussianCopula:s42:test:p050:b00,real,adult:9fd39c1dbf49acb8c4d08cc2:0000,969
bag:adult:GaussianCopula:s42:test:p050:b00,real,adult:95e6565b76b2122a231176f9:0000,970
bag:adult:GaussianCopula:s42:test:p050:b00,synthetic,syn:adult:GaussianCopula:S_final_test:3f92a480e6c0b3d722797f89,971
bag:adult:GaussianCopula:s42:test:p050:b00,real,adult:4344746a1528032809681d70:0000,972
bag:adult:GaussianCopula:s42:test:p050:b00,real,adult:2f805e0434c1dc6736acbc56:0000,973
bag:adult:GaussianCopula:s42:test:p050:b00,real,adult:03d7528a95be476185e858b7:0000,974
bag:adult:GaussianCopula:s42:test:p050:b00,real,adult:daf3c60321a04ff3c2064125:0000,975
bag:adult:GaussianCopula:s42:test:p050:b00,real,adult:eb61d08520121d724f971126:0000,976
bag:adult:GaussianCopula:s42:test:p050:b00,real,adult:1010255614252d89a8757224:0000,977
bag:adult:GaussianCopula:s42:test:p050:b00,synthetic,syn:adult:GaussianCopula:S_final_test:89eeb2f9247ce968662d1465,978
bag:adult:GaussianCopula:s42:test:p050:b00,real,adult:c6a94c5ce5209f8de1f5829c:0000,979
bag:adult:GaussianCopula:s42:test:p050:b00,real,adult:46b0689ec10de419782ef29b:0000,980
bag:adult:GaussianCopula:s42:test:p050:b00,real,adult:b28bb33c2f54c51d708897e5:0000,981
bag:adult:GaussianCopula:s42:test:p050:b00,synthetic,syn:adult:GaussianCopula:S_final_test:abad2b2bda6788a1775ad57f,982
bag:adult:GaussianCopula:s42:test:p050:b00,synthetic,syn:adult:GaussianCopula:S_final_test:970928c0d75182e7f5a9bfd3,983
bag:adult:GaussianCopula:s42:test:p050:b00,synthetic,syn:adult:GaussianCopula:S_final_test:e42ff91b1f32c2c33c5e8b9c,984
bag:adult:GaussianCopula:s42:test:p050:b00,real,adult:43bfaebd93d465dffdb0e99a:0000,985
bag:adult:GaussianCopula:s42:test:p050:b00,synthetic,syn:adult:GaussianCopula:S_final_test:80677fb816b9b36e5d769e7c,986
bag:adult:GaussianCopula:s42:test:p050:b00,real,adult:3adfe2acb1dce687b64379ae:0000,987
bag:adult:GaussianCopula:s42:test:p050:b00,real,adult:d96623e1f4acd9440d59ad51:0000,988
bag:adult:GaussianCopula:s42:test:p050:b00,real,adult:e430fca28585d86998702817:0000,989
bag:adult:GaussianCopula:s42:test:p050:b00,synthetic,syn:adult:GaussianCopula:S_final_test:7a5d77e9625764e7313f1369,990
bag:adult:GaussianCopula:s42:test:p050:b00,synthetic,syn:adult:GaussianCopula:S_final_test:c6be8fb100b2799f3f771a93,991
bag:adult:GaussianCopula:s42:test:p050:b00,synthetic,syn:adult:GaussianCopula:S_final_test:f147ce82aeb79e59999d6b9d,992
bag:adult:GaussianCopula:s42:test:p050:b00,synthetic,syn:adult:GaussianCopula:S_final_test:5d78c50f97f4a3de4357902c,993
bag:adult:GaussianCopula:s42:test:p050:b00,synthetic,syn:adult:GaussianCopula:S_final_test:5e32447c505ccc02ee40f968,994
bag:adult:GaussianCopula:s42:test:p050:b00,synthetic,syn:adult:GaussianCopula:S_final_test:397910cdedfc12cf7761a5b0,995
bag:adult:GaussianCopula:s42:test:p050:b00,real,adult:0525a4c6dc97d67f84346c48:0000,996
bag:adult:GaussianCopula:s42:test:p050:b00,synthetic,syn:adult:GaussianCopula:S_final_test:f420d0ac61b90661a4947a61,997
bag:adult:GaussianCopula:s42:test:p050:b00,real,adult:4a5af65679cb2b3f9c8eece2:0000,998
bag:adult:GaussianCopula:s42:test:p050:b00,synthetic,syn:adult:GaussianCopula:S_final_test:2708f67d3c382130f8c32674,999
